area_id,area_level,name_tr,parent_id,municipality,medas_code,first_seen,last_seen,source_id
TR-16-001-11331,neighbourhood,Cumhuriyet Mah.,TR-16-001,Büyükorhan Bel.,11331,2013,2025,tuik_medas
TR-16-001-11333,neighbourhood,Hocahasan Mah.,TR-16-001,Büyükorhan Bel.,11333,2013,2025,tuik_medas
TR-16-001-11334,neighbourhood,Orhan Mah.,TR-16-001,Büyükorhan Bel.,11334,2013,2025,tuik_medas
TR-16-001-11335,neighbourhood,Armutçuk Mah.,TR-16-001,Büyükorhan Bel.,11335,2013,2025,tuik_medas
TR-16-001-11336,neighbourhood,İsmetiye Mah.,TR-16-001,Büyükorhan Bel.,11336,2013,2025,tuik_medas
TR-16-001-183535,neighbourhood,Kınık Mah.,TR-16-001,Büyükorhan Bel.,183535,2013,2025,tuik_medas
TR-16-001-183537,neighbourhood,Akçasaz Mah.,TR-16-001,Büyükorhan Bel.,183537,2013,2025,tuik_medas
TR-16-001-183539,neighbourhood,Aktaş Mah.,TR-16-001,Büyükorhan Bel.,183539,2013,2025,tuik_medas
TR-16-001-183541,neighbourhood,Balaban Mah.,TR-16-001,Büyükorhan Bel.,183541,2013,2025,tuik_medas
TR-16-001-183543,neighbourhood,Bayındır Mah.,TR-16-001,Büyükorhan Bel.,183543,2013,2025,tuik_medas
TR-16-001-183545,neighbourhood,Burunca Mah.,TR-16-001,Büyükorhan Bel.,183545,2013,2025,tuik_medas
TR-16-001-183547,neighbourhood,Çakıryenice Mah.,TR-16-001,Büyükorhan Bel.,183547,2013,2025,tuik_medas
TR-16-001-183549,neighbourhood,Çeribaşı Mah.,TR-16-001,Büyükorhan Bel.,183549,2013,2025,tuik_medas
TR-16-001-183551,neighbourhood,Danacılar Mah.,TR-16-001,Büyükorhan Bel.,183551,2013,2025,tuik_medas
TR-16-001-183553,neighbourhood,Danaçalı Mah.,TR-16-001,Büyükorhan Bel.,183553,2013,2025,tuik_medas
TR-16-001-183555,neighbourhood,Demirler Mah.,TR-16-001,Büyükorhan Bel.,183555,2013,2025,tuik_medas
TR-16-001-183557,neighbourhood,Derecik Mah.,TR-16-001,Büyükorhan Bel.,183557,2013,2025,tuik_medas
TR-16-001-183559,neighbourhood,Durhasan Mah.,TR-16-001,Büyükorhan Bel.,183559,2013,2025,tuik_medas
TR-16-001-183561,neighbourhood,Düğüncüler Mah.,TR-16-001,Büyükorhan Bel.,183561,2013,2025,tuik_medas
TR-16-001-183563,neighbourhood,Elekçalı Mah.,TR-16-001,Büyükorhan Bel.,183563,2013,2025,tuik_medas
TR-16-001-183565,neighbourhood,Ericek Mah.,TR-16-001,Büyükorhan Bel.,183565,2013,2025,tuik_medas
TR-16-001-183567,neighbourhood,Gedikler Mah.,TR-16-001,Büyükorhan Bel.,183567,2013,2025,tuik_medas
TR-16-001-183569,neighbourhood,Geynik Mah.,TR-16-001,Büyükorhan Bel.,183569,2013,2025,tuik_medas
TR-16-001-183571,neighbourhood,Hacıahmetler Mah.,TR-16-001,Büyükorhan Bel.,183571,2013,2025,tuik_medas
TR-16-001-183573,neighbourhood,Hacılar Mah.,TR-16-001,Büyükorhan Bel.,183573,2013,2025,tuik_medas
TR-16-001-183575,neighbourhood,Hemşeriler Mah.,TR-16-001,Büyükorhan Bel.,183575,2013,2025,tuik_medas
TR-16-001-183577,neighbourhood,Karaağız Mah.,TR-16-001,Büyükorhan Bel.,183577,2013,2025,tuik_medas
TR-16-001-183579,neighbourhood,Karaçukur Mah.,TR-16-001,Büyükorhan Bel.,183579,2013,2025,tuik_medas
TR-16-001-183581,neighbourhood,Karalar Mah.,TR-16-001,Büyükorhan Bel.,183581,2013,2025,tuik_medas
TR-16-001-183583,neighbourhood,Kayapa Mah.,TR-16-001,Büyükorhan Bel.,183583,2013,2025,tuik_medas
TR-16-001-183585,neighbourhood,Kuşlar Mah.,TR-16-001,Büyükorhan Bel.,183585,2013,2025,tuik_medas
TR-16-001-183587,neighbourhood,Mazlumlar Mah.,TR-16-001,Büyükorhan Bel.,183587,2013,2025,tuik_medas
TR-16-001-183589,neighbourhood,Osmanlar Mah.,TR-16-001,Büyükorhan Bel.,183589,2013,2025,tuik_medas
TR-16-001-183591,neighbourhood,Örencik Mah.,TR-16-001,Büyükorhan Bel.,183591,2013,2025,tuik_medas
TR-16-001-183593,neighbourhood,Özlüce Mah.,TR-16-001,Büyükorhan Bel.,183593,2013,2025,tuik_medas
TR-16-001-183595,neighbourhood,Perçin Mah.,TR-16-001,Büyükorhan Bel.,183595,2013,2025,tuik_medas
TR-16-001-183597,neighbourhood,Pınarköy Mah.,TR-16-001,Büyükorhan Bel.,183597,2013,2025,tuik_medas
TR-16-001-183599,neighbourhood,Pirebeyler Mah.,TR-16-001,Büyükorhan Bel.,183599,2013,2025,tuik_medas
TR-16-001-183601,neighbourhood,Sarnıç Mah.,TR-16-001,Büyükorhan Bel.,183601,2013,2025,tuik_medas
TR-16-001-183603,neighbourhood,Tekerler Mah.,TR-16-001,Büyükorhan Bel.,183603,2013,2025,tuik_medas
TR-16-001-183605,neighbourhood,Bademlik Mah.,TR-16-001,Büyükorhan Bel.,183605,2013,2025,tuik_medas
TR-16-001-183607,neighbourhood,Yenice Mah.,TR-16-001,Büyükorhan Bel.,183607,2013,2025,tuik_medas
TR-16-001-183609,neighbourhood,Zaferiye Mah.,TR-16-001,Büyükorhan Bel.,183609,2013,2025,tuik_medas
TR-16-002-11339,neighbourhood,Ata Mah.,TR-16-002,Gemlik Bel.,11339,2013,2025,tuik_medas
TR-16-002-11340,neighbourhood,Balıkpazarı Mah.,TR-16-002,Gemlik Bel.,11340,2013,2025,tuik_medas
TR-16-002-11342,neighbourhood,Demirsubaşı Mah.,TR-16-002,Gemlik Bel.,11342,2013,2025,tuik_medas
TR-16-002-11343,neighbourhood,Dr.Ziya Kaya Mah.,TR-16-002,Gemlik Bel.,11343,2013,2025,tuik_medas
TR-16-002-11344,neighbourhood,Eşref Dinçer Mah.,TR-16-002,Gemlik Bel.,11344,2013,2025,tuik_medas
TR-16-002-11345,neighbourhood,Halitpaşa Mah.,TR-16-002,Gemlik Bel.,11345,2013,2025,tuik_medas
TR-16-002-11346,neighbourhood,Hamidiye Mah.,TR-16-002,Gemlik Bel.,11346,2013,2025,tuik_medas
TR-16-002-11347,neighbourhood,Hisar Mah.,TR-16-002,Gemlik Bel.,11347,2013,2025,tuik_medas
TR-16-002-11348,neighbourhood,Kayhan Mah.,TR-16-002,Gemlik Bel.,11348,2013,2025,tuik_medas
TR-16-002-11350,neighbourhood,Osmaniye Mah.,TR-16-002,Gemlik Bel.,11350,2013,2025,tuik_medas
TR-16-002-11351,neighbourhood,Yeni Mah.,TR-16-002,Gemlik Bel.,11351,2013,2025,tuik_medas
TR-16-002-11352,neighbourhood,Gençali Mah.,TR-16-002,Gemlik Bel.,11352,2013,2025,tuik_medas
TR-16-002-140853,neighbourhood,Umurbey Mah.,TR-16-002,Gemlik Bel.,140853,2013,2025,tuik_medas
TR-16-002-140855,neighbourhood,Kurşunlu Mah.,TR-16-002,Gemlik Bel.,140855,2013,2025,tuik_medas
TR-16-002-140857,neighbourhood,Küçükkumla Mah.,TR-16-002,Gemlik Bel.,140857,2013,2025,tuik_medas
TR-16-002-140861,neighbourhood,Kumla Mah.,TR-16-002,Gemlik Bel.,140861,2013,2025,tuik_medas
TR-16-002-183611,neighbourhood,Adliye Mah.,TR-16-002,Gemlik Bel.,183611,2013,2025,tuik_medas
TR-16-002-183613,neighbourhood,Büyükkumla Mah.,TR-16-002,Gemlik Bel.,183613,2013,2025,tuik_medas
TR-16-002-183615,neighbourhood,Cihatlı Mah.,TR-16-002,Gemlik Bel.,183615,2013,2025,tuik_medas
TR-16-002-183617,neighbourhood,Engürücük Mah.,TR-16-002,Gemlik Bel.,183617,2013,2025,tuik_medas
TR-16-002-183619,neighbourhood,Feyziye Mah.,TR-16-002,Gemlik Bel.,183619,2013,2025,tuik_medas
TR-16-002-183621,neighbourhood,Fındıcak Mah.,TR-16-002,Gemlik Bel.,183621,2013,2025,tuik_medas
TR-16-002-183623,neighbourhood,Güvenli Mah.,TR-16-002,Gemlik Bel.,183623,2013,2025,tuik_medas
TR-16-002-183625,neighbourhood,Hamidiyeköy Mah.,TR-16-002,Gemlik Bel.,183625,2013,2025,tuik_medas
TR-16-002-183627,neighbourhood,Haydariye Mah.,TR-16-002,Gemlik Bel.,183627,2013,2025,tuik_medas
TR-16-002-183629,neighbourhood,Karacaali Mah.,TR-16-002,Gemlik Bel.,183629,2013,2025,tuik_medas
TR-16-002-183631,neighbourhood,Katırlı Mah.,TR-16-002,Gemlik Bel.,183631,2013,2025,tuik_medas
TR-16-002-183633,neighbourhood,Kurtul Mah.,TR-16-002,Gemlik Bel.,183633,2013,2025,tuik_medas
TR-16-002-183635,neighbourhood,Muratoba Mah.,TR-16-002,Gemlik Bel.,183635,2013,2025,tuik_medas
TR-16-002-183637,neighbourhood,Narlı Mah.,TR-16-002,Gemlik Bel.,183637,2013,2025,tuik_medas
TR-16-002-183639,neighbourhood,Şahinyurdu Mah.,TR-16-002,Gemlik Bel.,183639,2013,2025,tuik_medas
TR-16-002-183641,neighbourhood,Şükriye Mah.,TR-16-002,Gemlik Bel.,183641,2013,2025,tuik_medas
TR-16-002-183643,neighbourhood,Yeniköy Mah.,TR-16-002,Gemlik Bel.,183643,2013,2025,tuik_medas
TR-16-002-196385,neighbourhood,Cumhuriyet Mah.,TR-16-002,Gemlik Bel.,196385,2013,2025,tuik_medas
TR-16-002-196387,neighbourhood,Orhaniye Mah.,TR-16-002,Gemlik Bel.,196387,2013,2025,tuik_medas
TR-16-003-11362,neighbourhood,İstiklal Mah.,TR-16-003,Gürsu Bel.,11362,2013,2025,tuik_medas
TR-16-003-11363,neighbourhood,Kurtuluş Mah.,TR-16-003,Gürsu Bel.,11363,2013,2025,tuik_medas
TR-16-003-11364,neighbourhood,Yenidoğan Mah.,TR-16-003,Gürsu Bel.,11364,2013,2025,tuik_medas
TR-16-003-11365,neighbourhood,Zafer Mah.,TR-16-003,Gürsu Bel.,11365,2013,2025,tuik_medas
TR-16-003-11366,neighbourhood,Adaköy Mah.,TR-16-003,Gürsu Bel.,11366,2013,2025,tuik_medas
TR-16-003-11367,neighbourhood,Ağaköy Mah.,TR-16-003,Gürsu Bel.,11367,2013,2025,tuik_medas
TR-16-003-11368,neighbourhood,Hasanköy Mah.,TR-16-003,Gürsu Bel.,11368,2013,2025,tuik_medas
TR-16-003-11369,neighbourhood,Kumlukalan Mah.,TR-16-003,Gürsu Bel.,11369,2013,2025,tuik_medas
TR-16-003-183645,neighbourhood,Canbazlarköyü Mah.,TR-16-003,Gürsu Bel.,183645,2013,2025,tuik_medas
TR-16-003-183647,neighbourhood,Dışkayaköyü Mah.,TR-16-003,Gürsu Bel.,183647,2013,2025,tuik_medas
TR-16-003-183649,neighbourhood,Ericekköyü Mah.,TR-16-003,Gürsu Bel.,183649,2013,2025,tuik_medas
TR-16-003-183651,neighbourhood,İğdirköyü Mah.,TR-16-003,Gürsu Bel.,183651,2013,2025,tuik_medas
TR-16-003-183653,neighbourhood,Karahıdırköyü Mah.,TR-16-003,Gürsu Bel.,183653,2013,2025,tuik_medas
TR-16-003-183655,neighbourhood,Kazıklıköyü Mah.,TR-16-003,Gürsu Bel.,183655,2013,2025,tuik_medas
TR-16-003-197753,neighbourhood,İpekyolu Mah.,TR-16-003,Gürsu Bel.,197753,2025,2025,tuik_medas
TR-16-004-11372,neighbourhood,Çamoğlu Mah.,TR-16-004,Harmancık Bel.,11372,2013,2025,tuik_medas
TR-16-004-11373,neighbourhood,Ece Mah.,TR-16-004,Harmancık Bel.,11373,2013,2025,tuik_medas
TR-16-004-11374,neighbourhood,Merkez Mah.,TR-16-004,Harmancık Bel.,11374,2013,2025,tuik_medas
TR-16-004-11375,neighbourhood,Saçaklı Mah.,TR-16-004,Harmancık Bel.,11375,2013,2025,tuik_medas
TR-16-004-11376,neighbourhood,Kepekdere Mah.,TR-16-004,Harmancık Bel.,11376,2013,2025,tuik_medas
TR-16-004-11377,neighbourhood,Kılavuzlar Mah.,TR-16-004,Harmancık Bel.,11377,2013,2025,tuik_medas
TR-16-004-11378,neighbourhood,Yayabaşı Mah.,TR-16-004,Harmancık Bel.,11378,2013,2025,tuik_medas
TR-16-004-11379,neighbourhood,Ballısaray Mah.,TR-16-004,Harmancık Bel.,11379,2013,2025,tuik_medas
TR-16-004-11380,neighbourhood,Karaca Mah.,TR-16-004,Harmancık Bel.,11380,2013,2025,tuik_medas
TR-16-004-183657,neighbourhood,Akpınar Mah.,TR-16-004,Harmancık Bel.,183657,2013,2025,tuik_medas
TR-16-004-183659,neighbourhood,Alutca Mah.,TR-16-004,Harmancık Bel.,183659,2013,2025,tuik_medas
TR-16-004-183661,neighbourhood,Balatdanişment Mah.,TR-16-004,Harmancık Bel.,183661,2013,2025,tuik_medas
TR-16-004-183663,neighbourhood,Bekdemirler Mah.,TR-16-004,Harmancık Bel.,183663,2013,2025,tuik_medas
TR-16-004-183665,neighbourhood,Çakmak Mah.,TR-16-004,Harmancık Bel.,183665,2013,2025,tuik_medas
TR-16-004-183667,neighbourhood,Çatalsöğüt Mah.,TR-16-004,Harmancık Bel.,183667,2013,2025,tuik_medas
TR-16-004-183669,neighbourhood,Dedebali Mah.,TR-16-004,Harmancık Bel.,183669,2013,2025,tuik_medas
TR-16-004-183671,neighbourhood,Delicegüney Mah.,TR-16-004,Harmancık Bel.,183671,2013,2025,tuik_medas
TR-16-004-183673,neighbourhood,Dutluca Mah.,TR-16-004,Harmancık Bel.,183673,2013,2025,tuik_medas
TR-16-004-183675,neighbourhood,Gedikören Mah.,TR-16-004,Harmancık Bel.,183675,2013,2025,tuik_medas
TR-16-004-183677,neighbourhood,Gökçeler Mah.,TR-16-004,Harmancık Bel.,183677,2013,2025,tuik_medas
TR-16-004-183679,neighbourhood,Gülözü Mah.,TR-16-004,Harmancık Bel.,183679,2013,2025,tuik_medas
TR-16-004-183681,neighbourhood,Harmancık Akalan Mah.,TR-16-004,Harmancık Bel.,183681,2013,2025,tuik_medas
TR-16-004-183683,neighbourhood,Hopandanişment Mah.,TR-16-004,Harmancık Bel.,183683,2013,2025,tuik_medas
TR-16-004-183685,neighbourhood,Ilıcaksu Mah.,TR-16-004,Harmancık Bel.,183685,2013,2025,tuik_medas
TR-16-004-183687,neighbourhood,İshaklar Mah.,TR-16-004,Harmancık Bel.,183687,2013,2025,tuik_medas
TR-16-004-183689,neighbourhood,Kışmanlar Mah.,TR-16-004,Harmancık Bel.,183689,2013,2025,tuik_medas
TR-16-004-183691,neighbourhood,Kocapınar Mah.,TR-16-004,Harmancık Bel.,183691,2013,2025,tuik_medas
TR-16-004-183693,neighbourhood,Kozluca Mah.,TR-16-004,Harmancık Bel.,183693,2013,2025,tuik_medas
TR-16-004-183695,neighbourhood,Nalbant Mah.,TR-16-004,Harmancık Bel.,183695,2013,2025,tuik_medas
TR-16-004-183697,neighbourhood,Okçular Mah.,TR-16-004,Harmancık Bel.,183697,2013,2025,tuik_medas
TR-16-004-183699,neighbourhood,Yeşilyurt Mah.,TR-16-004,Harmancık Bel.,183699,2013,2025,tuik_medas
TR-16-005-11381,neighbourhood,Burhaniye Mah.,TR-16-005,İnegöl Bel.,11381,2013,2025,tuik_medas
TR-16-005-11382,neighbourhood,Cuma Mah.,TR-16-005,İnegöl Bel.,11382,2013,2025,tuik_medas
TR-16-005-11383,neighbourhood,Hamidiye Mah.,TR-16-005,İnegöl Bel.,11383,2013,2025,tuik_medas
TR-16-005-11384,neighbourhood,Kemalpaşa Mah.,TR-16-005,İnegöl Bel.,11384,2013,2025,tuik_medas
TR-16-005-11385,neighbourhood,Mahmudiye Mah.,TR-16-005,İnegöl Bel.,11385,2013,2025,tuik_medas
TR-16-005-11386,neighbourhood,Mesudiye Mah.,TR-16-005,İnegöl Bel.,11386,2013,2025,tuik_medas
TR-16-005-11387,neighbourhood,Orhaniye Mah.,TR-16-005,İnegöl Bel.,11387,2013,2025,tuik_medas
TR-16-005-11388,neighbourhood,Osmaniye Mah.,TR-16-005,İnegöl Bel.,11388,2013,2025,tuik_medas
TR-16-005-11389,neighbourhood,Sinanbey Mah.,TR-16-005,İnegöl Bel.,11389,2013,2025,tuik_medas
TR-16-005-11390,neighbourhood,Süleymaniye Mah.,TR-16-005,İnegöl Bel.,11390,2013,2025,tuik_medas
TR-16-005-11391,neighbourhood,Turgutalp Mah.,TR-16-005,İnegöl Bel.,11391,2013,2025,tuik_medas
TR-16-005-11392,neighbourhood,Yenice Mah.,TR-16-005,İnegöl Bel.,11392,2013,2025,tuik_medas
TR-16-005-11393,neighbourhood,Huzur Mah.,TR-16-005,İnegöl Bel.,11393,2013,2025,tuik_medas
TR-16-005-11394,neighbourhood,Akhisar Mah.,TR-16-005,İnegöl Bel.,11394,2013,2025,tuik_medas
TR-16-005-11396,neighbourhood,Cumhuriyet Mah.,TR-16-005,İnegöl Bel.,11396,2013,2025,tuik_medas
TR-16-005-11397,neighbourhood,Esentepe Mah.,TR-16-005,İnegöl Bel.,11397,2013,2025,tuik_medas
TR-16-005-11398,neighbourhood,Fatih Mah.,TR-16-005,İnegöl Bel.,11398,2013,2025,tuik_medas
TR-16-005-11399,neighbourhood,Ertuğrulgazi Mah.,TR-16-005,İnegöl Bel.,11399,2013,2025,tuik_medas
TR-16-005-11400,neighbourhood,Yeni Mah.,TR-16-005,İnegöl Bel.,11400,2013,2025,tuik_medas
TR-16-005-11401,neighbourhood,Yunusemre Mah.,TR-16-005,İnegöl Bel.,11401,2013,2025,tuik_medas
TR-16-005-183701,neighbourhood,Cerrah Mah.,TR-16-005,İnegöl Bel.,183701,2013,2025,tuik_medas
TR-16-005-183703,neighbourhood,Kurşunlu Mah.,TR-16-005,İnegöl Bel.,183703,2013,2025,tuik_medas
TR-16-005-183705,neighbourhood,Yeniceköy Mah.,TR-16-005,İnegöl Bel.,183705,2013,2025,tuik_medas
TR-16-005-183707,neighbourhood,Tahtaköprü Mah.,TR-16-005,İnegöl Bel.,183707,2013,2025,tuik_medas
TR-16-005-183709,neighbourhood,Akbaşlar Mah.,TR-16-005,İnegöl Bel.,183709,2013,2025,tuik_medas
TR-16-005-183711,neighbourhood,Akıncılar Mah.,TR-16-005,İnegöl Bel.,183711,2013,2025,tuik_medas
TR-16-005-183713,neighbourhood,Alibey Mah.,TR-16-005,İnegöl Bel.,183713,2013,2025,tuik_medas
TR-16-005-183715,neighbourhood,Babaoğlu Mah.,TR-16-005,İnegöl Bel.,183715,2013,2025,tuik_medas
TR-16-005-183717,neighbourhood,Bahariye Mah.,TR-16-005,İnegöl Bel.,183717,2013,2025,tuik_medas
TR-16-005-183719,neighbourhood,Bayramşah Mah.,TR-16-005,İnegöl Bel.,183719,2013,2025,tuik_medas
TR-16-005-183721,neighbourhood,Bilalköy Mah.,TR-16-005,İnegöl Bel.,183721,2013,2025,tuik_medas
TR-16-005-183723,neighbourhood,Boğazköy Mah.,TR-16-005,İnegöl Bel.,183723,2013,2025,tuik_medas
TR-16-005-183725,neighbourhood,Çavuşköy Mah.,TR-16-005,İnegöl Bel.,183725,2013,2025,tuik_medas
TR-16-005-183727,neighbourhood,Çaylıca Mah.,TR-16-005,İnegöl Bel.,183727,2013,2025,tuik_medas
TR-16-005-183729,neighbourhood,Çayyaka Mah.,TR-16-005,İnegöl Bel.,183729,2013,2025,tuik_medas
TR-16-005-183731,neighbourhood,Çeltikçi Mah.,TR-16-005,İnegöl Bel.,183731,2013,2025,tuik_medas
TR-16-005-183733,neighbourhood,Çiftlikköy Mah.,TR-16-005,İnegöl Bel.,183733,2013,2025,tuik_medas
TR-16-005-183735,neighbourhood,Çitli Mah.,TR-16-005,İnegöl Bel.,183735,2013,2025,tuik_medas
TR-16-005-183737,neighbourhood,Deydinler Mah.,TR-16-005,İnegöl Bel.,183737,2013,2025,tuik_medas
TR-16-005-183739,neighbourhood,Dipsizgöl Mah.,TR-16-005,İnegöl Bel.,183739,2013,2025,tuik_medas
TR-16-005-183741,neighbourhood,Doğanyurdu Mah.,TR-16-005,İnegöl Bel.,183741,2013,2025,tuik_medas
TR-16-005-183743,neighbourhood,Dömez Mah.,TR-16-005,İnegöl Bel.,183743,2013,2025,tuik_medas
TR-16-005-183745,neighbourhood,Edebey Mah.,TR-16-005,İnegöl Bel.,183745,2013,2025,tuik_medas
TR-16-005-183747,neighbourhood,Elmaçayır Mah.,TR-16-005,İnegöl Bel.,183747,2013,2025,tuik_medas
TR-16-005-183749,neighbourhood,Esenköy Mah.,TR-16-005,İnegöl Bel.,183749,2013,2025,tuik_medas
TR-16-005-183751,neighbourhood,Eskiköy Mah.,TR-16-005,İnegöl Bel.,183751,2013,2025,tuik_medas
TR-16-005-183753,neighbourhood,Eymir Mah.,TR-16-005,İnegöl Bel.,183753,2013,2025,tuik_medas
TR-16-005-183755,neighbourhood,Fevziye Mah.,TR-16-005,İnegöl Bel.,183755,2013,2025,tuik_medas
TR-16-005-183757,neighbourhood,Fındıklı Mah.,TR-16-005,İnegöl Bel.,183757,2013,2025,tuik_medas
TR-16-005-183759,neighbourhood,Gülbahçe Mah.,TR-16-005,İnegöl Bel.,183759,2013,2025,tuik_medas
TR-16-005-183761,neighbourhood,Güzelyurt Mah.,TR-16-005,İnegöl Bel.,183761,2013,2025,tuik_medas
TR-16-005-183763,neighbourhood,Halhalca Mah.,TR-16-005,İnegöl Bel.,183763,2013,2025,tuik_medas
TR-16-005-183765,neighbourhood,Hamamlı Mah.,TR-16-005,İnegöl Bel.,183765,2013,2025,tuik_medas
TR-16-005-183767,neighbourhood,Gazelli Mah.,TR-16-005,İnegöl Bel.,183767,2013,2025,tuik_medas
TR-16-005-183769,neighbourhood,Hamitabat Mah.,TR-16-005,İnegöl Bel.,183769,2013,2025,tuik_medas
TR-16-005-183771,neighbourhood,Hamzabey Mah.,TR-16-005,İnegöl Bel.,183771,2013,2025,tuik_medas
TR-16-005-183773,neighbourhood,Hasanpaşa Mah.,TR-16-005,İnegöl Bel.,183773,2013,2025,tuik_medas
TR-16-005-183775,neighbourhood,Hayriye Mah.,TR-16-005,İnegöl Bel.,183775,2013,2025,tuik_medas
TR-16-005-183777,neighbourhood,Hocaköy Mah.,TR-16-005,İnegöl Bel.,183777,2013,2025,tuik_medas
TR-16-005-183779,neighbourhood,İclaliye Mah.,TR-16-005,İnegöl Bel.,183779,2013,2025,tuik_medas
TR-16-005-183781,neighbourhood,Tuzla Mah.,TR-16-005,İnegöl Bel.,183781,2013,2025,tuik_medas
TR-16-005-183783,neighbourhood,İsaören Mah.,TR-16-005,İnegöl Bel.,183783,2013,2025,tuik_medas
TR-16-005-183785,neighbourhood,Cemiyet Mah.,TR-16-005,İnegöl Bel.,183785,2013,2025,tuik_medas
TR-16-005-183787,neighbourhood,Karagölet Mah.,TR-16-005,İnegöl Bel.,183787,2013,2025,tuik_medas
TR-16-005-183789,neighbourhood,Karahasanlar Mah.,TR-16-005,İnegöl Bel.,183789,2013,2025,tuik_medas
TR-16-005-183791,neighbourhood,Karakadı Mah.,TR-16-005,İnegöl Bel.,183791,2013,2025,tuik_medas
TR-16-005-183793,neighbourhood,Karalar Mah.,TR-16-005,İnegöl Bel.,183793,2013,2025,tuik_medas
TR-16-005-183795,neighbourhood,Kayapınar Mah.,TR-16-005,İnegöl Bel.,183795,2013,2025,tuik_medas
TR-16-005-183797,neighbourhood,Kestanealanı Mah.,TR-16-005,İnegöl Bel.,183797,2013,2025,tuik_medas
TR-16-005-183799,neighbourhood,Kınık Mah.,TR-16-005,İnegöl Bel.,183799,2013,2025,tuik_medas
TR-16-005-183801,neighbourhood,Kıran Mah.,TR-16-005,İnegöl Bel.,183801,2013,2025,tuik_medas
TR-16-005-183803,neighbourhood,Konurlar Mah.,TR-16-005,İnegöl Bel.,183803,2013,2025,tuik_medas
TR-16-005-183805,neighbourhood,Kozluca Mah.,TR-16-005,İnegöl Bel.,183805,2013,2025,tuik_medas
TR-16-005-183807,neighbourhood,Kulaca Mah.,TR-16-005,İnegöl Bel.,183807,2013,2025,tuik_medas
TR-16-005-183809,neighbourhood,Küçükyenice Mah.,TR-16-005,İnegöl Bel.,183809,2013,2025,tuik_medas
TR-16-005-183811,neighbourhood,Lütfiye Mah.,TR-16-005,İnegöl Bel.,183811,2013,2025,tuik_medas
TR-16-005-183813,neighbourhood,Madenköy Mah.,TR-16-005,İnegöl Bel.,183813,2013,2025,tuik_medas
TR-16-005-183815,neighbourhood,Muratbey Mah.,TR-16-005,İnegöl Bel.,183815,2013,2025,tuik_medas
TR-16-005-183817,neighbourhood,Olukman Mah.,TR-16-005,İnegöl Bel.,183817,2013,2025,tuik_medas
TR-16-005-183819,neighbourhood,Ortaköy Mah.,TR-16-005,İnegöl Bel.,183819,2013,2025,tuik_medas
TR-16-005-183821,neighbourhood,Özlüce Mah.,TR-16-005,İnegöl Bel.,183821,2013,2025,tuik_medas
TR-16-005-183823,neighbourhood,Paşaören Mah.,TR-16-005,İnegöl Bel.,183823,2013,2025,tuik_medas
TR-16-005-183825,neighbourhood,Sarıpınar Mah.,TR-16-005,İnegöl Bel.,183825,2013,2025,tuik_medas
TR-16-005-183827,neighbourhood,Soğukdere Mah.,TR-16-005,İnegöl Bel.,183827,2013,2025,tuik_medas
TR-16-005-183829,neighbourhood,Sungurpaşa Mah.,TR-16-005,İnegöl Bel.,183829,2013,2025,tuik_medas
TR-16-005-183831,neighbourhood,Süle Mah.,TR-16-005,İnegöl Bel.,183831,2013,2025,tuik_medas
TR-16-005-183833,neighbourhood,Sülüklügöl Mah.,TR-16-005,İnegöl Bel.,183833,2013,2025,tuik_medas
TR-16-005-183835,neighbourhood,Süpürtü Mah.,TR-16-005,İnegöl Bel.,183835,2013,2025,tuik_medas
TR-16-005-183837,neighbourhood,Şehitler Mah.,TR-16-005,İnegöl Bel.,183837,2013,2025,tuik_medas
TR-16-005-183839,neighbourhood,Şipali Mah.,TR-16-005,İnegöl Bel.,183839,2013,2025,tuik_medas
TR-16-005-183841,neighbourhood,Tekkeköy Mah.,TR-16-005,İnegöl Bel.,183841,2013,2025,tuik_medas
TR-16-005-183843,neighbourhood,Tokuş Mah.,TR-16-005,İnegöl Bel.,183843,2013,2025,tuik_medas
TR-16-005-183845,neighbourhood,Turgutalpköy Mah.,TR-16-005,İnegöl Bel.,183845,2013,2025,tuik_medas
TR-16-005-183847,neighbourhood,Yeniyörük Mah.,TR-16-005,İnegöl Bel.,183847,2013,2025,tuik_medas
TR-16-005-183849,neighbourhood,Yiğit Mah.,TR-16-005,İnegöl Bel.,183849,2013,2025,tuik_medas
TR-16-005-183851,neighbourhood,Aşağıballık Mah.,TR-16-005,İnegöl Bel.,183851,2013,2025,tuik_medas
TR-16-005-183853,neighbourhood,Bahçekaya Mah.,TR-16-005,İnegöl Bel.,183853,2013,2025,tuik_medas
TR-16-005-183855,neighbourhood,Eskikaracakaya Mah.,TR-16-005,İnegöl Bel.,183855,2013,2025,tuik_medas
TR-16-005-183857,neighbourhood,Gedikpınar Mah.,TR-16-005,İnegöl Bel.,183857,2013,2025,tuik_medas
TR-16-005-183859,neighbourhood,Gündüzlü Mah.,TR-16-005,İnegöl Bel.,183859,2013,2025,tuik_medas
TR-16-005-183861,neighbourhood,Güneykestane Mah.,TR-16-005,İnegöl Bel.,183861,2013,2025,tuik_medas
TR-16-005-183863,neighbourhood,Hacıkara Mah.,TR-16-005,İnegöl Bel.,183863,2013,2025,tuik_medas
TR-16-005-183865,neighbourhood,Hilmiye Mah.,TR-16-005,İnegöl Bel.,183865,2013,2025,tuik_medas
TR-16-005-183867,neighbourhood,İhsaniye Mah.,TR-16-005,İnegöl Bel.,183867,2013,2025,tuik_medas
TR-16-005-183869,neighbourhood,Kocakonak Mah.,TR-16-005,İnegöl Bel.,183869,2013,2025,tuik_medas
TR-16-005-183871,neighbourhood,Eski Bahçekaya Mah.,TR-16-005,İnegöl Bel.,183871,2013,2025,tuik_medas
TR-16-005-183873,neighbourhood,Mezit Mah.,TR-16-005,İnegöl Bel.,183873,2013,2025,tuik_medas
TR-16-005-183875,neighbourhood,Osmaniyeköy Mah.,TR-16-005,İnegöl Bel.,183875,2013,2025,tuik_medas
TR-16-005-183877,neighbourhood,Rüştiye Mah.,TR-16-005,İnegöl Bel.,183877,2013,2025,tuik_medas
TR-16-005-183879,neighbourhood,Saadet Mah.,TR-16-005,İnegöl Bel.,183879,2013,2025,tuik_medas
TR-16-005-183881,neighbourhood,Sulhiye Mah.,TR-16-005,İnegöl Bel.,183881,2013,2025,tuik_medas
TR-16-005-183883,neighbourhood,Sultaniye Mah.,TR-16-005,İnegöl Bel.,183883,2013,2025,tuik_medas
TR-16-005-183885,neighbourhood,Tüfekçikonak Mah.,TR-16-005,İnegöl Bel.,183885,2013,2025,tuik_medas
TR-16-005-183887,neighbourhood,Yeniköy Mah.,TR-16-005,İnegöl Bel.,183887,2013,2025,tuik_medas
TR-16-005-183889,neighbourhood,Yukarıballık Mah.,TR-16-005,İnegöl Bel.,183889,2013,2025,tuik_medas
TR-16-005-196591,neighbourhood,Baykoca Mah.,TR-16-005,İnegöl Bel.,196591,2025,2025,tuik_medas
TR-16-006-11415,neighbourhood,Beyler Mah.,TR-16-006,İznik Bel.,11415,2013,2025,tuik_medas
TR-16-006-11416,neighbourhood,Eşrefzade Mah.,TR-16-006,İznik Bel.,11416,2013,2025,tuik_medas
TR-16-006-11417,neighbourhood,Mahmut Çelebi Mah.,TR-16-006,İznik Bel.,11417,2013,2025,tuik_medas
TR-16-006-11418,neighbourhood,Mustafa Kemal Paşa Mah.,TR-16-006,İznik Bel.,11418,2013,2025,tuik_medas
TR-16-006-11419,neighbourhood,Selçuk Mah.,TR-16-006,İznik Bel.,11419,2013,2025,tuik_medas
TR-16-006-11420,neighbourhood,Yeni Mah.,TR-16-006,İznik Bel.,11420,2013,2025,tuik_medas
TR-16-006-11421,neighbourhood,Yeşil Camii Mah.,TR-16-006,İznik Bel.,11421,2013,2025,tuik_medas
TR-16-006-183891,neighbourhood,Boyalıca Mah.,TR-16-006,İznik Bel.,183891,2013,2025,tuik_medas
TR-16-006-183893,neighbourhood,Elbeyli Mah.,TR-16-006,İznik Bel.,183893,2013,2025,tuik_medas
TR-16-006-183895,neighbourhood,Aydınlar Mah.,TR-16-006,İznik Bel.,183895,2013,2025,tuik_medas
TR-16-006-183897,neighbourhood,Bayındır Mah.,TR-16-006,İznik Bel.,183897,2013,2025,tuik_medas
TR-16-006-183899,neighbourhood,Çakırca Mah.,TR-16-006,İznik Bel.,183899,2013,2025,tuik_medas
TR-16-006-183901,neighbourhood,Çamdibi Mah.,TR-16-006,İznik Bel.,183901,2013,2025,tuik_medas
TR-16-006-183903,neighbourhood,Çamoluk Mah.,TR-16-006,İznik Bel.,183903,2013,2025,tuik_medas
TR-16-006-183905,neighbourhood,Candarlı Mah.,TR-16-006,İznik Bel.,183905,2013,2025,tuik_medas
TR-16-006-183907,neighbourhood,Çiçekli Mah.,TR-16-006,İznik Bel.,183907,2013,2025,tuik_medas
TR-16-006-183909,neighbourhood,Müşküle Mah.,TR-16-006,İznik Bel.,183909,2013,2025,tuik_medas
TR-16-006-183911,neighbourhood,Derbent Mah.,TR-16-006,İznik Bel.,183911,2013,2025,tuik_medas
TR-16-006-183913,neighbourhood,Dereköy Mah.,TR-16-006,İznik Bel.,183913,2013,2025,tuik_medas
TR-16-006-183915,neighbourhood,Dırazali Mah.,TR-16-006,İznik Bel.,183915,2013,2025,tuik_medas
TR-16-006-183917,neighbourhood,Elmalı Mah.,TR-16-006,İznik Bel.,183917,2013,2025,tuik_medas
TR-16-006-183919,neighbourhood,Göllüce Mah.,TR-16-006,İznik Bel.,183919,2013,2025,tuik_medas
TR-16-006-183921,neighbourhood,Gürmüzlü Mah.,TR-16-006,İznik Bel.,183921,2013,2025,tuik_medas
TR-16-006-183923,neighbourhood,Hacıosman Mah.,TR-16-006,İznik Bel.,183923,2013,2025,tuik_medas
TR-16-006-183925,neighbourhood,Hisardere Mah.,TR-16-006,İznik Bel.,183925,2013,2025,tuik_medas
TR-16-006-183927,neighbourhood,Hocaköy Mah.,TR-16-006,İznik Bel.,183927,2013,2025,tuik_medas
TR-16-006-183929,neighbourhood,İhsaniye Mah.,TR-16-006,İznik Bel.,183929,2013,2025,tuik_medas
TR-16-006-183931,neighbourhood,İnikli Mah.,TR-16-006,İznik Bel.,183931,2013,2025,tuik_medas
TR-16-006-183933,neighbourhood,Karatekin Mah.,TR-16-006,İznik Bel.,183933,2013,2025,tuik_medas
TR-16-006-183935,neighbourhood,Kaynarca Mah.,TR-16-006,İznik Bel.,183935,2013,2025,tuik_medas
TR-16-006-183937,neighbourhood,Kırıntı Mah.,TR-16-006,İznik Bel.,183937,2013,2025,tuik_medas
TR-16-006-183939,neighbourhood,Kutluca Mah.,TR-16-006,İznik Bel.,183939,2013,2025,tuik_medas
TR-16-006-183941,neighbourhood,Mahmudiye Mah.,TR-16-006,İznik Bel.,183941,2013,2025,tuik_medas
TR-16-006-183943,neighbourhood,Mecidiye Mah.,TR-16-006,İznik Bel.,183943,2013,2025,tuik_medas
TR-16-006-183945,neighbourhood,Mustafalı Mah.,TR-16-006,İznik Bel.,183945,2013,2025,tuik_medas
TR-16-006-183947,neighbourhood,Çampınar Mah.,TR-16-006,İznik Bel.,183947,2013,2025,tuik_medas
TR-16-006-183949,neighbourhood,Orhaniye Mah.,TR-16-006,İznik Bel.,183949,2013,2025,tuik_medas
TR-16-006-183951,neighbourhood,Osmaniye Mah.,TR-16-006,İznik Bel.,183951,2013,2025,tuik_medas
TR-16-006-183953,neighbourhood,Ömerli Mah.,TR-16-006,İznik Bel.,183953,2013,2025,tuik_medas
TR-16-006-183955,neighbourhood,Sansarak Mah.,TR-16-006,İznik Bel.,183955,2013,2025,tuik_medas
TR-16-006-183957,neighbourhood,Sarıağıl Mah.,TR-16-006,İznik Bel.,183957,2013,2025,tuik_medas
TR-16-006-183959,neighbourhood,Süleymaniye Mah.,TR-16-006,İznik Bel.,183959,2013,2025,tuik_medas
TR-16-006-183961,neighbourhood,Şerefiye Mah.,TR-16-006,İznik Bel.,183961,2013,2025,tuik_medas
TR-16-006-183963,neighbourhood,Tacir Mah.,TR-16-006,İznik Bel.,183963,2013,2025,tuik_medas
TR-16-006-183965,neighbourhood,Yenişerefiye Mah.,TR-16-006,İznik Bel.,183965,2013,2025,tuik_medas
TR-16-006-183967,neighbourhood,Yürükler Mah.,TR-16-006,İznik Bel.,183967,2013,2025,tuik_medas
TR-16-007-183969,neighbourhood,Akçakoyun Mah.,TR-16-007,Karacabey Bel.,183969,2013,2025,tuik_medas
TR-16-007-183971,neighbourhood,Akçasusurluk Mah.,TR-16-007,Karacabey Bel.,183971,2013,2025,tuik_medas
TR-16-007-183973,neighbourhood,Akhisar Mah.,TR-16-007,Karacabey Bel.,183973,2013,2025,tuik_medas
TR-16-007-183975,neighbourhood,Arız Mah.,TR-16-007,Karacabey Bel.,183975,2013,2025,tuik_medas
TR-16-007-183977,neighbourhood,Bakırköy Mah.,TR-16-007,Karacabey Bel.,183977,2013,2025,tuik_medas
TR-16-007-183979,neighbourhood,Ballıkaya Mah.,TR-16-007,Karacabey Bel.,183979,2013,2025,tuik_medas
TR-16-007-183981,neighbourhood,Bayramdere Mah.,TR-16-007,Karacabey Bel.,183981,2013,2025,tuik_medas
TR-16-007-183983,neighbourhood,Beylik Mah.,TR-16-007,Karacabey Bel.,183983,2013,2025,tuik_medas
TR-16-007-183985,neighbourhood,Boğazköy Mah.,TR-16-007,Karacabey Bel.,183985,2013,2025,tuik_medas
TR-16-007-183987,neighbourhood,Canbaz Mah.,TR-16-007,Karacabey Bel.,183987,2013,2025,tuik_medas
TR-16-007-183989,neighbourhood,Çamlıca Mah.,TR-16-007,Karacabey Bel.,183989,2013,2025,tuik_medas
TR-16-007-183991,neighbourhood,Çarıkköy Mah.,TR-16-007,Karacabey Bel.,183991,2013,2025,tuik_medas
TR-16-007-183993,neighbourhood,Çavuş Mah.,TR-16-007,Karacabey Bel.,183993,2013,2025,tuik_medas
TR-16-007-183995,neighbourhood,Çeşnigir Mah.,TR-16-007,Karacabey Bel.,183995,2013,2025,tuik_medas
TR-16-007-183997,neighbourhood,Dağesemen Mah.,TR-16-007,Karacabey Bel.,183997,2013,2025,tuik_medas
TR-16-007-183999,neighbourhood,Dağkadı Mah.,TR-16-007,Karacabey Bel.,183999,2013,2025,tuik_medas
TR-16-007-184001,neighbourhood,Danişment Mah.,TR-16-007,Karacabey Bel.,184001,2013,2025,tuik_medas
TR-16-007-184003,neighbourhood,Doğla Mah.,TR-16-007,Karacabey Bel.,184003,2013,2025,tuik_medas
TR-16-007-184005,neighbourhood,Ekinli Mah.,TR-16-007,Karacabey Bel.,184005,2013,2025,tuik_medas
TR-16-007-184007,neighbourhood,Ekmekçi Mah.,TR-16-007,Karacabey Bel.,184007,2013,2025,tuik_medas
TR-16-007-184009,neighbourhood,Eskikaraağaç Mah.,TR-16-007,Karacabey Bel.,184009,2013,2025,tuik_medas
TR-16-007-184011,neighbourhood,Eskisarıbey Mah.,TR-16-007,Karacabey Bel.,184011,2013,2025,tuik_medas
TR-16-007-184013,neighbourhood,Fevzipaşa Mah.,TR-16-007,Karacabey Bel.,184013,2013,2025,tuik_medas
TR-16-007-184015,neighbourhood,Gölecik Mah.,TR-16-007,Karacabey Bel.,184015,2013,2025,tuik_medas
TR-16-007-184017,neighbourhood,Gölkıyı Mah.,TR-16-007,Karacabey Bel.,184017,2013,2025,tuik_medas
TR-16-007-184019,neighbourhood,Gönü Mah.,TR-16-007,Karacabey Bel.,184019,2013,2025,tuik_medas
TR-16-007-184021,neighbourhood,Güngörmez Mah.,TR-16-007,Karacabey Bel.,184021,2013,2025,tuik_medas
TR-16-007-184023,neighbourhood,Ova Hamidiye Mah.,TR-16-007,Karacabey Bel.,184023,2013,2025,tuik_medas
TR-16-007-184025,neighbourhood,Harmanlı Mah.,TR-16-007,Karacabey Bel.,184025,2013,2025,tuik_medas
TR-16-007-184027,neighbourhood,Hayırlar Mah.,TR-16-007,Karacabey Bel.,184027,2013,2025,tuik_medas
TR-16-007-184029,neighbourhood,Hotanlı Mah.,TR-16-007,Karacabey Bel.,184029,2013,2025,tuik_medas
TR-16-007-184031,neighbourhood,Hürriyet Mah.,TR-16-007,Karacabey Bel.,184031,2013,2025,tuik_medas
TR-16-007-184033,neighbourhood,İkizce Mah.,TR-16-007,Karacabey Bel.,184033,2013,2025,tuik_medas
TR-16-007-184035,neighbourhood,İnkaya Mah.,TR-16-007,Karacabey Bel.,184035,2013,2025,tuik_medas
TR-16-007-184037,neighbourhood,İsmetpaşa Mah.,TR-16-007,Karacabey Bel.,184037,2013,2025,tuik_medas
TR-16-007-184039,neighbourhood,Karakoca Mah.,TR-16-007,Karacabey Bel.,184039,2013,2025,tuik_medas
TR-16-007-184041,neighbourhood,Karasu Mah.,TR-16-007,Karacabey Bel.,184041,2013,2025,tuik_medas
TR-16-007-184043,neighbourhood,Kedikaya Mah.,TR-16-007,Karacabey Bel.,184043,2013,2025,tuik_medas
TR-16-007-184045,neighbourhood,Keşlik Mah.,TR-16-007,Karacabey Bel.,184045,2013,2025,tuik_medas
TR-16-007-184047,neighbourhood,Kıranlar Mah.,TR-16-007,Karacabey Bel.,184047,2013,2025,tuik_medas
TR-16-007-184049,neighbourhood,Kulakpınar Mah.,TR-16-007,Karacabey Bel.,184049,2013,2025,tuik_medas
TR-16-007-184051,neighbourhood,Kurşunlu Mah.,TR-16-007,Karacabey Bel.,184051,2013,2025,tuik_medas
TR-16-007-184053,neighbourhood,Küçükkaraağaç Mah.,TR-16-007,Karacabey Bel.,184053,2013,2025,tuik_medas
TR-16-007-184055,neighbourhood,Muratlı Mah.,TR-16-007,Karacabey Bel.,184055,2013,2025,tuik_medas
TR-16-007-184057,neighbourhood,Okçular Mah.,TR-16-007,Karacabey Bel.,184057,2013,2025,tuik_medas
TR-16-007-184059,neighbourhood,Orhaniye Mah.,TR-16-007,Karacabey Bel.,184059,2013,2025,tuik_medas
TR-16-007-184061,neighbourhood,Ortasarıbey Mah.,TR-16-007,Karacabey Bel.,184061,2013,2025,tuik_medas
TR-16-007-184063,neighbourhood,Ovaesemen Mah.,TR-16-007,Karacabey Bel.,184063,2013,2025,tuik_medas
TR-16-007-184065,neighbourhood,Örencik Mah.,TR-16-007,Karacabey Bel.,184065,2013,2025,tuik_medas
TR-16-007-184067,neighbourhood,Sazlıca Mah.,TR-16-007,Karacabey Bel.,184067,2013,2025,tuik_medas
TR-16-007-184069,neighbourhood,Seyran Mah.,TR-16-007,Karacabey Bel.,184069,2013,2025,tuik_medas
TR-16-007-184071,neighbourhood,Subaşı Mah.,TR-16-007,Karacabey Bel.,184071,2013,2025,tuik_medas
TR-16-007-184073,neighbourhood,Sultaniye Mah.,TR-16-007,Karacabey Bel.,184073,2013,2025,tuik_medas
TR-16-007-184075,neighbourhood,Şahinköy Mah.,TR-16-007,Karacabey Bel.,184075,2013,2025,tuik_medas
TR-16-007-184077,neighbourhood,Şahmelek Mah.,TR-16-007,Karacabey Bel.,184077,2013,2025,tuik_medas
TR-16-007-184079,neighbourhood,Taşlık Mah.,TR-16-007,Karacabey Bel.,184079,2013,2025,tuik_medas
TR-16-007-184081,neighbourhood,Taşpınar Mah.,TR-16-007,Karacabey Bel.,184081,2013,2025,tuik_medas
TR-16-007-184083,neighbourhood,Tophisar Mah.,TR-16-007,Karacabey Bel.,184083,2013,2025,tuik_medas
TR-16-007-184085,neighbourhood,Uluabat Mah.,TR-16-007,Karacabey Bel.,184085,2013,2025,tuik_medas
TR-16-007-184087,neighbourhood,Yarış Mah.,TR-16-007,Karacabey Bel.,184087,2013,2025,tuik_medas
TR-16-007-184089,neighbourhood,Yenikaraağaç Mah.,TR-16-007,Karacabey Bel.,184089,2013,2025,tuik_medas
TR-16-007-184091,neighbourhood,Yenisarıbey Mah.,TR-16-007,Karacabey Bel.,184091,2013,2025,tuik_medas
TR-16-007-184093,neighbourhood,Yeşildere Mah.,TR-16-007,Karacabey Bel.,184093,2013,2025,tuik_medas
TR-16-007-184095,neighbourhood,Yolağzı Mah.,TR-16-007,Karacabey Bel.,184095,2013,2025,tuik_medas
TR-16-007-19962,neighbourhood,Abdullahpaşa Mah.,TR-16-007,Karacabey Bel.,19962,2013,2025,tuik_medas
TR-16-007-19963,neighbourhood,Canbalı Mah.,TR-16-007,Karacabey Bel.,19963,2013,2025,tuik_medas
TR-16-007-19964,neighbourhood,Drama Mah.,TR-16-007,Karacabey Bel.,19964,2013,2025,tuik_medas
TR-16-007-19965,neighbourhood,Emirsultan Mah.,TR-16-007,Karacabey Bel.,19965,2013,2025,tuik_medas
TR-16-007-19966,neighbourhood,Esentepe Mah.,TR-16-007,Karacabey Bel.,19966,2013,2025,tuik_medas
TR-16-007-19967,neighbourhood,Garipçe Mah.,TR-16-007,Karacabey Bel.,19967,2013,2025,tuik_medas
TR-16-007-19968,neighbourhood,Gazi Mah.,TR-16-007,Karacabey Bel.,19968,2013,2025,tuik_medas
TR-16-007-19969,neighbourhood,Hamidiye Mah.,TR-16-007,Karacabey Bel.,19969,2013,2025,tuik_medas
TR-16-007-19970,neighbourhood,Hüdavendigar Mah.,TR-16-007,Karacabey Bel.,19970,2013,2025,tuik_medas
TR-16-007-19971,neighbourhood,Karacaahmet Mah.,TR-16-007,Karacabey Bel.,19971,2013,2025,tuik_medas
TR-16-007-19973,neighbourhood,Mamuriyet Mah.,TR-16-007,Karacabey Bel.,19973,2013,2025,tuik_medas
TR-16-007-19974,neighbourhood,Mecidiye Mah.,TR-16-007,Karacabey Bel.,19974,2013,2025,tuik_medas
TR-16-007-19975,neighbourhood,Nasrettin Mah.,TR-16-007,Karacabey Bel.,19975,2013,2025,tuik_medas
TR-16-007-19976,neighbourhood,Runguşpaşa Mah.,TR-16-007,Karacabey Bel.,19976,2013,2025,tuik_medas
TR-16-007-19977,neighbourhood,Saadet Mah.,TR-16-007,Karacabey Bel.,19977,2013,2025,tuik_medas
TR-16-007-19978,neighbourhood,Selimiye Mah.,TR-16-007,Karacabey Bel.,19978,2013,2025,tuik_medas
TR-16-007-19979,neighbourhood,Sırabademler Mah.,TR-16-007,Karacabey Bel.,19979,2013,2025,tuik_medas
TR-16-007-19980,neighbourhood,Tabaklar Mah.,TR-16-007,Karacabey Bel.,19980,2013,2025,tuik_medas
TR-16-007-19981,neighbourhood,Tavşanlı Mah.,TR-16-007,Karacabey Bel.,19981,2013,2025,tuik_medas
TR-16-007-19982,neighbourhood,Yeni Mah.,TR-16-007,Karacabey Bel.,19982,2013,2025,tuik_medas
TR-16-007-19983,neighbourhood,Yenice Mah.,TR-16-007,Karacabey Bel.,19983,2013,2025,tuik_medas
TR-16-008-184097,neighbourhood,Akçapınar Mah.,TR-16-008,Keles Bel.,184097,2013,2025,tuik_medas
TR-16-008-184099,neighbourhood,Alpağut Mah.,TR-16-008,Keles Bel.,184099,2013,2025,tuik_medas
TR-16-008-184101,neighbourhood,Avdan Mah.,TR-16-008,Keles Bel.,184101,2013,2025,tuik_medas
TR-16-008-184103,neighbourhood,Baraklı Mah.,TR-16-008,Keles Bel.,184103,2013,2025,tuik_medas
TR-16-008-184105,neighbourhood,Basak Mah.,TR-16-008,Keles Bel.,184105,2013,2025,tuik_medas
TR-16-008-184107,neighbourhood,Belenören Mah.,TR-16-008,Keles Bel.,184107,2013,2025,tuik_medas
TR-16-008-184109,neighbourhood,Bıyıklıalanı Mah.,TR-16-008,Keles Bel.,184109,2013,2025,tuik_medas
TR-16-008-184111,neighbourhood,Hereke Mah.,TR-16-008,Keles Bel.,184111,2013,2025,tuik_medas
TR-16-008-184113,neighbourhood,Dağ Demirciler Mah.,TR-16-008,Keles Bel.,184113,2013,2025,tuik_medas
TR-16-008-184115,neighbourhood,Dağdibi Mah.,TR-16-008,Keles Bel.,184115,2013,2025,tuik_medas
TR-16-008-184117,neighbourhood,Davutlar Mah.,TR-16-008,Keles Bel.,184117,2013,2025,tuik_medas
TR-16-008-184119,neighbourhood,Dedeler Mah.,TR-16-008,Keles Bel.,184119,2013,2025,tuik_medas
TR-16-008-184121,neighbourhood,Delice Mah.,TR-16-008,Keles Bel.,184121,2013,2025,tuik_medas
TR-16-008-184123,neighbourhood,Denizler Mah.,TR-16-008,Keles Bel.,184123,2013,2025,tuik_medas
TR-16-008-184125,neighbourhood,Durak Mah.,TR-16-008,Keles Bel.,184125,2013,2025,tuik_medas
TR-16-008-184127,neighbourhood,Düvenli Mah.,TR-16-008,Keles Bel.,184127,2013,2025,tuik_medas
TR-16-008-184129,neighbourhood,Epçeler Mah.,TR-16-008,Keles Bel.,184129,2013,2025,tuik_medas
TR-16-008-184131,neighbourhood,Gelemiç Mah.,TR-16-008,Keles Bel.,184131,2013,2025,tuik_medas
TR-16-008-184133,neighbourhood,Gököz Mah.,TR-16-008,Keles Bel.,184133,2013,2025,tuik_medas
TR-16-008-184135,neighbourhood,Harmanalanı Mah.,TR-16-008,Keles Bel.,184135,2013,2025,tuik_medas
TR-16-008-184137,neighbourhood,Harmancık Demirci Mah.,TR-16-008,Keles Bel.,184137,2013,2025,tuik_medas
TR-16-008-184139,neighbourhood,Haydar Mah.,TR-16-008,Keles Bel.,184139,2013,2025,tuik_medas
TR-16-008-184141,neighbourhood,Issızören Mah.,TR-16-008,Keles Bel.,184141,2013,2025,tuik_medas
TR-16-008-184143,neighbourhood,Karaardıç Mah.,TR-16-008,Keles Bel.,184143,2013,2025,tuik_medas
TR-16-008-184145,neighbourhood,Kemaliye Mah.,TR-16-008,Keles Bel.,184145,2013,2025,tuik_medas
TR-16-008-184147,neighbourhood,Kıran Işıklar Mah.,TR-16-008,Keles Bel.,184147,2013,2025,tuik_medas
TR-16-008-184149,neighbourhood,Koca Kovacık Mah.,TR-16-008,Keles Bel.,184149,2013,2025,tuik_medas
TR-16-008-184151,neighbourhood,Kozbudaklar Mah.,TR-16-008,Keles Bel.,184151,2013,2025,tuik_medas
TR-16-008-184153,neighbourhood,Menteşe Mah.,TR-16-008,Keles Bel.,184153,2013,2025,tuik_medas
TR-16-008-184155,neighbourhood,Pınarcık Mah.,TR-16-008,Keles Bel.,184155,2013,2025,tuik_medas
TR-16-008-184157,neighbourhood,Sorgun Mah.,TR-16-008,Keles Bel.,184157,2013,2025,tuik_medas
TR-16-008-184159,neighbourhood,Uzunöz Mah.,TR-16-008,Keles Bel.,184159,2013,2025,tuik_medas
TR-16-008-184161,neighbourhood,Yağcılar Mah.,TR-16-008,Keles Bel.,184161,2013,2025,tuik_medas
TR-16-008-184163,neighbourhood,Yazıbaşı Mah.,TR-16-008,Keles Bel.,184163,2013,2025,tuik_medas
TR-16-008-184165,neighbourhood,Yunuslar Mah.,TR-16-008,Keles Bel.,184165,2013,2025,tuik_medas
TR-16-008-19986,neighbourhood,Cuma Mah.,TR-16-008,Keles Bel.,19986,2013,2025,tuik_medas
TR-16-008-19987,neighbourhood,Çukur Mah.,TR-16-008,Keles Bel.,19987,2013,2025,tuik_medas
TR-16-008-19988,neighbourhood,Ertuğrulgazi Mah.,TR-16-008,Keles Bel.,19988,2013,2025,tuik_medas
TR-16-008-19989,neighbourhood,Küçük Kovacık Mah.,TR-16-008,Keles Bel.,19989,2013,2025,tuik_medas
TR-16-008-19990,neighbourhood,Sofular Mah.,TR-16-008,Keles Bel.,19990,2013,2025,tuik_medas
TR-16-008-19991,neighbourhood,Yenice Mah.,TR-16-008,Keles Bel.,19991,2013,2025,tuik_medas
TR-16-008-99408,neighbourhood,Kirazlı Mah.,TR-16-008,Keles Bel.,99408,2013,2025,tuik_medas
TR-16-009-100131,neighbourhood,Esentepe Mah.,TR-16-009,Kestel Bel.,100131,2013,2025,tuik_medas
TR-16-009-184167,neighbourhood,Ağlaşan Mah.,TR-16-009,Kestel Bel.,184167,2013,2025,tuik_medas
TR-16-009-184169,neighbourhood,Aksu Mah.,TR-16-009,Kestel Bel.,184169,2013,2025,tuik_medas
TR-16-009-184171,neighbourhood,Alaçam Mah.,TR-16-009,Kestel Bel.,184171,2013,2025,tuik_medas
TR-16-009-184173,neighbourhood,Babasultan Mah.,TR-16-009,Kestel Bel.,184173,2013,2025,tuik_medas
TR-16-009-184175,neighbourhood,Burhaniye Mah.,TR-16-009,Kestel Bel.,184175,2013,2025,tuik_medas
TR-16-009-184177,neighbourhood,Çataltepe Mah.,TR-16-009,Kestel Bel.,184177,2013,2025,tuik_medas
TR-16-009-184179,neighbourhood,Derekızık Mah.,TR-16-009,Kestel Bel.,184179,2013,2025,tuik_medas
TR-16-009-184181,neighbourhood,Dudaklı Mah.,TR-16-009,Kestel Bel.,184181,2013,2025,tuik_medas
TR-16-009-184183,neighbourhood,Erdoğan Mah.,TR-16-009,Kestel Bel.,184183,2013,2025,tuik_medas
TR-16-009-184185,neighbourhood,Gölbaşı Mah.,TR-16-009,Kestel Bel.,184185,2013,2025,tuik_medas
TR-16-009-184187,neighbourhood,Gölcük Mah.,TR-16-009,Kestel Bel.,184187,2013,2025,tuik_medas
TR-16-009-184189,neighbourhood,Gözede Mah.,TR-16-009,Kestel Bel.,184189,2013,2025,tuik_medas
TR-16-009-184191,neighbourhood,Kayacık Mah.,TR-16-009,Kestel Bel.,184191,2013,2025,tuik_medas
TR-16-009-184193,neighbourhood,Kozluören Mah.,TR-16-009,Kestel Bel.,184193,2013,2025,tuik_medas
TR-16-009-184195,neighbourhood,Lütfiye Mah.,TR-16-009,Kestel Bel.,184195,2013,2025,tuik_medas
TR-16-009-184197,neighbourhood,Narlıdere Mah.,TR-16-009,Kestel Bel.,184197,2013,2025,tuik_medas
TR-16-009-184199,neighbourhood,Nüzhetiye Mah.,TR-16-009,Kestel Bel.,184199,2013,2025,tuik_medas
TR-16-009-184201,neighbourhood,Orhaniye Mah.,TR-16-009,Kestel Bel.,184201,2013,2025,tuik_medas
TR-16-009-184203,neighbourhood,Osmaniye Mah.,TR-16-009,Kestel Bel.,184203,2013,2025,tuik_medas
TR-16-009-184205,neighbourhood,Saitabat Mah.,TR-16-009,Kestel Bel.,184205,2013,2025,tuik_medas
TR-16-009-184207,neighbourhood,Sayfiye Mah.,TR-16-009,Kestel Bel.,184207,2013,2025,tuik_medas
TR-16-009-184209,neighbourhood,Seymen Mah.,TR-16-009,Kestel Bel.,184209,2013,2025,tuik_medas
TR-16-009-184211,neighbourhood,Soğuksu Mah.,TR-16-009,Kestel Bel.,184211,2013,2025,tuik_medas
TR-16-009-184213,neighbourhood,Şevketiye Mah.,TR-16-009,Kestel Bel.,184213,2013,2025,tuik_medas
TR-16-009-184215,neighbourhood,Kazancı Mah.,TR-16-009,Kestel Bel.,184215,2013,2025,tuik_medas
TR-16-009-184217,neighbourhood,Turanköy Mah.,TR-16-009,Kestel Bel.,184217,2013,2025,tuik_medas
TR-16-009-184219,neighbourhood,Ümitalan Mah.,TR-16-009,Kestel Bel.,184219,2013,2025,tuik_medas
TR-16-009-184221,neighbourhood,Yağmurlu Mah.,TR-16-009,Kestel Bel.,184221,2013,2025,tuik_medas
TR-16-009-19992,neighbourhood,Ahmetvefikpaşa Mah.,TR-16-009,Kestel Bel.,19992,2013,2025,tuik_medas
TR-16-009-19993,neighbourhood,Kale Mah.,TR-16-009,Kestel Bel.,19993,2013,2025,tuik_medas
TR-16-009-19994,neighbourhood,Vanimehmet Mah.,TR-16-009,Kestel Bel.,19994,2013,2025,tuik_medas
TR-16-009-19995,neighbourhood,Yeni Mah.,TR-16-009,Kestel Bel.,19995,2013,2025,tuik_medas
TR-16-009-19996,neighbourhood,Ahmet Vefik Paşaosb Mah.,TR-16-009,Kestel Bel.,19996,2013,2013,tuik_medas
TR-16-009-20000,neighbourhood,Serme Mah.,TR-16-009,Kestel Bel.,20000,2013,2025,tuik_medas
TR-16-009-99957,neighbourhood,Barakfakih Mah.,TR-16-009,Kestel Bel.,99957,2013,2025,tuik_medas
TR-16-010-184223,neighbourhood,Tirilye Mah.,TR-16-010,Mudanya Bel.,184223,2013,2025,tuik_medas
TR-16-010-184225,neighbourhood,Akköy Mah.,TR-16-010,Mudanya Bel.,184225,2013,2025,tuik_medas
TR-16-010-184227,neighbourhood,Altıntaş Mah.,TR-16-010,Mudanya Bel.,184227,2013,2025,tuik_medas
TR-16-010-184229,neighbourhood,Aydınpınar Mah.,TR-16-010,Mudanya Bel.,184229,2013,2025,tuik_medas
TR-16-010-184231,neighbourhood,Balabancık Mah.,TR-16-010,Mudanya Bel.,184231,2013,2025,tuik_medas
TR-16-010-184233,neighbourhood,Çağrışan Mah.,TR-16-010,Mudanya Bel.,184233,2013,2025,tuik_medas
TR-16-010-184235,neighbourhood,Çekrice Mah.,TR-16-010,Mudanya Bel.,184235,2013,2025,tuik_medas
TR-16-010-184237,neighbourhood,Çepni Mah.,TR-16-010,Mudanya Bel.,184237,2013,2025,tuik_medas
TR-16-010-184239,neighbourhood,Dedeköy Mah.,TR-16-010,Mudanya Bel.,184239,2013,2025,tuik_medas
TR-16-010-184241,neighbourhood,Dereköy Mah.,TR-16-010,Mudanya Bel.,184241,2013,2025,tuik_medas
TR-16-010-184243,neighbourhood,Göynüklü Mah.,TR-16-010,Mudanya Bel.,184243,2013,2025,tuik_medas
TR-16-010-184245,neighbourhood,Işıklı Mah.,TR-16-010,Mudanya Bel.,184245,2013,2025,tuik_medas
TR-16-010-184247,neighbourhood,İpekyayla Mah.,TR-16-010,Mudanya Bel.,184247,2013,2025,tuik_medas
TR-16-010-184249,neighbourhood,Kaymakoba Mah.,TR-16-010,Mudanya Bel.,184249,2013,2025,tuik_medas
TR-16-010-184251,neighbourhood,Kumyaka Mah.,TR-16-010,Mudanya Bel.,184251,2013,2025,tuik_medas
TR-16-010-184253,neighbourhood,Küçükyenice Mah.,TR-16-010,Mudanya Bel.,184253,2013,2025,tuik_medas
TR-16-010-184255,neighbourhood,Mirzaoba Mah.,TR-16-010,Mudanya Bel.,184255,2013,2025,tuik_medas
TR-16-010-184257,neighbourhood,Mürsel Mah.,TR-16-010,Mudanya Bel.,184257,2013,2025,tuik_medas
TR-16-010-184259,neighbourhood,Orhaniye Mah.,TR-16-010,Mudanya Bel.,184259,2013,2025,tuik_medas
TR-16-010-184261,neighbourhood,Yaylacık Mah.,TR-16-010,Mudanya Bel.,184261,2013,2025,tuik_medas
TR-16-010-184263,neighbourhood,Yörükali Mah.,TR-16-010,Mudanya Bel.,184263,2013,2025,tuik_medas
TR-16-010-184265,neighbourhood,Çamlık Mah.,TR-16-010,Mudanya Bel.,184265,2013,2025,tuik_medas
TR-16-010-184267,neighbourhood,Çayönü Mah.,TR-16-010,Mudanya Bel.,184267,2013,2025,tuik_medas
TR-16-010-184269,neighbourhood,Çınarlı Mah.,TR-16-010,Mudanya Bel.,184269,2013,2025,tuik_medas
TR-16-010-184271,neighbourhood,Emirleryenicesi Mah.,TR-16-010,Mudanya Bel.,184271,2013,2025,tuik_medas
TR-16-010-184273,neighbourhood,Esence Mah.,TR-16-010,Mudanya Bel.,184273,2013,2025,tuik_medas
TR-16-010-184275,neighbourhood,Evciler Mah.,TR-16-010,Mudanya Bel.,184275,2013,2025,tuik_medas
TR-16-010-184277,neighbourhood,Eğerce Mah.,TR-16-010,Mudanya Bel.,184277,2013,2025,tuik_medas
TR-16-010-184279,neighbourhood,Hançerli Mah.,TR-16-010,Mudanya Bel.,184279,2013,2025,tuik_medas
TR-16-010-184281,neighbourhood,Mesudiye Mah.,TR-16-010,Mudanya Bel.,184281,2013,2025,tuik_medas
TR-16-010-184283,neighbourhood,Söğütpınar Mah.,TR-16-010,Mudanya Bel.,184283,2013,2025,tuik_medas
TR-16-010-184285,neighbourhood,Yalıçiftlik Mah.,TR-16-010,Mudanya Bel.,184285,2013,2025,tuik_medas
TR-16-010-184287,neighbourhood,Yaman Mah.,TR-16-010,Mudanya Bel.,184287,2013,2025,tuik_medas
TR-16-010-184289,neighbourhood,Yörükyenicesi Mah.,TR-16-010,Mudanya Bel.,184289,2013,2025,tuik_medas
TR-16-010-20001,neighbourhood,Halitpaşa Mah.,TR-16-010,Mudanya Bel.,20001,2013,2025,tuik_medas
TR-16-010-20002,neighbourhood,Hasanbey Mah.,TR-16-010,Mudanya Bel.,20002,2013,2025,tuik_medas
TR-16-010-20003,neighbourhood,Mütareke Mah.,TR-16-010,Mudanya Bel.,20003,2013,2025,tuik_medas
TR-16-010-20004,neighbourhood,Ömerbey Mah.,TR-16-010,Mudanya Bel.,20004,2013,2025,tuik_medas
TR-16-010-20005,neighbourhood,Şükrüçavuş Mah.,TR-16-010,Mudanya Bel.,20005,2013,2025,tuik_medas
TR-16-010-20006,neighbourhood,Yeni Mah.,TR-16-010,Mudanya Bel.,20006,2013,2025,tuik_medas
TR-16-010-20007,neighbourhood,Bademli Mah.,TR-16-010,Mudanya Bel.,20007,2013,2025,tuik_medas
TR-16-010-20008,neighbourhood,Hasköy Mah.,TR-16-010,Mudanya Bel.,20008,2013,2025,tuik_medas
TR-16-010-20009,neighbourhood,Ülkü Mah.,TR-16-010,Mudanya Bel.,20009,2013,2025,tuik_medas
TR-16-010-20010,neighbourhood,Güzelyalı Burgaz Mah.,TR-16-010,Mudanya Bel.,20010,2013,2025,tuik_medas
TR-16-010-20011,neighbourhood,Güzelyalı Eğitim Mah.,TR-16-010,Mudanya Bel.,20011,2013,2025,tuik_medas
TR-16-010-20012,neighbourhood,Güzelyalı Siteler Mah.,TR-16-010,Mudanya Bel.,20012,2013,2025,tuik_medas
TR-16-010-20013,neighbourhood,Güzelyalı Yalı Mah.,TR-16-010,Mudanya Bel.,20013,2013,2025,tuik_medas
TR-16-011-184291,neighbourhood,Çeltikçi Mah.,TR-16-011,Mustafakemalpaşa Bel.,184291,2013,2025,tuik_medas
TR-16-011-184293,neighbourhood,Tatkavaklı Mah.,TR-16-011,Mustafakemalpaşa Bel.,184293,2013,2025,tuik_medas
TR-16-011-184295,neighbourhood,Tepecik Mah.,TR-16-011,Mustafakemalpaşa Bel.,184295,2013,2025,tuik_medas
TR-16-011-184297,neighbourhood,Yalıntaş Mah.,TR-16-011,Mustafakemalpaşa Bel.,184297,2013,2025,tuik_medas
TR-16-011-184299,neighbourhood,Yeşilova Mah.,TR-16-011,Mustafakemalpaşa Bel.,184299,2013,2025,tuik_medas
TR-16-011-184301,neighbourhood,Ovaazatlı Mah.,TR-16-011,Mustafakemalpaşa Bel.,184301,2013,2025,tuik_medas
TR-16-011-184303,neighbourhood,Adaköy Mah.,TR-16-011,Mustafakemalpaşa Bel.,184303,2013,2025,tuik_medas
TR-16-011-184305,neighbourhood,Akarca Mah.,TR-16-011,Mustafakemalpaşa Bel.,184305,2013,2025,tuik_medas
TR-16-011-184307,neighbourhood,Aliseydi Mah.,TR-16-011,Mustafakemalpaşa Bel.,184307,2013,2025,tuik_medas
TR-16-011-184309,neighbourhood,Aralık Mah.,TR-16-011,Mustafakemalpaşa Bel.,184309,2013,2025,tuik_medas
TR-16-011-184311,neighbourhood,Ayaz Mah.,TR-16-011,Mustafakemalpaşa Bel.,184311,2013,2025,tuik_medas
TR-16-011-184313,neighbourhood,Bahariye Mah.,TR-16-011,Mustafakemalpaşa Bel.,184313,2013,2025,tuik_medas
TR-16-011-184315,neighbourhood,Behram Mah.,TR-16-011,Mustafakemalpaşa Bel.,184315,2013,2025,tuik_medas
TR-16-011-184317,neighbourhood,Boğaz Mah.,TR-16-011,Mustafakemalpaşa Bel.,184317,2013,2025,tuik_medas
TR-16-011-184319,neighbourhood,Bostandere Mah.,TR-16-011,Mustafakemalpaşa Bel.,184319,2013,2025,tuik_medas
TR-16-011-184321,neighbourhood,Çördük Mah.,TR-16-011,Mustafakemalpaşa Bel.,184321,2013,2025,tuik_medas
TR-16-011-184323,neighbourhood,Dallıca Mah.,TR-16-011,Mustafakemalpaşa Bel.,184323,2013,2025,tuik_medas
TR-16-011-184325,neighbourhood,Demirdere Mah.,TR-16-011,Mustafakemalpaşa Bel.,184325,2013,2025,tuik_medas
TR-16-011-184327,neighbourhood,Demireli Mah.,TR-16-011,Mustafakemalpaşa Bel.,184327,2013,2025,tuik_medas
TR-16-011-184329,neighbourhood,Derecik Mah.,TR-16-011,Mustafakemalpaşa Bel.,184329,2013,2025,tuik_medas
TR-16-011-184331,neighbourhood,Derekadı Mah.,TR-16-011,Mustafakemalpaşa Bel.,184331,2013,2025,tuik_medas
TR-16-011-184333,neighbourhood,Doğancı Mah.,TR-16-011,Mustafakemalpaşa Bel.,184333,2013,2025,tuik_medas
TR-16-011-184335,neighbourhood,Durumtay Mah.,TR-16-011,Mustafakemalpaşa Bel.,184335,2013,2025,tuik_medas
TR-16-011-184337,neighbourhood,Güller Mah.,TR-16-011,Mustafakemalpaşa Bel.,184337,2013,2025,tuik_medas
TR-16-011-184339,neighbourhood,Güllüce Mah.,TR-16-011,Mustafakemalpaşa Bel.,184339,2013,2025,tuik_medas
TR-16-011-184341,neighbourhood,Güveçdere Mah.,TR-16-011,Mustafakemalpaşa Bel.,184341,2013,2025,tuik_medas
TR-16-011-184343,neighbourhood,Hacıali Mah.,TR-16-011,Mustafakemalpaşa Bel.,184343,2013,2025,tuik_medas
TR-16-011-184345,neighbourhood,Hamidiyeköyü Mah.,TR-16-011,Mustafakemalpaşa Bel.,184345,2013,2025,tuik_medas
TR-16-011-184347,neighbourhood,Hisaraltı Mah.,TR-16-011,Mustafakemalpaşa Bel.,184347,2013,2025,tuik_medas
TR-16-011-184349,neighbourhood,İlyasçılar Mah.,TR-16-011,Mustafakemalpaşa Bel.,184349,2013,2025,tuik_medas
TR-16-011-184351,neighbourhood,Yavelli Mah.,TR-16-011,Mustafakemalpaşa Bel.,184351,2013,2025,tuik_medas
TR-16-011-184353,neighbourhood,Kapaklıoluk Mah.,TR-16-011,Mustafakemalpaşa Bel.,184353,2013,2025,tuik_medas
TR-16-011-184355,neighbourhood,Karaoğlan Mah.,TR-16-011,Mustafakemalpaşa Bel.,184355,2013,2025,tuik_medas
TR-16-011-184357,neighbourhood,Karaorman Mah.,TR-16-011,Mustafakemalpaşa Bel.,184357,2013,2025,tuik_medas
TR-16-011-184359,neighbourhood,Karapınar Mah.,TR-16-011,Mustafakemalpaşa Bel.,184359,2013,2025,tuik_medas
TR-16-011-184361,neighbourhood,Kayabaşı Mah.,TR-16-011,Mustafakemalpaşa Bel.,184361,2013,2025,tuik_medas
TR-16-011-184363,neighbourhood,Keltaş Mah.,TR-16-011,Mustafakemalpaşa Bel.,184363,2013,2025,tuik_medas
TR-16-011-184365,neighbourhood,Kosova Mah.,TR-16-011,Mustafakemalpaşa Bel.,184365,2013,2025,tuik_medas
TR-16-011-184367,neighbourhood,Koşuboğazı Mah.,TR-16-011,Mustafakemalpaşa Bel.,184367,2013,2025,tuik_medas
TR-16-011-184369,neighbourhood,Kömürcükadı Mah.,TR-16-011,Mustafakemalpaşa Bel.,184369,2013,2025,tuik_medas
TR-16-011-184371,neighbourhood,Kumkadı Mah.,TR-16-011,Mustafakemalpaşa Bel.,184371,2013,2025,tuik_medas
TR-16-011-184373,neighbourhood,Lütfiye Mah.,TR-16-011,Mustafakemalpaşa Bel.,184373,2013,2025,tuik_medas
TR-16-011-184375,neighbourhood,Melik Mah.,TR-16-011,Mustafakemalpaşa Bel.,184375,2013,2025,tuik_medas
TR-16-011-184377,neighbourhood,Muradiyesarnıç Mah.,TR-16-011,Mustafakemalpaşa Bel.,184377,2013,2025,tuik_medas
TR-16-011-184379,neighbourhood,Ocaklı Mah.,TR-16-011,Mustafakemalpaşa Bel.,184379,2013,2025,tuik_medas
TR-16-011-184381,neighbourhood,Orhaniye Mah.,TR-16-011,Mustafakemalpaşa Bel.,184381,2013,2025,tuik_medas
TR-16-011-184383,neighbourhood,Ormankadı Mah.,TR-16-011,Mustafakemalpaşa Bel.,184383,2013,2025,tuik_medas
TR-16-011-184385,neighbourhood,Paşalar Mah.,TR-16-011,Mustafakemalpaşa Bel.,184385,2013,2025,tuik_medas
TR-16-011-184387,neighbourhood,Sünlük Mah.,TR-16-011,Mustafakemalpaşa Bel.,184387,2013,2025,tuik_medas
TR-16-011-184389,neighbourhood,Şapçı Mah.,TR-16-011,Mustafakemalpaşa Bel.,184389,2013,2025,tuik_medas
TR-16-011-184391,neighbourhood,Taşköprü Mah.,TR-16-011,Mustafakemalpaşa Bel.,184391,2013,2025,tuik_medas
TR-16-011-184393,neighbourhood,Üçbeyli Mah.,TR-16-011,Mustafakemalpaşa Bel.,184393,2013,2025,tuik_medas
TR-16-011-184395,neighbourhood,Yamanlı Mah.,TR-16-011,Mustafakemalpaşa Bel.,184395,2013,2025,tuik_medas
TR-16-011-184397,neighbourhood,Yumurcaklı Mah.,TR-16-011,Mustafakemalpaşa Bel.,184397,2013,2025,tuik_medas
TR-16-011-184399,neighbourhood,Çaltılıbük Mah.,TR-16-011,Mustafakemalpaşa Bel.,184399,2013,2025,tuik_medas
TR-16-011-184401,neighbourhood,Aşağıbalı Mah.,TR-16-011,Mustafakemalpaşa Bel.,184401,2013,2025,tuik_medas
TR-16-011-184403,neighbourhood,Camandar Mah.,TR-16-011,Mustafakemalpaşa Bel.,184403,2013,2025,tuik_medas
TR-16-011-184405,neighbourhood,Çamlıca Mah.,TR-16-011,Mustafakemalpaşa Bel.,184405,2013,2025,tuik_medas
TR-16-011-184407,neighbourhood,Çiviliçam Mah.,TR-16-011,Mustafakemalpaşa Bel.,184407,2013,2025,tuik_medas
TR-16-011-184409,neighbourhood,Çömlekçi Mah.,TR-16-011,Mustafakemalpaşa Bel.,184409,2013,2025,tuik_medas
TR-16-011-184411,neighbourhood,Döllük Mah.,TR-16-011,Mustafakemalpaşa Bel.,184411,2013,2025,tuik_medas
TR-16-011-184413,neighbourhood,Işıklar Mah.,TR-16-011,Mustafakemalpaşa Bel.,184413,2013,2025,tuik_medas
TR-16-011-184415,neighbourhood,Karacalar Mah.,TR-16-011,Mustafakemalpaşa Bel.,184415,2013,2025,tuik_medas
TR-16-011-184417,neighbourhood,Karaköy Mah.,TR-16-011,Mustafakemalpaşa Bel.,184417,2013,2025,tuik_medas
TR-16-011-184419,neighbourhood,Kestelek Mah.,TR-16-011,Mustafakemalpaşa Bel.,184419,2013,2025,tuik_medas
TR-16-011-184421,neighbourhood,Osmaniye Mah.,TR-16-011,Mustafakemalpaşa Bel.,184421,2013,2025,tuik_medas
TR-16-011-184423,neighbourhood,Ömeraltı Mah.,TR-16-011,Mustafakemalpaşa Bel.,184423,2013,2025,tuik_medas
TR-16-011-184425,neighbourhood,Soğukpınar Mah.,TR-16-011,Mustafakemalpaşa Bel.,184425,2013,2025,tuik_medas
TR-16-011-184427,neighbourhood,Şehriman Mah.,TR-16-011,Mustafakemalpaşa Bel.,184427,2013,2025,tuik_medas
TR-16-011-184429,neighbourhood,Yenikızılelma Mah.,TR-16-011,Mustafakemalpaşa Bel.,184429,2013,2025,tuik_medas
TR-16-011-184431,neighbourhood,Yukarıbalı Mah.,TR-16-011,Mustafakemalpaşa Bel.,184431,2013,2025,tuik_medas
TR-16-011-184433,neighbourhood,Devecikonağı Mah.,TR-16-011,Mustafakemalpaşa Bel.,184433,2013,2025,tuik_medas
TR-16-011-184435,neighbourhood,Alacaat Mah.,TR-16-011,Mustafakemalpaşa Bel.,184435,2013,2025,tuik_medas
TR-16-011-184437,neighbourhood,Alpağut Mah.,TR-16-011,Mustafakemalpaşa Bel.,184437,2013,2025,tuik_medas
TR-16-011-184439,neighbourhood,Bük Mah.,TR-16-011,Mustafakemalpaşa Bel.,184439,2013,2025,tuik_medas
TR-16-011-184441,neighbourhood,Çakallar Mah.,TR-16-011,Mustafakemalpaşa Bel.,184441,2013,2025,tuik_medas
TR-16-011-184443,neighbourhood,Çardakbelen Mah.,TR-16-011,Mustafakemalpaşa Bel.,184443,2013,2025,tuik_medas
TR-16-011-184445,neighbourhood,Çavuş Mah.,TR-16-011,Mustafakemalpaşa Bel.,184445,2013,2025,tuik_medas
TR-16-011-184447,neighbourhood,Eskibalçık Mah.,TR-16-011,Mustafakemalpaşa Bel.,184447,2013,2025,tuik_medas
TR-16-011-184449,neighbourhood,Fındıcak Mah.,TR-16-011,Mustafakemalpaşa Bel.,184449,2013,2025,tuik_medas
TR-16-011-184451,neighbourhood,Gündoğdu Mah.,TR-16-011,Mustafakemalpaşa Bel.,184451,2013,2025,tuik_medas
TR-16-011-184453,neighbourhood,Güvem Mah.,TR-16-011,Mustafakemalpaşa Bel.,184453,2013,2025,tuik_medas
TR-16-011-184455,neighbourhood,Hacıahmet Mah.,TR-16-011,Mustafakemalpaşa Bel.,184455,2013,2025,tuik_medas
TR-16-011-184457,neighbourhood,Kösehoroz Mah.,TR-16-011,Mustafakemalpaşa Bel.,184457,2013,2025,tuik_medas
TR-16-011-184459,neighbourhood,Kurşunlu Mah.,TR-16-011,Mustafakemalpaşa Bel.,184459,2013,2025,tuik_medas
TR-16-011-184461,neighbourhood,Sarımustafalar Mah.,TR-16-011,Mustafakemalpaşa Bel.,184461,2013,2025,tuik_medas
TR-16-011-184463,neighbourhood,Soğucak Mah.,TR-16-011,Mustafakemalpaşa Bel.,184463,2013,2025,tuik_medas
TR-16-011-184465,neighbourhood,Tırnova Mah.,TR-16-011,Mustafakemalpaşa Bel.,184465,2013,2025,tuik_medas
TR-16-011-184467,neighbourhood,Yaylaçayır Mah.,TR-16-011,Mustafakemalpaşa Bel.,184467,2013,2025,tuik_medas
TR-16-011-184469,neighbourhood,Yenibalçık Mah.,TR-16-011,Mustafakemalpaşa Bel.,184469,2013,2025,tuik_medas
TR-16-011-184471,neighbourhood,Yenice Mah.,TR-16-011,Mustafakemalpaşa Bel.,184471,2013,2025,tuik_medas
TR-16-011-184473,neighbourhood,Yoncaağaç Mah.,TR-16-011,Mustafakemalpaşa Bel.,184473,2013,2025,tuik_medas
TR-16-011-184475,neighbourhood,Söğütalan Mah.,TR-16-011,Mustafakemalpaşa Bel.,184475,2013,2025,tuik_medas
TR-16-011-184477,neighbourhood,Ağaçlı Mah.,TR-16-011,Mustafakemalpaşa Bel.,184477,2013,2025,tuik_medas
TR-16-011-184479,neighbourhood,Akçapınar Mah.,TR-16-011,Mustafakemalpaşa Bel.,184479,2013,2025,tuik_medas
TR-16-011-184481,neighbourhood,Doğanalan Mah.,TR-16-011,Mustafakemalpaşa Bel.,184481,2013,2025,tuik_medas
TR-16-011-184483,neighbourhood,Dorak Mah.,TR-16-011,Mustafakemalpaşa Bel.,184483,2013,2025,tuik_medas
TR-16-011-184485,neighbourhood,Eskikızılelma Mah.,TR-16-011,Mustafakemalpaşa Bel.,184485,2013,2025,tuik_medas
TR-16-011-184487,neighbourhood,Garipçetekke Mah.,TR-16-011,Mustafakemalpaşa Bel.,184487,2013,2025,tuik_medas
TR-16-011-184489,neighbourhood,İncealipınar Mah.,TR-16-011,Mustafakemalpaşa Bel.,184489,2013,2025,tuik_medas
TR-16-011-184491,neighbourhood,Kabulbaba Mah.,TR-16-011,Mustafakemalpaşa Bel.,184491,2013,2025,tuik_medas
TR-16-011-184493,neighbourhood,Kadirçeşme Mah.,TR-16-011,Mustafakemalpaşa Bel.,184493,2013,2025,tuik_medas
TR-16-011-184495,neighbourhood,Kazanpınar Mah.,TR-16-011,Mustafakemalpaşa Bel.,184495,2013,2025,tuik_medas
TR-16-011-184497,neighbourhood,Killik Mah.,TR-16-011,Mustafakemalpaşa Bel.,184497,2013,2025,tuik_medas
TR-16-011-184499,neighbourhood,Kocakoru Mah.,TR-16-011,Mustafakemalpaşa Bel.,184499,2013,2025,tuik_medas
TR-16-011-184501,neighbourhood,Körekem Mah.,TR-16-011,Mustafakemalpaşa Bel.,184501,2013,2025,tuik_medas
TR-16-011-184503,neighbourhood,Onaç Mah.,TR-16-011,Mustafakemalpaşa Bel.,184503,2013,2025,tuik_medas
TR-16-011-184505,neighbourhood,Sincansarnıç Mah.,TR-16-011,Mustafakemalpaşa Bel.,184505,2013,2025,tuik_medas
TR-16-011-184507,neighbourhood,Taşpınar Mah.,TR-16-011,Mustafakemalpaşa Bel.,184507,2013,2025,tuik_medas
TR-16-011-184509,neighbourhood,Uğurlupınar Mah.,TR-16-011,Mustafakemalpaşa Bel.,184509,2013,2025,tuik_medas
TR-16-011-20019,neighbourhood,Atariye Mah.,TR-16-011,Mustafakemalpaşa Bel.,20019,2013,2025,tuik_medas
TR-16-011-20020,neighbourhood,Atatürk Mah.,TR-16-011,Mustafakemalpaşa Bel.,20020,2013,2025,tuik_medas
TR-16-011-20021,neighbourhood,Çırpan Mah.,TR-16-011,Mustafakemalpaşa Bel.,20021,2013,2025,tuik_medas
TR-16-011-20022,neighbourhood,Dere Mah.,TR-16-011,Mustafakemalpaşa Bel.,20022,2013,2025,tuik_medas
TR-16-011-20023,neighbourhood,Fevzidede Mah.,TR-16-011,Mustafakemalpaşa Bel.,20023,2013,2025,tuik_medas
TR-16-011-20024,neighbourhood,Hamidiye Mah.,TR-16-011,Mustafakemalpaşa Bel.,20024,2013,2025,tuik_medas
TR-16-011-20025,neighbourhood,Hamzabey Mah.,TR-16-011,Mustafakemalpaşa Bel.,20025,2013,2025,tuik_medas
TR-16-011-20026,neighbourhood,Lalaşahin Mah.,TR-16-011,Mustafakemalpaşa Bel.,20026,2013,2025,tuik_medas
TR-16-011-20027,neighbourhood,Orta Mah.,TR-16-011,Mustafakemalpaşa Bel.,20027,2013,2025,tuik_medas
TR-16-011-20028,neighbourhood,Selimiye Mah.,TR-16-011,Mustafakemalpaşa Bel.,20028,2013,2025,tuik_medas
TR-16-011-20029,neighbourhood,Şerefiye Mah.,TR-16-011,Mustafakemalpaşa Bel.,20029,2013,2025,tuik_medas
TR-16-011-20030,neighbourhood,Şevketiye Mah.,TR-16-011,Mustafakemalpaşa Bel.,20030,2013,2025,tuik_medas
TR-16-011-20031,neighbourhood,Şeyhmüftü Mah.,TR-16-011,Mustafakemalpaşa Bel.,20031,2013,2025,tuik_medas
TR-16-011-20032,neighbourhood,Vıraca Mah.,TR-16-011,Mustafakemalpaşa Bel.,20032,2013,2025,tuik_medas
TR-16-011-20033,neighbourhood,Yenidere Mah.,TR-16-011,Mustafakemalpaşa Bel.,20033,2013,2025,tuik_medas
TR-16-011-20034,neighbourhood,Yunus Emre Mah.,TR-16-011,Mustafakemalpaşa Bel.,20034,2013,2025,tuik_medas
TR-16-011-20035,neighbourhood,Yüzbaşı Sabribey Mah.,TR-16-011,Mustafakemalpaşa Bel.,20035,2013,2025,tuik_medas
TR-16-011-20036,neighbourhood,Züferbey Mah.,TR-16-011,Mustafakemalpaşa Bel.,20036,2013,2025,tuik_medas
TR-16-011-20037,neighbourhood,Barış Mah.,TR-16-011,Mustafakemalpaşa Bel.,20037,2013,2025,tuik_medas
TR-16-011-20038,neighbourhood,Cumhuriyet Mah.,TR-16-011,Mustafakemalpaşa Bel.,20038,2013,2025,tuik_medas
TR-16-011-20039,neighbourhood,Adalet Mah.,TR-16-011,Mustafakemalpaşa Bel.,20039,2013,2025,tuik_medas
TR-16-012-11112,neighbourhood,Ürünlü Mah.,TR-16-012,Nilüfer Bel.,11112,2013,2025,tuik_medas
TR-16-012-11113,neighbourhood,Odunluk Mah.,TR-16-012,Nilüfer Bel.,11113,2013,2025,tuik_medas
TR-16-012-11114,neighbourhood,Alaaddinbey Mah.,TR-16-012,Nilüfer Bel.,11114,2013,2025,tuik_medas
TR-16-012-11115,neighbourhood,Özlüce Mah.,TR-16-012,Nilüfer Bel.,11115,2013,2025,tuik_medas
TR-16-012-11116,neighbourhood,Ertuğrul Mah.,TR-16-012,Nilüfer Bel.,11116,2013,2025,tuik_medas
TR-16-012-11117,neighbourhood,Çamlıca Mah.,TR-16-012,Nilüfer Bel.,11117,2013,2025,tuik_medas
TR-16-012-11118,neighbourhood,Kültür Mah.,TR-16-012,Nilüfer Bel.,11118,2013,2025,tuik_medas
TR-16-012-11119,neighbourhood,Gümüştepe Mah.,TR-16-012,Nilüfer Bel.,11119,2013,2025,tuik_medas
TR-16-012-11120,neighbourhood,Demirci Mah.,TR-16-012,Nilüfer Bel.,11120,2013,2025,tuik_medas
TR-16-012-11121,neighbourhood,Konak Mah.,TR-16-012,Nilüfer Bel.,11121,2013,2025,tuik_medas
TR-16-012-11122,neighbourhood,Üçevler Mah.,TR-16-012,Nilüfer Bel.,11122,2013,2025,tuik_medas
TR-16-012-11123,neighbourhood,Ahmet Yesevi Mah.,TR-16-012,Nilüfer Bel.,11123,2013,2025,tuik_medas
TR-16-012-11124,neighbourhood,Balat Mah.,TR-16-012,Nilüfer Bel.,11124,2013,2025,tuik_medas
TR-16-012-11125,neighbourhood,Minareliçavuş Mah.,TR-16-012,Nilüfer Bel.,11125,2013,2025,tuik_medas
TR-16-012-11126,neighbourhood,Fethiye Mah.,TR-16-012,Nilüfer Bel.,11126,2013,2025,tuik_medas
TR-16-012-11127,neighbourhood,Karaman Mah.,TR-16-012,Nilüfer Bel.,11127,2013,2025,tuik_medas
TR-16-012-11128,neighbourhood,İhsaniye Mah.,TR-16-012,Nilüfer Bel.,11128,2013,2025,tuik_medas
TR-16-012-11129,neighbourhood,Işıktepe Mah.,TR-16-012,Nilüfer Bel.,11129,2013,2025,tuik_medas
TR-16-012-11130,neighbourhood,Esentepe Mah.,TR-16-012,Nilüfer Bel.,11130,2013,2025,tuik_medas
TR-16-012-11131,neighbourhood,Cumhuriyet Mah.,TR-16-012,Nilüfer Bel.,11131,2013,2025,tuik_medas
TR-16-012-11132,neighbourhood,Ataevler Mah.,TR-16-012,Nilüfer Bel.,11132,2013,2025,tuik_medas
TR-16-012-11133,neighbourhood,Barış Mah.,TR-16-012,Nilüfer Bel.,11133,2013,2025,tuik_medas
TR-16-012-11134,neighbourhood,Altınşehir Mah.,TR-16-012,Nilüfer Bel.,11134,2013,2025,tuik_medas
TR-16-012-11135,neighbourhood,Beşevler Mah.,TR-16-012,Nilüfer Bel.,11135,2013,2025,tuik_medas
TR-16-012-11136,neighbourhood,Akçalar Mah.,TR-16-012,Nilüfer Bel.,11136,2013,2025,tuik_medas
TR-16-012-11138,neighbourhood,Çalı Mah.,TR-16-012,Nilüfer Bel.,11138,2013,2025,tuik_medas
TR-16-012-11141,neighbourhood,Gölyazı Mah.,TR-16-012,Nilüfer Bel.,11141,2013,2025,tuik_medas
TR-16-012-11142,neighbourhood,Görükle Mah.,TR-16-012,Nilüfer Bel.,11142,2013,2025,tuik_medas
TR-16-012-11143,neighbourhood,Dumlupınar Mah.,TR-16-012,Nilüfer Bel.,11143,2013,2025,tuik_medas
TR-16-012-11144,neighbourhood,Kurtuluş Mah.,TR-16-012,Nilüfer Bel.,11144,2013,2025,tuik_medas
TR-16-012-11145,neighbourhood,İrfaniye Mah.,TR-16-012,Nilüfer Bel.,11145,2013,2025,tuik_medas
TR-16-012-11146,neighbourhood,Gökçe Mah.,TR-16-012,Nilüfer Bel.,11146,2013,2025,tuik_medas
TR-16-012-11147,neighbourhood,Balkan Mah.,TR-16-012,Nilüfer Bel.,11147,2013,2025,tuik_medas
TR-16-012-11148,neighbourhood,Büyükbalıklı Mah.,TR-16-012,Nilüfer Bel.,11148,2013,2025,tuik_medas
TR-16-012-11150,neighbourhood,Hasanağa Mah.,TR-16-012,Nilüfer Bel.,11150,2013,2025,tuik_medas
TR-16-012-11151,neighbourhood,Kızılcıklı Mah.,TR-16-012,Nilüfer Bel.,11151,2013,2025,tuik_medas
TR-16-012-11152,neighbourhood,30 Ağustos Zafer Mah.,TR-16-012,Nilüfer Bel.,11152,2013,2025,tuik_medas
TR-16-012-11153,neighbourhood,Kayapa Mah.,TR-16-012,Nilüfer Bel.,11153,2013,2025,tuik_medas
TR-16-012-140334,neighbourhood,23 Nisan Mah.,TR-16-012,Nilüfer Bel.,140334,2013,2025,tuik_medas
TR-16-012-140336,neighbourhood,29 Ekim Mah.,TR-16-012,Nilüfer Bel.,140336,2013,2025,tuik_medas
TR-16-012-140338,neighbourhood,19 Mayıs Mah.,TR-16-012,Nilüfer Bel.,140338,2013,2025,tuik_medas
TR-16-012-183429,neighbourhood,Atlas Mah.,TR-16-012,Nilüfer Bel.,183429,2013,2025,tuik_medas
TR-16-012-183431,neighbourhood,Ayvaköy Mah.,TR-16-012,Nilüfer Bel.,183431,2013,2025,tuik_medas
TR-16-012-183433,neighbourhood,Badırga Mah.,TR-16-012,Nilüfer Bel.,183433,2013,2025,tuik_medas
TR-16-012-183435,neighbourhood,Başköy Mah.,TR-16-012,Nilüfer Bel.,183435,2013,2025,tuik_medas
TR-16-012-183437,neighbourhood,Çatalağıl Mah.,TR-16-012,Nilüfer Bel.,183437,2013,2025,tuik_medas
TR-16-012-183439,neighbourhood,Çaylı Mah.,TR-16-012,Nilüfer Bel.,183439,2013,2025,tuik_medas
TR-16-012-183441,neighbourhood,Dağyenice Mah.,TR-16-012,Nilüfer Bel.,183441,2013,2025,tuik_medas
TR-16-012-183443,neighbourhood,Doğanköy Mah.,TR-16-012,Nilüfer Bel.,183443,2013,2025,tuik_medas
TR-16-012-183445,neighbourhood,Fadıllı Mah.,TR-16-012,Nilüfer Bel.,183445,2013,2025,tuik_medas
TR-16-012-183447,neighbourhood,Güngören Mah.,TR-16-012,Nilüfer Bel.,183447,2013,2025,tuik_medas
TR-16-012-183449,neighbourhood,İnegazi Mah.,TR-16-012,Nilüfer Bel.,183449,2013,2025,tuik_medas
TR-16-012-183451,neighbourhood,Kadriye Mah.,TR-16-012,Nilüfer Bel.,183451,2013,2025,tuik_medas
TR-16-012-183453,neighbourhood,Karacaoba Mah.,TR-16-012,Nilüfer Bel.,183453,2013,2025,tuik_medas
TR-16-012-183455,neighbourhood,Konaklı Mah.,TR-16-012,Nilüfer Bel.,183455,2013,2025,tuik_medas
TR-16-012-183457,neighbourhood,Korubaşı Mah.,TR-16-012,Nilüfer Bel.,183457,2013,2025,tuik_medas
TR-16-012-183459,neighbourhood,Kuruçeşme Mah.,TR-16-012,Nilüfer Bel.,183459,2013,2025,tuik_medas
TR-16-012-183461,neighbourhood,Makşempınarı Mah.,TR-16-012,Nilüfer Bel.,183461,2013,2025,tuik_medas
TR-16-012-183463,neighbourhood,Tahtalı Mah.,TR-16-012,Nilüfer Bel.,183463,2013,2025,tuik_medas
TR-16-012-183465,neighbourhood,Unçukuru Mah.,TR-16-012,Nilüfer Bel.,183465,2013,2025,tuik_medas
TR-16-012-183467,neighbourhood,Üçpınar Mah.,TR-16-012,Nilüfer Bel.,183467,2013,2025,tuik_medas
TR-16-012-183469,neighbourhood,Yaylacık Mah.,TR-16-012,Nilüfer Bel.,183469,2013,2025,tuik_medas
TR-16-012-183471,neighbourhood,Yolçatı Mah.,TR-16-012,Nilüfer Bel.,183471,2013,2025,tuik_medas
TR-16-012-99075,neighbourhood,Yüzüncüyıl Mah.,TR-16-012,Nilüfer Bel.,99075,2013,2025,tuik_medas
TR-16-013-184511,neighbourhood,Göynükbelen Mah.,TR-16-013,Orhaneli Bel.,184511,2013,2025,tuik_medas
TR-16-013-184513,neighbourhood,Karıncalı Mah.,TR-16-013,Orhaneli Bel.,184513,2013,2025,tuik_medas
TR-16-013-184515,neighbourhood,Ağaçhisar Mah.,TR-16-013,Orhaneli Bel.,184515,2013,2025,tuik_medas
TR-16-013-184517,neighbourhood,Akalan Mah.,TR-16-013,Orhaneli Bel.,184517,2013,2025,tuik_medas
TR-16-013-184519,neighbourhood,Akçabük Mah.,TR-16-013,Orhaneli Bel.,184519,2013,2025,tuik_medas
TR-16-013-184521,neighbourhood,Altıntaş Mah.,TR-16-013,Orhaneli Bel.,184521,2013,2025,tuik_medas
TR-16-013-184523,neighbourhood,Argın Mah.,TR-16-013,Orhaneli Bel.,184523,2013,2025,tuik_medas
TR-16-013-184525,neighbourhood,Balıoğlu Mah.,TR-16-013,Orhaneli Bel.,184525,2013,2025,tuik_medas
TR-16-013-184527,neighbourhood,Başköy Mah.,TR-16-013,Orhaneli Bel.,184527,2013,2025,tuik_medas
TR-16-013-184529,neighbourhood,Belenoluk Mah.,TR-16-013,Orhaneli Bel.,184529,2013,2025,tuik_medas
TR-16-013-184531,neighbourhood,Celepler Mah.,TR-16-013,Orhaneli Bel.,184531,2013,2025,tuik_medas
TR-16-013-184533,neighbourhood,Çeki Mah.,TR-16-013,Orhaneli Bel.,184533,2013,2025,tuik_medas
TR-16-013-184535,neighbourhood,Çınarcık Mah.,TR-16-013,Orhaneli Bel.,184535,2013,2025,tuik_medas
TR-16-013-184537,neighbourhood,Çivili Mah.,TR-16-013,Orhaneli Bel.,184537,2013,2025,tuik_medas
TR-16-013-184539,neighbourhood,Çöreler Mah.,TR-16-013,Orhaneli Bel.,184539,2013,2025,tuik_medas
TR-16-013-184541,neighbourhood,Dağgüney Mah.,TR-16-013,Orhaneli Bel.,184541,2013,2025,tuik_medas
TR-16-013-184543,neighbourhood,Deliballılar Mah.,TR-16-013,Orhaneli Bel.,184543,2013,2025,tuik_medas
TR-16-013-184545,neighbourhood,Demirci Mah.,TR-16-013,Orhaneli Bel.,184545,2013,2025,tuik_medas
TR-16-013-184547,neighbourhood,Dere Mah.,TR-16-013,Orhaneli Bel.,184547,2013,2025,tuik_medas
TR-16-013-184549,neighbourhood,Dündar Mah.,TR-16-013,Orhaneli Bel.,184549,2013,2025,tuik_medas
TR-16-013-184551,neighbourhood,Emir Mah.,TR-16-013,Orhaneli Bel.,184551,2013,2025,tuik_medas
TR-16-013-184553,neighbourhood,Erenler Mah.,TR-16-013,Orhaneli Bel.,184553,2013,2025,tuik_medas
TR-16-013-184555,neighbourhood,Eskidanişment Mah.,TR-16-013,Orhaneli Bel.,184555,2013,2025,tuik_medas
TR-16-013-184557,neighbourhood,Fadıl Mah.,TR-16-013,Orhaneli Bel.,184557,2013,2025,tuik_medas
TR-16-013-184559,neighbourhood,Firoz Mah.,TR-16-013,Orhaneli Bel.,184559,2013,2025,tuik_medas
TR-16-013-184561,neighbourhood,Gazioluk Mah.,TR-16-013,Orhaneli Bel.,184561,2013,2025,tuik_medas
TR-16-013-184563,neighbourhood,Girencik Mah.,TR-16-013,Orhaneli Bel.,184563,2013,2025,tuik_medas
TR-16-013-184565,neighbourhood,Göktepe Mah.,TR-16-013,Orhaneli Bel.,184565,2013,2025,tuik_medas
TR-16-013-184567,neighbourhood,Gümüşpınar Mah.,TR-16-013,Orhaneli Bel.,184567,2013,2025,tuik_medas
TR-16-013-184569,neighbourhood,İkizoluk Mah.,TR-16-013,Orhaneli Bel.,184569,2013,2025,tuik_medas
TR-16-013-184571,neighbourhood,Kabaklar Mah.,TR-16-013,Orhaneli Bel.,184571,2013,2025,tuik_medas
TR-16-013-184573,neighbourhood,Kadı Mah.,TR-16-013,Orhaneli Bel.,184573,2013,2025,tuik_medas
TR-16-013-184575,neighbourhood,Karaoğlanlar Mah.,TR-16-013,Orhaneli Bel.,184575,2013,2025,tuik_medas
TR-16-013-184577,neighbourhood,Karasi Mah.,TR-16-013,Orhaneli Bel.,184577,2013,2025,tuik_medas
TR-16-013-184579,neighbourhood,Koçu Mah.,TR-16-013,Orhaneli Bel.,184579,2013,2025,tuik_medas
TR-16-013-184581,neighbourhood,Kusumlar Mah.,TR-16-013,Orhaneli Bel.,184581,2013,2025,tuik_medas
TR-16-013-184583,neighbourhood,Küçükorhan Mah.,TR-16-013,Orhaneli Bel.,184583,2013,2025,tuik_medas
TR-16-013-184585,neighbourhood,Letafet Mah.,TR-16-013,Orhaneli Bel.,184585,2013,2025,tuik_medas
TR-16-013-184587,neighbourhood,Mahaller Mah.,TR-16-013,Orhaneli Bel.,184587,2013,2025,tuik_medas
TR-16-013-184589,neighbourhood,Nalınlar Mah.,TR-16-013,Orhaneli Bel.,184589,2013,2025,tuik_medas
TR-16-013-184591,neighbourhood,Orta Mah.,TR-16-013,Orhaneli Bel.,184591,2013,2025,tuik_medas
TR-16-013-184593,neighbourhood,Çatak Mah.,TR-16-013,Orhaneli Bel.,184593,2013,2025,tuik_medas
TR-16-013-184595,neighbourhood,Sadağı Mah.,TR-16-013,Orhaneli Bel.,184595,2013,2025,tuik_medas
TR-16-013-184597,neighbourhood,Semerci Mah.,TR-16-013,Orhaneli Bel.,184597,2013,2025,tuik_medas
TR-16-013-184599,neighbourhood,Serçeler Mah.,TR-16-013,Orhaneli Bel.,184599,2013,2025,tuik_medas
TR-16-013-184601,neighbourhood,Sırıl Mah.,TR-16-013,Orhaneli Bel.,184601,2013,2025,tuik_medas
TR-16-013-184603,neighbourhood,Söğüt Mah.,TR-16-013,Orhaneli Bel.,184603,2013,2025,tuik_medas
TR-16-013-184605,neighbourhood,Süleymanbey Mah.,TR-16-013,Orhaneli Bel.,184605,2013,2025,tuik_medas
TR-16-013-184607,neighbourhood,Şükriye Mah.,TR-16-013,Orhaneli Bel.,184607,2013,2025,tuik_medas
TR-16-013-184609,neighbourhood,Tepecik Mah.,TR-16-013,Orhaneli Bel.,184609,2013,2025,tuik_medas
TR-16-013-184611,neighbourhood,Topuk Mah.,TR-16-013,Orhaneli Bel.,184611,2013,2025,tuik_medas
TR-16-013-184613,neighbourhood,Yakuplar Mah.,TR-16-013,Orhaneli Bel.,184613,2013,2025,tuik_medas
TR-16-013-184615,neighbourhood,Yenidanişment Mah.,TR-16-013,Orhaneli Bel.,184615,2013,2025,tuik_medas
TR-16-013-184617,neighbourhood,Yeşiller Mah.,TR-16-013,Orhaneli Bel.,184617,2013,2025,tuik_medas
TR-16-013-184619,neighbourhood,Yörükler Mah.,TR-16-013,Orhaneli Bel.,184619,2013,2025,tuik_medas
TR-16-013-20061,neighbourhood,İsmetpaşa Mah.,TR-16-013,Orhaneli Bel.,20061,2013,2025,tuik_medas
TR-16-013-20062,neighbourhood,Gazipaşa Mah.,TR-16-013,Orhaneli Bel.,20062,2013,2025,tuik_medas
TR-16-013-20063,neighbourhood,Karabekirpaşa Mah.,TR-16-013,Orhaneli Bel.,20063,2013,2025,tuik_medas
TR-16-013-20064,neighbourhood,300 Evler Mah.,TR-16-013,Orhaneli Bel.,20064,2013,2025,tuik_medas
TR-16-013-20065,neighbourhood,Esentepe Mah.,TR-16-013,Orhaneli Bel.,20065,2013,2025,tuik_medas
TR-16-013-20066,neighbourhood,Fevzipaşa Mah.,TR-16-013,Orhaneli Bel.,20066,2013,2025,tuik_medas
TR-16-014-184621,neighbourhood,Çakırlı Mah.,TR-16-014,Orhangazi Bel.,184621,2013,2025,tuik_medas
TR-16-014-184623,neighbourhood,Narlıca Mah.,TR-16-014,Orhangazi Bel.,184623,2013,2025,tuik_medas
TR-16-014-184625,neighbourhood,Sölöz Mah.,TR-16-014,Orhangazi Bel.,184625,2013,2025,tuik_medas
TR-16-014-184627,neighbourhood,Yeniköy Mah.,TR-16-014,Orhangazi Bel.,184627,2013,2025,tuik_medas
TR-16-014-184629,neighbourhood,Yenisölöz Mah.,TR-16-014,Orhangazi Bel.,184629,2013,2025,tuik_medas
TR-16-014-184631,neighbourhood,Akharem Mah.,TR-16-014,Orhangazi Bel.,184631,2013,2025,tuik_medas
TR-16-014-184633,neighbourhood,Bayırköy Mah.,TR-16-014,Orhangazi Bel.,184633,2013,2025,tuik_medas
TR-16-014-184635,neighbourhood,Cihanköy Mah.,TR-16-014,Orhangazi Bel.,184635,2013,2025,tuik_medas
TR-16-014-184637,neighbourhood,Çeltikçi Mah.,TR-16-014,Orhangazi Bel.,184637,2013,2025,tuik_medas
TR-16-014-184639,neighbourhood,Dutluca Mah.,TR-16-014,Orhangazi Bel.,184639,2013,2025,tuik_medas
TR-16-014-184641,neighbourhood,Fındıklı Mah.,TR-16-014,Orhangazi Bel.,184641,2013,2025,tuik_medas
TR-16-014-184643,neighbourhood,Gedelek Mah.,TR-16-014,Orhangazi Bel.,184643,2013,2025,tuik_medas
TR-16-014-184645,neighbourhood,Gemiç Mah.,TR-16-014,Orhangazi Bel.,184645,2013,2025,tuik_medas
TR-16-014-184647,neighbourhood,Gölyaka Mah.,TR-16-014,Orhangazi Bel.,184647,2013,2025,tuik_medas
TR-16-014-184649,neighbourhood,Gürle Mah.,TR-16-014,Orhangazi Bel.,184649,2013,2025,tuik_medas
TR-16-014-184651,neighbourhood,Hamzalı Mah.,TR-16-014,Orhangazi Bel.,184651,2013,2025,tuik_medas
TR-16-014-184653,neighbourhood,Heceler Mah.,TR-16-014,Orhangazi Bel.,184653,2013,2025,tuik_medas
TR-16-014-184655,neighbourhood,Karsak Mah.,TR-16-014,Orhangazi Bel.,184655,2013,2025,tuik_medas
TR-16-014-184657,neighbourhood,Keramet Mah.,TR-16-014,Orhangazi Bel.,184657,2013,2025,tuik_medas
TR-16-014-184659,neighbourhood,Mahmudiye Mah.,TR-16-014,Orhangazi Bel.,184659,2013,2025,tuik_medas
TR-16-014-184661,neighbourhood,Ortaköy Mah.,TR-16-014,Orhangazi Bel.,184661,2013,2025,tuik_medas
TR-16-014-184663,neighbourhood,Örnekköy Mah.,TR-16-014,Orhangazi Bel.,184663,2013,2025,tuik_medas
TR-16-014-184665,neighbourhood,Paşapınar Mah.,TR-16-014,Orhangazi Bel.,184665,2013,2025,tuik_medas
TR-16-014-184667,neighbourhood,Üreğil Mah.,TR-16-014,Orhangazi Bel.,184667,2013,2025,tuik_medas
TR-16-014-184669,neighbourhood,Yenigürle Mah.,TR-16-014,Orhangazi Bel.,184669,2013,2025,tuik_medas
TR-16-014-20072,neighbourhood,Arapzade Mah.,TR-16-014,Orhangazi Bel.,20072,2013,2025,tuik_medas
TR-16-014-20073,neighbourhood,Camiikebir Mah.,TR-16-014,Orhangazi Bel.,20073,2013,2025,tuik_medas
TR-16-014-20074,neighbourhood,Hürriyet Mah.,TR-16-014,Orhangazi Bel.,20074,2013,2025,tuik_medas
TR-16-014-20075,neighbourhood,Muradiye Mah.,TR-16-014,Orhangazi Bel.,20075,2013,2025,tuik_medas
TR-16-014-20076,neighbourhood,Tekke Mah.,TR-16-014,Orhangazi Bel.,20076,2013,2025,tuik_medas
TR-16-014-20077,neighbourhood,Fatih Mah.,TR-16-014,Orhangazi Bel.,20077,2013,2025,tuik_medas
TR-16-015-11155,neighbourhood,Adalet Mah.,TR-16-015,Osmangazi Bel.,11155,2013,2025,tuik_medas
TR-16-015-11156,neighbourhood,Ahmetpaşa Mah.,TR-16-015,Osmangazi Bel.,11156,2013,2025,tuik_medas
TR-16-015-11157,neighbourhood,Akpınar Mah.,TR-16-015,Osmangazi Bel.,11157,2013,2025,tuik_medas
TR-16-015-11158,neighbourhood,Aktarhüssam Mah.,TR-16-015,Osmangazi Bel.,11158,2013,2025,tuik_medas
TR-16-015-11159,neighbourhood,Alaaddin Mah.,TR-16-015,Osmangazi Bel.,11159,2013,2025,tuik_medas
TR-16-015-11160,neighbourhood,Alacahırka Mah.,TR-16-015,Osmangazi Bel.,11160,2013,2025,tuik_medas
TR-16-015-11161,neighbourhood,Alacamescit Mah.,TR-16-015,Osmangazi Bel.,11161,2013,2025,tuik_medas
TR-16-015-11162,neighbourhood,Alaşarköy Mah.,TR-16-015,Osmangazi Bel.,11162,2013,2025,tuik_medas
TR-16-015-11163,neighbourhood,Alemdar Mah.,TR-16-015,Osmangazi Bel.,11163,2013,2025,tuik_medas
TR-16-015-11164,neighbourhood,Alipaşa Mah.,TR-16-015,Osmangazi Bel.,11164,2013,2025,tuik_medas
TR-16-015-11165,neighbourhood,Altınova Mah.,TR-16-015,Osmangazi Bel.,11165,2013,2025,tuik_medas
TR-16-015-11166,neighbourhood,Altıparmak Mah.,TR-16-015,Osmangazi Bel.,11166,2013,2025,tuik_medas
TR-16-015-11167,neighbourhood,Armutköy Mah.,TR-16-015,Osmangazi Bel.,11167,2013,2025,tuik_medas
TR-16-015-11168,neighbourhood,Atıcılar Mah.,TR-16-015,Osmangazi Bel.,11168,2013,2025,tuik_medas
TR-16-015-11169,neighbourhood,Bağlarbaşı Mah.,TR-16-015,Osmangazi Bel.,11169,2013,2025,tuik_medas
TR-16-015-11170,neighbourhood,Bahar Mah.,TR-16-015,Osmangazi Bel.,11170,2013,2025,tuik_medas
TR-16-015-11171,neighbourhood,Başaran Mah.,TR-16-015,Osmangazi Bel.,11171,2013,2025,tuik_medas
TR-16-015-11172,neighbourhood,Çekirge Mah.,TR-16-015,Osmangazi Bel.,11172,2013,2025,tuik_medas
TR-16-015-11173,neighbourhood,Çeltikköy Mah.,TR-16-015,Osmangazi Bel.,11173,2013,2025,tuik_medas
TR-16-015-11174,neighbourhood,Çırpan Mah.,TR-16-015,Osmangazi Bel.,11174,2013,2025,tuik_medas
TR-16-015-11175,neighbourhood,Çiftehavuzlar Mah.,TR-16-015,Osmangazi Bel.,11175,2013,2025,tuik_medas
TR-16-015-11176,neighbourhood,Çirişhane Mah.,TR-16-015,Osmangazi Bel.,11176,2013,2025,tuik_medas
TR-16-015-11177,neighbourhood,Çukurcaköy Mah.,TR-16-015,Osmangazi Bel.,11177,2013,2025,tuik_medas
TR-16-015-11178,neighbourhood,Demirkapı Mah.,TR-16-015,Osmangazi Bel.,11178,2013,2025,tuik_medas
TR-16-015-11179,neighbourhood,Demirtaşpaşa Mah.,TR-16-015,Osmangazi Bel.,11179,2013,2025,tuik_medas
TR-16-015-11180,neighbourhood,Dereçavuşköy Mah.,TR-16-015,Osmangazi Bel.,11180,2013,2025,tuik_medas
TR-16-015-11181,neighbourhood,Doburca Mah.,TR-16-015,Osmangazi Bel.,11181,2013,2025,tuik_medas
TR-16-015-11182,neighbourhood,Doğanbey Mah.,TR-16-015,Osmangazi Bel.,11182,2013,2025,tuik_medas
TR-16-015-11183,neighbourhood,Doğanevler Mah.,TR-16-015,Osmangazi Bel.,11183,2013,2025,tuik_medas
TR-16-015-11184,neighbourhood,Elmasbahçeler Mah.,TR-16-015,Osmangazi Bel.,11184,2013,2025,tuik_medas
TR-16-015-11185,neighbourhood,Fatih Mah.,TR-16-015,Osmangazi Bel.,11185,2013,2025,tuik_medas
TR-16-015-11186,neighbourhood,Gaziakdemir Mah.,TR-16-015,Osmangazi Bel.,11186,2013,2025,tuik_medas
TR-16-015-11187,neighbourhood,Geçit Mah.,TR-16-015,Osmangazi Bel.,11187,2013,2025,tuik_medas
TR-16-015-11188,neighbourhood,Gülbahçe Mah.,TR-16-015,Osmangazi Bel.,11188,2013,2025,tuik_medas
TR-16-015-11189,neighbourhood,Hacı İlyas Mah.,TR-16-015,Osmangazi Bel.,11189,2013,2025,tuik_medas
TR-16-015-11190,neighbourhood,Hamitler Mah.,TR-16-015,Osmangazi Bel.,11190,2013,2025,tuik_medas
TR-16-015-11191,neighbourhood,Hamzabey Mah.,TR-16-015,Osmangazi Bel.,11191,2013,2025,tuik_medas
TR-16-015-11192,neighbourhood,Hocahasan Mah.,TR-16-015,Osmangazi Bel.,11192,2013,2025,tuik_medas
TR-16-015-11193,neighbourhood,Hüdavendigar Mah.,TR-16-015,Osmangazi Bel.,11193,2013,2025,tuik_medas
TR-16-015-11194,neighbourhood,Hürriyet Mah.,TR-16-015,Osmangazi Bel.,11194,2013,2025,tuik_medas
TR-16-015-11195,neighbourhood,İbrahimpaşa Mah.,TR-16-015,Osmangazi Bel.,11195,2013,2025,tuik_medas
TR-16-015-11196,neighbourhood,İnkaya Mah.,TR-16-015,Osmangazi Bel.,11196,2013,2025,tuik_medas
TR-16-015-11197,neighbourhood,İntizam Mah.,TR-16-015,Osmangazi Bel.,11197,2013,2025,tuik_medas
TR-16-015-11198,neighbourhood,İsmetiye Mah.,TR-16-015,Osmangazi Bel.,11198,2013,2025,tuik_medas
TR-16-015-11199,neighbourhood,İstiklal Mah.,TR-16-015,Osmangazi Bel.,11199,2013,2025,tuik_medas
TR-16-015-11200,neighbourhood,İvazpaşa Mah.,TR-16-015,Osmangazi Bel.,11200,2013,2025,tuik_medas
TR-16-015-11201,neighbourhood,Kavaklı Mah.,TR-16-015,Osmangazi Bel.,11201,2013,2025,tuik_medas
TR-16-015-11202,neighbourhood,Kayıhan Mah.,TR-16-015,Osmangazi Bel.,11202,2013,2025,tuik_medas
TR-16-015-11203,neighbourhood,Kemerçeşme Mah.,TR-16-015,Osmangazi Bel.,11203,2013,2025,tuik_medas
TR-16-015-11204,neighbourhood,Kırcaali Mah.,TR-16-015,Osmangazi Bel.,11204,2013,2025,tuik_medas
TR-16-015-11205,neighbourhood,Ebu İshak Mah.,TR-16-015,Osmangazi Bel.,11205,2013,2025,tuik_medas
TR-16-015-11206,neighbourhood,Kiremitçi Mah.,TR-16-015,Osmangazi Bel.,11206,2013,2025,tuik_medas
TR-16-015-11207,neighbourhood,Kocanaip Mah.,TR-16-015,Osmangazi Bel.,11207,2013,2025,tuik_medas
TR-16-015-11208,neighbourhood,Koğukçınar Mah.,TR-16-015,Osmangazi Bel.,11208,2013,2025,tuik_medas
TR-16-015-11209,neighbourhood,Kuruçeşme Mah.,TR-16-015,Osmangazi Bel.,11209,2013,2025,tuik_medas
TR-16-015-11210,neighbourhood,Küçükbalıklı Mah.,TR-16-015,Osmangazi Bel.,11210,2013,2025,tuik_medas
TR-16-015-11211,neighbourhood,Kükürtlü Mah.,TR-16-015,Osmangazi Bel.,11211,2013,2025,tuik_medas
TR-16-015-11212,neighbourhood,Küplüpınar Mah.,TR-16-015,Osmangazi Bel.,11212,2013,2025,tuik_medas
TR-16-015-11213,neighbourhood,Maksem Mah.,TR-16-015,Osmangazi Bel.,11213,2013,2025,tuik_medas
TR-16-015-11214,neighbourhood,Mehmet Akif Mah.,TR-16-015,Osmangazi Bel.,11214,2013,2025,tuik_medas
TR-16-015-11215,neighbourhood,Mollafenari Mah.,TR-16-015,Osmangazi Bel.,11215,2013,2025,tuik_medas
TR-16-015-11216,neighbourhood,Mollagürani Mah.,TR-16-015,Osmangazi Bel.,11216,2013,2025,tuik_medas
TR-16-015-11217,neighbourhood,Muradiye Mah.,TR-16-015,Osmangazi Bel.,11217,2013,2025,tuik_medas
TR-16-015-11218,neighbourhood,Nalbantoğlu Mah.,TR-16-015,Osmangazi Bel.,11218,2013,2025,tuik_medas
TR-16-015-11219,neighbourhood,Namık Kemal Mah.,TR-16-015,Osmangazi Bel.,11219,2013,2025,tuik_medas
TR-16-015-11220,neighbourhood,Orhanbey Mah.,TR-16-015,Osmangazi Bel.,11220,2013,2025,tuik_medas
TR-16-015-11221,neighbourhood,Osmangazi Mah.,TR-16-015,Osmangazi Bel.,11221,2013,2025,tuik_medas
TR-16-015-11222,neighbourhood,Panayır Mah.,TR-16-015,Osmangazi Bel.,11222,2013,2025,tuik_medas
TR-16-015-11223,neighbourhood,Pınarbaşı Mah.,TR-16-015,Osmangazi Bel.,11223,2013,2025,tuik_medas
TR-16-015-11224,neighbourhood,Reyhan Mah.,TR-16-015,Osmangazi Bel.,11224,2013,2025,tuik_medas
TR-16-015-11225,neighbourhood,Sakarya Mah.,TR-16-015,Osmangazi Bel.,11225,2013,2025,tuik_medas
TR-16-015-11226,neighbourhood,Santral Garaj Mah.,TR-16-015,Osmangazi Bel.,11226,2013,2025,tuik_medas
TR-16-015-11227,neighbourhood,Selamet Mah.,TR-16-015,Osmangazi Bel.,11227,2013,2025,tuik_medas
TR-16-015-11228,neighbourhood,Hocaalizade Mah.,TR-16-015,Osmangazi Bel.,11228,2013,2025,tuik_medas
TR-16-015-11229,neighbourhood,Selimiye Mah.,TR-16-015,Osmangazi Bel.,11229,2013,2025,tuik_medas
TR-16-015-11230,neighbourhood,Sırameşeler Mah.,TR-16-015,Osmangazi Bel.,11230,2013,2025,tuik_medas
TR-16-015-11231,neighbourhood,Soğanlı Mah.,TR-16-015,Osmangazi Bel.,11231,2013,2025,tuik_medas
TR-16-015-11232,neighbourhood,Soğukkuyu Mah.,TR-16-015,Osmangazi Bel.,11232,2013,2025,tuik_medas
TR-16-015-11233,neighbourhood,Şehabettinpaşa Mah.,TR-16-015,Osmangazi Bel.,11233,2013,2025,tuik_medas
TR-16-015-11234,neighbourhood,Şehreküstü Mah.,TR-16-015,Osmangazi Bel.,11234,2013,2025,tuik_medas
TR-16-015-11235,neighbourhood,Tahtakale Mah.,TR-16-015,Osmangazi Bel.,11235,2013,2025,tuik_medas
TR-16-015-11236,neighbourhood,Tayakadın Mah.,TR-16-015,Osmangazi Bel.,11236,2013,2025,tuik_medas
TR-16-015-11237,neighbourhood,Tuna Mah.,TR-16-015,Osmangazi Bel.,11237,2013,2025,tuik_medas
TR-16-015-11238,neighbourhood,Tuzpazarı Mah.,TR-16-015,Osmangazi Bel.,11238,2013,2025,tuik_medas
TR-16-015-11239,neighbourhood,Ulu Mah.,TR-16-015,Osmangazi Bel.,11239,2013,2025,tuik_medas
TR-16-015-11240,neighbourhood,Veysel Karani Mah.,TR-16-015,Osmangazi Bel.,11240,2013,2025,tuik_medas
TR-16-015-11241,neighbourhood,Yahşibey Mah.,TR-16-015,Osmangazi Bel.,11241,2013,2025,tuik_medas
TR-16-015-11242,neighbourhood,Yeniceabat Mah.,TR-16-015,Osmangazi Bel.,11242,2013,2025,tuik_medas
TR-16-015-11243,neighbourhood,Yenikaraman Mah.,TR-16-015,Osmangazi Bel.,11243,2013,2025,tuik_medas
TR-16-015-11244,neighbourhood,Yeşilova Mah.,TR-16-015,Osmangazi Bel.,11244,2013,2025,tuik_medas
TR-16-015-11245,neighbourhood,Yunuseli Mah.,TR-16-015,Osmangazi Bel.,11245,2013,2025,tuik_medas
TR-16-015-11246,neighbourhood,Zafer Mah.,TR-16-015,Osmangazi Bel.,11246,2013,2025,tuik_medas
TR-16-015-11247,neighbourhood,Dikkaldırım Mah.,TR-16-015,Osmangazi Bel.,11247,2013,2025,tuik_medas
TR-16-015-11248,neighbourhood,Gündoğdu Mah.,TR-16-015,Osmangazi Bel.,11248,2013,2025,tuik_medas
TR-16-015-11250,neighbourhood,Demirtaş Barbaros Mah.,TR-16-015,Osmangazi Bel.,11250,2013,2025,tuik_medas
TR-16-015-11251,neighbourhood,Demirtaş Cumhuriyet Mah.,TR-16-015,Osmangazi Bel.,11251,2013,2025,tuik_medas
TR-16-015-11252,neighbourhood,Demirtaş Sakarya Mah.,TR-16-015,Osmangazi Bel.,11252,2013,2025,tuik_medas
TR-16-015-11253,neighbourhood,Demirtaş Dumlupınar Mah.,TR-16-015,Osmangazi Bel.,11253,2013,2025,tuik_medas
TR-16-015-11255,neighbourhood,Emek Adnan Menderes Mah.,TR-16-015,Osmangazi Bel.,11255,2013,2025,tuik_medas
TR-16-015-11256,neighbourhood,Emek Fatih Sultan Mehmet Mah.,TR-16-015,Osmangazi Bel.,11256,2013,2025,tuik_medas
TR-16-015-11257,neighbourhood,Emek Zekai Gümüşdiş Mah.,TR-16-015,Osmangazi Bel.,11257,2013,2025,tuik_medas
TR-16-015-11258,neighbourhood,Kirazlı Mah.,TR-16-015,Osmangazi Bel.,11258,2013,2025,tuik_medas
TR-16-015-11260,neighbourhood,Ovaakça Çeşmebaşı Mah.,TR-16-015,Osmangazi Bel.,11260,2013,2025,tuik_medas
TR-16-015-11261,neighbourhood,Ovaakça Eğitim Mah.,TR-16-015,Osmangazi Bel.,11261,2013,2025,tuik_medas
TR-16-015-11262,neighbourhood,Ovaakça Merkez Mah.,TR-16-015,Osmangazi Bel.,11262,2013,2025,tuik_medas
TR-16-015-11263,neighbourhood,Ovaakça Santral Mah.,TR-16-015,Osmangazi Bel.,11263,2013,2025,tuik_medas
TR-16-015-183473,neighbourhood,Ahmetbey Mah.,TR-16-015,Osmangazi Bel.,183473,2013,2025,tuik_medas
TR-16-015-183475,neighbourhood,Aksungur Mah.,TR-16-015,Osmangazi Bel.,183475,2013,2025,tuik_medas
TR-16-015-183477,neighbourhood,Avdancık Mah.,TR-16-015,Osmangazi Bel.,183477,2013,2025,tuik_medas
TR-16-015-183479,neighbourhood,Çağlayan Mah.,TR-16-015,Osmangazi Bel.,183479,2013,2025,tuik_medas
TR-16-015-183481,neighbourhood,Dağakça Mah.,TR-16-015,Osmangazi Bel.,183481,2013,2025,tuik_medas
TR-16-015-183483,neighbourhood,Doğancı Mah.,TR-16-015,Osmangazi Bel.,183483,2013,2025,tuik_medas
TR-16-015-183485,neighbourhood,Dürdane Mah.,TR-16-015,Osmangazi Bel.,183485,2013,2025,tuik_medas
TR-16-015-183487,neighbourhood,Gökçeören Mah.,TR-16-015,Osmangazi Bel.,183487,2013,2025,tuik_medas
TR-16-015-183489,neighbourhood,Hüseyinalan Mah.,TR-16-015,Osmangazi Bel.,183489,2013,2025,tuik_medas
TR-16-015-183491,neighbourhood,Karabalçık Mah.,TR-16-015,Osmangazi Bel.,183491,2013,2025,tuik_medas
TR-16-015-183493,neighbourhood,Mürseller Mah.,TR-16-015,Osmangazi Bel.,183493,2013,2025,tuik_medas
TR-16-015-183495,neighbourhood,Nilüferköy Mah.,TR-16-015,Osmangazi Bel.,183495,2013,2025,tuik_medas
TR-16-015-183497,neighbourhood,Seç Mah.,TR-16-015,Osmangazi Bel.,183497,2013,2025,tuik_medas
TR-16-015-183499,neighbourhood,Selçukgazi Mah.,TR-16-015,Osmangazi Bel.,183499,2013,2025,tuik_medas
TR-16-015-183501,neighbourhood,Elmaçukur Mah.,TR-16-015,Osmangazi Bel.,183501,2013,2025,tuik_medas
TR-16-015-183503,neighbourhood,Tuzaklı Mah.,TR-16-015,Osmangazi Bel.,183503,2013,2025,tuik_medas
TR-16-015-183505,neighbourhood,Uluçam Mah.,TR-16-015,Osmangazi Bel.,183505,2013,2025,tuik_medas
TR-16-015-183507,neighbourhood,Yiğitali Mah.,TR-16-015,Osmangazi Bel.,183507,2013,2025,tuik_medas
TR-16-015-183509,neighbourhood,Soğukpınar Mah.,TR-16-015,Osmangazi Bel.,183509,2013,2025,tuik_medas
TR-16-015-183511,neighbourhood,Bağlı Mah.,TR-16-015,Osmangazi Bel.,183511,2013,2025,tuik_medas
TR-16-015-183513,neighbourhood,Büyükdeliller Mah.,TR-16-015,Osmangazi Bel.,183513,2013,2025,tuik_medas
TR-16-015-183515,neighbourhood,Çaybaşı Mah.,TR-16-015,Osmangazi Bel.,183515,2013,2025,tuik_medas
TR-16-015-183517,neighbourhood,Güneybayır Mah.,TR-16-015,Osmangazi Bel.,183517,2013,2025,tuik_medas
TR-16-015-183519,neighbourhood,Güneybudaklar Mah.,TR-16-015,Osmangazi Bel.,183519,2013,2025,tuik_medas
TR-16-015-183521,neighbourhood,Karaislah Mah.,TR-16-015,Osmangazi Bel.,183521,2013,2025,tuik_medas
TR-16-015-183523,neighbourhood,Küçükdeliller Mah.,TR-16-015,Osmangazi Bel.,183523,2013,2025,tuik_medas
TR-16-015-183525,neighbourhood,Seferışıklar Mah.,TR-16-015,Osmangazi Bel.,183525,2013,2025,tuik_medas
TR-16-015-99902,neighbourhood,Güneştepe Mah.,TR-16-015,Osmangazi Bel.,99902,2013,2025,tuik_medas
TR-16-015-99903,neighbourhood,Yenibağlar Mah.,TR-16-015,Osmangazi Bel.,99903,2013,2025,tuik_medas
TR-16-015-99904,neighbourhood,Yenikent Mah.,TR-16-015,Osmangazi Bel.,99904,2013,2025,tuik_medas
TR-16-016-184671,neighbourhood,Afşar Mah.,TR-16-016,Yenişehir Bel.,184671,2013,2025,tuik_medas
TR-16-016-184673,neighbourhood,Akbıyık Mah.,TR-16-016,Yenişehir Bel.,184673,2013,2025,tuik_medas
TR-16-016-184675,neighbourhood,Akçapınar Mah.,TR-16-016,Yenişehir Bel.,184675,2013,2025,tuik_medas
TR-16-016-184677,neighbourhood,Akdere Mah.,TR-16-016,Yenişehir Bel.,184677,2013,2025,tuik_medas
TR-16-016-184679,neighbourhood,Alaylı Mah.,TR-16-016,Yenişehir Bel.,184679,2013,2025,tuik_medas
TR-16-016-184681,neighbourhood,Ayaz Mah.,TR-16-016,Yenişehir Bel.,184681,2013,2025,tuik_medas
TR-16-016-184683,neighbourhood,Aydoğdu Mah.,TR-16-016,Yenişehir Bel.,184683,2013,2025,tuik_medas
TR-16-016-184685,neighbourhood,Barcın Mah.,TR-16-016,Yenişehir Bel.,184685,2013,2025,tuik_medas
TR-16-016-184687,neighbourhood,Beypınar Mah.,TR-16-016,Yenişehir Bel.,184687,2013,2025,tuik_medas
TR-16-016-184689,neighbourhood,Burcun Mah.,TR-16-016,Yenişehir Bel.,184689,2013,2025,tuik_medas
TR-16-016-184691,neighbourhood,Cihadiye Mah.,TR-16-016,Yenişehir Bel.,184691,2013,2025,tuik_medas
TR-16-016-184693,neighbourhood,Çamönü Mah.,TR-16-016,Yenişehir Bel.,184693,2013,2025,tuik_medas
TR-16-016-184695,neighbourhood,Çardak Mah.,TR-16-016,Yenişehir Bel.,184695,2013,2025,tuik_medas
TR-16-016-184697,neighbourhood,Çayırlı Mah.,TR-16-016,Yenişehir Bel.,184697,2013,2025,tuik_medas
TR-16-016-184699,neighbourhood,Çelebi Mah.,TR-16-016,Yenişehir Bel.,184699,2013,2025,tuik_medas
TR-16-016-184701,neighbourhood,Çeltikçi Mah.,TR-16-016,Yenişehir Bel.,184701,2013,2025,tuik_medas
TR-16-016-184703,neighbourhood,Çiçeközü Mah.,TR-16-016,Yenişehir Bel.,184703,2013,2025,tuik_medas
TR-16-016-184705,neighbourhood,Demirboğa Mah.,TR-16-016,Yenişehir Bel.,184705,2013,2025,tuik_medas
TR-16-016-184707,neighbourhood,Dereköy Mah.,TR-16-016,Yenişehir Bel.,184707,2013,2025,tuik_medas
TR-16-016-184709,neighbourhood,Ebeköy Mah.,TR-16-016,Yenişehir Bel.,184709,2013,2025,tuik_medas
TR-16-016-184711,neighbourhood,Eğerce Mah.,TR-16-016,Yenişehir Bel.,184711,2013,2025,tuik_medas
TR-16-016-184713,neighbourhood,Fethiye Mah.,TR-16-016,Yenişehir Bel.,184713,2013,2025,tuik_medas
TR-16-016-184715,neighbourhood,Gökçesu Mah.,TR-16-016,Yenişehir Bel.,184715,2013,2025,tuik_medas
TR-16-016-184717,neighbourhood,Günece Mah.,TR-16-016,Yenişehir Bel.,184717,2013,2025,tuik_medas
TR-16-016-184719,neighbourhood,Hayriye Mah.,TR-16-016,Yenişehir Bel.,184719,2013,2025,tuik_medas
TR-16-016-184721,neighbourhood,İncirli Mah.,TR-16-016,Yenişehir Bel.,184721,2013,2025,tuik_medas
TR-16-016-184723,neighbourhood,Karaamca Mah.,TR-16-016,Yenişehir Bel.,184723,2013,2025,tuik_medas
TR-16-016-184725,neighbourhood,Karabahadır Mah.,TR-16-016,Yenişehir Bel.,184725,2013,2025,tuik_medas
TR-16-016-184727,neighbourhood,Karacaahmet Mah.,TR-16-016,Yenişehir Bel.,184727,2013,2025,tuik_medas
TR-16-016-184729,neighbourhood,Karacaali Mah.,TR-16-016,Yenişehir Bel.,184729,2013,2025,tuik_medas
TR-16-016-184731,neighbourhood,Karaköy Mah.,TR-16-016,Yenişehir Bel.,184731,2013,2025,tuik_medas
TR-16-016-184733,neighbourhood,Karasıl Mah.,TR-16-016,Yenişehir Bel.,184733,2013,2025,tuik_medas
TR-16-016-184735,neighbourhood,Kavaklı Mah.,TR-16-016,Yenişehir Bel.,184735,2013,2025,tuik_medas
TR-16-016-184737,neighbourhood,Kıblepınar Mah.,TR-16-016,Yenişehir Bel.,184737,2013,2025,tuik_medas
TR-16-016-184739,neighbourhood,Kızılhisar Mah.,TR-16-016,Yenişehir Bel.,184739,2013,2025,tuik_medas
TR-16-016-184741,neighbourhood,Kızılköy Mah.,TR-16-016,Yenişehir Bel.,184741,2013,2025,tuik_medas
TR-16-016-184743,neighbourhood,Kirazlıyayla Mah.,TR-16-016,Yenişehir Bel.,184743,2013,2025,tuik_medas
TR-16-016-184745,neighbourhood,Koyunhisar Mah.,TR-16-016,Yenişehir Bel.,184745,2013,2025,tuik_medas
TR-16-016-184747,neighbourhood,Kozdere Mah.,TR-16-016,Yenişehir Bel.,184747,2013,2025,tuik_medas
TR-16-016-184749,neighbourhood,Köprühisar Mah.,TR-16-016,Yenişehir Bel.,184749,2013,2025,tuik_medas
TR-16-016-184751,neighbourhood,Mahmudiye Mah.,TR-16-016,Yenişehir Bel.,184751,2013,2025,tuik_medas
TR-16-016-184753,neighbourhood,Marmaracık Mah.,TR-16-016,Yenişehir Bel.,184753,2013,2025,tuik_medas
TR-16-016-184755,neighbourhood,Mecidiye Mah.,TR-16-016,Yenişehir Bel.,184755,2013,2025,tuik_medas
TR-16-016-184757,neighbourhood,Menteşe Mah.,TR-16-016,Yenişehir Bel.,184757,2013,2025,tuik_medas
TR-16-016-184759,neighbourhood,Orhaniye Mah.,TR-16-016,Yenişehir Bel.,184759,2013,2025,tuik_medas
TR-16-016-184761,neighbourhood,Osmaniye Mah.,TR-16-016,Yenişehir Bel.,184761,2013,2025,tuik_medas
TR-16-016-184763,neighbourhood,Papatya Mah.,TR-16-016,Yenişehir Bel.,184763,2013,2025,tuik_medas
TR-16-016-184765,neighbourhood,Paşayayla Mah.,TR-16-016,Yenişehir Bel.,184765,2013,2025,tuik_medas
TR-16-016-184767,neighbourhood,Reşadiye Mah.,TR-16-016,Yenişehir Bel.,184767,2013,2025,tuik_medas
TR-16-016-184769,neighbourhood,Selimiye Mah.,TR-16-016,Yenişehir Bel.,184769,2013,2025,tuik_medas
TR-16-016-184771,neighbourhood,Söylemiş Mah.,TR-16-016,Yenişehir Bel.,184771,2013,2025,tuik_medas
TR-16-016-184773,neighbourhood,Subaşı Mah.,TR-16-016,Yenişehir Bel.,184773,2013,2025,tuik_medas
TR-16-016-184775,neighbourhood,Süleymaniye Mah.,TR-16-016,Yenişehir Bel.,184775,2013,2025,tuik_medas
TR-16-016-184777,neighbourhood,Terziler Mah.,TR-16-016,Yenişehir Bel.,184777,2013,2025,tuik_medas
TR-16-016-184779,neighbourhood,Toprakdere Mah.,TR-16-016,Yenişehir Bel.,184779,2013,2025,tuik_medas
TR-16-016-184781,neighbourhood,Toprakocak Mah.,TR-16-016,Yenişehir Bel.,184781,2013,2025,tuik_medas
TR-16-016-184783,neighbourhood,Yarhisar Mah.,TR-16-016,Yenişehir Bel.,184783,2013,2025,tuik_medas
TR-16-016-184785,neighbourhood,Yazılı Mah.,TR-16-016,Yenişehir Bel.,184785,2013,2025,tuik_medas
TR-16-016-184787,neighbourhood,Yeniköy Mah.,TR-16-016,Yenişehir Bel.,184787,2013,2025,tuik_medas
TR-16-016-184789,neighbourhood,Yıldırım Mah.,TR-16-016,Yenişehir Bel.,184789,2013,2025,tuik_medas
TR-16-016-184791,neighbourhood,Yolören Mah.,TR-16-016,Yenişehir Bel.,184791,2013,2025,tuik_medas
TR-16-016-20088,neighbourhood,Çayır Mah.,TR-16-016,Yenişehir Bel.,20088,2013,2025,tuik_medas
TR-16-016-20089,neighbourhood,Gündoğan Mah.,TR-16-016,Yenişehir Bel.,20089,2013,2025,tuik_medas
TR-16-016-20090,neighbourhood,Hıdırbali Mah.,TR-16-016,Yenişehir Bel.,20090,2013,2025,tuik_medas
TR-16-016-20091,neighbourhood,Kurtuluş Mah.,TR-16-016,Yenişehir Bel.,20091,2013,2025,tuik_medas
TR-16-016-20092,neighbourhood,Tabakhane Mah.,TR-16-016,Yenişehir Bel.,20092,2013,2025,tuik_medas
TR-16-016-20093,neighbourhood,Ulucami Mah.,TR-16-016,Yenişehir Bel.,20093,2013,2025,tuik_medas
TR-16-016-20094,neighbourhood,Yeni Mah.,TR-16-016,Yenişehir Bel.,20094,2013,2025,tuik_medas
TR-16-016-20095,neighbourhood,Yenigün Mah.,TR-16-016,Yenişehir Bel.,20095,2013,2025,tuik_medas
TR-16-016-20096,neighbourhood,Yılmaz Mah.,TR-16-016,Yenişehir Bel.,20096,2013,2025,tuik_medas
TR-16-016-20097,neighbourhood,Yüzüncüyıl Mah.,TR-16-016,Yenişehir Bel.,20097,2013,2025,tuik_medas
TR-16-017-11264,neighbourhood,Erikli Mah.,TR-16-017,Yıldırım Bel.,11264,2013,2025,tuik_medas
TR-16-017-11265,neighbourhood,Bağlaraltı Mah.,TR-16-017,Yıldırım Bel.,11265,2013,2025,tuik_medas
TR-16-017-11266,neighbourhood,Mimarsinan Mah.,TR-16-017,Yıldırım Bel.,11266,2013,2025,tuik_medas
TR-16-017-11267,neighbourhood,Güllük Mah.,TR-16-017,Yıldırım Bel.,11267,2013,2025,tuik_medas
TR-16-017-11268,neighbourhood,Ortabağlar Mah.,TR-16-017,Yıldırım Bel.,11268,2013,2025,tuik_medas
TR-16-017-11269,neighbourhood,Sıracevizler Mah.,TR-16-017,Yıldırım Bel.,11269,2013,2025,tuik_medas
TR-16-017-11270,neighbourhood,Yeşilyayla Mah.,TR-16-017,Yıldırım Bel.,11270,2013,2025,tuik_medas
TR-16-017-11271,neighbourhood,Emirsultan Mah.,TR-16-017,Yıldırım Bel.,11271,2013,2025,tuik_medas
TR-16-017-11272,neighbourhood,Selçukbey Mah.,TR-16-017,Yıldırım Bel.,11272,2013,2025,tuik_medas
TR-16-017-11273,neighbourhood,Eğitim Mah.,TR-16-017,Yıldırım Bel.,11273,2013,2025,tuik_medas
TR-16-017-11274,neighbourhood,152evler Mah.,TR-16-017,Yıldırım Bel.,11274,2013,2025,tuik_medas
TR-16-017-11275,neighbourhood,Beyazıt Mah.,TR-16-017,Yıldırım Bel.,11275,2013,2025,tuik_medas
TR-16-017-11276,neighbourhood,Baruthane Mah.,TR-16-017,Yıldırım Bel.,11276,2013,2025,tuik_medas
TR-16-017-11277,neighbourhood,Davutdede Mah.,TR-16-017,Yıldırım Bel.,11277,2013,2025,tuik_medas
TR-16-017-11278,neighbourhood,Yediselviler Mah.,TR-16-017,Yıldırım Bel.,11278,2013,2025,tuik_medas
TR-16-017-11279,neighbourhood,Vakıf Mah.,TR-16-017,Yıldırım Bel.,11279,2013,2025,tuik_medas
TR-16-017-11280,neighbourhood,İsabey Mah.,TR-16-017,Yıldırım Bel.,11280,2013,2025,tuik_medas
TR-16-017-11281,neighbourhood,Demetevler Mah.,TR-16-017,Yıldırım Bel.,11281,2013,2025,tuik_medas
TR-16-017-11282,neighbourhood,Samanlı Mah.,TR-16-017,Yıldırım Bel.,11282,2013,2025,tuik_medas
TR-16-017-11283,neighbourhood,Millet Mah.,TR-16-017,Yıldırım Bel.,11283,2013,2025,tuik_medas
TR-16-017-11284,neighbourhood,Şirinevler Mah.,TR-16-017,Yıldırım Bel.,11284,2013,2025,tuik_medas
TR-16-017-11285,neighbourhood,Karapınar Mah.,TR-16-017,Yıldırım Bel.,11285,2013,2025,tuik_medas
TR-16-017-11286,neighbourhood,Değirmenönü Mah.,TR-16-017,Yıldırım Bel.,11286,2013,2025,tuik_medas
TR-16-017-11287,neighbourhood,Yiğitler Mah.,TR-16-017,Yıldırım Bel.,11287,2013,2025,tuik_medas
TR-16-017-11288,neighbourhood,Esenevler Mah.,TR-16-017,Yıldırım Bel.,11288,2013,2025,tuik_medas
TR-16-017-11289,neighbourhood,Duaçınarı Mah.,TR-16-017,Yıldırım Bel.,11289,2013,2025,tuik_medas
TR-16-017-11290,neighbourhood,Yunusemre Mah.,TR-16-017,Yıldırım Bel.,11290,2013,2025,tuik_medas
TR-16-017-11291,neighbourhood,Yeşil Mah.,TR-16-017,Yıldırım Bel.,11291,2013,2025,tuik_medas
TR-16-017-11292,neighbourhood,Kurtoğlu Mah.,TR-16-017,Yıldırım Bel.,11292,2013,2025,tuik_medas
TR-16-017-11293,neighbourhood,Karamazak Mah.,TR-16-017,Yıldırım Bel.,11293,2013,2025,tuik_medas
TR-16-017-11294,neighbourhood,Karaağaç Mah.,TR-16-017,Yıldırım Bel.,11294,2013,2025,tuik_medas
TR-16-017-11295,neighbourhood,Mollaarap Mah.,TR-16-017,Yıldırım Bel.,11295,2013,2025,tuik_medas
TR-16-017-11296,neighbourhood,Vatan Mah.,TR-16-017,Yıldırım Bel.,11296,2013,2025,tuik_medas
TR-16-017-11297,neighbourhood,Anadolu Mah.,TR-16-017,Yıldırım Bel.,11297,2013,2025,tuik_medas
TR-16-017-11298,neighbourhood,Kazım Karabekir Mah.,TR-16-017,Yıldırım Bel.,11298,2013,2025,tuik_medas
TR-16-017-11299,neighbourhood,Yavuzselim Mah.,TR-16-017,Yıldırım Bel.,11299,2013,2025,tuik_medas
TR-16-017-11300,neighbourhood,Mevlana Mah.,TR-16-017,Yıldırım Bel.,11300,2013,2025,tuik_medas
TR-16-017-11301,neighbourhood,Şükraniye Mah.,TR-16-017,Yıldırım Bel.,11301,2013,2025,tuik_medas
TR-16-017-11302,neighbourhood,Sinandede Mah.,TR-16-017,Yıldırım Bel.,11302,2013,2025,tuik_medas
TR-16-017-11303,neighbourhood,Hacıseyfettin Mah.,TR-16-017,Yıldırım Bel.,11303,2013,2025,tuik_medas
TR-16-017-11304,neighbourhood,Mehmetakifersoy Mah.,TR-16-017,Yıldırım Bel.,11304,2013,2025,tuik_medas
TR-16-017-11305,neighbourhood,Yıldırım Mah.,TR-16-017,Yıldırım Bel.,11305,2013,2025,tuik_medas
TR-16-017-11306,neighbourhood,Hocataşkın Mah.,TR-16-017,Yıldırım Bel.,11306,2013,2025,tuik_medas
TR-16-017-11307,neighbourhood,Musababa Mah.,TR-16-017,Yıldırım Bel.,11307,2013,2025,tuik_medas
TR-16-017-11308,neighbourhood,Umurbey Mah.,TR-16-017,Yıldırım Bel.,11308,2013,2025,tuik_medas
TR-16-017-11309,neighbourhood,Teferrüç Mah.,TR-16-017,Yıldırım Bel.,11309,2013,2025,tuik_medas
TR-16-017-11310,neighbourhood,Piremir Mah.,TR-16-017,Yıldırım Bel.,11310,2013,2025,tuik_medas
TR-16-017-11311,neighbourhood,Fidyekızık Mah.,TR-16-017,Yıldırım Bel.,11311,2013,2025,tuik_medas
TR-16-017-11312,neighbourhood,Siteler Mah.,TR-16-017,Yıldırım Bel.,11312,2013,2025,tuik_medas
TR-16-017-11313,neighbourhood,Kaplıkaya Mah.,TR-16-017,Yıldırım Bel.,11313,2013,2025,tuik_medas
TR-16-017-11314,neighbourhood,Ertuğrulgazi Mah.,TR-16-017,Yıldırım Bel.,11314,2013,2025,tuik_medas
TR-16-017-11315,neighbourhood,Değirmenlikızık Mah.,TR-16-017,Yıldırım Bel.,11315,2013,2025,tuik_medas
TR-16-017-11316,neighbourhood,Hacivat Mah.,TR-16-017,Yıldırım Bel.,11316,2013,2025,tuik_medas
TR-16-017-11317,neighbourhood,Çınarönü Mah.,TR-16-017,Yıldırım Bel.,11317,2013,2025,tuik_medas
TR-16-017-11318,neighbourhood,Arabayatağı Mah.,TR-16-017,Yıldırım Bel.,11318,2013,2025,tuik_medas
TR-16-017-11319,neighbourhood,Ulus Mah.,TR-16-017,Yıldırım Bel.,11319,2013,2025,tuik_medas
TR-16-017-11320,neighbourhood,Meydancık Mah.,TR-16-017,Yıldırım Bel.,11320,2013,2025,tuik_medas
TR-16-017-11321,neighbourhood,Selimzade Mah.,TR-16-017,Yıldırım Bel.,11321,2013,2025,tuik_medas
TR-16-017-11322,neighbourhood,Davutkadı Mah.,TR-16-017,Yıldırım Bel.,11322,2013,2025,tuik_medas
TR-16-017-11324,neighbourhood,75.Yıl Mah.,TR-16-017,Yıldırım Bel.,11324,2013,2025,tuik_medas
TR-16-017-11325,neighbourhood,Namazgah Mah.,TR-16-017,Yıldırım Bel.,11325,2013,2025,tuik_medas
TR-16-017-11326,neighbourhood,Yenimahalle Mah.,TR-16-017,Yıldırım Bel.,11326,2013,2025,tuik_medas
TR-16-017-11327,neighbourhood,Zümrütevler Mah.,TR-16-017,Yıldırım Bel.,11327,2013,2025,tuik_medas
TR-16-017-11328,neighbourhood,Maltepe Mah.,TR-16-017,Yıldırım Bel.,11328,2013,2025,tuik_medas
TR-16-017-11329,neighbourhood,Akçağlayan Mah.,TR-16-017,Yıldırım Bel.,11329,2013,2025,tuik_medas
TR-16-017-183527,neighbourhood,Hamamlıkızık Mah.,TR-16-017,Yıldırım Bel.,183527,2013,2025,tuik_medas
TR-16-017-183529,neighbourhood,Cumalıkızık Mah.,TR-16-017,Yıldırım Bel.,183529,2013,2025,tuik_medas
TR-16-017-183531,neighbourhood,Zeyniler Mah.,TR-16-017,Yıldırım Bel.,183531,2013,2025,tuik_medas
TR-16-017-183533,neighbourhood,Balaban Mah.,TR-16-017,Yıldırım Bel.,183533,2013,2025,tuik_medas
TR-16-017-749242,neighbourhood,Sakarya Mah.,TR-16-017,Yıldırım Bel.,749242,2025,2025,tuik_medas
TR-16-017-749697,neighbourhood,Çelebi Mehmet Mah.,TR-16-017,Yıldırım Bel.,749697,2025,2025,tuik_medas
