{"type":"FeatureCollection","source_id":"endeksa","retrieved_at":"2026-08-23","features":[{"type":"Feature","properties":{"area_id":"TR-10-009-99009","name_tr":"Zeytinli","area_level":"neighbourhood","parent_id":"TR-10-009","endeksa_id":99009},"geometry":{"coordinates":[[[27.814283508394283,40.398855217597486],[27.81416721644132,40.398891512979844],[27.813969634999978,40.398751086999994],[27.813331670000082,40.39854927200008],[27.809923953463397,40.39849553564005],[27.805030016209912,40.39788214178947],[27.804877288000057,40.39773353300001],[27.804714371100374,40.397870922052846],[27.803306718000158,40.398165460000314],[27.80075124094583,40.39912342328057],[27.7992391106136,40.396748459231674],[27.796510000000183,40.391940000000034],[27.796087892388186,40.391636449357236],[27.796053820750615,40.39152589039668],[27.79699559200003,40.39003884900018],[27.796976387000143,40.38897766800039],[27.795302724000123,40.387675375000015],[27.794211093000115,40.387382710000054],[27.793778161000034,40.387019241000075],[27.793858736000004,40.38640886700057],[27.794669788000135,40.38494333600005],[27.795494557000097,40.384224565000125],[27.798545616000013,40.38346726100036],[27.800055700000087,40.38320505000007],[27.800737633000153,40.383447252000394],[27.801344760000177,40.38391284000005],[27.801449493000064,40.38562050600012],[27.80215000000021,40.38728000000026],[27.80240000000009,40.38762000000031],[27.8040400000001,40.387630000000115],[27.805800000000033,40.38707000000028],[27.80584000000016,40.38722000000013],[27.80420000000015,40.38777000000016],[27.802540000000135,40.387790000000166],[27.802510000000154,40.38787000000008],[27.802410000000236,40.38797000000034],[27.8023400000003,40.38808000000023],[27.80231000000009,40.38820000000021],[27.802170000000046,40.388370000000236],[27.801894575207257,40.38867702860722],[27.801875412000015,40.38870784400012],[27.80188098700006,40.38927832100012],[27.803655692000063,40.390008702000614],[27.804757220000113,40.39146480600016],[27.805320077000033,40.39181055300003],[27.806226350000145,40.39190428500069],[27.8074224450001,40.39160808800011],[27.80756756699998,40.391149399000085],[27.80826990000014,40.390726344000484],[27.80945203600004,40.39110548800005],[27.80976301000004,40.391028480000614],[27.81171615400018,40.39313860600009],[27.81226220000002,40.39318399400008],[27.81324158300015,40.393714235000346],[27.814011519000076,40.394494624000345],[27.8147611550001,40.39567390600007],[27.81541916600014,40.397139246000165],[27.815857727732805,40.39761305706895],[27.815703905893997,40.39762907711395],[27.815680315409224,40.39772929264831],[27.81554000000017,40.39763000000028],[27.814283508394283,40.398855217597486]]],"type":"Polygon"}},{"type":"Feature","properties":{"area_id":"TR-10-009-147755","name_tr":"Hamamlı","area_level":"neighbourhood","parent_id":"TR-10-009","endeksa_id":147755},"geometry":{"coordinates":[[[27.906185732001347,40.39862987000129],[27.90620080000133,40.39871808000163],[27.903710360001355,40.40034501000213],[27.9021277700013,40.399383290001595],[27.89978671553655,40.40067267250299],[27.89800940600128,40.398588032001385],[27.8894289100013,40.39490275000128],[27.8892909000013,40.39171997000187],[27.886766470001305,40.389344190001225],[27.890705140001216,40.3894552600014],[27.893602050001277,40.38635625000131],[27.892772070001342,40.38204443000137],[27.892626201563132,40.38204793149686],[27.892681457006404,40.381648706990745],[27.892829850001363,40.38161508000138],[27.891875410001433,40.37893591000176],[27.89025671002844,40.37820492949169],[27.89194230470366,40.3785732322624],[27.89334023804463,40.37863271878757],[27.894678684860423,40.378662462050045],[27.895987388413573,40.378454259212106],[27.89717711891649,40.378037853536114],[27.89902120119592,40.37747273154713],[27.900462610001398,40.3764141200013],[27.90684750000139,40.37652422900129],[27.904514640001253,40.37088233000139],[27.906301480001332,40.36979571400133],[27.906103982001355,40.368470181001385],[27.906152244001078,40.36817472000098],[27.917011113001138,40.374887011001135],[27.916803911742477,40.37516723671524],[27.916629982644167,40.375202022534836],[27.916403933848642,40.375404276720474],[27.916201679663004,40.37563032551583],[27.916098625558902,40.376121088657385],[27.916261166188235,40.37646313686798],[27.91604701469771,40.37676056949368],[27.91578833220325,40.3769383712098],[27.915633999002125,40.37763201100199],[27.914959103002047,40.3780064070026],[27.913967531002072,40.37933513800232],[27.912556304002123,40.37957933500218],[27.911818558001983,40.38016221600236],[27.91037132900209,40.38052905900207],[27.910237338002105,40.38078750000204],[27.910357156785267,40.38103746628718],[27.91019354062354,40.381222058879814],[27.91050467324402,40.38134521554207],[27.91073414300206,40.38182393600215],[27.91091449077186,40.3820048298727],[27.911430000001985,40.382440000001964],[27.911500000002093,40.38237000000203],[27.913080000002083,40.38362000000211],[27.912970000002076,40.383670000002326],[27.91334000000211,40.384010000002036],[27.913270000002,40.38404000000219],[27.91290000000214,40.38373000000212],[27.91283000000203,40.383800000002225],[27.91136000000205,40.382560000002115],[27.9110256967258,40.382432178161366],[27.91073809600215,40.38244093400243],[27.90971135700198,40.38220404400255],[27.9096870608019,40.382160905841545],[27.909408318491955,40.38213815136737],[27.909419244588435,40.38196333382416],[27.908980015510792,40.38181692413161],[27.908718274800094,40.38179312952121],[27.90856360983463,40.38172174569121],[27.90853981522463,40.381519491505514],[27.908706377495093,40.38149569689568],[27.908991912815793,40.38159087533592],[27.908991912815793,40.38170984838598],[27.909425621562775,40.3818613022342],[27.909515394237246,40.380424939443],[27.90896811820579,40.380401144833],[27.909051399341024,40.38007991759724],[27.908727445002114,40.38005861700219],[27.907718901177873,40.380127506817644],[27.906743322165426,40.38011560951247],[27.90625433231395,40.379909463650506],[27.905994243998634,40.379818046900255],[27.905627443002118,40.37946128500215],[27.903589416001978,40.37878216000257],[27.902023713002052,40.378883429001974],[27.900925540006313,40.37971110114148],[27.898653154745887,40.38206676753748],[27.89836775441654,40.38274135013364],[27.89766519940042,40.383482715710045],[27.896166617994822,40.38728968444536],[27.896226104520053,40.38803921466206],[27.896571126365814,40.388312852677814],[27.896559229060756,40.38890771792927],[27.896559229060756,40.389966578077065],[27.896776681629092,40.39039468782045],[27.896751328001983,40.39061831500214],[27.89693931987773,40.39097272205197],[27.89710650509238,40.39112061666481],[27.897296861972848,40.39123958971521],[27.897570499988376,40.39089456786945],[27.897796548784072,40.391013540919516],[27.89797100400233,40.391267910046565],[27.89846279786576,40.39127528163027],[27.898998176591988,40.391334768155446],[27.89912774579699,40.39158876896573],[27.899976103002075,40.392286197002306],[27.901750938002124,40.39429711400197],[27.903299283153785,40.394125944109305],[27.903293103707654,40.39377371568668],[27.902971876471895,40.393702331856275],[27.902317524695434,40.393630948026214],[27.902222346255144,40.39347628306081],[27.903316898317826,40.39353576958598],[27.90355800271618,40.394138530581756],[27.904765682001994,40.394243450002136],[27.905342258002065,40.39452420000265],[27.905607668002006,40.39490564000221],[27.90582861491663,40.39632911063495],[27.905791537764117,40.39661717158873],[27.905803435069117,40.39721203684019],[27.905767743153888,40.39797346436211],[27.906065175779645,40.398449356563106],[27.906156943298527,40.39844439615683],[27.906185732001347,40.39862987000129]]],"type":"Polygon"}},{"type":"Feature","properties":{"area_id":"TR-10-009-10485","name_tr":"Alaettin","area_level":"neighbourhood","parent_id":"TR-10-009","endeksa_id":10485},"geometry":{"coordinates":[[[27.814283508394283,40.398855217597486],[27.814284639801258,40.3989641243316],[27.815290000000118,40.39996000000065],[27.817320000000166,40.40246000000019],[27.801340000000152,40.40729000000033],[27.80039000000005,40.40599000000009],[27.800030000000106,40.40573000000006],[27.79909000000015,40.40462000000042],[27.79862000000014,40.404640000000086],[27.797370000000114,40.403520000000356],[27.796990000000108,40.403650000000425],[27.794710000000123,40.402260000000524],[27.794060000000172,40.40165000000036],[27.79441000000014,40.40140000000042],[27.794640000000186,40.40108000000026],[27.793680000000165,40.40019000000012],[27.79451000000006,40.4001300000005],[27.794340000000034,40.39991000000009],[27.794370000000242,40.39932000000027],[27.79460000000006,40.399350000000084],[27.794550000000186,40.39889000000022],[27.79813000000013,40.39903000000044],[27.800030000000106,40.3992700000004],[27.80048000000005,40.39928000000015],[27.800800000000038,40.39920000000029],[27.80075124094583,40.39912342328057],[27.803306718000158,40.398165460000314],[27.804714371100374,40.397870922052846],[27.804877288000057,40.39773353300001],[27.805030016209912,40.39788214178947],[27.809923953463397,40.39849553564005],[27.813331670000082,40.39854927200008],[27.813969634999978,40.398751086999994],[27.81416721644132,40.398891512979844],[27.814283508394283,40.398855217597486]]],"type":"Polygon"}},{"type":"Feature","properties":{"area_id":"TR-10-009-147745","name_tr":"Belkıs","area_level":"neighbourhood","parent_id":"TR-10-009","endeksa_id":147745},"geometry":{"coordinates":[[[27.88717093860447,40.4114018946745],[27.887219839974705,40.41150036311359],[27.88713751681945,40.41156383695386],[27.884653980000223,40.412085130000264],[27.87449580790087,40.40861728780408],[27.874836303666825,40.401344370795016],[27.873311404884305,40.40060519430415],[27.87235022387256,40.399913985816],[27.871120000000246,40.40004000000033],[27.870927059690132,40.399567059690526],[27.870143173733823,40.39881349110749],[27.86959209040282,40.398066408403736],[27.868945373458303,40.39776038254803],[27.868081209389118,40.39712261056275],[27.867554451855312,40.395850186429755],[27.867398127714523,40.395833531367714],[27.865966770386706,40.39657539339805],[27.865833672046392,40.39657491533012],[27.850368051679084,40.388394076906934],[27.85030599236586,40.38833573690084],[27.850372509059866,40.388229936231994],[27.859799769000347,40.385072605000346],[27.864339713000334,40.38316950600051],[27.86500027400035,40.383016937000264],[27.870337276000328,40.38306814000032],[27.871718853000345,40.38224262100027],[27.874003316000255,40.38215594500025],[27.875590588000307,40.38179346200036],[27.87731961500026,40.380571399000246],[27.87768707169488,40.38005392483393],[27.87842644567627,40.38022454959895],[27.878419900000438,40.38023820000046],[27.883114443000466,40.38322641900049],[27.882261520000554,40.38515891000043],[27.883223951042794,40.385826608467084],[27.879362773000423,40.393056596000406],[27.880186736070243,40.39331701303428],[27.88172238956355,40.39502409087743],[27.879666070000383,40.39691371000066],[27.87879126000047,40.40234338000067],[27.881751010000414,40.408667240000455],[27.88717093860447,40.4114018946745]]],"type":"Polygon"}},{"type":"Feature","properties":{"area_id":"TR-10-009-99008","name_tr":"Sahil","area_level":"neighbourhood","parent_id":"TR-10-009","endeksa_id":99008},"geometry":{"coordinates":[[[27.790450000000078,40.408600000000035],[27.789970000000153,40.408850000000086],[27.789380000000165,40.409410000000264],[27.786860000000047,40.41100000000034],[27.786410000000103,40.41109000000017],[27.786460000000147,40.4115700000001],[27.786250000000166,40.412080000000174],[27.784090000000162,40.41383000000019],[27.78320000000008,40.414700000000266],[27.780850000000157,40.41780000000023],[27.777370000000133,40.4173200000003],[27.77481000000006,40.41828000000015],[27.771220000000028,40.420010000000104],[27.770040000000108,40.41862000000003],[27.76950000000022,40.417240000000106],[27.76932000000005,40.41622000000024],[27.7689697510001,40.41570591200019],[27.7691263910001,40.41556826000067],[27.768820489000007,40.415493745000276],[27.769081020000158,40.41523160999998],[27.782695794999995,40.40969948000003],[27.787528796000117,40.40376195900018],[27.787944215000152,40.402882281000075],[27.788254344804272,40.40135593151609],[27.7882400000002,40.40165000000036],[27.788970000000177,40.40143000000006],[27.789070000000095,40.401850000000195],[27.789350000000184,40.402200000000164],[27.79008000000016,40.402810000000045],[27.79143000000016,40.40415000000007],[27.792100000000175,40.40466000000015],[27.79172000000017,40.40487000000047],[27.7914100000001,40.40465000000006],[27.7912300000001,40.40525000000014],[27.791830000000232,40.40569000000011],[27.790650000000085,40.40802000000036],[27.790450000000078,40.408600000000035]]],"type":"Polygon"}},{"type":"Feature","properties":{"area_id":"TR-10-009-147739","name_tr":"Aşağıyapıcı","area_level":"neighbourhood","parent_id":"TR-10-009","endeksa_id":147739},"geometry":{"coordinates":[[[27.89560289800056,40.42590206400058],[27.895478718000447,40.42599468500083],[27.894654518000436,40.42480201500041],[27.893624180000472,40.42165692000066],[27.887448320000544,40.41437418000049],[27.88738708000045,40.41151095000038],[27.881751010000414,40.408667240000455],[27.87879126000047,40.40234338000067],[27.879666070000383,40.39691371000066],[27.88172238956355,40.39502409087743],[27.880186736070243,40.39331701303428],[27.879362773000423,40.393056596000406],[27.883223951042794,40.385826608467084],[27.882261520000554,40.38515891000043],[27.883114443000466,40.38322641900049],[27.878419900000438,40.38023820000046],[27.87842644567627,40.38022454959895],[27.87768707169488,40.38005392483393],[27.878538104000484,40.378855451000504],[27.879108580747186,40.37771335435127],[27.87976120267257,40.37805869914882],[27.885315954000646,40.379172499000674],[27.887310545662444,40.37790047001346],[27.8883029710006,40.37801847700075],[27.88903315400978,40.377711347843274],[27.889171920757065,40.3778222067358],[27.889072485735028,40.37795198878405],[27.88946953757676,40.37785400439242],[27.891875410001433,40.37893591000176],[27.892829850001363,40.38161508000138],[27.892681457006404,40.381648706990745],[27.892626201563132,40.38204793149686],[27.892772070001342,40.38204443000137],[27.893602050001277,40.38635625000131],[27.890705140001216,40.3894552600014],[27.886766470001305,40.389344190001225],[27.8892909000013,40.39171997000187],[27.8894289100013,40.39490275000128],[27.89800940600128,40.398588032001385],[27.89978671553655,40.40067267250299],[27.9021277700013,40.399383290001595],[27.903710360001355,40.40034501000213],[27.90620080000133,40.39871808000163],[27.906185732001347,40.39862987000129],[27.906402674000617,40.399008871000945],[27.906498750000594,40.398957820000874],[27.90751910300054,40.40083445300064],[27.909086052000987,40.401743069001384],[27.90889809000106,40.401795740001035],[27.908925013001067,40.402242143001104],[27.908557982000957,40.402744022000945],[27.908889160001024,40.40335426000138],[27.909232430000998,40.407340880001186],[27.903749516001028,40.415343257000984],[27.90246747200098,40.420777521001014],[27.89560289800056,40.42590206400058]]],"type":"Polygon"}},{"type":"Feature","properties":{"area_id":"TR-10-009-147751","name_tr":"Çeltikçi","area_level":"neighbourhood","parent_id":"TR-10-009","endeksa_id":147751},"geometry":{"coordinates":[[[27.815537,40.452685],[27.815664,40.452509],[27.819293,40.447488],[27.81497608117716,40.43753718714834],[27.814974822013085,40.43753930893877],[27.802720000000154,40.40928000000006],[27.801954723673532,40.408470406679044],[27.801340000000152,40.40729000000033],[27.80134,40.40729],[27.817320000000066,40.402460000000055],[27.815290000000118,40.39996000000065],[27.814284639801258,40.3989641243316],[27.814283508394283,40.398855217597486],[27.81554,40.39763],[27.81568,40.397729],[27.81570003935749,40.39764550269841],[27.815703905893997,40.39762907711395],[27.815703983430843,40.397629069038686],[27.815704,40.397629],[27.815858,40.397613],[27.818032978907247,40.39996297721103],[27.818541357000242,40.40013069800057],[27.818627442908404,40.400137437276385],[27.818729,40.400145],[27.819368766876707,40.400195469474276],[27.81959097000015,40.40021286299998],[27.823264662410462,40.39947455350026],[27.825679,40.398989],[27.825697,40.398971],[27.825864,40.398811],[27.825864044021003,40.39881100618221],[27.82586433200032,40.3988107290005],[27.82617186062097,40.398854234812234],[27.826277,40.398869],[27.826539266789243,40.398816367861734],[27.827443233000167,40.39863468400006],[27.829077014522802,40.39805588814927],[27.831836,40.397078],[27.831846,40.397074],[27.832266401465702,40.396890369653754],[27.835050706000118,40.39567374100011],[27.838714565000146,40.39336220800044],[27.840851972578502,40.39186945917435],[27.841106,40.391692],[27.841636,40.391154],[27.84168708599837,40.39110257123957],[27.84178450700017,40.3910037360007],[27.841880279056674,40.39095580006436],[27.841955,40.390918],[27.842572,40.390609],[27.843736400482747,40.39028549365672],[27.844512332000136,40.3900695960005],[27.84465869625378,40.39006242868468],[27.844822,40.390054],[27.844881088599962,40.39005153799062],[27.844942491000154,40.390048531000446],[27.850372509059866,40.388229936231994],[27.850372327307014,40.38823022532629],[27.850373,40.38823],[27.850306101469716,40.388335839466095],[27.85036182172953,40.38838822033343],[27.850368,40.388394],[27.865833841041642,40.39657491593711],[27.865857244883824,40.39657500001099],[27.865967,40.396575],[27.866547148630634,40.39627459169814],[27.867398127714523,40.395833531367714],[27.867519234460783,40.3958464343226],[27.867554,40.39585],[27.867554059889414,40.395850144669154],[27.867554451855312,40.395850186429755],[27.868081209389118,40.39712261056275],[27.868803058381946,40.397655352182355],[27.868945,40.39776],[27.869592,40.398066],[27.870143,40.398813],[27.870927,40.399567],[27.870927059690132,40.399567059690526],[27.871120000000126,40.40003999999986],[27.87235,40.399914],[27.872350010649928,40.39991400765794],[27.87235022387256,40.399913985816],[27.873311404884305,40.40060519430415],[27.873324274606443,40.40061143290012],[27.874836,40.401344],[27.874835989779776,40.401344218645704],[27.874836303666825,40.401344370795016],[27.874617549575127,40.406017092208224],[27.874496,40.408617],[27.874422,40.410097],[27.873850000000175,40.4106000000001],[27.87386,40.411923],[27.873000000000218,40.41243000000003],[27.873640000000194,40.41530000000017],[27.87411000000002,40.41661000000005],[27.875507459564062,40.417799718676804],[27.875506844451827,40.41779986750357],[27.875507,40.4178],[27.870050000000195,40.419120000000106],[27.869050000000243,40.421770000000436],[27.869360745896923,40.42251390737949],[27.86938,40.42256],[27.869755024370306,40.422933677471974],[27.869754821844417,40.42293382232067],[27.869755,40.422934],[27.86946,40.423145],[27.868990000000053,40.42330000000055],[27.868850000000325,40.42354000000008],[27.869233,40.42374],[27.869510000664768,40.4247300006515],[27.869660435902233,40.42487737255419],[27.86950906228376,40.42511646885141],[27.869452,40.425207],[27.869417574404434,40.42523448499382],[27.86932788353738,40.425306413774365],[27.868970000000115,40.425309999999975],[27.86649000000017,40.42699000000033],[27.866026,40.427398],[27.865700000000174,40.427470000000255],[27.86194000000009,40.42971000000011],[27.861519,40.430116],[27.861518988911325,40.430115996280755],[27.86151855601298,40.430116413736926],[27.860070000000047,40.42963000000005],[27.859719,40.430214],[27.85959836349733,40.43019047969821],[27.859560242245834,40.43018320017251],[27.85956009387827,40.43018301830345],[27.85956,40.430183],[27.859370000000155,40.42995000000011],[27.859070000000145,40.43077000000045],[27.858970000000042,40.431360000000076],[27.859157792040435,40.431541680075156],[27.859157744308504,40.43154175246981],[27.859158,40.431542],[27.859060000000177,40.43169000000026],[27.859382,40.432245],[27.859560002700775,40.43331000268395],[27.860679680986152,40.43442258370243],[27.86067972616094,40.434422727878356],[27.86068,40.434423],[27.860767251080087,40.4347020643394],[27.860927470412093,40.43521339940122],[27.86085376001273,40.43531749713986],[27.860460000000216,40.435430000000224],[27.86060000008863,40.43618000011482],[27.861014357581894,40.436715541517685],[27.860360000000068,40.43787000000013],[27.86117,40.43882],[27.86171395021495,40.4392625311815],[27.861880120573005,40.44063251863071],[27.86204199883107,40.44401408905002],[27.86215,40.446268],[27.86213000009464,40.45000998226868],[27.86213000000015,40.45001000000008],[27.85834000000085,40.45128000000142],[27.85833995821918,40.45127999995893],[27.851401,40.451273],[27.851391,40.451508],[27.815537,40.452685]]],"type":"Polygon"}},{"type":"Feature","properties":{"area_id":"TR-10-009-10488","name_tr":"Yalı","area_level":"neighbourhood","parent_id":"TR-10-009","endeksa_id":10488},"geometry":{"coordinates":[[[27.80075124094583,40.39912342328057],[27.800800000000038,40.39920000000029],[27.80048000000005,40.39928000000015],[27.800030000000106,40.3992700000004],[27.79813000000013,40.39903000000044],[27.794550000000186,40.39889000000022],[27.79373000000004,40.39873000000034],[27.79311000000007,40.39837000000017],[27.791640000000143,40.398160000000246],[27.79100000000011,40.39750000000032],[27.79051000000004,40.398350000000335],[27.789940000000172,40.398080000000164],[27.78974000000011,40.39778000000007],[27.78914000000003,40.3975800000004],[27.788920000000132,40.39760000000007],[27.78880000000015,40.39750000000032],[27.788530000000208,40.39667000000003],[27.787744185855956,40.396769003368206],[27.787617248000345,40.39574351000033],[27.787239480000324,40.39434268000002],[27.789310540000315,40.39619115000056],[27.790924830999984,40.39546820300052],[27.79099267800018,40.39430132200016],[27.791411831000346,40.394265844000245],[27.79164188500016,40.394702471000755],[27.792316897000262,40.394685770000706],[27.79372377200025,40.394213270000364],[27.794670046000363,40.393569003000266],[27.79499029700031,40.39320517700014],[27.796053820750615,40.39152589039668],[27.796087892388186,40.391636449357236],[27.796510000000183,40.391940000000034],[27.7992391106136,40.396748459231674],[27.80075124094583,40.39912342328057]]],"type":"Polygon"}},{"type":"Feature","properties":{"area_id":"TR-10-009-147771","name_tr":"Tatlısu","area_level":"neighbourhood","parent_id":"TR-10-009","endeksa_id":147771},"geometry":{"coordinates":[[[27.920731374664285,40.44025811257552],[27.920618285000614,40.44025761700061],[27.920671459000573,40.44112252400066],[27.910904788000664,40.43425862200064],[27.904176690000668,40.43471672000072],[27.90009887000059,40.42817351000076],[27.895676770000648,40.426281280000694],[27.89547875500068,40.42599473800061],[27.90246747200098,40.420777521001014],[27.903749516001028,40.415343257000984],[27.909232430000998,40.407340880001186],[27.908889160001024,40.40335426000138],[27.908557982000957,40.402744022000945],[27.908925013001067,40.402242143001104],[27.90889809000106,40.401795740001035],[27.909395339646437,40.40165639863892],[27.90988659015352,40.401854365261215],[27.91129523106912,40.4016069013166],[27.91124821873018,40.40113717420587],[27.91175316094285,40.40114444515632],[27.912513515104024,40.40179725819689],[27.913389156754192,40.40227315039829],[27.914746875052344,40.402522950586274],[27.91571169852199,40.4026726381386],[27.916530045281945,40.4025967570949],[27.91703145911208,40.40200163418308],[27.917634115188548,40.401549794252446],[27.917900614821235,40.40179725819689],[27.91799579326147,40.4025967570949],[27.918148078765853,40.403586612873255],[27.91798930574072,40.403896220272316],[27.91812207100122,40.40530558800134],[27.91833385500115,40.406045740001105],[27.918839068001148,40.40695740800123],[27.91992357960129,40.40764574023706],[27.920927289220913,40.40733664341889],[27.92140318142191,40.407279536354736],[27.92149835986214,40.40741278617088],[27.92104150334916,40.407660250115555],[27.92075596802846,40.407869642684034],[27.920640429379773,40.4081007199818],[27.920795821001093,40.40819934600114],[27.92179239600125,40.40820365700159],[27.92207375000106,40.4078737850013],[27.922085355201943,40.40787349317162],[27.922031359127686,40.407279536354736],[27.92180293087108,40.4070701437862],[27.921555466926463,40.406860751217664],[27.921688716742835,40.4066703943372],[27.92218364463207,40.406879786905904],[27.922232699001142,40.40786978800105],[27.922774907147982,40.4087594482653],[27.923687463987676,40.410039711121556],[27.924372748757435,40.41038235350658],[27.925019962151055,40.410629817451024],[27.925438747288126,40.41112474534009],[27.925806569986264,40.411492568038625],[27.925951606001092,40.4115911420011],[27.926102562899132,40.41158602031635],[27.926733174075366,40.41181003011002],[27.927513637285358,40.41181003011002],[27.928068080523133,40.41151933398663],[27.928351207559274,40.41123895946873],[27.928808064072427,40.41139124497312],[27.928957083147395,40.4114891717939],[27.92912705400113,40.411483405001206],[27.93122746900127,40.41222500500106],[27.932897492246468,40.41232247904662],[27.93396673553326,40.41192424423849],[27.9345758775508,40.41139124497312],[27.93459491323887,40.4101348895623],[27.93505176975202,40.409982604057916],[27.93563752261639,40.41090833354599],[27.93661269617178,40.41217170818311],[27.937640623326388,40.412952171392874],[27.93845915791229,40.41285699295264],[27.938899426038233,40.413348455046616],[27.939653183001212,40.41363911500173],[27.94111504800111,40.413731076001056],[27.941499335956337,40.41370080383177],[27.94140968955969,40.4128379572648],[27.94281833047512,40.41321867102573],[27.944702863591658,40.41415141974028],[27.945007434600427,40.41420852680426],[27.945463943960533,40.41400465272039],[27.94584500487457,40.41321867102573],[27.946911003405262,40.41390395579549],[27.947896890402717,40.41524736486798],[27.9485100012011,40.41675930900249],[27.949404678539395,40.41841541386253],[27.950413570005765,40.41995730459439],[27.95127017596792,40.421860873399055],[27.952088710553767,40.42260326523274],[27.954068422110765,40.42290783624151],[27.95443313085775,40.422830999489406],[27.95515727000071,40.422985740000684],[27.9527999200007,40.429051190000735],[27.94937907000059,40.428059870000595],[27.93601273000064,40.435217070000874],[27.93246451000067,40.43426800000071],[27.924510377625722,40.440182287915775],[27.924400000000617,40.43987000000078],[27.923320000000615,40.439700000000926],[27.920600000000604,40.44000000000102],[27.920731374664285,40.44025811257552]]],"type":"Polygon"}},{"type":"Feature","properties":{"area_id":"TR-10-009-10486","name_tr":"Atatürk","area_level":"neighbourhood","parent_id":"TR-10-009","endeksa_id":10486},"geometry":{"coordinates":[[[27.80272000000008,40.40928000000014],[27.800650000000076,40.410180000000025],[27.80051000000003,40.410620000000165],[27.800100000000043,40.41069000000027],[27.79942000000011,40.41054000000065],[27.79872000000006,40.4106000000001],[27.79806000000019,40.41041000000041],[27.797310000000095,40.41002000000026],[27.796290000000113,40.411050000000216],[27.791330000000244,40.41345000000018],[27.79109000000011,40.41213000000005],[27.790720000000192,40.41110000000009],[27.79060000000004,40.41051000000033],[27.790400000000034,40.409130000000516],[27.790450000000078,40.408600000000035],[27.790650000000085,40.40802000000036],[27.791830000000232,40.40569000000011],[27.792820000000063,40.404830000000175],[27.792910000000234,40.404610000000275],[27.792640000000063,40.40279000000032],[27.792220000000157,40.40183000000047],[27.7924000000001,40.40050000000042],[27.792000000000257,40.40026000000006],[27.791990000000112,40.39911000000012],[27.792170000000112,40.398690000000045],[27.791640000000143,40.398160000000246],[27.79311000000007,40.39837000000017],[27.79373000000004,40.39873000000034],[27.794550000000186,40.39889000000022],[27.79460000000006,40.399350000000084],[27.794370000000242,40.39932000000027],[27.794340000000034,40.39991000000009],[27.79451000000006,40.4001300000005],[27.793680000000165,40.40019000000012],[27.794640000000186,40.40108000000026],[27.79441000000014,40.40140000000042],[27.794060000000172,40.40165000000036],[27.794710000000123,40.402260000000524],[27.796990000000108,40.403650000000425],[27.797370000000114,40.403520000000356],[27.79862000000014,40.404640000000086],[27.79909000000015,40.40462000000042],[27.800030000000106,40.40573000000006],[27.80039000000005,40.40599000000009],[27.801340000000152,40.40729000000033],[27.801954723673532,40.408470406679044],[27.80272000000008,40.40928000000014]]],"type":"Polygon"}},{"type":"Feature","properties":{"area_id":"TR-10-009-10487","name_tr":"Halitpaşa","area_level":"neighbourhood","parent_id":"TR-10-009","endeksa_id":10487},"geometry":{"coordinates":[[[27.791640000000143,40.398160000000246],[27.792170000000112,40.398690000000045],[27.791990000000112,40.39911000000012],[27.792000000000257,40.40026000000006],[27.7924000000001,40.40050000000042],[27.792220000000157,40.40183000000047],[27.792640000000063,40.40279000000032],[27.792910000000234,40.404610000000275],[27.792820000000063,40.404830000000175],[27.791830000000232,40.40569000000011],[27.7912300000001,40.40525000000014],[27.7914100000001,40.40465000000006],[27.79172000000017,40.40487000000047],[27.792100000000175,40.40466000000015],[27.79143000000016,40.40415000000007],[27.79008000000016,40.402810000000045],[27.789350000000184,40.402200000000164],[27.789070000000095,40.401850000000195],[27.788970000000177,40.40143000000006],[27.7882400000002,40.40165000000036],[27.788254344804272,40.40135593151609],[27.788587812000173,40.39934252700027],[27.78808422300017,40.39747513200007],[27.787811721000196,40.39707472800012],[27.787744185855956,40.396769003368206],[27.788530000000208,40.39667000000003],[27.78880000000015,40.39750000000032],[27.788920000000132,40.39760000000007],[27.78914000000003,40.3975800000004],[27.78974000000011,40.39778000000007],[27.789940000000172,40.398080000000164],[27.79051000000004,40.398350000000335],[27.79100000000011,40.39750000000032],[27.791640000000143,40.398160000000246]]],"type":"Polygon"}},{"type":"Feature","properties":{"area_id":"TR-10-009-147775","name_tr":"Tuzla","area_level":"neighbourhood","parent_id":"TR-10-009","endeksa_id":147775},"geometry":{"coordinates":[[[27.642316580000113,40.45527712600011],[27.642244055000106,40.454873649000035],[27.642351684000005,40.453761260000135],[27.642423339000175,40.45368218100003],[27.64383334400003,40.45343923600012],[27.644367004000173,40.45301240000049],[27.64594909300007,40.45245802000045],[27.64743732900007,40.452351308000175],[27.652056066000057,40.45123842100003],[27.653305400000022,40.45079523700008],[27.65453007100001,40.450074038000196],[27.65579434400007,40.448513499000114],[27.655658877000178,40.446705533000284],[27.655737132000183,40.44594062100009],[27.656071328999985,40.445614941000144],[27.659387371000093,40.445501323000144],[27.661530590000098,40.444571999000175],[27.66217840600001,40.44467971600011],[27.66294140299999,40.445191511000246],[27.666513111000143,40.44577006800006],[27.666609621000134,40.44584204600034],[27.66678372300015,40.446431996000115],[27.666033779000088,40.447386739000194],[27.665197169000123,40.44897739900017],[27.663462440000046,40.44992268600009],[27.663039091000087,40.4511167980005],[27.664095880000048,40.45192461700009],[27.664054415000066,40.453218893999974],[27.66434662900008,40.45429992499999],[27.66572173100019,40.45480817300012],[27.66611149300013,40.45533681700016],[27.66630656000018,40.45682635400004],[27.66721045800017,40.458395626000026],[27.666331510000134,40.45953345600003],[27.666339483000172,40.4599647],[27.66691782700002,40.461273873000096],[27.6679285620001,40.46221012000052],[27.66781984100004,40.46229718000012],[27.66602504600013,40.46243722500003],[27.66473564200004,40.46307932100041],[27.664183889000128,40.46407172800036],[27.66368955700011,40.46653091100018],[27.66225833700014,40.46667123100042],[27.661263647000112,40.46616188500019],[27.660924737627,40.46442748625236],[27.66090000000014,40.46440000000035],[27.66081000000014,40.46434000000016],[27.660650000000032,40.46432000000016],[27.65998000000019,40.46395000000024],[27.658970000000124,40.46295000000026],[27.659120000000087,40.462850000000174],[27.660050000000126,40.463800000000106],[27.660350000000108,40.46392000000026],[27.660480000000177,40.46383000000026],[27.6605172966664,40.463825337916944],[27.66087043500005,40.46328504000064],[27.66078689600016,40.46270119700006],[27.66044334616521,40.462353668633625],[27.660080000000107,40.462540000000274],[27.65994000000012,40.4624300000001],[27.660307555197733,40.462216305118034],[27.659770114000082,40.46167264000013],[27.657180294,40.46104760300017],[27.65722317300009,40.46023246400017],[27.656635860000108,40.459426388000054],[27.65658315600018,40.457705145000546],[27.655061970000077,40.456360276000055],[27.654499013000134,40.45535202100018],[27.652104487000088,40.45429040200054],[27.65090548200004,40.45309815100006],[27.649940455000092,40.45293847900018],[27.647229265000078,40.45379182500005],[27.6468913060001,40.45450281400019],[27.647300249000125,40.456155288000105],[27.647948785000096,40.45774704500013],[27.647865227000125,40.45818183100005],[27.647272968000095,40.458768797999994],[27.645367162000127,40.45809667999998],[27.644438915000137,40.45749613300012],[27.64372082500006,40.45741157900005],[27.642498409000154,40.45789925800017],[27.64316955000004,40.45741089000012],[27.64240752400019,40.4565893410001],[27.642316580000113,40.45527712600011]]],"type":"Polygon"}},{"type":"Feature","properties":{"area_id":"TR-10-009-147777","name_tr":"Yukarıyapıcı","area_level":"neighbourhood","parent_id":"TR-10-009","endeksa_id":147777},"geometry":{"coordinates":[[[27.920731374664285,40.44025811257552],[27.921450000000107,40.4416700000001],[27.921330000000125,40.442030000000045],[27.92076000000003,40.442610000000286],[27.91983000000016,40.44298000000032],[27.918210000000045,40.44400000000019],[27.916610000000162,40.444760000000144],[27.914650000000222,40.44500000000011],[27.914090000000044,40.44595000000021],[27.91311000000013,40.44687000000033],[27.91287000000017,40.44742000000036],[27.912500000000136,40.447670000000414],[27.912080000000174,40.44814000000025],[27.912310000000048,40.44904000000008],[27.91216000000003,40.45029000000034],[27.911460000000034,40.45260000000047],[27.91163000000006,40.454630000000066],[27.91150000000016,40.454790000000344],[27.911540000000116,40.45583000000056],[27.911300000000153,40.45615000000004],[27.911540000000116,40.45651000000015],[27.91159000000016,40.45679000000041],[27.911910000000148,40.45726000000025],[27.91190000000023,40.45797000000016],[27.911270000000115,40.458420000000274],[27.911480000000097,40.45957000000021],[27.911340000000052,40.4597600000003],[27.910810000000083,40.46010000000018],[27.909870000000126,40.45982000000032],[27.907270000000096,40.46017000000012],[27.905600000000106,40.46053000000006],[27.90004000000016,40.46345000000008],[27.896740000000136,40.46481000000034],[27.895680000000027,40.46552000000014],[27.89391000000012,40.46640000000008],[27.890760000000057,40.467120000000364],[27.888930000000187,40.46717000000024],[27.886050000000125,40.46571000000023],[27.881860000000188,40.46493000000032],[27.879330000000095,40.465540000000374],[27.877250000000117,40.463810000000194],[27.873660000000086,40.463890000000276],[27.872770000000173,40.46274000000034],[27.872080000000096,40.461180000000184],[27.871150000000057,40.45967000000013],[27.868860000000154,40.45548000000019],[27.86773000000005,40.4549100000001],[27.866500000000087,40.453340000000594],[27.865420000000086,40.452530000000365],[27.86464000000018,40.452190000000655],[27.86213000000015,40.45001000000008],[27.862149912424798,40.44626817064773],[27.861880120573005,40.44063251863071],[27.86171395021495,40.4392625311815],[27.86117000000013,40.43882000000019],[27.86036000000007,40.437870000000316],[27.861014357581894,40.436715541517685],[27.860600000000034,40.436180000000434],[27.860460000000216,40.435430000000224],[27.86085376001273,40.43531749713986],[27.860927470412093,40.43521339940122],[27.860679680986152,40.43442258370243],[27.859560000000158,40.43331000000029],[27.85938174994311,40.43224531200087],[27.85906000000017,40.431690000000174],[27.859157792040435,40.431541680075156],[27.85897000000017,40.43136000000027],[27.859070000000145,40.43077000000045],[27.85937000000007,40.42995000000013],[27.859560242245834,40.43018320017251],[27.85971917182769,40.430213548819665],[27.860070000000064,40.42963000000009],[27.86151855601298,40.430116413736926],[27.86194000000006,40.42971000000017],[27.865700000000174,40.427470000000255],[27.86602562867654,40.427397509529385],[27.86649000000017,40.42699000000033],[27.86897000000016,40.42531000000008],[27.86932788353738,40.425306413774365],[27.869451642450883,40.42520716361389],[27.869660435902233,40.42487737255419],[27.869510000000105,40.42473000000024],[27.869232893563435,40.423740016881084],[27.86885000000018,40.423540000000514],[27.868990000000053,40.42330000000055],[27.869459781683474,40.42314483744525],[27.869755024370306,40.422933677471974],[27.86938000000015,40.42256000000043],[27.869050000000243,40.421770000000436],[27.870050000000163,40.41912000000019],[27.875507459564062,40.417799718676804],[27.87411000000003,40.41661000000016],[27.873640000000194,40.41530000000017],[27.873000000000218,40.41243000000003],[27.87385965719045,40.41192303507751],[27.873850000000175,40.4106000000001],[27.874421669890637,40.41009667809544],[27.87449580790087,40.40861728780408],[27.884653980000223,40.412085130000264],[27.88713751681945,40.41156383695386],[27.887219839974705,40.41150036311359],[27.88717093860447,40.4114018946745],[27.88738708000045,40.41151095000038],[27.887448320000544,40.41437418000049],[27.893624180000472,40.42165692000066],[27.894654518000436,40.42480201500041],[27.895478718000447,40.42599468500083],[27.89560289800056,40.42590206400058],[27.89547875500068,40.42599473800061],[27.895676770000648,40.426281280000694],[27.90009887000059,40.42817351000076],[27.904176690000668,40.43471672000072],[27.910904788000664,40.43425862200064],[27.920671459000573,40.44112252400066],[27.920618285000614,40.44025761700061],[27.920731374664285,40.44025811257552]]],"type":"Polygon"}},{"type":"Feature","properties":{"area_id":"TR-10-009-147735","name_tr":"Karşıyaka","area_level":"neighbourhood","parent_id":"TR-10-009","endeksa_id":147735},"geometry":{"coordinates":[[[28.000437472000158,40.46470499300062],[27.997717137000052,40.464714762000085],[27.99780174,40.46459037000011],[27.99501323000004,40.4612815700001],[27.983287076000067,40.467321562000166],[27.982758265000086,40.46693444900035],[27.982665084000132,40.46443717600005],[27.982600263000165,40.46436611100012],[27.946529859000123,40.44909993900069],[27.93712718300003,40.45576908900023],[27.935973540000077,40.45218101099999],[27.932917420000138,40.45006732100012],[27.930543050000153,40.45035518000054],[27.926498199835635,40.44635468466004],[27.926226008708625,40.44553241088175],[27.925969991130103,40.44549989134072],[27.92585000000014,40.44403000000051],[27.92587000000003,40.442920000000356],[27.9252800000001,40.44252000000063],[27.925230000000226,40.44177000000042],[27.925060000000144,40.44158000000033],[27.924810000000093,40.441030000000296],[27.924510377625722,40.440182287915775],[27.93246451000067,40.43426800000071],[27.93601273000064,40.435217070000874],[27.94937907000059,40.428059870000595],[27.9527999200007,40.429051190000735],[27.95515727000071,40.422985740000684],[27.954917156000704,40.42293443000085],[27.955217490000166,40.42216661000003],[27.959788530000026,40.424899791000314],[27.962850235000133,40.42493216900033],[27.965265105000242,40.42472192750074],[27.969329910000056,40.424073450000094],[27.970797030000142,40.42291704000013],[27.974680990000138,40.4265807740004],[27.975521083000103,40.426745530000176],[27.976434225000162,40.42717093400006],[27.97705925800011,40.42781608600029],[27.977334691000067,40.42862889400004],[27.97803144800008,40.42957533900028],[27.979312430000164,40.43028433900014],[27.981528813000182,40.43103681000014],[27.98271978700012,40.43122605399998],[27.98479758000019,40.43214657000016],[27.98698064600012,40.43177415400004],[27.987158136000062,40.43133803100011],[27.98752984500004,40.43139620900013],[27.98763175500011,40.43166308000008],[27.990403553000135,40.4339717430006],[27.99140869000007,40.43442251100009],[27.992122042999995,40.435411887000384],[27.993663913000034,40.43632937300009],[27.994053017000113,40.436833844000034],[27.99630640700019,40.43777763000014],[27.99773076600019,40.439972511000065],[27.998263202000032,40.44025175799999],[28.001195014000132,40.44067418200012],[28.001659232607494,40.4407023055918],[28.001930000000186,40.44052000000033],[28.002120000000104,40.44048000000009],[28.002860000000226,40.4405000000001],[28.002890000000036,40.440730000000315],[28.00359000000003,40.44078000000019],[28.004027988007692,40.44144119343463],[28.005451955000183,40.44226976800053],[28.005702632000066,40.442227097000284],[28.00583690639678,40.44184084502325],[28.005729756211338,40.44142929090248],[28.00551395000008,40.44076085200038],[28.00552999059471,40.44066200932912],[28.005430000000047,40.44023000000033],[28.005280000000084,40.440100000000086],[28.00517000000019,40.44004000000024],[28.004820000000223,40.43991000000017],[28.002040000000193,40.43972000000008],[28.002000000000123,40.439760000000206],[28.001810000000035,40.439760000000206],[28.00167000000016,40.43973000000034],[28.00161000000014,40.43966000000023],[28.00161000000014,40.43959000000012],[28.001720000000034,40.43950000000018],[28.004680000000178,40.439640000000225],[28.00508000000019,40.43973000000034],[28.00536000000011,40.43984000000023],[28.005430000000047,40.439770000000294],[28.005680000000098,40.43979000000036],[28.005860000000098,40.43988000000019],[28.005860000000098,40.440020000000175],[28.005780000000243,40.44015000000013],[28.005770000000098,40.440290000000175],[28.006046168552302,40.441236283421574],[28.006402114000025,40.442232172000104],[28.007643659000166,40.443545071000074],[28.01257743800005,40.44641592600021],[28.013110646000143,40.4463260820001],[28.014070704000176,40.44673642000026],[28.014454515000068,40.447508155000435],[28.015354028000104,40.44803156100022],[28.014924104999977,40.44830971100032],[28.000437472000158,40.46470499300062]]],"type":"Polygon"}},{"type":"Feature","properties":{"area_id":"TR-10-009-147737","name_tr":"Ocaklar","area_level":"neighbourhood","parent_id":"TR-10-009","endeksa_id":147737},"geometry":{"coordinates":[[[27.7292456596295,40.45492071448331],[27.729610357848017,40.45481370469158],[27.729735,40.454777],[27.729753,40.454768],[27.73152,40.453897],[27.731762236244954,40.453962036209404],[27.731777102595277,40.453965992538464],[27.731784200411273,40.45396547633687],[27.73226073699999,40.4539288750002],[27.734440663999976,40.45467483700014],[27.73512063734791,40.45485581313488],[27.739888,40.456124],[27.740289505462265,40.45604224853027],[27.74118271267145,40.45585937655803],[27.741238,40.455848],[27.741654,40.455679],[27.742014942431272,40.45553298745688],[27.742491775000076,40.45533957500004],[27.751335829000027,40.44959283200035],[27.75260850600023,40.44842150600027],[27.754001955393164,40.44640176626261],[27.754139,40.446203],[27.755064,40.442785],[27.755040043569082,40.442475440380164],[27.75499985500028,40.441958387000284],[27.754425670240106,40.441447487164005],[27.754154,40.441206],[27.75366230514122,40.44105653014521],[27.753141368970294,40.44089859094576],[27.753088053198447,40.440883015541154],[27.753030000000308,40.440950000000214],[27.752860000000137,40.44109000000007],[27.75284000000022,40.44118000000026],[27.75275000000005,40.44128000000035],[27.7527800000002,40.44143000000031],[27.752910000000085,40.44168000000016],[27.75279999999997,40.44172000000004],[27.75271000000007,40.44167000000014],[27.752590000000104,40.44153000000007],[27.75247000000013,40.44137000000035],[27.75247,40.44137],[27.752553,40.441265],[27.75282,40.44093],[27.752819973031592,40.44092986515789],[27.75274001797882,40.44053008989465],[27.752739999999978,40.44053000000021],[27.75235999999985,40.440069999999864],[27.751300000000086,40.43927000000013],[27.750170000000125,40.43837000000008],[27.750115,40.438313],[27.7499400000001,40.438130000000065],[27.749360000000145,40.437749999999994],[27.749296,40.437699],[27.749160000000188,40.43759000000023],[27.74909,40.43745],[27.74903000000006,40.43731000000031],[27.748935,40.437257],[27.74887000000018,40.43722000000014],[27.74878965173494,40.43716643455102],[27.74872,40.43712],[27.748800000000006,40.43702000000009],[27.74876,40.43684],[27.74876,40.436838],[27.748760954091285,40.43683513772584],[27.74645189946918,40.43162291174766],[27.745756,40.431012],[27.745751678718158,40.43098445183801],[27.745739740000317,40.43091585299999],[27.74588278523044,40.430726937030705],[27.745993,40.430581],[27.7459750798362,40.43053918628915],[27.74595644086125,40.430496822825916],[27.745949,40.43048],[27.746237339327884,40.43035544586825],[27.7470040042763,40.43002399677896],[27.747441222988133,40.42969468025836],[27.748710296000127,40.42873859000008],[27.75168581200012,40.42799994100017],[27.75246001851494,40.4276652486598],[27.754812,40.426648],[27.75508237983154,40.42653152904062],[27.755266720000066,40.42645183000002],[27.75691791143382,40.42544232162574],[27.75916,40.424071],[27.761407471370507,40.422697214450075],[27.76205405999997,40.42230183000021],[27.76287176800014,40.421479089000115],[27.762982015681107,40.42134304211015],[27.763101,40.421196],[27.763576,40.42061],[27.76357708328634,40.420607046538144],[27.763787566000246,40.420032111000296],[27.763787994852724,40.42003201403381],[27.763788,40.420032],[27.76383828084356,40.42002064400981],[27.76446120434961,40.41987979440203],[27.76882,40.415494],[27.768820189934278,40.41549404593219],[27.768820489000007,40.415493745000276],[27.76903244233421,40.41554537504635],[27.769126,40.415568],[27.769125853965445,40.415568129184564],[27.7691263910001,40.41556826000067],[27.76902257279671,40.41565949338191],[27.76897,40.415706],[27.76932,40.41622],[27.76932000000005,40.41622000000024],[27.76950000000022,40.417240000000106],[27.77002573564427,40.41858354740636],[27.77004,40.41862],[27.77122,40.42001],[27.77480999999997,40.41828000000003],[27.77737,40.41732],[27.78085,40.4178],[27.7832,40.4147],[27.78409,40.41383],[27.78625,40.41208],[27.78646,40.41157],[27.786409999999957,40.41109000000007],[27.78686,40.411],[27.78938,40.40941],[27.78997,40.40885],[27.790450000000103,40.408600000000064],[27.7904,40.409130000000204],[27.7906,40.41051],[27.790652349492994,40.41076738629454],[27.790720000000192,40.41110000000009],[27.79108999999999,40.41212999999986],[27.79133000000013,40.41345000000013],[27.79629000000003,40.41105000000011],[27.79731,40.41002],[27.79806,40.41041],[27.79872000000003,40.410600000000045],[27.79942,40.41054],[27.8001,40.41069],[27.80050999999993,40.41062000000001],[27.800650000000033,40.41018000000005],[27.802720000000154,40.40928000000006],[27.814975,40.437539],[27.814976,40.437537],[27.819293,40.447488],[27.815664,40.452509],[27.815537,40.452685],[27.815533,40.452685],[27.81246,40.45694],[27.812452,40.457096],[27.81229,40.460258],[27.812508,40.460379],[27.812244,40.460277],[27.80194,40.46403],[27.801977,40.464187],[27.801936,40.464031],[27.801936,40.46403],[27.793046,40.463548],[27.785290030384143,40.46313000163851],[27.785290000000884,40.463130000000774],[27.77799000000084,40.464300000000776],[27.77140000000071,40.46565000000095],[27.766230000000917,40.46704000000085],[27.760290000000737,40.469100000000765],[27.75823000000082,40.470150000000956],[27.7560600000009,40.47141000000073],[27.752260000000888,40.47403000000082],[27.74810000000093,40.476350000000934],[27.744350000000793,40.4783100000011],[27.743530000000817,40.47851000000094],[27.741110000000617,40.47864000000067],[27.74111,40.47864],[27.74020999999992,40.47707000000009],[27.739968608399124,40.47399270164317],[27.739703529782616,40.4735934650804],[27.73871000000015,40.47259000000013],[27.73822,40.47106],[27.73807595913422,40.469710234573824],[27.73759880548308,40.46855762772759],[27.736670000000093,40.46677999999998],[27.736722,40.464927],[27.735310008078006,40.46312001033796],[27.73531000000014,40.463120000000345],[27.73531,40.46312],[27.735001911959728,40.46159943644648],[27.734633069764186,40.46096415321051],[27.733371143520515,40.459733357640516],[27.732307128599533,40.45895513648236],[27.732203,40.458879],[27.73162000000019,40.458660000000236],[27.73162,40.45866],[27.73142999999997,40.45845000000003],[27.730178062871744,40.45573217289734],[27.730146175364325,40.455695495453405],[27.729906,40.45542],[27.729246,40.454921],[27.729246027117885,40.45492099201439],[27.7292456596295,40.45492071448331]]],"type":"Polygon"}},{"type":"Feature","properties":{"area_id":"TR-10-009-147741","name_tr":"Balıklı","area_level":"neighbourhood","parent_id":"TR-10-009","endeksa_id":147741},"geometry":{"coordinates":[[[27.636070636000113,40.477249183000254],[27.624247880000098,40.48023158500064],[27.62411718600015,40.48021650600003],[27.618025125000088,40.476438762999976],[27.617263381000157,40.47631404900051],[27.61735176300016,40.47571880400005],[27.607927455000038,40.46044290000032],[27.607961264000096,40.460205350000194],[27.608409818999974,40.4600849470001],[27.60898342000013,40.45930910900006],[27.610201750000044,40.458763658000464],[27.61120514700019,40.45806672700007],[27.611373339000068,40.457658439000056],[27.61184479600007,40.45761068400009],[27.614501068000095,40.45808337200049],[27.615805674000057,40.458676761000106],[27.62044517900017,40.45919437900017],[27.62161615600013,40.45982254800015],[27.62268584000003,40.460820393000006],[27.624436925000055,40.46131930400003],[27.625551204000146,40.46139611000012],[27.626636854000083,40.46113803700018],[27.62865900100013,40.45994559800056],[27.628658822000034,40.45911386100022],[27.628190936000067,40.458724072000564],[27.628049752000095,40.458405034000634],[27.62812528000012,40.45805933000008],[27.630456999000046,40.45789773000058],[27.631097477000083,40.457540083000026],[27.63409789900004,40.45721552300017],[27.635596758000133,40.45650897200011],[27.636037310000177,40.456150389000186],[27.636465427000132,40.45531627500009],[27.63737374699997,40.45474435200026],[27.63851044100005,40.45510165200034],[27.641219115000183,40.45543444900011],[27.642221963000054,40.45499546899998],[27.642316580000113,40.45527712600011],[27.64240752400019,40.4565893410001],[27.64316955000004,40.45741089000012],[27.642498409000154,40.45789925800017],[27.64230651100013,40.45905179200014],[27.64214383600006,40.4592085320005],[27.640836574000048,40.45999316500013],[27.63932249200019,40.460069114000476],[27.637527889000125,40.4613091420004],[27.63730157600014,40.46160858300004],[27.637154268000018,40.462134052000124],[27.638910703000136,40.46385591000012],[27.63937133999997,40.46391303500013],[27.640542967000044,40.46465911700005],[27.640558743999975,40.4652979090003],[27.640285268000127,40.465311622000456],[27.63623804200006,40.46667161200003],[27.635372326000038,40.46728612900017],[27.633748859000093,40.467770420000136],[27.633189716000118,40.4685498190006],[27.63314708100006,40.46984451999998],[27.633207351000067,40.470291530000054],[27.632181232000164,40.47133375100037],[27.63236773700004,40.47220166500006],[27.634240620000185,40.47341291300063],[27.63469541900008,40.47495415700007],[27.636042009000107,40.47564304400032],[27.636426221000136,40.47634551100009],[27.636554651999973,40.477104316000066],[27.636070636000113,40.477249183000254]]],"type":"Polygon"}},{"type":"Feature","properties":{"area_id":"TR-10-009-147757","name_tr":"Harmanlı","area_level":"neighbourhood","parent_id":"TR-10-009","endeksa_id":147757},"geometry":{"coordinates":[[[27.60823888300007,40.48159080700066],[27.607792588000166,40.48152336900023],[27.606999941000026,40.48022090100011],[27.60522275400018,40.479312714],[27.60059779300002,40.47843996800009],[27.596664914000144,40.47843996300037],[27.590711656000167,40.47971368100042],[27.58754695500005,40.48079432600002],[27.58409332500014,40.482675949000054],[27.58259201600015,40.4826642190003],[27.58197608400019,40.481714952000175],[27.581979469000032,40.480308760000185],[27.583201091000035,40.476791172000105],[27.583007567000152,40.47618473200038],[27.582546627000056,40.47567464100018],[27.580885780000187,40.47477459100014],[27.580473598000026,40.474065667000104],[27.580448307000154,40.47205711700036],[27.58092614900005,40.470282552000526],[27.57981017500009,40.46824673300057],[27.579382509000084,40.467893650000065],[27.579374465000114,40.4674786460007],[27.57978367900006,40.467220277000195],[27.57970588699999,40.46469181100042],[27.577633771000137,40.463386763000074],[27.577465643000096,40.46286762300048],[27.577603503000148,40.46276232700029],[27.579035188000034,40.46296100500007],[27.580524879999984,40.46351283100057],[27.581178971000043,40.46351283000013],[27.583906783000145,40.46314280200005],[27.584875187000137,40.462607833000106],[27.587495340000146,40.46236828100001],[27.588222937000012,40.461793172000114],[27.590184306000026,40.461296987000196],[27.590551652000045,40.46092256000003],[27.59262859300003,40.460333000000105],[27.593655162000175,40.459462209000264],[27.594981358000098,40.45908887000019],[27.595954443000096,40.4585252600001],[27.597477582000067,40.458630176999975],[27.598925006000115,40.45956411499998],[27.600583497999992,40.45962633900052],[27.60116359100016,40.460179439000456],[27.605482090000123,40.460621242000684],[27.607794244000104,40.460301761000096],[27.607927455000038,40.46044290000032],[27.61735176300016,40.47571880400005],[27.617263381000157,40.47631404900051],[27.60823888300007,40.48159080700066]]],"type":"Polygon"}},{"type":"Feature","properties":{"area_id":"TR-10-009-147747","name_tr":"Çakıl","area_level":"neighbourhood","parent_id":"TR-10-009","endeksa_id":147747},"geometry":{"coordinates":[[[28.015354028000104,40.44803156100022],[28.016347280000048,40.447562264000055],[28.01648412200018,40.447565700000155],[28.019260703000157,40.45024544700061],[28.022499186000175,40.452282534000176],[28.02403096000006,40.453015450000066],[28.02399934800013,40.453521153000395],[28.02350888900014,40.453734064000514],[28.023566345000063,40.454203671000016],[28.024365922732784,40.4555731207808],[28.02453000000014,40.45562000000024],[28.024600000000078,40.455660000000194],[28.024580000000185,40.45574000000022],[28.02469000000025,40.45576000000028],[28.024900000000173,40.455750000000194],[28.02497000000011,40.45579000000026],[28.024980000000085,40.45589000000018],[28.024960000000192,40.455990000000156],[28.024960000000192,40.456090000000074],[28.025080000000173,40.45619000000033],[28.02537000000018,40.45636000000036],[28.02558000000016,40.45654000000019],[28.025640000000124,40.45664000000011],[28.0256500000001,40.456870000000265],[28.025690000000168,40.45711000000023],[28.02571000000006,40.45732000000021],[28.02574000000004,40.4574300000001],[28.025870000000168,40.45750000000021],[28.026040000000194,40.45753000000036],[28.02611000000013,40.45762000000019],[28.026260000000093,40.457760000000235],[28.026590000000056,40.45790000000022],[28.02661000000012,40.458020000000204],[28.026540000000182,40.45805000000024],[28.02639000000022,40.45818000000031],[28.026180000000068,40.45824000000016],[28.026060000000086,40.458290000000204],[28.025940000000105,40.45825000000025],[28.025950000000194,40.45813000000027],[28.025790000000143,40.45807000000008],[28.025750000000187,40.45796000000007],[28.02571000000006,40.45790000000022],[28.025610000000142,40.45791000000003],[28.025540000000035,40.45793000000009],[28.02540000000016,40.45791000000003],[28.025130000000047,40.457700000000216],[28.024870000000192,40.457710000000134],[28.02462000000014,40.45775000000026],[28.02435000000014,40.457830000000115],[28.024060000000134,40.45805000000024],[28.023830000000146,40.458260000000166],[28.023430000000076,40.45879000000019],[28.02327000000014,40.459070000000054],[28.02327000000014,40.45922000000024],[28.02323000000024,40.459290000000124],[28.02314000000007,40.45931000000036],[28.023120000000176,40.45970000000017],[28.02304000000015,40.45975000000021],[28.023120000000176,40.46054000000021],[28.023160000000132,40.46063000000015],[28.023189940707425,40.46073978259312],[28.023368076999986,40.461054712000134],[28.025328424000122,40.461928326000475],[28.02588105300009,40.46230948100015],[28.02625982500018,40.46289321900014],[28.0273772810001,40.46327543000001],[28.027707726000187,40.464638147000244],[28.027588432000073,40.46525845600013],[28.02770290808803,40.46538219069271],[28.028580000000034,40.46599000000026],[28.028540000000078,40.466120000000046],[28.028420000000096,40.466160000000116],[28.02832000000018,40.4661500000002],[28.028210000000172,40.46611000000024],[28.028120000000172,40.46598000000034],[28.027930000000083,40.46587000000028],[28.027800000000184,40.46581000000015],[28.027750000000083,40.465850000000046],[28.027690252263028,40.46582787120849],[28.027361283000175,40.46588947200013],[28.026456635000102,40.46673691700016],[28.026658583000142,40.46823732500013],[28.027095493000047,40.46855109500035],[28.02728362100015,40.46821807000009],[28.027472646999968,40.46821020000016],[28.02772756600001,40.46944212000062],[28.028704991000154,40.470150161000674],[28.029360281000038,40.47022905900013],[28.0293717082032,40.47028000000017],[28.029600000000073,40.47028000000017],[28.02971000000008,40.47023000000007],[28.03008000000017,40.47002000000015],[28.030190000000175,40.4698800000001],[28.030310000000156,40.46968000000004],[28.03036000000003,40.46954000000022],[28.03036000000003,40.46944000000008],[28.030310000000156,40.46918000000011],[28.029730000000143,40.465660000000184],[28.02961000000016,40.465570000000184],[28.02958000000018,40.465470000000096],[28.0295900000001,40.46543000000031],[28.029660000000035,40.46537000000012],[28.029780000000187,40.46531000000033],[28.029910000000143,40.46536000000037],[28.02999000000017,40.46546000000029],[28.030390000000068,40.46773000000036],[28.030610000000138,40.469040000000064],[28.030700000000138,40.46964000000014],[28.030650000000264,40.469820000000254],[28.030590000000075,40.46999000000011],[28.030340000000194,40.47015000000022],[28.028911538968202,40.470935653567665],[28.028609197000037,40.471438621000345],[28.028600514000118,40.47191188800019],[28.02901675100003,40.47210648200013],[28.02940944300019,40.472772433000216],[28.031256824000025,40.47340463900048],[28.03201271200004,40.47429997700016],[28.03265266400001,40.47469025500027],[28.032866034000108,40.475956484000676],[28.034166315000107,40.476688458000126],[28.034462411000106,40.477062432000025],[28.03448492900003,40.47757595800056],[28.034407440999985,40.4776644640001],[28.033469757000034,40.47792190800004],[28.032539963000033,40.48033531200025],[28.031984501000068,40.48095536600022],[28.03072961099997,40.48157627299997],[28.02789878300007,40.48170911600005],[28.027560215000108,40.482315587000585],[28.02688092300008,40.482519719000095],[28.026802390000057,40.4839460700004],[28.02478901700016,40.48367413000028],[28.02476153800012,40.48485207900012],[28.02338469800003,40.485922450000146],[28.022400169000036,40.48599786000017],[28.022211507000065,40.48676034700014],[28.01845295000004,40.486993714000164],[28.017001295000114,40.487483946000054],[28.016078995000157,40.488015055000176],[28.015679349000152,40.48777009900016],[28.015006815000106,40.4877503660004],[28.01435364500003,40.48803512400019],[28.01397328300004,40.48807730499999],[28.01388358300005,40.48800576600007],[28.01378669200011,40.48749948200009],[28.01324107900018,40.48689128900014],[28.000437472000158,40.46470499300062],[28.014924104999977,40.44830971100032],[28.015354028000104,40.44803156100022]]],"type":"Polygon"}},{"type":"Feature","properties":{"area_id":"TR-10-009-147761","name_tr":"Kestanelik","area_level":"neighbourhood","parent_id":"TR-10-009","endeksa_id":147761},"geometry":{"coordinates":[[[28.01324107900018,40.48689128900014],[28.013242565000155,40.48703099700015],[28.0127674310001,40.48712920100007],[28.012345883000023,40.48666987600035],[28.011554674000024,40.48639839700036],[28.010667560000172,40.48666753200018],[28.01016741300009,40.487040851000074],[28.00968373500018,40.48796125600012],[28.010199295000064,40.48876993900029],[28.01008455900012,40.48889221000019],[28.009508438000182,40.48884651700041],[28.009367487000134,40.48832269600018],[28.007901025000137,40.4880548590001],[28.004832666000027,40.48817458400015],[28.004536622000046,40.487832172000594],[28.00325336600008,40.48736103600015],[28.001609894000183,40.488086033],[28.000461496000185,40.48824426200008],[27.999180705000185,40.48752618500009],[27.997904377000054,40.48720186000031],[27.997360502000106,40.487417872000094],[27.99662082200018,40.488325422],[27.99628910000007,40.488368385000285],[27.996156970000186,40.48849302000002],[27.996041789000174,40.488400415000115],[27.99581758700009,40.488429452000275],[27.995536774000186,40.488059711000176],[27.99495953400003,40.48786379100028],[27.994580015000167,40.487267911000174],[27.994027490000178,40.487206871000126],[27.99316939000005,40.48986925000003],[27.99273422800013,40.48995701400037],[27.99180087500008,40.49033863500006],[27.98951931000005,40.49060540000005],[27.989565264000134,40.48983181800031],[27.989946288,40.48895374300008],[27.989777644000128,40.4885243210004],[27.988269866000053,40.48787499300067],[27.98737354700006,40.48797586600023],[27.98749716700013,40.48874180900009],[27.986381769000047,40.48870009600029],[27.9848535430001,40.49019560100015],[27.983827317000078,40.49058313900002],[27.98353315300011,40.48794561600039],[27.982758265000086,40.46693444900035],[27.983287076000067,40.467321562000166],[27.99501323000004,40.4612815700001],[27.99780174,40.46459037000011],[27.997717137000052,40.464714762000085],[28.000437472000158,40.46470499300062],[28.01324107900018,40.48689128900014]]],"type":"Polygon"}},{"type":"Feature","properties":{"area_id":"TR-10-009-147763","name_tr":"Narlı","area_level":"neighbourhood","parent_id":"TR-10-009","endeksa_id":147763},"geometry":{"coordinates":[[[27.724644863292895,40.48705256622691],[27.724470600508027,40.48710258880658],[27.72409634658419,40.487962921983524],[27.720773395591266,40.491107857744566],[27.719952026725878,40.491301516493195],[27.715818367564964,40.48909869636299],[27.711029673161818,40.490170876807326],[27.70154737853926,40.49097597729383],[27.69957389937514,40.4898557049608],[27.69725300412017,40.48948059203076],[27.6959838787497,40.49057009141694],[27.696059563654217,40.491482976665566],[27.69539061247997,40.491533714176114],[27.694984713626752,40.4917231336413],[27.694178393207608,40.49247332895516],[27.692678801810985,40.492669291254344],[27.691888765513227,40.49261753088223],[27.69110363571758,40.4924399011295],[27.69107000000008,40.49232000000012],[27.689888436432227,40.49114213677416],[27.68934481155361,40.49084506469433],[27.688578454439835,40.49013622958745],[27.68817654935316,40.489937849684395],[27.68801408225437,40.48996464721887],[27.68815090100003,40.48980387600017],[27.688219991000096,40.488804576000575],[27.688051359000326,40.488044089000084],[27.687695887000075,40.48752499200003],[27.686013543000115,40.48601195800012],[27.684392846000264,40.48503649800023],[27.686016750000306,40.483078207999995],[27.688053441000363,40.4816608000005],[27.688606323000272,40.48077632700006],[27.688381219999997,40.478662569000164],[27.687990008000156,40.47729765800011],[27.688250150000158,40.47589640100006],[27.6871513600002,40.474954881000315],[27.687172436000026,40.47455205900002],[27.687575738000135,40.47426689000014],[27.687705879936516,40.47387783991502],[27.68696000000017,40.47321000000028],[27.686880000000144,40.473060000000146],[27.68695000000008,40.472730000000354],[27.687100000000044,40.47260000000006],[27.68711000000019,40.47255000000018],[27.687280000000044,40.472450000000265],[27.687690000000032,40.47203000000019],[27.687900000000184,40.471800000000314],[27.68798000000004,40.47182000000021],[27.688370000000134,40.47197000000034],[27.68835000000007,40.47204000000028],[27.688300000000197,40.47204000000028],[27.687940000000083,40.47197000000034],[27.687300000000278,40.47281000000004],[27.68745000000007,40.47292000000027],[27.68742000000009,40.473250000000235],[27.687887173828415,40.47367470348041],[27.688533867000274,40.47362435900021],[27.69069393600023,40.47290473800024],[27.693628351000314,40.4730219500002],[27.697552399000244,40.47255729000062],[27.699428495000063,40.47140573100029],[27.6996865980002,40.47097387900044],[27.69958727900024,40.47047091300021],[27.69986407900018,40.469842911000114],[27.70467777000033,40.468736434000675],[27.70837392700014,40.46725198800027],[27.709835083000257,40.46546888300077],[27.712147356000173,40.46367601500003],[27.712268014000244,40.46314287600006],[27.71162231200026,40.461060718000454],[27.711601949000283,40.46049799100052],[27.711881146000167,40.46017763500015],[27.7138170420003,40.46002756500036],[27.715039108000326,40.4595699810003],[27.716097525000237,40.45855590200068],[27.716422282000224,40.456852848000096],[27.716784600000153,40.456377611000335],[27.71752774800018,40.45602218400012],[27.71822473900022,40.456002500000295],[27.719238569000254,40.456309963000024],[27.720626761000176,40.45610741700051],[27.721279508000293,40.456297231000406],[27.72248597400028,40.45602632600031],[27.72571214500033,40.45595734400007],[27.7292456596295,40.45492071448331],[27.729906414664356,40.4554197178785],[27.730178062871744,40.45573217289734],[27.731430000000103,40.458450000000084],[27.73162000000019,40.458660000000236],[27.73220253645502,40.4588786362246],[27.733371143520515,40.459733357640516],[27.734633069764186,40.46096415321051],[27.735001911959728,40.46159943644648],[27.73531000000014,40.463120000000345],[27.73672238445363,40.46492745702773],[27.73667000000006,40.466780000000085],[27.737598765153223,40.468557530305816],[27.73807595913422,40.469710234573824],[27.73822000000007,40.47106000000019],[27.738710000000083,40.47259000000031],[27.739703529782616,40.4735934650804],[27.739968608399124,40.47399270164317],[27.740210000000047,40.47707000000008],[27.74106890570073,40.478568313278004],[27.74102277713382,40.47868107588505],[27.739375449090062,40.479441103744364],[27.737027280983,40.47884090514049],[27.734567067716796,40.478938921605106],[27.732477493339843,40.47980842385721],[27.7290938502818,40.48403261522543],[27.725639372292278,40.485770313854516],[27.72459280149127,40.48691824699665],[27.724644863292895,40.48705256622691]]],"type":"Polygon"}},{"type":"Feature","properties":{"area_id":"TR-10-009-147749","name_tr":"Şahinburgaz","area_level":"neighbourhood","parent_id":"TR-10-009","endeksa_id":147749},"geometry":{"coordinates":[[[27.920111120078843,40.507751853346804],[27.919910000000186,40.507760000000076],[27.919870000000117,40.50766000000016],[27.919670000000053,40.507600000000195],[27.919870000000117,40.50691000000063],[27.920100000000105,40.50688000000031],[27.919770000000142,40.50666000000018],[27.919540000000154,40.50604000000004],[27.918950000000166,40.50508000000019],[27.918950000000166,40.50482000000039],[27.918390000000045,40.50428000000045],[27.91810000000021,40.503610000000435],[27.917620000000113,40.5035000000002],[27.9177600000001,40.50345000000016],[27.9177600000001,40.50322000000017],[27.917590000000075,40.503020000000106],[27.91741000000013,40.50204000000042],[27.917280000000176,40.501910000000464],[27.917280000000176,40.50182000000012],[27.917440000000113,40.50180000000006],[27.91752000000014,40.5015600000001],[27.917550000000176,40.50102000000004],[27.916740000000118,40.50078000000008],[27.916630000000055,40.50006000000019],[27.916390000000092,40.49948000000012],[27.923020000000122,40.485240000000374],[27.919420000000173,40.4755200000003],[27.92045000000013,40.47620000000006],[27.921370000000195,40.476660000000265],[27.922010000000057,40.476630000000114],[27.923360000000173,40.47629000000023],[27.92420000000004,40.47602000000006],[27.924490000000105,40.47575000000029],[27.92612000000014,40.46908000000013],[27.927350000000104,40.46796000000023],[27.92680000000007,40.466310000000135],[27.927750000000174,40.45581000000033],[27.929140000000075,40.45152000000064],[27.927340000000186,40.44877000000048],[27.927410000000123,40.44830000000013],[27.927340000000186,40.44778000000031],[27.92645146488678,40.44697002081824],[27.926771230485997,40.44687971003788],[27.926822650765757,40.44674893526894],[27.92676201318693,40.44661573147016],[27.930543050000153,40.45035518000054],[27.932917420000138,40.45006732100012],[27.935973540000077,40.45218101099999],[27.93712718300003,40.45576908900023],[27.946529859000123,40.44909993900069],[27.982600263000165,40.46436611100012],[27.982665084000132,40.46443717600005],[27.982758265000086,40.46693444900035],[27.98353315300011,40.48794561600039],[27.983827317000078,40.49058313900002],[27.983549107000158,40.490664443000185],[27.981983768000077,40.49054953700028],[27.981492155000126,40.49111590900009],[27.980190370000173,40.49175949100038],[27.978721522000114,40.49176187800049],[27.97729649600018,40.4925351330001],[27.975962996000135,40.49261606800064],[27.97583602100002,40.49254475600043],[27.97575700300007,40.49204731900039],[27.97477686100018,40.491971227000136],[27.973998955000127,40.49164127800009],[27.974013287000048,40.49152996500004],[27.974789025999996,40.490910127999996],[27.97208587199998,40.490600595000046],[27.971218833000137,40.490773999000055],[27.970857957000078,40.4910363460005],[27.97008243500005,40.4933552330001],[27.969470154000135,40.49374496700017],[27.96737941800012,40.49349266900043],[27.966282231000037,40.493029438000065],[27.96559943000011,40.49233633400041],[27.964864525000166,40.49243997400009],[27.96448674800007,40.49322796500002],[27.963888750000137,40.49372022000034],[27.963753400000144,40.494338684000354],[27.961244160000035,40.49517026900014],[27.95980902800011,40.49504898000015],[27.95784840600004,40.49574283000004],[27.957561587000043,40.496197714000516],[27.95760738900009,40.496718084000406],[27.95810728800018,40.497080141000254],[27.95799240499997,40.49758825700019],[27.956617924000057,40.49792447600004],[27.956226111000035,40.49863389800015],[27.956289200000185,40.499933262000184],[27.955885313000067,40.50010799800003],[27.95506141000004,40.500005504000114],[27.95426800300004,40.49921027300013],[27.9528763780001,40.49904871300009],[27.952678124000045,40.4984992920007],[27.951421179000192,40.49763864800019],[27.951237540000193,40.49713289700003],[27.950797477000094,40.49691897600019],[27.949050531000182,40.49706528799999],[27.94876524099999,40.49769862400018],[27.94767972600016,40.498640758000136],[27.944976267000015,40.49902584500012],[27.944567665000136,40.49849724300009],[27.944081057000062,40.49867732000018],[27.94274273600007,40.49835038900005],[27.942289529000107,40.49863235800052],[27.942107450000094,40.49912827999998],[27.94242769200008,40.49972847200007],[27.942937343999972,40.50013348300047],[27.942917584000156,40.500636877000375],[27.94195086600007,40.501058623999995],[27.9415494320001,40.50055992100005],[27.94146885599997,40.50098718500004],[27.941123675000142,40.50125709299999],[27.940194216000066,40.50137216900009],[27.93921981700015,40.501947736000034],[27.938181711000084,40.502121703000114],[27.937512526000035,40.50179812600027],[27.936822870000185,40.50193683400005],[27.93642485900017,40.502653536000025],[27.935464486000058,40.502921818000516],[27.934773117000134,40.50351754300016],[27.93439243100005,40.50363074100011],[27.93297460300016,40.502529113000264],[27.93237780400011,40.50153129200004],[27.930974182000114,40.501719377000086],[27.93094805300018,40.502540002000046],[27.930027478000113,40.50353046099997],[27.929385132000107,40.50327497700016],[27.928600979000123,40.50239642200006],[27.927805076000084,40.502495518000046],[27.927911768000058,40.50350638200007],[27.928511021000133,40.504606766000165],[27.928375638000034,40.505072602000155],[27.92535359300001,40.505774912000504],[27.924695877000147,40.50617791900004],[27.924670889000026,40.50669790000012],[27.92430309500014,40.50693885800035],[27.92065112000006,40.50705796800008],[27.92001372300018,40.50724808800004],[27.919968521000158,40.50743504600001],[27.920111120078843,40.507751853346804]]],"type":"Polygon"}},{"type":"Feature","properties":{"area_id":"TR-10-009-147769","name_tr":"Poyrazlı","area_level":"neighbourhood","parent_id":"TR-10-009","endeksa_id":147769},"geometry":{"coordinates":[[[27.636070636000113,40.477249183000254],[27.636321810000084,40.47724051200015],[27.63725285300012,40.4779616010004],[27.638280556000154,40.477966794000054],[27.6389499120001,40.47888926600018],[27.640422704000116,40.480303020000065],[27.641159593000054,40.48156820800011],[27.641619771000137,40.48176029200056],[27.64209140000014,40.48139457500008],[27.64288856100012,40.48158864400057],[27.644693261000043,40.48456208900012],[27.645623904000047,40.485382036000374],[27.646197151000138,40.485689398000034],[27.646880432000103,40.48516705300011],[27.647515063000128,40.48525107300014],[27.647611300000165,40.48682545700052],[27.64789629800015,40.48739823600022],[27.649398612000084,40.487541083000224],[27.64970798200011,40.487942581000084],[27.649899896000193,40.48837131200008],[27.64985729,40.49058599800003],[27.650567404000185,40.491213063000146],[27.651155656000185,40.492856676000656],[27.65055608400013,40.493215269000075],[27.649720902000126,40.49426604400003],[27.648705398000118,40.49476356600019],[27.64783383300005,40.49474835300009],[27.647507809000047,40.49441318100003],[27.647636969000075,40.49384385299999],[27.646314921000112,40.49337347200043],[27.64293283000012,40.49461706100038],[27.642352887000015,40.49503447900014],[27.64186358300003,40.49592869700001],[27.641179133000094,40.496438770000054],[27.640705285000138,40.497437341000136],[27.640342690000068,40.497710664000465],[27.640247025000065,40.49898397600066],[27.640140336,40.499072971000146],[27.637134787000093,40.49876800700014],[27.63600895800016,40.4972272730007],[27.634817473000055,40.496948035000514],[27.632889987000112,40.49601002200012],[27.629538456000148,40.49561924300019],[27.62413022700008,40.49840991600041],[27.621489054000108,40.500343124000494],[27.621277825000107,40.50085586900019],[27.621618042000136,40.50133449000009],[27.62266153000013,40.502207262000184],[27.623934424000083,40.50281996000007],[27.623982592000175,40.50293278300012],[27.623747795000043,40.50337642000011],[27.623304291000125,40.503480177000085],[27.621297874000106,40.50333294100034],[27.61937890500002,40.505098221000026],[27.619265989000098,40.50507270500003],[27.61956740800008,40.502405396000086],[27.619903984000075,40.50167704100011],[27.620002304000025,40.50037776500011],[27.620351318000132,40.49958949400013],[27.620805374000042,40.496217583000146],[27.621145935000072,40.49551411000044],[27.624160426000174,40.48031078800017],[27.624247880000098,40.48023158500064],[27.636070636000113,40.477249183000254]]],"type":"Polygon"}},{"type":"Feature","properties":{"area_id":"TR-10-009-147767","name_tr":"Paşalimanı","area_level":"neighbourhood","parent_id":"TR-10-009","endeksa_id":147767},"geometry":{"coordinates":[[[27.619265989000098,40.50507270500003],[27.61918175400018,40.50580787700011],[27.619908542000076,40.507585305000134],[27.619584723000173,40.50849010100018],[27.620137116000137,40.50962460300008],[27.621362945000044,40.51047073300009],[27.62133791700012,40.510579103],[27.620922358000087,40.51080969700007],[27.62079189500008,40.51079328100013],[27.620175107000023,40.51030570800003],[27.61828363400008,40.51041500100047],[27.61641876000016,40.50858849200006],[27.61535061400008,40.50789346500005],[27.611290080000174,40.5079700710005],[27.608862008000187,40.50861690700037],[27.605130088000124,40.508110058000625],[27.600430624000126,40.51010077800049],[27.598055384000077,40.5094740790006],[27.598175780000076,40.508406778000165],[27.600749658999973,40.5068436520001],[27.601891601000148,40.49970794600034],[27.603587733000154,40.49522446800046],[27.603472482000143,40.49384892800015],[27.6038135980001,40.49269456400003],[27.604233475000115,40.49215165100014],[27.6052253310001,40.491619476000096],[27.605650317000084,40.49115580600011],[27.606924701000025,40.48815297200014],[27.60795083900001,40.48779762900017],[27.60828983900018,40.48599835700065],[27.608205916000088,40.48431492200018],[27.60787600600014,40.483447331000434],[27.60823888300007,40.48159080700066],[27.617263381000157,40.47631404900051],[27.618025125000088,40.476438762999976],[27.62411718600015,40.48021650600003],[27.624247880000098,40.48023158500064],[27.624160426000174,40.48031078800017],[27.621145935000072,40.49551411000044],[27.620805374000042,40.496217583000146],[27.620351318000132,40.49958949400013],[27.620002304000025,40.50037776500011],[27.619903984000075,40.50167704100011],[27.61956740800008,40.502405396000086],[27.619265989000098,40.50507270500003]]],"type":"Polygon"}},{"type":"Feature","properties":{"area_id":"TR-10-009-147743","name_tr":"Ballıpınar","area_level":"neighbourhood","parent_id":"TR-10-009","endeksa_id":147743},"geometry":{"coordinates":[[[27.920111120078843,40.507751853346804],[27.920174810000105,40.50789335100001],[27.91985187200021,40.5079251100006],[27.919827523000208,40.50802740200021],[27.91671054300008,40.508717764000096],[27.915886166000178,40.50881895200013],[27.913466410000126,40.508604947000094],[27.912481727000113,40.50881263300005],[27.912129399000264,40.50868456900082],[27.91164141000013,40.50873256099999],[27.91114998600017,40.50665257200029],[27.90987739800022,40.50689321300024],[27.90923242300005,40.50717273300006],[27.908977996000203,40.50759912900054],[27.90847907500006,40.507852469],[27.906415603000028,40.50839349099999],[27.905262954000307,40.50887532799999],[27.90472198300023,40.50858703700021],[27.904869709000195,40.50808928500027],[27.904044150000175,40.50670803899999],[27.90135942000029,40.50620710000038],[27.897099402000038,40.507735200000184],[27.896538958000065,40.508065966000174],[27.896342499000014,40.50829802700014],[27.89628927200033,40.508906024000225],[27.896393258000217,40.50998837499998],[27.896172144000218,40.51024394100017],[27.896142100000247,40.510587120000764],[27.892901506000157,40.50972071600012],[27.89225032200028,40.5097064470001],[27.89180974300035,40.51206398500011],[27.89185820200015,40.51283236200055],[27.891595042000233,40.513212849000354],[27.89155999000019,40.513400410000145],[27.891388840000218,40.51330694600074],[27.89061676200032,40.513479284000255],[27.890078116000325,40.51320256000031],[27.88986170000021,40.51262696400079],[27.889301226000327,40.5125619530001],[27.889117828999986,40.51206675400044],[27.8885426450002,40.51186665500035],[27.88826086000023,40.5124383000001],[27.887604892000127,40.51274595300009],[27.887154301000237,40.512763704000236],[27.88672984400023,40.51246477600051],[27.886225076000187,40.512324084000056],[27.885018923000132,40.51261561600006],[27.884793808000268,40.512879393000446],[27.883228374000055,40.51362060900067],[27.88303129900021,40.51406337600008],[27.880961660000253,40.51410382600005],[27.880518036000183,40.513842860000125],[27.880026891000114,40.51382221000006],[27.879054805000123,40.5140571660001],[27.878943909000043,40.51429219000005],[27.878828290000172,40.5143431300005],[27.878458789000206,40.51420122700057],[27.87827818000011,40.514244880000035],[27.87597765999999,40.511912961000064],[27.873130573000253,40.51288255200029],[27.872414808000258,40.5134668350002],[27.872381044000292,40.51461325000082],[27.871862001000068,40.51493968200015],[27.871709609999982,40.515559935],[27.87146911200017,40.515752625000175],[27.871343630000297,40.5160559200001],[27.870906394000315,40.5162034810005],[27.870586632000197,40.5164596780001],[27.86914469000004,40.51679803100012],[27.869147381000346,40.51672933000003],[27.868397631000164,40.516630118000364],[27.868210112000156,40.51620687300078],[27.867711691000068,40.516002794000144],[27.867709762000175,40.51577746200019],[27.86681184800028,40.51513501100038],[27.86617198200031,40.5152367080002],[27.86590924400025,40.51570582800008],[27.864803076000214,40.51560372700044],[27.862929060000226,40.51669271000003],[27.859563632000288,40.51644704200049],[27.857233332000362,40.51417041400077],[27.85700771952554,40.51412310237896],[27.85618000000119,40.51066000000145],[27.856350000001214,40.50433000000157],[27.853380000001152,40.469200000001365],[27.85640000000126,40.46123000000131],[27.85834000000085,40.45128000000142],[27.86213000000015,40.45001000000008],[27.86464000000018,40.452190000000655],[27.865420000000086,40.452530000000365],[27.866500000000087,40.453340000000594],[27.86773000000005,40.4549100000001],[27.868860000000154,40.45548000000019],[27.871150000000057,40.45967000000013],[27.872080000000096,40.461180000000184],[27.872770000000173,40.46274000000034],[27.873660000000086,40.463890000000276],[27.877250000000117,40.463810000000194],[27.879330000000095,40.465540000000374],[27.881860000000188,40.46493000000032],[27.886050000000125,40.46571000000023],[27.888930000000187,40.46717000000024],[27.890760000000057,40.467120000000364],[27.89391000000012,40.46640000000008],[27.895680000000027,40.46552000000014],[27.896740000000136,40.46481000000034],[27.90004000000016,40.46345000000008],[27.905600000000106,40.46053000000006],[27.907270000000096,40.46017000000012],[27.909870000000126,40.45982000000032],[27.910810000000083,40.46010000000018],[27.911340000000052,40.4597600000003],[27.911480000000097,40.45957000000021],[27.911270000000115,40.458420000000274],[27.91190000000023,40.45797000000016],[27.911910000000148,40.45726000000025],[27.91159000000016,40.45679000000041],[27.911540000000116,40.45651000000015],[27.911300000000153,40.45615000000004],[27.911540000000116,40.45583000000056],[27.91150000000016,40.454790000000344],[27.91163000000006,40.454630000000066],[27.911460000000034,40.45260000000047],[27.91216000000003,40.45029000000034],[27.912310000000048,40.44904000000008],[27.912080000000174,40.44814000000025],[27.912500000000136,40.447670000000414],[27.91287000000017,40.44742000000036],[27.91311000000013,40.44687000000033],[27.914090000000044,40.44595000000021],[27.914650000000222,40.44500000000011],[27.916610000000162,40.444760000000144],[27.918210000000045,40.44400000000019],[27.91983000000016,40.44298000000032],[27.92076000000003,40.442610000000286],[27.921330000000125,40.442030000000045],[27.921450000000107,40.4416700000001],[27.920600000000604,40.44000000000102],[27.923320000000615,40.439700000000926],[27.924400000000617,40.43987000000078],[27.924810000000093,40.441030000000296],[27.925060000000144,40.44158000000033],[27.925230000000226,40.44177000000042],[27.9252800000001,40.44252000000063],[27.92587000000003,40.442920000000356],[27.92585000000014,40.44403000000051],[27.925969991130103,40.44549989134072],[27.926226008708625,40.44553241088175],[27.926498199835635,40.44635468466004],[27.92676201318693,40.44661573147016],[27.926822650765757,40.44674893526894],[27.926771230485997,40.44687971003788],[27.92645146488678,40.44697002081824],[27.927340000000186,40.44778000000031],[27.927410000000123,40.44830000000013],[27.927340000000186,40.44877000000048],[27.929140000000075,40.45152000000064],[27.927750000000174,40.45581000000033],[27.92680000000007,40.466310000000135],[27.927350000000104,40.46796000000023],[27.92612000000014,40.46908000000013],[27.924490000000105,40.47575000000029],[27.92420000000004,40.47602000000006],[27.923360000000173,40.47629000000023],[27.922010000000057,40.476630000000114],[27.921370000000195,40.476660000000265],[27.92045000000013,40.47620000000006],[27.919420000000173,40.4755200000003],[27.923020000000122,40.485240000000374],[27.916390000000092,40.49948000000012],[27.916630000000055,40.50006000000019],[27.916740000000118,40.50078000000008],[27.917550000000176,40.50102000000004],[27.91752000000014,40.5015600000001],[27.917440000000113,40.50180000000006],[27.917280000000176,40.50182000000012],[27.917280000000176,40.501910000000464],[27.91741000000013,40.50204000000042],[27.917590000000075,40.503020000000106],[27.9177600000001,40.50322000000017],[27.9177600000001,40.50345000000016],[27.917620000000113,40.5035000000002],[27.91810000000021,40.503610000000435],[27.918390000000045,40.50428000000045],[27.918950000000166,40.50482000000039],[27.918950000000166,40.50508000000019],[27.919540000000154,40.50604000000004],[27.919770000000142,40.50666000000018],[27.920100000000105,40.50688000000031],[27.919870000000117,40.50691000000063],[27.919670000000053,40.507600000000195],[27.919870000000117,40.50766000000016],[27.919910000000186,40.507760000000076],[27.920111120078843,40.507751853346804]]],"type":"Polygon"}},{"type":"Feature","properties":{"area_id":"TR-10-009-147765","name_tr":"Ormanlı","area_level":"neighbourhood","parent_id":"TR-10-009","endeksa_id":147765},"geometry":{"coordinates":[[[27.794485,40.519648],[27.79418,40.51463],[27.80286,40.49405],[27.80575,40.47904],[27.80194,40.46403],[27.801940076301072,40.46402997221392],[27.812244091063462,40.460276722387675],[27.812357898293847,40.46032100627053],[27.81250560115708,40.46037807317828],[27.81229009089958,40.460258224812094],[27.812290099581098,40.460258055272355],[27.81229,40.460258],[27.812452,40.457096],[27.81246,40.45694],[27.815533,40.452685],[27.815537,40.452685],[27.85139060352799,40.45150801307675],[27.851398751718822,40.451325834749646],[27.851401,40.451273],[27.851401114816284,40.45127300011939],[27.85140112558105,40.45127275943628],[27.85833995821918,40.45127999995893],[27.85834,40.45128],[27.85834000000085,40.45128000000142],[27.85640000000126,40.46123000000131],[27.853380000001152,40.469200000001365],[27.856350000001214,40.50433000000157],[27.85618000000119,40.51066000000145],[27.857008,40.514123],[27.857007694932694,40.51412299948975],[27.85700771952554,40.51412310237896],[27.856837928667524,40.51412271543633],[27.856411,40.514122],[27.856373,40.514122],[27.856346,40.514136],[27.856058540220573,40.514287106129984],[27.855390959333935,40.5146381578407],[27.85533096773255,40.51487100739414],[27.85523605925468,40.51524134084594],[27.855212,40.515336],[27.855672,40.5156],[27.855823,40.515687],[27.855822962125046,40.51568717607874],[27.855823136002186,40.515687276002495],[27.85579481386741,40.51581803613696],[27.855729,40.516124],[27.855943,40.516394],[27.85600630578587,40.5164742467845],[27.856014200002164,40.51648420000214],[27.853413220002437,40.51637118000224],[27.852562376889693,40.51583549110842],[27.85256208038685,40.515835050632134],[27.852562,40.515835],[27.852271,40.515403],[27.852214524875297,40.515365232324505],[27.85210388266991,40.5152914707903],[27.8521,40.515289],[27.852034256677914,40.515312352919004],[27.851841060023162,40.515381351645544],[27.85037168859884,40.51445623872962],[27.85036774613724,40.51405184260592],[27.850069239572697,40.51386676883869],[27.84996799390001,40.51380409264317],[27.849908799503552,40.513812867080695],[27.849741,40.513838],[27.849456,40.51388],[27.84917661083901,40.513703820898606],[27.849031224326268,40.51361228546432],[27.848901995369488,40.5139183067713],[27.848483210232416,40.51422287778007],[27.84848319816946,40.51422285566444],[27.848483,40.514223],[27.848396,40.514063],[27.848395643897117,40.51406233972691],[27.848347709839118,40.51397446039226],[27.847974414101934,40.514039993763426],[27.84788001022073,40.514056998159],[27.847881193370295,40.51406621041045],[27.847919,40.514358],[27.847936268614507,40.51449503503492],[27.84795021096727,40.514603591541174],[27.84794998627998,40.51460389112512],[27.84795,40.514604],[27.847836,40.514756],[27.847524,40.514526],[27.8474992065051,40.51453379224268],[27.84742194900241,40.51455920500268],[27.846826741819314,40.51521240228169],[27.846708120219358,40.515206568984404],[27.84663,40.515203],[27.84644608531079,40.515194004173004],[27.846313141795463,40.515326947687015],[27.846360639694595,40.51546080579456],[27.846428,40.51565],[27.84642519701415,40.51565306897108],[27.84629116480869,40.515800159714615],[27.846351213171772,40.516354874841966],[27.846198927667388,40.5165833030984],[27.84602687985223,40.516638045832174],[27.84578,40.516717],[27.84542090053638,40.5165975218247],[27.845231011450345,40.51653460343519],[27.845229,40.516534],[27.84508765147681,40.51654819300062],[27.844741161002503,40.516583258002356],[27.84473037688541,40.51657349510942],[27.844722,40.516566],[27.844650438969914,40.51650112695859],[27.84461495600243,40.51646900400249],[27.844441911668866,40.51645569509893],[27.843054,40.516349],[27.841174,40.514069],[27.841081,40.513766],[27.841087362802707,40.51368146563242],[27.84109289626324,40.51360228943097],[27.841131,40.513052],[27.840925,40.512605],[27.84095182437049,40.512548232177004],[27.841077115707776,40.51227800572277],[27.841097,40.512235],[27.84105174113705,40.51115140098543],[27.841044975857635,40.51098998358325],[27.84097,40.510939],[27.84088843127806,40.51088318988666],[27.84081828900247,40.51083548300278],[27.840818260787977,40.51083517843438],[27.840818,40.510835],[27.8408153769308,40.5108040477963],[27.8407943657473,40.51057723556893],[27.840765,40.510264],[27.840339,40.509991],[27.839788843245966,40.50990327470005],[27.838859111002193,40.509755482002504],[27.837580712002193,40.50975536700258],[27.83289922600244,40.510300344002644],[27.831612034700438,40.510720770258374],[27.831125,40.51088],[27.83084795511358,40.51097032695991],[27.830303196002205,40.511148247002154],[27.830252593578628,40.511416502621415],[27.830202,40.511686],[27.83026436895648,40.512419401471355],[27.8302850924606,40.512661951361],[27.830283526913874,40.512667569010006],[27.830203,40.512972],[27.83019,40.513024],[27.829979877339934,40.51375713613169],[27.829961485763818,40.51382312833175],[27.830002159723627,40.51404005640447],[27.830019,40.514128],[27.829922047240505,40.51452595127716],[27.829866307323584,40.51475587704613],[27.829919411618953,40.51505933225357],[27.83,40.515517],[27.82990340747054,40.515824984932486],[27.829809200259433,40.51612644658542],[27.829817909519033,40.516226603575824],[27.829833,40.516397],[27.829840335828052,40.516484506052265],[27.829847271635515,40.51656426741067],[27.82992341438751,40.51724955218026],[27.829580772002828,40.517668337317275],[27.82937688767354,40.517770279896496],[27.829124,40.517897],[27.82891,40.517857],[27.828515,40.517783],[27.8285152133686,40.51778263392773],[27.828514773472136,40.51778255144575],[27.82861673756497,40.51760775585814],[27.828594649002355,40.516515415002345],[27.828208594002433,40.515258356002505],[27.827914918002307,40.51492618300267],[27.82713570947408,40.51457000668326],[27.826398,40.514233],[27.826214,40.514149],[27.82556110252493,40.514116005181315],[27.825075561166432,40.515175841011256],[27.825045,40.515243],[27.823389530630205,40.51670422537068],[27.82292304665492,40.517116062968],[27.822817856930698,40.51732143396029],[27.822728,40.517497],[27.822727932565147,40.51749700000026],[27.822727924306264,40.51749701612488],[27.822309139169192,40.51749701612488],[27.822309143850717,40.5174970000001],[27.822309,40.517497],[27.822362512512015,40.51731317513721],[27.822416853613106,40.517125999707446],[27.821166993600855,40.516214997546],[27.82112498543665,40.5161988883016],[27.82082843900247,40.516085331002444],[27.820587991450093,40.51662813252438],[27.820587032833583,40.51664299109035],[27.82058438412355,40.51668957097269],[27.82064676382901,40.51676680312856],[27.82066,40.516783],[27.820683029892674,40.516811703953174],[27.820729177061537,40.51686883841961],[27.820710141373354,40.51711630236423],[27.820692679939242,40.51719778928496],[27.820674,40.517286],[27.820653,40.517383],[27.82060043417822,40.51739270449554],[27.820384015552065,40.51743344717585],[27.820043892291835,40.517706408693584],[27.819796428347217,40.517991944014454],[27.819718969719144,40.51801288173971],[27.81963,40.518037],[27.819491,40.518075],[27.819092,40.518449],[27.81905748979781,40.51845989796306],[27.818976584187737,40.518485833618634],[27.818669,40.518585],[27.818297525765015,40.51864527482071],[27.81810225211109,40.51867722878404],[27.8180040671042,40.51892269145476],[27.817988064835475,40.51896283734361],[27.81803381175064,40.51908760837743],[27.818113,40.519303],[27.818426,40.519819],[27.8184256230004,40.51981898120021],[27.818425858807757,40.51981937006707],[27.818045145046938,40.51980033437883],[27.818010394377286,40.51977397187576],[27.817928,40.519712],[27.817872764624063,40.519669563084186],[27.817845862590765,40.51964915458547],[27.81784153832942,40.51965401937991],[27.817826070002468,40.5196740200023],[27.81652978085299,40.51940518957042],[27.816403762193907,40.51924766735777],[27.816258,40.519066],[27.816084,40.518849],[27.815655,40.519028],[27.81534,40.519159],[27.81514,40.519117],[27.815088221808786,40.519106232740455],[27.81481278000234,40.5190491100023],[27.81482262604562,40.518928856171506],[27.814706,40.518884],[27.814653606379895,40.518290032019884],[27.814607661002356,40.51777285000236],[27.8149926670024,40.516852057002325],[27.815020923119732,40.51650695091668],[27.815035,40.516333],[27.814945,40.516089],[27.814933,40.516084],[27.814786,40.516022],[27.814629,40.516146],[27.81455449779603,40.51607575510464],[27.814498732786877,40.516023475367454],[27.814466196215413,40.515993182683395],[27.81414282899766,40.515974161081715],[27.81394032658492,40.51601273316362],[27.813918,40.516017],[27.813910563497043,40.51601840231813],[27.8137430795486,40.516050303833936],[27.81356850219622,40.516422232806605],[27.813375,40.516835],[27.813342446625356,40.516903827221455],[27.813305258723517,40.516983052548255],[27.812962918774822,40.51707814697924],[27.812942,40.517116],[27.812892531901618,40.51720438306819],[27.812867437898603,40.51724955218094],[27.812825898523233,40.517512381204995],[27.812815,40.517584],[27.81275927511927,40.517657691351445],[27.812240257294143,40.51835228769349],[27.812239,40.518354],[27.812047982380804,40.518312980306334],[27.811926650002476,40.518287200002305],[27.811009598002443,40.51795714800272],[27.810910859002377,40.517737381002746],[27.80929190500234,40.51686108600245],[27.809291677366264,40.516861286785506],[27.809265,40.516885],[27.80925204175433,40.51689624678721],[27.80921247500237,40.51693114600221],[27.808935848357837,40.516916104705544],[27.808852,40.516974],[27.808756,40.51704],[27.808755960719623,40.51703999999997],[27.808755729280563,40.51704015961258],[27.80831790845565,40.51704015961258],[27.808253781969896,40.51697145294179],[27.808051,40.516755],[27.808131,40.516499],[27.808137782805527,40.51647822766676],[27.808146587263195,40.51645005328328],[27.80815380285759,40.516419387142605],[27.808155,40.516414],[27.80819,40.516265],[27.80821,40.516179],[27.80821895103234,40.51614250733939],[27.808222730015416,40.51612644658627],[27.807951342321928,40.516135477287264],[27.80732514242752,40.515796534844505],[27.80713,40.515691],[27.80704679642556,40.51564587266281],[27.8070124100023,40.515627260002475],[27.807012405554463,40.51562721996222],[27.807012,40.515627],[27.806928,40.51487],[27.806985,40.514223],[27.806980286155717,40.51421262954452],[27.806871196163968,40.51399444952506],[27.806580639545246,40.513907282539435],[27.806499709002424,40.51358489200243],[27.806242631542762,40.513204953248135],[27.80553468855251,40.513115123377034],[27.805052929002443,40.513054077002494],[27.804929899100564,40.51307316591479],[27.804051,40.51321],[27.803433,40.513407],[27.802949,40.513561],[27.802775,40.513864],[27.802618,40.513902],[27.80259361676619,40.513907737236934],[27.80255009497762,40.513918306773235],[27.80254214405973,40.513922909962446],[27.802542,40.513923],[27.802188444224267,40.514127742752756],[27.802357921544406,40.51439704285684],[27.802416,40.514489],[27.802379,40.515156],[27.802303,40.515536],[27.802302705227667,40.51553596928569],[27.802302631033,40.51553634025714],[27.801946616763146,40.515498865655914],[27.80166,40.515469],[27.801607839366667,40.51546320438083],[27.80157927488733,40.51546019750481],[27.801424631342247,40.5153979135771],[27.801124,40.515277],[27.80096749957356,40.51528592613182],[27.800261360035805,40.515327098299636],[27.799995,40.515343],[27.79954384588661,40.51536892922111],[27.7991253215323,40.515393327028335],[27.799125201075835,40.51539298844469],[27.799125,40.515393],[27.799061,40.515213],[27.7990568028107,40.51520073129758],[27.799047619556752,40.515174918476845],[27.79881,40.515124],[27.798781,40.515118],[27.79867190429504,40.51521031197585],[27.798113976076106,40.5156845508379],[27.79802,40.515765],[27.7977856381622,40.516268689183605],[27.79777213727789,40.516297767779065],[27.79772102910593,40.516583974605645],[27.797677,40.516831],[27.797453,40.517125],[27.797378625153733,40.517222330060264],[27.797372387828887,40.51723051649327],[27.79737212236965,40.517230839862016],[27.797372,40.517231],[27.79736557464493,40.51723881596113],[27.797062153002457,40.51760842600282],[27.796904750391555,40.517728249796214],[27.796858,40.517764],[27.79637,40.517764],[27.79623,40.517764],[27.795869,40.517764],[27.795788464570713,40.5179923845881],[27.79573531865691,40.51814422951941],[27.79571691851205,40.518330842212464],[27.795711,40.518392],[27.79569947672952,40.51850773431571],[27.795665363427418,40.518853703917216],[27.795665001599897,40.51885398393199],[27.795665,40.518854],[27.795653369573408,40.518862985839576],[27.795278462143756,40.51915312098595],[27.794973891134987,40.5191911923622],[27.794933029359214,40.51923677377366],[27.794556,40.519658],[27.79449,40.519649],[27.794485,40.519648]]],"type":"Polygon"}},{"type":"Feature","properties":{"area_id":"TR-10-009-147759","name_tr":"İlhan","area_level":"neighbourhood","parent_id":"TR-10-009","endeksa_id":147759},"geometry":{"coordinates":[[[27.737218195735977,40.52557005538807],[27.73702871000023,40.52601164600014],[27.736639025000272,40.52595369800014],[27.73554092500018,40.52505539200007],[27.735359765000112,40.52383031200014],[27.735038906000284,40.52331157500032],[27.735755596000274,40.52192532800029],[27.735208753000222,40.521804050000355],[27.73427315300023,40.52122704000004],[27.734355371000106,40.52039023600008],[27.733677336000085,40.52010660300033],[27.733172259000128,40.51819070500011],[27.729012646000285,40.518045429000495],[27.727287761000298,40.51851395700021],[27.725231765000217,40.51957576800055],[27.72507882300033,40.52003494000053],[27.725548321000247,40.52223817100048],[27.726132672000233,40.522845747000304],[27.72722145800026,40.52335841300027],[27.727241313000206,40.524266402000876],[27.727174545000196,40.524346458000025],[27.726736128000255,40.52433029700023],[27.72649257900008,40.52375653299998],[27.726027325000132,40.52340002400007],[27.724460846000284,40.522948626000016],[27.724401491000265,40.52193670300005],[27.724136673000203,40.52150922600083],[27.723429321000253,40.521379887000876],[27.72320295100019,40.520872722000036],[27.7227177110002,40.52077030700053],[27.722047663000183,40.52004862200005],[27.721521229000132,40.5203830750001],[27.72156930200032,40.52240071300025],[27.72120193000029,40.52302185500031],[27.72024591900032,40.523028674000784],[27.718505095000182,40.52284947100026],[27.718326348000176,40.52218493600043],[27.718025153000042,40.5218665970001],[27.71594864600013,40.52127972500023],[27.715620028000274,40.52070513100011],[27.714605721000282,40.520861132000675],[27.7145571100001,40.519668678000244],[27.713201306000144,40.52000171899999],[27.712784373000204,40.51900092500068],[27.712366728000234,40.518807338000386],[27.712252432000184,40.51708941500044],[27.711700123000014,40.51678069900015],[27.7099618390003,40.516763435000826],[27.709268667000117,40.517613251000114],[27.70841992700025,40.51775251300006],[27.708048600000154,40.51711810900014],[27.707426108000334,40.51702894100026],[27.7068938970001,40.51654405200003],[27.706114029000048,40.51630376300045],[27.70538783300003,40.51511399500009],[27.704886957000156,40.51493703100016],[27.703610908000144,40.514990695000165],[27.70169577900026,40.515394990000345],[27.700932274000195,40.5146083960006],[27.70100657300003,40.51396452300003],[27.700191071000063,40.51336024000017],[27.69997468200023,40.51291257899999],[27.70003586300004,40.51280335600046],[27.700552946000244,40.512655593000034],[27.700499866000143,40.51181090400041],[27.699531766000177,40.51111530400004],[27.698834532000205,40.510861842000224],[27.69878302100028,40.50964658800024],[27.698226268000155,40.50924815700006],[27.697154275000344,40.50894891200022],[27.697060664000162,40.50843079800052],[27.693860168000185,40.50750600900011],[27.693652075000273,40.50715858900014],[27.692881360000058,40.50675249600039],[27.69246491000024,40.505911047000666],[27.6925320900001,40.50579451300007],[27.69303288400016,40.505933993999975],[27.69369155400028,40.506848285000046],[27.69429965100022,40.50660872300034],[27.694554962000154,40.5062445800001],[27.694239305000053,40.50515450200015],[27.693760407000354,40.50498734199999],[27.69407427600015,40.50460986700011],[27.69396207000011,40.503887756000324],[27.69340354100018,40.50339443800004],[27.68980764900016,40.50261589400043],[27.68705372300002,40.502770764000275],[27.68625382600021,40.50330080499998],[27.685371139000097,40.50318241600007],[27.68470857700015,40.50282636600008],[27.684113902000263,40.50229487800016],[27.684130293000294,40.50167438000051],[27.68466991200023,40.501299122000546],[27.684615423000253,40.50052770200034],[27.68399985500031,40.49949762000017],[27.684506362000036,40.497986017000244],[27.68431203900002,40.496098927000105],[27.682366336000257,40.49470238099997],[27.683027260000244,40.493031629000654],[27.684223581000026,40.492060835000075],[27.68746957400009,40.49060448100056],[27.68801408225437,40.48996464721887],[27.68817654935316,40.489937849684395],[27.688578454439835,40.49013622958745],[27.68934481155361,40.49084506469433],[27.689888436432227,40.49114213677416],[27.69107000000008,40.49232000000012],[27.69110363571758,40.4924399011295],[27.691888765513227,40.49261753088223],[27.692678801810985,40.492669291254344],[27.694178393207608,40.49247332895516],[27.694984713626752,40.4917231336413],[27.69539061247997,40.491533714176114],[27.696059563654217,40.491482976665566],[27.6959838787497,40.49057009141694],[27.69725300412017,40.48948059203076],[27.69957389937514,40.4898557049608],[27.70154737853926,40.49097597729383],[27.711029673161818,40.490170876807326],[27.715818367564964,40.48909869636299],[27.719952026725878,40.491301516493195],[27.720773395591266,40.491107857744566],[27.72409634658419,40.487962921983524],[27.724470600508027,40.48710258880658],[27.724644863292895,40.48705256622691],[27.72771604999639,40.48802383987879],[27.730043920013486,40.48940048885919],[27.731785286628508,40.49146438754599],[27.73583899139203,40.49834828661153],[27.738966320850864,40.50431298258138],[27.74147310290533,40.507455917056745],[27.738616812749456,40.51322631632593],[27.73902319783201,40.51409367434542],[27.736639659042226,40.51888579771452],[27.73661019856246,40.520250799942914],[27.73694429356533,40.52164857185198],[27.736406840932375,40.52344107321653],[27.737074073208532,40.52549645540063],[27.737218195735977,40.52557005538807]]],"type":"Polygon"}},{"type":"Feature","properties":{"area_id":"TR-10-009-147773","name_tr":"Turan","area_level":"neighbourhood","parent_id":"TR-10-009","endeksa_id":147773},"geometry":{"coordinates":[[[27.74111,40.47864],[27.74353,40.47851],[27.74435,40.47831],[27.7481,40.47635],[27.75226,40.47403],[27.75606,40.47141],[27.75823,40.47015],[27.76029,40.4691],[27.76623,40.46704],[27.7714,40.46565],[27.77799,40.4643],[27.78529,40.46313],[27.785290030384143,40.46313000163851],[27.79304607461046,40.46354776163798],[27.797280520487174,40.463777673978846],[27.801936,40.46403],[27.80193600000007,40.46403072182825],[27.801942365070946,40.464055218366845],[27.80197351564593,40.46417374248603],[27.80194,40.46403],[27.80194000000131,40.464030000001344],[27.80575000000192,40.47904000000216],[27.802860000001942,40.49405000000206],[27.794180000001916,40.51463000000189],[27.794485013334565,40.519647961278395],[27.794485047343183,40.51964852077534],[27.794486,40.519659],[27.794485999999893,40.519664193520434],[27.794486215467316,40.51966773830924],[27.79448599999986,40.519667409843976],[27.794486,40.519668],[27.79424826591022,40.519304998539134],[27.79412651900128,40.5191194010016],[27.79405961600156,40.51836100900209],[27.793557713127196,40.5176330699894],[27.792546,40.516166],[27.792520651511477,40.516106654845366],[27.792370196230454,40.51575598507839],[27.792285,40.515558],[27.79230316494239,40.51541317173067],[27.79232913081934,40.515204403381404],[27.792345,40.515074],[27.79194,40.514862],[27.791773,40.514775],[27.791875353903045,40.5144595268651],[27.79242753871439,40.5127560320638],[27.792487,40.512572],[27.792487219883146,40.512571909814156],[27.79248723700141,40.512571857002],[27.79299853200149,40.51236183200194],[27.793292725001606,40.511376302001224],[27.79307274400145,40.51092919800152],[27.792803204361512,40.51078318382312],[27.79269,40.510722],[27.792550378247736,40.5106462224971],[27.79245600875811,40.51059510023697],[27.79243321456705,40.51059845234291],[27.79239,40.510605],[27.792299642258598,40.51061809534479],[27.792251787742373,40.510625132738994],[27.791890109669453,40.510282490354314],[27.791890344228737,40.51028232616371],[27.79189,40.510282],[27.791939431370924,40.51024796529219],[27.792164201491403,40.51009062607886],[27.792270823430385,40.510015990721456],[27.792247585020764,40.50999285731563],[27.792185,40.509931],[27.791975,40.509722],[27.791797057020084,40.509658714907],[27.791623610036936,40.509597205584726],[27.791531843401525,40.509321906205436],[27.79149,40.509197],[27.791606282193182,40.5090235736705],[27.79171878847717,40.5088548137507],[27.791864606024482,40.508843148419],[27.79197693454537,40.50883400532786],[27.792384600001526,40.50792268300137],[27.792058540001506,40.50709914300148],[27.79147513821758,40.5068940768798],[27.790737,40.506635],[27.788083,40.50617],[27.78558265671028,40.50629675684142],[27.784019254001407,40.50637624800123],[27.783246613540484,40.506537397130536],[27.782478,40.506698],[27.782402021964522,40.50678645227404],[27.78227708720607,40.506932209258366],[27.78191540913332,40.507293887331116],[27.781572766748468,40.507579422651986],[27.781211088675548,40.50807435054088],[27.781166678186406,40.50814540741917],[27.781139,40.50819],[27.781116,40.508227],[27.780959629599916,40.5081641239264],[27.780830374914615,40.50811242191696],[27.780830205213544,40.50811208251628],[27.78083,40.508112],[27.780752,40.507956],[27.780716,40.507884],[27.78049954103462,40.5077189505546],[27.78031641133748,40.507579422651986],[27.780109136532353,40.50753278599782],[27.779940072995213,40.50749501630755],[27.779225168883897,40.50804131556242],[27.779212341430878,40.50847409999005],[27.779079091614506,40.50894999219145],[27.779103656903448,40.50897455758559],[27.779327,40.509197],[27.779995,40.509145],[27.780297,40.509121],[27.780705193814175,40.50899135249909],[27.78170309597567,40.50867333924998],[27.78203,40.508569],[27.782049,40.508931],[27.781840193774272,40.50901547110354],[27.780640018034262,40.50950202714466],[27.78062526300313,40.50950304480346],[27.780372,40.509521],[27.779748542456286,40.50956350904915],[27.77953594812766,40.50957816989688],[27.779281675065985,40.50941364045497],[27.779242,40.509388],[27.779212,40.509369],[27.778527,40.509445],[27.778516,40.509441],[27.77836912443502,40.50938804486444],[27.77836796540435,40.509388738997],[27.778362,40.509393],[27.778296,40.509432],[27.778201245147642,40.50942420208172],[27.77765210500155,40.509379421001825],[27.77733504142304,40.50966661059768],[27.777328,40.509673],[27.777275015718637,40.509720985764076],[27.777268431974615,40.50985510162522],[27.777258,40.51007],[27.777393836306135,40.510150943565584],[27.777404841654405,40.51015748727378],[27.777423,40.510168],[27.77744556797094,40.51024166537563],[27.777499129506907,40.51041574017097],[27.77749894813033,40.510415830859635],[27.777499,40.510416],[27.777233,40.510549],[27.777116405226497,40.51057998333244],[27.77694709455352,40.510625132739676],[27.776936998833065,40.51063522847294],[27.776903,40.51067],[27.776878273587403,40.510693953715226],[27.7768709518013,40.510701275491726],[27.776821008945355,40.5107595423762],[27.776643,40.510968],[27.776167,40.510835],[27.776038692460173,40.51080893757133],[27.775974998242873,40.510796198687956],[27.775848095001493,40.510847351001246],[27.775681837204015,40.51113490707921],[27.775661003876795,40.51117099328498],[27.775661347871388,40.511171417445986],[27.775686,40.511201],[27.775805,40.511348],[27.775804738604585,40.51134822419426],[27.77580495327078,40.51134848888569],[27.77553845363809,40.511576917142065],[27.77553815159205,40.511576869983365],[27.775538,40.511577],[27.77546469540589,40.51156540120084],[27.775351045235336,40.51154765679483],[27.77528,40.511537],[27.774814,40.511781],[27.774838980521565,40.51231658238536],[27.774942592605214,40.51243796201346],[27.775173,40.512707],[27.775325,40.512885],[27.775717,40.51296],[27.775727390337504,40.512961992145364],[27.77598331050433,40.513010627894005],[27.776193355429804,40.513069166524936],[27.776247,40.513084],[27.776369,40.513118],[27.776377026862114,40.51312303017251],[27.776593828577866,40.51325739451426],[27.776744,40.51335],[27.776744606614756,40.513361525680885],[27.77678139854123,40.5139053299485],[27.776792512282714,40.51406959704421],[27.776794,40.51409],[27.776923722909725,40.51416255043084],[27.777194333041514,40.51431352240948],[27.777271,40.514356],[27.777347,40.514946],[27.77733249847593,40.51497851160746],[27.77711841574626,40.5154601975039],[27.776888717647008,40.51570198560824],[27.776757,40.515841],[27.776605839639338,40.5158912107306],[27.77647120235264,40.515936089704894],[27.77631430253594,40.515902807962334],[27.776268,40.515893],[27.775962,40.516027],[27.775966201499312,40.51619520734633],[27.775991296001564,40.517188130002125],[27.776150751188535,40.51740689224604],[27.776615,40.518043],[27.77662082968705,40.518044943228865],[27.77682979070904,40.51805466260788],[27.777118,40.518068],[27.777804,40.518106],[27.778148,40.518432],[27.778154396685743,40.518438396687046],[27.778165378588938,40.51844880052744],[27.778027144134796,40.51896880073866],[27.77822380648979,40.51945584305473],[27.77854,40.520238],[27.778608,40.520407],[27.778849,40.520542],[27.77959,40.520957],[27.779539786023243,40.521139841025025],[27.77945937200161,40.521434483001485],[27.779064967001602,40.521688460001485],[27.779049410104108,40.521765950153146],[27.778935,40.522338],[27.778963730189847,40.523670372945475],[27.778975198001547,40.524192999001286],[27.778931083107825,40.52421005446019],[27.778829,40.52425],[27.77854157595356,40.52415177392564],[27.778314234001357,40.52407417600131],[27.77784909200159,40.52443530100197],[27.777764845538826,40.524768012447346],[27.77774,40.524867],[27.777739722394685,40.52486722970201],[27.77773971700151,40.5248672510013],[27.77728821600158,40.52524143200179],[27.777240084669813,40.52560515970742],[27.777163,40.526191],[27.77706654898262,40.526213663396554],[27.776544114001467,40.52633839400124],[27.776277989227697,40.52629656860526],[27.775979,40.52625],[27.775457,40.526168],[27.77545701419757,40.52616753620984],[27.775456822001388,40.526167506001855],[27.775458951648403,40.52610424627491],[27.775463,40.525972],[27.775470733161825,40.52575428223399],[27.77547572500123,40.52560600100185],[27.775221323833712,40.52531576208779],[27.775032,40.5251],[27.774744,40.524772],[27.774810195615977,40.52434774716995],[27.774835520843286,40.52418465128554],[27.774851,40.524082],[27.77476809190714,40.52391943520961],[27.774393603456943,40.523189931212926],[27.774345029050153,40.523181505164835],[27.77380586100128,40.523088241001346],[27.77350076410019,40.522173359991946],[27.773228,40.521356],[27.772573,40.52071],[27.772544106598303,40.520721557362776],[27.77191761400144,40.520981332001384],[27.77136752923194,40.52068300197019],[27.77112,40.520549],[27.771075,40.520455],[27.771003,40.520305],[27.77088750617173,40.520286271308805],[27.770817969632446,40.52027524945333],[27.770692509038945,40.52130583110388],[27.77059401000156,40.522115310001595],[27.770320556343176,40.522058215053505],[27.769968,40.521985],[27.769483,40.522053],[27.769016,40.522119],[27.768844577633082,40.522040157804945],[27.768531071148043,40.52189677624651],[27.768378257575257,40.521827117414034],[27.768121902961386,40.5227396168556],[27.767928,40.523432],[27.767927592705252,40.52343125121963],[27.767927520001365,40.523431510001785],[27.766955889001338,40.52164499500185],[27.766613100868266,40.52116380115804],[27.766605,40.521153],[27.764783001324997,40.520688371051435],[27.76431132900086,40.520568212000626],[27.764311240314946,40.520568061286376],[27.764311,40.520568],[27.76423,40.52043],[27.76379,40.503359],[27.759967024317437,40.49025508336849],[27.741110000000617,40.47864000000067],[27.74111,40.47864]]],"type":"Polygon"}},{"type":"Feature","properties":{"area_id":"TR-10-009-147753","name_tr":"Doğanlar","area_level":"neighbourhood","parent_id":"TR-10-009","endeksa_id":147753},"geometry":{"coordinates":[[[27.76431132900086,40.520568212000626],[27.76434197000009,40.521589980000044],[27.763214930000117,40.524603730000365],[27.75952624000007,40.52360947000017],[27.759425324000063,40.52342201800013],[27.75924012100012,40.52335547700005],[27.758573886000136,40.52277422100025],[27.758270503000176,40.522204901000066],[27.75843451999998,40.521658554000396],[27.75804154400015,40.521407798999974],[27.756817132000094,40.52123807400005],[27.756335326000055,40.52160475500011],[27.754956295000056,40.52147945000013],[27.754552574000172,40.52185990900011],[27.753389157000072,40.52168639800021],[27.753227305000166,40.52250627100028],[27.75342937400012,40.52368762000009],[27.753740738000147,40.52418161200006],[27.753217860000007,40.52523838500002],[27.752853452000068,40.52575776100019],[27.753639057000157,40.526526516000104],[27.753659405000064,40.52697270499999],[27.753111828000158,40.52709144500005],[27.753748040000175,40.52865925000003],[27.75287276800009,40.526922681000656],[27.75264513100018,40.526761981000504],[27.75232508000005,40.52626110500012],[27.748460094000166,40.52544284100043],[27.747600387000034,40.52577649300014],[27.747454615000038,40.52574197000007],[27.74718888200016,40.525173710000274],[27.74705842000003,40.525146090000476],[27.74712735900016,40.52504214600003],[27.747014924000155,40.524801709000315],[27.747057395000013,40.5239642650003],[27.747672438000052,40.52359368700019],[27.74883613300011,40.52213484900028],[27.74893936600006,40.52151216000004],[27.7485430480001,40.521261875000164],[27.748630729000183,40.520862666000085],[27.74901936499998,40.52045186600003],[27.749116909000065,40.51936657700003],[27.749071337000032,40.5182619950001],[27.748957363000045,40.51807939100013],[27.74873995700017,40.51798512400006],[27.74289333400003,40.51703230300018],[27.742010269000048,40.517060204000245],[27.74091653300013,40.5177574650001],[27.74090520400017,40.51804816200013],[27.740681774000166,40.518448417000116],[27.74008401300017,40.51845956400007],[27.739119017999997,40.51903286300012],[27.739118388000122,40.519817783000235],[27.738772140000094,40.52005219000017],[27.73726884814272,40.526096451749595],[27.737218195735977,40.52557005538807],[27.737074073208532,40.52549645540063],[27.736406840932375,40.52344107321653],[27.73694429356533,40.52164857185198],[27.73661019856246,40.520250799942914],[27.736639659042226,40.51888579771452],[27.73902319783201,40.51409367434542],[27.738616812749456,40.51322631632593],[27.74147310290533,40.507455917056745],[27.738966320850864,40.50431298258138],[27.73583899139203,40.49834828661153],[27.731785286628508,40.49146438754599],[27.730043920013486,40.48940048885919],[27.72771604999639,40.48802383987879],[27.724644863292895,40.48705256622691],[27.72459280149127,40.48691824699665],[27.725639372292278,40.485770313854516],[27.7290938502818,40.48403261522543],[27.732477493339843,40.47980842385721],[27.734567067716796,40.478938921605106],[27.737027280983,40.47884090514049],[27.739375449090062,40.479441103744364],[27.74102277713382,40.47868107588505],[27.74106890570073,40.478568313278004],[27.741110000000617,40.47864000000067],[27.759967077823035,40.490255116315495],[27.763790232251097,40.50335901553774],[27.764230000000794,40.520430000000886],[27.76431132900086,40.520568212000626]]],"type":"Polygon"}},{"type":"Feature","properties":{"area_id":"TR-10-009-0","name_tr":"Asmalı","area_level":"neighbourhood","parent_id":"TR-10-009","endeksa_id":0},"geometry":{"coordinates":[[[28.06680560000001,40.46255270000012],[28.066462200000046,40.46288730000009],[28.066306699999984,40.46288940000005],[28.066212800000017,40.46284040000012],[28.06615380000011,40.462707799999976],[28.06601430000012,40.46259550000008],[28.065966000000003,40.46233630000012],[28.065772900000013,40.46235880000006],[28.06573000000003,40.462497600000006],[28.06563879999993,40.46250980000008],[28.065633400000024,40.46237310000015],[28.065582500000062,40.46226900000005],[28.06553690000004,40.462226100000066],[28.065268700000047,40.46221800000029],[28.065201600000023,40.46209760000028],[28.065142600000115,40.46204449999999],[28.064481999999998,40.46205800000001],[28.06443180000008,40.46195060000019],[28.064557900000068,40.461703700000044],[28.064418400000022,40.46161190000004],[28.06440770000006,40.46153430000021],[28.064474700000062,40.46143640000008],[28.06457130000007,40.461328200000025],[28.064619600000015,40.461291500000186],[28.06451500000003,40.461040500000024],[28.064321800000073,40.46102210000009],[28.064303100000075,40.46093840000009],[28.064402299999983,40.46086500000007],[28.06462900000008,40.46077300000013],[28.064839500000062,40.46049360000006],[28.064742900000056,40.459975199999974],[28.064455899999928,40.45973030000016],[28.064222599999994,40.45958340000027],[28.064069699999948,40.45965280000013],[28.06399730000004,40.45964459999999],[28.06390610000011,40.45957930000009],[28.06393019999996,40.459383400000036],[28.063747799999987,40.459301700000026],[28.063377700000103,40.459209900000076],[28.062991500000123,40.45907109999996],[28.06285730000002,40.45897720000005],[28.062795700000095,40.45887930000026],[28.062793000000056,40.458785400000124],[28.062860000000057,40.4586283000001],[28.0628842000001,40.45846910000006],[28.0628466,40.4583609],[28.062747399999978,40.45829149999997],[28.062717900000052,40.45818950000006],[28.062750100000017,40.45811400000002],[28.062956600000064,40.45809970000005],[28.063235500000076,40.45809770000011],[28.06356549999998,40.45795680000015],[28.06373709999997,40.45770379999999],[28.0637344000001,40.45760990000002],[28.063753200000065,40.45750579999998],[28.06382830000007,40.45741599999997],[28.06395169999996,40.457336400000145],[28.06420380000003,40.45731190000026],[28.064407000000017,40.45730900000001],[28.064686600000016,40.457250699999975],[28.064869000000044,40.45730990000027],[28.06498700000003,40.45728340000005],[28.065346400000067,40.457156800000064],[28.065723500000047,40.45687440000029],[28.065720899999974,40.456758899999954],[28.065751500000033,40.45670919999998],[28.065721300000007,40.456609600000036],[28.065723300000002,40.456506200000206],[28.065735300000142,40.45648140000009],[28.06577950000002,40.456440400000076],[28.06586120000003,40.45639890000001],[28.065951100000007,40.45636520000011],[28.06603320000005,40.456348300000286],[28.06609350000008,40.45631230000015],[28.06613049999993,40.456270800000084],[28.06615570000008,40.45622350000008],[28.066146900000092,40.45618549999995],[28.066155000000037,40.456129499999975],[28.06618540000005,40.45611100000019],[28.06622610000005,40.45610790000029],[28.066275800000085,40.45618470000005],[28.066309500000045,40.45619320000009],[28.066433099999927,40.45618230000008],[28.066484400000093,40.45618539999998],[28.066536900000017,40.456202299999916],[28.066588600000046,40.45622500000002],[28.06662540000002,40.45627569999999],[28.066654299999925,40.45628820000013],[28.066724500000078,40.45629420000006],[28.06680110000002,40.45631190000029],[28.06691280000001,40.45630310000013],[28.06695220000006,40.45630800000015],[28.067094600000132,40.45635390000007],[28.067179700000054,40.45644320000014],[28.06729560000008,40.45654350000012],[28.067443900000114,40.456647200000134],[28.06751840000004,40.4566801000002],[28.067604000000017,40.456693500000256],[28.067686999999978,40.45669410000011],[28.06818220000008,40.45665840000004],[28.068301099999985,40.456630399999995],[28.068376100000137,40.4566033000001],[28.068424300000004,40.45657619999997],[28.06848520000011,40.456527600000015],[28.068533700000046,40.45647170000001],[28.06859250000008,40.456359300000145],[28.068606800000055,40.456314000000134],[28.068603400000086,40.45626190000024],[28.068585300000052,40.45620220000012],[28.06866199999996,40.45614740000019],[28.068708000000072,40.45607460000019],[28.068784499999992,40.455995099999996],[28.06880890000008,40.45594570000003],[28.068815700000073,40.45591170000023],[28.068800300000078,40.45587849999998],[28.06874470000008,40.45583799999997],[28.068689400000096,40.45581280000022],[28.06866570000011,40.4557880000001],[28.06866600000012,40.4557633],[28.068718100000012,40.4556877],[28.068733800000075,40.45561880000014],[28.068757000000005,40.45559709999998],[28.06881620000013,40.45557910000008],[28.068880700000136,40.45557520000011],[28.06894510000012,40.455580399999974],[28.068984,40.45559519999995],[28.06903360000001,40.45562660000007],[28.06908030000011,40.455676200000084],[28.069113300000026,40.45569470000021],[28.06916330000007,40.4557049],[28.069239299999936,40.45569990000013],[28.069522200000108,40.45565430000005],[28.069600800000046,40.45565040000008],[28.069637400000033,40.45565349999998],[28.069727700000044,40.45568260000027],[28.069770900000094,40.45568860000009],[28.06986829999994,40.45567760000006],[28.069994000000065,40.45568159999999],[28.07017500000012,40.45573020000012],[28.070391400000062,40.45573190000027],[28.07050940000005,40.4557155],[28.07057380000009,40.455684800000085],[28.070721300000002,40.455532699999935],[28.0707769,40.45552160000011],[28.070872500000064,40.455541600000004],[28.070993100000123,40.45558360000007],[28.07103640000014,40.455613500000084],[28.07111140000012,40.45570980000002],[28.071147999999994,40.45573840000009],[28.0712678000001,40.45579259999994],[28.071353900000133,40.455812700000195],[28.071476899999993,40.45581710000022],[28.0716647000001,40.4558047000001],[28.071939200000088,40.455749999999966],[28.072029600000064,40.45571840000002],[28.072121400000015,40.45567150000005],[28.072344199999975,40.45549990000006],[28.072427499999947,40.455421299999955],[28.072462400000006,40.455367699999954],[28.07247319999999,40.45530900000011],[28.072456300000056,40.45516420000018],[28.07243280000006,40.455130900000086],[28.07238640000014,40.45509170000008],[28.072415300000046,40.45505390000011],[28.07244049999997,40.45499619999998],[28.07244630000008,40.45494690000015],[28.072417200000018,40.45488190000009],[28.072452899999917,40.45481210000003],[28.072626600000092,40.4547005],[28.07269090000011,40.45467740000004],[28.072792199999924,40.45462090000018],[28.072827399999994,40.45459069999998],[28.07284910000004,40.45455330000027],[28.072878800000012,40.454533900000115],[28.072947700000043,40.45451260000027],[28.07307120000013,40.45451400000002],[28.073266600000125,40.4544707],[28.073319000000026,40.45447470000016],[28.073393699999997,40.45450280000017],[28.073442000000057,40.45450649999998],[28.073509899999976,40.45449120000012],[28.0736172,40.45444550000008],[28.07374169999997,40.454477900000256],[28.07381629999992,40.45448660000011],[28.07387090000003,40.45447550000023],[28.074033199999974,40.45440120000029],[28.074053700000036,40.45437690000006],[28.07406149999997,40.4543329],[28.074093200000107,40.45431830000018],[28.07413609999992,40.45432520000003],[28.074232500000107,40.45432189999997],[28.07429559999997,40.454303700000025],[28.074429500000065,40.45428360000017],[28.074561000000074,40.454248300000074],[28.074615499999993,40.45424939999998],[28.074653800000135,40.45426730000008],[28.07470109999997,40.45433470000012],[28.074735499999974,40.45436130000019],[28.07478000000009,40.45437390000018],[28.074870100000112,40.4543822],[28.074960700000133,40.45438120000006],[28.07501790000009,40.45436410000025],[28.075085399999978,40.45432070000021],[28.07513929999999,40.454257900000016],[28.075203599999952,40.45410090000013],[28.075216300000136,40.45400910000018],[28.075257900000054,40.45394650000014],[28.075307700000053,40.45390270000007],[28.075413400000116,40.453836400000284],[28.075554500000067,40.45371140000009],[28.075696500000106,40.453605700000196],[28.075753399999996,40.45355290000009],[28.075839599999995,40.45350760000025],[28.07590070000009,40.45350690000021],[28.07602609999998,40.45353060000002],[28.076109799999983,40.453574800000126],[28.076175300000102,40.45362970000008],[28.076243600000055,40.45368930000001],[28.076293100000044,40.45375450000006],[28.07632610000013,40.45376840000017],[28.076352800000052,40.453767600000276],[28.076384700000006,40.45375180000002],[28.076418300000114,40.45375270000028],[28.076445600000056,40.45378109999996],[28.076452400000107,40.45380810000006],[28.076444000000095,40.453824200000156],[28.07645339999999,40.45385280000022],[28.076449200000013,40.45396500000027],[28.076466299999993,40.453987600000175],[28.076523899999984,40.45401810000021],[28.0765586,40.45403150000027],[28.076612300000022,40.454035000000204],[28.07666760000012,40.45402040000005],[28.07676950000007,40.45401500000031],[28.076793800000075,40.454023100000086],[28.076798999999994,40.45403600000009],[28.07678050000004,40.454069600000025],[28.076795600000082,40.4541016],[28.07681960000008,40.45410119999997],[28.076891099999955,40.454057700000135],[28.076926700000058,40.45405300000027],[28.077006600000118,40.454072999999994],[28.077123299999982,40.45411440000004],[28.07715259999992,40.45411190000016],[28.077211800000043,40.45409240000015],[28.07724690000009,40.45409480000001],[28.077265500000067,40.45410610000022],[28.077289700000108,40.45412480000016],[28.077289600000086,40.45416089999998],[28.077307100000098,40.45418380000007],[28.077290500000004,40.454193300000156],[28.077259800000093,40.45419309999994],[28.077209200000027,40.45417770000029],[28.077179800000067,40.45418130000007],[28.07715760000002,40.45419360000017],[28.07716890000006,40.45420790000014],[28.077240899999993,40.45423110000007],[28.077250100000015,40.454248600000085],[28.077227400000083,40.45426870000017],[28.077057000000025,40.45433479999997],[28.077023600000132,40.454355700000065],[28.07700019999993,40.4543845],[28.077009900000064,40.45440200000019],[28.077045600000133,40.454411700000094],[28.07706350000001,40.454431899999975],[28.077048700000034,40.454473600000256],[28.077071100000126,40.454506000000265],[28.077063400000043,40.45453090000001],[28.07704070000011,40.45455149999992],[28.07681480000008,40.45462029999993],[28.076545699999997,40.454637899999966],[28.07647510000004,40.4546691000001],[28.076414399999976,40.45470650000016],[28.07636729999996,40.45476330000008],[28.07635049999999,40.454797900000074],[28.076367500000003,40.454863099999955],[28.076347300000123,40.45489410000022],[28.07626790000012,40.45493920000007],[28.076241100000004,40.45496859999997],[28.076252500000066,40.45500580000004],[28.076305400000024,40.45505179999998],[28.076366600000085,40.45521529999996],[28.076362400000107,40.455257600000095],[28.07632610000013,40.45531150000011],[28.07621469999998,40.455316400000015],[28.076158800000144,40.455305099999975],[28.076122399999974,40.455287900000144],[28.07596979999994,40.45517910000018],[28.07585080000007,40.45516620000018],[28.075790900000072,40.45517730000006],[28.075729299999978,40.45517240000015],[28.075590199999965,40.45511850000031],[28.07553100000007,40.45510440000021],[28.07545820000007,40.45510830000018],[28.075352100000032,40.45513570000031],[28.07519889999992,40.4552109],[28.07514640000005,40.45524490000014],[28.074621499999978,40.455936399999985],[28.07460810000009,40.456113900000105],[28.074511500000085,40.45638540000016],[28.07452760000001,40.456620100000066],[28.07457590000007,40.4569568],[28.074624200000017,40.457158900000024],[28.07466440000013,40.45721600000013],[28.074879000000124,40.45727720000008],[28.075155300000063,40.4573017000003],[28.07529480000005,40.457267000000115],[28.075477100000057,40.457273100000236],[28.075592500000027,40.457226200000264],[28.07579629999998,40.45720780000016],[28.075954600000102,40.45720780000016],[28.07606720000001,40.457250699999975],[28.076198700000077,40.45725889999994],[28.076507100000015,40.457238500000074],[28.076649300000042,40.45717719999993],[28.07682090000003,40.45720170000004],[28.07690140000011,40.45724660000019],[28.077362700000094,40.45728340000005],[28.07747000000012,40.457354800000246],[28.077488800000026,40.457558900000265],[28.077356000000066,40.457831000000056],[28.0773145,40.457987400000036],[28.077236699999958,40.45798340000022],[28.0770945000001,40.45814870000021],[28.077006000000097,40.45809150000008],[28.07685310000005,40.45819560000018],[28.076721700000007,40.45821600000028],[28.07638639999999,40.45821600000028],[28.076118199999996,40.45819560000018],[28.07600020000001,40.45822210000006],[28.075761500000112,40.45833029999994],[28.07562469999999,40.458432300000084],[28.07553350000012,40.45843640000021],[28.075048000000095,40.458426200000076],[28.07479589999997,40.45853030000001],[28.074921900000106,40.4586283000001],[28.07496479999992,40.458699699999954],[28.075018500000112,40.45872620000006],[28.07493800000003,40.45876090000024],[28.07494340000011,40.45882420000015],[28.075056000000018,40.458852800000045],[28.075039900000093,40.45889970000019],[28.07491660000005,40.458911899999976],[28.074919200000068,40.45897320000006],[28.074999699999978,40.4590201000002],[28.07513110000002,40.45905680000021],[28.075195500000007,40.45913440000004],[28.0751901000001,40.45922420000005],[28.0751580000001,40.45929360000008],[28.07512310000004,40.4593364000001],[28.074959500000034,40.45921400000009],[28.074857599999973,40.459191499999974],[28.0747798000001,40.45923030000017],[28.07477169999993,40.45929360000008],[28.07480120000008,40.45934660000006],[28.074876300000085,40.45942210000004],[28.074833400000102,40.45948340000001],[28.07472340000004,40.45956909999995],[28.074833400000102,40.45965680000029],[28.074956799999995,40.459677200000215],[28.07499430000007,40.459709900000064],[28.0750453,40.45977929999998],[28.075289399999974,40.45997110000019],[28.07535110000009,40.460152699999924],[28.075262600000087,40.46024870000008],[28.075230400000066,40.46037720000021],[28.0750453,40.46037720000021],[28.07497290000009,40.46038540000018],[28.07494340000011,40.46046290000004],[28.07496479999992,40.460516000000155],[28.07475030000012,40.46060990000012],[28.07494340000011,40.46078740000007],[28.075007799999923,40.46088949999995],[28.074833400000102,40.460971099999995],[28.07466440000013,40.46088129999998],[28.074546999999995,40.46080900000004],[28.074211000000105,40.460811999999976],[28.073902699999962,40.460879300000045],[28.073790000000088,40.46109969999998],[28.07372029999999,40.46119150000027],[28.073543300000097,40.461205800000016],[28.07345740000011,40.46132410000007],[28.073213000000123,40.46146400000009],[28.07322950000008,40.46160980000025],[28.07306050000011,40.46185880000007],[28.07278960000008,40.46194250000008],[28.072636700000032,40.46197110000014],[28.072540100000026,40.4619670000003],[28.072403300000076,40.46192619999994],[28.072381900000096,40.46184449999993],[28.072347000000036,40.46178130000021],[28.072526700000026,40.461675199999945],[28.072583000000066,40.461554700000306],[28.07256160000003,40.46148540000024],[28.07237650000002,40.461565000000064],[28.072312100000033,40.46154659999996],[28.07237379999998,40.461358800000255],[28.072381900000096,40.46127110000009],[28.07237379999998,40.461071100000254],[28.07230950000013,40.46093840000009],[28.072271900000032,40.4608956000003],[28.07226120000007,40.46081400000014],[28.072339000000113,40.46074870000007],[28.07238719999998,40.4607405000001],[28.072532100000103,40.46067110000001],[28.072687599999995,40.46043639999999],[28.0728218000001,40.46025480000003],[28.0728888000001,40.46008130000024],[28.072803000000135,40.45992010000003],[28.072416700000133,40.45965480000012],[28.072207500000047,40.459624200000064],[28.071982200000093,40.45965280000013],[28.07190710000009,40.459697699999936],[28.07184010000003,40.459783400000106],[28.071765000000028,40.45984250000021],[28.071708599999965,40.459844600000054],[28.07151020000009,40.45980789999999],[28.071250000000077,40.45980989999998],[28.071279500000003,40.45974460000008],[28.071220500000095,40.45957520000013],[28.07101660000012,40.45958740000009],[28.070858399999963,40.459560899999985],[28.070810100000074,40.45947930000017],[28.070807400000035,40.4594201000001],[28.070831600000076,40.45914050000022],[28.070619700000123,40.45884870000003],[28.070292400000028,40.458748700000115],[28.07017440000004,40.45872830000002],[28.06953599999997,40.45885070000003],[28.06896469999998,40.45919360000016],[28.068803800000012,40.45927929999999],[28.06867240000014,40.459362999999996],[28.068565100000114,40.45948340000001],[28.068632100000002,40.459603800000025],[28.06874210000001,40.45965280000013],[28.068905700000073,40.45976090000005],[28.06898599999994,40.45996300000007],[28.06881990000005,40.46003440000027],[28.068734100000086,40.46014249999996],[28.06873939999997,40.460214000000065],[28.068768900000123,40.46025270000007],[28.068873500000052,40.4603017],[28.068937900000094,40.46034659999998],[28.06899400000009,40.46047600000003],[28.068868199999997,40.46065480000027],[28.068707200000006,40.46080170000016],[28.06848999999994,40.460816000000136],[28.068229800000097,40.460977200000116],[28.068130600000075,40.46106910000026],[28.068068900000128,40.46125480000018],[28.068050099999994,40.46152410000025],[28.067409100000077,40.461587400000155],[28.067167000000097,40.46177700000021],[28.06704160000004,40.46193640000007],[28.067068400000096,40.46214040000007],[28.06683900000013,40.46229300000027],[28.06680560000001,40.46255270000012]]],"type":"Polygon"}},{"type":"Feature","properties":{"area_id":"TR-10-009-0","name_tr":"Ada_37","area_level":"neighbourhood","parent_id":"TR-10-009","endeksa_id":0},"geometry":{"coordinates":[[[28.083067000000085,40.45217400000007],[28.083176000000037,40.4522293],[28.08317150000005,40.452263800000196],[28.083303200000103,40.4523295000003],[28.08320329999998,40.452402100000086],[28.083121500000004,40.45244010000022],[28.083003399999996,40.452436700000135],[28.08297620000002,40.45234679999999],[28.0829126000001,40.45230189999995],[28.082889799999975,40.45223620000007],[28.082889799999975,40.45217740000015],[28.08295340000012,40.45215320000028],[28.083003399999996,40.45213940000002],[28.083067000000085,40.45217400000007]]],"type":"Polygon"}},{"type":"Feature","properties":{"area_id":"TR-10-009-0","name_tr":"Yalı Adası","area_level":"neighbourhood","parent_id":"TR-10-009","endeksa_id":0},"geometry":{"coordinates":[[[27.78735000000006,40.393120000000295],[27.787650000000042,40.39316000000008],[27.787730000000067,40.39316000000008],[27.787900000000093,40.39327000000026],[27.788100000000156,40.39337000000023],[27.788170000000264,40.39348000000024],[27.7882400000002,40.39357000000007],[27.788290000000245,40.393610000000194],[27.78840000000008,40.3936300000002],[27.78847000000019,40.39366000000024],[27.788510000000144,40.393740000000264],[27.78858000000008,40.39381000000037],[27.78856000000019,40.39388000000031],[27.788570000000107,40.39393000000035],[27.788610000000062,40.39397000000014],[27.788610000000062,40.39403000000027],[27.788640000000044,40.394040000000246],[27.78865000000019,40.394080000000315],[27.788690000000088,40.39413000000036],[27.788720000000126,40.39419000000004],[27.788720000000126,40.39427000000023],[27.78868000000017,40.39431000000036],[27.788600000000315,40.39434000000034],[27.788530000000208,40.394390000000215],[27.788450000000125,40.39440000000019],[27.788440000000037,40.394510000000196],[27.78858000000008,40.394570000000215],[27.788540000000125,40.394610000000284],[27.788450000000125,40.394570000000215],[27.788330000000144,40.39450000000011],[27.78809000000018,40.39440000000019],[27.7879300000003,40.39431000000036],[27.78797000000003,40.39427000000023],[27.7879300000003,40.39418000000023],[27.787830000000156,40.39412000000027],[27.787820000000067,40.394070000000056],[27.787830000000156,40.393950000000075],[27.787640000000067,40.393770000000075],[27.78753000000006,40.39371000000011],[27.787430000000143,40.393680000000074],[27.78719000000018,40.39359000000013],[27.7870700000002,40.39340000000004],[27.78713000000016,40.39331000000021],[27.787150000000054,40.39320000000015],[27.78722000000016,40.393110000000206],[27.78735000000006,40.393120000000295]]],"type":"Polygon"}},{"type":"Feature","properties":{"area_id":"TR-10-009-0","name_tr":"Asmalı 2","area_level":"neighbourhood","parent_id":"TR-10-009","endeksa_id":0},"geometry":{"coordinates":[[[28.080390000000307,40.45250000000004],[28.080210000000136,40.452660000000094],[28.080210000000136,40.45277000000033],[28.080190000000073,40.45295000000016],[28.079970000000174,40.45311000000038],[28.079870000000085,40.45325000000025],[28.079850000000192,40.45335000000034],[28.07952000000006,40.45348000000013],[28.079450000000122,40.45363000000026],[28.079230000000052,40.45373000000035],[28.078970000000197,40.45366000000007],[28.07871000000017,40.45366000000007],[28.078440000000057,40.453550000000234],[28.078440000000057,40.453240000000164],[28.078523069180903,40.45308664151281],[28.078538380000055,40.45298614200027],[28.07866872126033,40.45295612388463],[28.078840000000127,40.45288000000022],[28.079030000000046,40.452840000000265],[28.07953319239516,40.45263384092112],[28.079635887000165,40.452437637000116],[28.079751010000166,40.452388154000175],[28.079847658248354,40.45245579903303],[28.079900000000066,40.452410000000214],[28.079940000000192,40.45221000000021],[28.079940000000192,40.45198000000033],[28.080100000000073,40.45185000000009],[28.0802300000002,40.4518700000001],[28.080270000000155,40.45207000000016],[28.080250000000092,40.4521400000001],[28.080280000000073,40.45227000000017],[28.080390000000307,40.45250000000004]]],"type":"Polygon"}},{"type":"Feature","properties":{"area_id":"TR-10-009-0","name_tr":"Yer","area_level":"neighbourhood","parent_id":"TR-10-009","endeksa_id":0},"geometry":{"coordinates":[[[27.566606061000073,40.46820914500012],[27.565309391000085,40.469619558000204],[27.561450974000138,40.46854381200001],[27.561366144000033,40.46845301400032],[27.56429169300003,40.46531312100012],[27.566463908000117,40.46691901900067],[27.56893860400004,40.46647401199999],[27.569079233000025,40.4665275050001],[27.56904840300018,40.466645781000125],[27.566606061000073,40.46820914500012]]],"type":"Polygon"}},{"type":"Feature","properties":{"area_id":"TR-10-009-0","name_tr":"Hasır 2","area_level":"neighbourhood","parent_id":"TR-10-009","endeksa_id":0},"geometry":{"coordinates":[[[27.586883232000105,40.49836728700035],[27.58682077300017,40.498451953000426],[27.586681302000102,40.49844958000017],[27.585604616000182,40.49784492100014],[27.58565924300018,40.49772637799998],[27.586331300703876,40.497466229145516],[27.586360000000184,40.4974000000002],[27.586930000000052,40.497170000000324],[27.587500000000148,40.49724000000026],[27.58758000000023,40.49743000000035],[27.587500000000148,40.497730000000274],[27.587360000000103,40.49793000000017],[27.586866341367397,40.49793000000017],[27.586883232000105,40.49836728700035]]],"type":"Polygon"}},{"type":"Feature","properties":{"area_id":"TR-10-009-0","name_tr":"Soğan","area_level":"neighbourhood","parent_id":"TR-10-009","endeksa_id":0},"geometry":{"coordinates":[[[27.587266933000137,40.50193069000022],[27.587880665000114,40.502910408000105],[27.586516408000136,40.504079338],[27.58637245200015,40.50409990600065],[27.585795791000123,40.502670208000154],[27.587156240000127,40.50187962500053],[27.587266933000137,40.50193069000022]]],"type":"Polygon"}},{"type":"Feature","properties":{"area_id":"TR-10-009-0","name_tr":"Koyun","area_level":"neighbourhood","parent_id":"TR-10-009","endeksa_id":0},"geometry":{"coordinates":[[[27.581488597006626,40.510158606625964],[27.581580000000088,40.51052000000021],[27.581970000000183,40.51131000000021],[27.582290000000228,40.51155000000017],[27.583260000000166,40.511850000000265],[27.584820000000093,40.51244000000008],[27.585150000000056,40.51279000000005],[27.585150000000056,40.513180000000034],[27.58476000000013,40.513620000000344],[27.583980000000054,40.51387000000011],[27.583200000000204,40.51407000000029],[27.583330000000103,40.51456000000013],[27.58411000000018,40.51515000000029],[27.584430000000168,40.51574000000011],[27.584430000000168,40.51609000000025],[27.584820000000093,40.516340000000355],[27.58612000000022,40.51639000000023],[27.586180000000184,40.516780000000324],[27.58612000000022,40.5173200000001],[27.585790000000088,40.51762000000036],[27.584630000000175,40.51811000000009],[27.584430000000168,40.51846000000023],[27.58476000000013,40.51890000000009],[27.584370000000376,40.519440000000316],[27.5843000000001,40.51989000000026],[27.583720000000028,40.52008000000035],[27.58359000000013,40.520280000000184],[27.58424000000008,40.5208200000003],[27.583980000000054,40.52097000000009],[27.58359000000013,40.521170000000154],[27.583390000000122,40.521510000000035],[27.583260000000166,40.521760000000256],[27.582810000000052,40.52166000000034],[27.582230000000038,40.52146000000016],[27.582230000000038,40.52107000000018],[27.582550000000424,40.52033000000006],[27.582490000000064,40.52013000000022],[27.5821600000001,40.51989000000026],[27.581840000000113,40.51964000000021],[27.580930000000137,40.51934000000023],[27.579960000000142,40.51934000000023],[27.578920000000096,40.51920000000035],[27.57853000000034,40.518600000000276],[27.577880000000164,40.51821000000035],[27.576840000000118,40.51821000000035],[27.57671000000039,40.517860000000326],[27.576910000000055,40.517120000000205],[27.576840000000118,40.51673000000028],[27.576910000000055,40.51604000000003],[27.577040000000125,40.51555000000019],[27.577040000000125,40.51446000000004],[27.57717000000008,40.51407000000029],[27.57717000000008,40.51372000000026],[27.576590000000238,40.51328000000029],[27.576260000000104,40.51284000000015],[27.575550000000135,40.51279000000005],[27.57516000000004,40.5124900000003],[27.57529000000011,40.51155000000017],[27.57594000000006,40.51081000000005],[27.57613000000015,40.51017000000036],[27.57613000000015,40.509430000000236],[27.576330000000212,40.509190000000274],[27.576330000000212,40.508790000000204],[27.57581000000016,40.50840000000028],[27.57529000000011,40.50825000000032],[27.57516000000004,40.507760000000246],[27.575350000000128,40.507170000000144],[27.576330000000212,40.50687000000033],[27.576970000000188,40.50647000000009],[27.576970000000188,40.505590000000154],[27.576840000000118,40.50509000000034],[27.576330000000212,40.50431000000009],[27.576330000000212,40.50376000000023],[27.57600000000008,40.50322000000017],[27.575740000000053,40.502680000000225],[27.575550000000135,40.502330000000256],[27.57516000000004,40.50209000000007],[27.57457000000005,40.50179000000031],[27.573730000000182,40.50140000000022],[27.57386000000008,40.5004600000002],[27.574190000000044,40.49997000000036],[27.574060000000145,40.499520000000246],[27.573340000000087,40.499080000000106],[27.573020000000042,40.498680000000206],[27.571590000000242,40.49809000000022],[27.572630000000117,40.49765000000025],[27.57380000000012,40.49651000000023],[27.574770000000058,40.4965600000001],[27.574830000000077,40.496760000000336],[27.575220000000172,40.49715000000026],[27.576070000000186,40.49706000000026],[27.576910000000055,40.4965600000001],[27.577620000000366,40.496420000000114],[27.578270000000146,40.49617000000018],[27.57853000000034,40.49572000000023],[27.57918000000012,40.49568000000016],[27.580090000000098,40.49523000000022],[27.581970000000183,40.49420000000009],[27.581970000000183,40.49548000000027],[27.582030000000202,40.49582000000021],[27.582420000000127,40.496270000000266],[27.582420000000127,40.496760000000336],[27.582360000000335,40.497010000000216],[27.582490000000064,40.497500000000116],[27.58275000000009,40.497850000000255],[27.583010000000115,40.49859000000038],[27.583010000000115,40.49923000000024],[27.58294000000018,40.49937000000011],[27.582550000000424,40.49972000000008],[27.582268730103237,40.50019464295116],[27.58195636100004,40.50418711200007],[27.582066479000105,40.50544675900062],[27.582953230000044,40.50732941200016],[27.58280963200002,40.50742138100003],[27.58171800300005,40.507228126000484],[27.581488597006626,40.510158606625964]]],"type":"Polygon"}},{"type":"Feature","properties":{"area_id":"TR-10-009-0","name_tr":"Mamali","area_level":"neighbourhood","parent_id":"TR-10-009","endeksa_id":0},"geometry":{"coordinates":[[[27.58285810900003,40.52785334400011],[27.58273499800009,40.52780869700007],[27.58131834200009,40.52604920900018],[27.584221059000186,40.522594252000545],[27.58434091900017,40.522635229000116],[27.58721189700003,40.52574480600009],[27.587078591000193,40.52584163100005],[27.58520029700003,40.52568509600013],[27.58285810900003,40.52785334400011]]],"type":"Polygon"}},{"type":"Feature","properties":{"area_id":"TR-10-009-0","name_tr":"Tavşan","area_level":"neighbourhood","parent_id":"TR-10-009","endeksa_id":0},"geometry":{"coordinates":[[[27.789000000000158,40.375990000000115],[27.789250000000095,40.37624000000005],[27.78977000000009,40.376360000000545],[27.790030000000115,40.376580000000274],[27.790320000000122,40.37737000000027],[27.79026000000016,40.37767000000025],[27.789930000000197,40.37786000000017],[27.78825000000012,40.37826000000018],[27.787770000000194,40.37823000000037],[27.786860000000047,40.37767000000025],[27.78456000000017,40.377320000000395],[27.7838500000002,40.37628000000018],[27.78298000000018,40.3756700000003],[27.78162000000009,40.375770000000045],[27.78149000000019,40.3755900000001],[27.781810000000178,40.373450000000105],[27.782230000000084,40.37278000000009],[27.78246000000013,40.37266000000011],[27.784270000000163,40.373200000000566],[27.785050000000183,40.37305000000026],[27.786600000000192,40.37389000000013],[27.787730000000067,40.37411000000054],[27.78806000000003,40.374380000000144],[27.78806000000003,40.374680000000126],[27.788220000000138,40.375000000000284],[27.789000000000158,40.375990000000115]]],"type":"Polygon"}},{"type":"Feature","properties":{"area_id":"TR-10-009-0","name_tr":"Hali","area_level":"neighbourhood","parent_id":"TR-10-009","endeksa_id":0},"geometry":{"coordinates":[[[28.090830000000096,40.45378000000005],[28.090770000000077,40.453890000000115],[28.09088000000014,40.4541200000001],[28.091270000000065,40.454550000000154],[28.091920000000187,40.45489000000009],[28.091980000000035,40.45503000000008],[28.091740000000073,40.45542000000006],[28.09119000000004,40.455410000000086],[28.090830000000096,40.45531000000017],[28.090630000000033,40.45517000000012],[28.09067000000016,40.4550000000001],[28.090590000000134,40.45481000000018],[28.089720000000057,40.45456000000013],[28.089680000000158,40.4542000000007],[28.089810000000057,40.45400000000012],[28.08973000000003,40.45366000000007],[28.088800000000163,40.453670000000216],[28.08813000000015,40.453520000000196],[28.087560000000053,40.45325000000025],[28.087120000000084,40.45321000000013],[28.08633000000009,40.45281000000011],[28.08611000000019,40.452310000000125],[28.08633000000009,40.45206000000019],[28.08742000000018,40.451250000000186],[28.087790000000098,40.451250000000186],[28.08837000000011,40.45156000000003],[28.089100000000087,40.45164000000011],[28.089470000000176,40.45150000000041],[28.090380000000152,40.45078000000052],[28.092350000000067,40.45078000000052],[28.0928600000002,40.450640000000305],[28.093160000000125,40.45042000000058],[28.09327000000019,40.45017000000013],[28.09367000000003,40.44973000000033],[28.093750000000114,40.4497800000002],[28.093900000000076,40.44995000000006],[28.093840000000057,40.45032000000015],[28.09311000000008,40.45088000000027],[28.092840000000137,40.45121000000006],[28.092600000000175,40.45137000000017],[28.091560000000072,40.45161000000013],[28.09132000000011,40.45238000000006],[28.091300000000047,40.452780000000075],[28.09101000000004,40.45316000000008],[28.090830000000096,40.45378000000005]]],"type":"Polygon"}},{"type":"Feature","properties":{"area_id":"TR-10-009-0","name_tr":"Sedef","area_level":"neighbourhood","parent_id":"TR-10-009","endeksa_id":0},"geometry":{"coordinates":[[[28.1000600000001,40.46839000000011],[28.098110000000077,40.46915000000007],[28.097560000000044,40.46919000000037],[28.097310000000107,40.469100000000196],[28.09723000000008,40.468940000000146],[28.097520000000088,40.46815000000015],[28.097380000000044,40.46810000000005],[28.097380000000044,40.46796000000023],[28.097470000000044,40.46779000000021],[28.097800000000177,40.467550000000244],[28.098050000000057,40.46685000000019],[28.098460000000046,40.46682000000038],[28.098360000000127,40.4663700000001],[28.09844000000021,40.46618000000018],[28.09866000000011,40.466100000000495],[28.09913000000006,40.466190000000154],[28.099290000000167,40.466410000000565],[28.09993000000003,40.46651000000031],[28.09990000000022,40.46677000000051],[28.100040000000035,40.46686000000017],[28.100400000000207,40.46691000000004],[28.101240000000246,40.46683000000013],[28.101440000000082,40.46702000000005],[28.101690000000133,40.466750000000275],[28.10203000000024,40.4665500000001],[28.102820000000236,40.46621000000022],[28.103790000000174,40.46618000000018],[28.104100000000074,40.4663300000002],[28.104410000000144,40.46672000000012],[28.104970000000094,40.4677200000001],[28.104750000000195,40.46797000000032],[28.104810000000043,40.46810000000005],[28.105340000000183,40.468330000000265],[28.10532000000012,40.468510000000094],[28.105080000000157,40.46875000000023],[28.104680000000087,40.468610000000695],[28.102890000000173,40.468610000000695],[28.102580000000103,40.46875000000023],[28.10234000000014,40.46866000000057],[28.102090000000032,40.46886000000006],[28.101830000000177,40.468820000000164],[28.101360000000227,40.46891000000011],[28.100770000000068,40.468730000000164],[28.10030000000006,40.46829000000014],[28.1000600000001,40.46839000000011]]],"type":"Polygon"}},{"type":"Feature","properties":{"area_id":"TR-10-009-0","name_tr":"Hasır","area_level":"neighbourhood","parent_id":"TR-10-009","endeksa_id":0},"geometry":{"coordinates":[[[27.589420000000246,40.493200000000286],[27.58969000000019,40.494000000000256],[27.58969000000019,40.494570000000124],[27.589250000000163,40.49474000000015],[27.5879300000002,40.49477000000019],[27.587450000000104,40.49450000000019],[27.589120000000094,40.49284000000034],[27.589420000000246,40.493200000000286]]],"type":"Polygon"}},{"type":"Feature","properties":{"area_id":"TR-10-009-0","name_tr":"Akça","area_level":"neighbourhood","parent_id":"TR-10-009","endeksa_id":0},"geometry":{"coordinates":[[[27.70982000000015,40.52491000000066],[27.709750000000042,40.52562000000006],[27.7095700000001,40.525640000000124],[27.709640000000036,40.525760000000105],[27.709200000000237,40.52584000000019],[27.709120000000155,40.52599000000049],[27.708910000000174,40.52601000000004],[27.708840000000066,40.52612000000005],[27.708310000000097,40.526070000000175],[27.707960000000128,40.52569000000017],[27.70799000000011,40.525070000000255],[27.708870000000104,40.5245900000001],[27.709200000000237,40.52431000000007],[27.70932000000022,40.52412000000015],[27.70932000000022,40.52380000000011],[27.70898000000011,40.52359000000018],[27.709000000000174,40.52348000000029],[27.70982000000015,40.52282000000025],[27.709960000000194,40.52294000000023],[27.710070000000087,40.52327000000014],[27.710080000000175,40.5235100000001],[27.709960000000194,40.523620000000506],[27.710080000000175,40.52407000000011],[27.710050000000194,40.52447000000012],[27.710230000000195,40.524580000000356],[27.710230000000195,40.52472000000057],[27.710180000000094,40.52485000000013],[27.70991000000015,40.52484000000004],[27.70982000000015,40.52491000000066]]],"type":"Polygon"}}]}