{"type":"FeatureCollection","source_id":"endeksa","retrieved_at":"2026-08-23","features":[{"type":"Feature","properties":{"area_id":"TR-10-019-148479","name_tr":"Yüreğil","area_level":"neighbourhood","parent_id":"TR-10-019","endeksa_id":148479},"geometry":{"coordinates":[[[28.272323749711518,39.15113583339797],[28.272080000000074,39.15119000000038],[28.27132000000006,39.151040000000194],[28.271430000000123,39.15075000000036],[28.27101000000016,39.15081000000038],[28.270130000000165,39.150730000000124],[28.26754000000011,39.14991000000049],[28.26711000000006,39.150450000000035],[28.26702000000006,39.150230000000136],[28.266230000000064,39.14950000000067],[28.265720000000158,39.14934000000022],[28.265390000000195,39.149390000000096],[28.26444000000015,39.14877000000013],[28.263060000000166,39.14814000000041],[28.26259000000016,39.14770000000027],[28.262610000000052,39.147540000000504],[28.26203000000004,39.14715000000024],[28.26098000000019,39.146910000000275],[28.26045000000005,39.14670000000012],[28.260150000000067,39.14670000000012],[28.25973000000016,39.146480000000224],[28.25943000000018,39.146640000000104],[28.259160000000065,39.146600000000205],[28.258220000000108,39.14640000000014],[28.25729000000007,39.14602000000036],[28.256600000000162,39.145980000000066],[28.255760000000123,39.14576000000034],[28.25571000000008,39.145650000000444],[28.25524000000007,39.14550000000014],[28.25500000000011,39.1452900000005],[28.254980000000046,39.14509000000032],[28.254580000000203,39.144720000000234],[28.25426000000016,39.14466000000027],[28.254310000000032,39.144410000000164],[28.254080000000044,39.144250000000284],[28.25391000000019,39.144250000000284],[28.25373000000019,39.144100000000094],[28.25289000000015,39.14384000000007],[28.2523300000002,39.143570000000295],[28.25184000000013,39.14266000000032],[28.25097000000011,39.14227000000005],[28.250270000000114,39.14234000000016],[28.248610000000042,39.14208000000065],[28.24762000000004,39.14211000000029],[28.247550000000103,39.14209000000005],[28.24775000000011,39.14198000000022],[28.247110000000134,39.14161000000013],[28.246870000000172,39.141840000000684],[28.24706000000026,39.14222000000018],[28.24685000000011,39.14254000000034],[28.246620000000064,39.14265000000023],[28.246390000000247,39.142520000000104],[28.24617000000012,39.14269000000013],[28.24592000000007,39.14271000000019],[28.244700000000194,39.14330000000018],[28.240830000000074,39.14266000000032],[28.238910000000203,39.140590000000316],[28.23753000000005,39.13978000000009],[28.2367900000001,39.13788000000005],[28.23449000000005,39.136290000000486],[28.23464000000024,39.13611000000037],[28.2340200000001,39.1357500000002],[28.233910000000037,39.13577000000009],[28.2337500000001,39.13561000000038],[28.233330000000194,39.13581000000056],[28.232620000000054,39.13507000000044],[28.232210000000066,39.13479000000018],[28.23226000000011,39.13473000000005],[28.23204000000004,39.13448000000011],[28.232150000000104,39.134370000000104],[28.23210000000023,39.13417000000004],[28.23167000000018,39.1341800000007],[28.23152000000016,39.13390000000027],[28.230980000000102,39.13408000000027],[28.229970000000208,39.13349000000045],[28.22897000000006,39.13361000000043],[28.22875000000016,39.13395000000014],[28.228270000000236,39.13417000000004],[28.227900000000147,39.13453000000038],[28.226480000000095,39.135020000000054],[28.226290000000176,39.13552000000004],[28.225610000000188,39.13562000000047],[28.225230000000238,39.13541000000015],[28.22507000000013,39.13543000000038],[28.225140000000067,39.135730000000365],[28.225000000000193,39.1360600000001],[28.224680000000205,39.13631000000004],[28.22433000000018,39.13625000000019],[28.224350000000072,39.13612000000012],[28.22414000000009,39.13600000000065],[28.22417588669066,39.135820566548375],[28.22408168912733,39.13589541050857],[28.223948262192778,39.13582464239238],[28.223271350867037,39.13323054009089],[28.22278000000017,39.132540000000176],[28.2226500000001,39.132040000000416],[28.222640000000126,39.131270000000086],[28.222300000000075,39.13024000000013],[28.22192000000007,39.12972000000008],[28.222080000000176,39.129530000000386],[28.22210000000007,39.12888000000004],[28.22223000000014,39.1288100000001],[28.22222000000005,39.12869000000035],[28.222390000000075,39.128640000000075],[28.222900000000152,39.12789000000038],[28.22315000000009,39.12785000000008],[28.223500000000058,39.12788000000029],[28.223560000000077,39.12825000000032],[28.224200000000053,39.12857000000014],[28.22423000000009,39.12877000000071],[28.224570000000142,39.12887000000046],[28.226600000000076,39.12850000000043],[28.226920000000064,39.12865000000005],[28.22712000000007,39.128920000000335],[28.22786000000019,39.12880000000035],[28.228120000000047,39.127650000000415],[28.228090000000066,39.12686000000042],[28.22793000000013,39.12644000000034],[28.227980000000173,39.12609000000066],[28.227850000000103,39.12516000000045],[28.227590000000077,39.124800000000505],[28.22739185761634,39.12430668282815],[28.22774000000004,39.12381000000033],[28.228090000000066,39.12348000000003],[28.228560000000243,39.123220000000515],[28.22929000000005,39.1226200000001],[28.23049000000003,39.12197000000015],[28.231440000000134,39.1213400000002],[28.23151000000007,39.121150000000114],[28.231760000000122,39.12097000000051],[28.231890000000078,39.11987000000045],[28.232150000000104,39.11926000000028],[28.23214000000013,39.1188300000004],[28.232270000000085,39.11843000000067],[28.23257000000018,39.11844000000008],[28.23306000000025,39.11822000000035],[28.23353000000003,39.118170000000475],[28.234960000000058,39.11840000000035],[28.236236446536452,39.11744597091507],[28.237580000000094,39.116680000000144],[28.23730000000006,39.11611000000005],[28.238720000000114,39.1165400000001],[28.238820000000203,39.11648000000008],[28.238400000000127,39.11577000000017],[28.23811000000012,39.115530000000206],[28.238250000000107,39.11513000000048],[28.239220000000103,39.11486000000019],[28.240760000000137,39.11499000000026],[28.24047000000013,39.11459000000019],[28.240850000000137,39.114050000000134],[28.241590000000087,39.11417000000063],[28.242200000000082,39.114050000000134],[28.242650000000197,39.11342000000042],[28.243080000000077,39.112990000000366],[28.245770000000107,39.111850000000516],[28.247380000000078,39.11128000000025],[28.24781000000013,39.11104000000029],[28.248220000000117,39.11056000000036],[28.24840000000006,39.11047000000019],[28.249280000000056,39.110170000000096],[28.24982000000017,39.1100600000002],[28.250090000000114,39.11011000000008],[28.250460000000203,39.10978000000034],[28.250680000000102,39.10980000000018],[28.25072000000017,39.10998000000018],[28.251080000000115,39.109960000000456],[28.252600000000143,39.10973000000007],[28.252960000000087,39.109530000000404],[28.254720000000248,39.109400000000335],[28.255350000000135,39.10954000000038],[28.256000000000085,39.109830000000386],[28.256740000000036,39.11060000000015],[28.256860000000188,39.11091000000022],[28.258110000000045,39.110770000000684],[28.258080000000064,39.110450000000355],[28.25856000000016,39.11043000000029],[28.25855000000024,39.110360000000185],[28.258640000000185,39.110360000000185],[28.25856000000016,39.10991000000058],[28.258700000000033,39.10806000000031],[28.259130000000084,39.10817000000014],[28.25921000000011,39.10768000000013],[28.259500000000116,39.10696000000024],[28.2594900000002,39.10614000000004],[28.266510000000153,39.106460000000084],[28.270380000000102,39.10710000000029],[28.26965000000007,39.105620000000215],[28.26891000000012,39.10459000000026],[28.268650000000093,39.103540000000066],[28.2689900000002,39.10323000000017],[28.269360000000063,39.102680000000646],[28.269690000000196,39.101820000000544],[28.270200000000102,39.10161000000022],[28.271030000000053,39.10091000000057],[28.2761500000002,39.09733000000011],[28.27642252200036,39.09680221200068],[28.27626492408109,39.097037465976086],[28.276480000000163,39.096490000000074],[28.27587000000011,39.095650000000205],[28.27612000000022,39.095120000000406],[28.276950000000113,39.09486000000021],[28.27776000000017,39.094290000000115],[28.278000000000134,39.09316000000024],[28.27808000000016,39.09161000000006],[28.279630000000168,39.09117000000043],[28.280030000000068,39.09059000000008],[28.280760000000043,39.08684000000028],[28.27940000000018,39.085210000000416],[28.279420000000187,39.08138000000042],[28.28037000000012,39.076570000000345],[28.280440000000056,39.07655000000011],[28.280410000000074,39.07536000000027],[28.284200000000112,39.0742900000007],[28.28315000000009,39.072350000000085],[28.29112000000015,39.070560000000455],[28.29356000000007,39.070870000000525],[28.295900000000074,39.07386000000065],[28.2997900000002,39.075020000000166],[28.303460000000143,39.079100000000096],[28.30418000000003,39.08094000000028],[28.306180000000097,39.078890000000456],[28.306180000000097,39.07763000000011],[28.308360000000164,39.07346000000024],[28.309770000000128,39.07555000000036],[28.311480000000074,39.076870000000326],[28.31521000000015,39.077840000000265],[28.319260000000043,39.077840000000265],[28.32345000000015,39.077960000000246],[28.32317000000006,39.081930000000455],[28.323190000000125,39.087410000000546],[28.324365431828085,39.087840430785604],[28.328250000000082,39.09530000000041],[28.335020000000156,39.10941000000042],[28.334040000000073,39.11202000000037],[28.331180000000074,39.11549000000042],[28.33227946827219,39.12499540297057],[28.328910000000178,39.12819000000036],[28.325800000000072,39.13085000000018],[28.324240000000145,39.13134000000019],[28.323090000000036,39.13160000000039],[28.322780000000137,39.13151000000005],[28.320830000000058,39.13047000000017],[28.320020000000227,39.130410000000154],[28.319130000000087,39.131120000000465],[28.3184100000002,39.132290000000125],[28.318390000000136,39.13337000000047],[28.317000000000064,39.13456000000019],[28.316780000000165,39.13501000000031],[28.31494000000015,39.13637000000017],[28.313560000000223,39.13863000000015],[28.312600000000202,39.13877000000036],[28.31227000000007,39.139040000000136],[28.312290000000132,39.14009000000016],[28.31248000000022,39.14043000000055],[28.313340000000096,39.14114000000035],[28.313060000000064,39.14128000000039],[28.312880000000064,39.14234000000016],[28.31209000000007,39.142920000000515],[28.311450000000036,39.14369000000028],[28.308760000000063,39.14538000000016],[28.30840000000012,39.146290000000135],[28.307370000000162,39.14696000000015],[28.30642000000006,39.147070000000156],[28.30536000000012,39.14681000000013],[28.303390000000036,39.14597000000009],[28.30087000000003,39.14531000000005],[28.30047000000019,39.14539000000025],[28.29864000000009,39.14544000000012],[28.298280000000148,39.145550000000185],[28.29672000000005,39.14641000000012],[28.296150000000125,39.14693000000034],[28.29535000000004,39.14727000000022],[28.295070000000123,39.147540000000504],[28.294980000000123,39.147750000000144],[28.294010000000185,39.1480700000003],[28.293687356512066,39.14833066331704],[28.293180000000064,39.14866000000012],[28.292770000000075,39.14876000000004],[28.291880000000162,39.148590000000695],[28.2916400000002,39.14863000000008],[28.29120000000023,39.148870000000045],[28.288410000000113,39.14922000000024],[28.287700000000143,39.14948000000044],[28.287050000000193,39.14960000000042],[28.28656000000018,39.14950000000067],[28.285360000000196,39.1496800000001],[28.2847000000001,39.149490000000185],[28.28427000000005,39.14947000000035],[28.283810000000187,39.149700000000166],[28.283330000000092,39.149800000000084],[28.282270000000096,39.14973000000015],[28.27984000000015,39.14919000000009],[28.278760000000148,39.149110000000405],[28.276160000000118,39.14804000000015],[28.275910000000067,39.14823000000007],[28.275080000000116,39.14934000000022],[28.274580000000128,39.14979000000051],[28.274020000000178,39.150540000000035],[28.27277000000015,39.15114000000011],[28.272323749711518,39.15113583339797]]],"type":"Polygon"}},{"type":"Feature","properties":{"area_id":"TR-10-019-148527","name_tr":"Kınık","area_level":"neighbourhood","parent_id":"TR-10-019","endeksa_id":148527},"geometry":{"coordinates":[[[28.156413350000037,39.153173940000045],[28.12772603000019,39.15324868000033],[28.11069764000007,39.1467336700004],[28.114185496000005,39.143872595000005],[28.1147466540001,39.14081551000015],[28.11262665800018,39.13783886800002],[28.112504071000103,39.13779178800007],[28.112384561000113,39.13786159300008],[28.114097949000154,39.13344586400035],[28.112645262000115,39.13327948900053],[28.111240118000012,39.13338709100037],[28.109891297000104,39.13375691400017],[28.10871164200006,39.134357247000025],[28.107900258000086,39.135002960000065],[28.107208984000124,39.135847030000605],[28.10687293500007,39.13649651500043],[28.105995843000187,39.13875428600028],[28.094188658000178,39.13394560900008],[28.09285273600011,39.133606727000426],[28.091342729000132,39.13352204300003],[28.094858791000092,39.12502373000018],[28.098976467000057,39.12329089900061],[28.09922120100009,39.123056874000156],[28.09819077400016,39.12227494600012],[28.097391361000007,39.121250554000085],[28.09697664700019,39.12018814400011],[28.09690356200008,39.11904423300007],[28.09907390700016,39.11813090600026],[28.10187677500005,39.118684972000096],[28.10108854800012,39.117283103000545],[28.10624013000006,39.11511521000017],[28.106661100000053,39.114761393000265],[28.106835474000093,39.11487445900002],[28.136099789000184,39.093968035000216],[28.148897656000088,39.090513570000155],[28.150367730000085,39.090506416000096],[28.15102307000012,39.09131564900014],[28.15246590700019,39.09203064400009],[28.1581011400001,39.092160690000185],[28.159181443000023,39.092021263000106],[28.15967444000006,39.0918733690001],[28.16191896700002,39.09223709400044],[28.16299054500007,39.09268397700038],[28.168740744000047,39.09088199500013],[28.16925453700003,39.09088399400002],[28.16977939200018,39.09100027000005],[28.17137071000002,39.09180648400019],[28.1720442350001,39.09203564800015],[28.1727692500001,39.09204980500016],[28.17414186500008,39.091835804000084],[28.17534734300017,39.09150192999999],[28.176906009000163,39.09144330800012],[28.177682725000125,39.091256727000086],[28.178208323000092,39.09086534400012],[28.17855762200014,39.08980368900012],[28.17871796900016,39.08951608700028],[28.178944188000173,39.08932791400025],[28.179673960000116,39.089262144000315],[28.18067745900015,39.08947361900016],[28.181022677999977,39.089269937000154],[28.18120201900018,39.089296718000185],[28.182109406000052,39.090070391000154],[28.184842744000036,39.09031075000007],[28.18524075700003,39.090521188000025],[28.186224460000176,39.09146564100047],[28.186776749000103,39.09187754999999],[28.18711386500013,39.091957052],[28.18727199300008,39.0920824930007],[28.18784234600008,39.09206831400019],[28.188383946000158,39.09263332200004],[28.189053440000123,39.092728019000106],[28.190023935000056,39.09304556200004],[28.190183393000098,39.093144028000154],[28.190365468000152,39.09360545600015],[28.190712268000027,39.0938235480001],[28.191320920000123,39.09390026400001],[28.19179859900015,39.093826747000094],[28.192051275000097,39.0936854630001],[28.19270992500003,39.09368015600029],[28.19312646700007,39.094007629000146],[28.193397795000124,39.094102085000145],[28.19528025900007,39.09387403500011],[28.196303396000076,39.094046567000134],[28.196953002000043,39.094374495000125],[28.19784939500005,39.094646978000526],[28.199579202000052,39.09475883500028],[28.20056322200014,39.09471534100004],[28.20131755300008,39.09519373500001],[28.202461188000143,39.09518432800007],[28.203636535000157,39.095601167000154],[28.203984961000174,39.09594789300007],[28.204305453000075,39.09680966900032],[28.205508938000094,39.097619420000115],[28.20601974700014,39.09780240500004],[28.206153535,39.098115598000106],[28.206080662000147,39.0983260700001],[28.20612991500019,39.09888321900047],[28.206072277000032,39.09926988700016],[28.206165948999967,39.099456598000074],[28.20669218600011,39.099752018000174],[28.20676625599998,39.09997050100037],[28.207253531000106,39.100396575000275],[28.208381598000074,39.10053525800015],[28.20905797600011,39.10081663900007],[28.20958304400017,39.10086120699998],[28.210088888000143,39.10058785200056],[28.21063542400003,39.10080142700019],[28.211620394000192,39.10067485700006],[28.212174193000067,39.10107995500033],[28.21273955300012,39.101088374000085],[28.213098672000115,39.10134106500044],[28.213326568000127,39.10178910900021],[28.213342538000006,39.10239950700009],[28.213459994000175,39.102506956000184],[28.213906348000137,39.10253090600003],[28.21511047600012,39.102873071000545],[28.216405073000033,39.10353186499998],[28.21957448800015,39.104434833000084],[28.220986707000066,39.10538728400047],[28.221274670000128,39.106069320000415],[28.220893091000107,39.10698249000012],[28.22046315400013,39.108647970000106],[28.220804047,39.10887748700014],[28.221207995000043,39.10973092200015],[28.221882751000123,39.11066014900007],[28.222565422000173,39.111177874000134],[28.222965415000147,39.11174149200042],[28.223279037000168,39.11186613100034],[28.223396495000145,39.112219431000085],[28.22306311300008,39.113135976000194],[28.22304990300006,39.113547975000074],[28.22350960700004,39.11417431200027],[28.223530790000154,39.11440859100003],[28.22374746200012,39.114470244000245],[28.225415553000005,39.11845565500022],[28.225331837,39.11937115200038],[28.225121182000066,39.119283081000106],[28.224774213000046,39.1193742320001],[28.22460425200012,39.119865885000195],[28.223834426000053,39.120874433000154],[28.22418684100012,39.12091503800008],[28.225116623000133,39.12192970500007],[28.225650037000037,39.12205643900006],[28.227154760000133,39.12310195400016],[28.22691212800015,39.123562260000085],[28.227233866999995,39.12393762200003],[28.227590000000077,39.124800000000505],[28.227850000000103,39.12516000000045],[28.227980000000173,39.12609000000066],[28.22793000000013,39.12644000000034],[28.228090000000066,39.12686000000042],[28.228120000000047,39.127650000000415],[28.22786000000019,39.12880000000035],[28.22712000000007,39.128920000000335],[28.226920000000064,39.12865000000005],[28.226600000000076,39.12850000000043],[28.224570000000142,39.12887000000046],[28.22423000000009,39.12877000000071],[28.224200000000053,39.12857000000014],[28.223560000000077,39.12825000000032],[28.223500000000058,39.12788000000029],[28.22315000000009,39.12785000000008],[28.222900000000152,39.12789000000038],[28.222390000000075,39.128640000000075],[28.22222000000005,39.12869000000035],[28.22223000000014,39.1288100000001],[28.22210000000007,39.12888000000004],[28.222080000000176,39.129530000000386],[28.22192000000007,39.12972000000008],[28.222300000000075,39.13024000000013],[28.222640000000126,39.131270000000086],[28.2226500000001,39.132040000000416],[28.22278000000017,39.132540000000176],[28.223271350867037,39.13323054009089],[28.22417922800014,39.136709764000045],[28.217964420000158,39.142154230000074],[28.21042601400012,39.1447632280001],[28.208815532000074,39.14458513500017],[28.208313090000104,39.14471863600011],[28.20839834500015,39.144618542000046],[28.208293503000164,39.14452744200014],[28.191965741000104,39.14272118000008],[28.19003625100015,39.14638566000002],[28.187557901000105,39.14241828000007],[28.185428851000154,39.14607842000004],[28.17863719000013,39.14494163000063],[28.172545111000147,39.14729002000007],[28.170531891000167,39.149961120000455],[28.156413350000037,39.153173940000045]]],"type":"Polygon"}},{"type":"Feature","properties":{"area_id":"TR-10-019-148495","name_tr":"Bayraklı","area_level":"neighbourhood","parent_id":"TR-10-019","endeksa_id":148495},"geometry":{"coordinates":[[[28.249350610000022,39.15920275600007],[28.25174492100018,39.15789681300009],[28.251786126000127,39.157777046000376],[28.249222330000066,39.15600566100045],[28.247081075000096,39.155987555000195],[28.245439100000056,39.156659560000094],[28.2444658550001,39.15618293900019],[28.244322852000096,39.15619388300007],[28.24351702700011,39.15942139800018],[28.234226181000167,39.16952652100042],[28.23411435900016,39.16956770100012],[28.229412712000055,39.16821154900015],[28.22434494000015,39.164282240000205],[28.22685959500012,39.16081176200015],[28.2247390280001,39.15760265200015],[28.224776767000094,39.15747714400061],[28.225279674000035,39.15746543800003],[28.219482401000107,39.1453219200003],[28.21488086100004,39.144375340000124],[28.21023505100004,39.14591228000012],[28.207590436000146,39.14491064900011],[28.208815532000074,39.14458513500017],[28.21042601400012,39.1447632280001],[28.217964420000158,39.142154230000074],[28.22417922800014,39.136709764000045],[28.223948262192778,39.13582464239238],[28.22408168912733,39.13589541050857],[28.22417588669066,39.135820566548375],[28.22414000000009,39.13600000000065],[28.224350000000072,39.13612000000012],[28.22433000000018,39.13625000000019],[28.224680000000205,39.13631000000004],[28.225000000000193,39.1360600000001],[28.225140000000067,39.135730000000365],[28.22507000000013,39.13543000000038],[28.225230000000238,39.13541000000015],[28.225610000000188,39.13562000000047],[28.226290000000176,39.13552000000004],[28.226480000000095,39.135020000000054],[28.227900000000147,39.13453000000038],[28.228270000000236,39.13417000000004],[28.22875000000016,39.13395000000014],[28.22897000000006,39.13361000000043],[28.229970000000208,39.13349000000045],[28.230980000000102,39.13408000000027],[28.23152000000016,39.13390000000027],[28.23167000000018,39.1341800000007],[28.23210000000023,39.13417000000004],[28.232150000000104,39.134370000000104],[28.23204000000004,39.13448000000011],[28.23226000000011,39.13473000000005],[28.232210000000066,39.13479000000018],[28.232620000000054,39.13507000000044],[28.233330000000194,39.13581000000056],[28.2337500000001,39.13561000000038],[28.233910000000037,39.13577000000009],[28.2340200000001,39.1357500000002],[28.23464000000024,39.13611000000037],[28.23449000000005,39.136290000000486],[28.2367900000001,39.13788000000005],[28.23753000000005,39.13978000000009],[28.238910000000203,39.140590000000316],[28.240830000000074,39.14266000000032],[28.244700000000194,39.14330000000018],[28.24592000000007,39.14271000000019],[28.24617000000012,39.14269000000013],[28.246390000000247,39.142520000000104],[28.246620000000064,39.14265000000023],[28.24685000000011,39.14254000000034],[28.24706000000026,39.14222000000018],[28.246870000000172,39.141840000000684],[28.247110000000134,39.14161000000013],[28.24775000000011,39.14198000000022],[28.247550000000103,39.14209000000005],[28.24762000000004,39.14211000000029],[28.248610000000042,39.14208000000065],[28.250270000000114,39.14234000000016],[28.25097000000011,39.14227000000005],[28.25184000000013,39.14266000000032],[28.2523300000002,39.143570000000295],[28.25289000000015,39.14384000000007],[28.25373000000019,39.144100000000094],[28.25391000000019,39.144250000000284],[28.254080000000044,39.144250000000284],[28.254310000000032,39.144410000000164],[28.25426000000016,39.14466000000027],[28.254580000000203,39.144720000000234],[28.254980000000046,39.14509000000032],[28.25500000000011,39.1452900000005],[28.25524000000007,39.14550000000014],[28.25571000000008,39.145650000000444],[28.255760000000123,39.14576000000034],[28.256600000000162,39.145980000000066],[28.25729000000007,39.14602000000036],[28.258220000000108,39.14640000000014],[28.259160000000065,39.146600000000205],[28.25943000000018,39.146640000000104],[28.25973000000016,39.146480000000224],[28.260150000000067,39.14670000000012],[28.26045000000005,39.14670000000012],[28.26098000000019,39.146910000000275],[28.26203000000004,39.14715000000024],[28.262610000000052,39.147540000000504],[28.26259000000016,39.14770000000027],[28.263060000000166,39.14814000000041],[28.26444000000015,39.14877000000013],[28.265390000000195,39.149390000000096],[28.265720000000158,39.14934000000022],[28.266230000000064,39.14950000000067],[28.26702000000006,39.150230000000136],[28.26711000000006,39.150450000000035],[28.26754000000011,39.14991000000049],[28.270130000000165,39.150730000000124],[28.27101000000016,39.15081000000038],[28.271430000000123,39.15075000000036],[28.27132000000006,39.151040000000194],[28.272080000000074,39.15119000000038],[28.272323749711518,39.15113583339797],[28.272448210000164,39.15115476700004],[28.272523315000058,39.15130472800007],[28.271192677999977,39.15289855600014],[28.265678089000176,39.15259400500025],[28.260478251000166,39.15452583300004],[28.260417143000097,39.154605695999976],[28.260265040000036,39.15703452000008],[28.25725350300013,39.15857787400006],[28.249438156000167,39.159382328000504],[28.249304037000172,39.15931779500005],[28.249350610000022,39.15920275600007]]],"type":"Polygon"}},{"type":"Feature","properties":{"area_id":"TR-10-019-148541","name_tr":"Küçükdağdere","area_level":"neighbourhood","parent_id":"TR-10-019","endeksa_id":148541},"geometry":{"coordinates":[[[28.3542477470001,39.16547647400006],[28.354233295000142,39.1655820970002],[28.3466595860001,39.16454116000017],[28.34368902500006,39.165048686000205],[28.33868927000003,39.16857303000012],[28.331453835000048,39.16781696300001],[28.3287865800001,39.17046679000015],[28.32508420199997,39.171092456000224],[28.31769993600011,39.175394381000274],[28.31363031600017,39.17642143500052],[28.311693934000175,39.17388254400015],[28.304356520000056,39.16969627999998],[28.304226279000034,39.169694869000125],[28.302423281000074,39.17058610300052],[28.301175500000113,39.17095875000035],[28.30142141900012,39.170430862000046],[28.301201483000057,39.170406802000514],[28.30181297500019,39.16977662100015],[28.302724801000124,39.16801439200009],[28.29935898000008,39.16670046000013],[28.300360877000116,39.16479709900011],[28.297542520000093,39.163970510000524],[28.294435420000013,39.158707390000075],[28.293461960000116,39.15582579000022],[28.29613167300016,39.15432406500008],[28.293787587000168,39.148378331000174],[28.293687356512066,39.14833066331704],[28.294010000000185,39.1480700000003],[28.294980000000123,39.147750000000144],[28.295070000000123,39.147540000000504],[28.29535000000004,39.14727000000022],[28.296150000000125,39.14693000000034],[28.29672000000005,39.14641000000012],[28.298280000000148,39.145550000000185],[28.29864000000009,39.14544000000012],[28.30047000000019,39.14539000000025],[28.30087000000003,39.14531000000005],[28.303390000000036,39.14597000000009],[28.30536000000012,39.14681000000013],[28.30642000000006,39.147070000000156],[28.307370000000162,39.14696000000015],[28.30840000000012,39.146290000000135],[28.308760000000063,39.14538000000016],[28.311450000000036,39.14369000000028],[28.31209000000007,39.142920000000515],[28.312880000000064,39.14234000000016],[28.313060000000064,39.14128000000039],[28.313340000000096,39.14114000000035],[28.31248000000022,39.14043000000055],[28.312290000000132,39.14009000000016],[28.31227000000007,39.139040000000136],[28.312600000000202,39.13877000000036],[28.313560000000223,39.13863000000015],[28.31494000000015,39.13637000000017],[28.316780000000165,39.13501000000031],[28.317000000000064,39.13456000000019],[28.318390000000136,39.13337000000047],[28.3184100000002,39.132290000000125],[28.319130000000087,39.131120000000465],[28.320020000000227,39.130410000000154],[28.320830000000058,39.13047000000017],[28.322780000000137,39.13151000000005],[28.323090000000036,39.13160000000039],[28.324240000000145,39.13134000000019],[28.325800000000072,39.13085000000018],[28.328910000000178,39.12819000000036],[28.33227946827219,39.12499540297057],[28.350611345000118,39.11952951500007],[28.35600772700002,39.124351163000085],[28.348779436000143,39.13571556800002],[28.350207138000144,39.140816943000175],[28.347619397000187,39.14412658100025],[28.351870379000047,39.14549201199998],[28.357644760000028,39.15514716300015],[28.35506996000015,39.159468080000124],[28.3542477470001,39.16547647400006]]],"type":"Polygon"}},{"type":"Feature","properties":{"area_id":"TR-10-019-148477","name_tr":"Yaylabayır","area_level":"neighbourhood","parent_id":"TR-10-019","endeksa_id":148477},"geometry":{"coordinates":[[[28.41157686400004,39.1671220290001],[28.411393885000052,39.16704668800014],[28.40575567100001,39.16924053400015],[28.40573486900007,39.16937501600023],[28.406600484000023,39.17006034100018],[28.40419680299999,39.17137255500006],[28.403421300000048,39.17389518000016],[28.398066663000122,39.17581700799997],[28.399037546999978,39.17930079000064],[28.395538721000037,39.18045692700014],[28.39631481200007,39.18171242700009],[28.392951501000027,39.18359343500009],[28.39076078000005,39.18172901000014],[28.38926096400013,39.183216334000065],[28.385318238000025,39.18186106700011],[28.383902927000065,39.18279661100007],[28.37819960900015,39.17952335100017],[28.378434669000058,39.17820966300019],[28.37193629000018,39.17793689000041],[28.368954608000024,39.18024829100011],[28.367448598000124,39.18006708300004],[28.366584840000087,39.17758708000042],[28.358470389000047,39.1788521110002],[28.357609859000092,39.178336983000065],[28.357551580000177,39.17846598300008],[28.35754720500006,39.178300229],[28.35628813500017,39.17754562600004],[28.355393252000113,39.17426980400057],[28.35982179500013,39.17335745400004],[28.359726122000154,39.17322845600006],[28.359191741000075,39.17325475000007],[28.35918350500009,39.17110968600008],[28.357540281000183,39.16996782800061],[28.35927262299998,39.16818828100054],[28.357006379000097,39.16760903900007],[28.358849476000046,39.16621986300021],[28.354233402000034,39.165582112000095],[28.35506996000015,39.159468080000124],[28.357644760000028,39.15514716300015],[28.351870379000047,39.14549201199998],[28.347619397000187,39.14412658100025],[28.350207138000144,39.140816943000175],[28.348779436000143,39.13571556800002],[28.35600772700002,39.124351163000085],[28.350611345000118,39.11952951500007],[28.36390000000017,39.11826654000015],[28.380786588999968,39.10930622900008],[28.382829260000165,39.11109863900043],[28.38309260400007,39.11110981700011],[28.38356234400004,39.11094501200006],[28.38428054700006,39.111369031000095],[28.38418056200004,39.117876847000105],[28.38272641599997,39.11910761200011],[28.388814189000186,39.12264810300036],[28.40545856600005,39.125271442999974],[28.421744830000023,39.130959731000075],[28.420900481000103,39.13341478900003],[28.421948240000177,39.13304855100006],[28.42349620599998,39.13318455400008],[28.424903393000193,39.13316735800004],[28.42704582400006,39.13395139600061],[28.42818299999999,39.13419960800019],[28.42874821900017,39.134156933000156],[28.4293724530001,39.134006293000084],[28.430357511000068,39.133541417000174],[28.430703041000072,39.133227373000125],[28.43119163299997,39.13242303600009],[28.43173574600013,39.13208939200001],[28.432300385000076,39.13186797500009],[28.433655844000043,39.13171547200017],[28.435320968000156,39.13136093700024],[28.428743503000135,39.139945385000146],[28.42885655500004,39.140020585000514],[28.435079239000117,39.14044170800008],[28.441180901000166,39.15015888300002],[28.417057338000177,39.16484422100007],[28.411632790000056,39.16695388400012],[28.41157686400004,39.1671220290001]]],"type":"Polygon"}},{"type":"Feature","properties":{"area_id":"TR-10-019-148551","name_tr":"Sinandede","area_level":"neighbourhood","parent_id":"TR-10-019","endeksa_id":148551},"geometry":{"coordinates":[[[28.16654798270895,39.18340042267738],[28.166262644689937,39.18350501214155],[28.165947924735292,39.18346604261296],[28.164540184000316,39.184881442000346],[28.1652192800002,39.18976200000026],[28.16283574400029,39.191426465000006],[28.161142097000265,39.1918492330002],[28.161094047000347,39.191665183000396],[28.160784631000354,39.19182245300044],[28.160705895000035,39.19162759400058],[28.161086931000114,39.19149749700006],[28.161063781000166,39.19144020400017],[28.161725491000027,39.19117297200012],[28.15379439800006,39.18936202900011],[28.146806020000042,39.18606829000032],[28.145200780000096,39.18252331100001],[28.14131616000003,39.181071530000054],[28.14286298000013,39.179981050000436],[28.141991879999978,39.17795183000004],[28.13612751000005,39.17381768100006],[28.131063870000162,39.17476710000051],[28.127961470000116,39.172988635000024],[28.122216420000143,39.16614813100017],[28.127049990000046,39.16252523000031],[28.123612974000082,39.160486353000124],[28.121962986000142,39.15951796400003],[28.1037029900001,39.15790525000068],[28.11069764000007,39.1467336700004],[28.12772603000019,39.15324868000033],[28.156413350000037,39.153173940000045],[28.16363477100009,39.15641290100007],[28.159687854000083,39.16158952600034],[28.161086251000086,39.16989686000005],[28.164021421000086,39.1729888700001],[28.163776161000044,39.17518168999999],[28.168910330000017,39.17688677100011],[28.166736740000147,39.18267293100013],[28.166503259963065,39.1829076828613],[28.166706575471324,39.182939504640274],[28.16654798270895,39.18340042267738]]],"type":"Polygon"}},{"type":"Feature","properties":{"area_id":"TR-10-019-148483","name_tr":"Aktaş","area_level":"neighbourhood","parent_id":"TR-10-019","endeksa_id":148483},"geometry":{"coordinates":[[[28.2247390280001,39.15760265200015],[28.22456715500016,39.15745295200003],[28.22028559200004,39.157423614000265],[28.217381586999977,39.166475501000036],[28.217450327000165,39.1665814270001],[28.21876520100011,39.166963395000266],[28.221096161000048,39.1758699400001],[28.218033721000154,39.17901606999999],[28.20681514400013,39.177762831000166],[28.20533477600003,39.18220322100018],[28.20621920000002,39.188015110000094],[28.201910013000088,39.19257362399998],[28.20172173300017,39.192588762000526],[28.20136908900008,39.19295162300011],[28.20122550500014,39.19325715000008],[28.20111726000016,39.19336342600013],[28.201039749000017,39.193290507000086],[28.200502341000174,39.19384349000006],[28.200440702000094,39.19377978400013],[28.199870183000087,39.194395183000154],[28.199918076000017,39.194444684000075],[28.199817726000106,39.19445176600016],[28.198112271000127,39.19631368000017],[28.19792237300004,39.196135030000164],[28.19777337000005,39.19649997100004],[28.197664478000092,39.19638742500018],[28.197266409999997,39.19677700500023],[28.194294821000085,39.192933800000105],[28.18672915200034,39.193787569000676],[28.1795515900003,39.18920235000081],[28.1820466920002,39.18333676300017],[28.181663831000208,39.182981976000235],[28.183029371000202,39.18102736500026],[28.174895021000225,39.18514534500042],[28.166812699000275,39.18269595200053],[28.16654798270895,39.18340042267738],[28.166706575471324,39.182939504640274],[28.166503259963065,39.1829076828613],[28.166736740000147,39.18267293100013],[28.168910330000017,39.17688677100011],[28.163776161000044,39.17518168999999],[28.164021421000086,39.1729888700001],[28.161086251000086,39.16989686000005],[28.159687854000083,39.16158952600034],[28.16363477100009,39.15641290100007],[28.156413350000037,39.153173940000045],[28.170531891000167,39.149961120000455],[28.172545111000147,39.14729002000007],[28.17863719000013,39.14494163000063],[28.185428851000154,39.14607842000004],[28.187557901000105,39.14241828000007],[28.19003625100015,39.14638566000002],[28.191965741000104,39.14272118000008],[28.208293503000164,39.14452744200014],[28.20839834500015,39.144618542000046],[28.208313090000104,39.14471863600011],[28.207590436000146,39.14491064900011],[28.21023505100004,39.14591228000012],[28.21488086100004,39.144375340000124],[28.219482401000107,39.1453219200003],[28.225279674000035,39.15746543800003],[28.224776767000094,39.15747714400061],[28.2247390280001,39.15760265200015]]],"type":"Polygon"}},{"type":"Feature","properties":{"area_id":"TR-10-019-148497","name_tr":"Büyükdağdere","area_level":"neighbourhood","parent_id":"TR-10-019","endeksa_id":148497},"geometry":{"coordinates":[[[28.357288053000104,39.19725296000007],[28.35671828300002,39.197348525999985],[28.354253436000135,39.19692806500029],[28.349023290000105,39.198688312],[28.348926942000105,39.19855447500004],[28.35111633200006,39.19504507500028],[28.351072511999973,39.1949194340001],[28.346088045000158,39.195268223000085],[28.337142045000178,39.193004821000045],[28.331488340000192,39.195387779000214],[28.33137458300007,39.19531699800012],[28.33068523500009,39.19335380100017],[28.330473873000187,39.19358447900004],[28.320754051000108,39.19379382200003],[28.317849370000033,39.191439140000114],[28.31331044300009,39.19556616000017],[28.30795147800012,39.19320978800022],[28.30709755999999,39.19130761700012],[28.301062245000082,39.19315466600045],[28.297478420000118,39.1924155300004],[28.297697386000095,39.1932693010001],[28.29754411600004,39.19330858700016],[28.297816532000184,39.1937549280002],[28.297573683000053,39.19381717400006],[28.29744448100007,39.19333412500015],[28.297220002000017,39.19344811600007],[28.296430627000177,39.19189362000003],[28.297125699000162,39.18994354100005],[28.29418602200019,39.18795814300046],[28.292931634000126,39.182614329000444],[28.29667515600005,39.180824338000036],[28.297022607000144,39.175973298000144],[28.298330544000066,39.17334772000015],[28.301201483000057,39.170406802000514],[28.30142141900012,39.170430862000046],[28.301175500000113,39.17095875000035],[28.302423281000074,39.17058610300052],[28.304226279000034,39.169694869000125],[28.304356520000056,39.16969627999998],[28.311693934000175,39.17388254400015],[28.31363031600017,39.17642143500052],[28.31769993600011,39.175394381000274],[28.32508420199997,39.171092456000224],[28.3287865800001,39.17046679000015],[28.331453835000048,39.16781696300001],[28.33868927000003,39.16857303000012],[28.34368902500006,39.165048686000205],[28.3466595860001,39.16454116000017],[28.354233295000142,39.1655820970002],[28.3542477470001,39.16547647400006],[28.354233402000034,39.165582112000095],[28.358849476000046,39.16621986300021],[28.357006379000097,39.16760903900007],[28.35927262299998,39.16818828100054],[28.357540281000183,39.16996782800061],[28.35918350500009,39.17110968600008],[28.359191741000075,39.17325475000007],[28.359726122000154,39.17322845600006],[28.35982179500013,39.17335745400004],[28.355393252000113,39.17426980400057],[28.35628813500017,39.17754562600004],[28.35754720500006,39.178300229],[28.357551580000177,39.17846598300008],[28.353302160000112,39.18787195000016],[28.359337133000167,39.193132252000055],[28.35823698400003,39.1970354070001],[28.357288053000104,39.19725296000007]]],"type":"Polygon"}},{"type":"Feature","properties":{"area_id":"TR-10-019-148585","name_tr":"Devletlibaba","area_level":"neighbourhood","parent_id":"TR-10-019","endeksa_id":148585},"geometry":{"coordinates":[[[28.47158823025785,39.201528350922445],[28.47115000000008,39.20112000000012],[28.470460000000173,39.20209000000011],[28.469710000000134,39.20270000000011],[28.468590000000177,39.202770000000044],[28.467760000000112,39.20229000000012],[28.466540000000236,39.201890000000276],[28.46619000000004,39.201280000000395],[28.465930000000185,39.200470000000166],[28.465840173650122,39.200491249244294],[28.46615761200019,39.20026352300005],[28.462405240000066,39.186033608000116],[28.461971234000032,39.18495542200026],[28.457552345000067,39.181848901000194],[28.45253845100018,39.182613228000264],[28.452477649000116,39.182520087000285],[28.45287498400006,39.1800196770007],[28.447373658000117,39.17803253600033],[28.44741719800004,39.177939428000116],[28.453853283000058,39.17381921400005],[28.455992249000133,39.1617660070001],[28.447449951000124,39.129395623000164],[28.44833910200009,39.1281944210001],[28.448826102000055,39.12755472600003],[28.449713897000038,39.12740121700017],[28.450331452000114,39.12754431100046],[28.451378063999982,39.12753778800004],[28.452957207000168,39.12718818600007],[28.458903205000126,39.13033466900009],[28.46143505400005,39.13130430600012],[28.4628762320001,39.13086203500035],[28.46345220600017,39.130602195000165],[28.46413415000012,39.12954983600008],[28.464487697000152,39.129187930000114],[28.46563141600018,39.12886374900006],[28.467212208000035,39.127781000000596],[28.46810042400017,39.12676478500009],[28.468839851000155,39.126658237000186],[28.469602974000168,39.12627876100038],[28.469907779000096,39.12622344199997],[28.471280979000028,39.12505079200014],[28.47198186800017,39.12426981900006],[28.472378947000095,39.12412110300005],[28.472975141000006,39.12454252599997],[28.473554326000055,39.124573582000096],[28.473291243000062,39.12534687500005],[28.473264627000162,39.12679389700037],[28.47306996900005,39.12720848500021],[28.473057431000086,39.127862948000086],[28.472878026000046,39.12812823500013],[28.472805688000108,39.12847486300018],[28.473083864000046,39.12913161100016],[28.473017759000186,39.129842460000134],[28.473375988000043,39.1301477330004],[28.47420710900019,39.130387446999976],[28.47465711300009,39.130691556000045],[28.474754845000177,39.13097629000015],[28.474045680000074,39.13144996500017],[28.473732932000132,39.131859045000056],[28.47375468400014,39.13216857200018],[28.474013428000035,39.1327427220001],[28.47339069800006,39.13406129600014],[28.472828291000155,39.134604601000035],[28.472799981000094,39.135081576000175],[28.473384675000148,39.13568068100011],[28.472845943000152,39.13625943300053],[28.474085560000162,39.13755210200014],[28.47416591300015,39.13788352500012],[28.474104801000067,39.138034434000076],[28.47468048999997,39.13856691900014],[28.47502950300003,39.139234532000046],[28.475481757000125,39.13935034500048],[28.476104800000087,39.13933527700016],[28.47688016699999,39.13991341100035],[28.477172197000186,39.14050855700003],[28.477497567000114,39.14069128500023],[28.478010958000027,39.14088755600039],[28.47863596600007,39.14092252200027],[28.479969686000118,39.14126305500014],[28.481115025999998,39.14120088400006],[28.481855412000186,39.141264085000046],[28.482986900000185,39.140935124000066],[28.484621770000103,39.141239447000146],[28.48527677100003,39.14115447300003],[28.48798569900015,39.14807366700052],[28.48286937000006,39.1495404100001],[28.48867194500008,39.16005190400011],[28.486990720000165,39.162498820999986],[28.495443055000067,39.1666797690001],[28.502883566000094,39.18564306800016],[28.500806833000127,39.18912400800019],[28.49261017000009,39.19433527100017],[28.491235789000143,39.19958620100067],[28.489598012000044,39.200826098000675],[28.48924081700011,39.20085498200058],[28.481231495000145,39.201019926000185],[28.477361216000133,39.19858800100013],[28.475235021000117,39.199257670000065],[28.472320951000086,39.20107199600005],[28.472323880000033,39.20127524200018],[28.47225284600006,39.2011875070001],[28.472122760000104,39.201195618000156],[28.47158823025785,39.201528350922445]]],"type":"Polygon"}},{"type":"Feature","properties":{"area_id":"TR-10-019-148571","name_tr":"Bulak","area_level":"neighbourhood","parent_id":"TR-10-019","endeksa_id":148571},"geometry":{"coordinates":[[[28.532585345000143,39.13761118700029],[28.532604917000185,39.138438634000124],[28.532845574000078,39.13932936300034],[28.53315831700013,39.139840590999995],[28.526644648000058,39.14946551300039],[28.52581416000004,39.16888306000038],[28.521825720000095,39.17011910100007],[28.517912750000164,39.17500446000025],[28.512718520000078,39.175309631000005],[28.514928870000006,39.18279153000009],[28.51876915000014,39.185924001000046],[28.518576154000186,39.18614067499999],[28.51901142000014,39.18654036000015],[28.51662311000007,39.18833332000014],[28.51969669000016,39.190336960000195],[28.51970062000015,39.19089543300015],[28.51987974800005,39.19106256300046],[28.519878414000118,39.19115975100033],[28.513357590000055,39.19947524000014],[28.509755302000087,39.20039985100016],[28.508592275000183,39.20127671700021],[28.506390848000024,39.20364187100017],[28.50556419000003,39.20355974600005],[28.49978620000013,39.202957201000345],[28.496788539000192,39.200098122000156],[28.489013492000026,39.201264503999994],[28.489371533000053,39.200954030000105],[28.48924081700011,39.20085498200058],[28.489598012000044,39.200826098000675],[28.491235789000143,39.19958620100067],[28.49261017000009,39.19433527100017],[28.500806833000127,39.18912400800019],[28.502883566000094,39.18564306800016],[28.495443055000067,39.1666797690001],[28.486990720000165,39.162498820999986],[28.48867194500008,39.16005190400011],[28.48286937000006,39.1495404100001],[28.48798569900015,39.14807366700052],[28.48527677100003,39.14115447300003],[28.48584622700008,39.14105369000009],[28.48694615000005,39.14131991100055],[28.487940756000057,39.14111847500004],[28.4885313100001,39.140824961000135],[28.489337669000122,39.14014263100012],[28.490562910000165,39.13938630200016],[28.490899277000153,39.1390120260001],[28.49190474900007,39.13858807500014],[28.492265628000155,39.13862900400039],[28.49270485800008,39.13843841900052],[28.49352551100003,39.13829829700012],[28.493169130000126,39.13933923400003],[28.493242513000098,39.13973440900014],[28.493691749000106,39.139742427000044],[28.49405616100006,39.139950120000094],[28.49447389500017,39.14060249500017],[28.495095066000147,39.14132374900015],[28.495727646999967,39.14171598900009],[28.49659523500003,39.14193362499998],[28.49748086200003,39.14271343100006],[28.499440360000165,39.14299538200004],[28.49964034900006,39.143243286000086],[28.499903427000163,39.143307832999994],[28.50168784500005,39.14276626000009],[28.502606648000096,39.14270702600015],[28.50322086800014,39.14254274200039],[28.504050659000143,39.14249271500006],[28.504880560000117,39.142581769000685],[28.50566098100012,39.14242929200009],[28.506736019000073,39.141846764000036],[28.507305763000147,39.141657089000205],[28.509931546000075,39.1412334630005],[28.51031366400008,39.14099973499998],[28.511507243000153,39.14117778499997],[28.513546606000034,39.141201956000145],[28.51522266799998,39.14105208300009],[28.51641500700015,39.14046463600022],[28.517382117000068,39.14025800000053],[28.5176680510001,39.14010597300012],[28.518124553000007,39.13963383400022],[28.518501252000192,39.13892136200025],[28.518722142000172,39.138671408000164],[28.519413038000152,39.13829252700003],[28.519801527000027,39.13825213300021],[28.520631560000083,39.13839606100004],[28.52207874300018,39.13827241600001],[28.522693748000165,39.13800491300003],[28.52366012900012,39.1377946020001],[28.524669395000103,39.137350210000136],[28.52514745500008,39.13709285700003],[28.525819834000174,39.136523845000056],[28.527297019000116,39.13636061700038],[28.52783376200017,39.136579101000336],[28.52896417000011,39.136630676000095],[28.532585345000143,39.13761118700029]]],"type":"Polygon"}},{"type":"Feature","properties":{"area_id":"TR-10-019-148591","name_tr":"İzzettin","area_level":"neighbourhood","parent_id":"TR-10-019","endeksa_id":148591},"geometry":{"coordinates":[[[28.5898538818837,39.20344748932939],[28.58990377700019,39.20352872000029],[28.589764056000092,39.203459894000105],[28.57412847000012,39.20479272000006],[28.56371594100017,39.20185444600014],[28.562737510000147,39.201062510000156],[28.564771910000047,39.19897131500005],[28.563975120000066,39.19714856999997],[28.5586706200001,39.1972564900002],[28.560524639999983,39.19271608000008],[28.555225560000167,39.18725027000005],[28.560706650000157,39.18491257000062],[28.561464660000183,39.18272796999997],[28.557047110000042,39.18303309000004],[28.553898760000152,39.17941671000028],[28.557968480000056,39.17703264000005],[28.55351670000016,39.17163409000045],[28.554901610000172,39.16870813000014],[28.552965440000037,39.15891398000048],[28.554113490000134,39.15599882000015],[28.547812655000087,39.14938836300007],[28.54078185000003,39.1454055100001],[28.54101893000012,39.142018740000196],[28.53826535999997,39.137810900000204],[28.544819025000038,39.13798549000012],[28.54597258700005,39.13812732600013],[28.55192638300008,39.139269266999975],[28.552596433000133,39.139570373000026],[28.555096753000043,39.139877346000105],[28.55845975400007,39.14052237200019],[28.560058547000096,39.14048652200006],[28.561352172000113,39.14064534500034],[28.562267164000104,39.14029324000006],[28.562123255000188,39.139879042000075],[28.562182800000073,39.139803995000534],[28.562341323000112,39.140263781000385],[28.56792822200009,39.138044408000155],[28.572502646000032,39.137971900000025],[28.581864542000176,39.14209087800066],[28.584001644000068,39.14342176900004],[28.584527998000112,39.145149783000534],[28.585102931000165,39.15162369300026],[28.58819842100013,39.157199739000305],[28.588299523000103,39.157531656000174],[28.58782175200014,39.160611221000124],[28.586922987000094,39.162325449000036],[28.585517666999976,39.16399585000016],[28.58605942500003,39.16394582600026],[28.585667080000178,39.16485475000013],[28.58718134600008,39.16390026800008],[28.587555083000154,39.1654086420005],[28.585958307000055,39.16884056900051],[28.586184262000188,39.168864494000445],[28.586127940000154,39.16899453000019],[28.58661697800011,39.1690070570001],[28.58708454200007,39.16890668900015],[28.59249058200004,39.169160063000106],[28.59356060946402,39.17181912110715],[28.59372816852914,39.17187533989215],[28.593625559019983,39.171950825763076],[28.593733797659354,39.17228360809895],[28.594314869863922,39.17289671864404],[28.59427000000005,39.17398000000043],[28.59481000000011,39.17416000000037],[28.594660000000147,39.174670000000106],[28.594610000000102,39.17527000000041],[28.59505000000007,39.17601000000013],[28.596400000000074,39.17674000000068],[28.595690000000104,39.176960000000406],[28.596610000000226,39.178110000000345],[28.599490000000117,39.181270000000325],[28.601160000000107,39.185050000000444],[28.603550000000098,39.18611000000004],[28.5993900000002,39.191400000000044],[28.59967000000006,39.19755000000015],[28.59186000000011,39.202150000000074],[28.5898538818837,39.20344748932939]]],"type":"Polygon"}},{"type":"Feature","properties":{"area_id":"TR-10-019-148515","name_tr":"Işıklar","area_level":"neighbourhood","parent_id":"TR-10-019","endeksa_id":148515},"geometry":{"coordinates":[[[28.29767098500014,39.193792234000625],[28.297877184000072,39.19448826800016],[28.297758735000116,39.19450903100034],[28.29821807500008,39.19541149700058],[28.29815215800005,39.195528058000036],[28.285887790000118,39.196230000000355],[28.28652914700018,39.19735021300005],[28.28651295400016,39.19744430200046],[28.283082048000153,39.19950867300065],[28.27963453000018,39.19922059999999],[28.274972989000048,39.20545486500009],[28.274960015000033,39.205347178000295],[28.2686121590001,39.19911112599999],[28.269232473999978,39.189218173000086],[28.26607433000015,39.188272418999986],[28.260019803000034,39.19005076100041],[28.259939440000096,39.189980379000076],[28.25883522600003,39.18615391900039],[28.24620799700017,39.18237774100004],[28.24928297100007,39.17033506900003],[28.245646547999968,39.163987979000126],[28.24699529200001,39.16156493800008],[28.250869241000032,39.161377636000395],[28.250858961000063,39.16126677700004],[28.248925045000078,39.15943488900018],[28.249350610000022,39.15920275600007],[28.249304037000172,39.15931779500005],[28.249438156000167,39.159382328000504],[28.25725350300013,39.15857787400006],[28.260265040000036,39.15703452000008],[28.260417143000097,39.154605695999976],[28.260478251000166,39.15452583300004],[28.265678089000176,39.15259400500025],[28.271192677999977,39.15289855600014],[28.272523315000058,39.15130472800007],[28.272448210000164,39.15115476700004],[28.272323749711518,39.15113583339797],[28.27277000000015,39.15114000000011],[28.274020000000178,39.150540000000035],[28.274580000000128,39.14979000000051],[28.275080000000116,39.14934000000022],[28.275910000000067,39.14823000000007],[28.276160000000118,39.14804000000015],[28.278760000000148,39.149110000000405],[28.27984000000015,39.14919000000009],[28.282270000000096,39.14973000000015],[28.283330000000092,39.149800000000084],[28.283810000000187,39.149700000000166],[28.28427000000005,39.14947000000035],[28.2847000000001,39.149490000000185],[28.285360000000196,39.1496800000001],[28.28656000000018,39.14950000000067],[28.287050000000193,39.14960000000042],[28.287700000000143,39.14948000000044],[28.288410000000113,39.14922000000024],[28.29120000000023,39.148870000000045],[28.2916400000002,39.14863000000008],[28.291880000000162,39.148590000000695],[28.292770000000075,39.14876000000004],[28.293180000000064,39.14866000000012],[28.293687356512066,39.14833066331704],[28.293787587000168,39.148378331000174],[28.29613167300016,39.15432406500008],[28.293461960000116,39.15582579000022],[28.294435420000013,39.158707390000075],[28.297542520000093,39.163970510000524],[28.300360877000116,39.16479709900011],[28.29935898000008,39.16670046000013],[28.302724801000124,39.16801439200009],[28.30181297500019,39.16977662100015],[28.298330544000066,39.17334772000015],[28.297022607000144,39.175973298000144],[28.29667515600005,39.180824338000036],[28.292931634000126,39.182614329000444],[28.29418602200019,39.18795814300046],[28.297125699000162,39.18994354100005],[28.296430627000177,39.19189362000003],[28.297220002000017,39.19344811600007],[28.29744448100007,39.19333412500015],[28.297573683000053,39.19381717400006],[28.29767098500014,39.193792234000625]]],"type":"Polygon"}},{"type":"Feature","properties":{"area_id":"TR-10-019-148545","name_tr":"Ormaniçi","area_level":"neighbourhood","parent_id":"TR-10-019","endeksa_id":148545},"geometry":{"coordinates":[[[28.141302296000333,39.207017478000466],[28.13567980200014,39.20823863300035],[28.135545553000156,39.208201249000126],[28.135538569999994,39.20809229700018],[28.1361622820001,39.20718476600064],[28.13310454000009,39.20429634000021],[28.132904503000134,39.198997448],[28.129069237000067,39.197164081000096],[28.127067231000126,39.19697837300055],[28.12455634000014,39.19501711000004],[28.121707550000167,39.1914951600001],[28.121541603000026,39.187073291000104],[28.116469258000166,39.18298883699998],[28.110121600000014,39.17940554000006],[28.107864871000118,39.173532808000346],[28.108583504000137,39.16595789500002],[28.105414334000102,39.1608098730004],[28.105208060999985,39.160797574000185],[28.10183619800017,39.16410656900018],[28.097645213000078,39.16549522600002],[28.097501323000074,39.16546884999997],[28.082098765000183,39.141377076000026],[28.082154909000053,39.14102447300007],[28.085291762000168,39.133462389000385],[28.08602646600019,39.13415902200006],[28.087247584000124,39.13581341600013],[28.08804015200019,39.13664440900004],[28.088467080000157,39.13735731700007],[28.088714031000052,39.1380568000003],[28.0894701630001,39.13804803100004],[28.091342729000132,39.13352204300003],[28.09285273600011,39.133606727000426],[28.094188658000178,39.13394560900008],[28.105995843000187,39.13875428600028],[28.10687293500007,39.13649651500043],[28.107208984000124,39.135847030000605],[28.107900258000086,39.135002960000065],[28.10871164200006,39.134357247000025],[28.109891297000104,39.13375691400017],[28.111240118000012,39.13338709100037],[28.112645262000115,39.13327948900053],[28.114097949000154,39.13344586400035],[28.112384561000113,39.13786159300008],[28.112504071000103,39.13779178800007],[28.11262665800018,39.13783886800002],[28.1147466540001,39.14081551000015],[28.114185496000005,39.143872595000005],[28.11069764000007,39.1467336700004],[28.1037029900001,39.15790525000068],[28.121962986000142,39.15951796400003],[28.123612974000082,39.160486353000124],[28.127049990000046,39.16252523000031],[28.122216420000143,39.16614813100017],[28.127961470000116,39.172988635000024],[28.131063870000162,39.17476710000051],[28.13612751000005,39.17381768100006],[28.141991879999978,39.17795183000004],[28.14286298000013,39.179981050000436],[28.14131616000003,39.181071530000054],[28.145200780000096,39.18252331100001],[28.146806020000042,39.18606829000032],[28.15379439800006,39.18936202900011],[28.161725491000027,39.19117297200012],[28.161063781000166,39.19144020400017],[28.161086931000114,39.19149749700006],[28.160705895000035,39.19162759400058],[28.16072876300035,39.19168418700019],[28.15960506000033,39.19226990200025],[28.15711539000023,39.196987095000225],[28.1447459500003,39.19983018000033],[28.14159652000035,39.203191440000296],[28.138565958000243,39.204443032000086],[28.141133120000347,39.20697481000013],[28.141302296000333,39.207017478000466]]],"type":"Polygon"}},{"type":"Feature","properties":{"area_id":"TR-10-019-148601","name_tr":"Şapçı","area_level":"neighbourhood","parent_id":"TR-10-019","endeksa_id":148601},"geometry":{"coordinates":[[[28.428038440493935,39.21187743058857],[28.427903960000037,39.212232019],[28.427259188000107,39.21219298600005],[28.427165643000137,39.212332050000555],[28.425161120999974,39.20897052099997],[28.42246840400003,39.20900026300012],[28.422348728000088,39.20893506900006],[28.423186112999986,39.20692506900019],[28.422096509000085,39.20436778800007],[28.42191506600011,39.204356957000186],[28.421263565999993,39.20494683100014],[28.421069163000027,39.20488801800013],[28.42112268200009,39.20016842100017],[28.420932563000065,39.20014920700004],[28.41903105600005,39.20163992000033],[28.417381547000048,39.20058218200006],[28.416981344000078,39.19822257000055],[28.417116544000066,39.198022606000166],[28.41692176500004,39.1978522660001],[28.416622948999986,39.19611242300016],[28.417467752000164,39.19566598800009],[28.417136032000087,39.189599493],[28.415095436000172,39.18707879100003],[28.41517727400003,39.18696847900014],[28.416337086000055,39.186799122000025],[28.416433369000117,39.18670520699999],[28.415420233000134,39.1797695030001],[28.415296764000118,39.17968317800012],[28.413881657000047,39.179809883000075],[28.413754345000143,39.17973443100004],[28.412389239000163,39.1719048070002],[28.413029696000137,39.170593742000165],[28.41210825400009,39.170159894000335],[28.41157686400004,39.1671220290001],[28.411632790000056,39.16695388400012],[28.417057338000177,39.16484422100007],[28.441180901000166,39.15015888300002],[28.435079239000117,39.14044170800008],[28.42885655500004,39.140020585000514],[28.428743503000135,39.139945385000146],[28.435320968000156,39.13136093700024],[28.43665300100014,39.13104227600007],[28.43824798000003,39.13032504500018],[28.440977110000063,39.13038203700006],[28.440721152000037,39.12972537900009],[28.440359387,39.129133031000094],[28.440799509000044,39.1287508150001],[28.441271495000024,39.12851111499998],[28.441707939000025,39.128827973000625],[28.44185734000007,39.12821359100042],[28.44336122800013,39.12753324700026],[28.443870673000106,39.12718952100005],[28.444774963000157,39.12601185700032],[28.445434530000114,39.12538421700026],[28.448811108000086,39.127556762000154],[28.447449951000124,39.129395623000164],[28.455992249000133,39.1617660070001],[28.453853283000058,39.17381921400005],[28.44741719800004,39.177939428000116],[28.447373658000117,39.17803253600033],[28.45287498400006,39.1800196770007],[28.452477649000116,39.182520087000285],[28.45253845100018,39.182613228000264],[28.457552345000067,39.181848901000194],[28.461971234000032,39.18495542200026],[28.462405240000066,39.186033608000116],[28.46615761200019,39.20026352300005],[28.465840173650122,39.200491249244294],[28.463600000000156,39.200880000000154],[28.46269000000018,39.20086000000009],[28.460030000000188,39.20139000000029],[28.459550000000092,39.2013500000005],[28.457390000000032,39.20207000000039],[28.45705000000015,39.20228000000003],[28.455800000000124,39.20270000000011],[28.45544000000018,39.202740000000404],[28.454550000000097,39.2032700000002],[28.453880000000083,39.203510000000165],[28.453190000000177,39.20365000000038],[28.452390000000037,39.203660000000355],[28.451710000000105,39.20377000000036],[28.45092000000011,39.204160000000115],[28.450340000000097,39.2042800000001],[28.449260000000095,39.2042400000002],[28.448960000000113,39.20407000000034],[28.448560000000043,39.20364000000029],[28.44832000000008,39.20358000000027],[28.44797000000011,39.203660000000355],[28.447380000000123,39.20408000000043],[28.446650442711757,39.20433977864457],[28.446030000000178,39.2046500000007],[28.4452500000001,39.20519000000007],[28.4442600000001,39.20564000000019],[28.4440400000002,39.205700000000206],[28.44281000000018,39.205520000000206],[28.442610000000172,39.20575000000008],[28.44193000000024,39.20613000000026],[28.440940000000182,39.20559000000031],[28.440240000000188,39.2057800000004],[28.439360000000192,39.20621000000045],[28.439470000000085,39.20629000000014],[28.43887000000018,39.206660000000056],[28.437800000000095,39.207100000000196],[28.436440000000175,39.20723000000032],[28.436210000000187,39.20719000000054],[28.43617000000006,39.207040000000234],[28.43583000000018,39.20702000000017],[28.43555000000009,39.2069000000007],[28.43475000000018,39.20692000000025],[28.433490000000177,39.207510000000184],[28.433040000000062,39.20795000000021],[28.432740000000138,39.20850000000024],[28.432340000000067,39.208370000000116],[28.431980000000124,39.20869000000033],[28.43152000000009,39.208930000000294],[28.43091000000004,39.21065000000033],[28.430990000000065,39.210730000000694],[28.43091000000004,39.21105000000017],[28.430330000000197,39.211630000000184],[28.429800000000057,39.2118200000001],[28.429690000000164,39.21175000000039],[28.42964000000012,39.21146000000016],[28.429490000000158,39.21127000000007],[28.429340000000195,39.21117000000015],[28.428870000000188,39.21116000000006],[28.428038440493935,39.21187743058857]]],"type":"Polygon"}},{"type":"Feature","properties":{"area_id":"TR-10-019-148577","name_tr":"Çıkrıkçı","area_level":"neighbourhood","parent_id":"TR-10-019","endeksa_id":148577},"geometry":{"coordinates":[[[28.428038440493935,39.21187743058857],[28.42787000000004,39.212680000000034],[28.42787000000004,39.213520000000074],[28.427460000000053,39.21398000000033],[28.426940000000172,39.21417000000042],[28.42676000000006,39.214350000000366],[28.42614000000009,39.21448000000032],[28.425900000000127,39.21471000000031],[28.424530000000118,39.21468000000016],[28.42279000000019,39.214230000000384],[28.422310000000095,39.2142900000004],[28.42162000000019,39.21478000000042],[28.421410000000037,39.214660000000436],[28.42013000000003,39.216270000000065],[28.41991000000013,39.216730000000325],[28.41932000000014,39.21740000000034],[28.418790000000172,39.21758000000045],[28.418070000000114,39.21753000000058],[28.4173100000001,39.217570000000364],[28.417120000000182,39.21765000000005],[28.415250000000185,39.21901000000014],[28.414510000000064,39.21981000000022],[28.41332000000017,39.220760000000155],[28.413030000000163,39.22083000000009],[28.412680000000194,39.22079000000031],[28.411880000000053,39.22034000000019],[28.410790000000134,39.22044000000011],[28.40962000000013,39.22075000000041],[28.40866000000011,39.22071000000011],[28.40669000000014,39.2209400000001],[28.406170000000145,39.22088000000065],[28.406200000000126,39.22083000000009],[28.405960000000164,39.22069000000056],[28.405050000000188,39.22048000000024],[28.40445000000011,39.2201900000004],[28.403580000000034,39.219590000000494],[28.40322000000009,39.219800000000134],[28.402730000000076,39.21973000000071],[28.402590000000032,39.21975000000026],[28.40261134542891,39.219816170829404],[28.402540203000058,39.220179745000166],[28.402407309000125,39.22023512800058],[28.392934011000193,39.220293874000106],[28.38936827000009,39.21815583000017],[28.38819670000015,39.21260998000014],[28.386250830000108,39.213159320000614],[28.387478940000108,39.215001240000106],[28.38645198000006,39.21631821000017],[28.38118606000006,39.21524785000008],[28.376677660000098,39.21001967000018],[28.370923990000108,39.20855298000015],[28.370480367000084,39.206082027000434],[28.369230835000053,39.20586649500018],[28.369092580000085,39.20592302799997],[28.36901990351498,39.205743633346174],[28.36895884125181,39.20563653021378],[28.369037727999967,39.205535754000266],[28.367374040000186,39.20257662000006],[28.370850696000048,39.199915641000075],[28.370854998000084,39.19978140200021],[28.35728748100007,39.197445876000415],[28.35718949900013,39.19734947700016],[28.357288053000104,39.19725296000007],[28.35823698400003,39.1970354070001],[28.359337133000167,39.193132252000055],[28.353302160000112,39.18787195000016],[28.357609859000092,39.178336983000065],[28.358470389000047,39.1788521110002],[28.366584840000087,39.17758708000042],[28.367448598000124,39.18006708300004],[28.368954608000024,39.18024829100011],[28.37193629000018,39.17793689000041],[28.378434669000058,39.17820966300019],[28.37819960900015,39.17952335100017],[28.383902927000065,39.18279661100007],[28.385318238000025,39.18186106700011],[28.38926096400013,39.183216334000065],[28.39076078000005,39.18172901000014],[28.392951501000027,39.18359343500009],[28.39631481200007,39.18171242700009],[28.395538721000037,39.18045692700014],[28.399037546999978,39.17930079000064],[28.398066663000122,39.17581700799997],[28.403421300000048,39.17389518000016],[28.40419680299999,39.17137255500006],[28.406600484000023,39.17006034100018],[28.40573486900007,39.16937501600023],[28.40575567100001,39.16924053400015],[28.411393885000052,39.16704668800014],[28.41157686400004,39.1671220290001],[28.41210825400009,39.170159894000335],[28.413029696000137,39.170593742000165],[28.412389239000163,39.1719048070002],[28.413754345000143,39.17973443100004],[28.413881657000047,39.179809883000075],[28.415296764000118,39.17968317800012],[28.415420233000134,39.1797695030001],[28.416433369000117,39.18670520699999],[28.416337086000055,39.186799122000025],[28.41517727400003,39.18696847900014],[28.415095436000172,39.18707879100003],[28.417136032000087,39.189599493],[28.417467752000164,39.19566598800009],[28.416622948999986,39.19611242300016],[28.41692176500004,39.1978522660001],[28.417116544000066,39.198022606000166],[28.416981344000078,39.19822257000055],[28.417381547000048,39.20058218200006],[28.41903105600005,39.20163992000033],[28.420932563000065,39.20014920700004],[28.42112268200009,39.20016842100017],[28.421069163000027,39.20488801800013],[28.421263565999993,39.20494683100014],[28.42191506600011,39.204356957000186],[28.422096509000085,39.20436778800007],[28.423186112999986,39.20692506900019],[28.422348728000088,39.20893506900006],[28.42246840400003,39.20900026300012],[28.425161120999974,39.20897052099997],[28.427165643000137,39.212332050000555],[28.427259188000107,39.21219298600005],[28.427903960000037,39.212232019],[28.428038440493935,39.21187743058857]]],"type":"Polygon"}},{"type":"Feature","properties":{"area_id":"TR-10-019-148525","name_tr":"Kertil","area_level":"neighbourhood","parent_id":"TR-10-019","endeksa_id":148525},"geometry":{"coordinates":[[[28.100178141000015,39.223067685000046],[28.09952979100001,39.222841560000234],[28.095876766000003,39.223327351000194],[28.09397803800016,39.22481869400008],[28.087023006000038,39.22069213800006],[28.083091195000065,39.22000289700014],[28.076665783000067,39.22039041000011],[28.074663527000155,39.2192521180001],[28.074469389000228,39.21933517000036],[28.074421730000324,39.21911240900067],[28.06773489600016,39.21526072800026],[28.062318046000144,39.21008605800034],[28.052129342000228,39.18543645200026],[28.053155543000287,39.18346353400062],[28.052301578000254,39.18277254200029],[28.052330127000232,39.182628174000286],[28.061570125000344,39.18050877900066],[28.061682270000347,39.17800550900034],[28.0615272510002,39.177071820000265],[28.06485077900021,39.17477089100055],[28.07619004600008,39.160743591000426],[28.07717668300006,39.15558918800036],[28.078924838000034,39.14879764500006],[28.082154909000053,39.14102447300007],[28.082098765000183,39.141377076000026],[28.097501323000074,39.16546884999997],[28.097645213000078,39.16549522600002],[28.10183619800017,39.16410656900018],[28.105208060999985,39.160797574000185],[28.105414334000102,39.1608098730004],[28.108583504000137,39.16595789500002],[28.107864871000118,39.173532808000346],[28.110121600000014,39.17940554000006],[28.116469258000166,39.18298883699998],[28.121541603000026,39.187073291000104],[28.121707550000167,39.1914951600001],[28.12455634000014,39.19501711000004],[28.127067231000126,39.19697837300055],[28.129069237000067,39.197164081000096],[28.132904503000134,39.198997448],[28.13310454000009,39.20429634000021],[28.1361622820001,39.20718476600064],[28.135538569999994,39.20809229700018],[28.13019679900009,39.215107987000465],[28.128372240000033,39.2156463390001],[28.128303849000133,39.21580411200006],[28.128140856000073,39.215711952000106],[28.12639154200008,39.21622132200048],[28.125024534000147,39.218448375000094],[28.11810789700013,39.219946790000165],[28.116356446000054,39.22281942300009],[28.103665766000006,39.22229357300046],[28.100511710000035,39.222711364000475],[28.100178141000015,39.223067685000046]]],"type":"Polygon"}},{"type":"Feature","properties":{"area_id":"TR-10-019-148555","name_tr":"Şahinkaya","area_level":"neighbourhood","parent_id":"TR-10-019","endeksa_id":148555},"geometry":{"coordinates":[[[28.026646076689815,39.22696229588661],[28.02094000000011,39.22757000000013],[28.020800000000065,39.22016000000008],[28.018940000000157,39.22022000000004],[28.017330000000186,39.22052000000019],[28.01623000000012,39.22035000000017],[28.014820000000157,39.21954000000062],[28.013670000000047,39.219310000000064],[28.01180000000005,39.21924000000013],[28.010740000000112,39.21811000000025],[28.00970000000018,39.21667000000048],[28.009610000000237,39.21427000000017],[28.00889000000018,39.21195000000006],[28.007610000000113,39.21157000000005],[28.006140000000187,39.21059000000048],[28.005430000000047,39.21030000000064],[28.004660000000115,39.2102100000003],[28.00288000000006,39.20973000000038],[28.00220000000013,39.20939000000067],[28.000820000000147,39.207940000000065],[28.00034000000005,39.20705000000032],[28.000330000000133,39.20629000000014],[28.00093000000004,39.20591000000036],[28.001280000000236,39.205580000000225],[28.001530000000116,39.20472000000012],[28.001590000000135,39.20392000000015],[28.001510000000053,39.20335000000006],[28.001650000000097,39.20306000000005],[28.001650000000097,39.202850000000296],[28.001380000000154,39.20249000000035],[28.00124000000011,39.201680000000124],[28.001016372960578,39.20132790636336],[28.005357801000002,39.19903288400013],[28.01273759300011,39.19975407400011],[28.02022239000007,39.19498577700017],[28.02170575200006,39.19342600300007],[28.023198921000073,39.192870803000176],[28.023852485000134,39.191630112999974],[28.024328052000328,39.19173807600083],[28.023859850000292,39.19163699000046],[28.027297685000235,39.194431427000666],[28.026226290000352,39.196891415000266],[28.029952050000247,39.19788670800028],[28.03084192500023,39.20400501000029],[28.03286097000023,39.20520223000074],[28.03574903000026,39.203540960000225],[28.037073837000207,39.20551655100036],[28.04377197000025,39.20691950000054],[28.043221670000207,39.20897516000031],[28.0501005120002,39.20901918500044],[28.05015651200023,39.2091388810004],[28.049946540000235,39.209361925000564],[28.050727320000362,39.20900902500034],[28.050994370000296,39.2090102300005],[28.0475535300003,39.214410970000245],[28.039798730000314,39.217576820000716],[28.03699042000028,39.21601988000032],[28.02662901000025,39.22357188000029],[28.02682826000023,39.22705181900051],[28.026665354000272,39.22696112700032],[28.026345187000288,39.22716338200041],[28.026646076689815,39.22696229588661]]],"type":"Polygon"}},{"type":"Feature","properties":{"area_id":"TR-10-019-148491","name_tr":"Aslandede","area_level":"neighbourhood","parent_id":"TR-10-019","endeksa_id":148491},"geometry":{"coordinates":[[[28.3307766960001,39.19361402900017],[28.330667724000136,39.19354167000017],[28.330542268000045,39.19359247900053],[28.32913973799998,39.195962584000256],[28.331560650000085,39.198751590000086],[28.327253770000084,39.20070347000012],[28.32764863400007,39.199828641000124],[28.32754259300009,39.19971353000028],[28.322911254000132,39.200074649000044],[28.321580240000173,39.20313907000002],[28.313059993000138,39.20872517800001],[28.314471480000122,39.211025900000664],[28.3134834600001,39.2130873400007],[28.312290400000165,39.212692556000036],[28.31214313300012,39.212740003000135],[28.312024210000118,39.214660480000475],[28.310248190000095,39.215756440000064],[28.30791494300007,39.21421960000009],[28.297169606000125,39.21959396700038],[28.29712705700007,39.219706681000105],[28.297988715000145,39.22143130200061],[28.29645357200002,39.22388850400017],[28.296161524000013,39.22406750000005],[28.283712800000103,39.22628206700006],[28.28369959700018,39.22643890799998],[28.284980760000053,39.2271248400001],[28.28459351000015,39.227929320000044],[28.281378458000063,39.226097627000115],[28.281294427000148,39.22617235800067],[28.28091864000004,39.227899030000174],[28.27876784299997,39.226834834000044],[28.276154580000025,39.22921364000024],[28.27452320500015,39.22620819300016],[28.275395635000052,39.22118780300008],[28.275235757000132,39.2209220940004],[28.27503522000012,39.220967977000555],[28.275698530000113,39.21938458200037],[28.274880426000152,39.2167768350007],[28.272186850000026,39.21555472000057],[28.271215790000156,39.211016210000025],[28.274972989000048,39.20545486500009],[28.27963453000018,39.19922059999999],[28.283082048000153,39.19950867300065],[28.28651295400016,39.19744430200046],[28.28652914700018,39.19735021300005],[28.285887790000118,39.196230000000355],[28.29815215800005,39.195528058000036],[28.29821807500008,39.19541149700058],[28.297758735000116,39.19450903100034],[28.297877184000072,39.19448826800016],[28.29767098500014,39.193792234000625],[28.297816532000184,39.1937549280002],[28.29754411600004,39.19330858700016],[28.297697386000095,39.1932693010001],[28.297478420000118,39.1924155300004],[28.301062245000082,39.19315466600045],[28.30709755999999,39.19130761700012],[28.30795147800012,39.19320978800022],[28.31331044300009,39.19556616000017],[28.317849370000033,39.191439140000114],[28.320754051000108,39.19379382200003],[28.330473873000187,39.19358447900004],[28.33068523500009,39.19335380100017],[28.3307766960001,39.19361402900017]]],"type":"Polygon"}},{"type":"Feature","properties":{"area_id":"TR-10-019-148561","name_tr":"Yaylacık","area_level":"neighbourhood","parent_id":"TR-10-019","endeksa_id":148561},"geometry":{"coordinates":[[[28.17310672200034,39.22626249500024],[28.17307602000028,39.22614447400031],[28.172355452000318,39.225735261000466],[28.16640264300031,39.22766406100021],[28.16519198300034,39.23012236300019],[28.16223814705984,39.22879040902819],[28.162187983894512,39.22876716744588],[28.16218388982844,39.22876527058486],[28.161674299161348,39.2285396044644],[28.161454071871447,39.228764555270516],[28.16130894161836,39.229003738734434],[28.16130890798894,39.229003782019845],[28.159968149763927,39.231213595425515],[28.159742115895313,39.231591600132504],[28.15974651654193,39.231578864162714],[28.159992712000246,39.22360075600034],[28.156847050000238,39.2203130400008],[28.156590163000203,39.21777760600031],[28.148453439000207,39.20731591200047],[28.148313176000215,39.20728083100067],[28.145385630000305,39.20804735000041],[28.141302296000333,39.207017478000466],[28.141133120000347,39.20697481000013],[28.138565958000243,39.204443032000086],[28.14159652000035,39.203191440000296],[28.1447459500003,39.19983018000033],[28.15711539000023,39.196987095000225],[28.15960506000033,39.19226990200025],[28.16072876300035,39.19168418700019],[28.160784631000354,39.19182245300044],[28.161094047000347,39.191665183000396],[28.161142097000265,39.1918492330002],[28.16283574400029,39.191426465000006],[28.1652192800002,39.18976200000026],[28.164540184000316,39.184881442000346],[28.165947924735292,39.18346604261296],[28.166262644689937,39.18350501214155],[28.16654798270895,39.18340042267738],[28.166812699000275,39.18269595200053],[28.174895021000225,39.18514534500042],[28.183029371000202,39.18102736500026],[28.181663831000208,39.182981976000235],[28.1820466920002,39.18333676300017],[28.1795515900003,39.18920235000081],[28.18672915200034,39.193787569000676],[28.184030200000336,39.1940921450003],[28.18892693000032,39.20094739000058],[28.186710410000217,39.20586526000017],[28.187657340000214,39.21377341000061],[28.182537020000268,39.2184943650002],[28.179408577000288,39.21891294400007],[28.180014670000276,39.220754150000175],[28.18243757000016,39.220075459999975],[28.182479864188792,39.22190592995514],[28.182374174777408,39.22199727985276],[28.18165006418036,39.22210993335989],[28.180390000000216,39.22204000000016],[28.180321109674423,39.222060270868724],[28.18032047648194,39.22206045428078],[28.179473257943187,39.222713205739524],[28.17948946697112,39.22285731550011],[28.179671416873532,39.222894089544354],[28.179135043504914,39.223055578300375],[28.179238290620447,39.22295150709152],[28.17916125422647,39.22283000002574],[28.1785100000003,39.222750000000644],[28.178009724600543,39.223226594395555],[28.17773742853285,39.22323302040036],[28.17785308686024,39.22333249509461],[28.177789268543734,39.22345606422607],[28.17715468100033,39.22364713500053],[28.175425271000222,39.22443426800038],[28.17310672200034,39.22626249500024]]],"type":"Polygon"}},{"type":"Feature","properties":{"area_id":"TR-10-019-148513","name_tr":"Emendere","area_level":"neighbourhood","parent_id":"TR-10-019","endeksa_id":148513},"geometry":{"coordinates":[[[28.274189132431047,39.22574860833117],[28.27405168699221,39.225658539421545],[28.274026900000024,39.225293860000136],[28.27203736000007,39.22795331000009],[28.27292318000019,39.229964670000015],[28.262070430000165,39.22944308000007],[28.25340247700018,39.23228595400025],[28.253067208333505,39.232211917666916],[28.23624089300006,39.22697923400028],[28.233921190000103,39.224505400000055],[28.230506973000104,39.225310506000085],[28.225864091000176,39.223709560000145],[28.223761188000026,39.22500596499998],[28.22158586100005,39.223236230000055],[28.220629092000024,39.22439107100013],[28.22051594500016,39.22443369000018],[28.21748131700008,39.22303238700016],[28.216777993000164,39.22266481300062],[28.217195979999985,39.22116444000005],[28.21537754200017,39.22219288800056],[28.213317793000044,39.2206894050006],[28.208765777000167,39.21243017600068],[28.208375290000106,39.20516439000045],[28.202230532000044,39.20293698400036],[28.201451600000098,39.20078053000009],[28.19652901000012,39.198266060000094],[28.197266409999997,39.19677700500023],[28.197664478000092,39.19638742500018],[28.19777337000005,39.19649997100004],[28.19792237300004,39.196135030000164],[28.198112271000127,39.19631368000017],[28.199817726000106,39.19445176600016],[28.199918076000017,39.194444684000075],[28.199870183000087,39.194395183000154],[28.200440702000094,39.19377978400013],[28.200502341000174,39.19384349000006],[28.201039749000017,39.193290507000086],[28.20111726000016,39.19336342600013],[28.20122550500014,39.19325715000008],[28.20136908900008,39.19295162300011],[28.20172173300017,39.192588762000526],[28.201910013000088,39.19257362399998],[28.20621920000002,39.188015110000094],[28.20533477600003,39.18220322100018],[28.20681514400013,39.177762831000166],[28.218033721000154,39.17901606999999],[28.221096161000048,39.1758699400001],[28.21876520100011,39.166963395000266],[28.217450327000165,39.1665814270001],[28.217381586999977,39.166475501000036],[28.22028559200004,39.157423614000265],[28.22456715500016,39.15745295200003],[28.2247390280001,39.15760265200015],[28.22685959500012,39.16081176200015],[28.22434494000015,39.164282240000205],[28.229412712000055,39.16821154900015],[28.23411435900016,39.16956770100012],[28.234226181000167,39.16952652100042],[28.24351702700011,39.15942139800018],[28.244322852000096,39.15619388300007],[28.2444658550001,39.15618293900019],[28.245439100000056,39.156659560000094],[28.247081075000096,39.155987555000195],[28.249222330000066,39.15600566100045],[28.251786126000127,39.157777046000376],[28.25174492100018,39.15789681300009],[28.248925045000078,39.15943488900018],[28.250858961000063,39.16126677700004],[28.250869241000032,39.161377636000395],[28.24699529200001,39.16156493800008],[28.245646547999968,39.163987979000126],[28.24928297100007,39.17033506900003],[28.24620799700017,39.18237774100004],[28.25883522600003,39.18615391900039],[28.259939440000096,39.189980379000076],[28.260019803000034,39.19005076100041],[28.26607433000015,39.188272418999986],[28.269232473999978,39.189218173000086],[28.2686121590001,39.19911112599999],[28.274960015000033,39.205347178000295],[28.274972989000048,39.20545486500009],[28.271215790000156,39.211016210000025],[28.272186850000026,39.21555472000057],[28.274880426000152,39.2167768350007],[28.275698530000113,39.21938458200037],[28.27503522000012,39.220967977000555],[28.275235757000132,39.2209220940004],[28.275395635000052,39.22118780300008],[28.27458561500015,39.22584913300011],[28.274418434000097,39.22592965700039],[28.274189132431047,39.22574860833117]]],"type":"Polygon"}},{"type":"Feature","properties":{"area_id":"TR-10-019-148579","name_tr":"Çılbırcı","area_level":"neighbourhood","parent_id":"TR-10-019","endeksa_id":148579},"geometry":{"coordinates":[[[28.51247411130487,39.23240320865227],[28.512515385762697,39.23255564534577],[28.51233146574498,39.23262234503278],[28.511299847000032,39.23219895600033],[28.503942690000144,39.232863780000116],[28.504530760000137,39.23124758200015],[28.50146439000008,39.22938250999999],[28.50147980000014,39.22658394000007],[28.490074160000006,39.22362611000017],[28.48773220000004,39.22429256000021],[28.485114175000035,39.22213107200042],[28.47966091000012,39.21140929000023],[28.48036887699999,39.200478213000224],[28.481231495000145,39.201019926000185],[28.48924081700011,39.20085498200058],[28.489371533000053,39.200954030000105],[28.489013492000026,39.201264503999994],[28.496788539000192,39.200098122000156],[28.49978620000013,39.202957201000345],[28.50556419000003,39.20355974600005],[28.505464496000116,39.203634910000005],[28.50681679500019,39.20929856000021],[28.51154242900003,39.213763715000084],[28.51250377000008,39.21369059000034],[28.51239461400013,39.214568928000176],[28.5192763,39.22107130000012],[28.519111807000172,39.222290549000206],[28.51934342000004,39.2225223100001],[28.518971477000093,39.22333070000002],[28.518656990000125,39.22566174000019],[28.515733765000107,39.23036764000051],[28.512775830000066,39.23206558000015],[28.51205098000014,39.232131080000045],[28.51247411130487,39.23240320865227]]],"type":"Polygon"}},{"type":"Feature","properties":{"area_id":"TR-10-019-10578","name_tr":"Rızaiye","area_level":"neighbourhood","parent_id":"TR-10-019","endeksa_id":10578},"geometry":{"coordinates":[[[28.181734322059754,39.233745977211186],[28.180427366000117,39.23387142800016],[28.175575184000138,39.23613230300026],[28.175482086000045,39.236237781000284],[28.175445063000097,39.23611115900064],[28.174825965000025,39.235859657000105],[28.174508790000175,39.23485862400048],[28.174110186000064,39.234398524000426],[28.173418849000143,39.23413265300019],[28.17301064200018,39.233719617000474],[28.172473960000048,39.23202932700042],[28.172715401000175,39.226901571000155],[28.17310672200034,39.22626249500024],[28.175425271000222,39.22443426800038],[28.17715468100033,39.22364713500053],[28.177789268543734,39.22345606422607],[28.17785308686024,39.22333249509461],[28.17773742853285,39.22323302040036],[28.178009724600543,39.223226594395555],[28.1785100000003,39.222750000000644],[28.17916125422647,39.22283000002574],[28.179238290620447,39.22295150709152],[28.179135043504914,39.223055578300375],[28.1801499924959,39.22275005332119],[28.18422000000004,39.223370000000614],[28.185200000000123,39.22422000000006],[28.18145000000021,39.229650000000106],[28.186300000000188,39.23143000000033],[28.186090000000036,39.231570000000374],[28.184760000000153,39.23192000000034],[28.184510000000046,39.23230000000052],[28.183960000000184,39.23258000000027],[28.18295000000012,39.23338000000035],[28.181380000000104,39.233680000000334],[28.181734322059754,39.233745977211186]]],"type":"Polygon"}},{"type":"Feature","properties":{"area_id":"TR-10-019-148597","name_tr":"Mumcuköy","area_level":"neighbourhood","parent_id":"TR-10-019","endeksa_id":148597},"geometry":{"coordinates":[[[28.54276113200018,39.227209332000314],[28.528301664000026,39.23501028100014],[28.52742862500014,39.23501275100017],[28.524959493000154,39.234479055000065],[28.519365020000066,39.23669075800001],[28.517530101000034,39.235655953000105],[28.51728422500014,39.235735005000606],[28.517042356000104,39.2357586710001],[28.516047950000086,39.23416880400009],[28.513727134000078,39.233209066000086],[28.51205098000014,39.232131080000045],[28.512775830000066,39.23206558000015],[28.515733765000107,39.23036764000051],[28.518656990000125,39.22566174000019],[28.518971477000093,39.22333070000002],[28.51934342000004,39.2225223100001],[28.519111807000172,39.222290549000206],[28.5192763,39.22107130000012],[28.51239461400013,39.214568928000176],[28.51250377000008,39.21369059000034],[28.51154242900003,39.213763715000084],[28.50681679500019,39.20929856000021],[28.505464496000116,39.203634910000005],[28.50556419000003,39.20355974600005],[28.506390848000024,39.20364187100017],[28.508592275000183,39.20127671700021],[28.509755302000087,39.20039985100016],[28.513357590000055,39.19947524000014],[28.519878414000118,39.19115975100033],[28.51987974800005,39.19106256300046],[28.51970062000015,39.19089543300015],[28.51969669000016,39.190336960000195],[28.51662311000007,39.18833332000014],[28.51901142000014,39.18654036000015],[28.518576154000186,39.18614067499999],[28.51876915000014,39.185924001000046],[28.514928870000006,39.18279153000009],[28.512718520000078,39.175309631000005],[28.517912750000164,39.17500446000025],[28.521825720000095,39.17011910100007],[28.52581416000004,39.16888306000038],[28.526644648000058,39.14946551300039],[28.53315831700013,39.139840590999995],[28.532845574000078,39.13932936300034],[28.532604917000185,39.138438634000124],[28.532585345000143,39.13761118700029],[28.533181266000156,39.13777205700012],[28.53826535999997,39.137810900000204],[28.54101893000012,39.142018740000196],[28.54078185000003,39.1454055100001],[28.547812655000087,39.14938836300007],[28.554113490000134,39.15599882000015],[28.552965440000037,39.15891398000048],[28.554901610000172,39.16870813000014],[28.55351670000016,39.17163409000045],[28.557968480000056,39.17703264000005],[28.553898760000152,39.17941671000028],[28.557047110000042,39.18303309000004],[28.561464660000183,39.18272796999997],[28.560706650000157,39.18491257000062],[28.555225560000167,39.18725027000005],[28.560524639999983,39.19271608000008],[28.5586706200001,39.1972564900002],[28.563975120000066,39.19714856999997],[28.564771910000047,39.19897131500005],[28.562737510000147,39.201062510000156],[28.563441062000095,39.201631961000146],[28.563462433000154,39.20327510100003],[28.56567387000007,39.20404516000002],[28.565401070000064,39.20633743999997],[28.568219420000048,39.207163650000666],[28.566198497000073,39.20923520600047],[28.56506089700008,39.208914815000185],[28.564656970000158,39.2084016400006],[28.563746368000125,39.20854459399999],[28.563101454000048,39.20836925500032],[28.562981281000134,39.208435528000564],[28.562266768000086,39.210148386000355],[28.56459444000012,39.210054240000204],[28.56186315000008,39.213219130000084],[28.55686106000013,39.21282608000007],[28.557646880000107,39.21469056000012],[28.5568576075014,39.21500561444611],[28.55680509727125,39.21515806180844],[28.55927168000005,39.21705306000001],[28.556323940000084,39.2167681200001],[28.554057640000167,39.220606230000044],[28.555979690000186,39.22133274000009],[28.54276113200018,39.227209332000314]]],"type":"Polygon"}},{"type":"Feature","properties":{"area_id":"TR-10-019-10575","name_tr":"Camikebir","area_level":"neighbourhood","parent_id":"TR-10-019","endeksa_id":10575},"geometry":{"coordinates":[[[28.174908882000068,39.23876641000015],[28.17481816300011,39.23885046800018],[28.170672892000027,39.239789156000086],[28.16513106400015,39.237970805000145],[28.160362714000144,39.23733094000005],[28.160255842000026,39.23744133000048],[28.160684570000114,39.23670543300011],[28.16118209600012,39.23609516200065],[28.161612419000107,39.23498942500038],[28.161419138000156,39.233586030000026],[28.161241662000066,39.233502065000266],[28.16071405830155,39.23139960481029],[28.160544427178536,39.231362945214755],[28.159917806855958,39.23169091158792],[28.159824109078784,39.23170430578034],[28.159742115895313,39.231591600132504],[28.161454071871447,39.228764555270516],[28.161674299161348,39.2285396044644],[28.16519198300034,39.23012236300019],[28.16640264300031,39.22766406100021],[28.172355452000318,39.225735261000466],[28.17307602000028,39.22614447400031],[28.17310672200034,39.22626249500024],[28.172715401000175,39.226901571000155],[28.172473960000048,39.23202932700042],[28.17301064200018,39.233719617000474],[28.173418849000143,39.23413265300019],[28.174110186000064,39.234398524000426],[28.174508790000175,39.23485862400048],[28.174825965000025,39.235859657000105],[28.175445063000097,39.23611115900064],[28.175482086000045,39.236237781000284],[28.175215426000193,39.23663586800012],[28.174908882000068,39.23876641000015]]],"type":"Polygon"}},{"type":"Feature","properties":{"area_id":"TR-10-019-185438","name_tr":"Yağcıbedir","area_level":"neighbourhood","parent_id":"TR-10-019","endeksa_id":185438},"geometry":{"coordinates":[[[28.18849267815233,39.278054226257154],[28.18832869923051,39.277946997042875],[28.18653000000006,39.27809000000059],[28.185970000000054,39.2766900000002],[28.185440000000085,39.27594000000033],[28.184720000000027,39.274660000000324],[28.184100000000058,39.27317000000011],[28.184050000000184,39.272890000000245],[28.184272765291382,39.27019777051095],[28.18440000000004,39.26812000000007],[28.184320000000127,39.26749000000035],[28.18241000000023,39.26062000000036],[28.182190000000105,39.25997000000007],[28.181560000000047,39.2586500000001],[28.181260000000123,39.2575200000004],[28.18032000000011,39.253320000000315],[28.18010000000004,39.2514000000001],[28.179840000000183,39.25076000000024],[28.179330000000107,39.25027000000023],[28.177570000000117,39.24947000000009],[28.17767000000009,39.24934000000019],[28.177210000000173,39.24843000000004],[28.176730000000077,39.247180000000355],[28.176927062134723,39.24687089148625],[28.176814940132374,39.2467798208657],[28.176656979579263,39.24681009415002],[28.177930542000126,39.2458549480001],[28.17965421796157,39.24539509678203],[28.17980430232643,39.245537972537704],[28.180392752903572,39.2455368370492],[28.180680000000052,39.2454400000006],[28.181390000000192,39.24693000000025],[28.18149000000011,39.247520000000065],[28.184570000000065,39.247680000000116],[28.18530000000004,39.24757000000011],[28.18589000000003,39.24773000000039],[28.186710000000176,39.24820000000017],[28.18811000000005,39.248580000000345],[28.189030000000116,39.249080000000504],[28.19307000000009,39.2506200000002],[28.191470000000038,39.252480000000446],[28.190510000000188,39.25504000000052],[28.19054000000017,39.25609000000003],[28.190140000000156,39.25642000000033],[28.189620000000104,39.25669000000062],[28.190110000000118,39.25751000000025],[28.19072000000017,39.257750000000215],[28.191170000000113,39.258930000000134],[28.19081000000017,39.25983000000036],[28.189960000000156,39.26061000000027],[28.19022000000018,39.26135000000039],[28.190030000000093,39.261870000000044],[28.1901000000002,39.26224000000013],[28.19004000000018,39.2623700000002],[28.189650000000086,39.26241000000016],[28.18979000000013,39.26270000000051],[28.18982000000011,39.26328000000018],[28.189990000000137,39.263730000000464],[28.189800000000048,39.264810000000296],[28.189840000000174,39.26510000000013],[28.19072000000017,39.26634000000041],[28.19063000000017,39.26656000000014],[28.191050000000132,39.26765000000012],[28.191600000000165,39.26835000000045],[28.19137000000012,39.26853000000028],[28.1914000000001,39.26898000000017],[28.191260000000057,39.26903000000004],[28.19119000000012,39.26919000000032],[28.19243000000006,39.26993000000044],[28.1915800000001,39.27030000000036],[28.191600000000165,39.27073000000041],[28.19113084488447,39.27091183102368],[28.190717893333158,39.27125564371545],[28.191372720586514,39.27457197006032],[28.188364444000115,39.27727854700015],[28.18849267815233,39.278054226257154]]],"type":"Polygon"}},{"type":"Feature","properties":{"area_id":"TR-10-019-148493","name_tr":"Cüneyt","area_level":"neighbourhood","parent_id":"TR-10-019","endeksa_id":148493},"geometry":{"coordinates":[[[28.120150402000093,39.242138307000175],[28.11479114500014,39.24100140700011],[28.114456646000065,39.23938869700004],[28.10967533700017,39.24097468100035],[28.10821345500017,39.24316728200017],[28.108036131000063,39.24283124700031],[28.107885618000125,39.242877077],[28.107698942000127,39.242195841000125],[28.107322379000152,39.24147811600017],[28.106681392000155,39.23776225200021],[28.101585510000064,39.23539682000006],[28.103895890000047,39.233538770000166],[28.100178141000015,39.223067685000046],[28.100511710000035,39.222711364000475],[28.103665766000006,39.22229357300046],[28.116356446000054,39.22281942300009],[28.11810789700013,39.219946790000165],[28.125024534000147,39.218448375000094],[28.12639154200008,39.21622132200048],[28.128140856000073,39.215711952000106],[28.128303849000133,39.21580411200006],[28.128775155000028,39.228195604000064],[28.128322760000174,39.22827193000012],[28.12823121499997,39.22841580400012],[28.126020060000087,39.22774265000021],[28.124125642000024,39.230104635000146],[28.126580628000113,39.23368136000005],[28.120147770000074,39.23972620000035],[28.120150402000093,39.242138307000175]]],"type":"Polygon"}},{"type":"Feature","properties":{"area_id":"TR-10-019-148543","name_tr":"Mandıra","area_level":"neighbourhood","parent_id":"TR-10-019","endeksa_id":148543},"geometry":{"coordinates":[[[28.159917806855958,39.23169091158792],[28.156386570000166,39.233539151000286],[28.15589079000017,39.23354293799997],[28.15663086000012,39.230317570000125],[28.15401974000008,39.22891912000006],[28.151474400000154,39.23117207000013],[28.148499521000133,39.23138872100003],[28.147469160000014,39.23419933000014],[28.14728724700018,39.234117827000205],[28.147189499999968,39.234451330000354],[28.14541300200011,39.23327810699999],[28.144036411000116,39.236802191000265],[28.144748037000056,39.24457202500014],[28.144595232000086,39.24455358300003],[28.14259679000014,39.242295740000145],[28.1380817700001,39.2413050400001],[28.138301760000047,39.239773151000236],[28.132795793000184,39.23954409200002],[28.13109574000015,39.236817410000185],[28.12814951000007,39.23585941000033],[28.126632360000144,39.23092860000003],[28.128290485000093,39.228475306000064],[28.12823121499997,39.22841580400012],[28.128322760000174,39.22827193000012],[28.128775155000028,39.228195604000064],[28.128303849000133,39.21580411200006],[28.128372240000033,39.2156463390001],[28.13019679900009,39.215107987000465],[28.135538569999994,39.20809229700018],[28.135545553000156,39.208201249000126],[28.13567980200014,39.20823863300035],[28.141302296000333,39.207017478000466],[28.145385630000305,39.20804735000041],[28.148313176000215,39.20728083100067],[28.148453439000207,39.20731591200047],[28.156590163000203,39.21777760600031],[28.156847050000238,39.2203130400008],[28.159992712000246,39.22360075600034],[28.15974651654193,39.231578864162714],[28.159742115895313,39.231591600132504],[28.159824109078784,39.23170430578034],[28.159917806855958,39.23169091158792]]],"type":"Polygon"}},{"type":"Feature","properties":{"area_id":"TR-10-019-10574","name_tr":"Camicedit","area_level":"neighbourhood","parent_id":"TR-10-019","endeksa_id":10574},"geometry":{"coordinates":[[[28.176656979579263,39.24681009415002],[28.176429498999994,39.246980699999995],[28.175812366000002,39.246536131000255],[28.175565104000157,39.246049628000094],[28.175331467000092,39.2446799880006],[28.174908882000068,39.23876641000015],[28.175215426000193,39.23663586800012],[28.175482086000045,39.236237781000284],[28.175575184000138,39.23613230300026],[28.180427366000117,39.23387142800016],[28.181734322059754,39.233745977211186],[28.183520000000044,39.23406000000034],[28.18375000000009,39.23481000000004],[28.183700000000215,39.23506000000009],[28.183510000000126,39.235350000000096],[28.183520000000044,39.235510000000374],[28.18400000000014,39.236280000000136],[28.184280000000058,39.23716000000047],[28.184390000000064,39.23820000000018],[28.184850000000154,39.23896000000019],[28.1820800000001,39.241080000000125],[28.18056000000007,39.24123000000043],[28.17986210845214,39.242646112534146],[28.18044000000009,39.24407000000025],[28.180680000000052,39.2454400000006],[28.180392752903572,39.2455368370492],[28.17980430232643,39.245537972537704],[28.17965421796157,39.24539509678203],[28.177930542000126,39.2458549480001],[28.176656979579263,39.24681009415002]]],"type":"Polygon"}},{"type":"Feature","properties":{"area_id":"TR-10-019-10579","name_tr":"Kocakonak","area_level":"neighbourhood","parent_id":"TR-10-019","endeksa_id":10579},"geometry":{"coordinates":[[[28.160255842000026,39.23744133000048],[28.160026043000073,39.237678693000134],[28.158386897000184,39.24135690700018],[28.151086752000026,39.24886095800014],[28.151068931000054,39.248954292000406],[28.15116117100007,39.2490171500001],[28.15023037500015,39.24884858900009],[28.147468689999982,39.24587611000027],[28.14625864800007,39.24650915100051],[28.146110273000147,39.24648881200034],[28.145861860000082,39.244715920000374],[28.144748037000056,39.24457202500014],[28.144036411000116,39.236802191000265],[28.14541300200011,39.23327810699999],[28.147189499999968,39.234451330000354],[28.14728724700018,39.234117827000205],[28.147469160000014,39.23419933000014],[28.148499521000133,39.23138872100003],[28.151474400000154,39.23117207000013],[28.15401974000008,39.22891912000006],[28.15663086000012,39.230317570000125],[28.15589079000017,39.23354293799997],[28.156386570000166,39.233539151000286],[28.160544427178536,39.231362945214755],[28.16071405830155,39.23139960481029],[28.161241662000066,39.233502065000266],[28.161419138000156,39.233586030000026],[28.161612419000107,39.23498942500038],[28.16118209600012,39.23609516200065],[28.160684570000114,39.23670543300011],[28.160255842000026,39.23744133000048]]],"type":"Polygon"}},{"type":"Feature","properties":{"area_id":"TR-10-019-148501","name_tr":"Çaltılı","area_level":"neighbourhood","parent_id":"TR-10-019","endeksa_id":148501},"geometry":{"coordinates":[[[28.240546870000117,39.24899300000004],[28.23896262000011,39.25065107000029],[28.234076304000098,39.25111061100006],[28.22540815800005,39.2493324940001],[28.225083504000168,39.24912700200031],[28.223621649999984,39.248965900000144],[28.218347587923176,39.24521282907426],[28.219455171000163,39.242991700000175],[28.219758320000096,39.24411938000003],[28.221372981000002,39.243326620000175],[28.223091230000023,39.2394329400006],[28.225326365000114,39.24363999399998],[28.22562584900004,39.24376691100014],[28.226613990000146,39.24244059000023],[28.228948259000106,39.24372010900049],[28.22928663500005,39.243219055000054],[28.228820401000178,39.24019397000018],[28.230055591000053,39.238451610000084],[28.231073004000166,39.238609020000126],[28.23167254100008,39.238187181000285],[28.228417971000113,39.23490763000012],[28.230041070000027,39.23376590000066],[28.228180651000173,39.23288274000009],[28.229140481,39.231275660000165],[28.222118170000158,39.229455770000015],[28.22178484000011,39.22728433000066],[28.217540875000054,39.22386224000013],[28.216612361000102,39.22299482600016],[28.21747209700004,39.22323039499997],[28.217543097000032,39.22314390600002],[28.21748131700008,39.22303238700016],[28.22051594500016,39.22443369000018],[28.220629092000024,39.22439107100013],[28.22158586100005,39.223236230000055],[28.223761188000026,39.22500596499998],[28.225864091000176,39.223709560000145],[28.230506973000104,39.225310506000085],[28.233921190000103,39.224505400000055],[28.23624089300006,39.22697923400028],[28.253355204000115,39.23230147400011],[28.247870901000113,39.234100200000114],[28.24561116600006,39.240636727000094],[28.239521293000053,39.24648632400016],[28.240546870000117,39.24899300000004]]],"type":"Polygon"}},{"type":"Feature","properties":{"area_id":"TR-10-019-148549","name_tr":"Pürsünler","area_level":"neighbourhood","parent_id":"TR-10-019","endeksa_id":148549},"geometry":{"coordinates":[[[28.218347587923176,39.24521282907426],[28.216001495500052,39.243543379500125],[28.21571989800009,39.245245326000145],[28.213939680000067,39.24465192000008],[28.213536890000114,39.24494316800019],[28.213364160000026,39.24491926000013],[28.212555778000137,39.245652587000336],[28.211117240000135,39.24669275999997],[28.211198120000063,39.24688419200004],[28.21081456000013,39.24723214000005],[28.211845070000095,39.24841543000008],[28.20601928000019,39.25152236000008],[28.203430250000054,39.251585440000326],[28.201400230000104,39.249501280000004],[28.193917349000117,39.24930780600016],[28.193819734778003,39.24954421740745],[28.193890000000067,39.24931000000038],[28.192940000000192,39.234230000000366],[28.192150000000197,39.233990000000404],[28.191640000000064,39.233620000000315],[28.19031000000018,39.23293000000007],[28.19007000000022,39.23228000000029],[28.189740000000086,39.232250000000136],[28.18833000000012,39.23169000000013],[28.18802000000005,39.231170000000134],[28.187610000000063,39.230800000000045],[28.187710000000152,39.23074000000008],[28.187760000000196,39.23047000000031],[28.18756000000019,39.229710000000125],[28.187800000000152,39.229410000000144],[28.187760000000196,39.22915000000012],[28.187890000000152,39.22883000000047],[28.188220000000058,39.22881000000024],[28.1903200000001,39.22743000000008],[28.19031000000018,39.22735000000023],[28.189330000000098,39.226560000000234],[28.18889000000007,39.226030000000435],[28.188450000000103,39.22482000000036],[28.188620000000128,39.224570000000426],[28.18833000000012,39.22363000000013],[28.188160000000096,39.22357000000011],[28.18815000000012,39.223210000000165],[28.18793000000005,39.22284000000013],[28.187610000000063,39.222750000000474],[28.187480000000107,39.22245000000015],[28.187800000000152,39.22193000000016],[28.187570000000107,39.22174000000007],[28.18622315194284,39.22204794488903],[28.185932432772518,39.22186555738233],[28.1826051142574,39.22196698772643],[28.182479864188792,39.22190592995514],[28.18243757000016,39.220075459999975],[28.180014670000276,39.220754150000175],[28.179408577000288,39.21891294400007],[28.182537020000268,39.2184943650002],[28.187657340000214,39.21377341000061],[28.186710410000217,39.20586526000017],[28.18892693000032,39.20094739000058],[28.184030200000336,39.1940921450003],[28.194294821000085,39.192933800000105],[28.197266409999997,39.19677700500023],[28.19652901000012,39.198266060000094],[28.201451600000098,39.20078053000009],[28.202230532000044,39.20293698400036],[28.208375290000106,39.20516439000045],[28.208765777000167,39.21243017600068],[28.213317793000044,39.2206894050006],[28.21537754200017,39.22219288800056],[28.217195979999985,39.22116444000005],[28.216777993000164,39.22266481300062],[28.21748131700008,39.22303238700016],[28.217543097000032,39.22314390600002],[28.21747209700004,39.22323039499997],[28.216612361000102,39.22299482600016],[28.217540875000054,39.22386224000013],[28.22178484000011,39.22728433000066],[28.222118170000158,39.229455770000015],[28.229140481,39.231275660000165],[28.228180651000173,39.23288274000009],[28.230041070000027,39.23376590000066],[28.228417971000113,39.23490763000012],[28.23167254100008,39.238187181000285],[28.231073004000166,39.238609020000126],[28.230055591000053,39.238451610000084],[28.228820401000178,39.24019397000018],[28.22928663500005,39.243219055000054],[28.228948259000106,39.24372010900049],[28.226613990000146,39.24244059000023],[28.22562584900004,39.24376691100014],[28.225326365000114,39.24363999399998],[28.223091230000023,39.2394329400006],[28.221372981000002,39.243326620000175],[28.219758320000096,39.24411938000003],[28.219455171000163,39.242991700000175],[28.218347587923176,39.24521282907426]]],"type":"Polygon"}},{"type":"Feature","properties":{"area_id":"TR-10-019-148487","name_tr":"Alakır","area_level":"neighbourhood","parent_id":"TR-10-019","endeksa_id":148487},"geometry":{"coordinates":[[[28.07428545600021,39.23544853200025],[28.07410023000034,39.23543059200023],[28.072184299000355,39.236760748000336],[28.072582950000196,39.23986520000034],[28.065697419000287,39.241095234000284],[28.04824930200033,39.25267742000028],[28.048572294000223,39.255263075000585],[28.04812654396676,39.25582643516657],[28.04358000000036,39.2531300000004],[28.03955000000036,39.25223000000108],[28.03503000000029,39.25167000000039],[28.026650000000416,39.252050000000565],[28.02254220551913,39.252379822915145],[28.02249065000052,39.25224350000076],[28.0198570000004,39.24962402000074],[28.01121437000046,39.24759111000077],[28.012284050000517,39.245298150000394],[28.010208186950138,39.24295942577368],[28.010125654183412,39.242180278680166],[28.010054811955285,39.231636774725644],[28.013300000000356,39.23239000000035],[28.021110000000306,39.23066000000057],[28.026646076689815,39.22696229588661],[28.026345187000288,39.22716338200041],[28.026665354000272,39.22696112700032],[28.02682826000023,39.22705181900051],[28.02662901000025,39.22357188000029],[28.03699042000028,39.21601988000032],[28.039798730000314,39.217576820000716],[28.0475535300003,39.214410970000245],[28.050994370000296,39.2090102300005],[28.050727320000362,39.20900902500034],[28.049946540000235,39.209361925000564],[28.05015651200023,39.2091388810004],[28.0501005120002,39.20901918500044],[28.043221670000207,39.20897516000031],[28.04377197000025,39.20691950000054],[28.037073837000207,39.20551655100036],[28.03574903000026,39.203540960000225],[28.03286097000023,39.20520223000074],[28.03084192500023,39.20400501000029],[28.029952050000247,39.19788670800028],[28.026226290000352,39.196891415000266],[28.027297685000235,39.194431427000666],[28.023859850000292,39.19163699000046],[28.024328052000328,39.19173807600083],[28.02527259000027,39.19196099300035],[28.029492206000214,39.18968952600062],[28.02868450300025,39.18877113700057],[28.027652855000326,39.18805121100087],[28.026542267000252,39.18757696700021],[28.0249942920002,39.18721182000024],[28.042237775000217,39.180800313000304],[28.044821480000223,39.18236181200024],[28.04561857200025,39.18271302700043],[28.04648450500025,39.18296363900021],[28.046544516000324,39.182007174000205],[28.046878857000195,39.181037593000724],[28.047404034000238,39.18023172100084],[28.048212595000223,39.179448177000666],[28.04921617500031,39.17882145200059],[28.05025225500026,39.17841259500028],[28.055727011000272,39.17715101100066],[28.05579549000032,39.17641878900065],[28.056032133000258,39.17565849800036],[28.057874507000292,39.17494409600022],[28.059519381000314,39.172909604000324],[28.061164368000277,39.17266945000085],[28.062705839000216,39.172774398000286],[28.06416319100032,39.17318778400039],[28.06551891800035,39.173944366000285],[28.06485077900021,39.17477089100055],[28.0615272510002,39.177071820000265],[28.061682270000347,39.17800550900034],[28.061570125000344,39.18050877900066],[28.052330127000232,39.182628174000286],[28.052301578000254,39.18277254200029],[28.053155543000287,39.18346353400062],[28.052129342000228,39.18543645200026],[28.062318046000144,39.21008605800034],[28.06773489600016,39.21526072800026],[28.074421730000324,39.21911240900067],[28.074469389000228,39.21933517000036],[28.074203932000216,39.23532747600018],[28.07428545600021,39.23544853200025]]],"type":"Polygon"}},{"type":"Feature","properties":{"area_id":"TR-10-019-148593","name_tr":"Karacalar","area_level":"neighbourhood","parent_id":"TR-10-019","endeksa_id":148593},"geometry":{"coordinates":[[[28.5898538818837,39.20344748932939],[28.590420000000165,39.203790000000595],[28.590360000000146,39.20507000000009],[28.59180000000015,39.2059600000004],[28.59177000000011,39.206850000000145],[28.591680000000167,39.20721000000009],[28.59087000000011,39.20838000000026],[28.59115000000014,39.20880000000017],[28.591200000000242,39.209080000000085],[28.59112000000016,39.20932000000005],[28.592590000000143,39.21120000000013],[28.59276000000017,39.21151000000003],[28.592800000000068,39.21189000000004],[28.59298000000007,39.21220000000011],[28.59301000000005,39.212430000000154],[28.592500000000143,39.21310000000017],[28.592370000000187,39.21345000000014],[28.592470000000162,39.213790000000245],[28.592810000000043,39.2143700000006],[28.592870000000175,39.21458000000024],[28.59279000000015,39.21493000000004],[28.592940000000112,39.215060000000165],[28.593090000000075,39.21574000000027],[28.59338000000014,39.21613000000019],[28.593640000000107,39.216770000000224],[28.593430000000183,39.217160000000376],[28.593670000000145,39.21755000000013],[28.593730000000107,39.21783000000039],[28.593520000000126,39.21807000000035],[28.593730000000107,39.21840000000009],[28.593830000000196,39.219060000000695],[28.593710000000044,39.22001000000006],[28.593430000000183,39.22062000000045],[28.5935300000001,39.220860000000414],[28.593450000000246,39.22113000000019],[28.59400000000005,39.22201000000035],[28.594330000000184,39.22230000000019],[28.594450000000165,39.22254000000015],[28.593480000000056,39.222990000000436],[28.593270000000075,39.22292000000033],[28.592890000000068,39.22317000000004],[28.588690000000213,39.22726000000006],[28.58864000000017,39.22735000000023],[28.588910000000112,39.22756000000004],[28.589360000000227,39.22818000000018],[28.589050000000157,39.22880000000015],[28.588500000000124,39.228870000000256],[28.587940000000117,39.229180000000326],[28.588340000000187,39.22929000000016],[28.58808000000016,39.229530000000125],[28.5880200000002,39.229900000000214],[28.588200000000143,39.23040000000037],[28.588160000000244,39.23061000000013],[28.587800000000072,39.23091000000011],[28.58721000000014,39.23186000000038],[28.588290000000143,39.23326000000037],[28.589960000000133,39.233710000000656],[28.590390000000184,39.2343400000002],[28.59152000000006,39.23508000000032],[28.595250000000135,39.23815000000013],[28.597180000000094,39.24085000000025],[28.59806000000009,39.241050000000314],[28.598970000000065,39.24143000000009],[28.59933000000018,39.24174000000016],[28.599740000000168,39.241950000000315],[28.60184000000004,39.242600000000095],[28.60279000000014,39.243250000000046],[28.603060000000085,39.24363000000005],[28.603060000000085,39.244180000000085],[28.603170000000148,39.24460000000005],[28.60353000000009,39.24495000000019],[28.603430000000117,39.24512000000027],[28.60372000000018,39.24591000000004],[28.603690000000142,39.24618000000004],[28.60283000000004,39.24667000000005],[28.602740000000097,39.24685000000005],[28.60280000000006,39.24782000000016],[28.602650000000096,39.248300000000086],[28.601890000000083,39.24912000000029],[28.6016800000001,39.24924000000027],[28.601150000000132,39.24931000000038],[28.600750000000062,39.249730000000284],[28.60063000000008,39.249940000000606],[28.60066000000012,39.25023000000044],[28.60094000000015,39.250680000000045],[28.598780000000147,39.252540000000295],[28.598500000000058,39.25256000000013],[28.59582637532037,39.25337067208892],[28.595833010685,39.253514084564415],[28.595371217000093,39.253122295000026],[28.591144044000032,39.250827622000145],[28.589084200000116,39.2526113000003],[28.585934300000076,39.252400685],[28.581357332000096,39.24827223800014],[28.581052519000025,39.24823708500048],[28.579335597000068,39.2467752710005],[28.57918053100002,39.24677263900014],[28.577929855000093,39.24761223400003],[28.57778214100017,39.24760090200016],[28.57775047900003,39.24748484500009],[28.578626070000098,39.24601181800011],[28.57857807500011,39.24589362100005],[28.56057175300009,39.2395317000001],[28.56042598600004,39.23958611300003],[28.55944274000018,39.24148391000011],[28.557076920000043,39.24162264000023],[28.557184417000144,39.24077349900023],[28.557016836000003,39.240690479000136],[28.554309140000157,39.24288530000007],[28.55159958000013,39.240074350000555],[28.551680304000058,39.23779628900013],[28.54117014999997,39.23337342999997],[28.54362167400018,39.231196555999986],[28.54295921000005,39.22727353100021],[28.54276113200018,39.227209332000314],[28.555979690000186,39.22133274000009],[28.554057640000167,39.220606230000044],[28.556323940000084,39.2167681200001],[28.55927168000005,39.21705306000001],[28.55680509727125,39.21515806180844],[28.5568576075014,39.21500561444611],[28.557646880000107,39.21469056000012],[28.55686106000013,39.21282608000007],[28.56186315000008,39.213219130000084],[28.56459444000012,39.210054240000204],[28.562266768000086,39.210148386000355],[28.562981281000134,39.208435528000564],[28.563101454000048,39.20836925500032],[28.563746368000125,39.20854459399999],[28.564656970000158,39.2084016400006],[28.56506089700008,39.208914815000185],[28.566198497000073,39.20923520600047],[28.568219420000048,39.207163650000666],[28.565401070000064,39.20633743999997],[28.56567387000007,39.20404516000002],[28.563462433000154,39.20327510100003],[28.563441062000095,39.201631961000146],[28.56371594100017,39.20185444600014],[28.57412847000012,39.20479272000006],[28.589764056000092,39.203459894000105],[28.58990377700019,39.20352872000029],[28.5898538818837,39.20344748932939]]],"type":"Polygon"}},{"type":"Feature","properties":{"area_id":"TR-10-019-148537","name_tr":"Kozlu","area_level":"neighbourhood","parent_id":"TR-10-019","endeksa_id":148537},"geometry":{"coordinates":[[[28.107885618000125,39.242877077],[28.1075857510001,39.24300303100017],[28.107771499000023,39.244083312999976],[28.105687102000104,39.244739924000044],[28.10459267100009,39.24369739000048],[28.104390302000127,39.24371635200009],[28.104383796000093,39.24602119700046],[28.10369698100004,39.24674045300014],[28.103368820000128,39.24830624000043],[28.100016800000105,39.249501335000105],[28.095562668000127,39.24875452200007],[28.08863650000012,39.25508527400018],[28.08775564000007,39.25478076400003],[28.08434717000017,39.257412758000555],[28.084093183000164,39.25734051300003],[28.08397433900012,39.25743285499999],[28.08390280100008,39.25726614400014],[28.077764923000075,39.25524049000023],[28.074664760000132,39.24729180999998],[28.076921449999986,39.245863690000306],[28.078010531000132,39.24719984400019],[28.079713689000187,39.246951376000084],[28.079807595000148,39.24684041600011],[28.077453610000134,39.241917978000174],[28.075992340000028,39.240788590000136],[28.076824345000034,39.241130721000104],[28.07693789700005,39.24114577200021],[28.077024559999984,39.241023006000034],[28.074568791000104,39.23576045600049],[28.07428545600021,39.23544853200025],[28.074203932000216,39.23532747600018],[28.074469389000228,39.21933517000036],[28.074663527000155,39.2192521180001],[28.076665783000067,39.22039041000011],[28.083091195000065,39.22000289700014],[28.087023006000038,39.22069213800006],[28.09397803800016,39.22481869400008],[28.095876766000003,39.223327351000194],[28.09952979100001,39.222841560000234],[28.100178141000015,39.223067685000046],[28.103895890000047,39.233538770000166],[28.101585510000064,39.23539682000006],[28.106681392000155,39.23776225200021],[28.107322379000152,39.24147811600017],[28.107698942000127,39.242195841000125],[28.107885618000125,39.242877077]]],"type":"Polygon"}},{"type":"Feature","properties":{"area_id":"TR-10-019-148509","name_tr":"Danaçayır","area_level":"neighbourhood","parent_id":"TR-10-019","endeksa_id":148509},"geometry":{"coordinates":[[[28.2900659230001,39.248240413000076],[28.279070568000066,39.251321501000064],[28.278207999000188,39.251836875000436],[28.279836001000092,39.252585866000175],[28.27940002000014,39.253759784000465],[28.27617443700018,39.255241735000425],[28.27542833000018,39.25474549000012],[28.271524520000128,39.25502688000017],[28.270606390000182,39.25743274000007],[28.26853651000016,39.25835604000008],[28.2589992180001,39.25634119800003],[28.260142840000185,39.25566989000009],[28.257657400000085,39.25588615000004],[28.25535768000003,39.2552005200003],[28.25536378000004,39.25180591000009],[28.244609010000147,39.250541050000095],[28.242703849000122,39.249402491000126],[28.240546870000117,39.24899300000004],[28.239521293000053,39.24648632400016],[28.24561116600006,39.240636727000094],[28.247870901000113,39.234100200000114],[28.253355204000115,39.23230147400011],[28.253067208333505,39.232211917666916],[28.25340247700018,39.23228595400025],[28.262070430000165,39.22944308000007],[28.27292318000019,39.229964670000015],[28.27203736000007,39.22795331000009],[28.274026900000024,39.225293860000136],[28.27405168699221,39.225658539421545],[28.274189132431047,39.22574860833117],[28.27406188500015,39.22584547200012],[28.27432131200004,39.229982389000156],[28.27759251100008,39.231287984999994],[28.277427356000032,39.232119485000055],[28.278053770000156,39.23255434600043],[28.290131935000034,39.24809643700007],[28.2900659230001,39.248240413000076]]],"type":"Polygon"}},{"type":"Feature","properties":{"area_id":"TR-10-019-10577","name_tr":"Kurtuluş","area_level":"neighbourhood","parent_id":"TR-10-019","endeksa_id":10577},"geometry":{"coordinates":[[[28.176656979579263,39.24681009415002],[28.176814940132374,39.2467798208657],[28.176927062134723,39.24687089148625],[28.176730000000077,39.247180000000355],[28.177210000000173,39.24843000000004],[28.17767000000009,39.24934000000019],[28.177570000000117,39.24947000000009],[28.179330000000107,39.25027000000023],[28.179840000000183,39.25076000000024],[28.18010000000004,39.2514000000001],[28.18032000000011,39.253320000000315],[28.181260000000123,39.2575200000004],[28.181560000000047,39.2586500000001],[28.182190000000105,39.25997000000007],[28.18241000000023,39.26062000000036],[28.184320000000127,39.26749000000035],[28.18440000000004,39.26812000000007],[28.184272765291382,39.27019777051095],[28.169498139000098,39.25951179000015],[28.1692298910001,39.25903718600017],[28.16919175300012,39.259232483000574],[28.163983404000078,39.261901832000035],[28.16377876900009,39.261927089000096],[28.159796381000092,39.26219718800047],[28.15966346800019,39.26211915300013],[28.159525143000053,39.26171799600007],[28.15512921200019,39.259099085],[28.154511614000114,39.257450324000104],[28.153991898000072,39.24955636300007],[28.15116117100007,39.2490171500001],[28.151068931000054,39.248954292000406],[28.151086752000026,39.24886095800014],[28.158386897000184,39.24135690700018],[28.160026043000073,39.237678693000134],[28.160362714000144,39.23733094000005],[28.16513106400015,39.237970805000145],[28.170672892000027,39.239789156000086],[28.17481816300011,39.23885046800018],[28.174908882000068,39.23876641000015],[28.175331467000092,39.2446799880006],[28.175565104000157,39.246049628000094],[28.175812366000002,39.246536131000255],[28.176429498999994,39.246980699999995],[28.176656979579263,39.24681009415002]]],"type":"Polygon"}},{"type":"Feature","properties":{"area_id":"TR-10-019-148547","name_tr":"Osmanlar","area_level":"neighbourhood","parent_id":"TR-10-019","endeksa_id":148547},"geometry":{"coordinates":[[[28.325183126000184,39.25871300100005],[28.3145334620001,39.263137449000055],[28.31364557900008,39.262939796000126],[28.313522953000074,39.262689900000055],[28.31343747900013,39.26288541700012],[28.31293471300006,39.26275950200028],[28.31301288000003,39.26244742800003],[28.31119631400003,39.26158389000017],[28.304536324000026,39.26175761000019],[28.298881253000104,39.259343260000094],[28.290266038000027,39.24826899700014],[28.2900659230001,39.248240413000076],[28.290131935000034,39.24809643700007],[28.278053770000156,39.23255434600043],[28.277427356000032,39.232119485000055],[28.27759251100008,39.231287984999994],[28.27432131200004,39.229982389000156],[28.27406188500015,39.22584547200012],[28.274189132431047,39.22574860833117],[28.274418434000097,39.22592965700039],[28.27458561500015,39.22584913300011],[28.27452320500015,39.22620819300016],[28.276154580000025,39.22921364000024],[28.27876784299997,39.226834834000044],[28.28091864000004,39.227899030000174],[28.281294427000148,39.22617235800067],[28.281378458000063,39.226097627000115],[28.28459351000015,39.227929320000044],[28.284980760000053,39.2271248400001],[28.28369959700018,39.22643890799998],[28.283712800000103,39.22628206700006],[28.296161524000013,39.22406750000005],[28.29645357200002,39.22388850400017],[28.297988715000145,39.22143130200061],[28.29712705700007,39.219706681000105],[28.297169606000125,39.21959396700038],[28.30791494300007,39.21421960000009],[28.310248190000095,39.215756440000064],[28.312024210000118,39.214660480000475],[28.31214313300012,39.212740003000135],[28.312290400000165,39.212692556000036],[28.3134834600001,39.2130873400007],[28.314471480000122,39.211025900000664],[28.313059993000138,39.20872517800001],[28.321580240000173,39.20313907000002],[28.322911254000132,39.200074649000044],[28.32754259300009,39.19971353000028],[28.32764863400007,39.199828641000124],[28.327253770000084,39.20070347000012],[28.331560650000085,39.198751590000086],[28.32913973799998,39.195962584000256],[28.330542268000045,39.19359247900053],[28.330667724000136,39.19354167000017],[28.3307766960001,39.19361402900017],[28.33137458300007,39.19531699800012],[28.331488340000192,39.195387779000214],[28.337142045000178,39.193004821000045],[28.346088045000158,39.195268223000085],[28.351072511999973,39.1949194340001],[28.35111633200006,39.19504507500028],[28.348926942000105,39.19855447500004],[28.349023290000105,39.198688312],[28.354253436000135,39.19692806500029],[28.35671828300002,39.197348525999985],[28.357288053000104,39.19725296000007],[28.35718949900013,39.19734947700016],[28.35728748100007,39.197445876000415],[28.370854998000084,39.19978140200021],[28.370850696000048,39.199915641000075],[28.367374040000186,39.20257662000006],[28.369037727999967,39.205535754000266],[28.36895884125181,39.20563653021378],[28.36901990351498,39.205743633346174],[28.36850979713654,39.206047336893675],[28.368466145000014,39.20596957400028],[28.367915314434356,39.206195950827805],[28.367849434347534,39.20628937685899],[28.36789943900004,39.20641091100015],[28.365437620000023,39.20741756000018],[28.367171122000116,39.21043333500006],[28.36715327100012,39.21053415700021],[28.36301585000018,39.21120599000011],[28.36321884700004,39.214682613000264],[28.35921889000008,39.21454380000006],[28.35825152000018,39.21726827000009],[28.36064283500002,39.22015362100018],[28.359980733000157,39.22213847800015],[28.359871886999997,39.22221135800049],[28.356404540000085,39.22245767000027],[28.358471440000073,39.22691934000011],[28.360089831000096,39.22704275100011],[28.360188699000105,39.227163454000106],[28.35503912000013,39.23267782000016],[28.35393727400009,39.23799639900017],[28.349487430000124,39.241253910000125],[28.35066175100019,39.2443214060001],[28.33797848900008,39.24543495200004],[28.337848140000062,39.24665226000036],[28.337979218000044,39.246772579000094],[28.33789084,39.24686048500013],[28.336668960000168,39.24716371000022],[28.33398615500016,39.25007493800058],[28.334705162000034,39.253857413000105],[28.334570906000124,39.25388862300019],[28.328217180000024,39.252405780000345],[28.325485291000064,39.25855876300011],[28.325183126000184,39.25871300100005]]],"type":"Polygon"}},{"type":"Feature","properties":{"area_id":"TR-10-019-148583","name_tr":"Derecikören","area_level":"neighbourhood","parent_id":"TR-10-019","endeksa_id":148583},"geometry":{"coordinates":[[[28.67026000000004,39.252890000000264],[28.669720000000154,39.25299000000018],[28.668880000000115,39.253540000000044],[28.66840000000019,39.25359000000009],[28.667950000000076,39.25380000000024],[28.667620000000113,39.25413000000054],[28.667280000000062,39.25495000000018],[28.66676000000018,39.25529000000006],[28.66633000000013,39.25578000000064],[28.665140000000065,39.25605000000024],[28.66416000000021,39.25603000000018],[28.662970000000144,39.2558700000003],[28.6626500000001,39.255730000000085],[28.66230000000013,39.25535000000059],[28.661610000000053,39.25514000000027],[28.661420000000135,39.25486000000018],[28.661180000000172,39.25359000000009],[28.66075000000012,39.25327000000044],[28.66019000000017,39.25305000000071],[28.66010000000017,39.25220000000019],[28.659000000000106,39.250590000000386],[28.658170000000155,39.24999000000048],[28.657330000000115,39.24874000000011],[28.65650000000022,39.2489700000001],[28.65610000000015,39.24940000000015],[28.655820000000062,39.249540000000195],[28.654380000000117,39.24958000000015],[28.65391000000011,39.249760000000094],[28.651300000000163,39.24962000000028],[28.650490000000104,39.249380000000315],[28.650060000000053,39.249350000000106],[28.64976000000013,39.249510000000555],[28.649460000000147,39.25000000000006],[28.6483300000001,39.25085000000058],[28.648070000000075,39.251710000000685],[28.64805000000024,39.25240000000025],[28.64786000000015,39.25264000000021],[28.647130000000118,39.25299000000018],[28.646490000000085,39.25380000000024],[28.64567000000011,39.25431000000037],[28.643660000000068,39.25488000000007],[28.64335000000017,39.254870000000665],[28.642750000000092,39.25456000000008],[28.641750000000116,39.25436000000042],[28.64136000000019,39.254370000000506],[28.64102000000014,39.25457000000017],[28.641570000000172,39.25474000000003],[28.64260000000013,39.25536000000017],[28.64272000000011,39.25557000000032],[28.642650000000174,39.255830000000515],[28.64186000000018,39.25643000000042],[28.64167000000009,39.256700000000194],[28.641690000000153,39.25755000000004],[28.641850000000034,39.25783000000007],[28.64180000000016,39.25807000000003],[28.641530000000046,39.258400000000165],[28.64123000000012,39.25860000000023],[28.64043000000015,39.25876000000011],[28.6401800000001,39.25900000000007],[28.639620000000093,39.25907000000018],[28.63829000000004,39.259480000000394],[28.637720000000115,39.2597700000004],[28.637190000000146,39.26018000000022],[28.636670000000095,39.260410000000036],[28.636110000000144,39.26053000000019],[28.63600000000008,39.26086000000032],[28.63569000000018,39.26102000000009],[28.635310000000175,39.26099000000005],[28.63486000000006,39.261190000000624],[28.633950000000084,39.26117000000039],[28.63359000000014,39.26130000000035],[28.632140000000106,39.26123000000041],[28.63117000000011,39.26158000000021],[28.63074000000006,39.26185000000015],[28.630030000000147,39.26250000000033],[28.628800000000126,39.262950000000046],[28.628430000000094,39.263410000000306],[28.6272400000002,39.26413000000019],[28.627090000000067,39.26453000000021],[28.62670000000014,39.26474000000019],[28.62495000000007,39.2645500000001],[28.623810000000105,39.26463000000035],[28.623480000000143,39.26477000000017],[28.623090000000047,39.26508000000007],[28.622780000000148,39.26560000000029],[28.62262000000004,39.26631000000009],[28.621930000000134,39.26655000000005],[28.621800000000064,39.26736000000028],[28.621640000000127,39.26730000000026],[28.621110000000158,39.26654000000008],[28.620590000000107,39.26631000000009],[28.620030000000156,39.26553000000018],[28.6189100000002,39.265250000000094],[28.618390000000147,39.26482000000004],[28.617710000000045,39.264410000000055],[28.61661000000015,39.26436000000018],[28.616200000000163,39.264060000000086],[28.615690000000086,39.26352000000014],[28.614650000000154,39.26275000000038],[28.61416000000014,39.2625500000002],[28.614270000000147,39.263110000000324],[28.614560000000154,39.26378000000034],[28.614610000000027,39.26426000000026],[28.614420000000166,39.26476000000042],[28.61370000000005,39.26566000000031],[28.613250000000164,39.26686000000012],[28.612260000000106,39.263850000000446],[28.603770000000225,39.2603000000002],[28.5960277741691,39.25354261649767],[28.595833010685,39.253514084564415],[28.59582637532037,39.25337067208892],[28.598500000000058,39.25256000000013],[28.598780000000147,39.252540000000295],[28.60094000000015,39.250680000000045],[28.60066000000012,39.25023000000044],[28.60063000000008,39.249940000000606],[28.600750000000062,39.249730000000284],[28.601150000000132,39.24931000000038],[28.6016800000001,39.24924000000027],[28.601890000000083,39.24912000000029],[28.602650000000096,39.248300000000086],[28.60280000000006,39.24782000000016],[28.602740000000097,39.24685000000005],[28.60283000000004,39.24667000000005],[28.603690000000142,39.24618000000004],[28.60372000000018,39.24591000000004],[28.603430000000117,39.24512000000027],[28.60353000000009,39.24495000000019],[28.603170000000148,39.24460000000005],[28.603060000000085,39.244180000000085],[28.603060000000085,39.24363000000005],[28.60279000000014,39.243250000000046],[28.60184000000004,39.242600000000095],[28.599740000000168,39.241950000000315],[28.59933000000018,39.24174000000016],[28.598970000000065,39.24143000000009],[28.59806000000009,39.241050000000314],[28.597180000000094,39.24085000000025],[28.595250000000135,39.23815000000013],[28.59152000000006,39.23508000000032],[28.590390000000184,39.2343400000002],[28.589960000000133,39.233710000000656],[28.588290000000143,39.23326000000037],[28.58721000000014,39.23186000000038],[28.587800000000072,39.23091000000011],[28.588160000000244,39.23061000000013],[28.588200000000143,39.23040000000037],[28.5880200000002,39.229900000000214],[28.58808000000016,39.229530000000125],[28.588340000000187,39.22929000000016],[28.587940000000117,39.229180000000326],[28.588500000000124,39.228870000000256],[28.589050000000157,39.22880000000015],[28.589360000000227,39.22818000000018],[28.588910000000112,39.22756000000004],[28.58864000000017,39.22735000000023],[28.588690000000213,39.22726000000006],[28.592890000000068,39.22317000000004],[28.593270000000075,39.22292000000033],[28.593480000000056,39.222990000000436],[28.594450000000165,39.22254000000015],[28.594330000000184,39.22230000000019],[28.59400000000005,39.22201000000035],[28.593450000000246,39.22113000000019],[28.5935300000001,39.220860000000414],[28.593430000000183,39.22062000000045],[28.593710000000044,39.22001000000006],[28.593830000000196,39.219060000000695],[28.593730000000107,39.21840000000009],[28.593520000000126,39.21807000000035],[28.593730000000107,39.21783000000039],[28.593670000000145,39.21755000000013],[28.593430000000183,39.217160000000376],[28.593640000000107,39.216770000000224],[28.59338000000014,39.21613000000019],[28.593090000000075,39.21574000000027],[28.592940000000112,39.215060000000165],[28.59279000000015,39.21493000000004],[28.592870000000175,39.21458000000024],[28.592810000000043,39.2143700000006],[28.592470000000162,39.213790000000245],[28.592370000000187,39.21345000000014],[28.592500000000143,39.21310000000017],[28.59301000000005,39.212430000000154],[28.59298000000007,39.21220000000011],[28.592800000000068,39.21189000000004],[28.59276000000017,39.21151000000003],[28.592590000000143,39.21120000000013],[28.59112000000016,39.20932000000005],[28.591200000000242,39.209080000000085],[28.59115000000014,39.20880000000017],[28.59087000000011,39.20838000000026],[28.591680000000167,39.20721000000009],[28.59177000000011,39.206850000000145],[28.59180000000015,39.2059600000004],[28.590360000000146,39.20507000000009],[28.590420000000165,39.203790000000595],[28.5898538818837,39.20344748932939],[28.59186000000011,39.202150000000074],[28.59967000000006,39.19755000000015],[28.5993900000002,39.191400000000044],[28.603550000000098,39.18611000000004],[28.601160000000107,39.185050000000444],[28.599490000000117,39.181270000000325],[28.596610000000226,39.178110000000345],[28.595690000000104,39.176960000000406],[28.596400000000074,39.17674000000068],[28.59505000000007,39.17601000000013],[28.594610000000102,39.17527000000041],[28.594660000000147,39.174670000000106],[28.59481000000011,39.17416000000037],[28.59427000000005,39.17398000000043],[28.594314869863922,39.17289671864404],[28.593733797659354,39.17228360809895],[28.593625559019983,39.171950825763076],[28.59372816852914,39.17187533989215],[28.596280000000093,39.17084000000011],[28.60010000000011,39.16949000000051],[28.602310000000216,39.1682100000001],[28.603590000000054,39.167260000000056],[28.604750000000138,39.16694000000041],[28.606890000000078,39.166650000000175],[28.60903000000019,39.166650000000175],[28.610140000000058,39.166770000000156],[28.61236000000025,39.16676000000007],[28.613720000000114,39.1663800000004],[28.6160500000002,39.16611000000012],[28.61810000000014,39.166080000000306],[28.61995000000013,39.165560000000085],[28.62216000000018,39.165290000000084],[28.623040000000174,39.165380000000084],[28.623880000000042,39.16590000000048],[28.625210000000095,39.166080000000306],[28.62683000000004,39.166460000000086],[28.627490000000137,39.16675000000032],[28.630370000000028,39.16704000000033],[28.630840000000205,39.166930000000434],[28.632350000000088,39.16686000000033],[28.632910000000038,39.16718000000037],[28.63427000000013,39.169900000000325],[28.636020000000144,39.171670000000404],[28.636770000000183,39.17490000000049],[28.637040000000184,39.17723000000018],[28.636430000000132,39.18111000000005],[28.638800000000117,39.185260000000085],[28.638250000000085,39.18651000000045],[28.638470000000154,39.18725000000006],[28.63830000000013,39.18780000000061],[28.638430000000085,39.188360000000046],[28.64003000000008,39.188510000000406],[28.641780000000153,39.18905000000029],[28.64461000000017,39.19054000000011],[28.645920000000217,39.191370000000404],[28.64904000000007,39.190930000000264],[28.650920000000156,39.19200000000012],[28.652530000000183,39.19123000000019],[28.653620000000103,39.1921600000004],[28.65378000000004,39.192640000000324],[28.652530000000183,39.19321000000059],[28.654070000000047,39.19474000000071],[28.65704000000011,39.193380000000445],[28.659160000000213,39.19379000000026],[28.661110000000065,39.193070000000375],[28.66252000000003,39.193900000000156],[28.662320000000193,39.195300000000145],[28.66230000000013,39.19765000000007],[28.662690000000055,39.19871000000023],[28.663420000000087,39.198990000000094],[28.664140000000145,39.20012000000037],[28.66528000000011,39.202740000000404],[28.664430000000152,39.20335000000006],[28.66586000000018,39.20482000000004],[28.6638200000001,39.21324000000021],[28.668540000000235,39.225310000000036],[28.668260000000146,39.22961000000038],[28.669730000000072,39.233830000000125],[28.66933000000023,39.23561000000012],[28.66930000000019,39.2378200000004],[28.67026000000004,39.252890000000264]]],"type":"Polygon"}},{"type":"Feature","properties":{"area_id":"TR-10-019-148521","name_tr":"Karagür","area_level":"neighbourhood","parent_id":"TR-10-019","endeksa_id":148521},"geometry":{"coordinates":[[[28.10925687499997,39.27527306800022],[28.109409464000066,39.275348286000224],[28.109318061000067,39.27546760700005],[28.108325266000065,39.27563738900011],[28.107895045000134,39.275293654000166],[28.10546631800014,39.27606708600018],[28.105330652000134,39.276042478000136],[28.10530160100012,39.27594307000004],[28.107316410000124,39.2711737300005],[28.098701578000146,39.27006056000005],[28.09307349000005,39.26196983900007],[28.090993208999976,39.26323366499997],[28.09280275500015,39.265611503000116],[28.091388574999996,39.26715079300044],[28.091221444000155,39.267122874000165],[28.088890272000185,39.26447125300007],[28.08876290500018,39.26442957900019],[28.080177415000037,39.26717974100035],[28.07851668300009,39.26353843800007],[28.079190242000152,39.26146223100068],[28.083705668000164,39.26060250800015],[28.08397433900012,39.25743285499999],[28.084093183000164,39.25734051300003],[28.08434717000017,39.257412758000555],[28.08775564000007,39.25478076400003],[28.08863650000012,39.25508527400018],[28.095562668000127,39.24875452200007],[28.100016800000105,39.249501335000105],[28.103368820000128,39.24830624000043],[28.10369698100004,39.24674045300014],[28.104383796000093,39.24602119700046],[28.104390302000127,39.24371635200009],[28.10459267100009,39.24369739000048],[28.105687102000104,39.244739924000044],[28.107771499000023,39.244083312999976],[28.1075857510001,39.24300303100017],[28.107885618000125,39.242877077],[28.108036131000063,39.24283124700031],[28.10821345500017,39.24316728200017],[28.10967533700017,39.24097468100035],[28.114456646000065,39.23938869700004],[28.11479114500014,39.24100140700011],[28.120150402000093,39.242138307000175],[28.120315844000118,39.24726352500022],[28.119168485000102,39.25319764100004],[28.117360275000067,39.2543259090005],[28.11839155000007,39.25721623300001],[28.117306644000166,39.26726675900011],[28.117202069000143,39.26735381100036],[28.115406330000155,39.267516680000426],[28.112691154000174,39.273327125000094],[28.10925687499997,39.27527306800022]]],"type":"Polygon"}},{"type":"Feature","properties":{"area_id":"TR-10-019-10576","name_tr":"Çavdaroğlu","area_level":"neighbourhood","parent_id":"TR-10-019","endeksa_id":10576},"geometry":{"coordinates":[[[28.193819734778003,39.24954421740745],[28.193620000000124,39.250060000000076],[28.1932300000002,39.25037000000066],[28.19307000000009,39.2506200000002],[28.189030000000116,39.249080000000504],[28.18811000000005,39.248580000000345],[28.186710000000176,39.24820000000017],[28.18589000000003,39.24773000000039],[28.18530000000004,39.24757000000011],[28.184570000000065,39.247680000000116],[28.18149000000011,39.247520000000065],[28.181390000000192,39.24693000000025],[28.180680000000052,39.2454400000006],[28.18044000000009,39.24407000000025],[28.17986210845214,39.242646112534146],[28.18056000000007,39.24123000000043],[28.1820800000001,39.241080000000125],[28.184850000000154,39.23896000000019],[28.184390000000064,39.23820000000018],[28.184280000000058,39.23716000000047],[28.18400000000014,39.236280000000136],[28.183520000000044,39.235510000000374],[28.183510000000126,39.235350000000096],[28.183700000000215,39.23506000000009],[28.18375000000009,39.23481000000004],[28.183520000000044,39.23406000000034],[28.181380000000104,39.233680000000334],[28.18295000000012,39.23338000000035],[28.183960000000184,39.23258000000027],[28.184510000000046,39.23230000000052],[28.184760000000153,39.23192000000034],[28.186090000000036,39.231570000000374],[28.186300000000188,39.23143000000033],[28.18145000000021,39.229650000000106],[28.185200000000123,39.22422000000006],[28.18422000000004,39.223370000000614],[28.1801499924959,39.22275005332119],[28.179671416873532,39.222894089544354],[28.17948946697112,39.22285731550011],[28.179473257943187,39.222713205739524],[28.18032047648194,39.22206045428078],[28.180390000000216,39.22204000000016],[28.18165006418036,39.22210993335989],[28.182374174777408,39.22199727985276],[28.182479864188792,39.22190592995514],[28.1826051142574,39.22196698772643],[28.185932432772518,39.22186555738233],[28.18622315194284,39.22204794488903],[28.187570000000107,39.22174000000007],[28.187800000000152,39.22193000000016],[28.187480000000107,39.22245000000015],[28.187610000000063,39.222750000000474],[28.18793000000005,39.22284000000013],[28.18815000000012,39.223210000000165],[28.188160000000096,39.22357000000011],[28.18833000000012,39.22363000000013],[28.188620000000128,39.224570000000426],[28.188450000000103,39.22482000000036],[28.18889000000007,39.226030000000435],[28.189330000000098,39.226560000000234],[28.19031000000018,39.22735000000023],[28.1903200000001,39.22743000000008],[28.188220000000058,39.22881000000024],[28.187890000000152,39.22883000000047],[28.187760000000196,39.22915000000012],[28.187800000000152,39.229410000000144],[28.18756000000019,39.229710000000125],[28.187760000000196,39.23047000000031],[28.187710000000152,39.23074000000008],[28.187610000000063,39.230800000000045],[28.18802000000005,39.231170000000134],[28.18833000000012,39.23169000000013],[28.189740000000086,39.232250000000136],[28.19007000000022,39.23228000000029],[28.19031000000018,39.23293000000007],[28.191640000000064,39.233620000000315],[28.192150000000197,39.233990000000404],[28.192940000000192,39.234230000000366],[28.193890000000067,39.24931000000038],[28.193819734778003,39.24954421740745]]],"type":"Polygon"}},{"type":"Feature","properties":{"area_id":"TR-10-019-148503","name_tr":"Çaygören","area_level":"neighbourhood","parent_id":"TR-10-019","endeksa_id":148503},"geometry":{"coordinates":[[[28.193277601000148,39.28152754900003],[28.19319856000004,39.281458522000094],[28.19290036400008,39.28193662100011],[28.192741450000085,39.28182787800006],[28.192670750000104,39.281885260000195],[28.18883920000013,39.27994512000009],[28.18849267815233,39.278054226257154],[28.188364444000115,39.27727854700015],[28.191372720586514,39.27457197006032],[28.190717893333158,39.27125564371545],[28.19113084488447,39.27091183102368],[28.191600000000165,39.27073000000041],[28.1915800000001,39.27030000000036],[28.19243000000006,39.26993000000044],[28.19119000000012,39.26919000000032],[28.191260000000057,39.26903000000004],[28.1914000000001,39.26898000000017],[28.19137000000012,39.26853000000028],[28.191600000000165,39.26835000000045],[28.191050000000132,39.26765000000012],[28.19063000000017,39.26656000000014],[28.19072000000017,39.26634000000041],[28.189840000000174,39.26510000000013],[28.189800000000048,39.264810000000296],[28.189990000000137,39.263730000000464],[28.18982000000011,39.26328000000018],[28.18979000000013,39.26270000000051],[28.189650000000086,39.26241000000016],[28.19004000000018,39.2623700000002],[28.1901000000002,39.26224000000013],[28.190030000000093,39.261870000000044],[28.19022000000018,39.26135000000039],[28.189960000000156,39.26061000000027],[28.19081000000017,39.25983000000036],[28.191170000000113,39.258930000000134],[28.19072000000017,39.257750000000215],[28.190110000000118,39.25751000000025],[28.189620000000104,39.25669000000062],[28.190140000000156,39.25642000000033],[28.19054000000017,39.25609000000003],[28.190510000000188,39.25504000000052],[28.191470000000038,39.252480000000446],[28.19307000000009,39.2506200000002],[28.1932300000002,39.25037000000066],[28.193620000000124,39.250060000000076],[28.193917349000117,39.24930780600016],[28.201400230000104,39.249501280000004],[28.203430250000054,39.251585440000326],[28.20601928000019,39.25152236000008],[28.211845070000095,39.24841543000008],[28.21081456000013,39.24723214000005],[28.211198120000063,39.24688419200004],[28.211117240000135,39.24669275999997],[28.212555778000137,39.245652587000336],[28.213364160000026,39.24491926000013],[28.213536890000114,39.24494316800019],[28.213939680000067,39.24465192000008],[28.21571989800009,39.245245326000145],[28.216001495500052,39.243543379500125],[28.223621649999984,39.248965900000144],[28.225083504000168,39.24912700200031],[28.22540815800005,39.2493324940001],[28.234076304000098,39.25111061100006],[28.23896262000011,39.25065107000029],[28.240546870000117,39.24899300000004],[28.242703849000122,39.249402491000126],[28.244609010000147,39.250541050000095],[28.25536378000004,39.25180591000009],[28.25535768000003,39.2552005200003],[28.257657400000085,39.25588615000004],[28.260142840000185,39.25566989000009],[28.2587160220001,39.256507435000344],[28.258544223000342,39.256912987000135],[28.254264801000147,39.25609235000019],[28.25274688100012,39.253507167000066],[28.25013671000005,39.25305683000039],[28.23504450000013,39.25475114000005],[28.23182701000019,39.253842560000066],[28.230063169000175,39.256314948000124],[28.230779482000173,39.25681573600036],[28.230776495000043,39.2569221600001],[28.230651653000166,39.256965110000465],[28.22363782000008,39.25614779700061],[28.219686642000056,39.261739295000154],[28.218335610000167,39.27278899000021],[28.20528728500011,39.27736562200016],[28.202960930000074,39.27833963500001],[28.200967854000055,39.28071308300014],[28.195179367000094,39.279844230000094],[28.193660022000074,39.28108234000001],[28.193277601000148,39.28152754900003]]],"type":"Polygon"}},{"type":"Feature","properties":{"area_id":"TR-10-019-148609","name_tr":"Bükrecik","area_level":"neighbourhood","parent_id":"TR-10-019","endeksa_id":148609},"geometry":{"coordinates":[[[27.972539902306494,39.27889978507443],[27.96891167600029,39.28234953900068],[27.9576350760002,39.28197331700028],[27.952545022000038,39.28010314100027],[27.947445856000172,39.27600811800011],[27.946505529000092,39.275115147000065],[27.945004445000052,39.27208234300008],[27.944860940000183,39.272052611000106],[27.938379917000134,39.267292888000384],[27.936741230000166,39.26378681500046],[27.93778060400018,39.26286475100005],[27.935204296000165,39.26120714699999],[27.935170773000152,39.26104152100015],[27.930138656999986,39.257718581000006],[27.929130219000058,39.25662855900009],[27.92882138000016,39.25520119999999],[27.927320580000185,39.25466804600012],[27.92670428100007,39.25400635800008],[27.926837156000147,39.25315112700014],[27.92645801900011,39.252874236000025],[27.926498858000002,39.25281358000018],[27.9242007073139,39.25112443997074],[27.92417730428275,39.250962760706955],[27.924383843443138,39.250919731704016],[27.927150000000097,39.252260000000035],[27.927810000000136,39.252970000000346],[27.92826000000008,39.253840000000025],[27.928770000000156,39.2544800000004],[27.929540000000145,39.25444000000061],[27.930560000000128,39.25402000000014],[27.931160000000034,39.25390000000016],[27.931310000000224,39.253690000000404],[27.931570000000193,39.25358000000051],[27.934830000000147,39.252670000000535],[27.93703000000005,39.25264000000021],[27.93730000000005,39.25266000000005],[27.937320000000113,39.25280000000009],[27.938250000000096,39.25277000000028],[27.93954000000008,39.2528700000002],[27.939580000000035,39.25305000000071],[27.939910000000168,39.253380000000334],[27.94111000000015,39.254030000000114],[27.944810000000246,39.25391000000013],[27.94687000000016,39.25342000000006],[27.947820000000036,39.25264000000021],[27.949210000000107,39.2520100000001],[27.949530000000152,39.251960000000054],[27.950540000000046,39.25210000000027],[27.950950000000034,39.252240000000484],[27.95133000000004,39.25263000000007],[27.95319000000012,39.25614000000007],[27.958080000000052,39.25993000000011],[27.967080000000067,39.273980000000165],[27.96872000000019,39.27523000000042],[27.971890000000144,39.277980000000184],[27.972390000000132,39.278570000000514],[27.972539902306494,39.27889978507443]]],"type":"Polygon"}},{"type":"Feature","properties":{"area_id":"TR-10-019-148485","name_tr":"Alacaatlı","area_level":"neighbourhood","parent_id":"TR-10-019","endeksa_id":148485},"geometry":{"coordinates":[[[28.073697581000147,39.27424010100009],[28.07363297200004,39.274134448000154],[28.071088958000075,39.275513474000036],[28.07203979900015,39.276929925000104],[28.069130374000167,39.27666743300006],[28.06889699000004,39.27870216500003],[28.058351326000036,39.27887232800015],[28.058360774000107,39.278976442000214],[28.058251305000056,39.27897929100004],[28.061943599000188,39.28068942900046],[28.059970132000046,39.28107435800007],[28.061668576000102,39.28227929200011],[28.06128225200007,39.28275089900018],[28.06049015600007,39.283100077000256],[28.058510046000038,39.28321457300012],[28.05449563600007,39.28256117200016],[28.054101446000118,39.281564949000426],[28.05400204100016,39.281502945000625],[28.052684144000125,39.282266327],[28.05118055100013,39.28202159600011],[28.05025551100016,39.281362033000335],[28.04316957400033,39.28135316800075],[28.043083064000257,39.28133396000027],[28.04304718400033,39.2812056820008],[28.04437798000032,39.27935791100077],[28.03909005000031,39.27966045000068],[28.0391188290003,39.27946866100052],[28.038962357000287,39.27947739900054],[28.03891176400026,39.27938237700067],[28.039474883000253,39.276867018000644],[28.037193050000212,39.27498097000023],[28.037251147014672,39.274905411942655],[28.037800000000118,39.27442000000036],[28.038460000000043,39.273580000000095],[28.038990000000183,39.27260000000041],[28.039470000000108,39.27198000000027],[28.039540000000045,39.27134000000058],[28.04098000000016,39.270380000000046],[28.040900000000136,39.27013000000011],[28.040380000000084,39.26950000000039],[28.039940000000115,39.26869000000016],[28.040160000000185,39.26855000000012],[28.040160000000185,39.26844000000011],[28.040590000000066,39.26823000000047],[28.040700000000072,39.26829000000032],[28.040910000000054,39.26775000000055],[28.041110000000117,39.26752000000016],[28.04169000000013,39.26758000000018],[28.042070000000137,39.26716000000005],[28.04234000000008,39.266570000000286],[28.042150000000163,39.265520000000095],[28.04299000000003,39.26443000000012],[28.04318000000012,39.2642800000005],[28.043430000000228,39.26449000000014],[28.044210000000078,39.26432000000028],[28.044470000000103,39.26461000000012],[28.044920000000047,39.264870000000315],[28.0451300000002,39.26457000000033],[28.04568000000023,39.264560000000245],[28.046190000000138,39.2642000000003],[28.04665000000017,39.26400000000007],[28.047060000000158,39.2633800000001],[28.047230000000184,39.26203000000049],[28.047450000000083,39.26138000000071],[28.047330000000102,39.26093000000043],[28.047340000000077,39.26062000000036],[28.04717000000005,39.26053000000019],[28.046600000000126,39.26081000000045],[28.046320000000037,39.26076000000057],[28.045950000000175,39.260570000000484],[28.046180000000163,39.260070000000326],[28.045740000000194,39.2600300000002],[28.04516000000018,39.26018000000022],[28.044650000000047,39.26020000000028],[28.045830000000194,39.25913000000071],[28.045860000000175,39.258980000000406],[28.04631000000012,39.258680000000425],[28.046450000000164,39.25870000000066],[28.046580000000063,39.25856000000044],[28.04739000000012,39.256910000000346],[28.04820000000018,39.2558700000003],[28.04812654396676,39.25582643516657],[28.048572294000223,39.255263075000585],[28.04824930200033,39.25267742000028],[28.065697419000287,39.241095234000284],[28.072582950000196,39.23986520000034],[28.072184299000355,39.236760748000336],[28.07410023000034,39.23543059200023],[28.07428545600021,39.23544853200025],[28.074568791000104,39.23576045600049],[28.077024559999984,39.241023006000034],[28.07693789700005,39.24114577200021],[28.076824345000034,39.241130721000104],[28.075992340000028,39.240788590000136],[28.077453610000134,39.241917978000174],[28.079807595000148,39.24684041600011],[28.079713689000187,39.246951376000084],[28.078010531000132,39.24719984400019],[28.076921449999986,39.245863690000306],[28.074664760000132,39.24729180999998],[28.077764923000075,39.25524049000023],[28.08390280100008,39.25726614400014],[28.08397433900012,39.25743285499999],[28.083705668000164,39.26060250800015],[28.079190242000152,39.26146223100068],[28.07851668300009,39.26353843800007],[28.080177415000037,39.26717974100035],[28.078986935000103,39.26759227300005],[28.07804158700003,39.26813159800014],[28.07803053700019,39.26823319100015],[28.077978980000125,39.268167316000074],[28.077362839000045,39.26851882700015],[28.077398925000182,39.268586251000045],[28.076069468000014,39.26938951100004],[28.073498788000165,39.270788275000314],[28.073697581000147,39.27424010100009]]],"type":"Polygon"}},{"type":"Feature","properties":{"area_id":"TR-10-019-148569","name_tr":"Alayaka","area_level":"neighbourhood","parent_id":"TR-10-019","endeksa_id":148569},"geometry":{"coordinates":[[[28.426320000000032,39.268770000000416],[28.424520000000143,39.27507000000014],[28.42502000000013,39.27756000000011],[28.423670000000186,39.27984000000043],[28.42459000000008,39.28025000000025],[28.424880000000087,39.280610000000195],[28.425670532062668,39.28081443161227],[28.425929274201337,39.28127172319131],[28.425838764163473,39.2813847941469],[28.425670662109383,39.281373183792255],[28.421494280000104,39.27897767000013],[28.413437100000124,39.28050401000013],[28.405681120000168,39.27740086000006],[28.398936320000075,39.27740513000009],[28.39516873000008,39.27571415000011],[28.39287281999998,39.27207367000017],[28.385944010000117,39.26676902000003],[28.37884706000017,39.26549222000011],[28.369918110000185,39.25993865000015],[28.365249108000057,39.25426979600002],[28.362252364000085,39.25212873400034],[28.35423660500004,39.249001841000165],[28.34701290999999,39.25043890000018],[28.338179018000062,39.246788970000125],[28.33789084,39.24686048500013],[28.337979218000044,39.246772579000094],[28.337848140000062,39.24665226000036],[28.33797848900008,39.24543495200004],[28.35066175100019,39.2443214060001],[28.349487430000124,39.241253910000125],[28.35393727400009,39.23799639900017],[28.35503912000013,39.23267782000016],[28.360188699000105,39.227163454000106],[28.360089831000096,39.22704275100011],[28.358471440000073,39.22691934000011],[28.356404540000085,39.22245767000027],[28.359871886999997,39.22221135800049],[28.359980733000157,39.22213847800015],[28.36064283500002,39.22015362100018],[28.35825152000018,39.21726827000009],[28.35921889000008,39.21454380000006],[28.36321884700004,39.214682613000264],[28.36301585000018,39.21120599000011],[28.36715327100012,39.21053415700021],[28.367171122000116,39.21043333500006],[28.365437620000023,39.20741756000018],[28.36789943900004,39.20641091100015],[28.367849434347534,39.20628937685899],[28.367915314434356,39.206195950827805],[28.368466145000014,39.20596957400028],[28.36850979713654,39.206047336893675],[28.36901990351498,39.205743633346174],[28.369092580000085,39.20592302799997],[28.369230835000053,39.20586649500018],[28.370480367000084,39.206082027000434],[28.370923990000108,39.20855298000015],[28.376677660000098,39.21001967000018],[28.38118606000006,39.21524785000008],[28.38645198000006,39.21631821000017],[28.387478940000108,39.215001240000106],[28.386250830000108,39.213159320000614],[28.38819670000015,39.21260998000014],[28.38936827000009,39.21815583000017],[28.392934011000193,39.220293874000106],[28.402407309000125,39.22023512800058],[28.402540203000058,39.220179745000166],[28.40261134542891,39.219816170829404],[28.40269000000012,39.22006000000033],[28.403290000000027,39.220230000000186],[28.403250000000128,39.2210500000005],[28.40318000000019,39.22115000000025],[28.402680000000032,39.22127000000023],[28.40248000000014,39.22142000000042],[28.402670000000057,39.221820000000264],[28.402710000000184,39.22254000000015],[28.402510000000177,39.222780000000114],[28.402520000000095,39.22301000000016],[28.402270266000016,39.22317115600015],[28.402590000000032,39.22357000000011],[28.40263000000016,39.22404000000063],[28.402900000000102,39.22438000000034],[28.402900000000102,39.22487000000041],[28.403170000000046,39.225160000000244],[28.403470000000027,39.22524000000044],[28.403790000000186,39.22520000000014],[28.404040000000123,39.225440000000106],[28.40418000000011,39.22592000000003],[28.404678590000174,39.22614949000001],[28.40480000000008,39.22689000000054],[28.404560000000117,39.22728000000012],[28.404600000000073,39.22762000000017],[28.404830000000118,39.22778000000028],[28.405040000000042,39.228110000000584],[28.404910000000143,39.22890000000007],[28.404740000000118,39.22907000000043],[28.40480000000008,39.22939000000008],[28.40470000000016,39.229710000000125],[28.405490000000157,39.23019000000005],[28.405550000000176,39.23034000000035],[28.40541000000013,39.23075000000017],[28.405440000000112,39.2310300000006],[28.405610000000138,39.231380000000286],[28.405740000000094,39.231410000000096],[28.4060300000001,39.23180000000036],[28.406000000000063,39.23215000000022],[28.40563000000003,39.232380000000035],[28.405770000000075,39.23267000000004],[28.40595000000019,39.23271000000034],[28.406240000000253,39.23262000000017],[28.406860000000165,39.23271000000034],[28.407330000000172,39.232970000000535],[28.407730000000072,39.233060000000194],[28.407890000000123,39.23298000000011],[28.408620000000155,39.233090000000516],[28.408960000000036,39.23338000000035],[28.40950000000015,39.233310000000245],[28.40969000000024,39.23355000000021],[28.410200000000145,39.23360000000008],[28.41096000000016,39.23404000000028],[28.411800000000028,39.23484000000036],[28.411930000000098,39.234760000000165],[28.41213000000016,39.234880000000146],[28.41223000000008,39.23502000000036],[28.412210000000186,39.23524000000009],[28.41213000000016,39.23530000000005],[28.41236000000015,39.23542000000003],[28.412930000000074,39.23518000000007],[28.413650000000132,39.23521000000028],[28.414410000000146,39.23537000000016],[28.414630000000045,39.23564000000033],[28.414220000000057,39.236190000000136],[28.414290000000165,39.23642000000035],[28.414200000000164,39.23668000000055],[28.41446000000019,39.23689000000019],[28.414530000000127,39.23706000000004],[28.414420000000064,39.23732000000024],[28.41437000000019,39.237890000000334],[28.41446000000019,39.23809000000017],[28.414210000000082,39.2384600000002],[28.414250000000038,39.238970000000336],[28.4141800000001,39.23939000000024],[28.414260000000183,39.23987000000017],[28.41405000000003,39.24017000000015],[28.414260000000183,39.24054000000018],[28.414330000000064,39.240890000000036],[28.414750000000197,39.24107000000015],[28.414970000000096,39.24131000000011],[28.415070000000185,39.24206000000021],[28.415040000000033,39.24224000000015],[28.41428000000019,39.24294000000015],[28.414350000000127,39.24323000000038],[28.41403000000014,39.24336000000045],[28.41354000000007,39.24392000000006],[28.413460000000043,39.24423000000013],[28.413580000000195,39.2445400000002],[28.413390000000106,39.245020000000125],[28.413420000000087,39.24554000000035],[28.41381000000007,39.245790000000284],[28.414410000000146,39.24667000000005],[28.41545000000019,39.24684000000008],[28.415470000000084,39.247190000000444],[28.41564000000011,39.24747000000019],[28.41573000000011,39.2478900000001],[28.4160100000002,39.24813000000006],[28.416220000000123,39.248760000000345],[28.415900000000136,39.24899000000016],[28.416060000000073,39.24934000000019],[28.41604000000018,39.24955000000034],[28.41626000000008,39.24986000000041],[28.416220000000123,39.25018000000057],[28.41585000000009,39.25026000000008],[28.415710000000047,39.25039000000021],[28.415890000000218,39.25079000000005],[28.415810000000135,39.2514000000001],[28.415890000000218,39.25176000000056],[28.416430000000105,39.252390000000105],[28.416430000000105,39.252860000000624],[28.416520000000105,39.253040000000055],[28.416460000000086,39.25337000000019],[28.41663000000017,39.25367000000017],[28.416580000000067,39.25443000000013],[28.416810000000112,39.25475000000017],[28.41647000000006,39.25579000000005],[28.416200000000117,39.25599000000028],[28.415720000000192,39.256600000000276],[28.415000000000077,39.257090000000346],[28.41502000000014,39.25742000000008],[28.414690000000235,39.258030000000645],[28.41471000000007,39.25859000000008],[28.41455000000019,39.25923000000046],[28.41474000000011,39.25927000000024],[28.41496000000018,39.259510000000205],[28.41508000000016,39.259760000000256],[28.415530000000103,39.260250000000326],[28.415870000000155,39.260940000000176],[28.417490000000043,39.26167000000055],[28.42180000000019,39.26510000000013],[28.423950000000048,39.26669000000027],[28.426320000000032,39.268770000000416]]],"type":"Polygon"}},{"type":"Feature","properties":{"area_id":"TR-10-019-148517","name_tr":"İbiller","area_level":"neighbourhood","parent_id":"TR-10-019","endeksa_id":148517},"geometry":{"coordinates":[[[28.15966346800019,39.26211915300013],[28.159625146000053,39.262242902000025],[28.124925915000063,39.283666699000094],[28.115908768000168,39.281913559000316],[28.113172970999983,39.28199591500038],[28.113028280000037,39.28187341300037],[28.11224700600002,39.28007299600017],[28.111437088000173,39.2791958840001],[28.111088839000047,39.27515067400003],[28.110484410000026,39.27525888100001],[28.10925687499997,39.27527306800022],[28.112691154000174,39.273327125000094],[28.115406330000155,39.267516680000426],[28.117202069000143,39.26735381100036],[28.117306644000166,39.26726675900011],[28.11839155000007,39.25721623300001],[28.117360275000067,39.2543259090005],[28.119168485000102,39.25319764100004],[28.120315844000118,39.24726352500022],[28.120150402000093,39.242138307000175],[28.120147770000074,39.23972620000035],[28.126580628000113,39.23368136000005],[28.124125642000024,39.230104635000146],[28.126020060000087,39.22774265000021],[28.12823121499997,39.22841580400012],[28.128290485000093,39.228475306000064],[28.126632360000144,39.23092860000003],[28.12814951000007,39.23585941000033],[28.13109574000015,39.236817410000185],[28.132795793000184,39.23954409200002],[28.138301760000047,39.239773151000236],[28.1380817700001,39.2413050400001],[28.14259679000014,39.242295740000145],[28.144595232000086,39.24455358300003],[28.145861860000082,39.244715920000374],[28.146110273000147,39.24648881200034],[28.14625864800007,39.24650915100051],[28.147468689999982,39.24587611000027],[28.15023037500015,39.24884858900009],[28.15116117100007,39.2490171500001],[28.153991898000072,39.24955636300007],[28.154511614000114,39.257450324000104],[28.15512921200019,39.259099085],[28.159525143000053,39.26171799600007],[28.15966346800019,39.26211915300013]]],"type":"Polygon"}},{"type":"Feature","properties":{"area_id":"TR-10-019-148563","name_tr":"Yolcupınar","area_level":"neighbourhood","parent_id":"TR-10-019","endeksa_id":148563},"geometry":{"coordinates":[[[28.26080134200015,39.28555294800026],[28.260606738000035,39.28557718400049],[28.24997206100005,39.28001329700015],[28.251112484000146,39.27300548500011],[28.252728385000182,39.27228521400008],[28.251563429999976,39.270113820000006],[28.238397470000052,39.26873674900003],[28.23813640400016,39.268590365000534],[28.236012191000157,39.26618283300013],[28.235043689000122,39.260670953000044],[28.234133168000028,39.25912680900018],[28.231075832000045,39.25701457100001],[28.230651653000166,39.256965110000465],[28.230776495000043,39.2569221600001],[28.230779482000173,39.25681573600036],[28.230063169000175,39.256314948000124],[28.23182701000019,39.253842560000066],[28.23504450000013,39.25475114000005],[28.25013671000005,39.25305683000039],[28.25274688100012,39.253507167000066],[28.254264801000147,39.25609235000019],[28.258544223000342,39.256912987000135],[28.25827874448987,39.25753968131653],[28.258201506753323,39.25775836322072],[28.258317329429246,39.2578656744592],[28.259169066753657,39.25773452314627],[28.26177432000003,39.257272350000164],[28.268859816000088,39.260340174000476],[28.269331505000082,39.259990379000044],[28.269646023000178,39.25880883100069],[28.275124504000075,39.2557102830001],[28.27794461999997,39.26098384000011],[28.278221900000005,39.26958222700017],[28.274050740000064,39.27970299100019],[28.26610785500003,39.28329899200014],[28.260930691000112,39.28379146200035],[28.26080134200015,39.28555294800026]]],"type":"Polygon"}},{"type":"Feature","properties":{"area_id":"TR-10-019-148605","name_tr":"Eğridere","area_level":"neighbourhood","parent_id":"TR-10-019","endeksa_id":148605},"geometry":{"coordinates":[[[28.00435934774646,39.28280879751935],[28.003950000000316,39.286030000001006],[28.00356000000022,39.28568000000064],[28.00347000000022,39.285470000000316],[28.00357000000031,39.285310000000266],[28.003360000000384,39.28509000000014],[28.00142000000028,39.28376000000026],[28.00093000000021,39.28305000000046],[28.000170000000367,39.28231000000034],[28.000040000000297,39.282030000000475],[27.999850000000208,39.280880000000536],[27.999620000000334,39.28039000000064],[27.99953000000039,39.27954000000051],[27.999030000000403,39.27913000000012],[27.99879000000027,39.27861000000098],[27.99711000000036,39.27920000000023],[27.988590000000272,39.284420000000125],[27.984090000000265,39.28210000000041],[27.982750000000408,39.282030000000475],[27.982640000000345,39.28189000000043],[27.982600000000218,39.28158000000087],[27.982040000000268,39.28137000000072],[27.982110000000205,39.28128000000038],[27.982090000000312,39.28106000000065],[27.98184000000026,39.2811200000005],[27.98182000000037,39.280790000000366],[27.981360000000336,39.28062000000102],[27.980870000000266,39.280580000000555],[27.980220000000315,39.280240000000845],[27.98027000000036,39.28008000000057],[27.98071000000033,39.279870000000244],[27.980850000000203,39.27941000000055],[27.98064000000022,39.27933000000087],[27.980430000000297,39.27908000000025],[27.980350000000215,39.279090000000906],[27.980340000000297,39.27919000000065],[27.97999000000027,39.27913000000012],[27.979570000000365,39.27919000000065],[27.979350000000295,39.279530000000534],[27.97882000000027,39.2796900000003],[27.978710000000262,39.27994000000035],[27.97875000000039,39.28016000000008],[27.977600000000223,39.28023000000019],[27.976910000000373,39.280020000000434],[27.97575000000029,39.28043000000093],[27.974840000000313,39.27982000000037],[27.973000000000297,39.27915000000036],[27.972539902306494,39.27889978507443],[27.972390000000132,39.278570000000514],[27.971890000000144,39.277980000000184],[27.96872000000019,39.27523000000042],[27.967080000000067,39.273980000000165],[27.958080000000052,39.25993000000011],[27.95319000000012,39.25614000000007],[27.95133000000004,39.25263000000007],[27.951620000000048,39.25256000000013],[27.951930000000118,39.25264000000021],[27.95220000000006,39.25260000000043],[27.95279000000005,39.252970000000346],[27.953050000000076,39.25334000000055],[27.953400000000045,39.25347000000011],[27.953680000000134,39.25374000000028],[27.95450000000011,39.254160000000184],[27.954720000000236,39.254150000000095],[27.95555000000013,39.25444000000061],[27.956000000000074,39.25486000000018],[27.957280000000083,39.25464000000011],[27.958020000000033,39.254710000000216],[27.95892000000009,39.25438000000008],[27.959560000000124,39.253970000000095],[27.959810000000175,39.25343000000021],[27.960090000000093,39.25328000000019],[27.96239000000014,39.25044000000008],[27.963030000000174,39.25024000000042],[27.963840000000232,39.24969000000016],[27.96509000000009,39.24950000000007],[27.96595000000019,39.24914000000035],[27.966460000000097,39.24841000000049],[27.967730000000188,39.24773000000039],[27.96850000000012,39.24598000000037],[27.9704500000002,39.245020000000125],[27.970750000000123,39.24479000000014],[27.97110000000015,39.244240000000104],[27.971490000000074,39.24385000000012],[27.971590000000162,39.24360000000041],[27.971520000000055,39.24265000000014],[27.97122000000013,39.24239000000034],[27.971240000000194,39.24185000000057],[27.97352000000018,39.23795000000047],[27.974060000000065,39.22915000000012],[27.974450000000047,39.21887000000061],[27.974740000000054,39.21859000000018],[27.975640000000055,39.21811000000025],[27.97627000000017,39.2176400000003],[27.977300000000128,39.21736000000004],[27.978020000000186,39.217410000000086],[27.9790000000001,39.21684000000033],[27.97974000000005,39.21681000000069],[27.98160000000007,39.2162900000003],[27.981580000000235,39.21600000000046],[27.981250000000102,39.21551000000005],[27.98105000000004,39.2149000000004],[27.980630000000133,39.21432000000004],[27.980600000000152,39.21412000000015],[27.980760000000032,39.21388000000019],[27.980650000000196,39.21363000000048],[27.98048000000017,39.21349000000026],[27.98002000000008,39.212770000000376],[27.979880000000094,39.212430000000154],[27.979920000000163,39.21209000000027],[27.97934000000015,39.211060000000316],[27.979290000000105,39.210760000000334],[27.979080000000124,39.210570000000246],[27.979180000000042,39.21034000000003],[27.97913000000017,39.21022000000028],[27.978700000000117,39.20885000000004],[27.978610000000174,39.20876000000004],[27.985890000000154,39.20187000000021],[27.99306000000007,39.19859000000025],[27.995620000000145,39.19856000000004],[28.00075000000004,39.198580000000106],[28.000670000000184,39.200230000000204],[28.000770000000102,39.20094000000017],[28.00124000000011,39.201680000000124],[28.001380000000154,39.20249000000035],[28.001650000000097,39.202850000000296],[28.001650000000097,39.20306000000005],[28.001510000000053,39.20335000000006],[28.001590000000135,39.20392000000015],[28.001530000000116,39.20472000000012],[28.001280000000236,39.205580000000225],[28.00093000000004,39.20591000000036],[28.000330000000133,39.20629000000014],[28.00034000000005,39.20705000000032],[28.000820000000147,39.207940000000065],[28.00220000000013,39.20939000000067],[28.00288000000006,39.20973000000038],[28.004660000000115,39.2102100000003],[28.005430000000047,39.21030000000064],[28.006140000000187,39.21059000000048],[28.007610000000113,39.21157000000005],[28.00889000000018,39.21195000000006],[28.009610000000237,39.21427000000017],[28.00970000000018,39.21667000000048],[28.010740000000112,39.21811000000025],[28.01180000000005,39.21924000000013],[28.013670000000047,39.219310000000064],[28.014820000000157,39.21954000000062],[28.01623000000012,39.22035000000017],[28.017330000000186,39.22052000000019],[28.018940000000157,39.22022000000004],[28.020800000000065,39.22016000000008],[28.02094000000011,39.22757000000013],[28.026646076689815,39.22696229588661],[28.021110000000306,39.23066000000057],[28.013300000000356,39.23239000000035],[28.010054811955285,39.231636774725644],[28.00703000000044,39.23146000000065],[28.005040000000463,39.231450000000564],[28.002370000000496,39.230730000000506],[27.99953000000056,39.232440000000736],[27.998470000000395,39.233150000000705],[27.997790000000464,39.23423000000105],[27.997720000000527,39.23490000000106],[27.997530000000438,39.2351900000009],[27.997450000000583,39.23556000000059],[27.997690000000546,39.23596000000066],[27.9976400000005,39.236310000000685],[27.9978600000004,39.23707000000047],[27.99749000000054,39.23748000000052],[27.9974600000005,39.23778000000061],[27.997250000000577,39.23821000000066],[27.997350000000495,39.23847000000086],[27.99724000000043,39.23914000000087],[27.996820000000525,39.23993000000087],[27.996700000000544,39.24045000000058],[27.9966900000004,39.24138000000039],[27.996820000000525,39.241580000000965],[27.997320000000457,39.24193000000042],[27.997840000000508,39.242790000000525],[27.99804000000057,39.242940000000544],[27.99873000000042,39.24296000000061],[27.999030000000573,39.24324000000081],[27.999050000000466,39.24339000000043],[27.998770000000206,39.2442700000006],[27.99900000000042,39.24525000000068],[27.999160000000302,39.24553000000094],[27.99876000000023,39.246010000000865],[27.99879000000027,39.246230000000594],[27.99861000000027,39.24627000000055],[27.99845000000039,39.24650000000037],[27.998620000000415,39.24800000000067],[27.998770000000206,39.2484400000003],[27.998970000000213,39.2487000000005],[27.99876000000023,39.249420000000384],[27.998880000000213,39.249820000000625],[27.998720000000333,39.25082000000043],[27.99914000000024,39.25202000000024],[27.99926000000022,39.252850000000365],[27.9995600000002,39.25334000000055],[27.999740000000315,39.25395000000043],[27.999870000000442,39.254030000000796],[27.999550000000454,39.25417000000101],[27.997580000000312,39.25420000000065],[27.99814000000032,39.260720000000276],[27.999510000000498,39.2629600000007],[28.005310000000406,39.27446000000043],[28.00435934774646,39.28280879751935]]],"type":"Polygon"}},{"type":"Feature","properties":{"area_id":"TR-10-019-148531","name_tr":"Kızılgür","area_level":"neighbourhood","parent_id":"TR-10-019","endeksa_id":148531},"geometry":{"coordinates":[[[28.04812654396676,39.25582643516657],[28.04820000000018,39.2558700000003],[28.04739000000012,39.256910000000346],[28.046580000000063,39.25856000000044],[28.046450000000164,39.25870000000066],[28.04631000000012,39.258680000000425],[28.045860000000175,39.258980000000406],[28.045830000000194,39.25913000000071],[28.044650000000047,39.26020000000028],[28.04516000000018,39.26018000000022],[28.045740000000194,39.2600300000002],[28.046180000000163,39.260070000000326],[28.045950000000175,39.260570000000484],[28.046320000000037,39.26076000000057],[28.046600000000126,39.26081000000045],[28.04717000000005,39.26053000000019],[28.047340000000077,39.26062000000036],[28.047330000000102,39.26093000000043],[28.047450000000083,39.26138000000071],[28.047230000000184,39.26203000000049],[28.047060000000158,39.2633800000001],[28.04665000000017,39.26400000000007],[28.046190000000138,39.2642000000003],[28.04568000000023,39.264560000000245],[28.0451300000002,39.26457000000033],[28.044920000000047,39.264870000000315],[28.044470000000103,39.26461000000012],[28.044210000000078,39.26432000000028],[28.043430000000228,39.26449000000014],[28.04318000000012,39.2642800000005],[28.04299000000003,39.26443000000012],[28.042150000000163,39.265520000000095],[28.04234000000008,39.266570000000286],[28.042070000000137,39.26716000000005],[28.04169000000013,39.26758000000018],[28.041110000000117,39.26752000000016],[28.040910000000054,39.26775000000055],[28.040700000000072,39.26829000000032],[28.040590000000066,39.26823000000047],[28.040160000000185,39.26844000000011],[28.040160000000185,39.26855000000012],[28.039940000000115,39.26869000000016],[28.040380000000084,39.26950000000039],[28.040900000000136,39.27013000000011],[28.04098000000016,39.270380000000046],[28.039540000000045,39.27134000000058],[28.039470000000108,39.27198000000027],[28.038990000000183,39.27260000000041],[28.038460000000043,39.273580000000095],[28.037800000000118,39.27442000000036],[28.037251147014672,39.274905411942655],[28.03727000000032,39.27483000000086],[28.035360000000423,39.273850000000266],[28.03513000000021,39.27363000000105],[28.03395000000029,39.27325000000087],[28.03355000000022,39.27297000000061],[28.03358000000037,39.27285000000063],[28.033220000000256,39.27233000000024],[28.03243000000026,39.27264000000031],[28.03197000000023,39.27254000000056],[28.03117000000026,39.27200000000033],[28.031140000000278,39.27188000000052],[28.0320600000004,39.27125000000041],[28.0301400000003,39.27052000000094],[28.03039000000024,39.27000000000055],[28.029840000000206,39.26978000000031],[28.029220000000237,39.269920000000525],[28.026890000000378,39.269710000000714],[28.026960000000315,39.269520000000625],[28.026850000000252,39.268150000000446],[28.025970000000257,39.268500000000245],[28.02547000000027,39.267940000000635],[28.026090000000238,39.26747000000029],[28.026680000000226,39.267190000000596],[28.025830000000212,39.266640000001075],[28.025210000000243,39.26693000000091],[28.024890000000255,39.26686000000029],[28.024860000000274,39.26564000000076],[28.025410000000306,39.26449000000082],[28.02524000000028,39.26390000000049],[28.024240000000304,39.26359000000042],[28.02407000000028,39.26366000000053],[28.02388000000036,39.26362000000023],[28.023400000000265,39.26337000000069],[28.023930000000234,39.25904000000054],[28.024060000000304,39.25885000000045],[28.02450000000033,39.25861000000049],[28.02432000000033,39.25836000000095],[28.024610000000337,39.25796000000071],[28.024610000000337,39.2578500000003],[28.02441000000033,39.25743000000023],[28.024460000000204,39.2569500000003],[28.024350000000368,39.25687000000022],[28.022360000000333,39.25248000000062],[28.02254220551913,39.252379822915145],[28.026650000000416,39.252050000000565],[28.03503000000029,39.25167000000039],[28.03955000000036,39.25223000000108],[28.04358000000036,39.2531300000004],[28.04812654396676,39.25582643516657]]],"type":"Polygon"}},{"type":"Feature","properties":{"area_id":"TR-10-019-148573","name_tr":"Çamalanı","area_level":"neighbourhood","parent_id":"TR-10-019","endeksa_id":148573},"geometry":{"coordinates":[[[28.47628022996554,39.286435215592746],[28.47620000000012,39.28636000000006],[28.47400000000016,39.28712000000024],[28.471930000000157,39.28681000000017],[28.47053000000011,39.28551000000061],[28.46873000000005,39.28505000000024],[28.466640000000154,39.28434000000044],[28.464630000000113,39.282530000000065],[28.464460000000088,39.28224000000006],[28.464500000000157,39.28187000000071],[28.46353000000005,39.28187000000071],[28.462740000000053,39.28149000000053],[28.46188000000012,39.28089000000011],[28.461590000000115,39.280390000000466],[28.461440000000152,39.28031000000027],[28.461600000000033,39.27893000000046],[28.460950000000082,39.278320000000065],[28.460690000000056,39.2778600000002],[28.460350000000176,39.2775300000003],[28.45969000000008,39.276400000000194],[28.45873000000006,39.27646000000004],[28.458650000000205,39.27634000000006],[28.459420000000136,39.27570000000037],[28.459520000000055,39.27576000000039],[28.46018000000015,39.27572000000009],[28.460340000000087,39.27504000000033],[28.460200000000043,39.273770000000184],[28.46008000000006,39.273510000000385],[28.458950000000186,39.273150000000044],[28.458440000000053,39.27326000000028],[28.45823000000007,39.27319000000017],[28.457100000000196,39.272370000000535],[28.456560000000138,39.27230000000043],[28.455900000000042,39.27244000000064],[28.45557000000008,39.272060000000465],[28.45473000000004,39.27213000000006],[28.453610000000083,39.271940000000484],[28.453070000000196,39.27152000000018],[28.452570000000037,39.27136000000013],[28.452570000000037,39.2709200000001],[28.453190000000177,39.270690000000116],[28.453590000000247,39.270700000000204],[28.45445000000018,39.270540000000324],[28.45507000000009,39.270690000000116],[28.45587000000006,39.270070000000146],[28.456230000000176,39.26990000000012],[28.45659000000012,39.26947000000007],[28.457260000000133,39.26907000000034],[28.458050000000128,39.268900000000485],[28.468030000000056,39.26523000000026],[28.46650000000011,39.2603000000002],[28.464930000000038,39.24605000000008],[28.463290000000086,39.23878000000025],[28.466020000000185,39.237270000000365],[28.468990000000076,39.233990000000404],[28.470040000000097,39.2331300000003],[28.469900000000052,39.2329100000004],[28.470320000000186,39.232030000000236],[28.470550000000173,39.23186000000038],[28.47010000000006,39.23153000000008],[28.46963000000011,39.23166000000015],[28.46936000000011,39.232130000000666],[28.4690700000001,39.232030000000236],[28.468680000000177,39.232100000000344],[28.468620000000215,39.231760000000065],[28.468220000000144,39.230980000000045],[28.468260000000043,39.23042000000004],[28.4680800000001,39.22958000000017],[28.46783000000022,39.22902000000056],[28.46780000000018,39.22864000000038],[28.467310000000168,39.22754000000032],[28.467750000000137,39.2261900000002],[28.46864000000005,39.22512000000046],[28.46932000000004,39.22489000000007],[28.470070000000078,39.224790000000155],[28.470030000000122,39.223860000000116],[28.470830000000092,39.22384000000005],[28.4709900000002,39.223520000000235],[28.47125000000017,39.22329000000042],[28.47242000000017,39.22346000000027],[28.472130000000163,39.223080000000095],[28.4708100000002,39.22217000000012],[28.470770000000073,39.22191000000009],[28.47049000000021,39.22161000000011],[28.469890000000134,39.22031000000038],[28.46979000000016,39.21983000000046],[28.46988000000016,39.21887000000061],[28.470150000000103,39.21827000000019],[28.46960000000007,39.21750000000026],[28.46966000000009,39.2168200000001],[28.469560000000172,39.216450000000066],[28.46957000000009,39.21570000000014],[28.469430000000045,39.21480000000065],[28.469460000000254,39.21450000000016],[28.46985000000018,39.21397000000019],[28.470080000000223,39.213420000000156],[28.47006000000016,39.21275000000014],[28.47115000000008,39.21174000000042],[28.471790000000112,39.2109200000001],[28.472450000000208,39.20974000000035],[28.472430000000145,39.20932000000005],[28.47264000000007,39.20859000000041],[28.47260000000017,39.2082900000006],[28.472270000000037,39.20748000000037],[28.471620000000087,39.20656000000031],[28.472000000000094,39.20542000000046],[28.472000000000094,39.20442000000014],[28.471910000000094,39.20410000000015],[28.472150000000056,39.203470000000436],[28.472000000000094,39.20325000000014],[28.47195000000022,39.20260000000019],[28.4720700000002,39.20238000000046],[28.472040000000163,39.20218000000028],[28.471970000000056,39.202020000000516],[28.47164000000015,39.20194000000032],[28.47158823025785,39.201528350922445],[28.472122760000104,39.201195618000156],[28.47225284600006,39.2011875070001],[28.472323880000033,39.20127524200018],[28.472320951000086,39.20107199600005],[28.475235021000117,39.199257670000065],[28.477361216000133,39.19858800100013],[28.48036887699999,39.200478213000224],[28.47966091000012,39.21140929000023],[28.485114175000035,39.22213107200042],[28.48773220000004,39.22429256000021],[28.490074160000006,39.22362611000017],[28.50147980000014,39.22658394000007],[28.50146439000008,39.22938250999999],[28.504530760000137,39.23124758200015],[28.503942690000144,39.232863780000116],[28.511299847000032,39.23219895600033],[28.51233146574498,39.23262234503278],[28.512515385762697,39.23255564534577],[28.51247411130487,39.23240320865227],[28.513727134000078,39.233209066000086],[28.516047950000086,39.23416880400009],[28.517042356000104,39.2357586710001],[28.51728422500014,39.235735005000606],[28.517345393000028,39.236243169000375],[28.517543669000077,39.23613238700011],[28.517860666000104,39.23669974700067],[28.517751756000166,39.236892867000165],[28.51791698600016,39.23680054900012],[28.51824524700004,39.23738806900025],[28.518158119000134,39.23754256400014],[28.51829030300007,39.23746871000026],[28.518628002000185,39.23807312200017],[28.5185644820001,39.23819226200044],[28.518663620000154,39.23813687100005],[28.51899226300003,39.23872507300001],[28.51897084500007,39.23884195900064],[28.519036938000113,39.23880503200019],[28.521595970000078,39.243385180000075],[28.518865434000134,39.24402498600023],[28.518830484999967,39.24412213400012],[28.51924774000014,39.245208560000094],[28.51600877200019,39.244881533000125],[28.51619215000011,39.24722130000055],[28.51297174100017,39.24903808300013],[28.51324150000005,39.250256450000165],[28.50888332200003,39.25196921100019],[28.50885244500006,39.25207621000061],[28.509217129000035,39.25262781000009],[28.50917137600004,39.252722269000174],[28.50903947100005,39.25273541700017],[28.50876748900015,39.25265007300004],[28.508642531000078,39.252729828000156],[28.506814915000064,39.26131149700046],[28.50701387700019,39.26320191100001],[28.50390126900004,39.26689207000044],[28.502923215000123,39.26710665500019],[28.48957742700003,39.267745118000676],[28.48652312400003,39.268672013000185],[28.482870160000118,39.270558608000044],[28.482721480000066,39.27329651000014],[28.480920344000083,39.27506376600013],[28.485188957000048,39.27743320900015],[28.485235702000068,39.277540668000256],[28.481559039000047,39.28284627400012],[28.477976682000076,39.28519505700058],[28.47771884500014,39.28517133500003],[28.477188731000126,39.2855533030002],[28.477219332000118,39.28560975800019],[28.476687678000133,39.28591433300005],[28.476553642000056,39.28603504400036],[28.47658829100004,39.286086389000104],[28.47625817100004,39.286223810000024],[28.47628022996554,39.286435215592746]]],"type":"Polygon"}},{"type":"Feature","properties":{"area_id":"TR-10-019-148599","name_tr":"Pelitören","area_level":"neighbourhood","parent_id":"TR-10-019","endeksa_id":148599},"geometry":{"coordinates":[[[28.613250000000164,39.26686000000012],[28.612650000000258,39.26817000000011],[28.612550000000113,39.26865000000004],[28.61271000000005,39.26902000000047],[28.613720000000114,39.2700200000001],[28.61401000000012,39.270420000000115],[28.614130000000102,39.27118000000013],[28.613800000000197,39.2711400000004],[28.6133200000001,39.27172000000007],[28.613280000000145,39.272590000000264],[28.6130500000001,39.27300000000008],[28.613000000000056,39.27328000000051],[28.612630000000195,39.273770000000184],[28.612860000000182,39.27399000000031],[28.61221000000006,39.275560000000155],[28.612290000000144,39.2756100000002],[28.611900000000162,39.275930000000244],[28.611670000000174,39.27697000000029],[28.611940000000118,39.277450000000215],[28.6120600000001,39.27953000000036],[28.612560000000087,39.28427000000033],[28.615170000000035,39.2902400000001],[28.60525000000007,39.29022000000026],[28.600120000000175,39.2890100000003],[28.59719000000007,39.289100000000644],[28.590700000000083,39.286710000000426],[28.58652309829148,39.28332305606142],[28.586499824000157,39.283217906000175],[28.588872432000187,39.27910858400031],[28.57722357300014,39.26560163100015],[28.577486583000052,39.26333689300003],[28.567503702000124,39.25975728300011],[28.56750582800015,39.25692575000005],[28.567449172000067,39.25684321300059],[28.564285163000193,39.257612013000255],[28.56321434400013,39.25624774500017],[28.56325874700019,39.256154116000175],[28.566182044000016,39.254372614000545],[28.56782106100019,39.256256040000096],[28.570320957000092,39.255197202000204],[28.5716456830001,39.251847567000254],[28.57748308800018,39.247915480000074],[28.57775047900003,39.24748484500009],[28.57778214100017,39.24760090200016],[28.577929855000093,39.24761223400003],[28.57918053100002,39.24677263900014],[28.579335597000068,39.2467752710005],[28.581052519000025,39.24823708500048],[28.581357332000096,39.24827223800014],[28.585934300000076,39.252400685],[28.589084200000116,39.2526113000003],[28.591144044000032,39.250827622000145],[28.595371217000093,39.253122295000026],[28.595833010685,39.253514084564415],[28.5960277741691,39.25354261649767],[28.603770000000225,39.2603000000002],[28.612260000000106,39.263850000000446],[28.613250000000164,39.26686000000012]]],"type":"Polygon"}},{"type":"Feature","properties":{"area_id":"TR-10-019-148567","name_tr":"Düvertepe","area_level":"neighbourhood","parent_id":"TR-10-019","endeksa_id":148567},"geometry":{"coordinates":[[[28.47158823025785,39.201528350922445],[28.47164000000015,39.20194000000032],[28.471970000000056,39.202020000000516],[28.472040000000163,39.20218000000028],[28.4720700000002,39.20238000000046],[28.47195000000022,39.20260000000019],[28.472000000000094,39.20325000000014],[28.472150000000056,39.203470000000436],[28.471910000000094,39.20410000000015],[28.472000000000094,39.20442000000014],[28.472000000000094,39.20542000000046],[28.471620000000087,39.20656000000031],[28.472270000000037,39.20748000000037],[28.47260000000017,39.2082900000006],[28.47264000000007,39.20859000000041],[28.472430000000145,39.20932000000005],[28.472450000000208,39.20974000000035],[28.471790000000112,39.2109200000001],[28.47115000000008,39.21174000000042],[28.47006000000016,39.21275000000014],[28.470080000000223,39.213420000000156],[28.46985000000018,39.21397000000019],[28.469460000000254,39.21450000000016],[28.469430000000045,39.21480000000065],[28.46957000000009,39.21570000000014],[28.469560000000172,39.216450000000066],[28.46966000000009,39.2168200000001],[28.46960000000007,39.21750000000026],[28.470150000000103,39.21827000000019],[28.46988000000016,39.21887000000061],[28.46979000000016,39.21983000000046],[28.469890000000134,39.22031000000038],[28.47049000000021,39.22161000000011],[28.470770000000073,39.22191000000009],[28.4708100000002,39.22217000000012],[28.472130000000163,39.223080000000095],[28.47242000000017,39.22346000000027],[28.47125000000017,39.22329000000042],[28.4709900000002,39.223520000000235],[28.470830000000092,39.22384000000005],[28.470030000000122,39.223860000000116],[28.470070000000078,39.224790000000155],[28.46932000000004,39.22489000000007],[28.46864000000005,39.22512000000046],[28.467750000000137,39.2261900000002],[28.467310000000168,39.22754000000032],[28.46780000000018,39.22864000000038],[28.46783000000022,39.22902000000056],[28.4680800000001,39.22958000000017],[28.468260000000043,39.23042000000004],[28.468220000000144,39.230980000000045],[28.468620000000215,39.231760000000065],[28.468680000000177,39.232100000000344],[28.4690700000001,39.232030000000236],[28.46936000000011,39.232130000000666],[28.46963000000011,39.23166000000015],[28.47010000000006,39.23153000000008],[28.470550000000173,39.23186000000038],[28.470320000000186,39.232030000000236],[28.469900000000052,39.2329100000004],[28.470040000000097,39.2331300000003],[28.468990000000076,39.233990000000404],[28.466020000000185,39.237270000000365],[28.463290000000086,39.23878000000025],[28.464930000000038,39.24605000000008],[28.46650000000011,39.2603000000002],[28.468030000000056,39.26523000000026],[28.458050000000128,39.268900000000485],[28.457260000000133,39.26907000000034],[28.45659000000012,39.26947000000007],[28.456230000000176,39.26990000000012],[28.45587000000006,39.270070000000146],[28.45507000000009,39.270690000000116],[28.45483000000013,39.27014000000008],[28.4551400000002,39.269890000000146],[28.45516000000009,39.26963000000035],[28.454940000000192,39.26940000000013],[28.454440000000034,39.26923000000011],[28.45399000000009,39.26876000000027],[28.453610000000083,39.268500000000074],[28.45340000000016,39.26817000000011],[28.453390000000184,39.26801000000006],[28.45325000000014,39.267880000000105],[28.452800000000252,39.26775000000055],[28.452300000000093,39.267380000000344],[28.451170000000218,39.26625000000007],[28.45064000000019,39.265950000000146],[28.450280000000078,39.265960000000234],[28.449820000000045,39.26582000000019],[28.44943000000012,39.2655900000002],[28.4484700000001,39.2655900000002],[28.44785000000013,39.265300000000366],[28.447260000000142,39.26529000000022],[28.446660000000065,39.26507000000049],[28.446110000000033,39.265000000000384],[28.444360000000188,39.26501000000013],[28.443810000000155,39.26485000000008],[28.442450000000065,39.26479000000006],[28.44145000000009,39.264900000000125],[28.44070000000005,39.26470000000029],[28.4399600000001,39.264990000000296],[28.439290000000085,39.2648800000004],[28.43899000000016,39.26498000000015],[28.438350000000128,39.264870000000315],[28.43760000000009,39.26494000000042],[28.43640000000005,39.2645500000001],[28.43626000000023,39.264380000000244],[28.435240000000192,39.26470000000029],[28.434060000000102,39.26467000000008],[28.43317000000019,39.26445000000035],[28.433000000000106,39.26386000000019],[28.43228000000005,39.263110000000324],[28.432230000000175,39.26285000000013],[28.431550000000072,39.26224000000013],[28.431330000000173,39.26216000000005],[28.431040000000166,39.26234000000056],[28.430710000000033,39.263260000000116],[28.429900000000146,39.26382000000012],[28.429470000000094,39.26452000000046],[28.42874000000006,39.26485000000008],[28.4286800000001,39.26513000000034],[28.4285000000001,39.26527000000016],[28.427270000000135,39.265800000000354],[28.427340000000072,39.26601000000011],[28.427800000000104,39.2663800000002],[28.42787000000004,39.26655000000005],[28.427580000000034,39.267570000000035],[28.426320000000032,39.268770000000416],[28.423950000000048,39.26669000000027],[28.42180000000019,39.26510000000013],[28.417490000000043,39.26167000000055],[28.415870000000155,39.260940000000176],[28.415530000000103,39.260250000000326],[28.41508000000016,39.259760000000256],[28.41496000000018,39.259510000000205],[28.41474000000011,39.25927000000024],[28.41455000000019,39.25923000000046],[28.41471000000007,39.25859000000008],[28.414690000000235,39.258030000000645],[28.41502000000014,39.25742000000008],[28.415000000000077,39.257090000000346],[28.415720000000192,39.256600000000276],[28.416200000000117,39.25599000000028],[28.41647000000006,39.25579000000005],[28.416810000000112,39.25475000000017],[28.416580000000067,39.25443000000013],[28.41663000000017,39.25367000000017],[28.416460000000086,39.25337000000019],[28.416520000000105,39.253040000000055],[28.416430000000105,39.252860000000624],[28.416430000000105,39.252390000000105],[28.415890000000218,39.25176000000056],[28.415810000000135,39.2514000000001],[28.415890000000218,39.25079000000005],[28.415710000000047,39.25039000000021],[28.41585000000009,39.25026000000008],[28.416220000000123,39.25018000000057],[28.41626000000008,39.24986000000041],[28.41604000000018,39.24955000000034],[28.416060000000073,39.24934000000019],[28.415900000000136,39.24899000000016],[28.416220000000123,39.248760000000345],[28.4160100000002,39.24813000000006],[28.41573000000011,39.2478900000001],[28.41564000000011,39.24747000000019],[28.415470000000084,39.247190000000444],[28.41545000000019,39.24684000000008],[28.414410000000146,39.24667000000005],[28.41381000000007,39.245790000000284],[28.413420000000087,39.24554000000035],[28.413390000000106,39.245020000000125],[28.413580000000195,39.2445400000002],[28.413460000000043,39.24423000000013],[28.41354000000007,39.24392000000006],[28.41403000000014,39.24336000000045],[28.414350000000127,39.24323000000038],[28.41428000000019,39.24294000000015],[28.415040000000033,39.24224000000015],[28.415070000000185,39.24206000000021],[28.414970000000096,39.24131000000011],[28.414750000000197,39.24107000000015],[28.414330000000064,39.240890000000036],[28.414260000000183,39.24054000000018],[28.41405000000003,39.24017000000015],[28.414260000000183,39.23987000000017],[28.4141800000001,39.23939000000024],[28.414250000000038,39.238970000000336],[28.414210000000082,39.2384600000002],[28.41446000000019,39.23809000000017],[28.41437000000019,39.237890000000334],[28.414420000000064,39.23732000000024],[28.414530000000127,39.23706000000004],[28.41446000000019,39.23689000000019],[28.414200000000164,39.23668000000055],[28.414290000000165,39.23642000000035],[28.414220000000057,39.236190000000136],[28.414630000000045,39.23564000000033],[28.414410000000146,39.23537000000016],[28.413650000000132,39.23521000000028],[28.412930000000074,39.23518000000007],[28.41236000000015,39.23542000000003],[28.41213000000016,39.23530000000005],[28.412210000000186,39.23524000000009],[28.41223000000008,39.23502000000036],[28.41213000000016,39.234880000000146],[28.411930000000098,39.234760000000165],[28.411800000000028,39.23484000000036],[28.41096000000016,39.23404000000028],[28.410200000000145,39.23360000000008],[28.40969000000024,39.23355000000021],[28.40950000000015,39.233310000000245],[28.408960000000036,39.23338000000035],[28.408620000000155,39.233090000000516],[28.407890000000123,39.23298000000011],[28.407730000000072,39.233060000000194],[28.407330000000172,39.232970000000535],[28.406860000000165,39.23271000000034],[28.406240000000253,39.23262000000017],[28.40595000000019,39.23271000000034],[28.405770000000075,39.23267000000004],[28.40563000000003,39.232380000000035],[28.406000000000063,39.23215000000022],[28.4060300000001,39.23180000000036],[28.405740000000094,39.231410000000096],[28.405610000000138,39.231380000000286],[28.405440000000112,39.2310300000006],[28.40541000000013,39.23075000000017],[28.405550000000176,39.23034000000035],[28.405490000000157,39.23019000000005],[28.40470000000016,39.229710000000125],[28.40480000000008,39.22939000000008],[28.404740000000118,39.22907000000043],[28.404910000000143,39.22890000000007],[28.405040000000042,39.228110000000584],[28.404830000000118,39.22778000000028],[28.404600000000073,39.22762000000017],[28.404560000000117,39.22728000000012],[28.40480000000008,39.22689000000054],[28.404678590000174,39.22614949000001],[28.40418000000011,39.22592000000003],[28.404040000000123,39.225440000000106],[28.403790000000186,39.22520000000014],[28.403470000000027,39.22524000000044],[28.403170000000046,39.225160000000244],[28.402900000000102,39.22487000000041],[28.402900000000102,39.22438000000034],[28.40263000000016,39.22404000000063],[28.402590000000032,39.22357000000011],[28.402270266000016,39.22317115600015],[28.402520000000095,39.22301000000016],[28.402510000000177,39.222780000000114],[28.402710000000184,39.22254000000015],[28.402670000000057,39.221820000000264],[28.40248000000014,39.22142000000042],[28.402680000000032,39.22127000000023],[28.40318000000019,39.22115000000025],[28.403250000000128,39.2210500000005],[28.403290000000027,39.220230000000186],[28.40269000000012,39.22006000000033],[28.402590000000032,39.21975000000026],[28.402730000000076,39.21973000000071],[28.40322000000009,39.219800000000134],[28.403580000000034,39.219590000000494],[28.40445000000011,39.2201900000004],[28.405050000000188,39.22048000000024],[28.405960000000164,39.22069000000056],[28.406200000000126,39.22083000000009],[28.406170000000145,39.22088000000065],[28.40669000000014,39.2209400000001],[28.40866000000011,39.22071000000011],[28.40962000000013,39.22075000000041],[28.410790000000134,39.22044000000011],[28.411880000000053,39.22034000000019],[28.412680000000194,39.22079000000031],[28.413030000000163,39.22083000000009],[28.41332000000017,39.220760000000155],[28.414510000000064,39.21981000000022],[28.415250000000185,39.21901000000014],[28.417120000000182,39.21765000000005],[28.4173100000001,39.217570000000364],[28.418070000000114,39.21753000000058],[28.418790000000172,39.21758000000045],[28.41932000000014,39.21740000000034],[28.41991000000013,39.216730000000325],[28.42013000000003,39.216270000000065],[28.421410000000037,39.214660000000436],[28.42162000000019,39.21478000000042],[28.422310000000095,39.2142900000004],[28.42279000000019,39.214230000000384],[28.424530000000118,39.21468000000016],[28.425900000000127,39.21471000000031],[28.42614000000009,39.21448000000032],[28.42676000000006,39.214350000000366],[28.426940000000172,39.21417000000042],[28.427460000000053,39.21398000000033],[28.42787000000004,39.213520000000074],[28.42787000000004,39.212680000000034],[28.428038440493935,39.21187743058857],[28.428870000000188,39.21116000000006],[28.429340000000195,39.21117000000015],[28.429490000000158,39.21127000000007],[28.42964000000012,39.21146000000016],[28.429690000000164,39.21175000000039],[28.429800000000057,39.2118200000001],[28.430330000000197,39.211630000000184],[28.43091000000004,39.21105000000017],[28.430990000000065,39.210730000000694],[28.43091000000004,39.21065000000033],[28.43152000000009,39.208930000000294],[28.431980000000124,39.20869000000033],[28.432340000000067,39.208370000000116],[28.432740000000138,39.20850000000024],[28.433040000000062,39.20795000000021],[28.433490000000177,39.207510000000184],[28.43475000000018,39.20692000000025],[28.43555000000009,39.2069000000007],[28.43583000000018,39.20702000000017],[28.43617000000006,39.207040000000234],[28.436210000000187,39.20719000000054],[28.436440000000175,39.20723000000032],[28.437800000000095,39.207100000000196],[28.43887000000018,39.206660000000056],[28.439470000000085,39.20629000000014],[28.439360000000192,39.20621000000045],[28.440240000000188,39.2057800000004],[28.440940000000182,39.20559000000031],[28.44193000000024,39.20613000000026],[28.442610000000172,39.20575000000008],[28.44281000000018,39.205520000000206],[28.4440400000002,39.205700000000206],[28.4442600000001,39.20564000000019],[28.4452500000001,39.20519000000007],[28.446030000000178,39.2046500000007],[28.446650442711757,39.20433977864457],[28.447380000000123,39.20408000000043],[28.44797000000011,39.203660000000355],[28.44832000000008,39.20358000000027],[28.448560000000043,39.20364000000029],[28.448960000000113,39.20407000000034],[28.449260000000095,39.2042400000002],[28.450340000000097,39.2042800000001],[28.45092000000011,39.204160000000115],[28.451710000000105,39.20377000000036],[28.452390000000037,39.203660000000355],[28.453190000000177,39.20365000000038],[28.453880000000083,39.203510000000165],[28.454550000000097,39.2032700000002],[28.45544000000018,39.202740000000404],[28.455800000000124,39.20270000000011],[28.45705000000015,39.20228000000003],[28.457390000000032,39.20207000000039],[28.459550000000092,39.2013500000005],[28.460030000000188,39.20139000000029],[28.46269000000018,39.20086000000009],[28.463600000000156,39.200880000000154],[28.465840173650122,39.200491249244294],[28.465930000000185,39.200470000000166],[28.46619000000004,39.201280000000395],[28.466540000000236,39.201890000000276],[28.467760000000112,39.20229000000012],[28.468590000000177,39.202770000000044],[28.469710000000134,39.20270000000011],[28.470460000000173,39.20209000000011],[28.47115000000008,39.20112000000012],[28.47158823025785,39.201528350922445]]],"type":"Polygon"}},{"type":"Feature","properties":{"area_id":"TR-10-019-148587","name_tr":"Düğüncüler","area_level":"neighbourhood","parent_id":"TR-10-019","endeksa_id":148587},"geometry":{"coordinates":[[[28.55979109976346,39.290427715876376],[28.55957679300019,39.290449666000086],[28.553916031000085,39.28528057700055],[28.543317483000124,39.29072547100003],[28.534647361000054,39.28918095800009],[28.528726343000073,39.28464277699999],[28.528834534000055,39.28004821200011],[28.52470565300007,39.27419497800037],[28.51641779200014,39.26318025400013],[28.515864907000093,39.25931437300005],[28.512725551000074,39.25781272700016],[28.5093938550001,39.25287957500001],[28.50903947100005,39.25273541700017],[28.50917137600004,39.252722269000174],[28.509217129000035,39.25262781000009],[28.50885244500006,39.25207621000061],[28.50888332200003,39.25196921100019],[28.51324150000005,39.250256450000165],[28.51297174100017,39.24903808300013],[28.51619215000011,39.24722130000055],[28.51600877200019,39.244881533000125],[28.51924774000014,39.245208560000094],[28.518830484999967,39.24412213400012],[28.518865434000134,39.24402498600023],[28.521595970000078,39.243385180000075],[28.519036938000113,39.23880503200019],[28.51897084500007,39.23884195900064],[28.51899226300003,39.23872507300001],[28.518663620000154,39.23813687100005],[28.5185644820001,39.23819226200044],[28.518628002000185,39.23807312200017],[28.51829030300007,39.23746871000026],[28.518158119000134,39.23754256400014],[28.51824524700004,39.23738806900025],[28.51791698600016,39.23680054900012],[28.517751756000166,39.236892867000165],[28.517860666000104,39.23669974700067],[28.517543669000077,39.23613238700011],[28.517345393000028,39.236243169000375],[28.51728422500014,39.235735005000606],[28.517530101000034,39.235655953000105],[28.519365020000066,39.23669075800001],[28.524959493000154,39.234479055000065],[28.52742862500014,39.23501275100017],[28.528301664000026,39.23501028100014],[28.54276113200018,39.227209332000314],[28.54295921000005,39.22727353100021],[28.54362167400018,39.231196555999986],[28.54117014999997,39.23337342999997],[28.551680304000058,39.23779628900013],[28.55159958000013,39.240074350000555],[28.554309140000157,39.24288530000007],[28.557016836000003,39.240690479000136],[28.557184417000144,39.24077349900023],[28.557076920000043,39.24162264000023],[28.55944274000018,39.24148391000011],[28.56042598600004,39.23958611300003],[28.56057175300009,39.2395317000001],[28.57857807500011,39.24589362100005],[28.578626070000098,39.24601181800011],[28.57775047900003,39.24748484500009],[28.57748308800018,39.247915480000074],[28.5716456830001,39.251847567000254],[28.570320957000092,39.255197202000204],[28.56782106100019,39.256256040000096],[28.566182044000016,39.254372614000545],[28.56325874700019,39.256154116000175],[28.56321434400013,39.25624774500017],[28.564285163000193,39.257612013000255],[28.567449172000067,39.25684321300059],[28.56750582800015,39.25692575000005],[28.567503702000124,39.25975728300011],[28.577486583000052,39.26333689300003],[28.57722357300014,39.26560163100015],[28.588872432000187,39.27910858400031],[28.586499824000157,39.283217906000175],[28.58652309829148,39.28332305606142],[28.58182000000022,39.28400000000005],[28.57511000000011,39.28459000000015],[28.574530000000095,39.284570000000315],[28.57278000000008,39.285190000000284],[28.572230000000047,39.28527000000065],[28.571120000000235,39.285190000000284],[28.568830000000105,39.28563000000008],[28.56720000000007,39.28634000000039],[28.566300000000183,39.28695000000039],[28.56330000000014,39.28865000000036],[28.561640000000125,39.28905000000009],[28.560180000000116,39.28989000000013],[28.55979109976346,39.290427715876376]]],"type":"Polygon"}},{"type":"Feature","properties":{"area_id":"TR-10-019-197233","name_tr":"Karakaya","area_level":"neighbourhood","parent_id":"TR-10-019","endeksa_id":197233},"geometry":{"coordinates":[[[28.04316957400033,39.28135316800075],[28.04311277000022,39.281427280000344],[28.042463335000264,39.28148097800084],[28.0410360420002,39.283115413000814],[28.039810740000235,39.281432746000405],[28.03484026800021,39.280808164000234],[28.03178356400025,39.283586609000224],[28.03092703200025,39.28616106900057],[28.031089494000355,39.28629654000031],[28.031594442000255,39.28645398400073],[28.031633590000297,39.286819790000266],[28.033996571000273,39.287202974000536],[28.03643814800023,39.28796426300073],[28.036408680000307,39.28812147900027],[28.03317431000022,39.29048651000028],[28.035239760000195,39.29581681000025],[28.0352289020002,39.29591669400048],[28.03398360982095,39.29573125854881],[28.033850502875396,39.295841719706516],[28.03395420030455,39.29597334013471],[28.030320901000437,39.29490180000039],[28.02564258000052,39.29115981000058],[28.027287089000424,39.28977712400035],[28.02634749700053,39.28855854500051],[28.0264014330005,39.28842746900068],[28.02621955700039,39.288400205000414],[28.023858720000533,39.285461520000865],[28.019197030000498,39.282656400000576],[28.016600102000382,39.28328502200054],[28.016746987000374,39.28332823100084],[28.01673008900059,39.2834481200004],[28.008619314000498,39.286078441000825],[28.0045382560005,39.28278574400048],[28.00435934774646,39.28280879751935],[28.005310000000406,39.27446000000043],[27.999510000000498,39.2629600000007],[27.99814000000032,39.260720000000276],[27.997580000000312,39.25420000000065],[27.999550000000454,39.25417000000101],[27.999870000000442,39.254030000000796],[27.999740000000315,39.25395000000043],[27.9995600000002,39.25334000000055],[27.99926000000022,39.252850000000365],[27.99914000000024,39.25202000000024],[27.998720000000333,39.25082000000043],[27.998880000000213,39.249820000000625],[27.99876000000023,39.249420000000384],[27.998970000000213,39.2487000000005],[27.998770000000206,39.2484400000003],[27.998620000000415,39.24800000000067],[27.99845000000039,39.24650000000037],[27.99861000000027,39.24627000000055],[27.99879000000027,39.246230000000594],[27.99876000000023,39.246010000000865],[27.999160000000302,39.24553000000094],[27.99900000000042,39.24525000000068],[27.998770000000206,39.2442700000006],[27.999050000000466,39.24339000000043],[27.999030000000573,39.24324000000081],[27.99873000000042,39.24296000000061],[27.99804000000057,39.242940000000544],[27.997840000000508,39.242790000000525],[27.997320000000457,39.24193000000042],[27.996820000000525,39.241580000000965],[27.9966900000004,39.24138000000039],[27.996700000000544,39.24045000000058],[27.996820000000525,39.23993000000087],[27.99724000000043,39.23914000000087],[27.997350000000495,39.23847000000086],[27.997250000000577,39.23821000000066],[27.9974600000005,39.23778000000061],[27.99749000000054,39.23748000000052],[27.9978600000004,39.23707000000047],[27.9976400000005,39.236310000000685],[27.997690000000546,39.23596000000066],[27.997450000000583,39.23556000000059],[27.997530000000438,39.2351900000009],[27.997720000000527,39.23490000000106],[27.997790000000464,39.23423000000105],[27.998470000000395,39.233150000000705],[27.99953000000056,39.232440000000736],[28.002370000000496,39.230730000000506],[28.005040000000463,39.231450000000564],[28.00703000000044,39.23146000000065],[28.010054811955285,39.231636774725644],[28.010125654183412,39.242180278680166],[28.010208186950138,39.24295942577368],[28.012284050000517,39.245298150000394],[28.01121437000046,39.24759111000077],[28.0198570000004,39.24962402000074],[28.02249065000052,39.25224350000076],[28.02254220551913,39.252379822915145],[28.022360000000333,39.25248000000062],[28.024350000000368,39.25687000000022],[28.024460000000204,39.2569500000003],[28.02441000000033,39.25743000000023],[28.024610000000337,39.2578500000003],[28.024610000000337,39.25796000000071],[28.02432000000033,39.25836000000095],[28.02450000000033,39.25861000000049],[28.024060000000304,39.25885000000045],[28.023930000000234,39.25904000000054],[28.023400000000265,39.26337000000069],[28.02388000000036,39.26362000000023],[28.02407000000028,39.26366000000053],[28.024240000000304,39.26359000000042],[28.02524000000028,39.26390000000049],[28.025410000000306,39.26449000000082],[28.024860000000274,39.26564000000076],[28.024890000000255,39.26686000000029],[28.025210000000243,39.26693000000091],[28.025830000000212,39.266640000001075],[28.026680000000226,39.267190000000596],[28.026090000000238,39.26747000000029],[28.02547000000027,39.267940000000635],[28.025970000000257,39.268500000000245],[28.026850000000252,39.268150000000446],[28.026960000000315,39.269520000000625],[28.026890000000378,39.269710000000714],[28.029220000000237,39.269920000000525],[28.029840000000206,39.26978000000031],[28.03039000000024,39.27000000000055],[28.0301400000003,39.27052000000094],[28.0320600000004,39.27125000000041],[28.031140000000278,39.27188000000052],[28.03117000000026,39.27200000000033],[28.03197000000023,39.27254000000056],[28.03243000000026,39.27264000000031],[28.033220000000256,39.27233000000024],[28.03358000000037,39.27285000000063],[28.03355000000022,39.27297000000061],[28.03395000000029,39.27325000000087],[28.03513000000021,39.27363000000105],[28.035360000000423,39.273850000000266],[28.03727000000032,39.27483000000086],[28.037251147014672,39.274905411942655],[28.037193050000212,39.27498097000023],[28.039474883000253,39.276867018000644],[28.03891176400026,39.27938237700067],[28.038962357000287,39.27947739900054],[28.0391188290003,39.27946866100052],[28.03909005000031,39.27966045000068],[28.04437798000032,39.27935791100077],[28.04304718400033,39.2812056820008],[28.043083064000257,39.28133396000027],[28.04316957400033,39.28135316800075]]],"type":"Polygon"}},{"type":"Feature","properties":{"area_id":"TR-10-019-148507","name_tr":"Çoturtepe","area_level":"neighbourhood","parent_id":"TR-10-019","endeksa_id":148507},"geometry":{"coordinates":[[[[28.31334477660693,39.26286220038849],[28.31343747899997,39.26288541700015],[28.313522953000184,39.26268990000013],[28.313577191000057,39.26280273600055],[28.313437483000044,39.262885475000104],[28.31334477660693,39.26286220038849]]],[[[28.312934712999954,39.262759502000286],[28.3129347724135,39.26275926479867],[28.31334477660693,39.26286220038849],[28.312934712999954,39.262759502000286]]],[[[28.260803662000246,39.28567986700004],[28.2608013420001,39.28555294800016],[28.260930691000038,39.28379146200026],[28.266107855000065,39.28329899200008],[28.274050740000042,39.2797029910003],[28.278221900000037,39.269582227000285],[28.27794462000002,39.26098383999996],[28.27512450400023,39.25571028300019],[28.26964602300005,39.25880883100084],[28.269331505000242,39.25999037900004],[28.268859816000205,39.26034017400037],[28.261774320000026,39.25727235000006],[28.2591690667538,39.25773452314626],[28.258317329429335,39.25786567445914],[28.25820150675327,39.25775836322085],[28.25827874448993,39.257539681316665],[28.25871602200019,39.25650743500033],[28.258999218000195,39.25634119799992],[28.268536510000153,39.25835604000002],[28.27060639000008,39.2574327400001],[28.271524520000217,39.255026880000216],[28.27542833000017,39.25474549000011],[28.27617443700034,39.25524173500033],[28.27940002000029,39.25375978400045],[28.279836000999943,39.25258586600022],[28.278207999000315,39.25183687500055],[28.279070567999984,39.25132150100003],[28.290065923000146,39.24824041300017],[28.290266038000023,39.24826899700015],[28.298881252999987,39.25934326000004],[28.304536323999876,39.26175761000015],[28.311196313999982,39.26158389000014],[28.31301288000025,39.262447428000094],[28.3129347724135,39.26275926479867],[28.31228853500024,39.262597017000346],[28.310588215000205,39.26521070600027],[28.310986045000096,39.266458486000126],[28.31084845499996,39.26658079100014],[28.3104533200003,39.26631661000007],[28.310279977000157,39.26640244900046],[28.312276740000204,39.27043282000012],[28.31017329000008,39.27758594999998],[28.307993207000212,39.27899631000019],[28.306826969999953,39.28252688999985],[28.302462977000012,39.28430173800034],[28.30399930500004,39.29248711700031],[28.304430645999958,39.29278231100006],[28.30422259500017,39.29305167300049],[28.301365464000288,39.29600675299991],[28.295777320000052,39.295090470000055],[28.287379170000065,39.297421560000515],[28.267552642999974,39.292307782000165],[28.262595049000055,39.28661400300019],[28.260803662000246,39.28567986700004]]]],"type":"MultiPolygon"}},{"type":"Feature","properties":{"area_id":"TR-10-019-148539","name_tr":"Küçükbükü","area_level":"neighbourhood","parent_id":"TR-10-019","endeksa_id":148539},"geometry":{"coordinates":[[[28.093326053999988,39.29901806900068],[28.092174503000024,39.301105788000314],[28.08473193399999,39.303819286000476],[28.08363772500013,39.30380565200005],[28.083515717000182,39.30373596800018],[28.08357882100006,39.303804917000264],[28.083518295000033,39.303804161000016],[28.083589509999968,39.30483764900009],[28.08345395000015,39.304930012],[28.08083299599997,39.30377064300012],[28.08041311700015,39.303723839000156],[28.080414883000117,39.30365643200014],[28.080127223000147,39.30357465900022],[28.08016114999998,39.30347044800021],[28.079874235000148,39.30333235650005],[28.072677129999988,39.30303437900028],[28.072625543000072,39.30030463000014],[28.071040498000116,39.2995307340002],[28.07340393100003,39.29630092700006],[28.072957309000174,39.29429034800057],[28.069734910000136,39.29220320100012],[28.07006488700017,39.29018332000004],[28.0700203560001,39.290094941999996],[28.066949146000184,39.29024573800041],[28.066293510000094,39.28755778000004],[28.068952574000036,39.28602739200011],[28.0760465300001,39.2862147000003],[28.078018646000032,39.28450743100035],[28.071804750000126,39.28519566599999],[28.06595133100012,39.2815860970004],[28.073392470000044,39.28040789000016],[28.075116380000054,39.276560230000314],[28.073697581000147,39.27424010100009],[28.073498788000165,39.270788275000314],[28.076069468000014,39.26938951100004],[28.077398925000182,39.268586251000045],[28.077362839000045,39.26851882700015],[28.077978980000125,39.268167316000074],[28.07803053700019,39.26823319100015],[28.07804158700003,39.26813159800014],[28.078986935000103,39.26759227300005],[28.080177415000037,39.26717974100035],[28.08876290500018,39.26442957900019],[28.088890272000185,39.26447125300007],[28.091221444000155,39.267122874000165],[28.091388574999996,39.26715079300044],[28.09280275500015,39.265611503000116],[28.090993208999976,39.26323366499997],[28.09307349000005,39.26196983900007],[28.098701578000146,39.27006056000005],[28.107316410000124,39.2711737300005],[28.10530160100012,39.27594307000004],[28.105330652000134,39.276042478000136],[28.10546631800014,39.27606708600018],[28.107895045000134,39.275293654000166],[28.108325266000065,39.27563738900011],[28.109318061000067,39.27546760700005],[28.109409464000066,39.275348286000224],[28.10925687499997,39.27527306800022],[28.110484410000026,39.27525888100001],[28.111088839000047,39.27515067400003],[28.111437088000173,39.2791958840001],[28.11224700600002,39.28007299600017],[28.113028280000037,39.28187341300037],[28.112989415000072,39.28198095500056],[28.112700200000063,39.282031354000026],[28.108176825000157,39.28513803700048],[28.10694334400017,39.284991883000146],[28.10544941900008,39.28555533500037],[28.100963456999978,39.28449551799997],[28.099992869000175,39.28896388700031],[28.097010205999993,39.289663082000516],[28.09229329300007,39.29435779800065],[28.09338330200012,39.298856786000215],[28.093326053999988,39.29901806900068]]],"type":"Polygon"}},{"type":"Feature","properties":{"area_id":"TR-10-019-148581","name_tr":"Dedeler","area_level":"neighbourhood","parent_id":"TR-10-019","endeksa_id":148581},"geometry":{"coordinates":[[[28.532582213504725,39.30234602746117],[28.532514343000116,39.30227083200043],[28.528379374000053,39.30147573000005],[28.526449027000126,39.30316866400011],[28.519649711000113,39.30386049800018],[28.517878609000093,39.302064163000296],[28.517381433000025,39.30199898900008],[28.51728987300004,39.30206604100027],[28.517174762000025,39.302512434000164],[28.517648205000057,39.303001432000485],[28.51638769800013,39.30525908600009],[28.51625400000006,39.30526730600002],[28.513302192000083,39.30406833000012],[28.507770224000126,39.307296668000106],[28.501628251000056,39.30578686400003],[28.50150722375247,39.3060621060514],[28.501580000000047,39.305760000000646],[28.50030000000004,39.305350000000146],[28.499880000000076,39.30479000000014],[28.499290000000144,39.30463000000026],[28.49912000000012,39.304650000000095],[28.498920000000055,39.30482000000035],[28.49866000000003,39.304740000000095],[28.49735000000004,39.30391000000037],[28.49717000000004,39.30361000000039],[28.49673000000007,39.303590000000156],[28.496530000000234,39.303770000000156],[28.495850000000075,39.303620000000365],[28.495360000000233,39.30318000000034],[28.495110000000125,39.30311000000023],[28.49462000000011,39.303350000000194],[28.49376000000018,39.303250000000446],[28.490210000000047,39.30324000000036],[28.489770000000078,39.30348000000032],[28.489500000000135,39.30444000000017],[28.48893000000004,39.30463000000026],[28.488440000000196,39.30457000000024],[28.4877800000001,39.304930000000184],[28.487000000000194,39.305010000000266],[28.485730000000103,39.30473000000018],[28.484270000000095,39.304210000000296],[28.48239000000018,39.30308000000059],[28.481440000000077,39.302720000000136],[28.4806200000001,39.30277000000052],[28.47926000000018,39.302630000000306],[28.478850000000193,39.30173000000008],[28.478990000000067,39.30090000000018],[28.47874000000013,39.30017000000015],[28.478770000000168,39.30002000000036],[28.478840000000048,39.299880000000144],[28.47926000000018,39.299570000000074],[28.47960000000006,39.299480000000074],[28.48010000000005,39.29894000000053],[28.4802200000002,39.2986600000001],[28.48028000000022,39.29778000000033],[28.48155000000014,39.2964400000003],[28.48171000000019,39.29617000000013],[28.48171000000019,39.2958000000001],[28.481570000000204,39.295450000000244],[28.481420000000185,39.29536000000007],[28.47913000000011,39.29470000000072],[28.477920000000154,39.29426000000018],[28.476990000000114,39.29346000000044],[28.47589000000005,39.2923100000005],[28.475780000000213,39.29202000000066],[28.475930000000176,39.291510000000414],[28.476430000000164,39.290890000000275],[28.47642000000019,39.29075000000006],[28.476120000000094,39.29047000000031],[28.47604000000024,39.29020000000071],[28.47629000000012,39.28964000000042],[28.476360000000057,39.288850000000195],[28.47663000000017,39.2883700000001],[28.477140000000077,39.28790000000015],[28.47691000000009,39.28725000000037],[28.47628022996554,39.286435215592746],[28.47625817100004,39.286223810000024],[28.47658829100004,39.286086389000104],[28.476553642000056,39.28603504400036],[28.476687678000133,39.28591433300005],[28.477219332000118,39.28560975800019],[28.477188731000126,39.2855533030002],[28.47771884500014,39.28517133500003],[28.477976682000076,39.28519505700058],[28.481559039000047,39.28284627400012],[28.485235702000068,39.277540668000256],[28.485188957000048,39.27743320900015],[28.480920344000083,39.27506376600013],[28.482721480000066,39.27329651000014],[28.482870160000118,39.270558608000044],[28.48652312400003,39.268672013000185],[28.48957742700003,39.267745118000676],[28.502923215000123,39.26710665500019],[28.50390126900004,39.26689207000044],[28.50701387700019,39.26320191100001],[28.506814915000064,39.26131149700046],[28.508642531000078,39.252729828000156],[28.50876748900015,39.25265007300004],[28.50903947100005,39.25273541700017],[28.5093938550001,39.25287957500001],[28.512725551000074,39.25781272700016],[28.515864907000093,39.25931437300005],[28.51641779200014,39.26318025400013],[28.52470565300007,39.27419497800037],[28.528834534000055,39.28004821200011],[28.528726343000073,39.28464277699999],[28.534647361000054,39.28918095800009],[28.543317483000124,39.29072547100003],[28.553916031000085,39.28528057700055],[28.55957679300019,39.290449666000086],[28.55979109976346,39.290427715876376],[28.559660000000065,39.290700000000186],[28.557750000000112,39.293060000000025],[28.556190000000186,39.29401000000047],[28.555290000000127,39.295450000000244],[28.554170000000227,39.2959500000004],[28.55311000000006,39.29600000000028],[28.55249000000009,39.29582000000033],[28.552160000000185,39.29583000000042],[28.549940000000163,39.296560000000056],[28.549430000000257,39.29665000000006],[28.548950000000104,39.297640000000285],[28.54896000000008,39.29792000000015],[28.54886000000016,39.29818000000017],[28.548690000000136,39.2983500000002],[28.548510000000135,39.299720000000036],[28.548320000000047,39.29995000000025],[28.54847000000018,39.30041000000011],[28.544600000000116,39.30017000000015],[28.54391000000004,39.300460000000385],[28.532582213504725,39.30234602746117]]],"type":"Polygon"}},{"type":"Feature","properties":{"area_id":"TR-10-019-148519","name_tr":"Karaağaç","area_level":"neighbourhood","parent_id":"TR-10-019","endeksa_id":148519},"geometry":{"coordinates":[[[28.16569787500009,39.309757156000614],[28.165572974000156,39.31000846000012],[28.16292516699997,39.31116616300022],[28.159026772999994,39.309308947000034],[28.157265292000034,39.311336214000164],[28.157125821000136,39.31137378000011],[28.155883869000036,39.30905994700004],[28.153532342000062,39.30870129800047],[28.15409555600013,39.30729306000012],[28.151034462000155,39.309217400000364],[28.14214772500003,39.309454347000155],[28.133412433000046,39.313106113000686],[28.133225576000143,39.313031993000095],[28.132510542000148,39.308877304000134],[28.11854416400007,39.30414354600066],[28.118498283000065,39.304021307000085],[28.119240255000193,39.30301987000041],[28.119215784000005,39.30290583900012],[28.116707845000064,39.30117784400005],[28.113521890000186,39.30141154500012],[28.113470099000097,39.30132476300008],[28.113724959000024,39.29920146500058],[28.11172684600018,39.29965770500013],[28.109973425000135,39.29758002200009],[28.103916230000152,39.297797130000106],[28.102966149000167,39.29943084700005],[28.093522772000142,39.29943197900013],[28.093423435000147,39.29902242800006],[28.093326053999988,39.29901806900068],[28.09338330200012,39.298856786000215],[28.09229329300007,39.29435779800065],[28.097010205999993,39.289663082000516],[28.099992869000175,39.28896388700031],[28.100963456999978,39.28449551799997],[28.10544941900008,39.28555533500037],[28.10694334400017,39.284991883000146],[28.108176825000157,39.28513803700048],[28.112700200000063,39.282031354000026],[28.112989415000072,39.28198095500056],[28.113028280000037,39.28187341300037],[28.113172970999983,39.28199591500038],[28.115908768000168,39.281913559000316],[28.124925915000063,39.283666699000094],[28.159625146000053,39.262242902000025],[28.15966346800019,39.26211915300013],[28.159796381000092,39.26219718800047],[28.16377876900009,39.261927089000096],[28.163917001000186,39.262032278000504],[28.16375927100006,39.262523212000076],[28.162602993000178,39.274823413000036],[28.168997707000074,39.27751724200027],[28.17520254900012,39.27791255500006],[28.17531963900018,39.27800915400047],[28.168704630000093,39.28536675700008],[28.1688103300001,39.28949399300029],[28.16533825100015,39.29834510000069],[28.166520518000027,39.299720673000195],[28.164667286000167,39.30530724100004],[28.166055464000067,39.308760616000086],[28.16569787500009,39.309757156000614]]],"type":"Polygon"}},{"type":"Feature","properties":{"area_id":"TR-10-019-148529","name_tr":"Kıranköy","area_level":"neighbourhood","parent_id":"TR-10-019","endeksa_id":148529},"geometry":{"coordinates":[[[28.407047830366196,39.31393004607679],[28.406886080111747,39.31404039650903],[28.39387304600018,39.313868165000144],[28.371114940000098,39.31915876000011],[28.36886343800012,39.31712994200046],[28.36844028300004,39.31726816600053],[28.368260965000104,39.31714145600017],[28.368500378000135,39.316802709000115],[28.368214001000126,39.316617922000376],[28.368250896000063,39.31657784499998],[28.367149617000166,39.31558523500064],[28.37394814000004,39.30944321000004],[28.3737409900001,39.304256020000196],[28.37892141000009,39.30279810000036],[28.375980650000145,39.2912189000001],[28.379349642000193,39.28805466400013],[28.37550088000006,39.283442010000215],[28.36521797300003,39.28021150100017],[28.358652645000063,39.281141877000096],[28.35520081400017,39.28199021600017],[28.348166510000055,39.27975397000006],[28.343059860000153,39.28053513000003],[28.338574920000156,39.278130190000184],[28.333720297000184,39.276625007000064],[28.333344320000094,39.27353165000005],[28.327407310000183,39.26721688000049],[28.32813591000007,39.26323423000048],[28.32529785700018,39.25898450600022],[28.32539595000003,39.25869785000066],[28.325183126000184,39.25871300100005],[28.325485291000064,39.25855876300011],[28.328217180000024,39.252405780000345],[28.334570906000124,39.25388862300019],[28.334705162000034,39.253857413000105],[28.33398615500016,39.25007493800058],[28.336668960000168,39.24716371000022],[28.338179018000062,39.246788970000125],[28.34701290999999,39.25043890000018],[28.35423660500004,39.249001841000165],[28.362252364000085,39.25212873400034],[28.365249108000057,39.25426979600002],[28.369918110000185,39.25993865000015],[28.37884706000017,39.26549222000011],[28.385944010000117,39.26676902000003],[28.39287281999998,39.27207367000017],[28.39516873000008,39.27571415000011],[28.398936320000075,39.27740513000009],[28.405681120000168,39.27740086000006],[28.413437100000124,39.28050401000013],[28.421494280000104,39.27897767000013],[28.425670662109383,39.281373183792255],[28.42592033909517,39.28153718071036],[28.426171379838877,39.282274872029234],[28.42619581357235,39.283116523628166],[28.426382407505685,39.2830879484635],[28.42648949631888,39.28321718778],[28.426370000000077,39.2837200000003],[28.426750000000084,39.28433000000035],[28.426800000000128,39.28481000000028],[28.42645000000016,39.28515000000016],[28.426220000000114,39.285260000000164],[28.425630000000183,39.28591000000034],[28.425780000000145,39.28633000000025],[28.4256400000001,39.28669000000019],[28.425690000000145,39.28691000000009],[28.42561000000012,39.28775000000013],[28.42539000000022,39.28809000000024],[28.42539000000022,39.28825000000012],[28.425900000000127,39.28852000000029],[28.426470000000222,39.2891900000003],[28.427060000000154,39.28958000000057],[28.42709000000019,39.28970000000004],[28.426620000000185,39.290490000000545],[28.426810000000103,39.2909200000006],[28.42700000000019,39.29175000000038],[28.42678000000012,39.292600000000334],[28.426890000000128,39.29279000000042],[28.42639000000014,39.293590000000165],[28.426460000000077,39.29394000000036],[28.425710000000038,39.294300000000305],[28.425310000000138,39.29435000000018],[28.424600000000225,39.294210000000135],[28.423270000000116,39.29361000000006],[28.422770000000128,39.293560000000184],[28.42202000000009,39.29373000000004],[28.420270000000244,39.29375000000027],[28.41948000000025,39.29410000000013],[28.4183000000001,39.29432000000054],[28.41784000000007,39.294330000000116],[28.41688000000005,39.29413000000045],[28.415620000000047,39.29440000000005],[28.414660000000197,39.29478000000023],[28.41397000000012,39.29525000000007],[28.413200000000188,39.29552000000035],[28.412300000000187,39.29614000000049],[28.410970000000077,39.29627000000005],[28.410390000000064,39.296500000000435],[28.410050000000183,39.297000000000594],[28.40954000000005,39.29741000000041],[28.409020000000226,39.29863000000046],[28.407130000000166,39.29979000000037],[28.405670000000157,39.30036000000007],[28.405270000000087,39.30079000000012],[28.40510000000006,39.30153000000024],[28.404790000000162,39.30193000000065],[28.404630000000054,39.30230000000017],[28.404810000000055,39.30305000000027],[28.404290000000174,39.30355000000003],[28.403980000000104,39.30373000000037],[28.403420000000153,39.30510000000021],[28.40318000000019,39.30605000000048],[28.40322000000009,39.30639000000019],[28.403720000000078,39.30682000000024],[28.40449000000018,39.30718000000019],[28.404070000000104,39.30771000000016],[28.40384000000006,39.30816000000027],[28.40362000000016,39.30896000000041],[28.403730000000223,39.30933000000044],[28.40390000000008,39.30952000000053],[28.4049500000001,39.310090000000116],[28.40520000000015,39.310320000000104],[28.40542000000005,39.310840000000326],[28.406740000000184,39.31194000000039],[28.40709000000004,39.31367000000017],[28.407047830366196,39.31393004607679]]],"type":"Polygon"}},{"type":"Feature","properties":{"area_id":"TR-10-019-148511","name_tr":"Hisaralan","area_level":"neighbourhood","parent_id":"TR-10-019","endeksa_id":148511},"geometry":{"coordinates":[[[28.358649010000192,39.31648993400012],[28.35597730000012,39.31786285999999],[28.349047660000167,39.31656393000003],[28.338647830000127,39.319312866000246],[28.341718860000015,39.312975460000075],[28.349433543745022,39.3111860758176],[28.349096538199035,39.31107859018334],[28.349065440442132,39.31092999661939],[28.349165991303153,39.3107966631718],[28.34663004000015,39.311413220000134],[28.341723400000035,39.31125379000014],[28.339983562000157,39.308523935000096],[28.33711940000012,39.309598810000125],[28.336416220000046,39.304760199999976],[28.33770718100004,39.30220480500003],[28.336190915000145,39.29785447300014],[28.33185477000012,39.295698000000186],[28.330887469999993,39.29280260000007],[28.331965472000036,39.291830116000085],[28.328178752000042,39.28241174000004],[28.321881450000035,39.27583500000003],[28.323406100000057,39.27513883600011],[28.323432204000085,39.275006611000094],[28.32077357000003,39.27346047999998],[28.321770300000082,39.27116465000046],[28.32325845700018,39.27095633700003],[28.323336952000034,39.270817456000145],[28.319319097000005,39.27006677300011],[28.316928550000057,39.27060505200052],[28.31680512000014,39.27206719000003],[28.316505040000152,39.27171625000062],[28.316230272000155,39.27021835900041],[28.31503835200016,39.26897552800034],[28.313099082000065,39.268359420000024],[28.31109620699999,39.26680400499998],[28.310588215000053,39.26521070600023],[28.31228853500005,39.262597017000246],[28.313437483000087,39.26288547500013],[28.313577191000093,39.26280273600048],[28.31364557900008,39.262939796000126],[28.3145334620001,39.263137449000055],[28.325183126000184,39.25871300100005],[28.32539595000003,39.25869785000066],[28.32529785700018,39.25898450600022],[28.32813591000007,39.26323423000048],[28.327407310000183,39.26721688000049],[28.333344320000094,39.27353165000005],[28.333720297000184,39.276625007000064],[28.338574920000156,39.278130190000184],[28.343059860000153,39.28053513000003],[28.348166510000055,39.27975397000006],[28.35520081400017,39.28199021600017],[28.358652645000063,39.281141877000096],[28.36521797300003,39.28021150100017],[28.37550088000006,39.283442010000215],[28.379349642000193,39.28805466400013],[28.375980650000145,39.2912189000001],[28.37892141000009,39.30279810000036],[28.3737409900001,39.304256020000196],[28.37394814000004,39.30944321000004],[28.367149617000166,39.31558523500064],[28.368250896000063,39.31657784499998],[28.368214001000126,39.316617922000376],[28.368500378000135,39.316802709000115],[28.368260965000104,39.31714145600017],[28.36844028300004,39.31726816600053],[28.36886343800012,39.31712994200046],[28.36881789600011,39.31728503600033],[28.368440235000037,39.31726823100013],[28.361345630000187,39.31225403000008],[28.358649010000192,39.31648993400012]]],"type":"Polygon"}},{"type":"Feature","properties":{"area_id":"TR-10-019-148565","name_tr":"Yusufçamı","area_level":"neighbourhood","parent_id":"TR-10-019","endeksa_id":148565},"geometry":{"coordinates":[[[28.242513931517863,39.31390751737217],[28.242425958000126,39.313720422000074],[28.236176948000036,39.316656428000044],[28.230671000000086,39.32011629200014],[28.229740625000147,39.3180373440004],[28.22865683400005,39.317192854000155],[28.228638405500078,39.317083626],[28.22945681000016,39.31579852000061],[28.223333045000004,39.31049755700013],[28.21262379100017,39.307031740000355],[28.213316365000082,39.30567539200007],[28.21135990500005,39.30256747800013],[28.20187142000003,39.30044611000062],[28.199887293051574,39.295849297973064],[28.199646894000182,39.29574931700023],[28.199792835000096,39.295630326000094],[28.198034064000126,39.29156171400007],[28.19121705000009,39.283928679999974],[28.193032651000124,39.28205708900015],[28.192916647999994,39.281947765000155],[28.193353356999978,39.28159894300006],[28.193277601000148,39.28152754900003],[28.193660022000074,39.28108234000001],[28.195179367000094,39.279844230000094],[28.200967854000055,39.28071308300014],[28.202960930000074,39.27833963500001],[28.20528728500011,39.27736562200016],[28.218335610000167,39.27278899000021],[28.219686642000056,39.261739295000154],[28.22363782000008,39.25614779700061],[28.231075832000045,39.25701457100001],[28.234133168000028,39.25912680900018],[28.235043689000122,39.260670953000044],[28.236012191000157,39.26618283300013],[28.23813640400016,39.268590365000534],[28.238397470000052,39.26873674900003],[28.251563429999976,39.270113820000006],[28.252728385000182,39.27228521400008],[28.251112484000146,39.27300548500011],[28.24997206100005,39.28001329700015],[28.260606738000035,39.28557718400049],[28.26080134200015,39.28555294800026],[28.26080366200017,39.285679867],[28.26259504900014,39.28661400300007],[28.26748481900006,39.29222988600009],[28.267542360000107,39.29230513000027],[28.2603251810001,39.30003686900005],[28.247997223000084,39.3049874620005],[28.245177137000155,39.3121893940006],[28.24436186500003,39.31281088400033],[28.243390650000038,39.31326717500019],[28.243468548000067,39.3133267450001],[28.242513931517863,39.31390751737217]]],"type":"Polygon"}},{"type":"Feature","properties":{"area_id":"TR-10-019-148505","name_tr":"Çelebiler","area_level":"neighbourhood","parent_id":"TR-10-019","endeksa_id":148505},"geometry":{"coordinates":[[[28.199646894000182,39.29574931700023],[28.199226421000105,39.296163684000135],[28.20161103000015,39.30082741000001],[28.19409810900015,39.31360314300042],[28.194756419999976,39.315226910000035],[28.186634181000045,39.32153680000005],[28.18642639799998,39.32154580800011],[28.186353601999997,39.32164241100003],[28.18636754900018,39.321533997000074],[28.18211741300007,39.32148930900047],[28.18017890599998,39.321626684000194],[28.177186889000154,39.31735607600052],[28.17570978700013,39.31654974800006],[28.166248926000094,39.31309243200053],[28.16717605000008,39.31175950000005],[28.165989880000154,39.309823530000244],[28.165784703000156,39.30987979300005],[28.16569787500009,39.309757156000614],[28.166055464000067,39.308760616000086],[28.164667286000167,39.30530724100004],[28.166520518000027,39.299720673000195],[28.16533825100015,39.29834510000069],[28.1688103300001,39.28949399300029],[28.168704630000093,39.28536675700008],[28.17531963900018,39.27800915400047],[28.17520254900012,39.27791255500006],[28.168997707000074,39.27751724200027],[28.162602993000178,39.274823413000036],[28.16375927100006,39.262523212000076],[28.163917001000186,39.262032278000504],[28.16377876900009,39.261927089000096],[28.163983404000078,39.261901832000035],[28.16919175300012,39.259232483000574],[28.1692298910001,39.25903718600017],[28.169498139000098,39.25951179000015],[28.184272765291382,39.27019777051095],[28.184050000000184,39.272890000000245],[28.184100000000058,39.27317000000011],[28.184720000000027,39.274660000000324],[28.185440000000085,39.27594000000033],[28.185970000000054,39.2766900000002],[28.18653000000006,39.27809000000059],[28.18832869923051,39.277946997042875],[28.18849267815233,39.278054226257154],[28.18883920000013,39.27994512000009],[28.192670750000104,39.281885260000195],[28.192741450000085,39.28182787800006],[28.19290036400008,39.28193662100011],[28.19319856000004,39.281458522000094],[28.193353356999978,39.28159894300006],[28.192916647999994,39.281947765000155],[28.193032651000124,39.28205708900015],[28.19121705000009,39.283928679999974],[28.198034064000126,39.29156171400007],[28.199792835000096,39.295630326000094],[28.199646894000182,39.29574931700023]]],"type":"Polygon"}},{"type":"Feature","properties":{"area_id":"TR-10-019-148523","name_tr":"Kepez","area_level":"neighbourhood","parent_id":"TR-10-019","endeksa_id":148523},"geometry":{"coordinates":[[[28.338647830000127,39.319312866000246],[28.33309493200005,39.322430115000145],[28.33307692300008,39.32242157200005],[28.324130980000177,39.31287693000013],[28.31666239900011,39.310286867000116],[28.31482095000007,39.30666833000066],[28.30955172,39.306266977000405],[28.304977526000073,39.30184023900006],[28.30374951700003,39.29854556300012],[28.304496143000165,39.29277870200019],[28.304222595000056,39.29305167300049],[28.304430646000128,39.29278231100005],[28.303999305000048,39.29248711700018],[28.30246297700012,39.284301738000295],[28.306826969999975,39.282526889999986],[28.307993207000152,39.27899631000008],[28.310173290000137,39.277585950000116],[28.312276740000073,39.27043282000011],[28.310279977000164,39.26640244900034],[28.310453320000192,39.2663166100001],[28.310848455000098,39.266580791000024],[28.310986045000107,39.26645848600009],[28.31109620699999,39.26680400499998],[28.313099082000065,39.268359420000024],[28.31503835200016,39.26897552800034],[28.316230272000155,39.27021835900041],[28.316505040000152,39.27171625000062],[28.31680512000014,39.27206719000003],[28.316928550000057,39.27060505200052],[28.319319097000005,39.27006677300011],[28.323336952000034,39.270817456000145],[28.32325845700018,39.27095633700003],[28.321770300000082,39.27116465000046],[28.32077357000003,39.27346047999998],[28.323432204000085,39.275006611000094],[28.323406100000057,39.27513883600011],[28.321881450000035,39.27583500000003],[28.328178752000042,39.28241174000004],[28.331965472000036,39.291830116000085],[28.330887469999993,39.29280260000007],[28.33185477000012,39.295698000000186],[28.336190915000145,39.29785447300014],[28.33770718100004,39.30220480500003],[28.336416220000046,39.304760199999976],[28.33711940000012,39.309598810000125],[28.339983562000157,39.308523935000096],[28.341723400000035,39.31125379000014],[28.34663004000015,39.311413220000134],[28.349165991303153,39.3107966631718],[28.349065440442132,39.31092999661939],[28.349096538199035,39.31107859018334],[28.349433543745022,39.3111860758176],[28.341718860000015,39.312975460000075],[28.338647830000127,39.319312866000246]]],"type":"Polygon"}},{"type":"Feature","properties":{"area_id":"TR-10-019-148589","name_tr":"Gözören","area_level":"neighbourhood","parent_id":"TR-10-019","endeksa_id":148589},"geometry":{"coordinates":[[[28.4444450093182,39.32329855243216],[28.44361000000015,39.32342000000028],[28.438490000000172,39.31447000000014],[28.432970000000125,39.31661000000025],[28.426930000000084,39.311120000000074],[28.412680000000194,39.31412000000029],[28.407030000000248,39.31404000000009],[28.40709000000004,39.31367000000017],[28.406740000000184,39.31194000000039],[28.40542000000005,39.310840000000326],[28.40520000000015,39.310320000000104],[28.4049500000001,39.310090000000116],[28.40390000000008,39.30952000000053],[28.403730000000223,39.30933000000044],[28.40362000000016,39.30896000000041],[28.40384000000006,39.30816000000027],[28.404070000000104,39.30771000000016],[28.40449000000018,39.30718000000019],[28.403720000000078,39.30682000000024],[28.40322000000009,39.30639000000019],[28.40318000000019,39.30605000000048],[28.403420000000153,39.30510000000021],[28.403980000000104,39.30373000000037],[28.404290000000174,39.30355000000003],[28.404810000000055,39.30305000000027],[28.404630000000054,39.30230000000017],[28.404790000000162,39.30193000000065],[28.40510000000006,39.30153000000024],[28.405270000000087,39.30079000000012],[28.405670000000157,39.30036000000007],[28.407130000000166,39.29979000000037],[28.409020000000226,39.29863000000046],[28.40954000000005,39.29741000000041],[28.410050000000183,39.297000000000594],[28.410390000000064,39.296500000000435],[28.410970000000077,39.29627000000005],[28.412300000000187,39.29614000000049],[28.413200000000188,39.29552000000035],[28.41397000000012,39.29525000000007],[28.414660000000197,39.29478000000023],[28.415620000000047,39.29440000000005],[28.41688000000005,39.29413000000045],[28.41784000000007,39.294330000000116],[28.4183000000001,39.29432000000054],[28.41948000000025,39.29410000000013],[28.420270000000244,39.29375000000027],[28.42202000000009,39.29373000000004],[28.422770000000128,39.293560000000184],[28.423270000000116,39.29361000000006],[28.424600000000225,39.294210000000135],[28.425310000000138,39.29435000000018],[28.425710000000038,39.294300000000305],[28.426460000000077,39.29394000000036],[28.42639000000014,39.293590000000165],[28.426890000000128,39.29279000000042],[28.42678000000012,39.292600000000334],[28.42700000000019,39.29175000000038],[28.426810000000103,39.2909200000006],[28.426620000000185,39.290490000000545],[28.42709000000019,39.28970000000004],[28.427060000000154,39.28958000000057],[28.426470000000222,39.2891900000003],[28.425900000000127,39.28852000000029],[28.42539000000022,39.28825000000012],[28.42539000000022,39.28809000000024],[28.42561000000012,39.28775000000013],[28.425690000000145,39.28691000000009],[28.4256400000001,39.28669000000019],[28.425780000000145,39.28633000000025],[28.425630000000183,39.28591000000034],[28.426220000000114,39.285260000000164],[28.42645000000016,39.28515000000016],[28.426800000000128,39.28481000000028],[28.426750000000084,39.28433000000035],[28.426370000000077,39.2837200000003],[28.42648949631888,39.28321718778],[28.426382407505685,39.2830879484635],[28.42619581357235,39.283116523628166],[28.426171379838877,39.282274872029234],[28.42592033909517,39.28153718071036],[28.425670662109383,39.281373183792255],[28.425838764163473,39.2813847941469],[28.425929274201337,39.28127172319131],[28.425670532062668,39.28081443161227],[28.424880000000087,39.280610000000195],[28.42459000000008,39.28025000000025],[28.423670000000186,39.27984000000043],[28.42502000000013,39.27756000000011],[28.424520000000143,39.27507000000014],[28.426320000000032,39.268770000000416],[28.427580000000034,39.267570000000035],[28.42787000000004,39.26655000000005],[28.427800000000104,39.2663800000002],[28.427340000000072,39.26601000000011],[28.427270000000135,39.265800000000354],[28.4285000000001,39.26527000000016],[28.4286800000001,39.26513000000034],[28.42874000000006,39.26485000000008],[28.429470000000094,39.26452000000046],[28.429900000000146,39.26382000000012],[28.430710000000033,39.263260000000116],[28.431040000000166,39.26234000000056],[28.431330000000173,39.26216000000005],[28.431550000000072,39.26224000000013],[28.432230000000175,39.26285000000013],[28.43228000000005,39.263110000000324],[28.433000000000106,39.26386000000019],[28.43317000000019,39.26445000000035],[28.434060000000102,39.26467000000008],[28.435240000000192,39.26470000000029],[28.43626000000023,39.264380000000244],[28.43640000000005,39.2645500000001],[28.43760000000009,39.26494000000042],[28.438350000000128,39.264870000000315],[28.43899000000016,39.26498000000015],[28.439290000000085,39.2648800000004],[28.4399600000001,39.264990000000296],[28.44070000000005,39.26470000000029],[28.44145000000009,39.264900000000125],[28.442450000000065,39.26479000000006],[28.443810000000155,39.26485000000008],[28.444360000000188,39.26501000000013],[28.446110000000033,39.265000000000384],[28.446660000000065,39.26507000000049],[28.447260000000142,39.26529000000022],[28.44785000000013,39.265300000000366],[28.4484700000001,39.2655900000002],[28.44943000000012,39.2655900000002],[28.449820000000045,39.26582000000019],[28.450280000000078,39.265960000000234],[28.45064000000019,39.265950000000146],[28.451170000000218,39.26625000000007],[28.452300000000093,39.267380000000344],[28.452800000000252,39.26775000000055],[28.45325000000014,39.267880000000105],[28.453390000000184,39.26801000000006],[28.45340000000016,39.26817000000011],[28.453610000000083,39.268500000000074],[28.45399000000009,39.26876000000027],[28.454440000000034,39.26923000000011],[28.454940000000192,39.26940000000013],[28.45516000000009,39.26963000000035],[28.4551400000002,39.269890000000146],[28.45483000000013,39.27014000000008],[28.45507000000009,39.270690000000116],[28.45445000000018,39.270540000000324],[28.453590000000247,39.270700000000204],[28.453190000000177,39.270690000000116],[28.452570000000037,39.2709200000001],[28.452570000000037,39.27136000000013],[28.453070000000196,39.27152000000018],[28.453610000000083,39.271940000000484],[28.45473000000004,39.27213000000006],[28.45557000000008,39.272060000000465],[28.455900000000042,39.27244000000064],[28.456560000000138,39.27230000000043],[28.457100000000196,39.272370000000535],[28.45823000000007,39.27319000000017],[28.458440000000053,39.27326000000028],[28.458950000000186,39.273150000000044],[28.46008000000006,39.273510000000385],[28.460200000000043,39.273770000000184],[28.460340000000087,39.27504000000033],[28.46018000000015,39.27572000000009],[28.459520000000055,39.27576000000039],[28.459420000000136,39.27570000000037],[28.458650000000205,39.27634000000006],[28.45873000000006,39.27646000000004],[28.45969000000008,39.276400000000194],[28.460350000000176,39.2775300000003],[28.460690000000056,39.2778600000002],[28.460950000000082,39.278320000000065],[28.461600000000033,39.27893000000046],[28.461440000000152,39.28031000000027],[28.461590000000115,39.280390000000466],[28.46188000000012,39.28089000000011],[28.462740000000053,39.28149000000053],[28.46353000000005,39.28187000000071],[28.464500000000157,39.28187000000071],[28.464460000000088,39.28224000000006],[28.464630000000113,39.282530000000065],[28.466640000000154,39.28434000000044],[28.46873000000005,39.28505000000024],[28.47053000000011,39.28551000000061],[28.471930000000157,39.28681000000017],[28.47400000000016,39.28712000000024],[28.47620000000012,39.28636000000006],[28.47628022996554,39.286435215592746],[28.47691000000009,39.28725000000037],[28.477140000000077,39.28790000000015],[28.47663000000017,39.2883700000001],[28.476360000000057,39.288850000000195],[28.47629000000012,39.28964000000042],[28.47604000000024,39.29020000000071],[28.476120000000094,39.29047000000031],[28.47642000000019,39.29075000000006],[28.476430000000164,39.290890000000275],[28.475930000000176,39.291510000000414],[28.475780000000213,39.29202000000066],[28.47589000000005,39.2923100000005],[28.476990000000114,39.29346000000044],[28.477920000000154,39.29426000000018],[28.47913000000011,39.29470000000072],[28.481420000000185,39.29536000000007],[28.481570000000204,39.295450000000244],[28.48171000000019,39.2958000000001],[28.48171000000019,39.29617000000013],[28.48155000000014,39.2964400000003],[28.48028000000022,39.29778000000033],[28.4802200000002,39.2986600000001],[28.48010000000005,39.29894000000053],[28.47960000000006,39.299480000000074],[28.47926000000018,39.299570000000074],[28.478840000000048,39.299880000000144],[28.478770000000168,39.30002000000036],[28.47874000000013,39.30017000000015],[28.478990000000067,39.30090000000018],[28.478850000000193,39.30173000000008],[28.47926000000018,39.302630000000306],[28.4806200000001,39.30277000000052],[28.481440000000077,39.302720000000136],[28.48239000000018,39.30308000000059],[28.484270000000095,39.304210000000296],[28.485730000000103,39.30473000000018],[28.487000000000194,39.305010000000266],[28.4877800000001,39.304930000000184],[28.488440000000196,39.30457000000024],[28.48893000000004,39.30463000000026],[28.489500000000135,39.30444000000017],[28.489770000000078,39.30348000000032],[28.490210000000047,39.30324000000036],[28.49376000000018,39.303250000000446],[28.49462000000011,39.303350000000194],[28.495110000000125,39.30311000000023],[28.495360000000233,39.30318000000034],[28.495850000000075,39.303620000000365],[28.496530000000234,39.303770000000156],[28.49673000000007,39.303590000000156],[28.49717000000004,39.30361000000039],[28.49735000000004,39.30391000000037],[28.49866000000003,39.304740000000095],[28.498920000000055,39.30482000000035],[28.49912000000012,39.304650000000095],[28.499290000000144,39.30463000000026],[28.499880000000076,39.30479000000014],[28.50030000000004,39.305350000000146],[28.501580000000047,39.305760000000646],[28.50072000000017,39.30933000000044],[28.500490000000127,39.309750000000406],[28.500280000000146,39.309750000000406],[28.500270000000057,39.30987000000039],[28.499940000000095,39.31004000000024],[28.499740000000088,39.31035000000031],[28.499470000000088,39.31052000000017],[28.499110000000144,39.31046000000015],[28.4989300000002,39.310630000000174],[28.49866000000003,39.31033000000008],[28.49797000000018,39.310840000000326],[28.49769000000009,39.31138000000027],[28.497460000000046,39.31145000000038],[28.496130000000164,39.311030000000414],[28.495920000000183,39.3111100000001],[28.49571000000003,39.311060000000055],[28.495050000000163,39.31144000000023],[28.494760000000156,39.31247000000019],[28.49376000000018,39.31244000000055],[28.49271000000016,39.31226000000021],[28.492060000000038,39.31302000000022],[28.491570000000138,39.3133200000002],[28.491830000000164,39.3139300000002],[28.4919900000001,39.314060000000325],[28.49200000000019,39.31466000000023],[28.4919000000001,39.31470000000013],[28.491100000000188,39.31436000000025],[28.490160000000174,39.314750000000174],[28.489590000000135,39.31439000000006],[28.489130000000046,39.31423000000018],[28.488910000000146,39.314530000000104],[28.489200000000153,39.31492000000043],[28.48933000000011,39.31571000000042],[28.489710000000116,39.3167700000007],[28.489520000000198,39.31671000000017],[28.488810000000058,39.31678000000011],[28.488010000000145,39.31733000000014],[28.4862100000002,39.31820000000039],[28.484260000000177,39.31853000000012],[28.484200000000158,39.31864000000053],[28.48335000000003,39.31873000000019],[28.48233000000016,39.319230000000346],[28.477290000000096,39.32084000000066],[28.475260000000162,39.32111000000026],[28.474940000000174,39.32099000000028],[28.474870000000237,39.321160000000134],[28.47449000000006,39.320970000000045],[28.474320000000205,39.32124000000039],[28.471100000000035,39.32145000000014],[28.47050000000013,39.32171000000017],[28.470350000000167,39.32163000000014],[28.46777000000003,39.32139000000018],[28.466610000000173,39.322610000000054],[28.466300000000103,39.3219100000004],[28.46520000000021,39.32099000000028],[28.46443000000005,39.32059000000004],[28.462360000000047,39.32056000000023],[28.461830000000077,39.32077000000004],[28.4444450093182,39.32329855243216]]],"type":"Polygon"}},{"type":"Feature","properties":{"area_id":"TR-10-019-148499","name_tr":"Çakıllı","area_level":"neighbourhood","parent_id":"TR-10-019","endeksa_id":148499},"geometry":{"coordinates":[[[28.086018154000044,39.320745102000444],[28.083145793000142,39.3199886110001],[28.08315876200004,39.31993395800015],[28.082559473000117,39.31976395400011],[28.082540785000162,39.319829270000696],[28.080748778000157,39.31935731100009],[28.08079613900003,39.31947437300005],[28.07692759000014,39.31836864000013],[28.06939693000004,39.31862040000033],[28.048802210000076,39.331289090000155],[28.028381141000352,39.33046576300012],[28.028291991000287,39.33045483800038],[28.0289632380003,39.32958136900049],[28.027535824000324,39.325076957000476],[28.027574676000143,39.32467480800051],[28.029776960000333,39.31986972000067],[28.027192276000335,39.31850196100038],[28.029003800000282,39.31691197300063],[28.034259330000282,39.31741259000057],[28.037412738000228,39.31200487800078],[28.03749876500035,39.31159031500067],[28.032887270000288,39.30878527300075],[28.033085172000312,39.30762109700021],[28.034911802000238,39.308228457000155],[28.036301975000242,39.30413764900061],[28.03435012300025,39.302914863000694],[28.0344638600003,39.2961236500002],[28.03395420030455,39.29597334013471],[28.033850502875396,39.295841719706516],[28.03398360982095,39.29573125854881],[28.0352289020002,39.29591669400048],[28.035239760000195,39.29581681000025],[28.03317431000022,39.29048651000028],[28.036408680000307,39.28812147900027],[28.03643814800023,39.28796426300073],[28.033996571000273,39.287202974000536],[28.031633590000297,39.286819790000266],[28.031594442000255,39.28645398400073],[28.031089494000355,39.28629654000031],[28.03092703200025,39.28616106900057],[28.03178356400025,39.283586609000224],[28.03484026800021,39.280808164000234],[28.039810740000235,39.281432746000405],[28.0410360420002,39.283115413000814],[28.042463335000264,39.28148097800084],[28.04311277000022,39.281427280000344],[28.04316957400033,39.28135316800075],[28.05025551100016,39.281362033000335],[28.05118055100013,39.28202159600011],[28.052684144000125,39.282266327],[28.05400204100016,39.281502945000625],[28.054101446000118,39.281564949000426],[28.05449563600007,39.28256117200016],[28.058510046000038,39.28321457300012],[28.06049015600007,39.283100077000256],[28.06128225200007,39.28275089900018],[28.061668576000102,39.28227929200011],[28.059970132000046,39.28107435800007],[28.061943599000188,39.28068942900046],[28.058251305000056,39.27897929100004],[28.058360774000107,39.278976442000214],[28.058351326000036,39.27887232800015],[28.06889699000004,39.27870216500003],[28.069130374000167,39.27666743300006],[28.07203979900015,39.276929925000104],[28.071088958000075,39.275513474000036],[28.07363297200004,39.274134448000154],[28.075116380000054,39.276560230000314],[28.073392470000044,39.28040789000016],[28.06595133100012,39.2815860970004],[28.071804750000126,39.28519566599999],[28.078018646000032,39.28450743100035],[28.0760465300001,39.2862147000003],[28.068952574000036,39.28602739200011],[28.066293510000094,39.28755778000004],[28.066949146000184,39.29024573800041],[28.0700203560001,39.290094941999996],[28.07006488700017,39.29018332000004],[28.069734910000136,39.29220320100012],[28.072957309000174,39.29429034800057],[28.07340393100003,39.29630092700006],[28.071040498000116,39.2995307340002],[28.072625543000072,39.30030463000014],[28.072677129999988,39.30303437900028],[28.079874235000148,39.30333235650005],[28.08016114999998,39.30347044800021],[28.080077187000086,39.303761209000015],[28.079861964000145,39.30375852300051],[28.07971835000012,39.31080586000019],[28.08320641800009,39.313537433000135],[28.082729123000092,39.31432198000016],[28.082757764000064,39.31442232200061],[28.085970667000083,39.31570216900019],[28.08964916300016,39.31858287000006],[28.091329845000132,39.32098617600013],[28.091268684000113,39.32175255700008],[28.08616373200016,39.320541156000445],[28.086126657000193,39.320635270000594],[28.08605987300018,39.32056929400011],[28.086018154000044,39.320745102000444]]],"type":"Polygon"}},{"type":"Feature","properties":{"area_id":"TR-10-019-148595","name_tr":"Kürendere","area_level":"neighbourhood","parent_id":"TR-10-019","endeksa_id":148595},"geometry":{"coordinates":[[[28.601300000000094,39.32762000000031],[28.600540000000137,39.327910000000145],[28.5975600000001,39.329860000000224],[28.596360000000118,39.33004000000017],[28.594910000000255,39.33055000000007],[28.594570000000147,39.330880000000036],[28.592870000000175,39.33128000000045],[28.591760000000193,39.33136000000013],[28.590100000000177,39.33130000000017],[28.589670000000126,39.33114000000023],[28.589360000000227,39.3309200000005],[28.588370000000168,39.330730000000415],[28.58749000000023,39.33019000000036],[28.586980000000096,39.330080000000635],[28.584420000000193,39.32910000000004],[28.583380000000147,39.32858000000016],[28.58312000000012,39.32858000000016],[28.582230000000038,39.32833000000011],[28.58105000000006,39.3278100000004],[28.579610000000116,39.327470000000176],[28.579080000000147,39.3272000000004],[28.577480000000094,39.32662000000016],[28.57700000000017,39.32650000000018],[28.57572000000016,39.326420000000496],[28.572930000000042,39.325560000000394],[28.572290000000237,39.32517000000013],[28.570220000000177,39.32489000000038],[28.569460000000163,39.32471000000004],[28.56813000000011,39.32407000000006],[28.564860000000067,39.32384000000019],[28.564430000000186,39.32395000000008],[28.56370000000021,39.32393000000053],[28.562330000000145,39.323700000000144],[28.561450000000207,39.323230000000194],[28.56097000000011,39.32331000000039],[28.56026000000014,39.32362000000046],[28.560060000000135,39.3236500000001],[28.559760276688166,39.32354469180984],[28.559110000000203,39.32347000000016],[28.558700000000215,39.32356000000033],[28.557100000000332,39.324570000000904],[28.556630000000325,39.32461000000012],[28.55429000000038,39.32435000000049],[28.552320000000236,39.32381000000055],[28.55088000000029,39.32295000000062],[28.549990000000207,39.322240000000136],[28.549250000000256,39.32185000000055],[28.54837000000026,39.32157000000012],[28.54759000000041,39.32044000000042],[28.544510000000287,39.318250000000944],[28.54354000000035,39.31773000000055],[28.542840000000297,39.31720000000075],[28.542700000000252,39.31697000000037],[28.54168000000027,39.31625000000048],[28.540960000000382,39.31562000000076],[28.540340000000242,39.31488000000064],[28.53930000000031,39.314030000000116],[28.538810000000126,39.31343000000004],[28.535120000000177,39.311950000000365],[28.53424000000018,39.31196000000011],[28.53356000000025,39.3125400000003],[28.53331067333977,39.31220269335904],[28.53329000000008,39.31212000000039],[28.53353000000004,39.31204000000014],[28.53347000000008,39.311770000000536],[28.533640000000105,39.31157000000036],[28.533480000000168,39.311120000000074],[28.53360000000015,39.31073000000009],[28.53341000000006,39.310410000000275],[28.53362000000004,39.30990000000003],[28.533170000000098,39.30837000000008],[28.533270000000186,39.308020000000056],[28.533180000000243,39.30782000000056],[28.533260000000098,39.307590000000175],[28.533480000000168,39.30736000000019],[28.53353000000004,39.307120000000225],[28.533350000000098,39.30676000000028],[28.533340000000123,39.30633000000023],[28.53320000000008,39.30611000000033],[28.53338000000008,39.30572000000018],[28.53294000000011,39.305360000000235],[28.533090000000072,39.30513000000042],[28.532400000000166,39.30292000000014],[28.532582213504725,39.30234602746117],[28.54391000000004,39.300460000000385],[28.544600000000116,39.30017000000015],[28.54847000000018,39.30041000000011],[28.548320000000047,39.29995000000025],[28.548510000000135,39.299720000000036],[28.548690000000136,39.2983500000002],[28.54886000000016,39.29818000000017],[28.54896000000008,39.29792000000015],[28.548950000000104,39.297640000000285],[28.549430000000257,39.29665000000006],[28.549940000000163,39.296560000000056],[28.552160000000185,39.29583000000042],[28.55249000000009,39.29582000000033],[28.55311000000006,39.29600000000028],[28.554170000000227,39.2959500000004],[28.555290000000127,39.295450000000244],[28.556190000000186,39.29401000000047],[28.557750000000112,39.293060000000025],[28.559660000000065,39.290700000000186],[28.55979109976346,39.290427715876376],[28.560180000000116,39.28989000000013],[28.561640000000125,39.28905000000009],[28.56330000000014,39.28865000000036],[28.566300000000183,39.28695000000039],[28.56720000000007,39.28634000000039],[28.568830000000105,39.28563000000008],[28.571120000000235,39.285190000000284],[28.572230000000047,39.28527000000065],[28.57278000000008,39.285190000000284],[28.574530000000095,39.284570000000315],[28.57511000000011,39.28459000000015],[28.58182000000022,39.28400000000005],[28.58652309829148,39.28332305606142],[28.590700000000083,39.286710000000426],[28.59719000000007,39.289100000000644],[28.600120000000175,39.2890100000003],[28.60525000000007,39.29022000000026],[28.615170000000035,39.2902400000001],[28.627500000000055,39.28810000000033],[28.628400000000113,39.28839000000016],[28.62946000000005,39.28861000000006],[28.62993000000023,39.28840000000031],[28.630840000000205,39.28765000000004],[28.632120000000043,39.28740000000016],[28.634060000000147,39.28744000000029],[28.634710000000098,39.28765000000004],[28.635210000000086,39.28802000000013],[28.635530000000074,39.28788000000009],[28.64068000000009,39.289310000000285],[28.647760000000176,39.297000000000594],[28.648760000000152,39.30100000000044],[28.657150000000172,39.30123000000032],[28.65949000000012,39.30156000000005],[28.661170000000084,39.301300000000026],[28.66466000000014,39.29946000000024],[28.664980000000185,39.299970000000485],[28.665560000000198,39.300430000000176],[28.665530000000047,39.300810000000354],[28.66515000000004,39.301430000000494],[28.665170000000103,39.30182000000008],[28.665300000000173,39.302070000000185],[28.665790000000243,39.30231000000015],[28.665730000000053,39.303070000000105],[28.666100000000142,39.30333000000013],[28.66763000000003,39.30392000000046],[28.66800000000012,39.30438000000015],[28.668550000000153,39.305390000000045],[28.668790000000115,39.30614000000014],[28.66896000000014,39.30624000000057],[28.669110000000103,39.30648000000053],[28.669340000000147,39.3071700000001],[28.66933000000023,39.30775000000045],[28.670040000000142,39.30884000000043],[28.670470000000194,39.30909000000048],[28.671340000000043,39.30930000000012],[28.672190000000057,39.30962000000028],[28.672420000000102,39.309790000000135],[28.67326000000014,39.31080000000003],[28.673560000000066,39.31161000000009],[28.6741100000001,39.311670000000106],[28.67460000000017,39.31212000000039],[28.67538000000019,39.31244000000055],[28.675390000000164,39.31289000000015],[28.6752800000001,39.31339000000031],[28.674480000000187,39.31420000000037],[28.673110000000122,39.314650000000086],[28.672360000000083,39.314680000000294],[28.671570000000088,39.31487000000038],[28.669590000000028,39.315770000000384],[28.668780000000197,39.31671000000017],[28.638430000000085,39.3108900000002],[28.629400000000203,39.32272000000006],[28.62916000000007,39.325460000000135],[28.629760000000147,39.32627000000019],[28.62969000000004,39.32666000000046],[28.629180000000133,39.32725000000028],[28.628650000000164,39.327600000000075],[28.623310000000117,39.329300000000046],[28.6172600000001,39.331030000000396],[28.612940000000094,39.330820000000074],[28.60840000000013,39.330170000000294],[28.60660000000007,39.32935000000009],[28.606190000000083,39.32879000000048],[28.60611000000017,39.32817000000034],[28.6058900000001,39.327450000000454],[28.605380000000196,39.3272000000004],[28.60469000000012,39.32739000000009],[28.60398000000015,39.32739000000009],[28.60292000000004,39.32765000000012],[28.601300000000094,39.32762000000031]]],"type":"Polygon"}},{"type":"Feature","properties":{"area_id":"TR-10-019-148535","name_tr":"Kocasinan","area_level":"neighbourhood","parent_id":"TR-10-019","endeksa_id":148535},"geometry":{"coordinates":[[[28.20955440400013,39.32807434400024],[28.202180527999985,39.33118495600007],[28.20096434499999,39.33100133200048],[28.199162632000082,39.330087585000285],[28.195289652000042,39.33334793200015],[28.19246906699999,39.33410573600048],[28.193509428000027,39.33263808400005],[28.191614363000156,39.33046644400014],[28.191123260000154,39.33223016000005],[28.187962731000027,39.33183971900013],[28.187314562000097,39.330725818000246],[28.188354201000095,39.32957658000055],[28.185513357000048,39.32820587300006],[28.186353601999997,39.32164241100003],[28.18642639799998,39.32154580800011],[28.186634181000045,39.32153680000005],[28.194756419999976,39.315226910000035],[28.19409810900015,39.31360314300042],[28.20161103000015,39.30082741000001],[28.199226421000105,39.296163684000135],[28.199646894000182,39.29574931700023],[28.199887293051574,39.295849297973064],[28.20187142000003,39.30044611000062],[28.21135990500005,39.30256747800013],[28.213316365000082,39.30567539200007],[28.21262379100017,39.307031740000355],[28.223333045000004,39.31049755700013],[28.22945681000016,39.31579852000061],[28.228638405500078,39.317083626],[28.22865683400005,39.317192854000155],[28.228850390000105,39.31734393300013],[28.22916212900003,39.31783398499999],[28.22172205000004,39.315230080000106],[28.220698520999974,39.317722171000526],[28.217242494000118,39.318144831000325],[28.217038937000098,39.32180111499997],[28.2132148500001,39.32142184000048],[28.212554681000142,39.322867110000516],[28.215552620000096,39.32422903900067],[28.215602652000143,39.32435337300012],[28.20955440400013,39.32807434400024]]],"type":"Polygon"}},{"type":"Feature","properties":{"area_id":"TR-10-019-148489","name_tr":"Armutlu","area_level":"neighbourhood","parent_id":"TR-10-019","endeksa_id":148489},"geometry":{"coordinates":[[[28.133225576000143,39.313031993000095],[28.133247670000173,39.31317499300019],[28.13093768600004,39.31414069600004],[28.135107400000038,39.32026577000022],[28.13265167600008,39.32630851000033],[28.13359790000004,39.327222280000115],[28.1274691000001,39.33019906999999],[28.126785123000047,39.33274681300003],[28.121086122000065,39.33735385600011],[28.109981970000035,39.333234252000125],[28.1009012400001,39.333875700000135],[28.092424848000064,39.336855372000116],[28.07554976500012,39.33668165300003],[28.075423696000087,39.336796159000244],[28.071830648000116,39.336783489000084],[28.071723798000164,39.336643368000125],[28.070433467999976,39.33662759400005],[28.07020686500016,39.33641407700043],[28.069645679000075,39.336620525000455],[28.07472131000003,39.334752841000466],[28.074773998000126,39.334599204000085],[28.07704409900009,39.3338982250001],[28.07829172300012,39.329804882000076],[28.085447780000095,39.32797201000011],[28.087689811000075,39.32518125100023],[28.090929951000078,39.32463793600016],[28.091072811000174,39.324206941000114],[28.09121288400013,39.322451753000166],[28.08595947500004,39.32095019000036],[28.08605987300018,39.32056929400011],[28.086126657000193,39.320635270000594],[28.08616373200016,39.320541156000445],[28.091268684000113,39.32175255700008],[28.091329845000132,39.32098617600013],[28.08964916300016,39.31858287000006],[28.085970667000083,39.31570216900019],[28.082757764000064,39.31442232200061],[28.082729123000092,39.31432198000016],[28.08320641800009,39.313537433000135],[28.07971835000012,39.31080586000019],[28.079861964000145,39.30375852300051],[28.080077187000086,39.303761209000015],[28.080127223000147,39.30357465900022],[28.080414883000117,39.30365643200014],[28.08041311700015,39.303723839000156],[28.08083299599997,39.30377064300012],[28.08345395000015,39.304930012],[28.083589509999968,39.30483764900009],[28.083518295000033,39.303804161000016],[28.08357882100006,39.303804917000264],[28.083515717000182,39.30373596800018],[28.08363772500013,39.30380565200005],[28.08473193399999,39.303819286000476],[28.092174503000024,39.301105788000314],[28.093326053999988,39.29901806900068],[28.093423435000147,39.29902242800006],[28.093522772000142,39.29943197900013],[28.102966149000167,39.29943084700005],[28.103916230000152,39.297797130000106],[28.109973425000135,39.29758002200009],[28.11172684600018,39.29965770500013],[28.113724959000024,39.29920146500058],[28.113470099000097,39.30132476300008],[28.113521890000186,39.30141154500012],[28.116707845000064,39.30117784400005],[28.119215784000005,39.30290583900012],[28.119240255000193,39.30301987000041],[28.118498283000065,39.304021307000085],[28.11854416400007,39.30414354600066],[28.132510542000148,39.308877304000134],[28.133225576000143,39.313031993000095]]],"type":"Polygon"}},{"type":"Feature","properties":{"area_id":"TR-10-019-148575","name_tr":"Çayır","area_level":"neighbourhood","parent_id":"TR-10-019","endeksa_id":148575},"geometry":{"coordinates":[[[28.464205493614884,39.34154158640274],[28.462183616000175,39.34170823400018],[28.462243832000183,39.338562867000405],[28.45893941600019,39.33683343000007],[28.458891442000095,39.33668470600003],[28.45985626300012,39.32643169000022],[28.455612319000124,39.32438380600024],[28.44526418600003,39.32355234500028],[28.44527922800006,39.32336513700005],[28.445040537000125,39.32340074900003],[28.444519343000138,39.32329875900007],[28.444452176000027,39.32339966900008],[28.4444450093182,39.32329855243216],[28.461830000000077,39.32077000000004],[28.462360000000047,39.32056000000023],[28.46443000000005,39.32059000000004],[28.46520000000021,39.32099000000028],[28.466300000000103,39.3219100000004],[28.466610000000173,39.322610000000054],[28.46777000000003,39.32139000000018],[28.470350000000167,39.32163000000014],[28.47050000000013,39.32171000000017],[28.471100000000035,39.32145000000014],[28.474320000000205,39.32124000000039],[28.47449000000006,39.320970000000045],[28.474870000000237,39.321160000000134],[28.474940000000174,39.32099000000028],[28.475260000000162,39.32111000000026],[28.477290000000096,39.32084000000066],[28.48233000000016,39.319230000000346],[28.48335000000003,39.31873000000019],[28.484200000000158,39.31864000000053],[28.484260000000177,39.31853000000012],[28.4862100000002,39.31820000000039],[28.488010000000145,39.31733000000014],[28.488810000000058,39.31678000000011],[28.489520000000198,39.31671000000017],[28.489710000000116,39.3167700000007],[28.48933000000011,39.31571000000042],[28.489200000000153,39.31492000000043],[28.488910000000146,39.314530000000104],[28.489130000000046,39.31423000000018],[28.489590000000135,39.31439000000006],[28.490160000000174,39.314750000000174],[28.491100000000188,39.31436000000025],[28.4919000000001,39.31470000000013],[28.49200000000019,39.31466000000023],[28.4919900000001,39.314060000000325],[28.491830000000164,39.3139300000002],[28.491570000000138,39.3133200000002],[28.492060000000038,39.31302000000022],[28.49271000000016,39.31226000000021],[28.49376000000018,39.31244000000055],[28.494760000000156,39.31247000000019],[28.495050000000163,39.31144000000023],[28.49571000000003,39.311060000000055],[28.495920000000183,39.3111100000001],[28.496130000000164,39.311030000000414],[28.497460000000046,39.31145000000038],[28.49769000000009,39.31138000000027],[28.49797000000018,39.310840000000326],[28.49866000000003,39.31033000000008],[28.4989300000002,39.310630000000174],[28.499110000000144,39.31046000000015],[28.499470000000088,39.31052000000017],[28.499740000000088,39.31035000000031],[28.499940000000095,39.31004000000024],[28.500270000000057,39.30987000000039],[28.500280000000146,39.309750000000406],[28.500490000000127,39.309750000000406],[28.50072000000017,39.30933000000044],[28.50150722375247,39.3060621060514],[28.501628251000056,39.30578686400003],[28.507770224000126,39.307296668000106],[28.513302192000083,39.30406833000012],[28.51625400000006,39.30526730600002],[28.51638769800013,39.30525908600009],[28.517648205000057,39.303001432000485],[28.517174762000025,39.302512434000164],[28.51728987300004,39.30206604100027],[28.517381433000025,39.30199898900008],[28.517878609000093,39.302064163000296],[28.519649711000113,39.30386049800018],[28.526449027000126,39.30316866400011],[28.528379374000053,39.30147573000005],[28.532514343000116,39.30227083200043],[28.532582213504725,39.30234602746117],[28.532400000000166,39.30292000000014],[28.533090000000072,39.30513000000042],[28.53294000000011,39.305360000000235],[28.53338000000008,39.30572000000018],[28.53320000000008,39.30611000000033],[28.533340000000123,39.30633000000023],[28.533350000000098,39.30676000000028],[28.53353000000004,39.307120000000225],[28.533480000000168,39.30736000000019],[28.533260000000098,39.307590000000175],[28.533180000000243,39.30782000000056],[28.533270000000186,39.308020000000056],[28.533170000000098,39.30837000000008],[28.53362000000004,39.30990000000003],[28.53341000000006,39.310410000000275],[28.53360000000015,39.31073000000009],[28.533480000000168,39.311120000000074],[28.533640000000105,39.31157000000036],[28.53347000000008,39.311770000000536],[28.53353000000004,39.31204000000014],[28.53329000000008,39.31212000000039],[28.53331067333977,39.31220269335904],[28.52893123700011,39.31360716800049],[28.527912580000304,39.31566050000038],[28.52969404200047,39.31795045100057],[28.528307561000418,39.3212529540009],[28.518673430000206,39.326208051000265],[28.518328138000243,39.32651153600028],[28.51665709700029,39.33216749200051],[28.50434462000021,39.33803747600035],[28.495545741000228,39.33564462000044],[28.492147750000356,39.33268374000028],[28.48833855000032,39.332826540000326],[28.486322054000254,39.33424919400062],[28.485987252000257,39.33428204500041],[28.484715851000317,39.335002606000614],[28.472841020000203,39.329518740000196],[28.464802340000347,39.33355820000082],[28.465965452000262,39.33877081600082],[28.464205493614884,39.34154158640274]]],"type":"Polygon"}},{"type":"Feature","properties":{"area_id":"TR-10-019-148559","name_tr":"Umurlar","area_level":"neighbourhood","parent_id":"TR-10-019","endeksa_id":148559},"geometry":{"coordinates":[[[28.33307692300008,39.32242157200005],[28.32121682400009,39.320762970000146],[28.31045244000012,39.32626452000005],[28.299492635000036,39.32817069800058],[28.29005929300007,39.333864925],[28.282102770000165,39.33543415000008],[28.280487820000076,39.33824738700059],[28.276086684999996,39.340213794000135],[28.275474186000054,39.34250792300014],[28.275661557000035,39.34365801500013],[28.27461058000017,39.34535114500056],[28.274876690000156,39.34489794000012],[28.266347678000045,39.34302158200046],[28.264438824000024,39.33969407500007],[28.266667955000173,39.33963824900002],[28.26657272800003,39.33955306300027],[28.266610851000053,39.339493772000424],[28.257317750000027,39.33122340500012],[28.255636314000185,39.324118951000116],[28.246435260000055,39.320837270000254],[28.245592861999967,39.318004501000075],[28.23830784600011,39.317813515000125],[28.23793428700003,39.31762948300013],[28.242608423984677,39.314120901032425],[28.242645214947515,39.31398942208381],[28.242513931517863,39.31390751737217],[28.243468548000067,39.3133267450001],[28.243390650000038,39.31326717500019],[28.24436186500003,39.31281088400033],[28.245177137000155,39.3121893940006],[28.247997223000084,39.3049874620005],[28.2603251810001,39.30003686900005],[28.267542360000107,39.29230513000027],[28.26748481900006,39.29222988600009],[28.267552642999988,39.29230778200014],[28.287379170000065,39.29742156000066],[28.295777320000013,39.29509047000016],[28.301365464000185,39.29600675300003],[28.304222595000056,39.29305167300049],[28.304496143000165,39.29277870200019],[28.30374951700003,39.29854556300012],[28.304977526000073,39.30184023900006],[28.30955172,39.306266977000405],[28.31482095000007,39.30666833000066],[28.31666239900011,39.310286867000116],[28.324130980000177,39.31287693000013],[28.33307692300008,39.32242157200005]]],"type":"Polygon"}},{"type":"Feature","properties":{"area_id":"TR-10-019-148553","name_tr":"Süller","area_level":"neighbourhood","parent_id":"TR-10-019","endeksa_id":148553},"geometry":{"coordinates":[[[28.16317368600005,39.35023329000012],[28.163100199999974,39.350245244000405],[28.163104355000087,39.350176245000114],[28.15947542800012,39.35174326800018],[28.15475178400004,39.352809016000435],[28.15436631700004,39.35052946500002],[28.15430469400019,39.35050369200047],[28.13859988900009,39.34636124800056],[28.12398223200006,39.34158051700018],[28.115721937000046,39.33797282100011],[28.121083733000148,39.337355787000035],[28.11995065360003,39.33693260059994],[28.121086122000065,39.33735385600011],[28.126785123000047,39.33274681300003],[28.1274691000001,39.33019906999999],[28.13359790000004,39.327222280000115],[28.13265167600008,39.32630851000033],[28.135107400000038,39.32026577000022],[28.13093768600004,39.31414069600004],[28.133247670000173,39.31317499300019],[28.133225576000143,39.313031993000095],[28.133412433000046,39.313106113000686],[28.14214772500003,39.309454347000155],[28.151034462000155,39.309217400000364],[28.15409555600013,39.30729306000012],[28.153532342000062,39.30870129800047],[28.155883869000036,39.30905994700004],[28.157125821000136,39.31137378000011],[28.157265292000034,39.311336214000164],[28.159026772999994,39.309308947000034],[28.16292516699997,39.31116616300022],[28.165572974000156,39.31000846000012],[28.16569787500009,39.309757156000614],[28.165784703000156,39.30987979300005],[28.165989880000154,39.309823530000244],[28.16717605000008,39.31175950000005],[28.166248926000094,39.31309243200053],[28.17570978700013,39.31654974800006],[28.177186889000154,39.31735607600052],[28.18017890599998,39.321626684000194],[28.18211741300007,39.32148930900047],[28.18636754900018,39.321533997000074],[28.185513357000048,39.32820587300006],[28.188354201000095,39.32957658000055],[28.187314562000097,39.330725818000246],[28.187962731000027,39.33183971900013],[28.188198847000024,39.331868888000145],[28.18805201100014,39.33195595600006],[28.188165384000172,39.332180469000434],[28.184701470000107,39.337965410000265],[28.179970576000187,39.339352824000116],[28.180146189000027,39.34136809200061],[28.176847061000103,39.340518787000235],[28.16965553300014,39.34287280500013],[28.165150517000086,39.349292584000125],[28.163214482000058,39.35012868700062],[28.16317368600005,39.35023329000012]]],"type":"Polygon"}},{"type":"Feature","properties":{"area_id":"TR-10-019-148481","name_tr":"Gölcük","area_level":"neighbourhood","parent_id":"TR-10-019","endeksa_id":148481},"geometry":{"coordinates":[[[28.00194554600023,39.349410566000074],[27.9979405280003,39.3515053510003],[27.99772566100023,39.35342878500046],[27.992642820000356,39.35156003900056],[27.991068790000327,39.35231538000062],[27.991581419000227,39.35408220800008],[27.988745359000234,39.35324490600061],[27.988732640000308,39.35523882000075],[27.988389177000215,39.35524441000035],[27.98500471100033,39.354403977000686],[27.980261402000338,39.351559753000004],[27.98005893900023,39.35129986000044],[27.97671365300016,39.351242693000415],[27.97296412300028,39.3540525210002],[27.97102454900022,39.35222871800073],[27.96797565900033,39.35213089400031],[27.96378349300022,39.34597934200076],[27.95873608900024,39.345098719000816],[27.9530054680003,39.34554174200025],[27.953087412000286,39.34100936200076],[27.95008232900028,39.341242449000276],[27.94699008300023,39.33915233300036],[27.94604566700025,39.338651173000244],[27.95029013900023,39.33169296100027],[27.9523271384424,39.32757215587111],[27.952232616518643,39.32747865857215],[27.95207705675176,39.32748922861941],[27.9511133930003,39.328239825000196],[27.94981898500032,39.32882290600054],[27.95007210300031,39.32810795100062],[27.95050969600021,39.32737923400032],[27.955056643000262,39.32142493200024],[27.958519748000356,39.310913988000266],[27.966475312000284,39.30573321300011],[27.967947356000252,39.304222268000274],[27.967750105000334,39.30315467100064],[27.966499890000193,39.30259794200049],[27.96630224200021,39.2959673700006],[27.966618147000304,39.295561353000664],[27.966565758000343,39.29116544300024],[27.95877069900024,39.28645731400047],[27.960011421491743,39.28653114226472],[27.960163003582295,39.28640258951583],[27.960090941711883,39.286300514549],[27.958581822000326,39.28558162200085],[27.95746683500022,39.28461624100032],[27.956912235000345,39.28381031500004],[27.95574838800019,39.281280114000026],[27.9576350760002,39.28197331700028],[27.96891167600029,39.28234953900068],[27.972539902306494,39.27889978507443],[27.973000000000297,39.27915000000036],[27.974840000000313,39.27982000000037],[27.97575000000029,39.28043000000093],[27.976910000000373,39.280020000000434],[27.977600000000223,39.28023000000019],[27.97875000000039,39.28016000000008],[27.978710000000262,39.27994000000035],[27.97882000000027,39.2796900000003],[27.979350000000295,39.279530000000534],[27.979570000000365,39.27919000000065],[27.97999000000027,39.27913000000012],[27.980340000000297,39.27919000000065],[27.980350000000215,39.279090000000906],[27.980430000000297,39.27908000000025],[27.98064000000022,39.27933000000087],[27.980850000000203,39.27941000000055],[27.98071000000033,39.279870000000244],[27.98027000000036,39.28008000000057],[27.980220000000315,39.280240000000845],[27.980870000000266,39.280580000000555],[27.981360000000336,39.28062000000102],[27.98182000000037,39.280790000000366],[27.98184000000026,39.2811200000005],[27.982090000000312,39.28106000000065],[27.982110000000205,39.28128000000038],[27.982040000000268,39.28137000000072],[27.982600000000218,39.28158000000087],[27.982640000000345,39.28189000000043],[27.982750000000408,39.282030000000475],[27.984090000000265,39.28210000000041],[27.988590000000272,39.284420000000125],[27.99711000000036,39.27920000000023],[27.99879000000027,39.27861000000098],[27.999030000000403,39.27913000000012],[27.99953000000039,39.27954000000051],[27.999620000000334,39.28039000000064],[27.999850000000208,39.280880000000536],[28.000040000000297,39.282030000000475],[28.000170000000367,39.28231000000034],[28.00093000000021,39.28305000000046],[28.00142000000028,39.28376000000026],[28.003360000000384,39.28509000000014],[28.00357000000031,39.285310000000266],[28.00347000000022,39.285470000000316],[28.00356000000022,39.28568000000064],[28.003950000000316,39.286030000001006],[28.00435934774646,39.28280879751935],[28.0045382560005,39.28278574400048],[28.008619314000498,39.286078441000825],[28.01673008900059,39.2834481200004],[28.016746987000374,39.28332823100084],[28.016600102000382,39.28328502200054],[28.019197030000498,39.282656400000576],[28.023858720000533,39.285461520000865],[28.02621955700039,39.288400205000414],[28.0264014330005,39.28842746900068],[28.02634749700053,39.28855854500051],[28.027287089000424,39.28977712400035],[28.02564258000052,39.29115981000058],[28.030320901000437,39.29490180000039],[28.0344638600003,39.2961236500002],[28.03435012300025,39.302914863000694],[28.036301975000242,39.30413764900061],[28.034911802000238,39.308228457000155],[28.033085172000312,39.30762109700021],[28.032887270000288,39.30878527300075],[28.03749876500035,39.31159031500067],[28.037412738000228,39.31200487800078],[28.034259330000282,39.31741259000057],[28.029003800000282,39.31691197300063],[28.027192276000335,39.31850196100038],[28.029776960000333,39.31986972000067],[28.027574676000143,39.32467480800051],[28.027535824000324,39.325076957000476],[28.0289632380003,39.32958136900049],[28.028291991000287,39.33045483800038],[28.028381141000352,39.33046576300012],[28.028286527000205,39.33046194800062],[28.02336747000021,39.336862630000496],[28.01674232000022,39.33965821999999],[28.013731205000227,39.33860123300002],[28.008379510000168,39.34222914899999],[28.006513401000234,39.345148175000816],[28.003168685000276,39.3485534820004],[28.00211641900023,39.34914815900066],[28.00194554600023,39.349410566000074]]],"type":"Polygon"}},{"type":"Feature","properties":{"area_id":"TR-10-019-148557","name_tr":"Taşköy","area_level":"neighbourhood","parent_id":"TR-10-019","endeksa_id":148557},"geometry":{"coordinates":[[[28.233028354999988,39.36428964700008],[28.23294236700019,39.36431731300024],[28.236584937000146,39.35684288500033],[28.230589500999997,39.351414889000125],[28.223787122000033,39.34837055300028],[28.219824050000057,39.341787850000344],[28.219474481000134,39.34025885200049],[28.219349900000054,39.33923716000015],[28.22227965500008,39.33527760600009],[28.222231019000162,39.334996441000044],[28.22278254200006,39.334252301000106],[28.219107897000185,39.335000188000095],[28.21779972900015,39.33349918400006],[28.217452218000062,39.33151934500012],[28.219766067000137,39.330609181000455],[28.21845771000011,39.32634910000013],[28.216127563000157,39.32661473400009],[28.21437602000009,39.329296960000136],[28.20935751800016,39.328194988999996],[28.215602652000143,39.32435337300012],[28.215552620000096,39.32422903900067],[28.212554681000142,39.322867110000516],[28.2132148500001,39.32142184000048],[28.217038937000098,39.32180111499997],[28.217242494000118,39.318144831000325],[28.220698520999974,39.317722171000526],[28.22172205000004,39.315230080000106],[28.22916212900003,39.31783398499999],[28.228850390000105,39.31734393300013],[28.229740625000147,39.3180373440004],[28.230671000000086,39.32011629200014],[28.236176948000036,39.316656428000044],[28.242425958000126,39.313720422000074],[28.242513931517863,39.31390751737217],[28.242645214947515,39.31398942208381],[28.242608423984677,39.314120901032425],[28.23793428700003,39.31762948300013],[28.23830784600011,39.317813515000125],[28.245592861999967,39.318004501000075],[28.246435260000055,39.320837270000254],[28.255636314000185,39.324118951000116],[28.257317750000027,39.33122340500012],[28.266610851000053,39.339493772000424],[28.26657272800003,39.33955306300027],[28.266667955000173,39.33963824900002],[28.264438824000024,39.33969407500007],[28.266347678000045,39.34302158200046],[28.274876690000156,39.34489794000012],[28.272075140000027,39.34966917999998],[28.267086793000033,39.352737625000145],[28.26693010000008,39.3530681930003],[28.266885694000166,39.35295425200019],[28.266732860000104,39.352955381000015],[28.26065068700001,39.35669720200008],[28.25401157600004,39.36291474000063],[28.247805798000115,39.36068153600024],[28.244251635000126,39.36072167500009],[28.233028354999988,39.36428964700008]]],"type":"Polygon"}},{"type":"Feature","properties":{"area_id":"TR-10-019-148533","name_tr":"Kocabey","area_level":"neighbourhood","parent_id":"TR-10-019","endeksa_id":148533},"geometry":{"coordinates":[[[28.233028354999988,39.36428964700008],[28.232940745000064,39.36431856700017],[28.23293976000008,39.364318151000134],[28.228312529999982,39.36190898000001],[28.22453389700007,39.363569509],[28.221783408000135,39.3616775590005],[28.21123950000009,39.36551840000004],[28.193694090000008,39.36369568700013],[28.191160034000177,39.36481086100008],[28.186007803999985,39.361421719000646],[28.176878144000113,39.3588432410001],[28.169433293000054,39.358141192000005],[28.169216749999975,39.358287453000116],[28.169255475000114,39.358184988999994],[28.16915513600003,39.35811513300007],[28.16531551000014,39.35775329000006],[28.16664750300015,39.355557359000045],[28.164287307000052,39.35523826200017],[28.163618678999967,39.353412422000076],[28.163749334000045,39.35334553300015],[28.163405531000137,39.35252527100067],[28.163589593000097,39.352495329000135],[28.16325984700012,39.351708605000056],[28.16307578499999,39.35173854700008],[28.163030078000077,39.351629496000044],[28.163249735000193,39.35034071200016],[28.16309393500012,39.35034926700007],[28.16317368600005,39.35023329000012],[28.163214482000058,39.35012868700062],[28.165150517000086,39.349292584000125],[28.16965553300014,39.34287280500013],[28.176847061000103,39.340518787000235],[28.180146189000027,39.34136809200061],[28.179970576000187,39.339352824000116],[28.184701470000107,39.337965410000265],[28.188165384000172,39.332180469000434],[28.18805201100014,39.33195595600006],[28.188198847000024,39.331868888000145],[28.191123260000154,39.33223016000005],[28.191614363000156,39.33046644400014],[28.193509428000027,39.33263808400005],[28.19246906699999,39.33410573600048],[28.195289652000042,39.33334793200015],[28.199162632000082,39.330087585000285],[28.20096434499999,39.33100133200048],[28.202180527999985,39.33118495600007],[28.20955440400013,39.32807434400024],[28.20935751800016,39.328194988999996],[28.21437602000009,39.329296960000136],[28.216127563000157,39.32661473400009],[28.21845771000011,39.32634910000013],[28.219766067000137,39.330609181000455],[28.217452218000062,39.33151934500012],[28.21779972900015,39.33349918400006],[28.219107897000185,39.335000188000095],[28.22278254200006,39.334252301000106],[28.222231019000162,39.334996441000044],[28.22227965500008,39.33527760600009],[28.219349900000054,39.33923716000015],[28.219474481000134,39.34025885200049],[28.219824050000057,39.341787850000344],[28.223787122000033,39.34837055300028],[28.230589500999997,39.351414889000125],[28.236584937000146,39.35684288500033],[28.23294236700019,39.36431731300024],[28.233028354999988,39.36428964700008]]],"type":"Polygon"}},{"type":"Feature","properties":{"area_id":"TR-10-019-148607","name_tr":"Eşmedere","area_level":"neighbourhood","parent_id":"TR-10-019","endeksa_id":148607},"geometry":{"coordinates":[[[28.05515659700012,39.35627064500005],[28.056148380000025,39.35174694000017],[28.05017186000009,39.35106053999999],[28.03642487000002,39.35804667000019],[28.03199774000001,39.363512619999995],[28.024811121000027,39.36311462600065],[28.02282613600005,39.36649247400004],[28.022380204000058,39.36657238400022],[28.020197619000044,39.36661659800018],[28.02017427200019,39.36696768200005],[28.020077289000028,39.36698506099998],[28.018830776000186,39.36587446900012],[28.01829572800017,39.3642383670001],[28.010361972000112,39.36061464000039],[28.009544001000165,39.36037810500045],[28.00719209000016,39.356141340000136],[28.004230052000082,39.35485777900004],[28.005672470000036,39.351199230000134],[28.00199448100011,39.34953729200009],[28.00194554600023,39.349410566000074],[28.00211641900023,39.34914815900066],[28.003168685000276,39.3485534820004],[28.006513401000234,39.345148175000816],[28.008379510000168,39.34222914899999],[28.013731205000227,39.33860123300002],[28.01674232000022,39.33965821999999],[28.02336747000021,39.336862630000496],[28.028286527000205,39.33046194800062],[28.048802210000076,39.331289090000155],[28.06939693000004,39.31862040000033],[28.07692759000014,39.31836864000013],[28.08079613900003,39.31947437300005],[28.080748778000157,39.31935731100009],[28.082540785000162,39.319829270000696],[28.082559473000117,39.31976395400011],[28.08315876200004,39.31993395800015],[28.083145793000142,39.3199886110001],[28.086018154000044,39.320745102000444],[28.08595947500004,39.32095019000036],[28.09121288400013,39.322451753000166],[28.091072811000174,39.324206941000114],[28.090929951000078,39.32463793600016],[28.087689811000075,39.32518125100023],[28.085447780000095,39.32797201000011],[28.07829172300012,39.329804882000076],[28.07704409900009,39.3338982250001],[28.074773998000126,39.334599204000085],[28.07472131000003,39.334752841000466],[28.069645679000075,39.336620525000455],[28.07020686500016,39.33641407700043],[28.070433467999976,39.33662759400005],[28.071723798000164,39.336643368000125],[28.071830648000116,39.336783489000084],[28.07639458700004,39.3421601500001],[28.07633907800016,39.34230402300051],[28.07175995200015,39.34389007900029],[28.067808999000192,39.34593347900011],[28.064597769000045,39.34837701400005],[28.060587976000193,39.35265097600018],[28.056437499000083,39.35580836500003],[28.05533380000014,39.35637793700005],[28.05520255700003,39.35636453000063],[28.05515659700012,39.35627064500005]]],"type":"Polygon"}},{"type":"Feature","properties":{"area_id":"TR-10-019-148603","name_tr":"Akçakısrak","area_level":"neighbourhood","parent_id":"TR-10-019","endeksa_id":148603},"geometry":{"coordinates":[[[27.95426157200012,39.38607255500011],[27.94473410100005,39.385902309000244],[27.94195529100017,39.38727751600061],[27.940606888000104,39.38563765200013],[27.942807746000085,39.383706836000044],[27.941675564000036,39.381315883000184],[27.944292283000095,39.38050506200034],[27.944345006000106,39.38036041800012],[27.93817156,39.374541600000214],[27.935237677000032,39.37486948400016],[27.929286237000156,39.37108952300014],[27.927612660000193,39.364907100000096],[27.92763283000005,39.36472441300003],[27.927091083999983,39.36461762700003],[27.927737914000033,39.364727348000145],[27.93098776500011,39.36002091600011],[27.92944094699999,39.35868288000006],[27.93101531400015,39.35719221300013],[27.929111200000193,39.35527141000006],[27.930486330000065,39.354056740000146],[27.92984135400019,39.35218752900062],[27.934269313000186,39.348105093000186],[27.932478860000117,39.341998111000066],[27.935809315000085,39.343899377000525],[27.935862581000038,39.343841185000144],[27.937425950000147,39.34469273300044],[27.937621525000054,39.34281968300019],[27.940517091000004,39.342611447000365],[27.940580909000175,39.3401190080001],[27.943278932,39.337895712000034],[27.944709503000183,39.33820578400008],[27.94604566700025,39.338651173000244],[27.94699008300023,39.33915233300036],[27.95008232900028,39.341242449000276],[27.953087412000286,39.34100936200076],[27.9530054680003,39.34554174200025],[27.95873608900024,39.345098719000816],[27.96378349300022,39.34597934200076],[27.96797565900033,39.35213089400031],[27.97102454900022,39.35222871800073],[27.97259173000026,39.3537023480003],[27.9729252730001,39.354070633000106],[27.971158010000124,39.359910100000036],[27.97856030200012,39.369213549000165],[27.96601951000008,39.37077497000013],[27.96602538500008,39.37291618300014],[27.96329730000008,39.37257500000021],[27.954196938216455,39.378810449590105],[27.954163753199964,39.37896803570351],[27.954356684652282,39.37902436534722],[27.95722522300008,39.378062129000114],[27.962966490000042,39.3800065500003],[27.95381423700013,39.38491992200005],[27.95426157200012,39.38607255500011]]],"type":"Polygon"}}]}