{"type":"FeatureCollection","source_id":"endeksa","retrieved_at":"2026-08-23","features":[{"type":"Feature","properties":{"area_id":"TR-15-011-2007279","name_tr":"Karaköy Köyü","area_level":"neighbourhood","parent_id":"TR-15-011","endeksa_id":2007279},"geometry":{"coordinates":[[[29.56220266421576,37.47513455809491],[29.55984000000018,37.4748400000002],[29.559710916148106,37.47500816770395],[29.559598110356603,37.47500226512068],[29.558420000000126,37.47443000000038],[29.557500000000175,37.47424000000029],[29.556780000000117,37.4739800000001],[29.55661000000009,37.47384000000005],[29.5565900000002,37.47401000000008],[29.554210000000126,37.473920000000135],[29.553560000000175,37.47447000000017],[29.552870000000098,37.47434000000004],[29.552830000000142,37.474270000000104],[29.55178000000012,37.474350000000186],[29.551400000000115,37.47422000000006],[29.550900000000183,37.4744900000004],[29.551080000000127,37.47481000000005],[29.55018000000007,37.47461000000038],[29.549820000000125,37.47461000000038],[29.549760000000163,37.47447000000017],[29.549450000000093,37.4743100000004],[29.549070000000086,37.47424000000029],[29.54869000000008,37.47399000000024],[29.547900000000084,37.473770000000115],[29.54788000000019,37.47365000000036],[29.54753000000005,37.47362000000015],[29.54745000000014,37.473700000000406],[29.547360000000197,37.4736300000003],[29.547170000000108,37.47375000000028],[29.54701000000017,37.47366000000011],[29.54636000000005,37.47387000000026],[29.546130000000176,37.47372000000007],[29.545970000000125,37.47372000000007],[29.54561000000018,37.4739800000001],[29.545190000000048,37.47391000000016],[29.54469000000006,37.47406000000035],[29.543890000000147,37.47397000000069],[29.543530000000203,37.47381000000024],[29.542690000000164,37.47380000000015],[29.542420000000163,37.47395000000046],[29.541770000000042,37.47395000000046],[29.541300000000035,37.47411000000022],[29.54143000000016,37.47420000000017],[29.54047000000014,37.475630000000194],[29.54066000000006,37.475930000000176],[29.54044000000016,37.47633000000042],[29.54048000000006,37.476430000000335],[29.540250000000242,37.47651000000053],[29.539900000000046,37.47644000000042],[29.53973000000019,37.47670000000062],[29.539460000000247,37.476740000000405],[29.539310000000057,37.47694000000058],[29.539340000000095,37.47707000000014],[29.539220000000114,37.47740000000027],[29.538420000000144,37.47775000000013],[29.538070000000175,37.47803000000016],[29.53740000000016,37.47811000000007],[29.53710000000018,37.47803000000016],[29.536047335748037,37.47887768231277],[29.53586791932929,37.47885567475504],[29.535833588135233,37.47871179561605],[29.536096900000132,37.4782562960001],[29.536603144000082,37.47786239599998],[29.53797281499999,37.47614066100061],[29.53885123800012,37.47384769700011],[29.54111244900008,37.469206310000175],[29.5426844750001,37.46492456200065],[29.54464546200012,37.460523414000136],[29.545934169000077,37.45791519100004],[29.54622314300019,37.45695776400032],[29.547468498000114,37.45424684200037],[29.550012898000148,37.451541710000186],[29.55166900400019,37.450244228000486],[29.55225084800003,37.449270470000386],[29.55204266000004,37.44794923100022],[29.551473776000023,37.44674143200007],[29.550185354000178,37.44581545000051],[29.554097770000055,37.44135483500065],[29.55858684800006,37.43706601800011],[29.55889065100007,37.435761688000525],[29.561493431000144,37.437110701000165],[29.563622760000158,37.438435409000135],[29.566550632000144,37.44000751500005],[29.568403530000126,37.44126334500004],[29.5709440010001,37.44213135500024],[29.572899335000045,37.44260686700051],[29.576448667000136,37.44276250500042],[29.576766867000174,37.44380724200062],[29.582616469000072,37.44351842700007],[29.587466372000165,37.44632795900037],[29.58870545800005,37.44657426500032],[29.588580431000082,37.44691327000004],[29.58945249100009,37.447465914000645],[29.58904951800008,37.44882285200015],[29.576185140000064,37.449213815000405],[29.570439287000113,37.44711910300009],[29.56397691500007,37.44930765100003],[29.562856146000172,37.45179700100044],[29.562330054000142,37.47504117200015],[29.56220266421576,37.47513455809491]]],"type":"Polygon"}},{"type":"Feature","properties":{"area_id":"TR-15-011-2007275","name_tr":"Horozköy Köyü","area_level":"neighbourhood","parent_id":"TR-15-011","endeksa_id":2007275},"geometry":{"coordinates":[[[29.602101636781242,37.482150283183785],[29.601890000000083,37.48197000000039],[29.599620000000186,37.48386000000045],[29.598730000000103,37.48330000000033],[29.589990000000114,37.47997000000032],[29.58973000000009,37.47996000000035],[29.58855000000011,37.480520000000126],[29.587670000000173,37.48141000000027],[29.586300000000108,37.482540000000654],[29.58474000000018,37.48198000000036],[29.584540000000175,37.48146000000014],[29.58365000000009,37.480640000000335],[29.579770000000224,37.48069000000038],[29.579590000000053,37.480830000000026],[29.57809000000009,37.48061000000013],[29.576570000000117,37.48075000000034],[29.575070000000153,37.48069000000038],[29.574430000000177,37.48081000000036],[29.573700000000144,37.48066000000017],[29.570640000000083,37.480830000000026],[29.569360000000074,37.48076000000009],[29.570960000000127,37.478970000000174],[29.57124000000016,37.47815000000037],[29.56956000000008,37.47824000000014],[29.56767000000019,37.4784700000007],[29.56742000000014,37.4780600000002],[29.567970000000173,37.477670000000046],[29.567660000000103,37.476900000000114],[29.56681000000009,37.47696000000013],[29.566470000000038,37.47536000000059],[29.56324000000012,37.47555000000068],[29.56325000000004,37.47539000000023],[29.56220266421576,37.47513455809491],[29.562330054000142,37.47504117200015],[29.562856146000172,37.45179700100044],[29.56397691500007,37.44930765100003],[29.570439287000113,37.44711910300009],[29.576185140000064,37.449213815000405],[29.58904951800008,37.44882285200015],[29.58945249100009,37.447465914000645],[29.588580431000082,37.44691327000004],[29.58870545800005,37.44657426500032],[29.59079174600015,37.44697312400001],[29.59363464400019,37.446670624000035],[29.59608694100018,37.44597641100006],[29.598829850000186,37.4455955840001],[29.60294636200007,37.44482889400024],[29.603743276000102,37.44432592200019],[29.60535643200018,37.4446318360001],[29.605307841000126,37.44492352600025],[29.60305620700018,37.44738630400013],[29.602669040000023,37.44803196900017],[29.602415411000095,37.448704636000286],[29.607941091000043,37.4497326150007],[29.611072863000004,37.455484805000026],[29.61450269000005,37.45643737600011],[29.62017843700005,37.46241948200014],[29.61510017700016,37.4671846760001],[29.61368819100005,37.47108439300041],[29.61444518700017,37.47389823200007],[29.61440527200017,37.473992786999986],[29.602101636781242,37.482150283183785]]],"type":"Polygon"}},{"type":"Feature","properties":{"area_id":"TR-15-011-2007283","name_tr":"Niyazlar Köyü","area_level":"neighbourhood","parent_id":"TR-15-011","endeksa_id":2007283},"geometry":{"coordinates":[[[29.757705304000183,37.48887765600011],[29.755862410000134,37.485692131000064],[29.750323000000094,37.48638769100006],[29.74942775000011,37.484292290000155],[29.747638980000033,37.48953351000006],[29.74491832000018,37.487136730000316],[29.7394815400001,37.488404410000044],[29.737520450000034,37.48496988000011],[29.721915880000154,37.47869483000011],[29.71613164000013,37.47983376100029],[29.714600660000087,37.47659493000009],[29.70709927000007,37.47351931999998],[29.702543490000096,37.468068330000165],[29.68799268000015,37.465057951000404],[29.672422080000047,37.45755096000005],[29.665556270000025,37.45642887000008],[29.66555302600011,37.45579403000016],[29.664287648200286,37.45547037835263],[29.664181614034476,37.45537254315275],[29.664243908756532,37.45524895040501],[29.66473417500015,37.45528952700005],[29.670749418000014,37.45155209100011],[29.670839624000052,37.4502227630004],[29.671097976000112,37.44992756300013],[29.670880307000118,37.44993172000056],[29.67088228500012,37.449580285000025],[29.666624377000062,37.44495627600065],[29.663618830000132,37.444485882000095],[29.663521122000077,37.44439551000062],[29.66704404100011,37.4386634280001],[29.66670622530563,37.433798548815616],[29.673750000000155,37.434950000000185],[29.687650000000247,37.43463000000014],[29.697260000000085,37.43382000000031],[29.708760000000154,37.433410000000094],[29.71245000000016,37.43617000000023],[29.715510000000165,37.437310000000195],[29.722260000000176,37.43828000000019],[29.72921000000008,37.43893000000048],[29.749860000000126,37.43990000000031],[29.758040000000165,37.4423400000004],[29.766120000000114,37.44452000000007],[29.76539000000008,37.44779000000028],[29.764730000000213,37.4501800000005],[29.764730000000213,37.45392000000015],[29.763730000000066,37.4654500000006],[29.763890000000174,37.4654500000006],[29.76422000000008,37.46613000000019],[29.764320000000225,37.4661600000004],[29.766430000000184,37.46617000000049],[29.767980000000136,37.46636000000058],[29.769780000000253,37.46714000000031],[29.77085000000011,37.467390000000535],[29.77271000000019,37.46746000000064],[29.77419000000009,37.46786000000037],[29.776160000000175,37.468870000000095],[29.776660000000163,37.4689400000002],[29.777830000000165,37.46888000000018],[29.77825000000007,37.468960000000266],[29.77853000000016,37.469150000000354],[29.77890000000025,37.469710000000646],[29.779510000000073,37.46979000000016],[29.78060000000022,37.47020000000015],[29.78063000000003,37.470550000000515],[29.780490000000157,37.47097000000031],[29.782290000000046,37.47240000000011],[29.78249000000011,37.47295000000014],[29.782410000000198,37.47331000000008],[29.782260000000065,37.47350000000017],[29.782350000000065,37.473710000000494],[29.782100000000128,37.47365000000036],[29.78191000000004,37.473710000000494],[29.781390000000215,37.4734500000003],[29.781310000000133,37.47409000000016],[29.781360000000177,37.47463000000005],[29.781210000000044,37.47508000000016],[29.780710000000056,37.47579000000064],[29.780090000000087,37.47638000000029],[29.779940000000124,37.47675000000049],[29.77961000000016,37.476900000000114],[29.779350000000136,37.477200000000096],[29.778780000000097,37.476990000000455],[29.778700000000185,37.47723000000042],[29.778390000000115,37.477610000000595],[29.77856000000014,37.47775000000013],[29.77813000000009,37.47793000000007],[29.779160000000047,37.47819000000027],[29.779100000000085,37.47836000000012],[29.77918000000011,37.47850000000034],[29.77875000000006,37.47893000000039],[29.778300000000172,37.4787400000003],[29.77819000000011,37.47902000000005],[29.778070000000127,37.478970000000174],[29.77801000000011,37.47905000000037],[29.777965014556685,37.47933790683811],[29.77776876700017,37.47960779000016],[29.76881219000012,37.4819988700001],[29.76897462000005,37.48408478000022],[29.76610904000006,37.48774136000043],[29.761772255000153,37.48659361200032],[29.75782738000015,37.48908867000017],[29.757705304000183,37.48887765600011]]],"type":"Polygon"}},{"type":"Feature","properties":{"area_id":"TR-15-011-2007263","name_tr":"Çaltepe Köyü","area_level":"neighbourhood","parent_id":"TR-15-011","endeksa_id":2007263},"geometry":{"coordinates":[[[29.803229001060743,37.4863859494817],[29.803160000000048,37.48652000000027],[29.80188000000021,37.48486000000008],[29.80142000000012,37.4840300000003],[29.800810000000126,37.48416000000003],[29.800750000000107,37.48453000000046],[29.79946000000018,37.4847400000001],[29.799510000000225,37.4850400000002],[29.79822000000007,37.48534000000018],[29.79771000000011,37.48512000000028],[29.795850000000087,37.484640000000354],[29.796020000000112,37.48411000000016],[29.793030000000158,37.48326000000054],[29.792040000000156,37.483030000000156],[29.791850000000238,37.48342000000031],[29.790170000000103,37.483000000000345],[29.788450000000125,37.48285000000004],[29.78840000000025,37.4826400000004],[29.788520000000233,37.4823100000001],[29.786940000000243,37.48124000000041],[29.787220000000104,37.48090000000013],[29.78646000000009,37.48054000000019],[29.785640000000114,37.48119000000014],[29.784460000000195,37.48154000000034],[29.784050000000036,37.48149000000046],[29.78348000000011,37.48104000000018],[29.782850000000224,37.480770000000575],[29.78171541322564,37.481473018495194],[29.781890000000203,37.48134000000016],[29.781490000000133,37.480960000000664],[29.781230000000107,37.48112000000026],[29.780840000000182,37.480770000000575],[29.781020000000126,37.480640000000335],[29.780860000000246,37.480460000000505],[29.781120000000044,37.480030000000454],[29.78011000000015,37.480280000000164],[29.7796800000001,37.480240000000094],[29.77939000000009,37.48012000000011],[29.779220000000066,37.47983000000028],[29.778950000000123,37.47964000000019],[29.778670000000204,37.47955000000053],[29.777760000000058,37.47962000000064],[29.777860000000146,37.479590000000314],[29.777965014556685,37.47933790683811],[29.77801000000011,37.47905000000037],[29.778070000000127,37.478970000000174],[29.77819000000011,37.47902000000005],[29.778300000000172,37.4787400000003],[29.77875000000006,37.47893000000039],[29.77918000000011,37.47850000000034],[29.779100000000085,37.47836000000012],[29.779160000000047,37.47819000000027],[29.77813000000009,37.47793000000007],[29.77856000000014,37.47775000000013],[29.778390000000115,37.477610000000595],[29.778700000000185,37.47723000000042],[29.778780000000097,37.476990000000455],[29.779350000000136,37.477200000000096],[29.77961000000016,37.476900000000114],[29.779940000000124,37.47675000000049],[29.780090000000087,37.47638000000029],[29.780710000000056,37.47579000000064],[29.781210000000044,37.47508000000016],[29.781360000000177,37.47463000000005],[29.781310000000133,37.47409000000016],[29.781390000000215,37.4734500000003],[29.78191000000004,37.473710000000494],[29.782100000000128,37.47365000000036],[29.782350000000065,37.473710000000494],[29.782260000000065,37.47350000000017],[29.782410000000198,37.47331000000008],[29.78249000000011,37.47295000000014],[29.782290000000046,37.47240000000011],[29.780490000000157,37.47097000000031],[29.78063000000003,37.470550000000515],[29.78060000000022,37.47020000000015],[29.779510000000073,37.46979000000016],[29.77890000000025,37.469710000000646],[29.77853000000016,37.469150000000354],[29.77825000000007,37.468960000000266],[29.777830000000165,37.46888000000018],[29.776660000000163,37.4689400000002],[29.776160000000175,37.468870000000095],[29.77419000000009,37.46786000000037],[29.77271000000019,37.46746000000064],[29.77085000000011,37.467390000000535],[29.769780000000253,37.46714000000031],[29.767980000000136,37.46636000000058],[29.766430000000184,37.46617000000049],[29.764320000000225,37.4661600000004],[29.76422000000008,37.46613000000019],[29.763890000000174,37.4654500000006],[29.763730000000066,37.4654500000006],[29.764730000000213,37.45392000000015],[29.764730000000213,37.4501800000005],[29.76539000000008,37.44779000000028],[29.766120000000114,37.44452000000007],[29.765870000000177,37.44439000000034],[29.765880000000152,37.44414000000029],[29.766800000000046,37.44416000000035],[29.768360000000143,37.44404000000014],[29.769550000000038,37.44415000000038],[29.769510000000082,37.444370000000106],[29.770030000000133,37.444470000000194],[29.770050000000197,37.44438000000025],[29.770460000000185,37.44439000000034],[29.770550000000185,37.44420000000025],[29.772360000000162,37.44430000000017],[29.773370000000114,37.444550000000106],[29.77335000000005,37.44485000000003],[29.774790000000166,37.44491000000005],[29.774860000000103,37.44452000000007],[29.77555000000018,37.444620000000214],[29.777100000000132,37.444400000000314],[29.777270000000215,37.44414000000029],[29.77775000000014,37.44392000000039],[29.779440000000136,37.443500000000085],[29.780560000000094,37.44246000000015],[29.780980000000227,37.441740000000095],[29.781630000000177,37.44100000000037],[29.782160000000147,37.439940000000206],[29.78265000000016,37.43931000000066],[29.782820000000186,37.43897000000027],[29.78277000000014,37.43859000000009],[29.782940000000167,37.437890000000266],[29.783850000000143,37.436690000000056],[29.78482000000014,37.435050000000615],[29.785270000000082,37.433680000000265],[29.786350000000084,37.43425000000036],[29.786690000000135,37.43414000000064],[29.787300000000187,37.434490000000324],[29.787590000000193,37.43435000000028],[29.787810000000093,37.43445000000003],[29.788420000000087,37.43357000000037],[29.789510000000064,37.43336000000005],[29.789510000000064,37.43251000000009],[29.78983000000005,37.432420000000434],[29.790230000000122,37.432450000000074],[29.790770000000236,37.432910000000334],[29.791220000000123,37.43177000000014],[29.79201000000012,37.43171000000012],[29.794180000000097,37.43185000000017],[29.79433000000006,37.43194000000051],[29.796170000000075,37.43199000000038],[29.796420000000182,37.431800000000294],[29.79637000000008,37.43155000000024],[29.79594000000003,37.431180000000154],[29.797210000000177,37.43024000000054],[29.797460000000058,37.43028000000032],[29.797590000000127,37.430400000000304],[29.79792000000009,37.43026000000009],[29.79860000000025,37.43050000000005],[29.799650000000042,37.43035000000003],[29.799910000000068,37.43039000000016],[29.801410000000203,37.429910000000234],[29.8036800000001,37.42887000000019],[29.80684000000008,37.427270000000135],[29.807260000000156,37.42717000000022],[29.810320000000047,37.42558000000008],[29.810570000000155,37.42530000000039],[29.814600000000155,37.42743000000041],[29.820741509667016,37.42878926789081],[29.82069000000007,37.42900000000026],[29.820420000000126,37.42912000000024],[29.8203400000001,37.4293600000002],[29.819950000000176,37.42973000000029],[29.820020000000056,37.42983000000004],[29.82047000000017,37.429910000000234],[29.820610000000045,37.43005000000045],[29.82084000000009,37.43124000000017],[29.820790000000216,37.431640000000186],[29.82057000000009,37.43194000000051],[29.819870000000094,37.43191000000019],[29.819650000000195,37.43208000000004],[29.81985000000003,37.432970000000466],[29.81973000000005,37.43377000000004],[29.819220000000144,37.4342300000003],[29.81920000000008,37.434580000000096],[29.819090000000244,37.43471000000022],[29.818560000000048,37.43504000000013],[29.82087000000007,37.436840000000245],[29.82128000000006,37.43704000000042],[29.821650000000147,37.43748000000005],[29.8219000000002,37.43868000000003],[29.82267000000013,37.440500000000384],[29.823110000000156,37.4411700000004],[29.820280000000082,37.44900000000024],[29.819120000000055,37.45197000000013],[29.821940000000154,37.45275000000015],[29.82158000000021,37.45356000000021],[29.821360000000084,37.45452000000006],[29.820760000000178,37.4560000000003],[29.82127000000014,37.4561800000003],[29.82096000000007,37.4571200000006],[29.82143000000019,37.45793000000015],[29.820830000000115,37.4584000000001],[29.821130000000096,37.45872000000014],[29.820820000000197,37.45895000000013],[29.82062000000019,37.459240000000364],[29.820520000000045,37.45917000000003],[29.819990000000075,37.45966000000044],[29.820890000000134,37.460170000000176],[29.820060000000183,37.46114000000068],[29.82010000000014,37.46127000000007],[29.822310000000186,37.46298000000019],[29.82180000000011,37.463180000000364],[29.82131000000004,37.46325000000047],[29.82128000000006,37.46387000000061],[29.81969000000015,37.4640600000007],[29.81963000000013,37.46423000000004],[29.819710000000214,37.464380000000176],[29.81963000000013,37.46452000000039],[29.820380000000227,37.465180000000316],[29.819440000000043,37.46569000000056],[29.81811000000016,37.46699000000012],[29.816090000000145,37.466140000000166],[29.81480000000016,37.465710000000115],[29.81440000000015,37.46703000000059],[29.813360000000046,37.46929000000017],[29.81220000000019,37.472250000000486],[29.805430000000115,37.4821100000006],[29.803229001060743,37.4863859494817]]],"type":"Polygon"}},{"type":"Feature","properties":{"area_id":"TR-15-011-2007260","name_tr":"Bedirli Köyü","area_level":"neighbourhood","parent_id":"TR-15-011","endeksa_id":2007260},"geometry":{"coordinates":[[[29.852599924000117,37.49291747700033],[29.852490044000092,37.492988830000286],[29.850070916000163,37.491442732999985],[29.849921440000003,37.49144128900008],[29.841735593000124,37.50063425900004],[29.838930620000156,37.50058161000004],[29.8363966660001,37.4980787370007],[29.83391111900005,37.49894535900046],[29.832121273000098,37.497840494000116],[29.8317575800001,37.4952390510004],[29.82702540700018,37.49624314699997],[29.82580132800007,37.49747746200006],[29.825345573000106,37.49765655000067],[29.822975015000054,37.4985397830003],[29.81682658600016,37.497627835000515],[29.8159281880001,37.49617196100013],[29.817270266000094,37.49489942000008],[29.81599256300018,37.494093329000634],[29.813102159000152,37.496023565000144],[29.810293167000054,37.494759451000505],[29.810177825000096,37.49480102600012],[29.80944690600012,37.4957277700006],[29.809310291000088,37.49575921900009],[29.806126899000105,37.494079819000035],[29.807896132000053,37.491741062000074],[29.807868364000058,37.49161558200035],[29.803435039000135,37.49183111000042],[29.80334629900011,37.491737172000285],[29.803235309000172,37.491842021000025],[29.80362704500004,37.49094512200065],[29.803681755000127,37.4909690180005],[29.803800249000176,37.490735736000204],[29.803648658000157,37.4905792440004],[29.80106976200011,37.49083339000015],[29.800308987000165,37.49110603000014],[29.800357711000117,37.49095724400041],[29.80006514000013,37.49091371300045],[29.80001812100005,37.49078518100015],[29.803294689000097,37.48648051400005],[29.803229001060743,37.4863859494817],[29.805430000000115,37.4821100000006],[29.81220000000019,37.472250000000486],[29.813360000000046,37.46929000000017],[29.81440000000015,37.46703000000059],[29.81480000000016,37.465710000000115],[29.816090000000145,37.466140000000166],[29.81811000000016,37.46699000000012],[29.819440000000043,37.46569000000056],[29.820380000000227,37.465180000000316],[29.81963000000013,37.46452000000039],[29.819710000000214,37.464380000000176],[29.81963000000013,37.46423000000004],[29.81969000000015,37.4640600000007],[29.82128000000006,37.46387000000061],[29.82131000000004,37.46325000000047],[29.82180000000011,37.463180000000364],[29.822310000000186,37.46298000000019],[29.82010000000014,37.46127000000007],[29.820060000000183,37.46114000000068],[29.820890000000134,37.460170000000176],[29.819990000000075,37.45966000000044],[29.820520000000045,37.45917000000003],[29.82062000000019,37.459240000000364],[29.820820000000197,37.45895000000013],[29.821130000000096,37.45872000000014],[29.820830000000115,37.4584000000001],[29.82143000000019,37.45793000000015],[29.82096000000007,37.4571200000006],[29.82127000000014,37.4561800000003],[29.820760000000178,37.4560000000003],[29.821360000000084,37.45452000000006],[29.82158000000021,37.45356000000021],[29.821940000000154,37.45275000000015],[29.819120000000055,37.45197000000013],[29.820280000000082,37.44900000000024],[29.823110000000156,37.4411700000004],[29.82267000000013,37.440500000000384],[29.8219000000002,37.43868000000003],[29.821650000000147,37.43748000000005],[29.82128000000006,37.43704000000042],[29.82087000000007,37.436840000000245],[29.818560000000048,37.43504000000013],[29.819090000000244,37.43471000000022],[29.81920000000008,37.434580000000096],[29.819220000000144,37.4342300000003],[29.81973000000005,37.43377000000004],[29.81985000000003,37.432970000000466],[29.819650000000195,37.43208000000004],[29.819870000000094,37.43191000000019],[29.82057000000009,37.43194000000051],[29.820790000000216,37.431640000000186],[29.82084000000009,37.43124000000017],[29.820610000000045,37.43005000000045],[29.82047000000017,37.429910000000234],[29.820020000000056,37.42983000000004],[29.819950000000176,37.42973000000029],[29.8203400000001,37.4293600000002],[29.820420000000126,37.42912000000024],[29.82069000000007,37.42900000000026],[29.820741509667016,37.42878926789081],[29.821592097000064,37.426556277000145],[29.824629921000053,37.424030157000004],[29.84015721500009,37.42313867000041],[29.85170982400001,37.418412816],[29.860016347000112,37.423941796000065],[29.860203904000116,37.42391539600055],[29.860186250000083,37.424050446000024],[29.862686701000086,37.425730843000395],[29.864018146000035,37.42993660900004],[29.862853239000003,37.443759118],[29.87834306400009,37.44947896000008],[29.878311797000094,37.44958476900018],[29.87447783100015,37.45249232700024],[29.874001809000163,37.45472654200012],[29.87566508900011,37.45602912900017],[29.873831796000047,37.4565789400001],[29.873758294000027,37.45668042700038],[29.87511571600004,37.458056869000075],[29.87516445800003,37.46179456600066],[29.878418997000097,37.46327544900004],[29.877520979000053,37.46570063600001],[29.88124529600009,37.47172329700015],[29.88709867500006,37.474480689000075],[29.88964262800016,37.471983231000024],[29.890232910000123,37.47248309400004],[29.890605431000154,37.47317978000018],[29.895774992000042,37.473895127000446],[29.895808672000157,37.474016228000096],[29.895488544000102,37.47434674300018],[29.888723911000056,37.48123277200017],[29.888574399000106,37.48118585500043],[29.885672860000113,37.47677749100001],[29.884259021000105,37.477372923000075],[29.883177560000092,37.47851434000046],[29.884760593000067,37.47972292100036],[29.88368710900005,37.48064045300009],[29.88367086400001,37.48074798500011],[29.884446901000047,37.480909904999976],[29.884281408000106,37.48160648900006],[29.88492098500018,37.481388730000106],[29.88503479300016,37.48142864100009],[29.885048326000117,37.48152713600018],[29.877355870000144,37.48594756000051],[29.877604195000174,37.49014002600012],[29.87754209100018,37.49022936000023],[29.877410848000068,37.49022593500007],[29.875207940000053,37.48899798100007],[29.868531180000048,37.49033546900057],[29.86654320000008,37.488519821000125],[29.85618502000011,37.48602941100012],[29.85379304900016,37.491972984000256],[29.852599924000117,37.49291747700033]]],"type":"Polygon"}},{"type":"Feature","properties":{"area_id":"TR-15-011-11101","name_tr":"Emek","area_level":"neighbourhood","parent_id":"TR-15-011","endeksa_id":11101},"geometry":{"coordinates":[[[29.757621982000046,37.50417415400028],[29.7562316800001,37.50411193400009],[29.75567080600007,37.504238258999976],[29.75477168600014,37.50401165300025],[29.75377218,37.504253280000114],[29.748760033000167,37.506682464000164],[29.74734433399999,37.50670471800004],[29.74747947000003,37.5063909600002],[29.746603890000017,37.504215140000156],[29.74798228000003,37.501419420000616],[29.7492671600001,37.50161220100017],[29.748384772000122,37.500758258000076],[29.748550003000048,37.50071565200011],[29.748323139000092,37.500432040000135],[29.75041847000017,37.49987200000015],[29.750520602999984,37.49492524800013],[29.75776840000009,37.48906607000043],[29.757705304000183,37.48887765600011],[29.75782738000015,37.48908867000017],[29.761772255000153,37.48659361200032],[29.76610904000006,37.48774136000043],[29.76897462000005,37.48408478000022],[29.76881219000012,37.4819988700001],[29.77776876700017,37.47960779000016],[29.777965014556685,37.47933790683811],[29.777860000000146,37.479590000000314],[29.777760000000058,37.47962000000064],[29.778670000000204,37.47955000000053],[29.778950000000123,37.47964000000019],[29.779220000000066,37.47983000000028],[29.77939000000009,37.48012000000011],[29.7796800000001,37.480240000000094],[29.78011000000015,37.480280000000164],[29.781120000000044,37.480030000000454],[29.780860000000246,37.480460000000505],[29.781020000000126,37.480640000000335],[29.780840000000182,37.480770000000575],[29.781230000000107,37.48112000000026],[29.781490000000133,37.480960000000664],[29.781890000000203,37.48134000000016],[29.78171541322564,37.481473018495194],[29.776538170000038,37.48380198600012],[29.775604905000023,37.48458587500005],[29.774264454000047,37.48661862500035],[29.77041919700008,37.49520352400003],[29.76557867000008,37.49819416300011],[29.764967375000026,37.499174997000125],[29.762519055000155,37.500749494000104],[29.761037511000097,37.50234228500017],[29.757621982000046,37.50417415400028]]],"type":"Polygon"}},{"type":"Feature","properties":{"area_id":"TR-15-011-11100","name_tr":"Değirmen","area_level":"neighbourhood","parent_id":"TR-15-011","endeksa_id":11100},"geometry":{"coordinates":[[[29.744623542920635,37.51049345334968],[29.742239280000035,37.51104558000003],[29.742825465000124,37.507141567000076],[29.741280120000056,37.505376248999994],[29.738388933000067,37.50619080100006],[29.737061967000045,37.50551872500006],[29.738002609000034,37.50434804200046],[29.737963971000056,37.5042160980002],[29.732580159999998,37.503170801000124],[29.731391693000035,37.49917235800018],[29.728079979000086,37.49934021700062],[29.727974272000154,37.49928125299999],[29.727899251000053,37.49900483000067],[29.727755863000084,37.49892742400016],[29.725034306000055,37.499373158000594],[29.724596330000054,37.49954078100052],[29.720312250000177,37.4972285500001],[29.718752686000073,37.49426613900005],[29.708776531000012,37.489947115000234],[29.70511425000018,37.49122538000006],[29.698032993000027,37.48838224999997],[29.6921720900001,37.490347840000084],[29.682880870000133,37.489425730000164],[29.67621603000009,37.48241011000039],[29.676156803000083,37.48255205000004],[29.66998755000003,37.47624553000014],[29.66750850000011,37.4764817300005],[29.665418420000037,37.47175302000022],[29.66011966000019,37.46898887000049],[29.65734019029793,37.465437982477965],[29.65713424456942,37.465394767255134],[29.657298310000158,37.46532655100009],[29.66093264851969,37.45936477422953],[29.660809790000087,37.45458125000033],[29.66555302600011,37.45579403000016],[29.665556270000025,37.45642887000008],[29.672422080000047,37.45755096000005],[29.68799268000015,37.465057951000404],[29.702543490000096,37.468068330000165],[29.70709927000007,37.47351931999998],[29.714600660000087,37.47659493000009],[29.71613164000013,37.47983376100029],[29.721915880000154,37.47869483000011],[29.737520450000034,37.48496988000011],[29.7394815400001,37.488404410000044],[29.74491832000018,37.487136730000316],[29.747638980000033,37.48953351000006],[29.74942775000011,37.484292290000155],[29.750323000000094,37.48638769100006],[29.755862410000134,37.485692131000064],[29.757705304000183,37.48887765600011],[29.75776840000009,37.48906607000043],[29.750520602999984,37.49492524800013],[29.75041847000017,37.49987200000015],[29.748323139000092,37.500432040000135],[29.748550003000048,37.50071565200011],[29.748384772000122,37.500758258000076],[29.7492671600001,37.50161220100017],[29.74798228000003,37.501419420000616],[29.746603890000017,37.504215140000156],[29.74747947000003,37.5063909600002],[29.746982966000132,37.507543736],[29.745827260000056,37.508103860000176],[29.746029205000184,37.50975816700054],[29.745833160000018,37.510213341],[29.744623542920635,37.51049345334968]]],"type":"Polygon"}},{"type":"Feature","properties":{"area_id":"TR-15-011-11103","name_tr":"Merkez","area_level":"neighbourhood","parent_id":"TR-15-011","endeksa_id":11103},"geometry":{"coordinates":[[[29.757621982000046,37.50417415400028],[29.758503760000167,37.504902792000166],[29.758648564000055,37.505586408000056],[29.75855016500003,37.50597941100017],[29.758446808000087,37.506044010000096],[29.757559893000177,37.506050836000156],[29.755006988000048,37.50805502100013],[29.75454076300008,37.50981961200006],[29.753763672000048,37.51102918700019],[29.753445286000158,37.51213049300054],[29.75185734400003,37.51343621800015],[29.751886727000056,37.51440225500039],[29.752458080000167,37.51640217400006],[29.752320398000165,37.516494188000195],[29.751953442000172,37.51635568500001],[29.752168624000035,37.516440150000165],[29.75165585600007,37.516419882000264],[29.75114067000004,37.51587393100016],[29.75094818800011,37.515934175000666],[29.750505381000153,37.51637440900032],[29.749202786000126,37.51632292300013],[29.748768120000022,37.51546166000003],[29.74715292000019,37.516241901],[29.748394166000026,37.51318697900001],[29.746387180000056,37.51269066000026],[29.746142677000137,37.51058840100012],[29.74465738941194,37.510740420705076],[29.744510374118136,37.51062830926992],[29.744623542920635,37.51049345334968],[29.745833160000018,37.510213341],[29.746029205000184,37.50975816700054],[29.745827260000056,37.508103860000176],[29.746982966000132,37.507543736],[29.74734433399999,37.50670471800004],[29.748760033000167,37.506682464000164],[29.75377218,37.504253280000114],[29.75477168600014,37.50401165300025],[29.75567080600007,37.504238258999976],[29.7562316800001,37.50411193400009],[29.757621982000046,37.50417415400028]]],"type":"Polygon"}},{"type":"Feature","properties":{"area_id":"TR-15-011-11102","name_tr":"Koyunlar Çeşme","area_level":"neighbourhood","parent_id":"TR-15-011","endeksa_id":11102},"geometry":{"coordinates":[[[29.77964704702805,37.51015000000018],[29.77951165600001,37.509524574000125],[29.777848235000135,37.509406680000325],[29.774802098000123,37.50824589300015],[29.77353031800004,37.5083424620002],[29.772884115000124,37.508190752000075],[29.77220225100018,37.50744110000005],[29.77133431700014,37.50697409000031],[29.770923137000068,37.50601063400018],[29.770522173000074,37.505770689000485],[29.76982255900009,37.507089308000104],[29.767682973000035,37.50818212700017],[29.764316839000003,37.50904877400001],[29.762616645000037,37.5097017260004],[29.761586001000012,37.51039378000064],[29.760716607000063,37.511490401000515],[29.760173542000132,37.511800025000014],[29.759541452000065,37.512775563000446],[29.756868328000053,37.5144461750001],[29.75648628400006,37.514990837000596],[29.756310954000128,37.51618638400066],[29.75645526600016,37.518071965000445],[29.756547276000106,37.51815889200009],[29.751953442000172,37.51635568500001],[29.752320398000165,37.516494188000195],[29.752458080000167,37.51640217400006],[29.751886727000056,37.51440225500039],[29.75185734400003,37.51343621800015],[29.753445286000158,37.51213049300054],[29.753763672000048,37.51102918700019],[29.75454076300008,37.50981961200006],[29.755006988000048,37.50805502100013],[29.757559893000177,37.506050836000156],[29.758446808000087,37.506044010000096],[29.75855016500003,37.50597941100017],[29.758648564000055,37.505586408000056],[29.758503760000167,37.504902792000166],[29.757621982000046,37.50417415400028],[29.761037511000097,37.50234228500017],[29.762519055000155,37.500749494000104],[29.764967375000026,37.499174997000125],[29.76557867000008,37.49819416300011],[29.77041919700008,37.49520352400003],[29.774264454000047,37.48661862500035],[29.775604905000023,37.48458587500005],[29.776538170000038,37.48380198600012],[29.78171541322564,37.481473018495194],[29.782850000000224,37.480770000000575],[29.78348000000011,37.48104000000018],[29.784050000000036,37.48149000000046],[29.784460000000195,37.48154000000034],[29.785640000000114,37.48119000000014],[29.78646000000009,37.48054000000019],[29.787220000000104,37.48090000000013],[29.786940000000243,37.48124000000041],[29.788520000000233,37.4823100000001],[29.78840000000025,37.4826400000004],[29.788450000000125,37.48285000000004],[29.790170000000103,37.483000000000345],[29.791850000000238,37.48342000000031],[29.792040000000156,37.483030000000156],[29.793030000000158,37.48326000000054],[29.796020000000112,37.48411000000016],[29.795850000000087,37.484640000000354],[29.79771000000011,37.48512000000028],[29.79822000000007,37.48534000000018],[29.799510000000225,37.4850400000002],[29.79946000000018,37.4847400000001],[29.800750000000107,37.48453000000046],[29.800810000000126,37.48416000000003],[29.80142000000012,37.4840300000003],[29.80188000000021,37.48486000000008],[29.803160000000048,37.48652000000027],[29.803229001060743,37.4863859494817],[29.803294689000097,37.48648051400005],[29.80001812100005,37.49078518100015],[29.80006514000013,37.49091371300045],[29.800357711000117,37.49095724400041],[29.800308987000165,37.49110603000014],[29.79666077400003,37.49243617500048],[29.790719177000028,37.49822673400024],[29.792003142000112,37.50175412300018],[29.790531531000113,37.50472994300003],[29.790896862623924,37.50496428179338],[29.789350000000127,37.50476000000026],[29.789330000000064,37.50514000000044],[29.789920000000052,37.50531000000029],[29.78977000000009,37.506200000000035],[29.78946000000019,37.50693000000007],[29.788650000000132,37.50742000000008],[29.788280000000043,37.50755000000021],[29.78823000000017,37.507660000000044],[29.786530000000027,37.50869000000017],[29.784640000000138,37.50848000000042],[29.78453000000013,37.508710000000235],[29.78419000000025,37.50872000000038],[29.784090000000106,37.50881000000015],[29.783560000000136,37.50882000000013],[29.78357000000011,37.508890000000235],[29.783030000000167,37.50882000000013],[29.783030000000167,37.509140000000286],[29.782100000000128,37.509110000000646],[29.78199000000012,37.5092800000005],[29.78168000000005,37.5092800000005],[29.781370000000152,37.50978000000066],[29.78134000000017,37.51028000000014],[29.77964704702805,37.51015000000018]]],"type":"Polygon"}},{"type":"Feature","properties":{"area_id":"TR-15-011-11099","name_tr":"Bahcelievler","area_level":"neighbourhood","parent_id":"TR-15-011","endeksa_id":11099},"geometry":{"coordinates":[[[29.77964704702805,37.51015000000018],[29.77946000000003,37.51015000000018],[29.77990000000017,37.51145000000031],[29.778770000000122,37.510940000000176],[29.778470000000198,37.511310000000094],[29.77806000000021,37.511100000000454],[29.777760000000058,37.51173000000017],[29.777580000000057,37.51189000000045],[29.777590000000032,37.51202000000018],[29.778260000000046,37.5130300000003],[29.778660000000116,37.51483000000019],[29.77831000000009,37.51542000000012],[29.778390000000115,37.51558000000023],[29.778540000000135,37.515640000000246],[29.779290000000174,37.51580000000013],[29.77884000000006,37.51628000000005],[29.77914000000021,37.51647000000014],[29.77871000000016,37.51687000000038],[29.77853000000016,37.51677000000063],[29.778240000000153,37.51697000000013],[29.77775000000014,37.51743000000016],[29.777650000000165,37.51758000000018],[29.77760000000012,37.518180000000086],[29.777100000000132,37.51877000000019],[29.777140000000088,37.51882000000006],[29.777450000000158,37.51869000000033],[29.777640000000076,37.51886000000019],[29.7777200000001,37.51923000000028],[29.777520000000095,37.52047000000039],[29.77813000000009,37.52098000000012],[29.780150000000106,37.52383000000003],[29.779430000000048,37.52441000000039],[29.77914000000021,37.52454000000034],[29.778160000000128,37.524690000000135],[29.77788000000004,37.524820000000204],[29.774370000000033,37.52563000000043],[29.77282000000025,37.52635000000032],[29.772660000000144,37.52675000000005],[29.772623866566846,37.526806207563425],[29.77276978400016,37.52646960400011],[29.772737682000184,37.52636692600015],[29.763897991000192,37.52332590500066],[29.763012387000117,37.518960023000204],[29.76288948600012,37.51887640700039],[29.76031097600014,37.51895299600005],[29.756547276000106,37.51815889200009],[29.75645526600016,37.518071965000445],[29.756310954000128,37.51618638400066],[29.75648628400006,37.514990837000596],[29.756868328000053,37.5144461750001],[29.759541452000065,37.512775563000446],[29.760173542000132,37.511800025000014],[29.760716607000063,37.511490401000515],[29.761586001000012,37.51039378000064],[29.762616645000037,37.5097017260004],[29.764316839000003,37.50904877400001],[29.767682973000035,37.50818212700017],[29.76982255900009,37.507089308000104],[29.770522173000074,37.505770689000485],[29.770923137000068,37.50601063400018],[29.77133431700014,37.50697409000031],[29.77220225100018,37.50744110000005],[29.772884115000124,37.508190752000075],[29.77353031800004,37.5083424620002],[29.774802098000123,37.50824589300015],[29.777848235000135,37.509406680000325],[29.77951165600001,37.509524574000125],[29.77964704702805,37.51015000000018]]],"type":"Polygon"}},{"type":"Feature","properties":{"area_id":"TR-15-011-2007257","name_tr":"Başkuyu Köyü","area_level":"neighbourhood","parent_id":"TR-15-011","endeksa_id":2007257},"geometry":{"coordinates":[[[29.94454759100006,37.498664883000345],[29.944299556000033,37.498638646000074],[29.942026610000084,37.5208272600006],[29.941930513000045,37.520733630000166],[29.94195289247199,37.520844493821755],[29.93619000000018,37.51638000000037],[29.93610000000018,37.51559000000037],[29.935780000000193,37.51497000000023],[29.92451000000011,37.5112000000002],[29.91421000000014,37.507130000000245],[29.900840000000073,37.50374000000005],[29.900020000000097,37.50482000000028],[29.899870000000078,37.50540000000012],[29.900410000000193,37.50715000000048],[29.900500000000193,37.50822000000022],[29.899220000000128,37.50780000000026],[29.898660000000177,37.50776000000013],[29.89849000000015,37.507840000000044],[29.898880000000077,37.507410000000164],[29.898600000000158,37.50726000000037],[29.89729000000017,37.507000000000176],[29.897060000000124,37.50723000000016],[29.8969800000001,37.50690000000003],[29.89701000000008,37.50643000000059],[29.89682000000016,37.50614000000007],[29.896840000000054,37.505920000000344],[29.896720000000073,37.50595000000067],[29.89664000000016,37.50602000000009],[29.896720000000073,37.5067700000003],[29.89630000000011,37.50705000000005],[29.89618000000013,37.50752000000017],[29.895720000000097,37.50788000000034],[29.895760000000223,37.50826000000012],[29.89565000000016,37.50853000000029],[29.895360000000153,37.50882000000013],[29.89565000000016,37.50926000000027],[29.895140000000083,37.50953000000004],[29.895300000000134,37.50994000000043],[29.895040000000165,37.51015000000018],[29.894950000000165,37.51055000000042],[29.8947500000001,37.510810000000106],[29.894740000000183,37.51126000000022],[29.894540000000177,37.51177000000047],[29.894670000000076,37.51228000000003],[29.894580000000076,37.51260000000025],[29.89419000000015,37.51226000000014],[29.893960000000106,37.5121700000002],[29.89366000000018,37.512180000000285],[29.892080000000192,37.511710000000335],[29.890790000000038,37.511430000000075],[29.891260000000216,37.51098000000047],[29.89066000000014,37.51055000000042],[29.88970000000006,37.51106000000016],[29.888820000000123,37.51139000000029],[29.888360000000034,37.51121000000035],[29.887680000000103,37.511710000000335],[29.886940000000152,37.51243000000039],[29.886830000000145,37.512370000000374],[29.886670000000038,37.512680000000444],[29.886640000000227,37.512950000000046],[29.88617000000005,37.513330000000224],[29.885970000000214,37.5133800000001],[29.885780000000125,37.51315000000028],[29.884850000000085,37.5127700000001],[29.883430000000203,37.51275000000055],[29.883330000000058,37.51254000000023],[29.88288000000017,37.51260000000025],[29.88311000000016,37.513010000000065],[29.88360000000023,37.51344000000012],[29.883490000000165,37.51344000000012],[29.883690000000172,37.51360000000017],[29.883780000000172,37.513820000000294],[29.88311000000016,37.51421000000005],[29.88177000000013,37.51448000000016],[29.881890000000112,37.51476000000059],[29.88143000000008,37.51493000000045],[29.88087000000013,37.51439000000039],[29.879030000000114,37.514190000000326],[29.87883000000005,37.514040000000705],[29.878660000000195,37.514100000000155],[29.878320000000144,37.51399000000015],[29.877600000000086,37.51417000000009],[29.8778700000002,37.51465000000019],[29.877230000000225,37.51579000000004],[29.876930000000073,37.51674000000031],[29.876610000000255,37.51678000000004],[29.875990000000115,37.51655000000022],[29.875820714115036,37.51656960356166],[29.871555240000134,37.515025841000295],[29.870208939000065,37.51263993000015],[29.86725715000017,37.51281157000017],[29.866676740000116,37.51059086000009],[29.870406364000132,37.508157554000036],[29.866924649999987,37.504154730000096],[29.866994360000092,37.49931924500015],[29.860228367000104,37.49734249000062],[29.85681148200007,37.49532690900003],[29.856527930000084,37.49474786200017],[29.85250090000011,37.492995861000054],[29.85379304900016,37.491972984000256],[29.85618502000011,37.48602941100012],[29.86654320000008,37.488519821000125],[29.868531180000048,37.49033546900057],[29.875207940000053,37.48899798100007],[29.877410848000068,37.49022593500007],[29.87754209100018,37.49022936000023],[29.877604195000174,37.49014002600012],[29.877355870000144,37.48594756000051],[29.885048326000117,37.48152713600018],[29.88503479300016,37.48142864100009],[29.88492098500018,37.481388730000106],[29.884281408000106,37.48160648900006],[29.884446901000047,37.480909904999976],[29.88367086400001,37.48074798500011],[29.88368710900005,37.48064045300009],[29.884760593000067,37.47972292100036],[29.883177560000092,37.47851434000046],[29.884259021000105,37.477372923000075],[29.885672860000113,37.47677749100001],[29.888574399000106,37.48118585500043],[29.888723911000056,37.48123277200017],[29.895488544000102,37.47434674300018],[29.895629137000128,37.47431455800006],[29.895710665000138,37.474414176000494],[29.895635747000142,37.47451751300025],[29.89938827000003,37.476068482000414],[29.900932142000045,37.47656990600069],[29.9033908560001,37.47584695500029],[29.905594831000087,37.47876857000017],[29.90571983300015,37.478703593000034],[29.906026811000118,37.47762393700009],[29.906145553000044,37.47755423899997],[29.914658389000067,37.47869151200001],[29.921591318000026,37.475534996000135],[29.921741970000028,37.47549573000009],[29.921772720000092,37.47564797400008],[29.92083336800016,37.47778647600012],[29.91791569500009,37.48057743200013],[29.921214213000155,37.4832044450003],[29.924557265000033,37.49031154000028],[29.92470475400006,37.490335491000394],[29.933568865000098,37.48695346500034],[29.941308345000095,37.4919823940005],[29.941129350000097,37.493030730000555],[29.941188111000088,37.49313430400042],[29.944748120000042,37.49425974200028],[29.944760217000066,37.49499821000063],[29.944663329000036,37.49508747300047],[29.94459207699998,37.49578304400001],[29.94477342800019,37.495802226000364],[29.94471052700004,37.496599550999974],[29.944571012000097,37.49660184400011],[29.94449046900013,37.49808191400018],[29.94454759100006,37.498664883000345]]],"type":"Polygon"}},{"type":"Feature","properties":{"area_id":"TR-15-011-2007273","name_tr":"Güney Köyü","area_level":"neighbourhood","parent_id":"TR-15-011","endeksa_id":2007273},"geometry":{"coordinates":[[[29.579698921804265,37.52660105611119],[29.579600000000198,37.5266500000003],[29.579250000000172,37.52615000000014],[29.576800000000162,37.52519000000029],[29.57219000000009,37.524290000000406],[29.56795000000011,37.52380000000039],[29.559320000000127,37.523110000000145],[29.557530000000213,37.52281000000016],[29.555450000000235,37.52233000000024],[29.553970000000163,37.52185000000031],[29.54899000000006,37.51981000000012],[29.54286000000019,37.51861000000014],[29.54044000000016,37.51830000000007],[29.536210000000096,37.51739000000009],[29.53450000000015,37.516910000000166],[29.53257000000019,37.51625000000024],[29.529670000000237,37.515000000000555],[29.52440000000007,37.513020000000154],[29.521900000000187,37.5125000000001],[29.51997000000017,37.51306000000011],[29.517990000000168,37.51400000000024],[29.515090000000214,37.51482000000004],[29.513210000000072,37.51458000000008],[29.51098000000013,37.514840000000106],[29.508610000000147,37.515560000000164],[29.504346771647192,37.51543170840614],[29.504290000000083,37.515430000000606],[29.503820000000132,37.513170000000116],[29.502080000000035,37.51008000000007],[29.502100000000098,37.50718000000012],[29.50148000000013,37.505390000000375],[29.500780000000134,37.50532000000004],[29.49779000000018,37.503840000000196],[29.497800000000097,37.50336000000027],[29.49618000000021,37.498920000000226],[29.495260000000087,37.49820000000034],[29.495460000000094,37.498020000000395],[29.495600000000138,37.4979800000001],[29.49578000000014,37.49807000000027],[29.496260000000063,37.49785000000014],[29.496360000000152,37.49761000000018],[29.49615000000017,37.49702000000008],[29.495650000000182,37.49649000000028],[29.492770683505796,37.495052807577395],[29.49252000000024,37.49494000000061],[29.497460000000046,37.494120000000294],[29.508990000000153,37.491330000000346],[29.509340000000122,37.49072000000035],[29.50975000000011,37.490250000000515],[29.50959000000006,37.488880000000165],[29.511132641362224,37.486505715598014],[29.511860000000127,37.48540000000014],[29.512020000000177,37.48491000000013],[29.512510000000077,37.48457000000025],[29.51340000000016,37.484610000000146],[29.515310000000113,37.48422000000039],[29.519960000000083,37.48407000000009],[29.520490000000052,37.483930000000555],[29.521010000000103,37.48354000000029],[29.52142000000009,37.483500000000504],[29.524780000000078,37.483990000000404],[29.525010000000123,37.48463000000021],[29.524850000000185,37.48550000000006],[29.524830000000122,37.4862100000002],[29.52753000000007,37.48419000000007],[29.530300000000125,37.48298000000011],[29.53224000000006,37.48245000000031],[29.532750000000135,37.48208000000028],[29.53391000000005,37.48093000000034],[29.534040000000118,37.4805700000004],[29.5343400000001,37.48040000000037],[29.534820000000195,37.479900000000384],[29.535319609565306,37.47960092015683],[29.535833588135233,37.47871179561605],[29.53586791932929,37.47885567475504],[29.536047335748037,37.47887768231277],[29.53710000000018,37.47803000000016],[29.53740000000016,37.47811000000007],[29.538070000000175,37.47803000000016],[29.538420000000144,37.47775000000013],[29.539220000000114,37.47740000000027],[29.539340000000095,37.47707000000014],[29.539310000000057,37.47694000000058],[29.539460000000247,37.476740000000405],[29.53973000000019,37.47670000000062],[29.539900000000046,37.47644000000042],[29.540250000000242,37.47651000000053],[29.54048000000006,37.476430000000335],[29.54044000000016,37.47633000000042],[29.54066000000006,37.475930000000176],[29.54047000000014,37.475630000000194],[29.54143000000016,37.47420000000017],[29.541300000000035,37.47411000000022],[29.541770000000042,37.47395000000046],[29.542420000000163,37.47395000000046],[29.542690000000164,37.47380000000015],[29.543530000000203,37.47381000000024],[29.543890000000147,37.47397000000069],[29.54469000000006,37.47406000000035],[29.545190000000048,37.47391000000016],[29.54561000000018,37.4739800000001],[29.545970000000125,37.47372000000007],[29.546130000000176,37.47372000000007],[29.54636000000005,37.47387000000026],[29.54701000000017,37.47366000000011],[29.547170000000108,37.47375000000028],[29.547360000000197,37.4736300000003],[29.54745000000014,37.473700000000406],[29.54753000000005,37.47362000000015],[29.54788000000019,37.47365000000036],[29.547900000000084,37.473770000000115],[29.54869000000008,37.47399000000024],[29.549070000000086,37.47424000000029],[29.549450000000093,37.4743100000004],[29.549760000000163,37.47447000000017],[29.549820000000125,37.47461000000038],[29.55018000000007,37.47461000000038],[29.551080000000127,37.47481000000005],[29.550900000000183,37.4744900000004],[29.551400000000115,37.47422000000006],[29.55178000000012,37.474350000000186],[29.552830000000142,37.474270000000104],[29.552870000000098,37.47434000000004],[29.553560000000175,37.47447000000017],[29.554210000000126,37.473920000000135],[29.5565900000002,37.47401000000008],[29.55661000000009,37.47384000000005],[29.556780000000117,37.4739800000001],[29.557500000000175,37.47424000000029],[29.558420000000126,37.47443000000038],[29.559598110356603,37.47500226512068],[29.559710916148106,37.47500816770395],[29.55984000000018,37.4748400000002],[29.56220266421576,37.47513455809491],[29.56325000000004,37.47539000000023],[29.56324000000012,37.47555000000068],[29.566470000000038,37.47536000000059],[29.56681000000009,37.47696000000013],[29.567660000000103,37.476900000000114],[29.567970000000173,37.477670000000046],[29.56742000000014,37.4780600000002],[29.56767000000019,37.4784700000007],[29.56956000000008,37.47824000000014],[29.57124000000016,37.47815000000037],[29.570960000000127,37.478970000000174],[29.569360000000074,37.48076000000009],[29.570640000000083,37.480830000000026],[29.573700000000144,37.48066000000017],[29.574430000000177,37.48081000000036],[29.575070000000153,37.48069000000038],[29.576570000000117,37.48075000000034],[29.57809000000009,37.48061000000013],[29.579590000000053,37.480830000000026],[29.579770000000224,37.48069000000038],[29.58365000000009,37.480640000000335],[29.584540000000175,37.48146000000014],[29.58474000000018,37.48198000000036],[29.586300000000108,37.482540000000654],[29.587670000000173,37.48141000000027],[29.58855000000011,37.480520000000126],[29.58973000000009,37.47996000000035],[29.589990000000114,37.47997000000032],[29.598730000000103,37.48330000000033],[29.599620000000186,37.48386000000045],[29.601890000000083,37.48197000000039],[29.602101636781242,37.482150283183785],[29.607180000000085,37.48345000000063],[29.60775000000018,37.483430000000396],[29.60798000000017,37.483180000000345],[29.60850000000005,37.48327000000012],[29.609220000000107,37.48299000000026],[29.610310000000254,37.48326000000054],[29.610490000000198,37.483520000000055],[29.610380000000134,37.48379000000034],[29.60986000000014,37.483840000000214],[29.609630000000095,37.484140000000195],[29.60977000000014,37.48434000000037],[29.610030000000165,37.484360000000606],[29.610410000000172,37.48420000000016],[29.610670000000198,37.48425000000003],[29.610840000000223,37.48441000000048],[29.61113000000006,37.484270000000265],[29.61191000000008,37.48442000000006],[29.611580000000174,37.48486000000008],[29.611490000000174,37.48512000000028],[29.611650000000054,37.48557000000039],[29.6115700000002,37.48618000000056],[29.611850000000118,37.48672000000033],[29.611900000000162,37.487340000000074],[29.612970000000246,37.4878200000004],[29.61249000000015,37.48852000000022],[29.612360000000194,37.48928000000018],[29.612110000000143,37.4894700000001],[29.612050000000124,37.48977000000059],[29.6116600000002,37.49049000000048],[29.611210000000085,37.490810000000124],[29.617200000000082,37.492170000000215],[29.61788000000007,37.492450000000645],[29.619410000000187,37.49271000000016],[29.621770000000197,37.49461000000031],[29.62148000000019,37.49761000000018],[29.621070000000202,37.497990000000186],[29.62081074806315,37.49798797847484],[29.621050024124315,37.49809742854785],[29.62106243468793,37.49831061090282],[29.620375306627864,37.49872080678506],[29.620244914000125,37.49879167300003],[29.6172605325375,37.49773116619974],[29.61646000000013,37.49763000000007],[29.61336000000017,37.496350000000064],[29.608510000000138,37.4997900000003],[29.606980000000192,37.50126000000057],[29.60568000000012,37.50300000000033],[29.60460000000012,37.50465000000003],[29.604050000000086,37.508180000000436],[29.599530000000186,37.508460000000184],[29.59744000000012,37.51012000000037],[29.595000000000198,37.513110000000495],[29.594730000000254,37.51427000000018],[29.5933500000001,37.51616000000007],[29.59305000000012,37.517320000000154],[29.592240000000118,37.51861000000014],[29.590560000000153,37.51994000000019],[29.588440000000105,37.52140000000003],[29.587330000000065,37.52174000000008],[29.586250000000064,37.52177000000012],[29.58554000000015,37.52201000000008],[29.583370000000173,37.524420000000134],[29.582470000000114,37.52523000000019],[29.579698921804265,37.52660105611119]]],"type":"Polygon"}},{"type":"Feature","properties":{"area_id":"TR-15-011-2007259","name_tr":"Bayırbaşı Köyü","area_level":"neighbourhood","parent_id":"TR-15-011","endeksa_id":2007259},"geometry":{"coordinates":[[[29.821565485686733,37.52603172063266],[29.818710000000067,37.52613000000008],[29.818190000000186,37.52400000000057],[29.817200000000184,37.523460000000114],[29.816460000000063,37.52244000000013],[29.81647000000015,37.521970000000294],[29.816190000000063,37.52176000000014],[29.815840000000094,37.52205000000038],[29.81542000000013,37.52182000000016],[29.815550000000087,37.52156000000048],[29.81561000000005,37.52090000000004],[29.81477000000018,37.52089000000046],[29.815030000000036,37.52010000000047],[29.815040000000124,37.51951000000014],[29.814970000000244,37.519520000000114],[29.814970000000244,37.51939000000016],[29.815100000000143,37.51894000000027],[29.814630000000136,37.51833000000039],[29.813340000000153,37.51780000000008],[29.811200000000042,37.516610000000185],[29.809310000000153,37.51511000000028],[29.808400000000177,37.51508000000007],[29.8063200000002,37.5153600000005],[29.80516000000017,37.51561000000004],[29.804780000000164,37.516700000000526],[29.80380000000008,37.516170000000045],[29.80287000000004,37.515900000000045],[29.800480000000164,37.51499000000007],[29.801010000000133,37.513980000000174],[29.800570000000164,37.51383000000038],[29.799960000000112,37.513850000000616],[29.799450000000036,37.51350000000008],[29.799330000000054,37.51325000000003],[29.7993400000002,37.5114600000004],[29.798490000000186,37.51126000000022],[29.797990000000198,37.51124000000016],[29.79779000000019,37.51076000000006],[29.796160000000157,37.51087000000007],[29.795970000000068,37.50975000000034],[29.795630000000187,37.50900000000007],[29.796500000000037,37.508490000000506],[29.794500000000085,37.50780000000026],[29.79432000000014,37.507440000000315],[29.794390000000078,37.50714000000039],[29.794150000000116,37.507000000000176],[29.794000000000096,37.50699000000003],[29.793810000000235,37.50718000000012],[29.792460000000062,37.5067700000003],[29.79283000000015,37.50551000000013],[29.790896862623924,37.50496428179338],[29.790531531000113,37.50472994300003],[29.792003142000112,37.50175412300018],[29.790719177000028,37.49822673400024],[29.79666077400003,37.49243617500048],[29.80106976200011,37.49083339000015],[29.803648658000157,37.4905792440004],[29.803800249000176,37.490735736000204],[29.803681755000127,37.4909690180005],[29.80362704500004,37.49094512200065],[29.803235309000172,37.491842021000025],[29.80334629900011,37.491737172000285],[29.803435039000135,37.49183111000042],[29.807868364000058,37.49161558200035],[29.807896132000053,37.491741062000074],[29.806126899000105,37.494079819000035],[29.809310291000088,37.49575921900009],[29.80944690600012,37.4957277700006],[29.810177825000096,37.49480102600012],[29.810293167000054,37.494759451000505],[29.813102159000152,37.496023565000144],[29.81599256300018,37.494093329000634],[29.817270266000094,37.49489942000008],[29.8159281880001,37.49617196100013],[29.81682658600016,37.497627835000515],[29.822975015000054,37.4985397830003],[29.825345573000106,37.49765655000067],[29.825488616000143,37.49767761300001],[29.82774509800015,37.499711820000186],[29.82764525100015,37.49981548700015],[29.82606754500017,37.49998454100029],[29.825637290000145,37.50171356000044],[29.828510257999994,37.50284643400005],[29.82857083300013,37.50295668900003],[29.8232028110001,37.509202465000214],[29.822728261000066,37.51375623300004],[29.81927492400007,37.51648356200002],[29.821100420000107,37.518618948000494],[29.823757171000125,37.51903034900016],[29.823732127000028,37.5191396190005],[29.821731616000136,37.520701109000015],[29.821414218000143,37.5259346740001],[29.821565485686733,37.52603172063266]]],"type":"Polygon"}},{"type":"Feature","properties":{"area_id":"TR-15-011-2007265","name_tr":"Çeltek Köyü","area_level":"neighbourhood","parent_id":"TR-15-011","endeksa_id":2007265},"geometry":{"coordinates":[[[29.89732000000015,37.54994000000033],[29.89639000000011,37.54984000000019],[29.89543000000009,37.55058000000014],[29.895004654000047,37.55058222300005],[29.894480000000158,37.55011000000019],[29.8937600000001,37.54886000000033],[29.89382000000012,37.54810000000015],[29.894300000000214,37.54604000000023],[29.89382000000012,37.54587000000038],[29.8938500000001,37.54349000000025],[29.894300000000214,37.542910000000575],[29.891950000000065,37.53704000000022],[29.89131000000009,37.536780000000704],[29.8909000000001,37.53636000000006],[29.890730000000246,37.535840000000405],[29.89057000000014,37.535690000000045],[29.89066000000014,37.53560000000027],[29.890540000000158,37.53519000000006],[29.890210000000195,37.5349800000003],[29.890030000000195,37.53503000000018],[29.88954000000018,37.534480000000144],[29.889190000000156,37.533960000000434],[29.889350000000093,37.53350000000006],[29.889100000000155,37.53335000000027],[29.88880000000006,37.53279000000026],[29.88815000000011,37.53243000000032],[29.88753000000014,37.531940000000304],[29.88682000000017,37.532280000000696],[29.88661000000019,37.53137000000004],[29.885350000000074,37.530490000000384],[29.88515000000018,37.530270000000655],[29.884540000000186,37.52998000000014],[29.884330000000034,37.52976000000041],[29.884360000000186,37.52954000000011],[29.884240000000034,37.52929000000006],[29.88292000000007,37.52932000000021],[29.88304000000005,37.5283000000004],[29.882940000000133,37.52814000000012],[29.882100000000094,37.52756000000028],[29.88227000000012,37.52724000000006],[29.882290000000182,37.52685000000048],[29.88130000000018,37.52628000000021],[29.880390000000205,37.52624000000009],[29.880140000000097,37.52650000000011],[29.879990000000134,37.52682000000016],[29.87972000000019,37.52654000000041],[29.87976000000009,37.52646000000021],[29.87932000000012,37.52629000000036],[29.878780000000177,37.52676000000014],[29.87765000000013,37.52615000000014],[29.876620000000173,37.52545000000032],[29.871910000000184,37.52455000000009],[29.873290000000168,37.52256000000011],[29.873800000000074,37.521650000000136],[29.873450000000105,37.52154000000024],[29.873540000000048,37.52117000000021],[29.873710000000074,37.52115000000015],[29.873700000000156,37.52102000000019],[29.873540000000048,37.521040000000085],[29.873480000000086,37.52094000000034],[29.873860000000093,37.52074000000016],[29.873670000000175,37.51991000000038],[29.87340000000023,37.51951000000014],[29.873600000000067,37.51817000000011],[29.875953385047808,37.51804517869181],[29.875840214000164,37.51796208200017],[29.875820714115036,37.51656960356166],[29.875990000000115,37.51655000000022],[29.876610000000255,37.51678000000004],[29.876930000000073,37.51674000000031],[29.877230000000225,37.51579000000004],[29.8778700000002,37.51465000000019],[29.877600000000086,37.51417000000009],[29.878320000000144,37.51399000000015],[29.878660000000195,37.514100000000155],[29.87883000000005,37.514040000000705],[29.879030000000114,37.514190000000326],[29.88087000000013,37.51439000000039],[29.88143000000008,37.51493000000045],[29.881890000000112,37.51476000000059],[29.88177000000013,37.51448000000016],[29.88311000000016,37.51421000000005],[29.883780000000172,37.513820000000294],[29.883690000000172,37.51360000000017],[29.883490000000165,37.51344000000012],[29.88360000000023,37.51344000000012],[29.88311000000016,37.513010000000065],[29.88288000000017,37.51260000000025],[29.883330000000058,37.51254000000023],[29.883430000000203,37.51275000000055],[29.884850000000085,37.5127700000001],[29.885780000000125,37.51315000000028],[29.885970000000214,37.5133800000001],[29.88617000000005,37.513330000000224],[29.886640000000227,37.512950000000046],[29.886670000000038,37.512680000000444],[29.886830000000145,37.512370000000374],[29.886940000000152,37.51243000000039],[29.887680000000103,37.511710000000335],[29.888360000000034,37.51121000000035],[29.888820000000123,37.51139000000029],[29.88970000000006,37.51106000000016],[29.89066000000014,37.51055000000042],[29.891260000000216,37.51098000000047],[29.890790000000038,37.511430000000075],[29.892080000000192,37.511710000000335],[29.89366000000018,37.512180000000285],[29.893960000000106,37.5121700000002],[29.89419000000015,37.51226000000014],[29.894580000000076,37.51260000000025],[29.894670000000076,37.51228000000003],[29.894540000000177,37.51177000000047],[29.894740000000183,37.51126000000022],[29.8947500000001,37.510810000000106],[29.894950000000165,37.51055000000042],[29.895040000000165,37.51015000000018],[29.895300000000134,37.50994000000043],[29.895140000000083,37.50953000000004],[29.89565000000016,37.50926000000027],[29.895360000000153,37.50882000000013],[29.89565000000016,37.50853000000029],[29.895760000000223,37.50826000000012],[29.895720000000097,37.50788000000034],[29.89618000000013,37.50752000000017],[29.89630000000011,37.50705000000005],[29.896720000000073,37.5067700000003],[29.89664000000016,37.50602000000009],[29.896720000000073,37.50595000000067],[29.896840000000054,37.505920000000344],[29.89682000000016,37.50614000000007],[29.89701000000008,37.50643000000059],[29.8969800000001,37.50690000000003],[29.897060000000124,37.50723000000016],[29.89729000000017,37.507000000000176],[29.898600000000158,37.50726000000037],[29.898880000000077,37.507410000000164],[29.89849000000015,37.507840000000044],[29.898660000000177,37.50776000000013],[29.899220000000128,37.50780000000026],[29.900500000000193,37.50822000000022],[29.900410000000193,37.50715000000048],[29.899870000000078,37.50540000000012],[29.900020000000097,37.50482000000028],[29.900840000000073,37.50374000000005],[29.91421000000014,37.507130000000245],[29.92451000000011,37.5112000000002],[29.935780000000193,37.51497000000023],[29.93610000000018,37.51559000000037],[29.93619000000018,37.51638000000037],[29.94195289247199,37.520844493821755],[29.948580000000163,37.524010000000146],[29.947800000000143,37.52576000000016],[29.942220000000134,37.529950000000326],[29.941500000000246,37.53264000000013],[29.93988000000013,37.53407000000033],[29.93221000000017,37.53666000000004],[29.926920000000166,37.5392300000002],[29.920560000000137,37.54586000000023],[29.920660000000055,37.54893000000004],[29.903000000000077,37.54823000000022],[29.89958000000007,37.54885000000036],[29.897400000000175,37.54903000000036],[29.89735000000013,37.54928000000041],[29.897160000000042,37.5494300000002],[29.89741000000015,37.549850000000674],[29.89732000000015,37.54994000000033]]],"type":"Polygon"}},{"type":"Feature","properties":{"area_id":"TR-15-011-2007266","name_tr":"Çuvallı Köyü","area_level":"neighbourhood","parent_id":"TR-15-011","endeksa_id":2007266},"geometry":{"coordinates":[[[29.83175669289335,37.54633273728706],[29.831450000000075,37.54625000000016],[29.830930000000194,37.54646000000014],[29.830020000000047,37.54652000000016],[29.824600000000146,37.54849000000041],[29.820410000000038,37.539780000000235],[29.820630000000108,37.53973000000036],[29.820580000000064,37.53931000000006],[29.820060000000183,37.539010000000474],[29.821260000000166,37.5381000000005],[29.822470000000123,37.53670000000034],[29.822190000000035,37.53655000000015],[29.823220000000163,37.53525000000059],[29.823330000000055,37.53528000000023],[29.82382000000007,37.53490000000005],[29.824700000000064,37.53421000000037],[29.82524000000018,37.5336700000006],[29.82614000000018,37.533300000000395],[29.82635000000016,37.533020000000135],[29.82682000000017,37.53270000000009],[29.82682000000017,37.532560000000046],[29.827080000000137,37.532250000000374],[29.827770000000044,37.53186000000005],[29.82794000000007,37.531480000000045],[29.827870000000132,37.53143000000017],[29.827950000000044,37.53115000000031],[29.828160000000196,37.53125000000006],[29.82818000000003,37.531570000000215],[29.82840000000016,37.531750000000216],[29.82871000000023,37.531130000000076],[29.828660000000127,37.53099000000054],[29.82895000000019,37.53078000000022],[29.828850000000045,37.53066000000024],[29.82815000000005,37.530480000000296],[29.827210000000093,37.53065000000015],[29.82728000000003,37.5305500000004],[29.82706000000013,37.53042000000028],[29.82645000000008,37.5303700000004],[29.82645000000008,37.53025000000042],[29.82601000000011,37.52978000000007],[29.826330000000098,37.52911000000006],[29.82673000000017,37.52854000000036],[29.826620000000105,37.52846000000011],[29.824480000000165,37.528160000000184],[29.82409000000024,37.52761000000015],[29.82373000000007,37.52772000000016],[29.82220000000018,37.5270000000001],[29.82192000000009,37.52633000000009],[29.821980000000053,37.5262000000007],[29.821565485686733,37.52603172063266],[29.821414218000143,37.5259346740001],[29.821731616000136,37.520701109000015],[29.823732127000028,37.5191396190005],[29.823757171000125,37.51903034900016],[29.821100420000107,37.518618948000494],[29.81927492400007,37.51648356200002],[29.822728261000066,37.51375623300004],[29.8232028110001,37.509202465000214],[29.82857083300013,37.50295668900003],[29.828510257999994,37.50284643400005],[29.825637290000145,37.50171356000044],[29.82606754500017,37.49998454100029],[29.82764525100015,37.49981548700015],[29.82774509800015,37.499711820000186],[29.825488616000143,37.49767761300001],[29.825345573000106,37.49765655000067],[29.82580132800007,37.49747746200006],[29.82702540700018,37.49624314699997],[29.8317575800001,37.4952390510004],[29.832121273000098,37.497840494000116],[29.83391111900005,37.49894535900046],[29.8363966660001,37.4980787370007],[29.838930620000156,37.50058161000004],[29.841735593000124,37.50063425900004],[29.849921440000003,37.49144128900008],[29.850070916000163,37.491442732999985],[29.852490044000092,37.492988830000286],[29.852599924000117,37.49291747700033],[29.85250090000011,37.492995861000054],[29.856527930000084,37.49474786200017],[29.85681148200007,37.49532690900003],[29.860228367000104,37.49734249000062],[29.866994360000092,37.49931924500015],[29.866924649999987,37.504154730000096],[29.870406364000132,37.508157554000036],[29.866676740000116,37.51059086000009],[29.86725715000017,37.51281157000017],[29.870208939000065,37.51263993000015],[29.871555240000134,37.515025841000295],[29.875820714115036,37.51656960356166],[29.875840214000164,37.51796208200017],[29.875953385047808,37.51804517869181],[29.873600000000067,37.51817000000011],[29.87340000000023,37.51951000000014],[29.873670000000175,37.51991000000038],[29.873860000000093,37.52074000000016],[29.873480000000086,37.52094000000034],[29.873540000000048,37.521040000000085],[29.873700000000156,37.52102000000019],[29.873710000000074,37.52115000000015],[29.873540000000048,37.52117000000021],[29.873450000000105,37.52154000000024],[29.873800000000074,37.521650000000136],[29.873290000000168,37.52256000000011],[29.87196632543254,37.52446877709451],[29.871821187000023,37.52456570000015],[29.871297265000067,37.52447363300041],[29.866706904000125,37.52549039000007],[29.864277802000004,37.523639674000094],[29.86415024500002,37.523618905000035],[29.85851801000007,37.52608342100001],[29.85694978300006,37.52846433400015],[29.853976366000154,37.528120758000284],[29.851704335000193,37.531959370000095],[29.847160723000115,37.531869579000045],[29.845344233000105,37.534182649000115],[29.841666906000057,37.53345434400052],[29.83175669289335,37.54633273728706]]],"type":"Polygon"}},{"type":"Feature","properties":{"area_id":"TR-15-011-140779","name_tr":"Kayadibi","area_level":"neighbourhood","parent_id":"TR-15-011","endeksa_id":140779},"geometry":{"coordinates":[[[29.794271847941445,37.559659714843804],[29.791719141000158,37.561502534000056],[29.791669467000133,37.56143269400019],[29.791597217000174,37.56147299100002],[29.791643644000033,37.5615562320001],[29.78888721200002,37.562990760000105],[29.78853771500019,37.56287780700012],[29.78403673600019,37.56015690400011],[29.77186843999999,37.548139760000026],[29.770600365000178,37.55511206000017],[29.76648634000003,37.55525338100006],[29.765788908000047,37.557473397000024],[29.765698586000042,37.55754312000056],[29.765555475000042,37.55748750400022],[29.764981830000067,37.55628143100017],[29.762284078000164,37.55647772900011],[29.757979890000172,37.553953780000086],[29.75414689300004,37.55686767800012],[29.754012265000085,37.556885611999974],[29.750788356000044,37.55247851700011],[29.746781290000172,37.550734510000495],[29.74343852900006,37.55407852300016],[29.743298062000065,37.554107168000485],[29.739811520000046,37.54932974100035],[29.738154564000126,37.550461935000044],[29.738025562000075,37.55046642399998],[29.73796093500016,37.55037955100016],[29.738661721000085,37.546857559000614],[29.741861820000054,37.54771206999999],[29.741122559000075,37.54651640500009],[29.741135285999974,37.546416476000445],[29.74126753300004,37.54637928400007],[29.743033842000045,37.54681665100043],[29.743133595000074,37.546727569000154],[29.743123378000178,37.546093603000145],[29.74269270300016,37.546094200000425],[29.739446740000062,37.54269804000012],[29.733646524000164,37.54372252100006],[29.729607240000064,37.5413907300001],[29.72553636600003,37.54437675800011],[29.719140700000025,37.54414802100007],[29.71812512600019,37.55575346500018],[29.71539604999998,37.55680398600015],[29.71530005700015,37.55650000900016],[29.71530005700015,37.55520000900003],[29.716200056000105,37.551900009000065],[29.716500057000133,37.549300009000376],[29.71710005700004,37.545700009000086],[29.717000056000188,37.5431000090004],[29.71660005700005,37.54080000900052],[29.716200056000105,37.538800009000056],[29.715100057000086,37.5350000090001],[29.71480005700016,37.53340000900005],[29.715000057000168,37.532300009000664],[29.715700056999992,37.53070000900044],[29.716900057000032,37.52900000900047],[29.718000057000097,37.52780000900066],[29.719000057000017,37.527000009000005],[29.72230005700004,37.52510000900037],[29.72270005700011,37.524300009000115],[29.72260005600009,37.52320000900005],[29.722200057000123,37.52240000900008],[29.720700056999988,37.52100000900009],[29.719500057000175,37.52020000900012],[29.717600057000027,37.519200008999974],[29.71670005700014,37.51860000900007],[29.716100057000062,37.517800009000325],[29.71520005700006,37.51570000900011],[29.714200057000085,37.51400000900014],[29.713400057000115,37.51310000900014],[29.711400056000116,37.51160000900035],[29.707600057000036,37.509500009000135],[29.706000057000153,37.509000008999976],[29.702800057000104,37.50880000900031],[29.698500057000103,37.509500009000135],[29.695600056000046,37.51020000900019],[29.688800057000094,37.51230000900017],[29.688000057000124,37.51290000900008],[29.68680005600004,37.51480000900011],[29.686100057000147,37.5154000090007],[29.684500057000093,37.51630000900002],[29.683200057000192,37.51760000900015],[29.68250005699997,37.51850000900015],[29.681498368000177,37.51904638500042],[29.681386939000106,37.51774201900014],[29.676227935999975,37.51059515000043],[29.676343929000097,37.510489792000044],[29.678298163000136,37.51047036100067],[29.678483256999982,37.507542803000206],[29.67866557600007,37.5075587070001],[29.679645730000175,37.50891914500022],[29.679754844000115,37.508966899000086],[29.68063337300009,37.508681031000094],[29.68053952700012,37.507568819000085],[29.680633395000086,37.50747273900009],[29.68314621900015,37.506945085000666],[29.683709442000122,37.505971903000614],[29.683861515000046,37.50605094200017],[29.68379975200014,37.50671865900023],[29.683902499000055,37.50681409900017],[29.686050542000032,37.50644004300011],[29.68614051000003,37.506329416000085],[29.67906431300014,37.498940539000046],[29.678701878000084,37.49596855499999],[29.675200902000086,37.494581923000055],[29.675993063000192,37.49267321900004],[29.674020141000028,37.48768290000021],[29.676141748000134,37.48258814600001],[29.676358655000058,37.482560242000375],[29.682880870000133,37.489425730000164],[29.6921720900001,37.490347840000084],[29.698032993000027,37.48838224999997],[29.70511425000018,37.49122538000006],[29.708776531000012,37.489947115000234],[29.718752686000073,37.49426613900005],[29.720312250000177,37.4972285500001],[29.724596330000054,37.49954078100052],[29.725034306000055,37.499373158000594],[29.727755863000084,37.49892742400016],[29.727899251000053,37.49900483000067],[29.727974272000154,37.49928125299999],[29.728079979000086,37.49934021700062],[29.731391693000035,37.49917235800018],[29.732580159999998,37.503170801000124],[29.737963971000056,37.5042160980002],[29.738002609000034,37.50434804200046],[29.737061967000045,37.50551872500006],[29.738388933000067,37.50619080100006],[29.741280120000056,37.505376248999994],[29.742825465000124,37.507141567000076],[29.742239280000035,37.51104558000003],[29.744623542920635,37.51049345334968],[29.744510374118136,37.51062830926992],[29.74465738941194,37.510740420705076],[29.746142677000137,37.51058840100012],[29.746387180000056,37.51269066000026],[29.748394166000026,37.51318697900001],[29.74715292000019,37.516241901],[29.748768120000022,37.51546166000003],[29.749202786000126,37.51632292300013],[29.750505381000153,37.51637440900032],[29.75094818800011,37.515934175000666],[29.75114067000004,37.51587393100016],[29.75165585600007,37.516419882000264],[29.752168624000035,37.516440150000165],[29.756547276000106,37.51815889200009],[29.76031097600014,37.51895299600005],[29.76288948600012,37.51887640700039],[29.763012387000117,37.518960023000204],[29.763897991000192,37.52332590500066],[29.772737682000184,37.52636692600015],[29.77276978400016,37.52646960400011],[29.772623866566846,37.526806207563425],[29.77202000000011,37.52753000000007],[29.772160000000156,37.52761000000015],[29.77177000000006,37.5280400000002],[29.77209000000005,37.52821000000006],[29.77187000000015,37.52855000000045],[29.77313000000015,37.52927000000034],[29.772880000000043,37.52957000000032],[29.773680000000184,37.52993000000026],[29.773300000000177,37.53044000000051],[29.775390000000073,37.53133000000025],[29.775440000000117,37.53150000000011],[29.774990000000173,37.53235000000012],[29.775410000000136,37.5324700000001],[29.77503000000013,37.53323000000006],[29.774950000000104,37.53351000000015],[29.774980000000085,37.533800000000156],[29.776530000000093,37.53406000000018],[29.776240000000257,37.53470000000004],[29.77747000000005,37.535040000000265],[29.777680000000203,37.53467000000023],[29.77809000000019,37.53474000000034],[29.778140000000064,37.53466000000009],[29.77998000000008,37.53505000000041],[29.779880000000162,37.53549000000055],[29.779030000000148,37.53527000000014],[29.778700000000185,37.53598000000005],[29.777840000000083,37.53574000000009],[29.77763000000016,37.536060000000134],[29.777510000000177,37.53598000000005],[29.777280000000133,37.53624000000008],[29.7767300000001,37.53708000000012],[29.77652000000012,37.537020000000666],[29.776400000000137,37.5373100000005],[29.776770000000226,37.537490000000105],[29.776370000000156,37.53825000000012],[29.776340000000175,37.538570000000334],[29.776800000000037,37.538690000000315],[29.777140000000088,37.53964000000019],[29.777210000000196,37.54017000000016],[29.78010000000006,37.54095000000041],[29.77992000000006,37.5411000000002],[29.781460000000152,37.54196000000013],[29.782670000000053,37.542940000000215],[29.783060000000148,37.54340000000008],[29.783410000000174,37.54352000000006],[29.7836700000002,37.543340000000626],[29.784670000000176,37.54187000000036],[29.787090000000035,37.542930000000126],[29.78717000000006,37.54360000000014],[29.78751000000011,37.544830000000275],[29.788360000000125,37.54704000000038],[29.788730000000157,37.54838000000041],[29.78981000000016,37.54828000000009],[29.789660000000197,37.54750000000024],[29.789310000000228,37.547550000000115],[29.789250000000038,37.546810000000164],[29.79020000000014,37.54668000000004],[29.79036000000019,37.54695000000021],[29.790580000000148,37.54693000000066],[29.791850000000238,37.54815000000019],[29.791150000000187,37.54954000000009],[29.79085000000009,37.54950000000014],[29.790480000000173,37.54962000000012],[29.79104000000018,37.54998000000006],[29.79169000000013,37.551150000000234],[29.790960000000098,37.55121000000025],[29.790720000000135,37.551150000000234],[29.790040000000033,37.55126000000013],[29.79094000000009,37.55215000000055],[29.79156000000023,37.55245000000036],[29.7923100000001,37.5529600000001],[29.793120000000158,37.553720000000055],[29.793730000000153,37.55447000000015],[29.794876757958264,37.55681336686587],[29.79497981822135,37.55718523287976],[29.79494481770473,37.55871700963405],[29.794787489800797,37.558813114837676],[29.794634817096778,37.558708549499954],[29.794762267000067,37.5593039470005],[29.794271847941445,37.559659714843804]]],"type":"Polygon"}},{"type":"Feature","properties":{"area_id":"TR-15-011-2007271","name_tr":"Gençali Köyü","area_level":"neighbourhood","parent_id":"TR-15-011","endeksa_id":2007271},"geometry":{"coordinates":[[[29.890329892484203,37.560417913987635],[29.889624920000074,37.56277357600061],[29.884010062000016,37.56471302700004],[29.883000531000107,37.56642268000002],[29.879829219000044,37.565578732000176],[29.878802120000046,37.569459309000365],[29.87871500200015,37.569534433],[29.86389323500009,37.559581723000065],[29.85377223900008,37.56033947800012],[29.84856466500014,37.565052755000124],[29.84858299900003,37.565162162000036],[29.84994544100016,37.56624990900002],[29.84891833900008,37.5678807970005],[29.848767987000087,37.56788666500063],[29.843042601000093,37.56480759900006],[29.842954275000068,37.56487203600051],[29.841558350000128,37.56823287700013],[29.841018234000046,37.56824531500013],[29.840722510999967,37.56852785000012],[29.840485844000057,37.56836322999999],[29.84040567900007,37.56822196400003],[29.826410343000077,37.567828731000134],[29.826397147021225,37.56762948078239],[29.826250000000073,37.56454000000042],[29.825720000000103,37.56446000000017],[29.82571000000013,37.563780000000065],[29.825730000000192,37.56365000000011],[29.826740000000086,37.56367000000017],[29.826740000000086,37.5621900000001],[29.826690000000042,37.561460000000125],[29.82663000000025,37.56138000000004],[29.825970000000154,37.56136000000021],[29.825960000000237,37.56104000000016],[29.826370000000054,37.56103000000007],[29.826330000000098,37.56014000000016],[29.828380000000095,37.559910000000286],[29.828300000000183,37.558860000000095],[29.828230000000076,37.55879000000016],[29.825690000000066,37.55838000000017],[29.826780000000042,37.55804000000046],[29.82751000000019,37.55761000000041],[29.827740000000063,37.55613000000017],[29.82771000000008,37.55510000000021],[29.82772000000017,37.55494000000033],[29.82784000000015,37.554920000000266],[29.827820000000088,37.55454000000009],[29.828200000000095,37.5545000000003],[29.828140000000133,37.55403000000035],[29.828230000000076,37.5538200000002],[29.82865000000004,37.55320000000006],[29.828930000000128,37.553010000000654],[29.829010000000153,37.55277000000069],[29.828930000000128,37.55231000000032],[29.828980000000172,37.55204000000015],[29.829140000000052,37.55191000000059],[29.829430000000116,37.55187000000012],[29.829930000000047,37.55147000000005],[29.830280000000073,37.55045000000007],[29.829690000000085,37.549850000000674],[29.82967000000025,37.54962000000012],[29.82948000000016,37.54924000000011],[29.829560000000185,37.54905000000042],[29.83013000000011,37.548450000000116],[29.83016000000009,37.54804000000013],[29.8304100000002,37.547490000000096],[29.830500000000143,37.547060000000045],[29.83060000000006,37.54708000000028],[29.830620000000124,37.54701000000017],[29.831030000000112,37.547120000000064],[29.831440000000157,37.54699000000011],[29.831870000000208,37.54699000000011],[29.832010000000196,37.5467000000001],[29.832200000000114,37.54654000000039],[29.83175669289335,37.54633273728706],[29.841666906000057,37.53345434400052],[29.845344233000105,37.534182649000115],[29.847160723000115,37.531869579000045],[29.851704335000193,37.531959370000095],[29.853976366000154,37.528120758000284],[29.85694978300006,37.52846433400015],[29.85851801000007,37.52608342100001],[29.86415024500002,37.523618905000035],[29.864277802000004,37.523639674000094],[29.866706904000125,37.52549039000007],[29.871297265000067,37.52447363300041],[29.871821187000023,37.52456570000015],[29.87196632543254,37.52446877709451],[29.871910000000184,37.52455000000009],[29.876620000000173,37.52545000000032],[29.87765000000013,37.52615000000014],[29.878780000000177,37.52676000000014],[29.87932000000012,37.52629000000036],[29.87976000000009,37.52646000000021],[29.87972000000019,37.52654000000041],[29.879990000000134,37.52682000000016],[29.880140000000097,37.52650000000011],[29.880390000000205,37.52624000000009],[29.88130000000018,37.52628000000021],[29.882290000000182,37.52685000000048],[29.88227000000012,37.52724000000006],[29.882100000000094,37.52756000000028],[29.882940000000133,37.52814000000012],[29.88304000000005,37.5283000000004],[29.88292000000007,37.52932000000021],[29.884240000000034,37.52929000000006],[29.884360000000186,37.52954000000011],[29.884330000000034,37.52976000000041],[29.884540000000186,37.52998000000014],[29.88515000000018,37.530270000000655],[29.885350000000074,37.530490000000384],[29.88661000000019,37.53137000000004],[29.88682000000017,37.532280000000696],[29.88753000000014,37.531940000000304],[29.88815000000011,37.53243000000032],[29.88880000000006,37.53279000000026],[29.889100000000155,37.53335000000027],[29.889350000000093,37.53350000000006],[29.889190000000156,37.533960000000434],[29.88954000000018,37.534480000000144],[29.890030000000195,37.53503000000018],[29.890210000000195,37.5349800000003],[29.890540000000158,37.53519000000006],[29.89066000000014,37.53560000000027],[29.89057000000014,37.535690000000045],[29.890730000000246,37.535840000000405],[29.8909000000001,37.53636000000006],[29.89131000000009,37.536780000000704],[29.891950000000065,37.53704000000022],[29.894300000000214,37.542910000000575],[29.8938500000001,37.54349000000025],[29.89382000000012,37.54587000000038],[29.894300000000214,37.54604000000023],[29.89382000000012,37.54810000000015],[29.8937600000001,37.54886000000033],[29.894480000000158,37.55011000000019],[29.895004654000047,37.55058222300005],[29.89543000000009,37.55058000000014],[29.89639000000011,37.54984000000019],[29.89732000000015,37.54994000000033],[29.899700000000053,37.550210000000106],[29.899510000000134,37.55293000000029],[29.89481000000012,37.55437000000023],[29.89438000000007,37.55605000000014],[29.89407000000017,37.558210000000315],[29.892380000000117,37.557810000000075],[29.89104000000009,37.558020000000226],[29.891100000000108,37.55817000000019],[29.89104000000009,37.5586600000006],[29.891490000000033,37.55922000000004],[29.890460000000076,37.560130000000186],[29.89038000000005,37.56034000000034],[29.890270000000157,37.56037000000015],[29.890329892484203,37.560417913987635]]],"type":"Polygon"}},{"type":"Feature","properties":{"area_id":"TR-15-011-2007288","name_tr":"Sazak Köyü","area_level":"neighbourhood","parent_id":"TR-15-011","endeksa_id":2007288},"geometry":{"coordinates":[[[29.959027851540725,37.541111595166456],[29.958060000000273,37.54117000000031],[29.957430000000215,37.5405300000005],[29.956780000000265,37.541020000000685],[29.95701000000031,37.54165000000023],[29.957220000000234,37.54191000000043],[29.95745000000028,37.54246000000046],[29.94834000000037,37.54395000000011],[29.948850000000334,37.54437000000058],[29.948480000000245,37.54496000000108],[29.948240000000283,37.54503000000051],[29.94741000000039,37.54476000000034],[29.94568000000021,37.547960000000614],[29.945320000000265,37.549380000000326],[29.945630000000335,37.54955000000018],[29.94590000000028,37.550680000000455],[29.946090000000368,37.55114000000083],[29.94633000000033,37.55296000000078],[29.945710000000417,37.556570000000534],[29.944210000000282,37.561330000000396],[29.94397000000032,37.56340000000057],[29.94379000000032,37.56922000000054],[29.94366000000025,37.56922000000054],[29.94428000000039,37.570040000000176],[29.944260000000327,37.57075000000066],[29.943770000000256,37.57055000000048],[29.94347000000033,37.57059000000021],[29.943310000000224,37.57072000000085],[29.9429200000003,37.57058000000063],[29.942560000000356,37.57071000000019],[29.942410000000393,37.57064000000008],[29.94177000000036,37.570760000000064],[29.941480000000354,37.57047000000023],[29.941390000000354,37.57047000000023],[29.941230000000246,37.570540000000335],[29.941230000000246,37.570730000000424],[29.94106000000022,37.570940000000576],[29.94085000000024,37.57106000000056],[29.939690000000212,37.57093000000049],[29.939410000000294,37.5710500000003],[29.938870000000406,37.571100000001024],[29.937360000000353,37.5716800000007],[29.937200000000246,37.57171000000051],[29.93712000000039,37.5716000000005],[29.93669000000034,37.5716400000004],[29.93620000000027,37.5720800000006],[29.93601000000035,37.57207000000045],[29.93586000000022,37.57220000000109],[29.935840000000326,37.57233000000065],[29.935590000000275,37.57245000000063],[29.93527000000023,37.572180000000344],[29.93514000000033,37.57194000000038],[29.9346800000003,37.5720800000006],[29.933910000000367,37.57146000000046],[29.933200000000227,37.57149000000061],[29.933240000000353,37.571250000000646],[29.933060000000353,37.571220000000494],[29.93295000000029,37.57095000000015],[29.933140000000208,37.570630000000676],[29.932990000000245,37.570500000000436],[29.932810000000302,37.57057000000037],[29.93270000000024,37.5705200000001],[29.932590000000346,37.57024000000092],[29.932020000000307,37.570040000000176],[29.931630000000325,37.5700300000006],[29.931540000000382,37.56988000000047],[29.931140000000312,37.56978000000055],[29.93102000000033,37.56983000000059],[29.93081000000035,37.56971000000027],[29.930920000000413,37.56962000000078],[29.930600000000368,37.56941000000063],[29.930200000000355,37.569640000000504],[29.928930000000207,37.56941000000063],[29.928630000000283,37.569230000000346],[29.92749000000026,37.569230000000346],[29.927170000000274,37.56941000000063],[29.92430000000013,37.568620000000465],[29.899130000000127,37.56557000000038],[29.89853000000005,37.56553000000008],[29.898390000000234,37.56573000000009],[29.897890000000245,37.565680000000214],[29.897990000000163,37.56525000000016],[29.890270000000157,37.56089000000037],[29.89051000000012,37.560620000000085],[29.890329892484203,37.560417913987635],[29.890270000000157,37.56037000000015],[29.89038000000005,37.56034000000034],[29.890460000000076,37.560130000000186],[29.891490000000033,37.55922000000004],[29.89104000000009,37.5586600000006],[29.891100000000108,37.55817000000019],[29.89104000000009,37.558020000000226],[29.892380000000117,37.557810000000075],[29.89407000000017,37.558210000000315],[29.89438000000007,37.55605000000014],[29.89481000000012,37.55437000000023],[29.899510000000134,37.55293000000029],[29.899700000000053,37.550210000000106],[29.89732000000015,37.54994000000033],[29.89741000000015,37.549850000000674],[29.897160000000042,37.5494300000002],[29.89735000000013,37.54928000000041],[29.897400000000175,37.54903000000036],[29.89958000000007,37.54885000000036],[29.903000000000077,37.54823000000022],[29.920660000000055,37.54893000000004],[29.920560000000137,37.54586000000023],[29.926920000000166,37.5392300000002],[29.93221000000017,37.53666000000004],[29.93988000000013,37.53407000000033],[29.941500000000246,37.53264000000013],[29.942220000000134,37.529950000000326],[29.94335000000018,37.53056000000049],[29.94518000000005,37.53075000000058],[29.946000000000254,37.52940000000007],[29.949070000000063,37.53216000000003],[29.952070000000106,37.532370000000356],[29.954300000000046,37.53545000000008],[29.95454000000018,37.53560000000027],[29.95512000000025,37.53629000000012],[29.954430000000173,37.536740000000236],[29.954370000000154,37.53667000000013],[29.954060000000084,37.536990000000344],[29.95435000000009,37.53728000000018],[29.95463000000018,37.537140000000136],[29.955640000000074,37.53799000000009],[29.955820000000074,37.53790000000032],[29.957210000000146,37.53821000000039],[29.95801000000006,37.53787000000011],[29.960180000000037,37.53954000000027],[29.959880000000055,37.53985000000034],[29.9600200000001,37.540090000000305],[29.959950000000163,37.54032000000018],[29.959220000000187,37.5411000000002],[29.959027851540725,37.541111595166456]]],"type":"Polygon"}},{"type":"Feature","properties":{"area_id":"TR-15-011-2007287","name_tr":"Salda Köyü","area_level":"neighbourhood","parent_id":"TR-15-011","endeksa_id":2007287},"geometry":{"coordinates":[[[29.6061549690001,37.57656116000027],[29.605935150000107,37.5765813270001],[29.581762604000062,37.54793170800008],[29.584887293000065,37.544079947000114],[29.586539325000103,37.54147761900009],[29.58818670500017,37.5397051220001],[29.588275613000064,37.53802901400013],[29.587169265,37.53519652800043],[29.584742426000048,37.53162689600015],[29.582807919000118,37.52972765100009],[29.58103888200003,37.528174303000185],[29.58022560200004,37.52734232200004],[29.579698921804265,37.52660105611119],[29.582470000000114,37.52523000000019],[29.583370000000173,37.524420000000134],[29.58554000000015,37.52201000000008],[29.586250000000064,37.52177000000012],[29.587330000000065,37.52174000000008],[29.588440000000105,37.52140000000003],[29.590560000000153,37.51994000000019],[29.592240000000118,37.51861000000014],[29.59305000000012,37.517320000000154],[29.5933500000001,37.51616000000007],[29.594730000000254,37.51427000000018],[29.595000000000198,37.513110000000495],[29.59744000000012,37.51012000000037],[29.599530000000186,37.508460000000184],[29.604050000000086,37.508180000000436],[29.60460000000012,37.50465000000003],[29.60568000000012,37.50300000000033],[29.606980000000192,37.50126000000057],[29.608510000000138,37.4997900000003],[29.61336000000017,37.496350000000064],[29.61646000000013,37.49763000000007],[29.6172605325375,37.49773116619974],[29.620244914000125,37.49879167300003],[29.627979695000192,37.49458794900016],[29.628572383000005,37.481391961999975],[29.63155154700013,37.47668849700011],[29.6493854310001,37.46311516900005],[29.64955298000001,37.463152570000034],[29.65231511500002,37.46698480200007],[29.656732375000104,37.46554136400016],[29.656892287000062,37.46559800300014],[29.656925773000125,37.465481447000116],[29.65713424456942,37.465394767255134],[29.65734019029793,37.465437982477965],[29.66011966000019,37.46898887000049],[29.665418420000037,37.47175302000022],[29.66750850000011,37.4764817300005],[29.66998755000003,37.47624553000014],[29.676156803000083,37.48255205000004],[29.67621603000009,37.48241011000039],[29.676358655000058,37.482560242000375],[29.676141748000134,37.48258814600001],[29.674020141000028,37.48768290000021],[29.675993063000192,37.49267321900004],[29.675200902000086,37.494581923000055],[29.678701878000084,37.49596855499999],[29.67906431300014,37.498940539000046],[29.68614051000003,37.506329416000085],[29.686050542000032,37.50644004300011],[29.683902499000055,37.50681409900017],[29.68379975200014,37.50671865900023],[29.683861515000046,37.50605094200017],[29.683709442000122,37.505971903000614],[29.68314621900015,37.506945085000666],[29.680633395000086,37.50747273900009],[29.68053952700012,37.507568819000085],[29.68063337300009,37.508681031000094],[29.679754844000115,37.508966899000086],[29.679645730000175,37.50891914500022],[29.67866557600007,37.5075587070001],[29.678483256999982,37.507542803000206],[29.678298163000136,37.51047036100067],[29.676343929000097,37.510489792000044],[29.676227935999975,37.51059515000043],[29.681386939000106,37.51774201900014],[29.681498368000177,37.51904638500042],[29.67960005600014,37.519500009000296],[29.67510005700001,37.51970000900013],[29.672200057000055,37.520000009000455],[29.66980005700009,37.52060000900036],[29.66710005700014,37.52150000900008],[29.66490005700018,37.52260000900014],[29.662600057000134,37.52410000900005],[29.66000005700016,37.5255000090001],[29.658000056000105,37.52620000900043],[29.65530005700009,37.527000009000005],[29.65400005700019,37.52770000900006],[29.65340005600018,37.528300009000134],[29.65320005700005,37.52890000900004],[29.653700057000037,37.53020000900028],[29.654500057000178,37.531400009000095],[29.655000056000063,37.53190000900025],[29.656400056000052,37.53290000900006],[29.656500056000027,37.53340000900005],[29.656300057000067,37.534000009000124],[29.656000057000085,37.53450000900011],[29.655200057000172,37.534900009000125],[29.654600057000096,37.5350000090001],[29.65420005600015,37.534900009000125],[29.653700057000037,37.53430000900005],[29.652900057000124,37.533600009000224],[29.651800056000127,37.533200008999984],[29.650100056000156,37.533200008999984],[29.648400057000117,37.53350000900048],[29.646400056999994,37.53420000900013],[29.644000057000028,37.535300009000196],[29.641200057000162,37.537200009],[29.640500056000064,37.537900009000055],[29.64000005700018,37.538900008999974],[29.639900056000158,37.54080000900052],[29.640500056000064,37.54270000900016],[29.643000056000176,37.54680000900015],[29.644100057000117,37.54910000900003],[29.64570005700017,37.55380000900038],[29.64650005700014,37.5556000090001],[29.646900056000106,37.556800009000085],[29.646700057000146,37.55750000900014],[29.645100057000093,37.558500009000056],[29.64350005700004,37.55970000900004],[29.641600057000062,37.561500009000156],[29.640810515000112,37.56257665700002],[29.630268701000034,37.56224491500012],[29.626644498000132,37.55888096400008],[29.61930241000016,37.56164884800012],[29.611970867000082,37.56149294400052],[29.6061508410001,37.567002522000394],[29.605552882000097,37.571438151000166],[29.60726277300006,37.57421493100003],[29.6061549690001,37.57656116000027]]],"type":"Polygon"}},{"type":"Feature","properties":{"area_id":"TR-15-011-2007276","name_tr":"Işıklar Köyü","area_level":"neighbourhood","parent_id":"TR-15-011","endeksa_id":2007276},"geometry":{"coordinates":[[[29.763194981696074,37.604260004775426],[29.762960000000135,37.604300000000364],[29.762560000000065,37.60472000000027],[29.76171000000005,37.60504000000009],[29.761000000000138,37.605170000000044],[29.759860000000117,37.60509000000036],[29.759160000000122,37.60410000000013],[29.756260000000168,37.59901000000036],[29.754510000000153,37.59646000000038],[29.752480000000048,37.59373000000045],[29.752550000000156,37.58694000000014],[29.74229000000014,37.58728000000042],[29.741710000000126,37.58694000000014],[29.741390000000138,37.586650000000134],[29.741000000000156,37.58647000000019],[29.73866000000021,37.58586000000014],[29.735210000000166,37.58449000000047],[29.733870000000138,37.58386000000024],[29.732760000000155,37.583150000000444],[29.73172000000011,37.58294000000012],[29.728473278970625,37.58169911725781],[29.72317797000011,37.58340005100007],[29.72329030200018,37.578605707000236],[29.72048256000005,37.57543802000009],[29.720529337000073,37.568255845000124],[29.71672710700011,37.56497007600012],[29.71452112600008,37.56489822700013],[29.715600057000074,37.56230000900024],[29.716000057000144,37.56000000900036],[29.715900057000056,37.55840000900014],[29.71539604999998,37.55680398600015],[29.71812512600019,37.55575346500018],[29.719140700000025,37.54414802100007],[29.72553636600003,37.54437675800011],[29.729607240000064,37.5413907300001],[29.733646524000164,37.54372252100006],[29.739446740000062,37.54269804000012],[29.74269270300016,37.546094200000425],[29.743123378000178,37.546093603000145],[29.743133595000074,37.546727569000154],[29.743033842000045,37.54681665100043],[29.74126753300004,37.54637928400007],[29.741135285999974,37.546416476000445],[29.741122559000075,37.54651640500009],[29.741861820000054,37.54771206999999],[29.738661721000085,37.546857559000614],[29.73796093500016,37.55037955100016],[29.738025562000075,37.55046642399998],[29.738154564000126,37.550461935000044],[29.739811520000046,37.54932974100035],[29.743298062000065,37.554107168000485],[29.74343852900006,37.55407852300016],[29.746781290000172,37.550734510000495],[29.750788356000044,37.55247851700011],[29.754012265000085,37.556885611999974],[29.75414689300004,37.55686767800012],[29.757979890000172,37.553953780000086],[29.762284078000164,37.55647772900011],[29.764981830000067,37.55628143100017],[29.765555475000042,37.55748750400022],[29.765698586000042,37.55754312000056],[29.765788908000047,37.557473397000024],[29.76648634000003,37.55525338100006],[29.770600365000178,37.55511206000017],[29.77186843999999,37.548139760000026],[29.78403673600019,37.56015690400011],[29.78853771500019,37.56287780700012],[29.78888721200002,37.562990760000105],[29.78794969000012,37.5653771210001],[29.79232172999997,37.57278642000023],[29.789788171000055,37.57326395100006],[29.77521377000005,37.59084155000005],[29.764236411000127,37.601144911000176],[29.76308429300019,37.60414886699999],[29.763194981696074,37.604260004775426]]],"type":"Polygon"}},{"type":"Feature","properties":{"area_id":"TR-15-011-2007280","name_tr":"Kavak Köyü","area_level":"neighbourhood","parent_id":"TR-15-011","endeksa_id":2007280},"geometry":{"coordinates":[[[29.827328155143732,37.59961340476701],[29.827360000000056,37.59940000000063],[29.82722000000018,37.59951000000035],[29.827460000000144,37.59847000000042],[29.82707000000005,37.59800000000007],[29.827240000000074,37.5973800000001],[29.82719000000003,37.59682000000032],[29.82685000000015,37.596740000000125],[29.826390000000117,37.59611000000041],[29.826470000000143,37.59593000000007],[29.82632000000018,37.595690000000104],[29.826190000000054,37.595600000000275],[29.825880000000154,37.59558000000004],[29.82459000000017,37.59455000000008],[29.82382000000007,37.59422000000012],[29.823620000000062,37.594050000000095],[29.823050000000137,37.59388000000007],[29.822810000000175,37.593580000000145],[29.822370000000205,37.59332000000063],[29.82170000000019,37.593120000000056],[29.821260000000166,37.592870000000346],[29.82105000000024,37.593090000000075],[29.820730000000196,37.59292000000022],[29.820930000000033,37.59261000000015],[29.8203400000001,37.59229000000016],[29.80210000000011,37.58756000000011],[29.801000000000045,37.59406000000007],[29.801590000000203,37.59545000000014],[29.802590000000123,37.59744000000046],[29.802460000000053,37.59768000000042],[29.802490000000034,37.597860000000026],[29.802360000000135,37.59803000000028],[29.802180000000135,37.59807000000018],[29.802170000000046,37.59828000000033],[29.79972000000015,37.59900000000022],[29.799520000000143,37.60020000000003],[29.798920000000066,37.60019000000011],[29.798590000000104,37.60008000000005],[29.79789000000011,37.600180000000364],[29.79664000000008,37.60044000000016],[29.796590000000208,37.60057000000012],[29.795300000000054,37.60101000000026],[29.795150000000035,37.600830000000315],[29.795050000000117,37.6008400000004],[29.794800000000066,37.60094000000015],[29.79486000000003,37.60125000000022],[29.794180000000097,37.60154000000006],[29.794030000000134,37.60147000000012],[29.79340000000019,37.601700000000505],[29.79346000000004,37.601890000000594],[29.789880000000096,37.60227000000009],[29.788950000000057,37.60224000000028],[29.788770000000113,37.60220000000015],[29.78881000000024,37.60208000000068],[29.788140000000226,37.60208000000068],[29.78804000000008,37.60256000000061],[29.786790000000053,37.602410000000305],[29.786560000000236,37.60370000000006],[29.782820000000186,37.60360000000014],[29.782050000000083,37.60343000000012],[29.775330000000054,37.60360000000014],[29.77528000000018,37.6037300000001],[29.773190000000113,37.60383000000053],[29.768780000000106,37.6043200000002],[29.7684900000001,37.60438000000056],[29.768580000000043,37.60482000000019],[29.768280000000118,37.604860000000485],[29.76657000000023,37.60482000000019],[29.76598000000007,37.60454000000033],[29.764570000000106,37.604240000000345],[29.763194981696074,37.604260004775426],[29.76308429300019,37.60414886699999],[29.764236411000127,37.601144911000176],[29.77521377000005,37.59084155000005],[29.789788171000055,37.57326395100006],[29.79232172999997,37.57278642000023],[29.78794969000012,37.5653771210001],[29.78888721200002,37.562990760000105],[29.791643644000033,37.5615562320001],[29.791597217000174,37.56147299100002],[29.791669467000133,37.56143269400019],[29.791719141000158,37.561502534000056],[29.794271847941445,37.559659714843804],[29.794483024792044,37.55965813407039],[29.79451000000006,37.55983000000009],[29.79637000000008,37.56024000000059],[29.797310000000095,37.55974000000043],[29.798400000000186,37.55956000000009],[29.79875000000004,37.55902000000003],[29.79885000000013,37.55924000000027],[29.799090000000092,37.559390000000064],[29.79984000000013,37.55964000000017],[29.8002400000002,37.55961000000036],[29.8007300000001,37.55946000000017],[29.801090000000215,37.5591100000002],[29.801490000000058,37.558890000000076],[29.80253000000016,37.55875000000026],[29.80278000000004,37.5582900000004],[29.803200000000174,37.55805000000004],[29.803670000000125,37.55819000000008],[29.804310000000157,37.55817000000019],[29.804800000000228,37.55797000000035],[29.805330000000197,37.557620000000384],[29.806050000000084,37.55637000000013],[29.806450000000154,37.556170000000634],[29.80719000000005,37.55649000000011],[29.80792000000008,37.557250000000465],[29.809180000000254,37.55774000000014],[29.809490000000153,37.55773000000039],[29.809740000000204,37.55752000000007],[29.809730000000116,37.55737000000045],[29.809850000000097,37.55730000000034],[29.81055000000009,37.557280000000105],[29.811320000000194,37.55891000000014],[29.81279000000012,37.56139000000053],[29.813020000000165,37.56259000000034],[29.813080000000184,37.562980000000096],[29.812400000000196,37.56305000000003],[29.811740000000157,37.56330000000014],[29.811770000000138,37.563750000000425],[29.812050000000227,37.5640600000001],[29.815940000000182,37.5664000000001],[29.817070000000058,37.56777000000034],[29.81706000000014,37.568000000000325],[29.817260000000147,37.568180000000325],[29.817240000000083,37.568520000000035],[29.81834000000015,37.5682700000001],[29.820240000000183,37.568060000000344],[29.82112000000012,37.56788000000034],[29.82273000000015,37.56777000000034],[29.824810000000127,37.56782000000038],[29.825220000000115,37.56792000000013],[29.826370000000054,37.567910000000154],[29.826397147021225,37.56762948078239],[29.826410343000077,37.567828731000134],[29.84040567900007,37.56822196400003],[29.840485844000057,37.56836322999999],[29.839946875000123,37.56926889300024],[29.839841088000128,37.56919456500049],[29.83946618600004,37.56972814400012],[29.838702523000165,37.574026174000664],[29.84022741700005,37.57598942800007],[29.83843173000008,37.5795874440002],[29.840161639000144,37.58117933000028],[29.840439476000086,37.58487416500037],[29.838348548000113,37.58528490300006],[29.838870422000127,37.58532580700012],[29.83886444800015,37.58538338600067],[29.839080935000027,37.58534230700002],[29.839069006000045,37.58552460600009],[29.840584401000115,37.58562377100003],[29.84053487300008,37.58899525100014],[29.84240210500002,37.590319647000115],[29.840673553000045,37.59655060600005],[29.840550735000136,37.596609553000405],[29.83379755600015,37.59622721800048],[29.83093857500012,37.59975221400009],[29.827480715000036,37.59934744200018],[29.827328155143732,37.59961340476701]]],"type":"Polygon"}},{"type":"Feature","properties":{"area_id":"TR-15-011-2007269","name_tr":"Düden Köyü","area_level":"neighbourhood","parent_id":"TR-15-011","endeksa_id":2007269},"geometry":{"coordinates":[[[29.585050435936353,37.6170163616012],[29.58490000000012,37.61630000000059],[29.584480000000156,37.61555000000038],[29.583810000000142,37.614960000000565],[29.581060000000207,37.61423000000019],[29.579340000000172,37.61398000000048],[29.57840000000016,37.61401000000012],[29.576320000000237,37.61495000000008],[29.57120000000009,37.61584000000022],[29.569670000000144,37.61566000000022],[29.56671000000017,37.61488000000037],[29.565740000000233,37.61448000000064],[29.56461000000013,37.61365000000018],[29.563940000000116,37.61242000000004],[29.562820000000215,37.6107100000001],[29.56229000000019,37.61033000000032],[29.561770000000195,37.610120000000165],[29.56092000000018,37.610120000000165],[29.56009000000006,37.61035000000015],[29.557710000000156,37.61207000000019],[29.556660000000136,37.613440000000026],[29.549677712024618,37.623868737374664],[29.549538378403327,37.623934625077254],[29.549399435982934,37.623869302656544],[29.547129326999993,37.62053412300054],[29.545847958000138,37.617775752000114],[29.544856498000172,37.614789040999995],[29.54502087600008,37.61146262900047],[29.544743385000118,37.608243371000015],[29.54560824100008,37.607789055000126],[29.543472257000133,37.60354465500063],[29.54138998600007,37.60461346799997],[29.540899158000116,37.60318176700008],[29.539036206000162,37.60110811700065],[29.53645146400015,37.59914648900019],[29.53343463000016,37.59729868400012],[29.530837601000087,37.59627139900067],[29.52879210700013,37.59569246600029],[29.526027096000064,37.595517984000594],[29.523881852000045,37.59493933300041],[29.52224827400005,37.59460728100015],[29.52072234299999,37.59321711600029],[29.519090405000156,37.592232725000144],[29.517970540000135,37.5914142150001],[29.516343657999982,37.58969683500061],[29.514203025000086,37.58813941200009],[29.512268139000014,37.58641986400028],[29.510525728000175,37.58608497000046],[29.508579612999995,37.585559671000055],[29.511662631000036,37.584509677000085],[29.51283458800009,37.581897432000005],[29.514383420000172,37.5822410360002],[29.516923483000085,37.58013523400007],[29.519140305000008,37.57890337800012],[29.528338882000014,37.574823531000106],[29.541719198000123,37.5704497430001],[29.546969175000072,37.56921165400007],[29.556199325000136,37.566150870000115],[29.55848630900016,37.56496740600005],[29.56175368100014,37.56652084300009],[29.565692065000064,37.567958123000324],[29.568294275000085,37.56867904400019],[29.570602727000107,37.568687517000456],[29.57231949400017,37.56798247200015],[29.573470521000104,37.5670773170001],[29.57352471600001,37.565556528000116],[29.57346134100004,37.56360017600008],[29.572616588000017,37.5601392260001],[29.577415672000086,37.55422778600018],[29.581762604000062,37.54793170800008],[29.605935150000107,37.5765813270001],[29.6061549690001,37.57656116000027],[29.604703397000037,37.57961658500005],[29.604954801000076,37.58267309500019],[29.600336647000063,37.59017996700044],[29.595290752000096,37.59247955500064],[29.59487636900019,37.60427102299997],[29.5912911260001,37.61192348200018],[29.58698037200014,37.615764117000026],[29.587052901000163,37.61586523100004],[29.59071367600012,37.617211807000274],[29.590685868000094,37.61728920400037],[29.590184504000035,37.6171922850001],[29.590176747000157,37.617375625000136],[29.585223963000033,37.617233192000356],[29.585050435936353,37.6170163616012]]],"type":"Polygon"}},{"type":"Feature","properties":{"area_id":"TR-15-011-2007274","name_tr":"Harmanlı Köyü","area_level":"neighbourhood","parent_id":"TR-15-011","endeksa_id":2007274},"geometry":{"coordinates":[[[29.837300163000123,37.623474353999995],[29.837190864999968,37.62354009600011],[29.83707193600003,37.62348655100004],[29.835838184000067,37.62112736100005],[29.832534602000123,37.62014229200054],[29.83200586600003,37.61609149700013],[29.825949829653723,37.609117544626486],[29.827328155143732,37.59961340476701],[29.827480715000036,37.59934744200018],[29.83093857500012,37.59975221400009],[29.83379755600015,37.59622721800048],[29.840550735000136,37.596609553000405],[29.840673553000045,37.59655060600005],[29.84240210500002,37.590319647000115],[29.84053487300008,37.58899525100014],[29.840584401000115,37.58562377100003],[29.839069006000045,37.58552460600009],[29.839080935000027,37.58534230700002],[29.83886444800015,37.58538338600067],[29.838870422000127,37.58532580700012],[29.838348548000113,37.58528490300006],[29.840439476000086,37.58487416500037],[29.840161639000144,37.58117933000028],[29.83843173000008,37.5795874440002],[29.84022741700005,37.57598942800007],[29.838702523000165,37.574026174000664],[29.83946618600004,37.56972814400012],[29.839841088000128,37.56919456500049],[29.839946875000123,37.56926889300024],[29.840485844000057,37.56836322999999],[29.840722510999967,37.56852785000012],[29.841018234000046,37.56824531500013],[29.841558350000128,37.56823287700013],[29.842954275000068,37.56487203600051],[29.843042601000093,37.56480759900006],[29.848767987000087,37.56788666500063],[29.84891833900008,37.5678807970005],[29.84994544100016,37.56624990900002],[29.84858299900003,37.565162162000036],[29.84856466500014,37.565052755000124],[29.85377223900008,37.56033947800012],[29.86389323500009,37.559581723000065],[29.87871500200015,37.569534433],[29.878802120000046,37.569459309000365],[29.879829219000044,37.565578732000176],[29.883000531000107,37.56642268000002],[29.884010062000016,37.56471302700004],[29.889624920000074,37.56277357600061],[29.890329892484203,37.560417913987635],[29.89051000000012,37.560620000000085],[29.890270000000157,37.56089000000037],[29.897990000000163,37.56525000000016],[29.897890000000245,37.565680000000214],[29.898390000000234,37.56573000000009],[29.89853000000005,37.56553000000008],[29.899130000000127,37.56557000000038],[29.92430000000013,37.568620000000465],[29.92708175452907,37.56938570943498],[29.927101766000305,37.57231365100063],[29.922818303000213,37.57461104100065],[29.925456725000345,37.58361935300064],[29.923693357000275,37.5879277690006],[29.926686171000313,37.58928714900031],[29.92673860900021,37.58940575600059],[29.924275747000138,37.59041017200025],[29.92308737700023,37.59419525500084],[29.918387387000223,37.599517335000826],[29.912401905000195,37.601652774000684],[29.913193796000257,37.60470240700067],[29.923222707000264,37.6083719100003],[29.920415486000252,37.612942791000364],[29.915537101000268,37.61851008100058],[29.907379085000116,37.62055952900033],[29.90224210499997,37.61527035400013],[29.897590507000075,37.614303159000485],[29.877953074000175,37.613704220000045],[29.868249559000105,37.611640777000105],[29.85975336300004,37.612899174000404],[29.854582741000172,37.6099785670001],[29.850528207000025,37.60976274500018],[29.84968167800008,37.60997391200016],[29.849626250000142,37.61010850700052],[29.849464029000103,37.61002793900025],[29.845211629000175,37.611092046000124],[29.841035915000134,37.60876189500016],[29.840866031000132,37.60878556200004],[29.840858586000138,37.60889370400014],[29.842695846000083,37.611332171000186],[29.837300163000123,37.623474353999995]]],"type":"Polygon"}},{"type":"Feature","properties":{"area_id":"TR-15-011-2007268","name_tr":"Doğanbaba Köyü","area_level":"neighbourhood","parent_id":"TR-15-011","endeksa_id":2007268},"geometry":{"coordinates":[[[29.73432507400014,37.62872618000023],[29.730336520000037,37.62334419600006],[29.730809192000038,37.622929320000026],[29.729061732000048,37.619212754000046],[29.717016887000057,37.61178345200028],[29.71271487200005,37.60727963200031],[29.70895140800019,37.60682980700017],[29.69543017000001,37.60952664300015],[29.687012934999984,37.60968064800005],[29.677688609000143,37.614765422999994],[29.671034300000144,37.61686143200018],[29.669486790000178,37.61766154500003],[29.667544170000042,37.616826330000265],[29.651902684000106,37.61170162200011],[29.637266220000186,37.62157575000015],[29.62614510000003,37.62423459900015],[29.622423026000263,37.629729501000554],[29.617922748000012,37.62503089400019],[29.614758408000057,37.62329965700002],[29.61505685800006,37.621350301000064],[29.61434278300004,37.61997124700014],[29.609304454000153,37.618118959000185],[29.602966600000173,37.61660623800003],[29.592866350000065,37.61748941900015],[29.591400835,37.61742741500035],[29.59071367600012,37.617211807000274],[29.587052901000163,37.61586523100004],[29.58698037200014,37.615764117000026],[29.5912911260001,37.61192348200018],[29.59487636900019,37.60427102299997],[29.595290752000096,37.59247955500064],[29.600336647000063,37.59017996700044],[29.604954801000076,37.58267309500019],[29.604703397000037,37.57961658500005],[29.6061549690001,37.57656116000027],[29.60726277300006,37.57421493100003],[29.605552882000097,37.571438151000166],[29.6061508410001,37.567002522000394],[29.611970867000082,37.56149294400052],[29.61930241000016,37.56164884800012],[29.626644498000132,37.55888096400008],[29.630268701000034,37.56224491500012],[29.640810515000112,37.56257665700002],[29.640500056000064,37.56300000900006],[29.640200057000015,37.56390000900046],[29.640700056000128,37.56630000900009],[29.640900057000067,37.56800000900006],[29.64040005700008,37.5706000090006],[29.64040005700008,37.57200000900008],[29.640900057000067,37.57370000900005],[29.641900056999987,37.57540000900002],[29.64340005700012,37.57700000900007],[29.645100057000093,37.5786000090003],[29.64650005700014,37.57930000900012],[29.648000057000047,37.579500009000185],[29.649800057000107,37.5792000090002],[29.651100057000065,37.57850000900055],[29.652700057000118,37.57820000900006],[29.65400005700019,37.57820000900006],[29.65530005700009,37.57850000900055],[29.65730005600011,37.58020000900052],[29.659500057000173,37.58230000900005],[29.660900057000163,37.58330000899997],[29.662400057000127,37.58410000900062],[29.664600057000087,37.584800009000276],[29.666600057000153,37.58520000900069],[29.673500057000183,37.584800009000276],[29.676600057000144,37.584800009000276],[29.679100057000028,37.58500000900011],[29.68150005700005,37.584900009000194],[29.684900057000164,37.584400009000035],[29.68690005700006,37.58390000900005],[29.690400057000147,37.58290000900013],[29.693600057000026,37.581600009],[29.696400057000062,37.58020000900052],[29.699700057000086,37.57820000900006],[29.703300057000035,37.57570000900051],[29.709500057000014,37.570800009000095],[29.711900057000037,37.568600009000136],[29.71350005700009,37.56660000900007],[29.71452112600008,37.56489822700013],[29.71672710700011,37.56497007600012],[29.720529337000073,37.568255845000124],[29.72048256000005,37.57543802000009],[29.72329030200018,37.578605707000236],[29.72317797000011,37.58340005100007],[29.728473278970625,37.58169911725781],[29.72872000000018,37.583890000000565],[29.733080000000143,37.5888700000005],[29.731060000000184,37.593710000000215],[29.722440000000176,37.5959900000002],[29.719440000000134,37.598450000000184],[29.719710000000077,37.60193000000038],[29.721210000000212,37.6027600000001],[29.73689000000013,37.60649000000035],[29.74124000000012,37.61216000000053],[29.74649000000022,37.61494000000033],[29.7461103742649,37.616018936300634],[29.74514567000017,37.6191749300001],[29.734756620000155,37.62820106000015],[29.73467143100015,37.62862477100009],[29.73432507400014,37.62872618000023]]],"type":"Polygon"}},{"type":"Feature","properties":{"area_id":"TR-15-011-2007285","name_tr":"Orhanlı Köyü","area_level":"neighbourhood","parent_id":"TR-15-011","endeksa_id":2007285},"geometry":{"coordinates":[[[29.825949829653723,37.609117544626486],[29.824715285219213,37.609798526190104],[29.82444000000004,37.61005000000006],[29.824300000000164,37.61033000000032],[29.823490000000106,37.610870000000375],[29.8228900000002,37.6115300000003],[29.822680000000105,37.611640000000136],[29.822370000000205,37.611580000000174],[29.821790000000135,37.61216000000053],[29.82140000000004,37.612330000000384],[29.820520000000045,37.612970000000075],[29.819550000000106,37.61326000000008],[29.81923000000006,37.61327000000017],[29.81873000000013,37.61354000000034],[29.818490000000168,37.613530000000196],[29.818190000000186,37.613780000000304],[29.81765000000007,37.61383000000018],[29.817390000000103,37.614030000000355],[29.816920000000096,37.61411000000004],[29.816340000000082,37.61466000000007],[29.816250000000082,37.61489000000046],[29.814470000000256,37.61581000000018],[29.81421000000006,37.616070000000036],[29.813750000000198,37.61693000000014],[29.806200000000047,37.61993000000041],[29.805990000000065,37.61996000000005],[29.805500000000052,37.61981000000043],[29.80415000000005,37.62028000000021],[29.803470000000118,37.620350000000315],[29.803360000000055,37.620410000000334],[29.803360000000055,37.62073000000049],[29.803260000000137,37.620840000000385],[29.802610000000186,37.62111000000016],[29.801890000000128,37.62160000000017],[29.80142000000012,37.62173000000013],[29.801100000000133,37.621930000000305],[29.800580000000082,37.62167000000011],[29.795300000000054,37.622860000000514],[29.788560000000132,37.624900000000196],[29.788020000000245,37.62484000000023],[29.787640000000067,37.62564000000032],[29.787400000000105,37.62587000000019],[29.786990000000117,37.62655000000029],[29.786280000000147,37.62703000000022],[29.785980000000166,37.62690000000015],[29.785390000000064,37.626450000000546],[29.785010000000057,37.626660000000186],[29.78475000000003,37.62674000000038],[29.784590000000094,37.62665000000004],[29.783810000000074,37.62699000000032],[29.783250000000066,37.62672000000015],[29.783000000000186,37.6268000000004],[29.782790000000034,37.62663000000015],[29.782600000000116,37.6266200000004],[29.782150000000172,37.6268000000004],[29.782070000000147,37.626970000000256],[29.781840000000102,37.62714000000011],[29.778480000000116,37.628900000000044],[29.77818000000019,37.62923000000035],[29.77787000000012,37.62942000000044],[29.777580000000057,37.62946000000022],[29.774950000000104,37.63056000000029],[29.774560000000122,37.63051000000041],[29.77454000000006,37.6312300000003],[29.77376000000004,37.631070000000534],[29.773090000000195,37.63115000000005],[29.772126820218546,37.63091883685257],[29.769070000000113,37.627600000000484],[29.768790000000195,37.62766000000033],[29.766280000000165,37.62742000000037],[29.76304000000016,37.62266000000034],[29.762530000000083,37.621430000000146],[29.749510000000157,37.6176500000002],[29.7461103742649,37.616018936300634],[29.74649000000022,37.61494000000033],[29.74124000000012,37.61216000000053],[29.73689000000013,37.60649000000035],[29.721210000000212,37.6027600000001],[29.719710000000077,37.60193000000038],[29.719440000000134,37.598450000000184],[29.722440000000176,37.5959900000002],[29.731060000000184,37.593710000000215],[29.733080000000143,37.5888700000005],[29.72872000000018,37.583890000000565],[29.728473278970625,37.58169911725781],[29.73172000000011,37.58294000000012],[29.732760000000155,37.583150000000444],[29.733870000000138,37.58386000000024],[29.735210000000166,37.58449000000047],[29.73866000000021,37.58586000000014],[29.741000000000156,37.58647000000019],[29.741390000000138,37.586650000000134],[29.741710000000126,37.58694000000014],[29.74229000000014,37.58728000000042],[29.752550000000156,37.58694000000014],[29.752480000000048,37.59373000000045],[29.754510000000153,37.59646000000038],[29.756260000000168,37.59901000000036],[29.759160000000122,37.60410000000013],[29.759860000000117,37.60509000000036],[29.761000000000138,37.605170000000044],[29.76171000000005,37.60504000000009],[29.762560000000065,37.60472000000027],[29.762960000000135,37.604300000000364],[29.763194981696074,37.604260004775426],[29.764570000000106,37.604240000000345],[29.76598000000007,37.60454000000033],[29.76657000000023,37.60482000000019],[29.768280000000118,37.604860000000485],[29.768580000000043,37.60482000000019],[29.7684900000001,37.60438000000056],[29.768780000000106,37.6043200000002],[29.773190000000113,37.60383000000053],[29.77528000000018,37.6037300000001],[29.775330000000054,37.60360000000014],[29.782050000000083,37.60343000000012],[29.782820000000186,37.60360000000014],[29.786560000000236,37.60370000000006],[29.786790000000053,37.602410000000305],[29.78804000000008,37.60256000000061],[29.788140000000226,37.60208000000068],[29.78881000000024,37.60208000000068],[29.788770000000113,37.60220000000015],[29.788950000000057,37.60224000000028],[29.789880000000096,37.60227000000009],[29.79346000000004,37.601890000000594],[29.79340000000019,37.601700000000505],[29.794030000000134,37.60147000000012],[29.794180000000097,37.60154000000006],[29.79486000000003,37.60125000000022],[29.794800000000066,37.60094000000015],[29.795050000000117,37.6008400000004],[29.795150000000035,37.600830000000315],[29.795300000000054,37.60101000000026],[29.796590000000208,37.60057000000012],[29.79664000000008,37.60044000000016],[29.79789000000011,37.600180000000364],[29.798590000000104,37.60008000000005],[29.798920000000066,37.60019000000011],[29.799520000000143,37.60020000000003],[29.79972000000015,37.59900000000022],[29.802170000000046,37.59828000000033],[29.802180000000135,37.59807000000018],[29.802360000000135,37.59803000000028],[29.802490000000034,37.597860000000026],[29.802460000000053,37.59768000000042],[29.802590000000123,37.59744000000046],[29.801590000000203,37.59545000000014],[29.801000000000045,37.59406000000007],[29.80210000000011,37.58756000000011],[29.8203400000001,37.59229000000016],[29.820930000000033,37.59261000000015],[29.820730000000196,37.59292000000022],[29.82105000000024,37.593090000000075],[29.821260000000166,37.592870000000346],[29.82170000000019,37.593120000000056],[29.822370000000205,37.59332000000063],[29.822810000000175,37.593580000000145],[29.823050000000137,37.59388000000007],[29.823620000000062,37.594050000000095],[29.82382000000007,37.59422000000012],[29.82459000000017,37.59455000000008],[29.825880000000154,37.59558000000004],[29.826190000000054,37.595600000000275],[29.82632000000018,37.595690000000104],[29.826470000000143,37.59593000000007],[29.826390000000117,37.59611000000041],[29.82685000000015,37.596740000000125],[29.82719000000003,37.59682000000032],[29.827240000000074,37.5973800000001],[29.82707000000005,37.59800000000007],[29.827460000000144,37.59847000000042],[29.82722000000018,37.59951000000035],[29.827360000000056,37.59940000000063],[29.825949829653723,37.609117544626486]]],"type":"Polygon"}},{"type":"Feature","properties":{"area_id":"TR-15-011-2007289","name_tr":"Taşpınar Köyü","area_level":"neighbourhood","parent_id":"TR-15-011","endeksa_id":2007289},"geometry":{"coordinates":[[[29.767669330000047,37.64063529700019],[29.766780765000135,37.640041901000075],[29.766187289000072,37.64004900200041],[29.763879114000133,37.64351919000012],[29.75955979000014,37.64623365],[29.75805125000005,37.646481158000086],[29.756898480000075,37.64706724100017],[29.756276682000134,37.64677234200019],[29.755076392000092,37.64696928400048],[29.753734094000038,37.64867671100012],[29.73803871700005,37.64169289700027],[29.73096177000008,37.64421400000009],[29.72284839700012,37.643464115000086],[29.721775394000076,37.64092468700011],[29.720601254000087,37.638177283000175],[29.721483879000004,37.63619943400022],[29.726652430000172,37.632120031000284],[29.72649776999998,37.629526150000515],[29.73447628000008,37.63184644000012],[29.73452285200017,37.628758815000026],[29.7344186200001,37.628852850000044],[29.73432507400014,37.62872618000023],[29.73467143100015,37.62862477100009],[29.734756620000155,37.62820106000015],[29.74514567000017,37.6191749300001],[29.7461103742649,37.616018936300634],[29.749510000000157,37.6176500000002],[29.762530000000083,37.621430000000146],[29.76304000000016,37.62266000000034],[29.766280000000165,37.62742000000037],[29.768790000000195,37.62766000000033],[29.769070000000113,37.627600000000484],[29.772126820218546,37.63091883685257],[29.772094774000095,37.63124353800015],[29.772338987000126,37.63252453600012],[29.77226896100001,37.632626742000014],[29.771707253000102,37.63287906300002],[29.770180217000018,37.639300654000124],[29.76990097400011,37.63942084400048],[29.76973388000016,37.64004368200017],[29.7684656830001,37.64003861300017],[29.767688815000156,37.640372988000024],[29.76787386400008,37.64056591000019],[29.767799718000163,37.64065012200041],[29.767669330000047,37.64063529700019]]],"type":"Polygon"}},{"type":"Feature","properties":{"area_id":"TR-15-011-2007290","name_tr":"Yarışlı Köyü","area_level":"neighbourhood","parent_id":"TR-15-011","endeksa_id":2007290},"geometry":{"coordinates":[[[29.976156224000306,37.65291165100018],[29.975680404000343,37.65305699600026],[29.97446122700029,37.653731765000714],[29.97433342600027,37.65366062400028],[29.974261427000272,37.653217892000384],[29.97412662000022,37.65316324700058],[29.974245570000278,37.6530531330007],[29.973569436000332,37.648316514000385],[29.969779032000247,37.64571660900066],[29.96898324700021,37.64581860300075],[29.967749914000194,37.64552848600027],[29.950207597000315,37.647813552000514],[29.946010604000207,37.64674980400025],[29.945271163000257,37.64302502500021],[29.941975675000208,37.639767433000316],[29.937481905000197,37.63811313300073],[29.937339709000355,37.63814351100058],[29.937335425000356,37.638263080000286],[29.93705053100024,37.63795656200011],[29.93590584000026,37.63753657000018],[29.929838383000344,37.63136502800029],[29.929213870000297,37.631018566000535],[29.92801877900024,37.63186823300026],[29.92267922700023,37.625338375000354],[29.915372126000193,37.62313666000034],[29.915537101000268,37.61851008100058],[29.920415486000252,37.612942791000364],[29.923222707000264,37.6083719100003],[29.913193796000257,37.60470240700067],[29.912401905000195,37.601652774000684],[29.918387387000223,37.599517335000826],[29.92308737700023,37.59419525500084],[29.924275747000138,37.59041017200025],[29.92673860900021,37.58940575600059],[29.926686171000313,37.58928714900031],[29.923693357000275,37.5879277690006],[29.925456725000345,37.58361935300064],[29.922818303000213,37.57461104100065],[29.927101766000305,37.57231365100063],[29.92708175452907,37.56938570943498],[29.927170000000274,37.56941000000063],[29.92749000000026,37.569230000000346],[29.928630000000283,37.569230000000346],[29.928930000000207,37.56941000000063],[29.930200000000355,37.569640000000504],[29.930600000000368,37.56941000000063],[29.930920000000413,37.56962000000078],[29.93081000000035,37.56971000000027],[29.93102000000033,37.56983000000059],[29.931140000000312,37.56978000000055],[29.931540000000382,37.56988000000047],[29.931630000000325,37.5700300000006],[29.932020000000307,37.570040000000176],[29.932590000000346,37.57024000000092],[29.93270000000024,37.5705200000001],[29.932810000000302,37.57057000000037],[29.932990000000245,37.570500000000436],[29.933140000000208,37.570630000000676],[29.93295000000029,37.57095000000015],[29.933060000000353,37.571220000000494],[29.933240000000353,37.571250000000646],[29.933200000000227,37.57149000000061],[29.933910000000367,37.57146000000046],[29.9346800000003,37.5720800000006],[29.93514000000033,37.57194000000038],[29.93527000000023,37.572180000000344],[29.935590000000275,37.57245000000063],[29.935840000000326,37.57233000000065],[29.93586000000022,37.57220000000109],[29.93601000000035,37.57207000000045],[29.93620000000027,37.5720800000006],[29.93669000000034,37.5716400000004],[29.93712000000039,37.5716000000005],[29.937200000000246,37.57171000000051],[29.937360000000353,37.5716800000007],[29.938870000000406,37.571100000001024],[29.939410000000294,37.5710500000003],[29.939690000000212,37.57093000000049],[29.94085000000024,37.57106000000056],[29.94106000000022,37.570940000000576],[29.941230000000246,37.570730000000424],[29.941230000000246,37.570540000000335],[29.941390000000354,37.57047000000023],[29.941480000000354,37.57047000000023],[29.94177000000036,37.570760000000064],[29.942410000000393,37.57064000000008],[29.942560000000356,37.57071000000019],[29.9429200000003,37.57058000000063],[29.943310000000224,37.57072000000085],[29.94347000000033,37.57059000000021],[29.943770000000256,37.57055000000048],[29.944260000000327,37.57075000000066],[29.94428000000039,37.570040000000176],[29.94366000000025,37.56922000000054],[29.94379000000032,37.56922000000054],[29.94397000000032,37.56340000000057],[29.944210000000282,37.561330000000396],[29.945710000000417,37.556570000000534],[29.94633000000033,37.55296000000078],[29.946090000000368,37.55114000000083],[29.94590000000028,37.550680000000455],[29.945630000000335,37.54955000000018],[29.945320000000265,37.549380000000326],[29.94568000000021,37.547960000000614],[29.94741000000039,37.54476000000034],[29.948240000000283,37.54503000000051],[29.948480000000245,37.54496000000108],[29.948850000000334,37.54437000000058],[29.94834000000037,37.54395000000011],[29.95745000000028,37.54246000000046],[29.957220000000234,37.54191000000043],[29.95701000000031,37.54165000000023],[29.956780000000265,37.541020000000685],[29.957430000000215,37.5405300000005],[29.958060000000273,37.54117000000031],[29.959027851540725,37.541111595166456],[29.958556987000293,37.543984643000044],[29.96863176600033,37.548052990000485],[29.96865729700022,37.548214397000606],[29.968851975000348,37.5481430400003],[29.96937037000032,37.548395643000504],[29.97070286700034,37.55790606200003],[29.972841605000212,37.56154990600061],[29.972688775000165,37.569059036000226],[29.972938878000207,37.57052748300009],[29.972925519000228,37.57074256600026],[29.97021035000023,37.57265563000027],[29.973820507000198,37.5753724150004],[29.974065568000356,37.57685065100014],[29.974119961000326,37.58447694100022],[29.980874138000217,37.586706697000466],[29.98100827200028,37.588480449000144],[29.98350185200036,37.58993376900031],[29.984128961000295,37.59586087900027],[29.987349504000235,37.59768918100002],[29.988050769000267,37.60135864000068],[29.987895495000203,37.60151292600011],[29.977458373000275,37.60761656800065],[29.97749554500035,37.607726513000785],[29.983309236000252,37.611576746000765],[29.978625508000334,37.6172835710002],[29.978649767000263,37.621381770000596],[29.975939793000236,37.62657311300069],[29.98473622200021,37.6344940240005],[29.990561389000334,37.63586170900061],[29.99308133100027,37.64094495600028],[29.99211327700033,37.64161044300022],[29.990277444000355,37.647142118000204],[29.983137654000245,37.64881920500068],[29.97642017300035,37.65263660099998],[29.976117047000344,37.65284271000007],[29.976156224000306,37.65291165100018]]],"type":"Polygon"}},{"type":"Feature","properties":{"area_id":"TR-15-011-2007261","name_tr":"Beyköy Köyü","area_level":"neighbourhood","parent_id":"TR-15-011","endeksa_id":2007261},"geometry":{"coordinates":[[[29.854741668000088,37.652996694000024],[29.851728779999974,37.654055210000024],[29.854458377000185,37.654349929000034],[29.855690170000003,37.66122803100012],[29.858632020000073,37.663549464000084],[29.858639438000182,37.66368019600043],[29.85096293400005,37.66672351900007],[29.848224898000183,37.66690212200001],[29.842700036999986,37.66888726000013],[29.84150636900017,37.66902411600063],[29.841483845000084,37.66895904500012],[29.84129182200013,37.66897394000006],[29.841127043000085,37.66823144400041],[29.84106185899998,37.66824917700001],[29.841044798000098,37.668128848000094],[29.840965949000065,37.66815614200004],[29.840707809000037,37.66731489600011],[29.839814000000047,37.66401689200006],[29.841399144000093,37.66249487200008],[29.841012408000097,37.659109453000156],[29.83983482200017,37.65740157800019],[29.836831121000046,37.65719520300058],[29.83611275500016,37.654492474000335],[29.83890298500006,37.64936632800021],[29.835445904000096,37.64651641800049],[29.835498737000137,37.64637799600007],[29.8364866820001,37.64615828600034],[29.83656839800011,37.64605867500018],[29.83527177899998,37.64430418800009],[29.835374714000068,37.64420442600033],[29.83659673000011,37.644130808000455],[29.837313831000017,37.64129738700041],[29.839678599000138,37.64123881200027],[29.839791733000084,37.64112280699999],[29.83439870500007,37.635790049000036],[29.836623721000137,37.63299698100019],[29.83744065200011,37.624422383000194],[29.837153520000186,37.62380048500012],[29.837300163000123,37.623474353999995],[29.842695846000083,37.611332171000186],[29.840858586000138,37.60889370400014],[29.840866031000132,37.60878556200004],[29.841035915000134,37.60876189500016],[29.845211629000175,37.611092046000124],[29.849464029000103,37.61002793900025],[29.849626250000142,37.61010850700052],[29.852431308000064,37.61440492700001],[29.852403351000135,37.61888546400064],[29.854461766000156,37.6203285900005],[29.852635641000177,37.62925540900005],[29.853671569000085,37.63821298300013],[29.85617146500016,37.63952308300014],[29.853748873000086,37.64847067500011],[29.85481404300009,37.65288883400052],[29.854741668000088,37.652996694000024]]],"type":"Polygon"}},{"type":"Feature","properties":{"area_id":"TR-15-011-2007284","name_tr":"Onacak Köyü","area_level":"neighbourhood","parent_id":"TR-15-011","endeksa_id":2007284},"geometry":{"coordinates":[[[29.965642638000077,37.66920099300006],[29.93680879700014,37.669874312000275],[29.923745762000124,37.6678461850006],[29.921400746000074,37.669597915000054],[29.91759893400007,37.669535861999975],[29.91657585100006,37.669276511000135],[29.916173585000024,37.66725075400012],[29.916085680000094,37.6671728380004],[29.909591212000123,37.66744232900004],[29.909475176000115,37.667549927000096],[29.90920290000014,37.66466288900011],[29.915581823000082,37.662519320000115],[29.914920335000033,37.65965419700029],[29.92289738700015,37.65653160600016],[29.922327193000058,37.65311000800017],[29.926912231000188,37.64711293700037],[29.934974321000027,37.645987933000185],[29.935346441000092,37.639548917000184],[29.937848961000043,37.638989191000064],[29.937874735000037,37.63886514300009],[29.937335425000356,37.638263080000286],[29.937339709000355,37.63814351100058],[29.937481905000197,37.63811313300073],[29.941975675000208,37.639767433000316],[29.945271163000257,37.64302502500021],[29.946010604000207,37.64674980400025],[29.950207597000315,37.647813552000514],[29.967749914000194,37.64552848600027],[29.96898324700021,37.64581860300075],[29.969779032000247,37.64571660900066],[29.973569436000332,37.648316514000385],[29.974245570000278,37.6530531330007],[29.97412662000022,37.65316324700058],[29.973869997000065,37.65324265100003],[29.973246988000085,37.65592101400023],[29.965642638000077,37.66920099300006]]],"type":"Polygon"}},{"type":"Feature","properties":{"area_id":"TR-15-011-2007258","name_tr":"Bayındır Köyü","area_level":"neighbourhood","parent_id":"TR-15-011","endeksa_id":2007258},"geometry":{"coordinates":[[[29.767669330000047,37.64063529700019],[29.770220494000114,37.642350056000055],[29.772623760000158,37.64158125400036],[29.77579501100007,37.645804231000625],[29.774962153000104,37.64879217200013],[29.776423971999975,37.6553716260006],[29.777104119000057,37.657260868000094],[29.777210204000028,37.65732723600058],[29.780768362000117,37.65755485400041],[29.783313292000173,37.663853845000176],[29.77025334200016,37.68388047300016],[29.768786582000132,37.68357561900052],[29.768822117000127,37.683261876000074],[29.768424091000043,37.6832562540003],[29.768492586000093,37.683102084000154],[29.738512778000086,37.66978260500059],[29.737345095000023,37.66773418300039],[29.739922915000136,37.665457546000084],[29.739931830000103,37.66533806300038],[29.73067517900006,37.662190665000196],[29.72513528400009,37.649490487000094],[29.724340721000146,37.64847802200006],[29.723019739000108,37.64846803800032],[29.722781028000156,37.64819944100003],[29.721459228000185,37.6484485280003],[29.721325820000175,37.64839475100001],[29.72028524300015,37.64553092600016],[29.72284839700012,37.643464115000086],[29.73096177000008,37.64421400000009],[29.73803871700005,37.64169289700027],[29.753734094000038,37.64867671100012],[29.755076392000092,37.64696928400048],[29.756276682000134,37.64677234200019],[29.756898480000075,37.64706724100017],[29.75805125000005,37.646481158000086],[29.75955979000014,37.64623365],[29.763879114000133,37.64351919000012],[29.766187289000072,37.64004900200041],[29.766780765000135,37.640041901000075],[29.767669330000047,37.64063529700019]]],"type":"Polygon"}},{"type":"Feature","properties":{"area_id":"TR-15-011-2007282","name_tr":"Yukarı Kırlı Köyü","area_level":"neighbourhood","parent_id":"TR-15-011","endeksa_id":2007282},"geometry":{"coordinates":[[[29.768822117000127,37.683261876000074],[29.76869169700018,37.68355543100063],[29.768410088000053,37.683287772000085],[29.768367802000114,37.6834865190001],[29.733261780000134,37.67601732200069],[29.727058209999996,37.676134954000474],[29.71497106300012,37.6811418100005],[29.702569314000073,37.682767699000465],[29.70254849200012,37.68286156600033],[29.702635551000128,37.68292569300007],[29.707461264000187,37.68369757700049],[29.707459482000047,37.68382337000014],[29.705458220000025,37.68567351000013],[29.702322530000117,37.686316303000126],[29.70022344400013,37.68338297800011],[29.700096383000187,37.6833344600002],[29.693266285000107,37.685597922000056],[29.689668288000064,37.68726975700014],[29.68958241200005,37.687428188000695],[29.68631016400019,37.685124269000084],[29.68672312100017,37.68133749400016],[29.686079656000118,37.67691657600017],[29.6831913260001,37.67122697400009],[29.68121743400019,37.668485925000596],[29.68083062400018,37.66606483300029],[29.68190327300016,37.662805958000035],[29.6831100120001,37.66025017400017],[29.693505300000083,37.65601145000011],[29.699731672000155,37.64616422200015],[29.704728249000084,37.64494440300018],[29.707829812000114,37.642112728000086],[29.708543986000052,37.64167331000016],[29.71994137900009,37.641701295000075],[29.721775394000076,37.64092468700011],[29.72284839700012,37.643464115000086],[29.72028524300015,37.64553092600016],[29.721325820000175,37.64839475100001],[29.721459228000185,37.6484485280003],[29.722781028000156,37.64819944100003],[29.723019739000108,37.64846803800032],[29.724340721000146,37.64847802200006],[29.72513528400009,37.649490487000094],[29.73067517900006,37.662190665000196],[29.739931830000103,37.66533806300038],[29.739922915000136,37.665457546000084],[29.737345095000023,37.66773418300039],[29.738512778000086,37.66978260500059],[29.768492586000093,37.683102084000154],[29.768424091000043,37.6832562540003],[29.768822117000127,37.683261876000074]]],"type":"Polygon"}},{"type":"Feature","properties":{"area_id":"TR-15-011-2007262","name_tr":"Büyükyaka Köyü","area_level":"neighbourhood","parent_id":"TR-15-011","endeksa_id":2007262},"geometry":{"coordinates":[[[29.909475176000115,37.667549927000096],[29.90970729200012,37.669637778000094],[29.90960456400012,37.669741935000104],[29.89399845200012,37.66965685300016],[29.890993239000068,37.676731013000676],[29.886582468000086,37.67867841000009],[29.880731237000077,37.68788097300023],[29.876522898000132,37.689575374000185],[29.876334863000125,37.68995788700016],[29.875982120000174,37.68983831500003],[29.87587691100009,37.68976932400005],[29.878155920000097,37.67687722000011],[29.872072600000138,37.673147810000046],[29.86684512700009,37.674171089000254],[29.866718086000162,37.67413686700007],[29.862101575000167,37.664802729000314],[29.863213680000115,37.66241836000012],[29.85644828700015,37.65972919100028],[29.856445568000026,37.65961508200019],[29.85852649000003,37.657290570000214],[29.85694707900018,37.653695011000025],[29.854974538000135,37.65291488000037],[29.854741668000088,37.652996694000024],[29.85481404300009,37.65288883400052],[29.853748873000086,37.64847067500011],[29.85617146500016,37.63952308300014],[29.853671569000085,37.63821298300013],[29.852635641000177,37.62925540900005],[29.854461766000156,37.6203285900005],[29.852403351000135,37.61888546400064],[29.852431308000064,37.61440492700001],[29.849626250000142,37.61010850700052],[29.84968167800008,37.60997391200016],[29.850528207000025,37.60976274500018],[29.854582741000172,37.6099785670001],[29.85975336300004,37.612899174000404],[29.868249559000105,37.611640777000105],[29.877953074000175,37.613704220000045],[29.897590507000075,37.614303159000485],[29.90224210499997,37.61527035400013],[29.907379085000116,37.62055952900033],[29.915537101000268,37.61851008100058],[29.915372126000193,37.62313666000034],[29.92267922700023,37.625338375000354],[29.92801877900024,37.63186823300026],[29.929213870000297,37.631018566000535],[29.929838383000344,37.63136502800029],[29.93590584000026,37.63753657000018],[29.93705053100024,37.63795656200011],[29.937874735000037,37.63886514300009],[29.937848961000043,37.638989191000064],[29.935346441000092,37.639548917000184],[29.934974321000027,37.645987933000185],[29.926912231000188,37.64711293700037],[29.922327193000058,37.65311000800017],[29.92289738700015,37.65653160600016],[29.914920335000033,37.65965419700029],[29.915581823000082,37.662519320000115],[29.90920290000014,37.66466288900011],[29.909475176000115,37.667549927000096]]],"type":"Polygon"}},{"type":"Feature","properties":{"area_id":"TR-15-011-2007267","name_tr":"Dereköy Köyü","area_level":"neighbourhood","parent_id":"TR-15-011","endeksa_id":2007267},"geometry":{"coordinates":[[[29.83698135900005,37.6989177800001],[29.8367557707258,37.69897098071931],[29.836622610165136,37.698896023066425],[29.835658990000184,37.69666229100045],[29.832547419000036,37.69485947000004],[29.8311216620001,37.69314580700046],[29.827083861000062,37.68928580100015],[29.81901864700012,37.68504168100014],[29.804333216000146,37.684459923000134],[29.79586762800011,37.688880024000014],[29.794750333000138,37.689654724000036],[29.791810591000058,37.69011572100004],[29.78978724899997,37.69175058300016],[29.787974050000173,37.69391223600019],[29.78335743000008,37.69423527800063],[29.77352329100006,37.69510021200011],[29.769061489000023,37.694813749000446],[29.768793924000192,37.69520827100007],[29.76559624500004,37.69404066200019],[29.763055549737487,37.69749327906533],[29.762847553633435,37.69753342041332],[29.76277742240154,37.697374220065115],[29.76470235500011,37.69371424999997],[29.769802622000157,37.68831520700013],[29.769897005000075,37.68744435800011],[29.769994139999994,37.68745137200011],[29.77003753400004,37.687255643000185],[29.76992016500003,37.687230671000066],[29.76999138900004,37.68657350700005],[29.770073475000117,37.686579435],[29.770094166000092,37.68644683500008],[29.77001080100007,37.6863944000001],[29.770101437000108,37.685558130000686],[29.770155984000098,37.68556396300005],[29.77025334200016,37.68388047300016],[29.783313292000173,37.663853845000176],[29.780768362000117,37.65755485400041],[29.777210204000028,37.65732723600058],[29.777104119000057,37.657260868000094],[29.776423971999975,37.6553716260006],[29.774962153000104,37.64879217200013],[29.77579501100007,37.645804231000625],[29.772623760000158,37.64158125400036],[29.770220494000114,37.642350056000055],[29.767669330000047,37.64063529700019],[29.767799718000163,37.64065012200041],[29.76787386400008,37.64056591000019],[29.767688815000156,37.640372988000024],[29.7684656830001,37.64003861300017],[29.76973388000016,37.64004368200017],[29.76990097400011,37.63942084400048],[29.770180217000018,37.639300654000124],[29.771707253000102,37.63287906300002],[29.77226896100001,37.632626742000014],[29.772338987000126,37.63252453600012],[29.772094774000095,37.63124353800015],[29.772126820218546,37.63091883685257],[29.773090000000195,37.63115000000005],[29.77376000000004,37.631070000000534],[29.77454000000006,37.6312300000003],[29.774560000000122,37.63051000000041],[29.774950000000104,37.63056000000029],[29.777580000000057,37.62946000000022],[29.77787000000012,37.62942000000044],[29.77818000000019,37.62923000000035],[29.778480000000116,37.628900000000044],[29.781840000000102,37.62714000000011],[29.782070000000147,37.626970000000256],[29.782150000000172,37.6268000000004],[29.782600000000116,37.6266200000004],[29.782790000000034,37.62663000000015],[29.783000000000186,37.6268000000004],[29.783250000000066,37.62672000000015],[29.783810000000074,37.62699000000032],[29.784590000000094,37.62665000000004],[29.78475000000003,37.62674000000038],[29.785010000000057,37.626660000000186],[29.785390000000064,37.626450000000546],[29.785980000000166,37.62690000000015],[29.786280000000147,37.62703000000022],[29.786990000000117,37.62655000000029],[29.787400000000105,37.62587000000019],[29.787640000000067,37.62564000000032],[29.788020000000245,37.62484000000023],[29.788560000000132,37.624900000000196],[29.795300000000054,37.622860000000514],[29.800580000000082,37.62167000000011],[29.801100000000133,37.621930000000305],[29.80142000000012,37.62173000000013],[29.801890000000128,37.62160000000017],[29.802610000000186,37.62111000000016],[29.803260000000137,37.620840000000385],[29.803360000000055,37.62073000000049],[29.803360000000055,37.620410000000334],[29.803470000000118,37.620350000000315],[29.80415000000005,37.62028000000021],[29.805500000000052,37.61981000000043],[29.805990000000065,37.61996000000005],[29.806200000000047,37.61993000000041],[29.813750000000198,37.61693000000014],[29.81421000000006,37.616070000000036],[29.814470000000256,37.61581000000018],[29.816250000000082,37.61489000000046],[29.816340000000082,37.61466000000007],[29.816920000000096,37.61411000000004],[29.817390000000103,37.614030000000355],[29.81765000000007,37.61383000000018],[29.818190000000186,37.613780000000304],[29.818490000000168,37.613530000000196],[29.81873000000013,37.61354000000034],[29.81923000000006,37.61327000000017],[29.819550000000106,37.61326000000008],[29.820520000000045,37.612970000000075],[29.82140000000004,37.612330000000384],[29.821790000000135,37.61216000000053],[29.822370000000205,37.611580000000174],[29.822680000000105,37.611640000000136],[29.8228900000002,37.6115300000003],[29.823490000000106,37.610870000000375],[29.824300000000164,37.61033000000032],[29.82444000000004,37.61005000000006],[29.824715285219213,37.609798526190104],[29.825949829653723,37.609117544626486],[29.83200586600003,37.61609149700013],[29.832534602000123,37.62014229200054],[29.835838184000067,37.62112736100005],[29.83707193600003,37.62348655100004],[29.837190864999968,37.62354009600011],[29.837300163000123,37.623474353999995],[29.837153520000186,37.62380048500012],[29.83744065200011,37.624422383000194],[29.836623721000137,37.63299698100019],[29.83439870500007,37.635790049000036],[29.839791733000084,37.64112280699999],[29.839678599000138,37.64123881200027],[29.837313831000017,37.64129738700041],[29.83659673000011,37.644130808000455],[29.835374714000068,37.64420442600033],[29.83527177899998,37.64430418800009],[29.83656839800011,37.64605867500018],[29.8364866820001,37.64615828600034],[29.835498737000137,37.64637799600007],[29.835445904000096,37.64651641800049],[29.83890298500006,37.64936632800021],[29.83611275500016,37.654492474000335],[29.836831121000046,37.65719520300058],[29.83983482200017,37.65740157800019],[29.841012408000097,37.659109453000156],[29.841399144000093,37.66249487200008],[29.839814000000047,37.66401689200006],[29.840707809000037,37.66731489600011],[29.840965949000065,37.66815614200004],[29.841044798000098,37.668128848000094],[29.84106185899998,37.66824917700001],[29.841127043000085,37.66823144400041],[29.84129182200013,37.66897394000006],[29.84113419800019,37.66910564500017],[29.839913105000164,37.669303090000085],[29.83837832300003,37.669048355000086],[29.838242203000107,37.66911239000029],[29.837059150000186,37.67483214000015],[29.841420401000164,37.679587606000155],[29.834406430000058,37.68461614],[29.83594493200019,37.688799608000124],[29.834644170000047,37.693244060000154],[29.835087021000163,37.69477295100012],[29.83698135900005,37.6989177800001]]],"type":"Polygon"}},{"type":"Feature","properties":{"area_id":"TR-15-011-2007272","name_tr":"Gökçeyaka Köyü","area_level":"neighbourhood","parent_id":"TR-15-011","endeksa_id":2007272},"geometry":{"coordinates":[[[29.921625755227808,37.696428209896965],[29.92152469512729,37.69629012316665],[29.92132755673083,37.69624027908259],[29.921143511872515,37.696307490335016],[29.92106308680968,37.69645211579183],[29.92114163299999,37.69536175600058],[29.921076933000165,37.695273480000026],[29.910523057000034,37.692213146000654],[29.91042244200014,37.692330151000476],[29.911144189000083,37.69454034600011],[29.908262410000134,37.695429076000096],[29.90776663000014,37.69695472400008],[29.907618719000027,37.69701960499998],[29.89967520500005,37.69113998100005],[29.88594413400017,37.697064492000095],[29.88026004200009,37.69704552300004],[29.880083189999993,37.696906730000194],[29.87578316600002,37.69151209500029],[29.875568688000044,37.69152154300036],[29.875717269000177,37.69067993700003],[29.875949779000052,37.690741243000105],[29.87615836100008,37.69031693600061],[29.875810856000044,37.69014610900007],[29.875982120000174,37.68983831500003],[29.876334863000125,37.68995788700016],[29.876522898000132,37.689575374000185],[29.880731237000077,37.68788097300023],[29.886582468000086,37.67867841000009],[29.890993239000068,37.676731013000676],[29.89399845200012,37.66965685300016],[29.90960456400012,37.669741935000104],[29.90970729200012,37.669637778000094],[29.909475176000115,37.667549927000096],[29.909591212000123,37.66744232900004],[29.916085680000094,37.6671728380004],[29.916173585000024,37.66725075400012],[29.91657585100006,37.669276511000135],[29.91759893400007,37.669535861999975],[29.921400746000074,37.669597915000054],[29.923745762000124,37.6678461850006],[29.93680879700014,37.669874312000275],[29.965642638000077,37.66920099300006],[29.9656130266913,37.67065501934775],[29.965558549758327,37.671067327156834],[29.965444339861506,37.67115946952981],[29.964826680999977,37.676043037000056],[29.96188632999997,37.675535131000174],[29.95514528199999,37.68020791800018],[29.945897259000162,37.68116191400003],[29.937110113000188,37.68831904100006],[29.937348232999966,37.68993538800066],[29.93246273500006,37.69115495900007],[29.93218294200011,37.691917685000135],[29.93157480000002,37.69214892200017],[29.930493677000186,37.69652268800036],[29.925884100000076,37.69667175100017],[29.921210130000077,37.69441398000032],[29.921625755227808,37.696428209896965]]],"type":"Polygon"}},{"type":"Feature","properties":{"area_id":"TR-15-011-2007256","name_tr":"Aşağı Kırlı Köyü","area_level":"neighbourhood","parent_id":"TR-15-011","endeksa_id":2007256},"geometry":{"coordinates":[[[29.76277742240154,37.697374220065115],[29.76137842999998,37.70003421300038],[29.76048911200013,37.703647060000435],[29.759965706000173,37.70653557700007],[29.755409444000122,37.708990163000124],[29.75391381300011,37.711143692000405],[29.752819003000127,37.71121095500001],[29.750714179000056,37.71218046700011],[29.74875384300003,37.71419514300055],[29.747591629000112,37.71290325300009],[29.744756336000137,37.71144653700014],[29.742677902000082,37.71115993200033],[29.740547796000044,37.71115522900038],[29.738015879999978,37.71002137100004],[29.736545962000037,37.709776311000155],[29.73487276400016,37.70965165200005],[29.732794417000093,37.70936487200015],[29.728482137000128,37.70975788600032],[29.724877920000097,37.71067622400045],[29.71650483400009,37.71194564400014],[29.713712923000116,37.7125835490001],[29.712189074000037,37.71318421500007],[29.709639269000036,37.71403462100005],[29.709232988000053,37.71389701400017],[29.708461603000103,37.71394111400008],[29.707763736000175,37.71339938000017],[29.70697777000015,37.71313317400035],[29.707087340000157,37.712886907000666],[29.703975710000122,37.71047143300029],[29.703503927000042,37.7105615430001],[29.70256874400002,37.70952534800011],[29.703232695000167,37.708006274000695],[29.701852922000114,37.70465446400016],[29.69556808200008,37.697764781000046],[29.693003500000145,37.69367597400003],[29.691612343000088,37.690885836000064],[29.69026367500004,37.68955398100013],[29.68958241200005,37.687428188000695],[29.689668288000064,37.68726975700014],[29.693266285000107,37.685597922000056],[29.700096383000187,37.6833344600002],[29.70022344400013,37.68338297800011],[29.702322530000117,37.686316303000126],[29.705458220000025,37.68567351000013],[29.707459482000047,37.68382337000014],[29.707461264000187,37.68369757700049],[29.702635551000128,37.68292569300007],[29.70254849200012,37.68286156600033],[29.702569314000073,37.682767699000465],[29.71497106300012,37.6811418100005],[29.727058209999996,37.676134954000474],[29.733261780000134,37.67601732200069],[29.768367802000114,37.6834865190001],[29.768410088000053,37.683287772000085],[29.76869169700018,37.68355543100063],[29.768822117000127,37.683261876000074],[29.768786582000132,37.68357561900052],[29.77025334200016,37.68388047300016],[29.770155984000098,37.68556396300005],[29.770101437000108,37.685558130000686],[29.77001080100007,37.6863944000001],[29.770094166000092,37.68644683500008],[29.770073475000117,37.686579435],[29.76999138900004,37.68657350700005],[29.76992016500003,37.687230671000066],[29.77003753400004,37.687255643000185],[29.769994139999994,37.68745137200011],[29.769897005000075,37.68744435800011],[29.769802622000157,37.68831520700013],[29.76470235500011,37.69371424999997],[29.76277742240154,37.697374220065115]]],"type":"Polygon"}},{"type":"Feature","properties":{"area_id":"TR-15-011-2007264","name_tr":"Çardak Köyü","area_level":"neighbourhood","parent_id":"TR-15-011","endeksa_id":2007264},"geometry":{"coordinates":[[[29.978697786981854,37.696287207381886],[29.971073911000133,37.70358038700016],[29.971548160000054,37.70745864000014],[29.96475305700011,37.71333761700015],[29.964762594000092,37.71344795700037],[29.966375420000134,37.71503268000015],[29.96491788999998,37.71671875000004],[29.962893633000135,37.7168526100001],[29.9520814170001,37.72560773499998],[29.95158874000009,37.72547924500037],[29.95127033,37.7251776400002],[29.947038000000134,37.724292350000155],[29.94391109000003,37.725351870000225],[29.943509868999968,37.721226926000156],[29.937808340000117,37.714611430000446],[29.93660483500014,37.71014764300014],[29.927273880000143,37.70631373000009],[29.927444065000145,37.702876591000006],[29.92257909,37.701048300000025],[29.921210130000077,37.69441398000032],[29.925884100000076,37.69667175100017],[29.930493677000186,37.69652268800036],[29.93157480000002,37.69214892200017],[29.93218294200011,37.691917685000135],[29.93246273500006,37.69115495900007],[29.937348232999966,37.68993538800066],[29.937110113000188,37.68831904100006],[29.945897259000162,37.68116191400003],[29.95514528199999,37.68020791800018],[29.96188632999997,37.675535131000174],[29.964826680999977,37.676043037000056],[29.96536485480135,37.67179292871822],[29.965526207881055,37.67167948271219],[29.96568135838436,37.671802693823565],[29.96569022700004,37.6785016930001],[29.966497576000165,37.68083408500053],[29.97118447000014,37.68548581800002],[29.97665730000017,37.6905706500001],[29.97684937700018,37.69110822800036],[29.977235409000173,37.691491364000115],[29.977082904000042,37.69146444199998],[29.977017286000148,37.691577930000676],[29.977703634924467,37.69349895409994],[29.977820000000122,37.69406000000038],[29.97786000000025,37.69523000000015],[29.978697786981854,37.696287207381886]]],"type":"Polygon"}},{"type":"Feature","properties":{"area_id":"TR-15-011-2007254","name_tr":"Alanköy Köyü","area_level":"neighbourhood","parent_id":"TR-15-011","endeksa_id":2007254},"geometry":{"coordinates":[[[29.85587012200017,37.725939123000046],[29.855586450000146,37.72623232100051],[29.850285675000066,37.72830633400025],[29.850234415000102,37.72841729000004],[29.85043692200003,37.72890659199999],[29.84946116800012,37.729869830000155],[29.847729869000148,37.72865479500007],[29.845563013000117,37.7265855390001],[29.84320284600011,37.72766434900018],[29.842964224000127,37.727641593000044],[29.843186163000098,37.72757127800003],[29.844910069000093,37.723465487000055],[29.84439581100014,37.72208711000013],[29.844287624000174,37.72129641100014],[29.843214116000183,37.71806313600007],[29.84358151600003,37.71613574400027],[29.843361760000107,37.71452963000007],[29.83991059700014,37.706524315000024],[29.83928578500013,37.70401418300003],[29.83698135900005,37.6989177800001],[29.835087021000163,37.69477295100012],[29.834644170000047,37.693244060000154],[29.83594493200019,37.688799608000124],[29.834406430000058,37.68461614],[29.841420401000164,37.679587606000155],[29.837059150000186,37.67483214000015],[29.838242203000107,37.66911239000029],[29.83837832300003,37.669048355000086],[29.839913105000164,37.669303090000085],[29.84113419800019,37.66910564500017],[29.84129182200013,37.66897394000006],[29.841483845000084,37.66895904500012],[29.84150636900017,37.66902411600063],[29.842700036999986,37.66888726000013],[29.848224898000183,37.66690212200001],[29.85096293400005,37.66672351900007],[29.858639438000182,37.66368019600043],[29.858632020000073,37.663549464000084],[29.855690170000003,37.66122803100012],[29.854458377000185,37.654349929000034],[29.851728779999974,37.654055210000024],[29.854974538000135,37.65291488000037],[29.85694707900018,37.653695011000025],[29.85852649000003,37.657290570000214],[29.856445568000026,37.65961508200019],[29.85644828700015,37.65972919100028],[29.863213680000115,37.66241836000012],[29.862101575000167,37.664802729000314],[29.866718086000162,37.67413686700007],[29.86684512700009,37.674171089000254],[29.872072600000138,37.673147810000046],[29.878155920000097,37.67687722000011],[29.87587691100009,37.68976932400005],[29.875982120000174,37.68983831500003],[29.875810856000044,37.69014610900007],[29.87615836100008,37.69031693600061],[29.875949779000052,37.690741243000105],[29.875717269000177,37.69067993700003],[29.875568688000044,37.69152154300036],[29.87578316600002,37.69151209500029],[29.88019491,37.69704528000011],[29.87471914000008,37.69740839100018],[29.87398822500012,37.695537293000086],[29.870885450000173,37.69563527500003],[29.870881117000067,37.69573987600006],[29.871736770000098,37.696773759999985],[29.86774151600008,37.70350281600008],[29.870712310000044,37.70496414100006],[29.87146077000017,37.70982494000003],[29.85587012200017,37.725939123000046]]],"type":"Polygon"}},{"type":"Feature","properties":{"area_id":"TR-15-011-2007253","name_tr":"Akçaköy Köyü","area_level":"neighbourhood","parent_id":"TR-15-011","endeksa_id":2007253},"geometry":{"coordinates":[[[29.919747976000053,37.72994415400041],[29.919662969000058,37.72958577300051],[29.919227299000056,37.729896349000114],[29.919177616000127,37.72968688800012],[29.91511505000011,37.73065050000008],[29.909286752000128,37.71966072200007],[29.909185345000026,37.71960069900052],[29.904539229000136,37.720531107000056],[29.900654471000053,37.72397559900048],[29.88872948300019,37.71995728000013],[29.879234606000125,37.72127487800003],[29.87131186400012,37.71802324400011],[29.869429933000106,37.720036471000185],[29.866089238000143,37.7227833230001],[29.856015456000137,37.726091513000085],[29.855868448000024,37.726058113000306],[29.85587012200017,37.725939123000046],[29.87146077000017,37.70982494000003],[29.870712310000044,37.70496414100006],[29.86774151600008,37.70350281600008],[29.871736770000098,37.696773759999985],[29.870881117000067,37.69573987600006],[29.870885450000173,37.69563527500003],[29.87398822500012,37.695537293000086],[29.87471914000008,37.69740839100018],[29.88019491,37.69704528000011],[29.880083189999993,37.696906730000194],[29.88026004200009,37.69704552300004],[29.88594413400017,37.697064492000095],[29.89967520500005,37.69113998100005],[29.907618719000027,37.69701960499998],[29.90776663000014,37.69695472400008],[29.908262410000134,37.695429076000096],[29.911144189000083,37.69454034600011],[29.91042244200014,37.692330151000476],[29.910523057000034,37.692213146000654],[29.921076933000165,37.695273480000026],[29.92114163299999,37.69536175600058],[29.92106308680968,37.69645211579183],[29.921143511872515,37.696307490335016],[29.92132755673083,37.69624027908259],[29.92152469512729,37.69629012316665],[29.921625755227808,37.696428209896965],[29.92257909,37.701048300000025],[29.927444065000145,37.702876591000006],[29.927273880000143,37.70631373000009],[29.93660483500014,37.71014764300014],[29.937808340000117,37.714611430000446],[29.943509868999968,37.721226926000156],[29.943897835000087,37.72521400500045],[29.943838150000033,37.72538113900009],[29.935095464000028,37.72889000100014],[29.92323476000007,37.72872455000004],[29.92150090100006,37.72932309900011],[29.92131795600011,37.72917921500044],[29.92060226100017,37.72964534300013],[29.919747976000053,37.72994415400041]]],"type":"Polygon"}},{"type":"Feature","properties":{"area_id":"TR-15-011-2007286","name_tr":"Örencik Köyü","area_level":"neighbourhood","parent_id":"TR-15-011","endeksa_id":2007286},"geometry":{"coordinates":[[[29.978697786981854,37.696287207381886],[29.978960000000086,37.69650000000007],[29.979010000000187,37.69668000000058],[29.979010000000187,37.69761000000011],[29.97919000000013,37.69830000000036],[29.980590000000177,37.7008400000002],[29.98086000000012,37.70151000000021],[29.981310000000235,37.702150000000415],[29.982400000000155,37.7031300000001],[29.982600000000218,37.703730000000405],[29.983380000000068,37.70458000000053],[29.98350000000005,37.70490000000018],[29.983450000000175,37.70557000000019],[29.983240000000194,37.70592000000056],[29.982920000000036,37.707850000000406],[29.98226000000011,37.70923000000016],[29.981750000000204,37.711820000000046],[29.981810000000223,37.712810000000104],[29.981890000000078,37.71299000000005],[29.981720000000053,37.714330000000075],[29.98192000000006,37.714640000000145],[29.982400000000155,37.71508000000034],[29.983830000000182,37.71620000000007],[29.985650000000135,37.716840000000275],[29.987630000000195,37.71804000000009],[29.9882300000001,37.71828000000005],[29.985980000000097,37.7189700000003],[29.986180000000104,37.71894000000066],[29.985960000000034,37.7191900000002],[29.986060000000123,37.71940000000035],[29.988170000000082,37.719160000000386],[29.98595000000006,37.7203600000002],[29.98607000000004,37.72045000000054],[29.987510000000213,37.720560000000035],[29.9881400000001,37.72078000000016],[29.988370000000145,37.7209500000007],[29.989050000000077,37.72200000000021],[29.989150000000166,37.72243000000026],[29.98932000000019,37.72249000000022],[29.990020000000243,37.72169000000014],[29.990950000000055,37.7214800000005],[29.991130000000055,37.72202000000027],[29.99140000000017,37.72243000000026],[29.9911800000001,37.72376000000014],[29.991230000000144,37.7260900000004],[29.991380000000106,37.72698000000014],[29.991290000000163,37.727120000000355],[29.99183000000005,37.72733000000011],[29.991530000000125,37.72903000000008],[29.991060000000118,37.73004000000037],[29.9910500000002,37.73039000000017],[29.99084000000005,37.730720000000474],[29.989000000000033,37.73317000000014],[29.98777000000024,37.734250000000145],[29.9867500000002,37.7349500000002],[29.985740000000135,37.73633000000012],[29.985810000000242,37.737370000000055],[29.984880000000032,37.73838000000046],[29.98412000000019,37.73894000000007],[29.984040000000164,37.739580000000274],[29.983350000000087,37.74058000000059],[29.983290000000068,37.741340000000264],[29.98298000000017,37.742210000000455],[29.982860000000187,37.74324000000041],[29.982490000000155,37.74437000000012],[29.982510000000048,37.74498000000017],[29.98241000000013,37.74517000000026],[29.981740000000116,37.74572000000029],[29.981620000000134,37.74643000000003],[29.98121000000009,37.74690000000055],[29.98114000000021,37.74714000000051],[29.981450000000052,37.74829000000045],[29.98261011764879,37.75101418399015],[29.982539451000093,37.75093339800014],[29.982522152000172,37.750985730000025],[29.977889898000058,37.7494544650001],[29.97779025800014,37.74962976400013],[29.97194796000008,37.74749032],[29.963414081000167,37.74768279600016],[29.96355679400017,37.74263470700015],[29.96376787400004,37.74087335799999],[29.963630073000104,37.74004382200013],[29.963762150000093,37.73537084999998],[29.96221337000003,37.73168695000004],[29.956029858000193,37.72968150300011],[29.951868104000084,37.72574379000014],[29.951861697000027,37.72562675500018],[29.952001705000043,37.72558700000013],[29.9520814170001,37.72560773499998],[29.962893633000135,37.7168526100001],[29.96491788999998,37.71671875000004],[29.966375420000134,37.71503268000015],[29.964762594000092,37.71344795700037],[29.96475305700011,37.71333761700015],[29.971548160000054,37.70745864000014],[29.971073911000133,37.70358038700016],[29.978697786981854,37.696287207381886]]],"type":"Polygon"}},{"type":"Feature","properties":{"area_id":"TR-15-011-2007270","name_tr":"Elden Köyü","area_level":"neighbourhood","parent_id":"TR-15-011","endeksa_id":2007270},"geometry":{"coordinates":[[[29.95363014000003,37.760803167999995],[29.946829400000126,37.76150236100057],[29.940959053000142,37.760114477000116],[29.939951630000166,37.75964130000068],[29.94022568300005,37.759398361000024],[29.939868894000085,37.75903311400009],[29.93987967400011,37.75892153700005],[29.942300631000137,37.757559368000045],[29.931481260000112,37.74540583000038],[29.930454780000105,37.740761271000224],[29.926643990000116,37.73504996000008],[29.92140478900012,37.73334963000008],[29.92132307100013,37.73353659000014],[29.921140429000104,37.733263835],[29.920583208000096,37.73308299500013],[29.920508683000037,37.733305235000046],[29.920375898000145,37.73301571400003],[29.91978066500019,37.73282253700012],[29.919694944000128,37.733073828000045],[29.919584804000067,37.73275897300016],[29.91897812200017,37.73256208000015],[29.918880834000106,37.732842316000074],[29.918757791000132,37.73249057400005],[29.91817557799999,37.73230162300018],[29.918066724000084,37.7326108040001],[29.917930778000027,37.732222175000175],[29.91737303500014,37.73204116500045],[29.917252614000006,37.73237929100003],[29.91710376400016,37.73195377600024],[29.916570492000062,37.731780708000485],[29.916404771000146,37.73213818600004],[29.915888401000018,37.73177192700001],[29.91595006600005,37.7315793540007],[29.915495130000068,37.73143171000021],[29.919299932000115,37.73010087100067],[29.9192439520001,37.72994324100006],[29.919747976000053,37.72994415400041],[29.92060226100017,37.72964534300013],[29.92131795600011,37.72917921500044],[29.92150090100006,37.72932309900011],[29.92323476000007,37.72872455000004],[29.935095464000028,37.72889000100014],[29.943838150000033,37.72538113900009],[29.943897835000087,37.72521400500045],[29.94391109000003,37.725351870000225],[29.947038000000134,37.724292350000155],[29.95127033,37.7251776400002],[29.95158874000009,37.72547924500037],[29.952001705000043,37.72558700000013],[29.951861697000027,37.72562675500018],[29.951868104000084,37.72574379000014],[29.956029858000193,37.72968150300011],[29.96221337000003,37.73168695000004],[29.963762150000093,37.73537084999998],[29.963630073000104,37.74004382200013],[29.96376787400004,37.74087335799999],[29.96355679400017,37.74263470700015],[29.963362950000146,37.74949139000006],[29.962958100000037,37.749778083000024],[29.962916530000143,37.75012024900013],[29.96130767700015,37.75094682300028],[29.95520736200018,37.75526673200039],[29.952014148000103,37.7587563300001],[29.953596401000027,37.76055107100001],[29.95363014000003,37.760803167999995]]],"type":"Polygon"}},{"type":"Feature","properties":{"area_id":"TR-15-011-2007255","name_tr":"Armut Köyü","area_level":"neighbourhood","parent_id":"TR-15-011","endeksa_id":2007255},"geometry":{"coordinates":[[[29.915888401000018,37.73177192700001],[29.915831344000026,37.73197511800004],[29.91557841000008,37.73190319000014],[29.91439770700015,37.73571772200012],[29.91128702000009,37.735820741],[29.910843640000166,37.74149251000006],[29.91404696799998,37.74551275599998],[29.91465690800004,37.75117752400013],[29.904305400000112,37.7575191200001],[29.90498060599998,37.76127088900006],[29.899081220000028,37.76314608600023],[29.886184670000034,37.76048243000014],[29.88697290600004,37.762065649000135],[29.883170046000146,37.75957939300008],[29.87878120400012,37.75692410200003],[29.875270086000057,37.75496716800012],[29.87281896700017,37.749662916000034],[29.868041893000168,37.748520832],[29.864067657000135,37.74109070900016],[29.86294179800018,37.739296047000494],[29.859103793000145,37.737612279000075],[29.85481491200011,37.73363914099997],[29.84946116800012,37.729869830000155],[29.85043692200003,37.72890659199999],[29.850234415000102,37.72841729000004],[29.850285675000066,37.72830633400025],[29.855586450000146,37.72623232100051],[29.85587012200017,37.725939123000046],[29.855868448000024,37.726058113000306],[29.856015456000137,37.726091513000085],[29.866089238000143,37.7227833230001],[29.869429933000106,37.720036471000185],[29.87131186400012,37.71802324400011],[29.879234606000125,37.72127487800003],[29.88872948300019,37.71995728000013],[29.900654471000053,37.72397559900048],[29.904539229000136,37.720531107000056],[29.909185345000026,37.71960069900052],[29.909286752000128,37.71966072200007],[29.91511505000011,37.73065050000008],[29.919177616000127,37.72968688800012],[29.919227299000056,37.729896349000114],[29.919662969000058,37.72958577300051],[29.919747976000053,37.72994415400041],[29.9192439520001,37.72994324100006],[29.919299932000115,37.73010087100067],[29.915495130000068,37.73143171000021],[29.91595006600005,37.7315793540007],[29.915888401000018,37.73177192700001]]],"type":"Polygon"}},{"type":"Feature","properties":{"area_id":"TR-15-011-2007277","name_tr":"İğdir Köyü","area_level":"neighbourhood","parent_id":"TR-15-011","endeksa_id":2007277},"geometry":{"coordinates":[[[29.992860000000178,37.796260000000416],[29.989120000000185,37.79664000000059],[29.984570000000133,37.79687000000007],[29.94933000000009,37.795330000000206],[29.94768000000016,37.79444000000046],[29.94497000000007,37.79342000000008],[29.941510000000164,37.79197000000005],[29.937260000000038,37.79042000000038],[29.935100000000034,37.78995000000003],[29.932250000000124,37.78948000000008],[29.93118000000004,37.78916000000004],[29.928810000000055,37.78871000000032],[29.927820000000054,37.78886000000011],[29.926920000000166,37.78887000000003],[29.924720000000036,37.788670000000536],[29.92303000000004,37.788760000000195],[29.92046000000022,37.788760000000195],[29.919210000000135,37.78854000000007],[29.907350000000122,37.78388000000018],[29.898869868875863,37.7793592593124],[29.899313425000116,37.77717345700046],[29.898086782000178,37.774382081000056],[29.897387108000032,37.771870187000104],[29.89528133600004,37.76949654400005],[29.888085563000175,37.76279308900007],[29.88697290600004,37.762065649000135],[29.886184670000034,37.76048243000014],[29.899081220000028,37.76314608600023],[29.90498060599998,37.76127088900006],[29.904305400000112,37.7575191200001],[29.91465690800004,37.75117752400013],[29.91404696799998,37.74551275599998],[29.910843640000166,37.74149251000006],[29.91128702000009,37.735820741],[29.91439770700015,37.73571772200012],[29.91557841000008,37.73190319000014],[29.915831344000026,37.73197511800004],[29.915888401000018,37.73177192700001],[29.916404771000146,37.73213818600004],[29.916570492000062,37.731780708000485],[29.91710376400016,37.73195377600024],[29.917252614000006,37.73237929100003],[29.91737303500014,37.73204116500045],[29.917930778000027,37.732222175000175],[29.918066724000084,37.7326108040001],[29.91817557799999,37.73230162300018],[29.918757791000132,37.73249057400005],[29.918880834000106,37.732842316000074],[29.91897812200017,37.73256208000015],[29.919584804000067,37.73275897300016],[29.919694944000128,37.733073828000045],[29.91978066500019,37.73282253700012],[29.920375898000145,37.73301571400003],[29.920508683000037,37.733305235000046],[29.920583208000096,37.73308299500013],[29.921140429000104,37.733263835],[29.92132307100013,37.73353659000014],[29.92140478900012,37.73334963000008],[29.926643990000116,37.73504996000008],[29.930454780000105,37.740761271000224],[29.931481260000112,37.74540583000038],[29.942300631000137,37.757559368000045],[29.93987967400011,37.75892153700005],[29.939868894000085,37.75903311400009],[29.94022568300005,37.759398361000024],[29.939951630000166,37.75964130000068],[29.940959053000142,37.760114477000116],[29.946829400000126,37.76150236100057],[29.95363014000003,37.760803167999995],[29.958281420000162,37.76519518000049],[29.96138404400017,37.76926736300004],[29.96456032000009,37.770404520000056],[29.962304600000152,37.771154841000566],[29.96237663000005,37.77282300100006],[29.970114810000098,37.7779436400005],[29.970518810000158,37.77953427000011],[29.967995320000057,37.78127813999998],[29.968968230000087,37.78493546000027],[29.974277320000112,37.7847247900001],[29.984346035000158,37.78854812300017],[29.98428007600012,37.78843100100039],[29.984641663000104,37.78806168900002],[29.986480000000256,37.788580000000195],[29.989210000000185,37.789510000000405],[29.99232000000012,37.79110000000037],[29.99381000000011,37.792140000000586],[29.994420000000105,37.79314000000022],[29.994270000000142,37.79358000000036],[29.992860000000178,37.796260000000416]]],"type":"Polygon"}},{"type":"Feature","properties":{"area_id":"TR-15-011-0","name_tr":"Salda Gölü","area_level":"neighbourhood","parent_id":"TR-15-011","endeksa_id":0},"geometry":{"coordinates":[[[29.71452112600008,37.56489822700013],[29.71350005700009,37.56660000900007],[29.711900057000037,37.568600009000136],[29.709500057000014,37.570800009000095],[29.703300057000035,37.57570000900051],[29.699700057000086,37.57820000900006],[29.696400057000062,37.58020000900052],[29.693600057000026,37.581600009],[29.690400057000147,37.58290000900013],[29.68690005700006,37.58390000900005],[29.684900057000164,37.584400009000035],[29.68150005700005,37.584900009000194],[29.679100057000028,37.58500000900011],[29.676600057000144,37.584800009000276],[29.673500057000183,37.584800009000276],[29.666600057000153,37.58520000900069],[29.664600057000087,37.584800009000276],[29.662400057000127,37.58410000900062],[29.660900057000163,37.58330000899997],[29.659500057000173,37.58230000900005],[29.65730005600011,37.58020000900052],[29.65530005700009,37.57850000900055],[29.65400005700019,37.57820000900006],[29.652700057000118,37.57820000900006],[29.651100057000065,37.57850000900055],[29.649800057000107,37.5792000090002],[29.648000057000047,37.579500009000185],[29.64650005700014,37.57930000900012],[29.645100057000093,37.5786000090003],[29.64340005700012,37.57700000900007],[29.641900056999987,37.57540000900002],[29.640900057000067,37.57370000900005],[29.64040005700008,37.57200000900008],[29.64040005700008,37.5706000090006],[29.640900057000067,37.56800000900006],[29.640700056000128,37.56630000900009],[29.640200057000015,37.56390000900046],[29.640500056000064,37.56300000900006],[29.641600057000062,37.561500009000156],[29.64350005700004,37.55970000900004],[29.645100057000093,37.558500009000056],[29.646700057000146,37.55750000900014],[29.646900056000106,37.556800009000085],[29.64650005700014,37.5556000090001],[29.64570005700017,37.55380000900038],[29.644100057000117,37.54910000900003],[29.643000056000176,37.54680000900015],[29.640500056000064,37.54270000900016],[29.639900056000158,37.54080000900052],[29.64000005700018,37.538900008999974],[29.640500056000064,37.537900009000055],[29.641200057000162,37.537200009],[29.644000057000028,37.535300009000196],[29.646400056999994,37.53420000900013],[29.648400057000117,37.53350000900048],[29.650100056000156,37.533200008999984],[29.651800056000127,37.533200008999984],[29.652900057000124,37.533600009000224],[29.653700057000037,37.53430000900005],[29.65420005600015,37.534900009000125],[29.654600057000096,37.5350000090001],[29.655200057000172,37.534900009000125],[29.656000057000085,37.53450000900011],[29.656300057000067,37.534000009000124],[29.656500056000027,37.53340000900005],[29.656400056000052,37.53290000900006],[29.655000056000063,37.53190000900025],[29.654500057000178,37.531400009000095],[29.653700057000037,37.53020000900028],[29.65320005700005,37.52890000900004],[29.65340005600018,37.528300009000134],[29.65400005700019,37.52770000900006],[29.65530005700009,37.527000009000005],[29.658000056000105,37.52620000900043],[29.66000005700016,37.5255000090001],[29.662600057000134,37.52410000900005],[29.66490005700018,37.52260000900014],[29.66710005700014,37.52150000900008],[29.66980005700009,37.52060000900036],[29.672200057000055,37.520000009000455],[29.67510005700001,37.51970000900013],[29.67960005600014,37.519500009000296],[29.681498368000177,37.51904638500042],[29.68250005699997,37.51850000900015],[29.683200057000192,37.51760000900015],[29.684500057000093,37.51630000900002],[29.686100057000147,37.5154000090007],[29.68680005600004,37.51480000900011],[29.688000057000124,37.51290000900008],[29.688800057000094,37.51230000900017],[29.695600056000046,37.51020000900019],[29.698500057000103,37.509500009000135],[29.702800057000104,37.50880000900031],[29.706000057000153,37.509000008999976],[29.707600057000036,37.509500009000135],[29.711400056000116,37.51160000900035],[29.713400057000115,37.51310000900014],[29.714200057000085,37.51400000900014],[29.71520005700006,37.51570000900011],[29.716100057000062,37.517800009000325],[29.71670005700014,37.51860000900007],[29.717600057000027,37.519200008999974],[29.719500057000175,37.52020000900012],[29.720700056999988,37.52100000900009],[29.722200057000123,37.52240000900008],[29.72260005600009,37.52320000900005],[29.72270005700011,37.524300009000115],[29.72230005700004,37.52510000900037],[29.719000057000017,37.527000009000005],[29.718000057000097,37.52780000900066],[29.716900057000032,37.52900000900047],[29.715700056999992,37.53070000900044],[29.715000057000168,37.532300009000664],[29.71480005700016,37.53340000900005],[29.715100057000086,37.5350000090001],[29.716200056000105,37.538800009000056],[29.71660005700005,37.54080000900052],[29.717000056000188,37.5431000090004],[29.71710005700004,37.545700009000086],[29.716500057000133,37.549300009000376],[29.716200056000105,37.551900009000065],[29.71530005700015,37.55520000900003],[29.71530005700015,37.55650000900016],[29.715900057000056,37.55840000900014],[29.716000057000144,37.56000000900036],[29.715600057000074,37.56230000900024],[29.71452112600008,37.56489822700013]]],"type":"Polygon"}},{"type":"Feature","properties":{"area_id":"TR-15-011-2640326","name_tr":"Karaatlı Köyü","area_level":"neighbourhood","parent_id":"TR-15-011","endeksa_id":2640326},"geometry":{"coordinates":[[[29.826397147021225,37.56762948078239],[29.826370000000054,37.567910000000154],[29.825220000000115,37.56792000000013],[29.824810000000127,37.56782000000038],[29.82273000000015,37.56777000000034],[29.82112000000012,37.56788000000034],[29.820240000000183,37.568060000000344],[29.81834000000015,37.5682700000001],[29.817240000000083,37.568520000000035],[29.817260000000147,37.568180000000325],[29.81706000000014,37.568000000000325],[29.817070000000058,37.56777000000034],[29.815940000000182,37.5664000000001],[29.812050000000227,37.5640600000001],[29.811770000000138,37.563750000000425],[29.811740000000157,37.56330000000014],[29.812400000000196,37.56305000000003],[29.813080000000184,37.562980000000096],[29.813020000000165,37.56259000000034],[29.81279000000012,37.56139000000053],[29.811320000000194,37.55891000000014],[29.81055000000009,37.557280000000105],[29.809850000000097,37.55730000000034],[29.809730000000116,37.55737000000045],[29.809740000000204,37.55752000000007],[29.809490000000153,37.55773000000039],[29.809180000000254,37.55774000000014],[29.80792000000008,37.557250000000465],[29.80719000000005,37.55649000000011],[29.806450000000154,37.556170000000634],[29.806050000000084,37.55637000000013],[29.805330000000197,37.557620000000384],[29.804800000000228,37.55797000000035],[29.804310000000157,37.55817000000019],[29.803670000000125,37.55819000000008],[29.803200000000174,37.55805000000004],[29.80278000000004,37.5582900000004],[29.80253000000016,37.55875000000026],[29.801490000000058,37.558890000000076],[29.801090000000215,37.5591100000002],[29.8007300000001,37.55946000000017],[29.8002400000002,37.55961000000036],[29.79984000000013,37.55964000000017],[29.799090000000092,37.559390000000064],[29.79885000000013,37.55924000000027],[29.79875000000004,37.55902000000003],[29.798400000000186,37.55956000000009],[29.797310000000095,37.55974000000043],[29.79637000000008,37.56024000000059],[29.79451000000006,37.55983000000009],[29.794483024792044,37.55965813407039],[29.794271847941445,37.559659714843804],[29.794762267000067,37.5593039470005],[29.794634817096778,37.558708549499954],[29.794787489800797,37.558813114837676],[29.79494481770473,37.55871700963405],[29.79497981822135,37.55718523287976],[29.794876757958264,37.55681336686587],[29.793730000000153,37.55447000000015],[29.793120000000158,37.553720000000055],[29.7923100000001,37.5529600000001],[29.79156000000023,37.55245000000036],[29.79094000000009,37.55215000000055],[29.790040000000033,37.55126000000013],[29.790720000000135,37.551150000000234],[29.790960000000098,37.55121000000025],[29.79169000000013,37.551150000000234],[29.79104000000018,37.54998000000006],[29.790480000000173,37.54962000000012],[29.79085000000009,37.54950000000014],[29.791150000000187,37.54954000000009],[29.791850000000238,37.54815000000019],[29.790580000000148,37.54693000000066],[29.79036000000019,37.54695000000021],[29.79020000000014,37.54668000000004],[29.789250000000038,37.546810000000164],[29.789310000000228,37.547550000000115],[29.789660000000197,37.54750000000024],[29.78981000000016,37.54828000000009],[29.788730000000157,37.54838000000041],[29.788360000000125,37.54704000000038],[29.78751000000011,37.544830000000275],[29.78717000000006,37.54360000000014],[29.787090000000035,37.542930000000126],[29.784670000000176,37.54187000000036],[29.7836700000002,37.543340000000626],[29.783410000000174,37.54352000000006],[29.783060000000148,37.54340000000008],[29.782670000000053,37.542940000000215],[29.781460000000152,37.54196000000013],[29.77992000000006,37.5411000000002],[29.78010000000006,37.54095000000041],[29.777210000000196,37.54017000000016],[29.777140000000088,37.53964000000019],[29.776800000000037,37.538690000000315],[29.776340000000175,37.538570000000334],[29.776370000000156,37.53825000000012],[29.776770000000226,37.537490000000105],[29.776400000000137,37.5373100000005],[29.77652000000012,37.537020000000666],[29.7767300000001,37.53708000000012],[29.777280000000133,37.53624000000008],[29.777510000000177,37.53598000000005],[29.77763000000016,37.536060000000134],[29.777840000000083,37.53574000000009],[29.778700000000185,37.53598000000005],[29.779030000000148,37.53527000000014],[29.779880000000162,37.53549000000055],[29.77998000000008,37.53505000000041],[29.778140000000064,37.53466000000009],[29.77809000000019,37.53474000000034],[29.777680000000203,37.53467000000023],[29.77747000000005,37.535040000000265],[29.776240000000257,37.53470000000004],[29.776530000000093,37.53406000000018],[29.774980000000085,37.533800000000156],[29.774950000000104,37.53351000000015],[29.77503000000013,37.53323000000006],[29.775410000000136,37.5324700000001],[29.774990000000173,37.53235000000012],[29.775440000000117,37.53150000000011],[29.775390000000073,37.53133000000025],[29.773300000000177,37.53044000000051],[29.773680000000184,37.52993000000026],[29.772880000000043,37.52957000000032],[29.77313000000015,37.52927000000034],[29.77187000000015,37.52855000000045],[29.77209000000005,37.52821000000006],[29.77177000000006,37.5280400000002],[29.772160000000156,37.52761000000015],[29.77202000000011,37.52753000000007],[29.772623866566846,37.526806207563425],[29.772660000000144,37.52675000000005],[29.77282000000025,37.52635000000032],[29.774370000000033,37.52563000000043],[29.77788000000004,37.524820000000204],[29.778160000000128,37.524690000000135],[29.77914000000021,37.52454000000034],[29.779430000000048,37.52441000000039],[29.780150000000106,37.52383000000003],[29.77813000000009,37.52098000000012],[29.777520000000095,37.52047000000039],[29.7777200000001,37.51923000000028],[29.777640000000076,37.51886000000019],[29.777450000000158,37.51869000000033],[29.777140000000088,37.51882000000006],[29.777100000000132,37.51877000000019],[29.77760000000012,37.518180000000086],[29.777650000000165,37.51758000000018],[29.77775000000014,37.51743000000016],[29.778240000000153,37.51697000000013],[29.77853000000016,37.51677000000063],[29.77871000000016,37.51687000000038],[29.77914000000021,37.51647000000014],[29.77884000000006,37.51628000000005],[29.779290000000174,37.51580000000013],[29.778540000000135,37.515640000000246],[29.778390000000115,37.51558000000023],[29.77831000000009,37.51542000000012],[29.778660000000116,37.51483000000019],[29.778260000000046,37.5130300000003],[29.777590000000032,37.51202000000018],[29.777580000000057,37.51189000000045],[29.777760000000058,37.51173000000017],[29.77806000000021,37.511100000000454],[29.778470000000198,37.511310000000094],[29.778770000000122,37.510940000000176],[29.77990000000017,37.51145000000031],[29.77946000000003,37.51015000000018],[29.77964704702805,37.51015000000018],[29.78134000000017,37.51028000000014],[29.781370000000152,37.50978000000066],[29.78168000000005,37.5092800000005],[29.78199000000012,37.5092800000005],[29.782100000000128,37.509110000000646],[29.783030000000167,37.509140000000286],[29.783030000000167,37.50882000000013],[29.78357000000011,37.508890000000235],[29.783560000000136,37.50882000000013],[29.784090000000106,37.50881000000015],[29.78419000000025,37.50872000000038],[29.78453000000013,37.508710000000235],[29.784640000000138,37.50848000000042],[29.786530000000027,37.50869000000017],[29.78823000000017,37.507660000000044],[29.788280000000043,37.50755000000021],[29.788650000000132,37.50742000000008],[29.78946000000019,37.50693000000007],[29.78977000000009,37.506200000000035],[29.789920000000052,37.50531000000029],[29.789330000000064,37.50514000000044],[29.789350000000127,37.50476000000026],[29.790896862623924,37.50496428179338],[29.79283000000015,37.50551000000013],[29.792460000000062,37.5067700000003],[29.793810000000235,37.50718000000012],[29.794000000000096,37.50699000000003],[29.794150000000116,37.507000000000176],[29.794390000000078,37.50714000000039],[29.79432000000014,37.507440000000315],[29.794500000000085,37.50780000000026],[29.796500000000037,37.508490000000506],[29.795630000000187,37.50900000000007],[29.795970000000068,37.50975000000034],[29.796160000000157,37.51087000000007],[29.79779000000019,37.51076000000006],[29.797990000000198,37.51124000000016],[29.798490000000186,37.51126000000022],[29.7993400000002,37.5114600000004],[29.799330000000054,37.51325000000003],[29.799450000000036,37.51350000000008],[29.799960000000112,37.513850000000616],[29.800570000000164,37.51383000000038],[29.801010000000133,37.513980000000174],[29.800480000000164,37.51499000000007],[29.80287000000004,37.515900000000045],[29.80380000000008,37.516170000000045],[29.804780000000164,37.516700000000526],[29.80516000000017,37.51561000000004],[29.8063200000002,37.5153600000005],[29.808400000000177,37.51508000000007],[29.809310000000153,37.51511000000028],[29.811200000000042,37.516610000000185],[29.813340000000153,37.51780000000008],[29.814630000000136,37.51833000000039],[29.815100000000143,37.51894000000027],[29.814970000000244,37.51939000000016],[29.814970000000244,37.519520000000114],[29.815040000000124,37.51951000000014],[29.815030000000036,37.52010000000047],[29.81477000000018,37.52089000000046],[29.81561000000005,37.52090000000004],[29.815550000000087,37.52156000000048],[29.81542000000013,37.52182000000016],[29.815840000000094,37.52205000000038],[29.816190000000063,37.52176000000014],[29.81647000000015,37.521970000000294],[29.816460000000063,37.52244000000013],[29.817200000000184,37.523460000000114],[29.818190000000186,37.52400000000057],[29.818710000000067,37.52613000000008],[29.821565485686733,37.52603172063266],[29.821980000000053,37.5262000000007],[29.82192000000009,37.52633000000009],[29.82220000000018,37.5270000000001],[29.82373000000007,37.52772000000016],[29.82409000000024,37.52761000000015],[29.824480000000165,37.528160000000184],[29.826620000000105,37.52846000000011],[29.82673000000017,37.52854000000036],[29.826330000000098,37.52911000000006],[29.82601000000011,37.52978000000007],[29.82645000000008,37.53025000000042],[29.82645000000008,37.5303700000004],[29.82706000000013,37.53042000000028],[29.82728000000003,37.5305500000004],[29.827210000000093,37.53065000000015],[29.82815000000005,37.530480000000296],[29.828850000000045,37.53066000000024],[29.82895000000019,37.53078000000022],[29.828660000000127,37.53099000000054],[29.82871000000023,37.531130000000076],[29.82840000000016,37.531750000000216],[29.82818000000003,37.531570000000215],[29.828160000000196,37.53125000000006],[29.827950000000044,37.53115000000031],[29.827870000000132,37.53143000000017],[29.82794000000007,37.531480000000045],[29.827770000000044,37.53186000000005],[29.827080000000137,37.532250000000374],[29.82682000000017,37.532560000000046],[29.82682000000017,37.53270000000009],[29.82635000000016,37.533020000000135],[29.82614000000018,37.533300000000395],[29.82524000000018,37.5336700000006],[29.824700000000064,37.53421000000037],[29.82382000000007,37.53490000000005],[29.823330000000055,37.53528000000023],[29.823220000000163,37.53525000000059],[29.822190000000035,37.53655000000015],[29.822470000000123,37.53670000000034],[29.821260000000166,37.5381000000005],[29.820060000000183,37.539010000000474],[29.820580000000064,37.53931000000006],[29.820630000000108,37.53973000000036],[29.820410000000038,37.539780000000235],[29.824600000000146,37.54849000000041],[29.830020000000047,37.54652000000016],[29.830930000000194,37.54646000000014],[29.831450000000075,37.54625000000016],[29.83175669289335,37.54633273728706],[29.832200000000114,37.54654000000039],[29.832010000000196,37.5467000000001],[29.831870000000208,37.54699000000011],[29.831440000000157,37.54699000000011],[29.831030000000112,37.547120000000064],[29.830620000000124,37.54701000000017],[29.83060000000006,37.54708000000028],[29.830500000000143,37.547060000000045],[29.8304100000002,37.547490000000096],[29.83016000000009,37.54804000000013],[29.83013000000011,37.548450000000116],[29.829560000000185,37.54905000000042],[29.82948000000016,37.54924000000011],[29.82967000000025,37.54962000000012],[29.829690000000085,37.549850000000674],[29.830280000000073,37.55045000000007],[29.829930000000047,37.55147000000005],[29.829430000000116,37.55187000000012],[29.829140000000052,37.55191000000059],[29.828980000000172,37.55204000000015],[29.828930000000128,37.55231000000032],[29.829010000000153,37.55277000000069],[29.828930000000128,37.553010000000654],[29.82865000000004,37.55320000000006],[29.828230000000076,37.5538200000002],[29.828140000000133,37.55403000000035],[29.828200000000095,37.5545000000003],[29.827820000000088,37.55454000000009],[29.82784000000015,37.554920000000266],[29.82772000000017,37.55494000000033],[29.82771000000008,37.55510000000021],[29.827740000000063,37.55613000000017],[29.82751000000019,37.55761000000041],[29.826780000000042,37.55804000000046],[29.825690000000066,37.55838000000017],[29.828230000000076,37.55879000000016],[29.828300000000183,37.558860000000095],[29.828380000000095,37.559910000000286],[29.826330000000098,37.56014000000016],[29.826370000000054,37.56103000000007],[29.825960000000237,37.56104000000016],[29.825970000000154,37.56136000000021],[29.82663000000025,37.56138000000004],[29.826690000000042,37.561460000000125],[29.826740000000086,37.5621900000001],[29.826740000000086,37.56367000000017],[29.825730000000192,37.56365000000011],[29.82571000000013,37.563780000000065],[29.825720000000103,37.56446000000017],[29.826250000000073,37.56454000000042],[29.826397147021225,37.56762948078239]]],"type":"Polygon"}}]}