{"type":"FeatureCollection","source_id":"endeksa","retrieved_at":"2026-08-23","features":[{"type":"Feature","properties":{"area_id":"TR-18-010-2008932","name_tr":"Özlü Köyü","area_level":"neighbourhood","parent_id":"TR-18-010","endeksa_id":2008932},"geometry":{"coordinates":[[[33.06686851900008,40.537655980000466],[33.06573524138963,40.53741537370024],[33.0652300000001,40.538180000000125],[33.05993000000018,40.53737000000007],[33.053130000000124,40.534810000000164],[33.05256000000003,40.53388000000035],[33.0497400000001,40.53320000000019],[33.0494300000002,40.532980000000464],[33.04804000000013,40.53245000000015],[33.04740000000015,40.5323200000002],[33.04542000000009,40.53107000000017],[33.04521000000011,40.53051000000005],[33.04140000000018,40.52964000000014],[33.041270000000054,40.52973000000014],[33.0395400000001,40.52811000000003],[33.03888000000023,40.52721000000054],[33.038690000000145,40.52685000000008],[33.03861000000006,40.52632000000011],[33.03809000000024,40.52558000000067],[33.037580000000105,40.52280000000019],[33.037550000000124,40.51898000000028],[33.03824000000003,40.51573000000013],[33.03826000000009,40.51190000000014],[33.038470000000245,40.51109000000031],[33.034820000000195,40.5093200000004],[33.03365000000019,40.50805000000008],[33.03340000000014,40.507260000000315],[33.03243000000015,40.50546000000003],[33.032100000000185,40.50219000000021],[33.03195000000005,40.50217000000066],[33.03214000000014,40.501630000000034],[33.0313000000001,40.4994200000005],[33.03134000000023,40.49888000000004],[33.03076000000016,40.49768000000006],[33.031040000000075,40.49731000000003],[33.031410000000164,40.497190000000046],[33.03437000000008,40.4926600000004],[33.0341200000002,40.49147000000016],[33.034110000000055,40.48534000000012],[33.038500000000056,40.4818600000001],[33.03817000000009,40.47955000000013],[33.03800000000007,40.474960000000294],[33.040710000000104,40.471920000000296],[33.04536000000007,40.46950000000044],[33.052290000000085,40.470470000000034],[33.05742000000015,40.471790000000226],[33.066100000000176,40.47352000000052],[33.06729000000024,40.4731100000007],[33.06996000000015,40.47348000000005],[33.074220000000025,40.473810000000356],[33.08149000000009,40.476510000000644],[33.08653000000015,40.477770000000305],[33.092660000000194,40.483790000000454],[33.095070000000135,40.48511000000025],[33.097920000000045,40.4859800000001],[33.0994300000001,40.48460000000068],[33.09949000000012,40.485370000000444],[33.09927000000022,40.48627000000033],[33.10143000000005,40.49034000000029],[33.10629000000017,40.49553000000037],[33.11002068729704,40.49581402351845],[33.10928249985341,40.49802508637447],[33.1076700000001,40.499860000000126],[33.10785665585888,40.50229585895556],[33.10612302000004,40.50748854800054],[33.10612274500011,40.50773674300001],[33.10604000700016,40.50764571000008],[33.10590099000012,40.507668129000024],[33.066900568000165,40.537555906000534],[33.06686851900008,40.537655980000466]]],"type":"Polygon"}},{"type":"Feature","properties":{"area_id":"TR-18-010-140791","name_tr":"Kayılar","area_level":"neighbourhood","parent_id":"TR-18-010","endeksa_id":140791},"geometry":{"coordinates":[[[33.08643975700028,40.563208476000284],[33.07791679600035,40.56373143900083],[33.0774348450002,40.56758576300035],[33.07671396600034,40.56825581600032],[33.07653021900029,40.56829941100028],[33.07449909779058,40.56185208669012],[33.07507000000021,40.56160000000028],[33.07533000000018,40.56121000000013],[33.074230000000114,40.55691000000019],[33.07445000000024,40.55681000000027],[33.07519000000019,40.5567200000001],[33.075680000000034,40.55573000000004],[33.07507000000021,40.55579000000057],[33.07511000000011,40.55554000000012],[33.074560000000076,40.55539000000016],[33.07451000000003,40.55517000000043],[33.07373000000018,40.55526000000009],[33.07372000000004,40.55514000000011],[33.07284000000004,40.55511000000007],[33.07284000000004,40.55493000000047],[33.07263000000012,40.55466000000018],[33.072158954159875,40.554431631897614],[33.06686851900008,40.537655980000466],[33.066900568000165,40.537555906000534],[33.10590099000012,40.507668129000024],[33.10604000700016,40.50764571000008],[33.10612274500011,40.50773674300001],[33.10654952482952,40.5331635805116],[33.105880000000184,40.53299000000004],[33.10540000000026,40.533010000000104],[33.1049000000001,40.53386000000012],[33.10404000000017,40.534870000000524],[33.10345000000018,40.53579000000008],[33.100990000000195,40.5371700000004],[33.1006000000001,40.536880000000565],[33.1004700000002,40.53699000000029],[33.10014000000007,40.5368400000001],[33.099070000000154,40.536750000000325],[33.09899000000013,40.53733000000017],[33.10027000000014,40.53755000000058],[33.101170000000195,40.537830000000326],[33.10119000000009,40.537900000000434],[33.10097000000019,40.538270000000466],[33.100550000000055,40.538330000000315],[33.10029000000003,40.53847000000013],[33.100020000000086,40.53887000000037],[33.09967000000006,40.5399500000002],[33.09923000000009,40.5407400000002],[33.098980000000154,40.541520000000105],[33.09890000000013,40.541460000000086],[33.098130000000026,40.54241000000053],[33.09871000000004,40.54281000000026],[33.0982200000002,40.543320000000506],[33.09834000000018,40.54347000000013],[33.09929000000005,40.543660000000216],[33.09963000000016,40.54383000000007],[33.09782000000013,40.549460000000124],[33.10338000000007,40.552490000000375],[33.10356000000007,40.552370000000394],[33.10691366612281,40.554858517471416],[33.10705013700027,40.562989227000344],[33.10695291500036,40.563086152000324],[33.105164443000206,40.56338953500028],[33.10343900000032,40.56279087100046],[33.10043218300035,40.56216864500067],[33.09657726100022,40.56167971100035],[33.09412180000021,40.561970264000195],[33.09175294200031,40.56149105200029],[33.08852272200022,40.56330272700035],[33.086577670000224,40.56315126500061],[33.08643975700028,40.563208476000284]]],"type":"Polygon"}},{"type":"Feature","properties":{"area_id":"TR-18-010-2008937","name_tr":"Tutmaçbayındır Köyü","area_level":"neighbourhood","parent_id":"TR-18-010","endeksa_id":2008937},"geometry":{"coordinates":[[[32.96954000000011,40.561840000000245],[32.96866000000011,40.562590000000455],[32.96653000000009,40.56276000000031],[32.96566000000007,40.56225000000006],[32.96556000000015,40.56214000000017],[32.965650000000096,40.561880000000144],[32.965400000000045,40.56161000000037],[32.965280000000064,40.56174000000033],[32.964560000000176,40.56165000000016],[32.96332000000007,40.55830000000009],[32.95736000000005,40.54950000000025],[32.95559000000014,40.54761000000019],[32.95470000000006,40.544810000000155],[32.951190000000054,40.542140000000245],[32.950410000000204,40.54215000000033],[32.95024000000018,40.541620000000535],[32.949570000000165,40.54168000000038],[32.94943000000012,40.53980000000058],[32.949290000000076,40.539100000000246],[32.94884000000013,40.53797000000014],[32.948210000000074,40.53689000000014],[32.94740000000019,40.536070000000336],[32.946530000000166,40.53556000000009],[32.94621000000012,40.535420000000045],[32.94414000000012,40.53500000000008],[32.94436000000019,40.53352000000041],[32.94432000000006,40.53320000000019],[32.94449000000009,40.53238000000056],[32.945300000000145,40.530650000000264],[32.94557000000009,40.529850000000124],[32.94528000000008,40.52784000000008],[32.94475000000011,40.5274100000002],[32.94396000000012,40.52704000000017],[32.940990000000056,40.52617000000032],[32.94041000000004,40.52584000000019],[32.939910000000054,40.52543000000037],[32.943190000000186,40.52293000000026],[32.9482000000001,40.518820000000176],[32.95352000000014,40.51255000000009],[32.95576000000017,40.51044000000013],[32.954780000000085,40.5061000000004],[32.96008000000023,40.505380000000514],[32.96273000000008,40.50480000000016],[32.96651000000003,40.505810000000565],[32.968780000000095,40.50926000000038],[32.970110000000204,40.51084000000037],[32.97938000000016,40.51660000000021],[32.986190000000136,40.51861000000025],[32.99110000000019,40.519470000000354],[32.996780000000115,40.51976000000019],[33.00265000000013,40.519190000000094],[33.005080000000135,40.51855000000023],[33.005390000000205,40.52439000000027],[33.006230000000244,40.52965000000063],[33.0084300000002,40.53083000000021],[33.01511000000011,40.532230000000254],[33.01544000000018,40.532980000000464],[33.015550000000076,40.53352000000041],[33.0145500000001,40.53633000000053],[33.01531000000011,40.54095000000052],[33.01584000000008,40.54364000000015],[33.01554000000016,40.544250000000034],[33.01745000000005,40.54823000000033],[33.02086000000014,40.548430000000394],[33.018060000000105,40.55219000000005],[33.007190000000094,40.556210000000135],[33.00885000000011,40.55688000000015],[33.01067000000006,40.55830000000009],[33.01296000000019,40.55969000000016],[33.00439000000006,40.56075000000027],[32.998790000000156,40.56160000000028],[32.994920000000036,40.55948000000035],[32.98199000000011,40.557420000000434],[32.98138000000006,40.55778000000038],[32.981020000000115,40.55755000000016],[32.979900000000214,40.556490000000224],[32.979530000000125,40.55668000000031],[32.97916000000009,40.556670000000224],[32.978130000000135,40.55707000000007],[32.97836000000012,40.55746000000022],[32.97774000000015,40.55768000000012],[32.97744000000006,40.55774000000008],[32.977210000000184,40.55764000000016],[32.97709000000003,40.557260000000156],[32.97672000000017,40.5570500000004],[32.976090000000056,40.55747000000031],[32.975900000000195,40.557320000000686],[32.97520000000014,40.55756000000065],[32.97496000000018,40.55752000000018],[32.97474000000011,40.55783000000025],[32.974480000000085,40.557970000000466],[32.97359000000017,40.558280000000536],[32.97335000000004,40.558500000000265],[32.97306000000003,40.5585200000005],[32.97245000000015,40.55882000000031],[32.96954000000011,40.561840000000245]]],"type":"Polygon"}},{"type":"Feature","properties":{"area_id":"TR-18-010-2008921","name_tr":"Gökçeören Köyü","area_level":"neighbourhood","parent_id":"TR-18-010","endeksa_id":2008921},"geometry":{"coordinates":[[[33.07653021900029,40.56829941100028],[33.07655896100022,40.56840129700015],[33.074130407000325,40.57066209200025],[33.05966140900023,40.571927707999976],[33.0595245450001,40.57186317400016],[33.05958175100005,40.571741630000076],[33.05867197200001,40.56989428821316],[33.058610000000044,40.56992000000014],[33.05709460177019,40.567683330498085],[33.05642283502061,40.56687660123691],[33.0551200000001,40.567200000000355],[33.055020000000184,40.56696000000039],[33.05385000000018,40.56684000000041],[33.05283000000014,40.56721000000044],[33.05214000000012,40.56629000000038],[33.05160000000018,40.5659500000001],[33.04971000000012,40.56510000000014],[33.048420000000135,40.56207000000006],[33.046840000000145,40.56121000000013],[33.04550000000012,40.56090000000006],[33.04561000000018,40.560610000000054],[33.04547000000014,40.560520000000054],[33.04528000000005,40.56046000000043],[33.044640000000186,40.560700000000395],[33.04450000000014,40.55984000000029],[33.04426000000018,40.55916000000019],[33.0439300000001,40.558930000000316],[33.04345000000018,40.5587900000001],[33.04331000000013,40.55830000000009],[33.04335000000003,40.55817000000013],[33.04403000000019,40.55782000000016],[33.04388000000023,40.55765000000031],[33.04364000000004,40.557660000000396],[33.043060000000025,40.55634000000009],[33.04242000000022,40.556180000000154],[33.04231000000016,40.55597000000017],[33.042470000000094,40.55570000000023],[33.04329000000007,40.55536000000052],[33.04298000000017,40.55473000000029],[33.039960000000065,40.55538000000007],[33.03712000000007,40.55504000000036],[33.03589000000011,40.554630000000145],[33.03521000000012,40.554590000000076],[33.03424000000018,40.55431000000033],[33.03319000000016,40.55380000000008],[33.03034000000008,40.55375000000021],[33.02789000000024,40.553200000000174],[33.02759000000009,40.55308000000019],[33.02589000000012,40.55139000000031],[33.025430000000085,40.55045000000018],[33.024040000000184,40.548900000000344],[33.024010000000146,40.54863000000006],[33.024200528900224,40.54834874305254],[33.023048105871226,40.548003012244294],[33.01924209747261,40.5506026119657],[33.02086000000014,40.548430000000394],[33.01745000000005,40.54823000000033],[33.01554000000016,40.544250000000034],[33.01584000000008,40.54364000000015],[33.01531000000011,40.54095000000052],[33.0145500000001,40.53633000000053],[33.015550000000076,40.53352000000041],[33.01544000000018,40.532980000000464],[33.01511000000011,40.532230000000254],[33.0084300000002,40.53083000000021],[33.006230000000244,40.52965000000063],[33.005390000000205,40.52439000000027],[33.005080000000135,40.51855000000023],[33.005640000000085,40.50915000000015],[33.0053400000001,40.5084600000003],[33.00496000000015,40.50656000000009],[33.00277000000011,40.50450000000018],[33.00299000000018,40.50393000000008],[33.00549000000012,40.501970000000085],[33.010290000000055,40.50127000000009],[33.017130000000066,40.49679000000032],[33.024900000000116,40.497160000000406],[33.03076000000016,40.49768000000006],[33.03134000000023,40.49888000000004],[33.0313000000001,40.4994200000005],[33.03214000000014,40.501630000000034],[33.03195000000005,40.50217000000066],[33.032100000000185,40.50219000000021],[33.03243000000015,40.50546000000003],[33.03340000000014,40.507260000000315],[33.03365000000019,40.50805000000008],[33.034820000000195,40.5093200000004],[33.038470000000245,40.51109000000031],[33.03826000000009,40.51190000000014],[33.03824000000003,40.51573000000013],[33.037550000000124,40.51898000000028],[33.037580000000105,40.52280000000019],[33.03809000000024,40.52558000000067],[33.03861000000006,40.52632000000011],[33.038690000000145,40.52685000000008],[33.03888000000023,40.52721000000054],[33.0395400000001,40.52811000000003],[33.041270000000054,40.52973000000014],[33.04140000000018,40.52964000000014],[33.04521000000011,40.53051000000005],[33.04542000000009,40.53107000000017],[33.04740000000015,40.5323200000002],[33.04804000000013,40.53245000000015],[33.0494300000002,40.532980000000464],[33.0497400000001,40.53320000000019],[33.05256000000003,40.53388000000035],[33.053130000000124,40.534810000000164],[33.05993000000018,40.53737000000007],[33.0652300000001,40.538180000000125],[33.06573524138963,40.53741537370024],[33.06686851900008,40.537655980000466],[33.072158954159875,40.554431631897614],[33.07263000000012,40.55466000000018],[33.07284000000004,40.55493000000047],[33.07284000000004,40.55511000000007],[33.07372000000004,40.55514000000011],[33.07373000000018,40.55526000000009],[33.07451000000003,40.55517000000043],[33.074560000000076,40.55539000000016],[33.07511000000011,40.55554000000012],[33.07507000000021,40.55579000000057],[33.075680000000034,40.55573000000004],[33.07519000000019,40.5567200000001],[33.07445000000024,40.55681000000027],[33.074230000000114,40.55691000000019],[33.07533000000018,40.56121000000013],[33.07507000000021,40.56160000000028],[33.07449909779058,40.56185208669012],[33.07653021900029,40.56829941100028]]],"type":"Polygon"}},{"type":"Feature","properties":{"area_id":"TR-18-010-2008931","name_tr":"Ortabayındır Köyü","area_level":"neighbourhood","parent_id":"TR-18-010","endeksa_id":2008931},"geometry":{"coordinates":[[[33.02050050206117,40.571214840095536],[33.0197500000001,40.570920000000456],[33.01589000000013,40.570090000000164],[33.01370000000014,40.570090000000164],[33.00692000000009,40.56819000000053],[33.00603000000018,40.57026000000042],[33.00627000000014,40.57129000000015],[33.00466000000017,40.573060000000055],[33.00399000000016,40.572190000000376],[33.0031400000002,40.57074000000034],[33.002270000000124,40.57041000000021],[33.00160000000011,40.57003000000003],[32.99952000000013,40.56936000000019],[32.998450000000105,40.56961000000007],[32.99558000000013,40.570950000000096],[32.99318000000011,40.57152000000036],[32.9918100000001,40.5710200000002],[32.99147000000005,40.57072000000028],[32.99036000000024,40.57082000000071],[32.990340000000174,40.570920000000456],[32.98987000000017,40.5712400000001],[32.98945000000009,40.57115000000033],[32.98853000000014,40.571440000000166],[32.987340000000074,40.571260000000166],[32.98679000000004,40.5712800000004],[32.98658000000012,40.57140000000038],[32.985540000000185,40.57097000000033],[32.98502000000019,40.5710200000002],[32.98493000000019,40.5712800000004],[32.98271000000017,40.570640000000196],[32.98232000000007,40.57077000000015],[32.982220000000154,40.57025000000044],[32.98075000000017,40.56938000000025],[32.9792700000001,40.56994000000037],[32.97722000000016,40.570490000000405],[32.97561000000013,40.57081000000005],[32.97326000000004,40.56958000000043],[32.97173000000009,40.56973000000005],[32.96999000000022,40.56335000000013],[32.969610000000046,40.56244000000015],[32.96954000000011,40.561840000000245],[32.97245000000015,40.55882000000031],[32.97306000000003,40.5585200000005],[32.97335000000004,40.558500000000265],[32.97359000000017,40.558280000000536],[32.974480000000085,40.557970000000466],[32.97474000000011,40.55783000000025],[32.97496000000018,40.55752000000018],[32.97520000000014,40.55756000000065],[32.975900000000195,40.557320000000686],[32.976090000000056,40.55747000000031],[32.97672000000017,40.5570500000004],[32.97709000000003,40.557260000000156],[32.977210000000184,40.55764000000016],[32.97744000000006,40.55774000000008],[32.97774000000015,40.55768000000012],[32.97836000000012,40.55746000000022],[32.978130000000135,40.55707000000007],[32.97916000000009,40.556670000000224],[32.979530000000125,40.55668000000031],[32.979900000000214,40.556490000000224],[32.981020000000115,40.55755000000016],[32.98138000000006,40.55778000000038],[32.98199000000011,40.557420000000434],[32.994920000000036,40.55948000000035],[32.998790000000156,40.56160000000028],[33.00439000000006,40.56075000000027],[33.01296000000019,40.55969000000016],[33.01067000000006,40.55830000000009],[33.00885000000011,40.55688000000015],[33.007190000000094,40.556210000000135],[33.015996593330385,40.55295309979891],[33.015808490000154,40.55308658400003],[33.01350247900001,40.56502917300003],[33.02123800000015,40.56898769200012],[33.02129110100003,40.569097350000106],[33.02050050206117,40.571214840095536]]],"type":"Polygon"}},{"type":"Feature","properties":{"area_id":"TR-18-010-20310","name_tr":"İnkilap","area_level":"neighbourhood","parent_id":"TR-18-010","endeksa_id":20310},"geometry":{"coordinates":[[[33.055780596000204,40.57875182600009],[33.055620385000054,40.578698719000045],[33.054324309000094,40.57911528000068],[33.04976207600015,40.578142166000134],[33.047825108000154,40.578269338000496],[33.04498883100018,40.577731247000145],[33.041920387000175,40.57769272100012],[33.03905071800011,40.57494457500047],[33.023457398999994,40.57010916600018],[33.02123800000015,40.56898769200012],[33.01350247900001,40.56502917300003],[33.015808490000154,40.55308658400003],[33.015996593330385,40.55295309979891],[33.018060000000105,40.55219000000005],[33.01924209747261,40.5506026119657],[33.023048105871226,40.548003012244294],[33.024200528900224,40.54834874305254],[33.024010000000146,40.54863000000006],[33.024040000000184,40.548900000000344],[33.025430000000085,40.55045000000018],[33.02589000000012,40.55139000000031],[33.02759000000009,40.55308000000019],[33.02789000000024,40.553200000000174],[33.03034000000008,40.55375000000021],[33.03319000000016,40.55380000000008],[33.03424000000018,40.55431000000033],[33.03521000000012,40.554590000000076],[33.03589000000011,40.554630000000145],[33.03712000000007,40.55504000000036],[33.039960000000065,40.55538000000007],[33.04298000000017,40.55473000000029],[33.04329000000007,40.55536000000052],[33.042470000000094,40.55570000000023],[33.04231000000016,40.55597000000017],[33.04242000000022,40.556180000000154],[33.043060000000025,40.55634000000009],[33.04364000000004,40.557660000000396],[33.04388000000023,40.55765000000031],[33.04403000000019,40.55782000000016],[33.04335000000003,40.55817000000013],[33.04331000000013,40.55830000000009],[33.04345000000018,40.5587900000001],[33.0439300000001,40.558930000000316],[33.04426000000018,40.55916000000019],[33.04450000000014,40.55984000000029],[33.044640000000186,40.560700000000395],[33.04528000000005,40.56046000000043],[33.04547000000014,40.560520000000054],[33.04561000000018,40.560610000000054],[33.04550000000012,40.56090000000006],[33.046840000000145,40.56121000000013],[33.048420000000135,40.56207000000006],[33.04971000000012,40.56510000000014],[33.05160000000018,40.5659500000001],[33.05214000000012,40.56629000000038],[33.05283000000014,40.56721000000044],[33.05385000000018,40.56684000000041],[33.055020000000184,40.56696000000039],[33.0551200000001,40.567200000000355],[33.05642283502061,40.56687660123691],[33.05709460177019,40.567683330498085],[33.058610000000044,40.56992000000014],[33.05867197200001,40.56989428821316],[33.05958175100005,40.571741630000076],[33.0595245450001,40.57186317400016],[33.05966140900023,40.571927707999976],[33.055365623000284,40.574186956000574],[33.05435696600023,40.576325881],[33.055780596000204,40.57875182600009]]],"type":"Polygon"}},{"type":"Feature","properties":{"area_id":"TR-18-010-2008920","name_tr":"Elmalık Köyü","area_level":"neighbourhood","parent_id":"TR-18-010","endeksa_id":2008920},"geometry":{"coordinates":[[[33.14323342200032,40.58179271900025],[33.14310355500032,40.58175443800036],[33.14190082500028,40.58201195200036],[33.137381761000256,40.57797226000042],[33.11853652700029,40.56614894900031],[33.11815574700023,40.56430058600023],[33.115723232000335,40.56249921600022],[33.11524834582195,40.5612639998767],[33.114908894383234,40.56092637344625],[33.111854690000314,40.56174748600023],[33.108972846000256,40.56443645500036],[33.10883716100034,40.56441386000023],[33.10708730400023,40.563096132000226],[33.10705013700027,40.562989227000344],[33.10691366612281,40.554858517471416],[33.10356000000007,40.552370000000394],[33.10338000000007,40.552490000000375],[33.09782000000013,40.549460000000124],[33.09963000000016,40.54383000000007],[33.09929000000005,40.543660000000216],[33.09834000000018,40.54347000000013],[33.0982200000002,40.543320000000506],[33.09871000000004,40.54281000000026],[33.098130000000026,40.54241000000053],[33.09890000000013,40.541460000000086],[33.098980000000154,40.541520000000105],[33.09923000000009,40.5407400000002],[33.09967000000006,40.5399500000002],[33.100020000000086,40.53887000000037],[33.10029000000003,40.53847000000013],[33.100550000000055,40.538330000000315],[33.10097000000019,40.538270000000466],[33.10119000000009,40.537900000000434],[33.101170000000195,40.537830000000326],[33.10027000000014,40.53755000000058],[33.09899000000013,40.53733000000017],[33.099070000000154,40.536750000000325],[33.10014000000007,40.5368400000001],[33.1004700000002,40.53699000000029],[33.1006000000001,40.536880000000565],[33.100990000000195,40.5371700000004],[33.10345000000018,40.53579000000008],[33.10404000000017,40.534870000000524],[33.1049000000001,40.53386000000012],[33.10540000000026,40.533010000000104],[33.105880000000184,40.53299000000004],[33.10654952482952,40.5331635805116],[33.10612274500011,40.50773674300001],[33.10612302000004,40.50748854800054],[33.10785665585888,40.50229585895556],[33.1076700000001,40.499860000000126],[33.10928249985341,40.49802508637447],[33.11002068729704,40.49581402351845],[33.10629000000017,40.49553000000037],[33.10143000000005,40.49034000000029],[33.09927000000022,40.48627000000033],[33.09949000000012,40.485370000000444],[33.127310000000136,40.48042000000015],[33.12987000000004,40.47778000000005],[33.13117000000011,40.477310000000045],[33.13222000000013,40.47732000000019],[33.133850000000166,40.47702000000021],[33.133950000000084,40.47693000000004],[33.13604000000021,40.47640000000007],[33.13718000000017,40.479780000000346],[33.13849000000005,40.48170000000022],[33.14002000000016,40.483410000000276],[33.14261000000005,40.48356000000007],[33.14539000000019,40.490540000000465],[33.14541000000008,40.4907900000004],[33.14454000000006,40.4915400000001],[33.144480000000044,40.49172000000004],[33.145010000000184,40.49220000000014],[33.14518000000004,40.492460000000165],[33.14535000000012,40.492450000000076],[33.146140000000116,40.493170000000646],[33.14603000000005,40.49322000000052],[33.14620000000008,40.49368000000021],[33.146150000000034,40.493790000000104],[33.14566000000019,40.494160000000136],[33.14549000000011,40.49412000000041],[33.14536000000004,40.49448000000035],[33.14572000000015,40.49430000000035],[33.14568000000003,40.494570000000124],[33.14585000000005,40.49471000000017],[33.14610000000016,40.49519000000009],[33.146400000000085,40.49702000000019],[33.14800000000014,40.50227000000041],[33.147980000000075,40.5026400000001],[33.146490000000085,40.50548000000026],[33.146670000000086,40.50644000000011],[33.14591000000007,40.507610000000284],[33.146210000000224,40.508260000000064],[33.14696000000009,40.50944000000038],[33.147630000000106,40.50929000000019],[33.148030000000176,40.50902000000042],[33.148780000000045,40.50929000000019],[33.149180000000115,40.50936000000013],[33.149610000000166,40.5093200000004],[33.1501100000001,40.509430000000236],[33.15164000000004,40.50907000000029],[33.15249000000006,40.50898000000012],[33.15399000000019,40.508410000000424],[33.15449000000012,40.50832000000008],[33.15546000000012,40.50789000000003],[33.15589000000017,40.50781000000012],[33.156280000000095,40.507600000000195],[33.15682000000004,40.50700000000029],[33.15718000000015,40.506830000000434],[33.15815000000009,40.50673000000012],[33.16004000000015,40.50630000000007],[33.160580000000095,40.50582000000014],[33.16122000000013,40.50543000000039],[33.16161000000005,40.50531000000041],[33.16189000000014,40.50536000000028],[33.16220000000021,40.505750000000205],[33.16253000000012,40.50599000000017],[33.162870000000225,40.5059500000001],[33.16330000000005,40.50563000000005],[33.16357000000005,40.50560000000024],[33.16444000000007,40.50591000000031],[33.1659600000001,40.506150000000275],[33.16652000000005,40.50653000000045],[33.16797000000014,40.50651000000022],[33.16838000000013,40.50667000000067],[33.16854000000018,40.506990000000144],[33.169140000000084,40.50735000000009],[33.169350000000065,40.50728000000015],[33.169620000000236,40.50679000000014],[33.17022000000014,40.50650000000013],[33.17349000000013,40.506650000000434],[33.17664000000019,40.508910000000185],[33.179170000000056,40.510890000000245],[33.18035000000003,40.51168000000024],[33.180560000000185,40.51208000000065],[33.180940000000135,40.512500000000045],[33.18077000000011,40.51286000000039],[33.181330000000116,40.512870000000134],[33.18369000000013,40.51449000000042],[33.184710000000166,40.51453000000015],[33.18751000000003,40.514360000000295],[33.187220000000195,40.51599000000016],[33.187560000000076,40.51675000000051],[33.18754000000018,40.517020000000116],[33.18779000000012,40.51711000000046],[33.187870000000146,40.51731000000012],[33.18777000000006,40.51781000000011],[33.18937000000011,40.51954000000006],[33.19470000000018,40.52193000000011],[33.19572000000005,40.52157000000017],[33.197230000000104,40.52056000000027],[33.19834000000009,40.51951000000008],[33.19969000000009,40.518660000000125],[33.200540000000046,40.51881000000043],[33.200420000000065,40.51893000000041],[33.200510000000065,40.5191200000005],[33.20119000000017,40.519440000000145],[33.201570000000174,40.52000000000015],[33.200850000000116,40.520340000000544],[33.19975000000005,40.5213700000005],[33.20229000000006,40.52346000000006],[33.20254000000017,40.52404000000007],[33.20309000000003,40.524300000000096],[33.20316000000014,40.5254700000001],[33.20382000000018,40.52501000000041],[33.20428000000004,40.52497000000011],[33.2050500000002,40.52506000000028],[33.205870000000175,40.52466000000004],[33.206890000000215,40.525940000000105],[33.20716000000016,40.52663000000018],[33.20738000000006,40.52696000000009],[33.20678000000015,40.527120000000195],[33.20539000000008,40.52728000000013],[33.20603000000011,40.527950000000146],[33.2037000000002,40.5279000000001],[33.20365000000015,40.527620000000354],[33.2033100000001,40.52725000000032],[33.20321000000018,40.52673000000061],[33.20310000000012,40.52667000000008],[33.203050000000076,40.5267700000004],[33.20259000000004,40.526840000000334],[33.20230000000004,40.527180000000214],[33.201780000000156,40.52722000000011],[33.201220000000205,40.52756000000039],[33.20015000000012,40.527650000000165],[33.199990000000184,40.527740000000335],[33.200110000000166,40.527920000000336],[33.199670000000026,40.52811000000003],[33.199640000000215,40.529190000000256],[33.198840000000075,40.52925000000022],[33.1978000000002,40.53125000000017],[33.197360000000174,40.53147000000058],[33.19666000000018,40.531550000000095],[33.19638000000009,40.5327400000005],[33.19638000000009,40.532540000000324],[33.19619000000023,40.53245000000015],[33.19589000000008,40.53245000000015],[33.192210000000046,40.53284000000025],[33.191750000000184,40.53292000000033],[33.190780000000245,40.53342000000009],[33.18940000000009,40.536820000000205],[33.1894700000002,40.53721000000019],[33.1893800000002,40.5376600000003],[33.189110000000085,40.53863000000041],[33.188770000000204,40.53928000000019],[33.18805000000009,40.53915000000012],[33.18526000000003,40.53817000000004],[33.18504000000013,40.538360000000125],[33.18452000000008,40.538300000000106],[33.18412000000018,40.53839000000045],[33.18342000000018,40.538830000000075],[33.18331000000012,40.538790000000176],[33.18331000000012,40.53896000000003],[33.183630000000164,40.53894000000048],[33.183790000000045,40.53884000000005],[33.18386000000015,40.53891000000016],[33.18367000000006,40.539020000000164],[33.18362000000019,40.539230000000316],[33.183230000000094,40.53925000000004],[33.18198000000007,40.54010000000039],[33.18191000000013,40.5417800000003],[33.18083000000013,40.54386000000005],[33.18160000000006,40.54662000000019],[33.1834300000001,40.54834000000022],[33.18621000000013,40.54941000000008],[33.185020000000065,40.550820000000044],[33.1846000000001,40.550820000000044],[33.18218000000007,40.5513200000002],[33.18277000000006,40.5529300000004],[33.183750000000146,40.55505000000045],[33.18346000000014,40.55752000000018],[33.18265000000008,40.558000000000106],[33.18190000000021,40.55816000000004],[33.181120000000135,40.557970000000466],[33.17965000000021,40.558070000000214],[33.17893000000009,40.557910000000334],[33.17888000000005,40.5579900000007],[33.177660000000174,40.55824000000007],[33.17705000000018,40.55858000000035],[33.176160000000095,40.55878000000018],[33.17593000000005,40.559650000000204],[33.17553000000015,40.56013000000013],[33.175550000000044,40.5604000000003],[33.17547000000019,40.56053000000054],[33.17465000000021,40.56119000000007],[33.174490000000105,40.56244000000015],[33.1742900000001,40.563050000000146],[33.173620000000255,40.562990000000184],[33.172780000000216,40.56328000000019],[33.17170000000016,40.56430000000017],[33.171520000000044,40.56422000000032],[33.17020000000008,40.56495000000035],[33.17005000000006,40.565220000000636],[33.169230000000084,40.565960000000075],[33.16903000000008,40.566460000000234],[33.16771000000011,40.565310000000295],[33.167860000000076,40.56501000000031],[33.167610000000195,40.56492000000014],[33.16707000000008,40.56532000000038],[33.16728000000006,40.56552000000005],[33.167210000000125,40.56568000000033],[33.16711000000021,40.5656400000002],[33.16640000000007,40.56602000000004],[33.16600000000017,40.566120000000126],[33.16536000000019,40.56665000000032],[33.16468000000003,40.56679000000014],[33.164180000000044,40.56668000000013],[33.164580000000115,40.56719000000021],[33.16463000000016,40.56737000000021],[33.16354000000024,40.56823000000031],[33.163030000000106,40.568500000000085],[33.1628300000001,40.56831000000051],[33.16248000000007,40.56840000000017],[33.16202000000004,40.56836000000038],[33.16091000000023,40.56870000000009],[33.16097000000019,40.5684200000004],[33.16149000000007,40.567790000000116],[33.16169000000008,40.56740000000053],[33.161140000000046,40.5673400000004],[33.160680000000184,40.56743000000017],[33.16115000000019,40.567140000000336],[33.16116000000011,40.567080000000374],[33.16103000000021,40.567050000000165],[33.159930000000145,40.56735000000015],[33.159620000000075,40.56696000000039],[33.15905000000015,40.56660000000005],[33.158820000000105,40.56663000000009],[33.15915000000007,40.56704000000059],[33.15893000000017,40.5673400000004],[33.159090000000106,40.56818000000004],[33.15859000000012,40.56949000000009],[33.15868000000006,40.56976000000043],[33.15863000000019,40.56991000000005],[33.1584000000002,40.56969000000032],[33.15772000000004,40.56945000000036],[33.157550000000185,40.56982000000039],[33.15729000000016,40.57007000000033],[33.156340000000114,40.56932000000023],[33.155850000000044,40.569860000000176],[33.15691000000021,40.57094000000018],[33.15802000000019,40.57165000000032],[33.156620000000146,40.572530000000086],[33.1556700000001,40.57200000000029],[33.15552000000008,40.57212000000027],[33.154570000000035,40.57147000000049],[33.154610000000105,40.57139000000029],[33.154170535520564,40.57107485770882],[33.1530535223913,40.57214731473101],[33.152930000000026,40.57215000000008],[33.15297181901053,40.57222575907679],[33.14319699700002,40.581632068000374],[33.14323342200032,40.58179271900025]]],"type":"Polygon"}},{"type":"Feature","properties":{"area_id":"TR-18-010-2008916","name_tr":"Derebayındır Köyü","area_level":"neighbourhood","parent_id":"TR-18-010","endeksa_id":2008916},"geometry":{"coordinates":[[[33.00842000000006,40.581270000000075],[33.00685000000021,40.582900000000336],[33.00528000000014,40.584050000000275],[33.00398000000024,40.582900000000336],[33.00358000000017,40.58293000000015],[33.00238000000019,40.58386000000036],[33.00150000000019,40.58348000000018],[33.00021000000004,40.583150000000046],[32.99986000000024,40.5828300000004],[32.998300000000086,40.58086000000009],[32.99741000000017,40.581230000000176],[32.9972800000001,40.58140000000071],[32.99705000000006,40.581360000000245],[32.99664000000007,40.58147000000014],[32.99637000000013,40.581360000000245],[32.99559000000005,40.581670000000315],[32.99512000000004,40.581700000000126],[32.99505000000016,40.5811800000003],[32.99460000000005,40.580890000000295],[32.99439000000007,40.58099000000021],[32.9938600000001,40.58082000000036],[32.99265000000014,40.580890000000295],[32.98843000000005,40.5842200000003],[32.988570000000095,40.58496000000042],[32.98912000000013,40.58509000000049],[32.98948000000007,40.585350000000176],[32.98976000000016,40.58575000000042],[32.98905000000019,40.5870800000003],[32.98732000000024,40.58793000000031],[32.987090000000194,40.58785000000006],[32.98703000000023,40.587590000000034],[32.98680000000019,40.5872600000003],[32.98485000000011,40.587860000000205],[32.984640000000184,40.587870000000294],[32.984490000000164,40.58775000000031],[32.98443000000003,40.58750000000026],[32.98419000000007,40.587560000000224],[32.98398000000009,40.58748000000071],[32.98375000000004,40.58788000000027],[32.98326000000003,40.58758000000046],[32.98314000000005,40.58742000000018],[32.98270000000025,40.58720000000028],[32.98267000000004,40.5870000000001],[32.97536000000008,40.579650000000186],[32.97455000000019,40.579440000000545],[32.97381000000007,40.57721000000009],[32.97282000000007,40.574910000000216],[32.97232000000008,40.57308000000012],[32.97226000000006,40.57192000000009],[32.97173000000009,40.56973000000005],[32.97326000000004,40.56958000000043],[32.97561000000013,40.57081000000005],[32.97722000000016,40.570490000000405],[32.9792700000001,40.56994000000037],[32.98075000000017,40.56938000000025],[32.982220000000154,40.57025000000044],[32.98232000000007,40.57077000000015],[32.98271000000017,40.570640000000196],[32.98493000000019,40.5712800000004],[32.98502000000019,40.5710200000002],[32.985540000000185,40.57097000000033],[32.98658000000012,40.57140000000038],[32.98679000000004,40.5712800000004],[32.987340000000074,40.571260000000166],[32.98853000000014,40.571440000000166],[32.98945000000009,40.57115000000033],[32.98987000000017,40.5712400000001],[32.990340000000174,40.570920000000456],[32.99036000000024,40.57082000000071],[32.99147000000005,40.57072000000028],[32.9918100000001,40.5710200000002],[32.99318000000011,40.57152000000036],[32.99558000000013,40.570950000000096],[32.998450000000105,40.56961000000007],[32.99952000000013,40.56936000000019],[33.00160000000011,40.57003000000003],[33.002270000000124,40.57041000000021],[33.0031400000002,40.57074000000034],[33.00399000000016,40.572190000000376],[33.00466000000017,40.573060000000055],[33.004370000000165,40.57398000000069],[33.002600000000086,40.57454000000013],[33.00266000000005,40.574920000000304],[33.00315000000012,40.57573000000053],[33.00339000000008,40.57598000000007],[33.00325000000004,40.576060000000155],[33.00373000000013,40.57661000000019],[33.004340000000184,40.57704000000024],[33.00497000000007,40.57735000000031],[33.00581000000011,40.57757000000072],[33.00600000000003,40.577860000000555],[33.00627000000014,40.57865000000004],[33.00789000000009,40.58042000000012],[33.00842000000006,40.581270000000075]]],"type":"Polygon"}},{"type":"Feature","properties":{"area_id":"TR-18-010-20308","name_tr":"Cumhuriyet","area_level":"neighbourhood","parent_id":"TR-18-010","endeksa_id":20308},"geometry":{"coordinates":[[[33.10005000000041,40.60852000000074],[33.100520000000415,40.61028000000056],[33.098320000000456,40.610230000000286],[33.0983700000005,40.60987000000034],[33.096840000000384,40.609420000000455],[33.09676000000053,40.60996000000068],[33.096340000000396,40.60939000000042],[33.09570000000059,40.60913000000022],[33.095570000000464,40.60891000000049],[33.09468000000038,40.60877000000028],[33.09392000000054,40.60848000000044],[33.09311000000048,40.60845000000063],[33.092900000000554,40.60864000000072],[33.09161000000057,40.6087600000007],[33.09171000000049,40.60798000000028],[33.09006000000039,40.607570000000464],[33.09014000000042,40.60923000000071],[33.08961000000045,40.60923000000071],[33.08957000000055,40.61097000000041],[33.08886000000058,40.61096000000083],[33.08879000000047,40.60838000000069],[33.08908000000048,40.60674000000074],[33.0888700000005,40.606570000000545],[33.08744000000053,40.60654000000051],[33.08716000000044,40.60768000000087],[33.084720000000516,40.607540000000654],[33.08455000000049,40.60860000000042],[33.081410000000574,40.608500000000674],[33.081410000000574,40.60688000000022],[33.07991000000044,40.606890000000874],[33.07814000000053,40.606700000000785],[33.07778039194841,40.60674109806405],[33.07616636414349,40.6017970140133],[33.07624000000038,40.601590000000215],[33.076610000000244,40.601280000000315],[33.07752000000022,40.60133000000059],[33.07773000000037,40.600470000000485],[33.07592000000034,40.60030000000006],[33.07578000000029,40.599730000001045],[33.07515679525119,40.59976605316774],[33.07520206400028,40.59882821000036],[33.07458466200035,40.59704075100035],[33.06803402800034,40.587384413000166],[33.05859973000025,40.5819205810007],[33.056005933000336,40.579128920000244],[33.05435696600023,40.576325881],[33.055365623000284,40.574186956000574],[33.05966140900023,40.571927707999976],[33.074130407000325,40.57066209200025],[33.07655896100022,40.56840129700015],[33.07653021900029,40.56829941100028],[33.07671396600034,40.56825581600032],[33.0774348450002,40.56758576300035],[33.07791679600035,40.56373143900083],[33.08643975700028,40.563208476000284],[33.086579804000394,40.563304370000765],[33.08687636000042,40.5711693800003],[33.088416179000376,40.5729647200007],[33.08893962900049,40.57470710400048],[33.090703227000404,40.57709051300043],[33.09314976900049,40.579434610000476],[33.094686229000445,40.580170409000516],[33.09567405200039,40.581227727000396],[33.09627470000049,40.58605780800099],[33.09606764900053,40.5906305870007],[33.09644628400048,40.592371924000815],[33.09509505700055,40.59638556300064],[33.095899138000505,40.598713679000525],[33.0981519540004,40.60048874500103],[33.10005000000041,40.60852000000074]]],"type":"Polygon"}},{"type":"Feature","properties":{"area_id":"TR-18-010-2008922","name_tr":"Hasanhacı Köyü","area_level":"neighbourhood","parent_id":"TR-18-010","endeksa_id":2008922},"geometry":{"coordinates":[[[33.07179441800025,40.59292460900008],[33.071714532000044,40.59306537900005],[33.065906701880806,40.59432333240102],[33.06490000000019,40.59435000000019],[33.06485000000015,40.5954100000003],[33.064490000000205,40.59538000000066],[33.064490000000205,40.59684000000016],[33.063810000000046,40.59687000000031],[33.063810000000046,40.5964500000004],[33.06274000000013,40.596420000000194],[33.06267000000025,40.59655000000015],[33.06157000000019,40.5965300000006],[33.06154000000015,40.59625000000017],[33.06098000000003,40.59622000000053],[33.058980000000076,40.5958500000001],[33.058920000000114,40.59574000000009],[33.058170000000246,40.595580000000155],[33.05828000000008,40.5951400000007],[33.057280000000105,40.59507000000008],[33.055480000000045,40.595880000000136],[33.05534000000017,40.60033000000027],[33.05525000000023,40.60036000000059],[33.054830000000095,40.60015000000027],[33.05422000000004,40.59960000000024],[33.054120000000125,40.599670000000344],[33.05333000000013,40.59942000000029],[33.05330000000015,40.599020000000564],[33.05214000000012,40.59897000000069],[33.05221000000023,40.599480000000256],[33.04976000000016,40.59994000000012],[33.049470000000156,40.599920000000054],[33.04837000000009,40.59938000000051],[33.0478700000001,40.59989000000007],[33.047680000000184,40.60030000000006],[33.047060000000045,40.600940000000264],[33.0467900000001,40.600970000000075],[33.04617000000013,40.601340000000164],[33.04604000000006,40.60161000000028],[33.04547000000014,40.60188000000005],[33.04500000000013,40.601990000000455],[33.044830000000104,40.601870000000474],[33.04345000000018,40.60320000000041],[33.042690000000164,40.60287000000011],[33.0415900000001,40.602080000000115],[33.041170000000136,40.601680000000385],[33.038500000000056,40.600630000000194],[33.03497000000016,40.599570000000085],[33.03361000000007,40.59993000000054],[33.03142000000008,40.59879000000018],[33.03116000000006,40.59807000000012],[33.030790000000195,40.59753000000023],[33.02967000000007,40.59699000000029],[33.02980000000014,40.59599000000014],[33.02973000000003,40.59538000000066],[33.02941000000004,40.59510000000023],[33.028750000000116,40.595050000000356],[33.028690000000154,40.59438000000034],[33.02950000000004,40.59364000000022],[33.02962000000019,40.59274000000039],[33.031010000000094,40.59003000000013],[33.03076000000016,40.589450000000284],[33.02898000000016,40.58747000000005],[33.02839000000017,40.57831000000016],[33.02824000000004,40.578390000000354],[33.02758000000017,40.57830000000018],[33.02638000000013,40.577800000000195],[33.02600000000018,40.577760000000126],[33.02497000000022,40.57798000000054],[33.0247500000001,40.57781000000068],[33.02347000000009,40.57765000000023],[33.022800000000075,40.57744000000008],[33.02291000000008,40.576620000000275],[33.02337000000017,40.575880000000154],[33.02341000000007,40.57548000000031],[33.023640000000114,40.57509000000016],[33.0241400000001,40.574610000000234],[33.02442000000019,40.57454000000013],[33.02437000000009,40.57373000000007],[33.02371000000005,40.57265000000007],[33.022620000000074,40.57174000000009],[33.02050050206117,40.571214840095536],[33.02129110100003,40.569097350000106],[33.02123800000015,40.56898769200012],[33.023457398999994,40.57010916600018],[33.03905071800011,40.57494457500047],[33.041920387000175,40.57769272100012],[33.04498883100018,40.577731247000145],[33.047825108000154,40.578269338000496],[33.04976207600015,40.578142166000134],[33.054324309000094,40.57911528000068],[33.055620385000054,40.578698719000045],[33.055780596000204,40.57875182600009],[33.056005933000336,40.579128920000244],[33.05859973000025,40.5819205810007],[33.06803402800034,40.587384413000166],[33.07179441800025,40.59292460900008]]],"type":"Polygon"}},{"type":"Feature","properties":{"area_id":"TR-18-010-20309","name_tr":"Hürriyet","area_level":"neighbourhood","parent_id":"TR-18-010","endeksa_id":20309},"geometry":{"coordinates":[[[33.12089982039737,40.6081724361116],[33.12266000000051,40.60493000000071],[33.121770000000424,40.605370000000335],[33.12007000000045,40.60553000000061],[33.11999000000054,40.605370000000335],[33.11973000000057,40.605400000000714],[33.119790000000535,40.60558000000066],[33.11884000000043,40.60542000000021],[33.11850000000038,40.60525000000035],[33.11857000000049,40.60477000000043],[33.118430000000444,40.60464000000087],[33.11857000000049,40.60399000000109],[33.11738000000042,40.60365000000053],[33.11679000000049,40.603630000000635],[33.11643000000055,40.604470000001015],[33.11753000000044,40.605800000000556],[33.117460000000506,40.60631000000069],[33.11751000000055,40.60674000000074],[33.117160000000524,40.60675000000066],[33.1171200000004,40.607440000000906],[33.116720000000555,40.607450000000654],[33.116660000000536,40.607690000000616],[33.116410000000485,40.60771000000085],[33.11640000000051,40.60813000000064],[33.11476000000056,40.608310000000756],[33.11363000000051,40.60857000000061],[33.11320000000046,40.60842000000099],[33.113160000000505,40.60824000000065],[33.11324000000053,40.60814000000056],[33.1117900000005,40.60730000000086],[33.11153000000047,40.607750000000976],[33.111050000000546,40.607510000001014],[33.110280000000444,40.60877000000045],[33.109290000000385,40.60978000000057],[33.10859000000039,40.60949000000056],[33.10868000000056,40.60926000000086],[33.10704000000038,40.60908000000052],[33.10558000000054,40.60906000000051],[33.10323000000045,40.60941000000082],[33.10363000000052,40.61077000000074],[33.10311000000047,40.61083000000059],[33.10319000000055,40.61124000000075],[33.10199000000051,40.61151000000086],[33.101170000000536,40.61014000000068],[33.101920000000405,40.609950000001106],[33.101450000000455,40.60883000000081],[33.10058000000038,40.60898000000077],[33.10026000000039,40.6084900000011],[33.10005000000041,40.60852000000074],[33.0981519540004,40.60048874500103],[33.095899138000505,40.598713679000525],[33.09509505700055,40.59638556300064],[33.09644628400048,40.592371924000815],[33.09606764900053,40.5906305870007],[33.09627470000049,40.58605780800099],[33.09567405200039,40.581227727000396],[33.094686229000445,40.580170409000516],[33.09314976900049,40.579434610000476],[33.090703227000404,40.57709051300043],[33.08893962900049,40.57470710400048],[33.088416179000376,40.5729647200007],[33.08687636000042,40.5711693800003],[33.086579804000394,40.563304370000765],[33.08643975700028,40.563208476000284],[33.086577670000224,40.56315126500061],[33.08852272200022,40.56330272700035],[33.09175294200031,40.56149105200029],[33.09412180000021,40.561970264000195],[33.09657726100022,40.56167971100035],[33.10043218300035,40.56216864500067],[33.10343900000032,40.56279087100046],[33.105164443000206,40.56338953500028],[33.10695291500036,40.563086152000324],[33.10705013700027,40.562989227000344],[33.10708730400023,40.563096132000226],[33.10883716100034,40.56441386000023],[33.108972846000256,40.56443645500036],[33.111854690000314,40.56174748600023],[33.114908894383234,40.56092637344625],[33.11524834582195,40.5612639998767],[33.115723232000335,40.56249921600022],[33.11815574700023,40.56430058600023],[33.11853652700029,40.56614894900031],[33.137381761000256,40.57797226000042],[33.14190082500028,40.58201195200036],[33.14310355500032,40.58175443800036],[33.14323342200032,40.58179271900025],[33.143269695354036,40.58183015232407],[33.14173000000045,40.582600000000866],[33.144670000000474,40.584030000000894],[33.144360000000404,40.58433000000048],[33.14527000000038,40.58466000000078],[33.14582000000041,40.584670000000756],[33.14600000000041,40.58482000000089],[33.14609117031881,40.58474185401377],[33.1477429772433,40.586446483355985],[33.147510000000466,40.586680000000456],[33.1474900000004,40.58692000000076],[33.14709000000056,40.58727000000073],[33.14732000000038,40.58748000000071],[33.14722000000046,40.58764000000065],[33.14645000000053,40.58747000000045],[33.14627000000053,40.58763000000067],[33.1461000000005,40.587620000000925],[33.146030000000394,40.58748000000071],[33.14591000000041,40.58749000000046],[33.14557000000053,40.58779000000078],[33.14554000000055,40.58797000000038],[33.14518000000044,40.58802000000048],[33.14501000000058,40.587950000000546],[33.14499000000052,40.587770000000546],[33.14482000000049,40.58772000000067],[33.14399000000054,40.5880000000011],[33.1437200000006,40.58792000000051],[33.14362000000051,40.58810000000085],[33.14259000000055,40.5882000000006],[33.14257000000049,40.58855000000062],[33.142460000000426,40.588700000000756],[33.142340000000445,40.588640000000396],[33.14219000000048,40.588700000000756],[33.14218000000051,40.58894000000072],[33.14238000000057,40.58902000000057],[33.1422900000004,40.589140000000555],[33.142030000000375,40.58916000000079],[33.14208000000042,40.589320000000896],[33.142220000000464,40.58934000000045],[33.14235000000059,40.589530000000536],[33.141900000000476,40.58981000000057],[33.141690000000494,40.590160000000765],[33.14175000000046,40.59040000000073],[33.13201161551871,40.5978031532448],[33.13160330000045,40.59884290000048],[33.12992210000044,40.60085690000085],[33.12910020000044,40.60299850000041],[33.127638000000445,40.6048557000006],[33.12567331210454,40.60588528995771],[33.12089982039737,40.6081724361116]]],"type":"Polygon"}},{"type":"Feature","properties":{"area_id":"TR-18-010-2008924","name_tr":"İncecik Köyü","area_level":"neighbourhood","parent_id":"TR-18-010","endeksa_id":2008924},"geometry":{"coordinates":[[[32.949570000000165,40.54168000000038],[32.94966000000011,40.54370000000017],[32.94958000000008,40.54484000000036],[32.94944000000004,40.54544000000004],[32.94844000000006,40.546480000000486],[32.94751000000025,40.54765000000066],[32.944340000000125,40.54912000000007],[32.94419000000016,40.54934000000037],[32.944030000000055,40.550390000000164],[32.94489000000016,40.55477000000019],[32.944780000000094,40.557110000000364],[32.94439000000017,40.558560000000284],[32.94379000000009,40.55979000000042],[32.94326000000012,40.561200000000554],[32.94327000000004,40.56149000000039],[32.940030000000036,40.565350000000194],[32.939810000000136,40.57121000000029],[32.93838000000011,40.57528000000025],[32.93552000000011,40.58044000000018],[32.93231000000026,40.583960000000104],[32.92927000000003,40.58627000000007],[32.9265900000002,40.58871000000016],[32.92230000000012,40.592420000000175],[32.917480000000126,40.59346000000028],[32.907820000000186,40.591450000000236],[32.90628000000015,40.570210000000145],[32.90544000000011,40.569060000000036],[32.90442000000007,40.568410000000256],[32.90365000000014,40.56811000000033],[32.9029000000001,40.56735000000015],[32.902300000000025,40.56691000000035],[32.899110000000235,40.56518000000017],[32.89746000000014,40.56413000000015],[32.89618000000007,40.563510000000406],[32.89386000000013,40.562800000000095],[32.89238000000006,40.562470000000474],[32.8903600000001,40.562530000000095],[32.88851000000017,40.56186000000008],[32.88348000000019,40.56081000000029],[32.88175000000018,40.56029000000058],[32.881550000000175,40.557910000000334],[32.881580000000156,40.55688000000015],[32.881430000000194,40.55666000000008],[32.88129000000015,40.556170000000066],[32.880500000000154,40.551430000000096],[32.88024000000013,40.550390000000164],[32.88048000000009,40.54801000000009],[32.88134000000019,40.546300000000144],[32.88134000000019,40.54474000000005],[32.88098000000008,40.5423500000004],[32.88101000000006,40.54138000000057],[32.88120000000015,40.54033000000038],[32.881120000000124,40.53853000000015],[32.88120000000015,40.53801000000027],[32.88140000000021,40.537590000000364],[32.88184000000018,40.53704000000033],[32.882110000000125,40.53653000000003],[32.882110000000125,40.5362300000001],[32.882260000000144,40.535920000000715],[32.882850000000076,40.53504000000038],[32.88323000000008,40.53430000000026],[32.8835900000002,40.53321000000034],[32.88382000000007,40.5318000000002],[32.883780000000115,40.530870000000164],[32.8839900000001,40.52934000000005],[32.88463000000013,40.527080000000296],[32.88513000000006,40.52593000000036],[32.884800000000155,40.52546000000018],[32.88296000000014,40.52377000000013],[32.88256000000007,40.52342000000033],[32.88120000000015,40.52146000000016],[32.881020000000035,40.521330000000034],[32.8808600000001,40.52042000000006],[32.88088000000016,40.52004000000005],[32.88100000000014,40.51973000000015],[32.881270000000086,40.519440000000145],[32.88246000000015,40.51877000000013],[32.88340000000011,40.51837000000029],[32.88446000000005,40.51812000000018],[32.88538000000017,40.518040000000155],[32.88758000000013,40.518040000000155],[32.889450000000124,40.51830000000018],[32.89129000000014,40.51815000000016],[32.89307000000014,40.5173200000001],[32.89380000000017,40.516740000000425],[32.89566000000019,40.515010000000075],[32.89600000000013,40.51483000000013],[32.897250000000156,40.5151400000002],[32.89816000000013,40.51555000000019],[32.89950000000016,40.515930000000196],[32.900970000000086,40.51619000000039],[32.904100000000085,40.51701000000071],[32.90473000000014,40.517430000000104],[32.905250000000194,40.51766000000049],[32.90668000000005,40.517490000000635],[32.907290000000046,40.517300000000546],[32.908960000000036,40.516060000000266],[32.909240000000125,40.51592000000005],[32.9098800000001,40.51595000000003],[32.9107200000002,40.51605000000018],[32.9143600000001,40.51693000000034],[32.91500000000008,40.5171400000001],[32.91637000000014,40.51810000000012],[32.91793000000007,40.51856000000038],[32.91874000000013,40.51870000000042],[32.920950000000175,40.518790000000195],[32.92313000000007,40.52203000000003],[32.92385000000013,40.522870000000296],[32.92466000000019,40.52421000000032],[32.92522000000014,40.52469000000025],[32.92571000000004,40.52488000000034],[32.92704000000009,40.524330000000305],[32.92852000000016,40.52333000000067],[32.93014000000011,40.52254000000016],[32.93166000000008,40.52335000000022],[32.9324900000002,40.52354000000031],[32.933870000000184,40.52370000000019],[32.9348500000001,40.52372000000025],[32.93681000000004,40.52342000000033],[32.938200000000165,40.524020000000235],[32.94041000000004,40.52584000000019],[32.940990000000056,40.52617000000032],[32.94396000000012,40.52704000000017],[32.94475000000011,40.5274100000002],[32.94528000000008,40.52784000000008],[32.94557000000009,40.529850000000124],[32.945300000000145,40.530650000000264],[32.94449000000009,40.53238000000056],[32.94432000000006,40.53320000000019],[32.94436000000019,40.53352000000041],[32.94414000000012,40.53500000000008],[32.94621000000012,40.535420000000045],[32.946530000000166,40.53556000000009],[32.94740000000019,40.536070000000336],[32.948210000000074,40.53689000000014],[32.94884000000013,40.53797000000014],[32.949290000000076,40.539100000000246],[32.94943000000012,40.53980000000058],[32.949570000000165,40.54168000000038]]],"type":"Polygon"}},{"type":"Feature","properties":{"area_id":"TR-18-010-2008928","name_tr":"Kayıören Köyü","area_level":"neighbourhood","parent_id":"TR-18-010","endeksa_id":2008928},"geometry":{"coordinates":[[[32.97455000000019,40.579440000000545],[32.97462000000013,40.58041000000037],[32.97421000000014,40.58125000000041],[32.97367000000003,40.58206000000007],[32.972310000000164,40.583430000000305],[32.97115000000008,40.5840000000004],[32.969300000000146,40.58462000000014],[32.96827000000019,40.58506000000017],[32.967390000000194,40.585540000000094],[32.96490000000006,40.58729000000062],[32.964040000000125,40.58793000000031],[32.9627000000001,40.58990000000006],[32.96186000000006,40.59063000000003],[32.96130000000011,40.59126000000015],[32.96062000000012,40.59174000000007],[32.954310000000135,40.59506000000033],[32.95371000000023,40.59528000000023],[32.95093000000003,40.59560000000039],[32.94963000000013,40.595880000000136],[32.94671000000011,40.59705000000031],[32.94497000000018,40.5981900000001],[32.944310000000144,40.59908000000041],[32.94374000000005,40.60033000000027],[32.943190000000186,40.60285000000056],[32.941790000000196,40.6041800000001],[32.94006000000019,40.605090000000075],[32.9397400000002,40.60542000000004],[32.93986000000018,40.60768000000019],[32.94077000000016,40.608220000000074],[32.94123000000019,40.6086100000004],[32.94137000000006,40.60889000000009],[32.941490000000044,40.609490000000164],[32.941830000000095,40.6097400000001],[32.94219000000004,40.609800000000064],[32.94243000000017,40.610080000000494],[32.942760000000135,40.610200000000475],[32.94299000000018,40.61039000000005],[32.94299000000018,40.61058000000014],[32.94344000000007,40.61100000000005],[32.944240000000036,40.611130000000685],[32.944650000000195,40.6114300000001],[32.94547000000017,40.6115400000005],[32.94687000000005,40.6120700000003],[32.94773000000015,40.612300000000175],[32.94813000000016,40.612310000000264],[32.94916000000012,40.61266000000012],[32.95015000000018,40.61482000000046],[32.95023000000003,40.61520000000064],[32.95017000000024,40.615710000000206],[32.94912000000005,40.616330000000346],[32.94748000000004,40.61705000000023],[32.94621000000012,40.6180700000001],[32.945890000000134,40.61857000000026],[32.94546000000008,40.61879000000067],[32.94449000000009,40.61908000000051],[32.94398000000018,40.619180000000256],[32.94349000000017,40.61913000000038],[32.94237000000004,40.61953000000011],[32.94129000000021,40.61978000000016],[32.94021000000021,40.6198700000005],[32.93952000000013,40.619860000000415],[32.93837000000019,40.61970000000065],[32.937370000000044,40.61944000000045],[32.937090000000126,40.61948000000024],[32.928020000000174,40.61910000000006],[32.91533000000004,40.61584000000033],[32.90979000000016,40.613670000000525],[32.90538000000009,40.612310000000264],[32.906740000000184,40.60603000000009],[32.907820000000186,40.591450000000236],[32.917480000000126,40.59346000000028],[32.92230000000012,40.592420000000175],[32.9265900000002,40.58871000000016],[32.92927000000003,40.58627000000007],[32.93231000000026,40.583960000000104],[32.93552000000011,40.58044000000018],[32.93838000000011,40.57528000000025],[32.939810000000136,40.57121000000029],[32.940030000000036,40.565350000000194],[32.94327000000004,40.56149000000039],[32.94326000000012,40.561200000000554],[32.94379000000009,40.55979000000042],[32.94439000000017,40.558560000000284],[32.944780000000094,40.557110000000364],[32.94489000000016,40.55477000000019],[32.944030000000055,40.550390000000164],[32.94419000000016,40.54934000000037],[32.944340000000125,40.54912000000007],[32.94751000000025,40.54765000000066],[32.94844000000006,40.546480000000486],[32.94944000000004,40.54544000000004],[32.94958000000008,40.54484000000036],[32.94966000000011,40.54370000000017],[32.949570000000165,40.54168000000038],[32.95024000000018,40.541620000000535],[32.950410000000204,40.54215000000033],[32.951190000000054,40.542140000000245],[32.95470000000006,40.544810000000155],[32.95559000000014,40.54761000000019],[32.95736000000005,40.54950000000025],[32.96332000000007,40.55830000000009],[32.964560000000176,40.56165000000016],[32.965280000000064,40.56174000000033],[32.965400000000045,40.56161000000037],[32.965650000000096,40.561880000000144],[32.96556000000015,40.56214000000017],[32.96566000000007,40.56225000000006],[32.96653000000009,40.56276000000031],[32.96866000000011,40.562590000000455],[32.96954000000011,40.561840000000245],[32.969610000000046,40.56244000000015],[32.96999000000022,40.56335000000013],[32.97173000000009,40.56973000000005],[32.97226000000006,40.57192000000009],[32.97232000000008,40.57308000000012],[32.97282000000007,40.574910000000216],[32.97381000000007,40.57721000000009],[32.97455000000019,40.579440000000545]]],"type":"Polygon"}},{"type":"Feature","properties":{"area_id":"TR-18-010-2008923","name_tr":"Hüyükköy Köyü","area_level":"neighbourhood","parent_id":"TR-18-010","endeksa_id":2008923},"geometry":{"coordinates":[[[33.16481000000033,40.59854000000064],[33.16363000000035,40.59891000000033],[33.15639000000033,40.59904000000029],[33.15682000000021,40.59768000000071],[33.15636000000035,40.593010000000675],[33.1590400000004,40.58718000000022],[33.15942000000041,40.58588000000066],[33.15961000000027,40.584520000000396],[33.160150000000215,40.582940000000406],[33.16105000000027,40.583100000000684],[33.161450000000286,40.5830500000003],[33.16181000000023,40.58277000000055],[33.161980000000256,40.58240000000103],[33.16215000000034,40.580430000000206],[33.16203000000036,40.580430000000206],[33.16136000000034,40.57960000000048],[33.16138000000035,40.57951000000065],[33.16292000000027,40.578880000000595],[33.16242000000028,40.57822000000067],[33.16294000000033,40.5776500000004],[33.16168000000033,40.57665000000026],[33.16112000000038,40.576680000000465],[33.16076000000021,40.57691000000028],[33.15960000000035,40.57621000000063],[33.1552700000002,40.58052000000055],[33.15320000000037,40.580430000000206],[33.15292000000028,40.58035000000069],[33.153180000000305,40.57998000000049],[33.15317000000033,40.57954000000046],[33.152810000000215,40.57907000000051],[33.15324000000027,40.57838000000095],[33.15326000000033,40.577860000000726],[33.15275000000025,40.57660000000021],[33.15223000000037,40.57695000000058],[33.152220000000284,40.57686000000041],[33.151110000000244,40.57772000000051],[33.149800000000425,40.578480000000695],[33.14781000000022,40.579410000000394],[33.14557000000036,40.58098000000024],[33.14484000000033,40.58135000000084],[33.143269695354036,40.58183015232407],[33.14323342200032,40.58179271900025],[33.14319699700002,40.581632068000374],[33.15297181901053,40.57222575907679],[33.152930000000026,40.57215000000008],[33.1530535223913,40.57214731473101],[33.154170535520564,40.57107485770882],[33.154610000000105,40.57139000000029],[33.154570000000035,40.57147000000049],[33.15552000000008,40.57212000000027],[33.1556700000001,40.57200000000029],[33.156620000000146,40.572530000000086],[33.15802000000019,40.57165000000032],[33.15691000000021,40.57094000000018],[33.155850000000044,40.569860000000176],[33.156340000000114,40.56932000000023],[33.15729000000016,40.57007000000033],[33.157550000000185,40.56982000000039],[33.15772000000004,40.56945000000036],[33.1584000000002,40.56969000000032],[33.15863000000019,40.56991000000005],[33.15868000000006,40.56976000000043],[33.15859000000012,40.56949000000009],[33.159090000000106,40.56818000000004],[33.15893000000017,40.5673400000004],[33.15915000000007,40.56704000000059],[33.158820000000105,40.56663000000009],[33.15905000000015,40.56660000000005],[33.159620000000075,40.56696000000039],[33.159930000000145,40.56735000000015],[33.16103000000021,40.567050000000165],[33.16116000000011,40.567080000000374],[33.16115000000019,40.567140000000336],[33.160680000000184,40.56743000000017],[33.161140000000046,40.5673400000004],[33.16169000000008,40.56740000000053],[33.16149000000007,40.567790000000116],[33.16097000000019,40.5684200000004],[33.16091000000023,40.56870000000009],[33.16202000000004,40.56836000000038],[33.16248000000007,40.56840000000017],[33.1628300000001,40.56831000000051],[33.163030000000106,40.568500000000085],[33.16354000000024,40.56823000000031],[33.16463000000016,40.56737000000021],[33.164580000000115,40.56719000000021],[33.164180000000044,40.56668000000013],[33.16468000000003,40.56679000000014],[33.16536000000019,40.56665000000032],[33.16600000000017,40.566120000000126],[33.16640000000007,40.56602000000004],[33.16711000000021,40.5656400000002],[33.167210000000125,40.56568000000033],[33.16728000000006,40.56552000000005],[33.16707000000008,40.56532000000038],[33.167610000000195,40.56492000000014],[33.167860000000076,40.56501000000031],[33.16771000000011,40.565310000000295],[33.16903000000008,40.566460000000234],[33.169230000000084,40.565960000000075],[33.17005000000006,40.565220000000636],[33.17020000000008,40.56495000000035],[33.171520000000044,40.56422000000032],[33.17170000000016,40.56430000000017],[33.172780000000216,40.56328000000019],[33.17311000000012,40.56363000000016],[33.17363000000017,40.56369000000052],[33.174740000000156,40.56368000000003],[33.17964000000006,40.563330000000065],[33.1896000000001,40.55783000000025],[33.19105000000019,40.559770000000185],[33.19093000000004,40.560510000000306],[33.1909500000001,40.561040000000105],[33.19065000000012,40.56244000000015],[33.190200000000175,40.56318000000027],[33.19022000000007,40.5634800000002],[33.1904600000002,40.563540000000216],[33.19019000000009,40.564170000000445],[33.18961000000024,40.56421000000023],[33.189730000000225,40.56468000000018],[33.188930000000084,40.56495000000035],[33.18953000000016,40.565470000000175],[33.189950000000124,40.56597000000016],[33.189050000000066,40.56642000000045],[33.18706000000009,40.56691000000035],[33.18721000000005,40.56746000000015],[33.18741000000011,40.56737000000021],[33.187570000000164,40.56787000000037],[33.18805000000009,40.567850000000135],[33.1881200000002,40.568040000000224],[33.18919000000011,40.56784000000016],[33.1896000000001,40.568320000000085],[33.18953000000016,40.56844000000007],[33.19025000000005,40.56880000000018],[33.191840000000184,40.570020000000056],[33.193230000000085,40.56958000000043],[33.19298000000015,40.56864000000013],[33.19306000000006,40.568350000000294],[33.193890000000124,40.56833000000006],[33.19476000000003,40.56884000000031],[33.1949800000001,40.5691000000005],[33.19619000000023,40.569620000000214],[33.19659000000007,40.56971000000016],[33.19805000000008,40.5698100000003],[33.20117000000016,40.56944000000021],[33.20100000000008,40.57216000000005],[33.20396000000005,40.5740600000002],[33.19941000000017,40.57973000000038],[33.19931000000008,40.579960000000256],[33.19916000000012,40.58013000000011],[33.198680000000195,40.58025000000009],[33.19876000000005,40.580430000000035],[33.19920000000019,40.58075000000025],[33.19852000000009,40.58138000000048],[33.19832000000025,40.582190000000026],[33.19823000000008,40.58223000000032],[33.1978400000001,40.582110000000114],[33.19725000000017,40.58218000000005],[33.196730000000116,40.582510000000184],[33.19647000000009,40.58252000000033],[33.19601000000006,40.582320000000095],[33.195400000000234,40.58249000000012],[33.19496000000004,40.582510000000184],[33.19430000000017,40.5829800000007],[33.193480000000136,40.5831800000002],[33.19324000000017,40.58348000000018],[33.19284000000016,40.584400000000244],[33.19291000000004,40.584800000000655],[33.19277000000022,40.585330000000454],[33.1926000000002,40.58562000000029],[33.18952000000007,40.58671000000027],[33.18904000000015,40.58940000000041],[33.18826000000007,40.59232000000043],[33.183570000000145,40.59417000000019],[33.181330000000116,40.59481000000039],[33.179540000000145,40.59717000000029],[33.176810000000046,40.598390000000336],[33.1763600000001,40.599040000000116],[33.16905000000014,40.597470000000214],[33.16883000000024,40.59772000000032],[33.168270000000064,40.597900000000266],[33.16692000000012,40.59735000000023],[33.1649900000001,40.598210000000336],[33.16485000000006,40.59831000000008],[33.16481000000033,40.59854000000064]]],"type":"Polygon"}},{"type":"Feature","properties":{"area_id":"TR-18-010-2008915","name_tr":"Büğdüz Köyü","area_level":"neighbourhood","parent_id":"TR-18-010","endeksa_id":2008915},"geometry":{"coordinates":[[[33.07107000000036,40.61760000000044],[33.06816000000009,40.61775000000006],[33.06820000000022,40.61812000000066],[33.06754000000012,40.61804000000029],[33.06726000000003,40.61854000000005],[33.06547000000006,40.618500000000154],[33.06625000000014,40.619460000000686],[33.06488000000013,40.6198700000005],[33.06429000000014,40.619930000000124],[33.06435000000016,40.62007000000017],[33.061990000000094,40.62072000000035],[33.05919000000006,40.62005000000033],[33.05940000000004,40.62043000000011],[33.059140000000184,40.62168000000037],[33.057460000000106,40.62165000000016],[33.05726000000004,40.62180000000035],[33.05739000000017,40.62224000000049],[33.056350000000066,40.62196000000006],[33.0556900000002,40.6220500000004],[33.055450000000064,40.62220000000019],[33.054120000000125,40.62207000000012],[33.0539100000002,40.621900000000096],[33.05362000000014,40.6219700000002],[33.053220000000124,40.62193000000042],[33.05330000000015,40.62212000000051],[33.052420000000154,40.62202000000008],[33.05191000000008,40.62182000000041],[33.05214000000012,40.62146000000007],[33.05165000000005,40.621260000000404],[33.050530000000094,40.62108000000006],[33.04982000000018,40.62117000000006],[33.04936000000009,40.62102000000044],[33.04871000000014,40.620640000000265],[33.04915000000017,40.62041000000005],[33.049750000000074,40.620510000000195],[33.049870000000055,40.61932000000047],[33.05016000000006,40.6185900000001],[33.05027000000007,40.618660000000034],[33.050370000000214,40.61839000000026],[33.05026000000015,40.61761000000041],[33.05035000000015,40.61749000000003],[33.04831000000013,40.618160000000046],[33.047990000000084,40.61811000000017],[33.04809000000017,40.61700000000036],[33.048020000000065,40.61663000000033],[33.04822000000013,40.61592000000053],[33.04812000000021,40.61570000000012],[33.04791000000006,40.61595000000017],[33.047550000000115,40.61600000000004],[33.04742000000016,40.616210000000365],[33.04720000000009,40.616240000000175],[33.04713000000015,40.61637000000013],[33.04545000000007,40.61603000000042],[33.04576000000014,40.61522000000019],[33.04519000000005,40.61460000000005],[33.04481000000004,40.61442000000005],[33.04458000000005,40.614130000000216],[33.043960000000084,40.613880000000165],[33.042810000000145,40.613050000000385],[33.03861000000006,40.6105300000001],[33.03853000000004,40.61057000000039],[33.03685000000013,40.60832000000039],[33.03496000000007,40.60680000000053],[33.03441000000004,40.60659000000021],[33.03419000000014,40.606320000000096],[33.03413000000012,40.60601000000054],[33.03371000000021,40.60544000000027],[33.03363000000013,40.60495000000026],[33.03322000000014,40.60434000000021],[33.02747000000011,40.60196000000013],[33.02750000000009,40.60188000000005],[33.02975000000009,40.60069000000021],[33.02991000000003,40.60046000000034],[33.02959000000021,40.60007000000007],[33.02917000000008,40.59974000000045],[33.02879000000007,40.599050000000204],[33.028840000000116,40.59881000000024],[33.02897000000024,40.59867000000003],[33.0289600000001,40.598430000000064],[33.02857000000017,40.597780000000284],[33.0247500000001,40.59447000000068],[33.02442000000019,40.59452000000056],[33.02409000000006,40.5940200000004],[33.02366000000018,40.59383000000031],[33.02301000000023,40.59311000000042],[33.02253000000013,40.59218000000021],[33.02296000000018,40.592420000000175],[33.02089000000012,40.590190000000405],[33.01810000000023,40.588730000000396],[33.013600000000224,40.58590000000004],[33.01241000000016,40.585050000000194],[33.01088000000004,40.58385000000021],[33.010690000000125,40.5835800000001],[33.0102100000002,40.58327000000054],[33.00854000000004,40.58128000000005],[33.00842000000006,40.581270000000075],[33.00789000000009,40.58042000000012],[33.00627000000014,40.57865000000004],[33.00600000000003,40.577860000000555],[33.00581000000011,40.57757000000072],[33.00497000000007,40.57735000000031],[33.004340000000184,40.57704000000024],[33.00373000000013,40.57661000000019],[33.00325000000004,40.576060000000155],[33.00339000000008,40.57598000000007],[33.00315000000012,40.57573000000053],[33.00266000000005,40.574920000000304],[33.002600000000086,40.57454000000013],[33.004370000000165,40.57398000000069],[33.00466000000017,40.573060000000055],[33.00627000000014,40.57129000000015],[33.00603000000018,40.57026000000042],[33.00692000000009,40.56819000000053],[33.01370000000014,40.570090000000164],[33.01589000000013,40.570090000000164],[33.0197500000001,40.570920000000456],[33.02050050206117,40.571214840095536],[33.022620000000074,40.57174000000009],[33.02371000000005,40.57265000000007],[33.02437000000009,40.57373000000007],[33.02442000000019,40.57454000000013],[33.0241400000001,40.574610000000234],[33.023640000000114,40.57509000000016],[33.02341000000007,40.57548000000031],[33.02337000000017,40.575880000000154],[33.02291000000008,40.576620000000275],[33.022800000000075,40.57744000000008],[33.02347000000009,40.57765000000023],[33.0247500000001,40.57781000000068],[33.02497000000022,40.57798000000054],[33.02600000000018,40.577760000000126],[33.02638000000013,40.577800000000195],[33.02758000000017,40.57830000000018],[33.02824000000004,40.578390000000354],[33.02839000000017,40.57831000000016],[33.02898000000016,40.58747000000005],[33.03076000000016,40.589450000000284],[33.031010000000094,40.59003000000013],[33.02962000000019,40.59274000000039],[33.02950000000004,40.59364000000022],[33.028690000000154,40.59438000000034],[33.028750000000116,40.595050000000356],[33.02941000000004,40.59510000000023],[33.02973000000003,40.59538000000066],[33.02980000000014,40.59599000000014],[33.02967000000007,40.59699000000029],[33.030790000000195,40.59753000000023],[33.03116000000006,40.59807000000012],[33.03142000000008,40.59879000000018],[33.03361000000007,40.59993000000054],[33.03497000000016,40.599570000000085],[33.038500000000056,40.600630000000194],[33.041170000000136,40.601680000000385],[33.0415900000001,40.602080000000115],[33.042690000000164,40.60287000000011],[33.04345000000018,40.60320000000041],[33.044830000000104,40.601870000000474],[33.04500000000013,40.601990000000455],[33.04547000000014,40.60188000000005],[33.04604000000006,40.60161000000028],[33.04617000000013,40.601340000000164],[33.0467900000001,40.600970000000075],[33.047060000000045,40.600940000000264],[33.047680000000184,40.60030000000006],[33.0478700000001,40.59989000000007],[33.04837000000009,40.59938000000051],[33.049470000000156,40.599920000000054],[33.04976000000016,40.59994000000012],[33.05221000000023,40.599480000000256],[33.05214000000012,40.59897000000069],[33.05330000000015,40.599020000000564],[33.05333000000013,40.59942000000029],[33.054120000000125,40.599670000000344],[33.05422000000004,40.59960000000024],[33.054830000000095,40.60015000000027],[33.05525000000023,40.60036000000059],[33.05534000000017,40.60033000000027],[33.055480000000045,40.595880000000136],[33.057280000000105,40.59507000000008],[33.05828000000008,40.5951400000007],[33.058170000000246,40.595580000000155],[33.058920000000114,40.59574000000009],[33.058980000000076,40.5958500000001],[33.06098000000003,40.59622000000053],[33.06154000000015,40.59625000000017],[33.06157000000019,40.5965300000006],[33.06267000000025,40.59655000000015],[33.06274000000013,40.596420000000194],[33.063810000000046,40.5964500000004],[33.063810000000046,40.59687000000031],[33.064490000000205,40.59684000000016],[33.064490000000205,40.59538000000066],[33.06485000000015,40.5954100000003],[33.06490000000019,40.59435000000019],[33.065906701880806,40.59432333240102],[33.071714532000044,40.59306537900005],[33.07179441800025,40.59292460900008],[33.07458466200035,40.59704075100035],[33.07520206400028,40.59882821000036],[33.07515679525119,40.59976605316774],[33.07578000000029,40.599730000001045],[33.07592000000034,40.60030000000006],[33.07773000000037,40.600470000000485],[33.07752000000022,40.60133000000059],[33.076610000000244,40.601280000000315],[33.07624000000038,40.601590000000215],[33.07616636414349,40.6017970140133],[33.07778039194841,40.60674109806405],[33.077440000000365,40.60678000000047],[33.076670000000206,40.606480000001056],[33.0765600000002,40.60625000000067],[33.07596000000029,40.60635000000042],[33.07598000000036,40.60604000000035],[33.07593000000031,40.606420000000526],[33.07563000000033,40.60654000000051],[33.07572000000033,40.606920000000684],[33.07551000000035,40.60696000000098],[33.075580000000286,40.60764000000057],[33.07576000000023,40.60789000000051],[33.076200000000256,40.609490000000164],[33.07569000000035,40.60954000000004],[33.07588000000021,40.61021000000005],[33.075030000000254,40.61062000000044],[33.0750800000003,40.61137000000065],[33.07473000000027,40.611250000000666],[33.074470000000304,40.6118000000007],[33.07359000000031,40.612990000001105],[33.07363000000021,40.61320000000018],[33.07425000000035,40.61343000000056],[33.0745100000002,40.615500000000054],[33.07333000000028,40.61564000000027],[33.07325000000043,40.61545000000018],[33.07184000000029,40.61554000000052],[33.07194000000021,40.61570000000029],[33.07148000000035,40.61582000000078],[33.070600000000354,40.61413000000039],[33.0703000000002,40.614380000001006],[33.07107000000036,40.61760000000044]]],"type":"Polygon"}},{"type":"Feature","properties":{"area_id":"TR-18-010-20293","name_tr":"Eski Yayla","area_level":"neighbourhood","parent_id":"TR-18-010","endeksa_id":20293},"geometry":{"coordinates":[[[33.314820000000054,40.64578000000006],[33.24876000000012,40.649040000000355],[33.25869000000017,40.62834000000004],[33.24009000000024,40.62762000000015],[33.235170000000096,40.62412000000029],[33.23444000000006,40.62456000000009],[33.23348000000004,40.62548000000015],[33.23236000000014,40.6262100000007],[33.23144000000019,40.626610000000426],[33.22936000000004,40.62795000000028],[33.22859000000011,40.62856000000045],[33.22583000000003,40.62998000000016],[33.22507000000019,40.63017000000008],[33.2147700000001,40.630550000000255],[33.20679000000007,40.630740000000344],[33.20050000000015,40.63100000000054],[33.19889000000012,40.631230000000414],[33.199670000000026,40.62880000000041],[33.20143000000013,40.62731000000008],[33.20279000000005,40.62548000000015],[33.20170000000013,40.6228000000001],[33.203550000000064,40.622530000000324],[33.20502000000016,40.622560000000135],[33.205870000000175,40.62192000000033],[33.206610000000126,40.62195000000065],[33.20642000000004,40.62165000000016],[33.20610000000022,40.62165000000016],[33.20560000000023,40.62080000000071],[33.20474000000013,40.62000000000006],[33.202210000000036,40.61879000000067],[33.1981100000001,40.61929000000015],[33.194940000000145,40.62025000000017],[33.191930000000184,40.6204000000003],[33.18538000000018,40.61802000000023],[33.18451000000016,40.61806000000013],[33.18320000000011,40.61730000000034],[33.18184000000019,40.61557000000016],[33.18022000000008,40.61448000000007],[33.17897000000005,40.61299000000042],[33.176080000000184,40.61089000000004],[33.17197000000016,40.611780000000465],[33.16914000000031,40.61347000000103],[33.16693000000021,40.61257000000063],[33.16568000000035,40.609330000000455],[33.166340000000275,40.60854000000097],[33.166340000000275,40.60785000000021],[33.166600000000244,40.607070000000306],[33.16748000000024,40.607130000000325],[33.168490000000304,40.607070000000306],[33.16833000000025,40.605120000000284],[33.165760000000205,40.604160000000434],[33.16610000000031,40.601310000001035],[33.16600000000034,40.601310000001035],[33.167000000000314,40.6003900000004],[33.16962000000041,40.600590000000295],[33.16998000000035,40.60071000000045],[33.17066000000028,40.6006500000006],[33.17132000000038,40.60052000000053],[33.171340000000214,40.59995000000026],[33.17023000000023,40.59983000000079],[33.168920000000355,40.59987000000041],[33.16904000000034,40.599230000000375],[33.168480000000216,40.59869000000043],[33.16787000000039,40.59892000000082],[33.16716000000025,40.59894000000054],[33.16688000000033,40.59909000000067],[33.164550000000304,40.59887000000094],[33.16481000000033,40.59854000000064],[33.16485000000006,40.59831000000008],[33.1649900000001,40.598210000000336],[33.16692000000012,40.59735000000023],[33.168270000000064,40.597900000000266],[33.16883000000024,40.59772000000032],[33.16905000000014,40.597470000000214],[33.1763600000001,40.599040000000116],[33.176810000000046,40.598390000000336],[33.179540000000145,40.59717000000029],[33.181330000000116,40.59481000000039],[33.183570000000145,40.59417000000019],[33.18826000000007,40.59232000000043],[33.18904000000015,40.58940000000041],[33.18952000000007,40.58671000000027],[33.1926000000002,40.58562000000029],[33.19277000000022,40.585330000000454],[33.19291000000004,40.584800000000655],[33.19284000000016,40.584400000000244],[33.19324000000017,40.58348000000018],[33.193480000000136,40.5831800000002],[33.19430000000017,40.5829800000007],[33.19496000000004,40.582510000000184],[33.195400000000234,40.58249000000012],[33.19601000000006,40.582320000000095],[33.19647000000009,40.58252000000033],[33.196730000000116,40.582510000000184],[33.19725000000017,40.58218000000005],[33.1978400000001,40.582110000000114],[33.19823000000008,40.58223000000032],[33.19832000000025,40.582190000000026],[33.19852000000009,40.58138000000048],[33.19920000000019,40.58075000000025],[33.19876000000005,40.580430000000035],[33.198680000000195,40.58025000000009],[33.19916000000012,40.58013000000011],[33.19931000000008,40.579960000000256],[33.19941000000017,40.57973000000038],[33.20396000000005,40.5740600000002],[33.20806000000016,40.576620000000275],[33.22026000000011,40.576100000000054],[33.21961000000016,40.57942000000031],[33.21901000000008,40.58395000000013],[33.22205000000008,40.58614000000068],[33.22253000000018,40.586380000000645],[33.223310000000026,40.5864000000002],[33.224640000000136,40.58680000000004],[33.22680000000014,40.58828000000011],[33.2278300000001,40.58845000000014],[33.2289100000001,40.58878000000027],[33.23160000000013,40.58888000000019],[33.23255000000023,40.58905000000004],[33.235480000000166,40.588860000000125],[33.236100000000135,40.588790000000415],[33.237930000000176,40.58823000000024],[33.238830000000064,40.58766000000014],[33.238210000000095,40.587460000000476],[33.23862000000008,40.58720000000028],[33.24008000000009,40.58698000000004],[33.24003000000005,40.58729000000062],[33.24186000000009,40.5875200000001],[33.24116000000009,40.588520000000074],[33.2425300000001,40.589040000000466],[33.243070000000046,40.58934000000005],[33.24352000000016,40.58937000000009],[33.24393000000015,40.58919000000009],[33.244120000000066,40.589010000000144],[33.245520000000056,40.58850000000041],[33.24576000000019,40.58834000000013],[33.245920000000126,40.587370000000135],[33.246980000000065,40.586470000000304],[33.24740000000003,40.585980000000234],[33.247750000000224,40.5853900000003],[33.249260000000106,40.584700000000225],[33.24959000000018,40.58446000000026],[33.249790000000075,40.58403000000021],[33.24975000000012,40.58386000000036],[33.24909000000025,40.58317000000011],[33.249270000000195,40.582790000000614],[33.24922000000015,40.582200000000114],[33.24604000000011,40.58054000000061],[33.24982000000006,40.578880000000424],[33.25290000000018,40.57720000000012],[33.2558600000001,40.57626000000033],[33.25824000000006,40.57598000000007],[33.26060000000007,40.575220000000286],[33.26631000000003,40.57304000000039],[33.27016000000009,40.57137000000006],[33.27767000000006,40.57223000000016],[33.27937000000003,40.57232000000033],[33.280120000000124,40.57262000000043],[33.2810300000001,40.57276000000013],[33.281110000000126,40.5732000000001],[33.28145000000018,40.573770000000366],[33.281700000000114,40.574020000000075],[33.28329000000019,40.57462000000038],[33.283810000000074,40.574570000000335],[33.28454000000005,40.57466000000011],[33.28479000000016,40.57496000000009],[33.285170000000164,40.57521000000014],[33.285820000000115,40.57524000000035],[33.28643000000011,40.57546000000025],[33.286560000000065,40.57574000000011],[33.286500000000046,40.576180000000136],[33.28660000000019,40.57656000000031],[33.28645000000017,40.57716000000022],[33.28763000000015,40.577800000000195],[33.287800000000175,40.57800000000009],[33.288020000000074,40.57878000000011],[33.28817000000004,40.57883000000038],[33.288420000000144,40.57911000000024],[33.28878000000009,40.579650000000186],[33.2910100000002,40.581240000000264],[33.29098000000022,40.58159000000012],[33.291700000000105,40.58345000000014],[33.292480000000126,40.58477000000033],[33.29360000000008,40.587210000000425],[33.294120000000134,40.588050000000294],[33.29457000000025,40.58923000000004],[33.29547000000008,40.590190000000405],[33.29714000000007,40.59104000000042],[33.298370000000034,40.59194000000025],[33.29928000000018,40.59274000000039],[33.29716000000013,40.5939800000001],[33.299640000000124,40.596660000000156],[33.3005500000001,40.59617000000014],[33.301060000000234,40.596110000000124],[33.30157000000014,40.596290000000636],[33.30189000000013,40.596540000000175],[33.302150000000154,40.597030000000075],[33.30272000000008,40.59961000000038],[33.30304000000007,40.599920000000054],[33.30475000000018,40.60113000000035],[33.30507000000017,40.601560000000404],[33.30525000000017,40.60243000000008],[33.30548000000016,40.602950000000305],[33.30720000000019,40.6047800000004],[33.30747000000014,40.605240000000094],[33.30746000000005,40.60605000000032],[33.306760000000054,40.60796000000005],[33.30621000000019,40.608520000000055],[33.30600000000004,40.60892000000007],[33.307010000000105,40.608990000000404],[33.307750000000055,40.60886000000045],[33.30932000000013,40.6090300000003],[33.31158000000005,40.60900000000015],[33.31234000000006,40.609480000000076],[33.3131800000001,40.60920000000016],[33.31439000000023,40.60920000000016],[33.31545000000017,40.609360000000606],[33.316490000000044,40.60940000000039],[33.31718000000012,40.60954000000004],[33.318190000000186,40.609580000000335],[33.31883000000005,40.60981000000021],[33.32000000000005,40.6098200000003],[33.32040000000012,40.609980000000064],[33.32260000000025,40.61622000000034],[33.32432000000006,40.628380000000334],[33.314820000000054,40.64578000000006]]],"type":"Polygon"}},{"type":"Feature","properties":{"area_id":"TR-18-010-2008939","name_tr":"Yenice Köyü","area_level":"neighbourhood","parent_id":"TR-18-010","endeksa_id":2008939},"geometry":{"coordinates":[[[33.27016000000009,40.57137000000006],[33.26631000000003,40.57304000000039],[33.26060000000007,40.575220000000286],[33.25824000000006,40.57598000000007],[33.2558600000001,40.57626000000033],[33.25290000000018,40.57720000000012],[33.24982000000006,40.578880000000424],[33.24604000000011,40.58054000000061],[33.24922000000015,40.582200000000114],[33.249270000000195,40.582790000000614],[33.24909000000025,40.58317000000011],[33.24975000000012,40.58386000000036],[33.249790000000075,40.58403000000021],[33.24959000000018,40.58446000000026],[33.249260000000106,40.584700000000225],[33.247750000000224,40.5853900000003],[33.24740000000003,40.585980000000234],[33.246980000000065,40.586470000000304],[33.245920000000126,40.587370000000135],[33.24576000000019,40.58834000000013],[33.245520000000056,40.58850000000041],[33.244120000000066,40.589010000000144],[33.24393000000015,40.58919000000009],[33.24352000000016,40.58937000000009],[33.243070000000046,40.58934000000005],[33.2425300000001,40.589040000000466],[33.24116000000009,40.588520000000074],[33.24186000000009,40.5875200000001],[33.24003000000005,40.58729000000062],[33.24008000000009,40.58698000000004],[33.23862000000008,40.58720000000028],[33.238210000000095,40.587460000000476],[33.238830000000064,40.58766000000014],[33.237930000000176,40.58823000000024],[33.236100000000135,40.588790000000415],[33.235480000000166,40.588860000000125],[33.23255000000023,40.58905000000004],[33.23160000000013,40.58888000000019],[33.2289100000001,40.58878000000027],[33.2278300000001,40.58845000000014],[33.22680000000014,40.58828000000011],[33.224640000000136,40.58680000000004],[33.223310000000026,40.5864000000002],[33.22253000000018,40.586380000000645],[33.22205000000008,40.58614000000068],[33.21901000000008,40.58395000000013],[33.21961000000016,40.57942000000031],[33.22026000000011,40.576100000000054],[33.20806000000016,40.576620000000275],[33.20396000000005,40.5740600000002],[33.20100000000008,40.57216000000005],[33.20117000000016,40.56944000000021],[33.19805000000008,40.5698100000003],[33.19659000000007,40.56971000000016],[33.19619000000023,40.569620000000214],[33.1949800000001,40.5691000000005],[33.19476000000003,40.56884000000031],[33.193890000000124,40.56833000000006],[33.19306000000006,40.568350000000294],[33.19298000000015,40.56864000000013],[33.193230000000085,40.56958000000043],[33.191840000000184,40.570020000000056],[33.19025000000005,40.56880000000018],[33.18953000000016,40.56844000000007],[33.1896000000001,40.568320000000085],[33.18919000000011,40.56784000000016],[33.1881200000002,40.568040000000224],[33.18805000000009,40.567850000000135],[33.187570000000164,40.56787000000037],[33.18741000000011,40.56737000000021],[33.18721000000005,40.56746000000015],[33.18706000000009,40.56691000000035],[33.189050000000066,40.56642000000045],[33.189950000000124,40.56597000000016],[33.18953000000016,40.565470000000175],[33.188930000000084,40.56495000000035],[33.189730000000225,40.56468000000018],[33.18961000000024,40.56421000000023],[33.19019000000009,40.564170000000445],[33.1904600000002,40.563540000000216],[33.19022000000007,40.5634800000002],[33.190200000000175,40.56318000000027],[33.19065000000012,40.56244000000015],[33.1909500000001,40.561040000000105],[33.19093000000004,40.560510000000306],[33.19105000000019,40.559770000000185],[33.1896000000001,40.55783000000025],[33.19090000000023,40.557410000000345],[33.191750000000184,40.55753000000033],[33.19237000000015,40.55746000000022],[33.19383000000016,40.55685000000017],[33.19455000000005,40.55682000000053],[33.19530000000009,40.55642000000012],[33.19526000000019,40.55626000000041],[33.19743000000011,40.55550000000005],[33.19795000000016,40.55558000000025],[33.19878000000011,40.554910000000234],[33.199240000000145,40.55474000000038],[33.19769000000014,40.55318000000011],[33.19750000000005,40.55269000000004],[33.197530000000256,40.55238000000014],[33.19821000000019,40.55247000000014],[33.20022000000006,40.552210000000116],[33.200520000000154,40.551900000000046],[33.201690000000156,40.55117000000007],[33.20226000000008,40.551090000000386],[33.20233000000019,40.55102000000028],[33.20220000000012,40.550510000000145],[33.20433000000014,40.549020000000326],[33.209460000000036,40.548310000000185],[33.209280000000035,40.54802000000018],[33.2103800000001,40.54718000000014],[33.21072000000021,40.54724000000016],[33.21091000000007,40.54718000000014],[33.21195000000017,40.54662000000019],[33.21226000000007,40.54607000000067],[33.211970000000065,40.54519000000033],[33.2124300000001,40.54477000000003],[33.21273000000025,40.54484000000036],[33.21283000000017,40.54470000000032],[33.21301000000011,40.544650000000274],[33.21285000000023,40.54443000000015],[33.21299000000005,40.54420000000016],[33.21310000000011,40.54417000000035],[33.213370000000054,40.544370000000185],[33.213590000000124,40.5442900000001],[33.213370000000054,40.544030000000305],[33.2124300000001,40.54368000000045],[33.21256000000017,40.54333000000008],[33.2125200000001,40.543140000000164],[33.21283000000017,40.543100000000095],[33.21285000000023,40.542450000000315],[33.21332000000018,40.541560000000175],[33.21385000000015,40.5417800000003],[33.214700000000164,40.54159000000021],[33.21480000000008,40.54168000000038],[33.21506000000011,40.541460000000086],[33.21532000000013,40.54142000000036],[33.215470000000096,40.541620000000535],[33.215790000000084,40.5416000000003],[33.215790000000084,40.54136000000034],[33.21623000000011,40.541300000000376],[33.21651000000014,40.54113000000012],[33.21710000000013,40.5409600000001],[33.21707000000015,40.54155000000043],[33.218110000000195,40.541300000000376],[33.21900000000011,40.540590000000066],[33.21901000000008,40.54042000000004],[33.219380000000115,40.5403500000001],[33.22134253130935,40.53942456743874],[33.22131716170816,40.53953441197825],[33.22141589598118,40.53961661594951],[33.22435000000013,40.54032000000029],[33.22515000000004,40.54028000000051],[33.22558000000009,40.53999000000067],[33.22612000000004,40.53940000000017],[33.22733000000011,40.53894000000048],[33.227710000000116,40.5385200000004],[33.2289100000001,40.53794000000016],[33.23061000000007,40.537250000000085],[33.230870000000095,40.53683000000069],[33.23138000000023,40.53705000000042],[33.23193000000009,40.53644000000003],[33.23287000000005,40.536070000000336],[33.23351000000025,40.53566000000052],[33.23424000000006,40.53565000000026],[33.234430000000145,40.53495000000004],[33.234560000000045,40.53485000000029],[33.23488000000009,40.5348800000001],[33.23553000000004,40.535240000000044],[33.234960000000115,40.53569000000016],[33.23583000000019,40.535980000000166],[33.23647000000017,40.53658000000007],[33.23700000000014,40.536480000000154],[33.2371100000002,40.53670000000005],[33.23805000000016,40.536390000000154],[33.23933000000005,40.53628000000015],[33.24038000000024,40.536390000000154],[33.24183000000011,40.537500000000705],[33.242640000000165,40.53773000000018],[33.242510000000095,40.53834000000006],[33.24200000000013,40.538920000000246],[33.241990000000044,40.53926000000013],[33.24201000000011,40.539330000000064],[33.243040000000065,40.539510000000064],[33.242890000000045,40.540190000000166],[33.244430000000136,40.54036000000019],[33.24568000000016,40.53992000000005],[33.24783000000008,40.53969000000018],[33.24941000000007,40.539980000000185],[33.25027000000017,40.53975000000071],[33.25079000000022,40.53996000000035],[33.25206000000014,40.53956000000062],[33.255620000000135,40.53990000000033],[33.258740000000216,40.54000000000008],[33.260010000000136,40.539940000000115],[33.26062000000013,40.54003000000006],[33.26117000000016,40.53978000000035],[33.26260000000019,40.5393500000003],[33.26335000000006,40.53931000000017],[33.26515000000012,40.538550000000214],[33.26588000000015,40.538610000000176],[33.266430000000184,40.5395700000002],[33.26731000000018,40.53989000000024],[33.267290000000116,40.540070000000185],[33.267080000000135,40.54036000000019],[33.266650000000084,40.54080000000022],[33.2665300000001,40.54128000000014],[33.266150000000096,40.54180000000014],[33.26685000000009,40.54252000000042],[33.26766000000015,40.54315000000065],[33.26796000000013,40.54355000000038],[33.26802000000009,40.543840000000216],[33.26855000000006,40.54484000000036],[33.26815000000005,40.545650000000194],[33.268230000000074,40.54601000000014],[33.26868000000019,40.54644000000019],[33.26874000000015,40.54660000000047],[33.26868000000019,40.54678000000007],[33.268320000000074,40.54718000000014],[33.26911000000007,40.54792000000026],[33.26912000000016,40.54805000000039],[33.26905000000005,40.54834000000022],[33.26839000000018,40.54883000000024],[33.26879000000025,40.54906000000011],[33.26870000000008,40.54943000000014],[33.268840000000125,40.54962000000023],[33.26970000000023,40.55012000000039],[33.27006000000017,40.55059000000023],[33.26992000000013,40.55114000000026],[33.26995000000011,40.55136000000016],[33.27032000000014,40.55185000000017],[33.27041000000014,40.55212000000034],[33.27051000000006,40.553450000000225],[33.27047000000016,40.55464000000063],[33.2707400000001,40.55498000000034],[33.27163000000019,40.554910000000234],[33.27198000000004,40.554990000000316],[33.27202000000011,40.55550000000005],[33.272260000000074,40.55603000000053],[33.27228000000014,40.55625000000026],[33.27189000000004,40.55709000000013],[33.27190000000013,40.557690000000036],[33.27205000000015,40.55824000000007],[33.27193000000017,40.55864000000048],[33.271570000000224,40.559210000000064],[33.26754000000017,40.564290000000426],[33.26725000000016,40.56682000000018],[33.27016000000009,40.57137000000006]]],"type":"Polygon"}},{"type":"Feature","properties":{"area_id":"TR-18-010-20294","name_tr":"Kanlıca","area_level":"neighbourhood","parent_id":"TR-18-010","endeksa_id":20294},"geometry":{"coordinates":[[[33.0971200000003,40.63160000000062],[33.09416000000016,40.63171000000034],[33.092000000000155,40.63220000000035],[33.085720000000094,40.632780000000196],[33.0851100000001,40.63376000000011],[33.0820700000001,40.63271000000009],[33.0818900000001,40.63236000000012],[33.08165000000014,40.63214000000039],[33.08055000000007,40.63144000000017],[33.0795100000002,40.63053000000019],[33.07876000000016,40.62940000000032],[33.07848000000007,40.62779000000069],[33.077560000000176,40.62712000000067],[33.07736000000011,40.6269200000001],[33.07739000000032,40.62676000000022],[33.07879000000031,40.62633000000068],[33.08108000000027,40.62579000000022],[33.083390000000236,40.62583000000069],[33.084940000000245,40.626030000000185],[33.09477000000038,40.62806000000046],[33.098910000000274,40.62938000000025],[33.0988600000004,40.62958000000049],[33.0971200000003,40.63160000000062]]],"type":"Polygon"}},{"type":"Feature","properties":{"area_id":"TR-18-010-20292","name_tr":"Cem Sultan","area_level":"neighbourhood","parent_id":"TR-18-010","endeksa_id":20292},"geometry":{"coordinates":[[[33.11354453488747,40.616891201887086],[33.1133100000003,40.61678000000063],[33.11209000000025,40.61861000000016],[33.10866000000033,40.624610000000644],[33.1084900000003,40.625030000000436],[33.10837000000032,40.62571000000071],[33.10673000000031,40.62951000000089],[33.10592000000025,40.63102000000026],[33.10550000000035,40.63147000000106],[33.104770000000315,40.632530000000656],[33.10403000000042,40.634330000000546],[33.10072000000025,40.63230000000027],[33.09870000000029,40.6317200000006],[33.0971200000003,40.63160000000062],[33.0988600000004,40.62958000000049],[33.098910000000274,40.62938000000025],[33.09477000000038,40.62806000000046],[33.084940000000245,40.626030000000185],[33.083390000000236,40.62583000000069],[33.08108000000027,40.62579000000022],[33.07879000000031,40.62633000000068],[33.07739000000032,40.62676000000022],[33.07650000000035,40.62602000000061],[33.07466000000039,40.62356000000045],[33.0731200000003,40.62171000000069],[33.07107000000036,40.61760000000044],[33.0703000000002,40.614380000001006],[33.070600000000354,40.61413000000039],[33.07148000000035,40.61582000000078],[33.07194000000021,40.61570000000029],[33.07184000000029,40.61554000000052],[33.07325000000043,40.61545000000018],[33.07333000000028,40.61564000000027],[33.0745100000002,40.615500000000054],[33.07425000000035,40.61343000000056],[33.07363000000021,40.61320000000018],[33.07359000000031,40.612990000001105],[33.074470000000304,40.6118000000007],[33.07473000000027,40.611250000000666],[33.0750800000003,40.61137000000065],[33.075030000000254,40.61062000000044],[33.07588000000021,40.61021000000005],[33.07569000000035,40.60954000000004],[33.076200000000256,40.609490000000164],[33.07576000000023,40.60789000000051],[33.075580000000286,40.60764000000057],[33.07551000000035,40.60696000000098],[33.07572000000033,40.606920000000684],[33.07563000000033,40.60654000000051],[33.07593000000031,40.606420000000526],[33.07598000000036,40.60604000000035],[33.07596000000029,40.60635000000042],[33.0765600000002,40.60625000000067],[33.076670000000206,40.606480000001056],[33.077440000000365,40.60678000000047],[33.07814000000053,40.606700000000785],[33.07991000000044,40.606890000000874],[33.081410000000574,40.60688000000022],[33.081410000000574,40.608500000000674],[33.08455000000049,40.60860000000042],[33.084720000000516,40.607540000000654],[33.08716000000044,40.60768000000087],[33.08744000000053,40.60654000000051],[33.0888700000005,40.606570000000545],[33.08908000000048,40.60674000000074],[33.08879000000047,40.60838000000069],[33.08886000000058,40.61096000000083],[33.08957000000055,40.61097000000041],[33.08961000000045,40.60923000000071],[33.09014000000042,40.60923000000071],[33.09006000000039,40.607570000000464],[33.09171000000049,40.60798000000028],[33.09161000000057,40.6087600000007],[33.092900000000554,40.60864000000072],[33.09311000000048,40.60845000000063],[33.09392000000054,40.60848000000044],[33.09468000000038,40.60877000000028],[33.095570000000464,40.60891000000049],[33.09570000000059,40.60913000000022],[33.096340000000396,40.60939000000042],[33.09676000000053,40.60996000000068],[33.096840000000384,40.609420000000455],[33.0983700000005,40.60987000000034],[33.098320000000456,40.610230000000286],[33.100520000000415,40.61028000000056],[33.10005000000041,40.60852000000074],[33.10026000000039,40.6084900000011],[33.10058000000038,40.60898000000077],[33.101450000000455,40.60883000000081],[33.101920000000405,40.609950000001106],[33.101170000000536,40.61014000000068],[33.10199000000051,40.61151000000086],[33.10319000000055,40.61124000000075],[33.10311000000047,40.61083000000059],[33.10363000000052,40.61077000000074],[33.10323000000045,40.60941000000082],[33.10558000000054,40.60906000000051],[33.10704000000038,40.60908000000052],[33.10868000000056,40.60926000000086],[33.10859000000039,40.60949000000056],[33.109290000000385,40.60978000000057],[33.110280000000444,40.60877000000045],[33.111050000000546,40.607510000001014],[33.11153000000047,40.607750000000976],[33.1117900000005,40.60730000000086],[33.11324000000053,40.60814000000056],[33.113160000000505,40.60824000000065],[33.11320000000046,40.60842000000099],[33.11363000000051,40.60857000000061],[33.11476000000056,40.608310000000756],[33.11640000000051,40.60813000000064],[33.116410000000485,40.60771000000085],[33.116660000000536,40.607690000000616],[33.116720000000555,40.607450000000654],[33.1171200000004,40.607440000000906],[33.117160000000524,40.60675000000066],[33.11751000000055,40.60674000000074],[33.117460000000506,40.60631000000069],[33.11753000000044,40.605800000000556],[33.11643000000055,40.604470000001015],[33.11679000000049,40.603630000000635],[33.11738000000042,40.60365000000053],[33.11857000000049,40.60399000000109],[33.118430000000444,40.60464000000087],[33.11857000000049,40.60477000000043],[33.11850000000038,40.60525000000035],[33.11884000000043,40.60542000000021],[33.119790000000535,40.60558000000066],[33.11973000000057,40.605400000000714],[33.11999000000054,40.605370000000335],[33.12007000000045,40.60553000000061],[33.121770000000424,40.605370000000335],[33.12266000000051,40.60493000000071],[33.12089982039737,40.6081724361116],[33.117684000000395,40.60971030000081],[33.11716910000041,40.6099969000004],[33.1167140000004,40.61044700000048],[33.11476415143528,40.614112155203145],[33.11354453488747,40.616891201887086]]],"type":"Polygon"}},{"type":"Feature","properties":{"area_id":"TR-18-010-20295","name_tr":"Sultan Beyazıt","area_level":"neighbourhood","parent_id":"TR-18-010","endeksa_id":20295},"geometry":{"coordinates":[[[33.14486000000022,40.635880000000725],[33.14464000000015,40.636090000000365],[33.14455000000015,40.63667000000004],[33.144130000000246,40.636560000000145],[33.14396000000022,40.636650000000486],[33.1438100000002,40.63697000000013],[33.14368000000013,40.637030000000664],[33.14337000000006,40.63697000000013],[33.14209000000017,40.637680000000444],[33.14188000000024,40.63765000000012],[33.14192000000014,40.63742000000025],[33.14069000000018,40.63784000000021],[33.13922000000025,40.6381800000006],[33.13920000000019,40.63809000000026],[33.13833000000011,40.63813000000005],[33.13756000000018,40.638570000000186],[33.1368300000002,40.638760000000275],[33.136790000000076,40.63887000000017],[33.137940000000185,40.640120000000536],[33.13768000000016,40.64017000000041],[33.13771000000014,40.642010000000596],[33.13801000000012,40.642350000000306],[33.13801000000012,40.64270000000016],[33.13829000000021,40.643280000000516],[33.138470000000154,40.64407000000051],[33.13872000000009,40.64437000000032],[33.13855000000024,40.64459000000022],[33.13855000000024,40.644770000000165],[33.13928000000004,40.645070000000146],[33.13882000000018,40.6455000000002],[33.137970000000166,40.645200000000216],[33.13607000000019,40.6452800000003],[33.13397000000015,40.64595000000031],[33.13340000000005,40.64690000000019],[33.131370000000175,40.64643000000041],[33.127590000000225,40.645360000000665],[33.12532000000016,40.64643000000041],[33.12286000000017,40.64491000000038],[33.121890000000235,40.64413000000036],[33.12006000000014,40.64295000000021],[33.11986000000013,40.64320000000032],[33.119790000000194,40.64252000000016],[33.11620000000016,40.64016000000032],[33.11273000000011,40.63841000000008],[33.10403000000042,40.634330000000546],[33.104770000000315,40.632530000000656],[33.10550000000035,40.63147000000106],[33.10592000000025,40.63102000000026],[33.10673000000031,40.62951000000089],[33.10837000000032,40.62571000000071],[33.1084900000003,40.625030000000436],[33.10866000000033,40.624610000000644],[33.11209000000025,40.61861000000016],[33.1133100000003,40.61678000000063],[33.11563000000024,40.617880000000866],[33.11586000000028,40.618070000000785],[33.1159600000002,40.62047000000058],[33.116140000000314,40.62146000000024],[33.12023000000033,40.62395000000021],[33.12068000000028,40.62435000000045],[33.12058000000036,40.62455000000051],[33.12069000000042,40.62499000000065],[33.121000000000265,40.625340000000335],[33.12408000000022,40.6272900000007],[33.12439000000029,40.62768000000028],[33.12555000000037,40.62999000000082],[33.130450000000224,40.63131000000061],[33.13204000000036,40.63218000000029],[33.13362000000035,40.633710000000406],[33.13520000000034,40.634420000000205],[33.14038000000028,40.63546000000025],[33.14486000000022,40.635880000000725]]],"type":"Polygon"}},{"type":"Feature","properties":{"area_id":"TR-18-010-2008940","name_tr":"Yuva Köyü","area_level":"neighbourhood","parent_id":"TR-18-010","endeksa_id":2008940},"geometry":{"coordinates":[[[33.0551200000001,40.62217000000038],[33.05552000000017,40.62229000000036],[33.0555100000002,40.62366000000003],[33.057560000000194,40.62413000000004],[33.05621000000025,40.62610000000012],[33.056530000000066,40.62620000000004],[33.056190000000186,40.627580000000364],[33.0559100000001,40.627700000000345],[33.05522000000019,40.62779000000069],[33.05444000000017,40.628840000000196],[33.05402000000004,40.62887000000052],[33.05336000000017,40.63006000000024],[33.05204000000015,40.631080000000054],[33.05182000000008,40.631480000000465],[33.05090000000018,40.63155000000006],[33.05072000000018,40.63176000000021],[33.05044000000015,40.63175000000007],[33.049480000000074,40.632220000000075],[33.04878000000008,40.63299000000035],[33.04898000000014,40.633090000000095],[33.04858000000007,40.63363000000004],[33.048760000000186,40.63373000000047],[33.047330000000215,40.63542000000035],[33.04705000000013,40.63621000000035],[33.04654000000022,40.6366400000004],[33.04667000000012,40.63681000000025],[33.04646000000014,40.636990000000196],[33.04616000000004,40.637490000000355],[33.0456200000001,40.63793000000015],[33.04527000000013,40.637180000000285],[33.04261000000008,40.63725000000039],[33.042530000000056,40.63630000000012],[33.04261000000008,40.63571000000019],[33.04215000000005,40.63533000000018],[33.03983000000011,40.63506000000041],[33.03687000000019,40.63496000000009],[33.036520000000166,40.63502000000062],[33.036270000000115,40.63519000000048],[33.0363000000001,40.63524000000035],[33.03604000000007,40.6353400000001],[33.036000000000115,40.63519000000048],[33.03539000000012,40.63508000000007],[33.03512000000018,40.63515000000018],[33.03213000000022,40.63524000000035],[33.031880000000115,40.63561000000027],[33.02848000000017,40.635470000000225],[33.024820000000034,40.63472000000013],[33.02369000000016,40.63506000000041],[33.02275000000003,40.635160000000155],[33.02199000000019,40.63553000000019],[33.020820000000185,40.6363800000002],[33.02326000000011,40.63048000000015],[33.01882000000012,40.630210000000545],[33.01106000000016,40.62953000000027],[33.011960000000045,40.62737000000004],[33.015120000000195,40.62520000000029],[33.01740000000018,40.62517000000008],[33.0198000000002,40.62459000000024],[33.020110000000045,40.62300000000016],[33.0195300000002,40.622990000000186],[33.019550000000095,40.62207000000012],[33.02013000000011,40.62198000000029],[33.02064000000024,40.62216000000029],[33.02090000000004,40.61957000000041],[33.022060000000124,40.61935000000011],[33.022400000000175,40.61820000000017],[33.02382000000006,40.617970000000355],[33.02365000000003,40.61755000000039],[33.02281000000016,40.61753000000016],[33.02278000000018,40.61733000000015],[33.02253000000013,40.61710000000011],[33.02250000000009,40.616950000000486],[33.022280000000194,40.61700000000036],[33.02222000000023,40.61763000000008],[33.02102000000025,40.61763000000008],[33.02075000000008,40.61671000000052],[33.020200000000045,40.61680000000018],[33.01939000000016,40.6167200000001],[33.01944000000026,40.616210000000365],[33.01922000000013,40.616200000000276],[33.01925000000017,40.61588000000006],[33.01903000000004,40.615680000000566],[33.01944000000026,40.61526000000009],[33.021130000000085,40.615710000000206],[33.021570000000054,40.61510000000021],[33.02041000000003,40.61486000000025],[33.019890000000146,40.614660000000185],[33.02010000000013,40.61415000000045],[33.020570000000134,40.61369000000008],[33.02108000000004,40.612860000000296],[33.022210000000086,40.61349000000041],[33.02253000000013,40.613420000000076],[33.022770000000094,40.6131900000006],[33.02235000000013,40.61275000000006],[33.02195000000006,40.61272000000008],[33.022000000000105,40.61237000000028],[33.0218000000001,40.612310000000264],[33.021810000000244,40.61186000000015],[33.0216700000002,40.61186000000015],[33.02194000000014,40.61118000000056],[33.022310000000175,40.61120000000011],[33.02253000000013,40.61084000000017],[33.02281000000016,40.61062000000027],[33.02318000000008,40.6108200000001],[33.02360000000016,40.610810000000356],[33.023760000000095,40.61015000000009],[33.02464000000009,40.60985000000011],[33.02428000000015,40.60934000000037],[33.02454000000017,40.609230000000366],[33.024630000000116,40.6092900000005],[33.0270000000001,40.60851000000008],[33.02629000000019,40.608120000000326],[33.02629000000019,40.60771000000051],[33.025900000000036,40.607220000000325],[33.02668000000011,40.60697000000039],[33.027110000000164,40.606730000000425],[33.028250000000185,40.60767000000004],[33.02824000000004,40.607570000000294],[33.027970000000096,40.60733000000033],[33.02761000000015,40.60650000000004],[33.0282600000001,40.606450000000166],[33.02848000000017,40.60545000000042],[33.02792000000005,40.60543000000018],[33.02750000000009,40.60554000000019],[33.027350000000126,40.60526000000033],[33.0270000000001,40.60544000000027],[33.02660000000026,40.60488000000015],[33.02698000000004,40.604750000000195],[33.02676000000014,40.6044500000001],[33.026490000000194,40.60373000000021],[33.02629000000019,40.60355000000021],[33.02747000000011,40.60196000000013],[33.03322000000014,40.60434000000021],[33.03363000000013,40.60495000000026],[33.03371000000021,40.60544000000027],[33.03413000000012,40.60601000000054],[33.03419000000014,40.606320000000096],[33.03441000000004,40.60659000000021],[33.03496000000007,40.60680000000053],[33.03685000000013,40.60832000000039],[33.03853000000004,40.61057000000039],[33.03861000000006,40.6105300000001],[33.042810000000145,40.613050000000385],[33.043960000000084,40.613880000000165],[33.04458000000005,40.614130000000216],[33.04481000000004,40.61442000000005],[33.04519000000005,40.61460000000005],[33.04576000000014,40.61522000000019],[33.04545000000007,40.61603000000042],[33.04713000000015,40.61637000000013],[33.04720000000009,40.616240000000175],[33.04742000000016,40.616210000000365],[33.047550000000115,40.61600000000004],[33.04791000000006,40.61595000000017],[33.04812000000021,40.61570000000012],[33.04822000000013,40.61592000000053],[33.048020000000065,40.61663000000033],[33.04809000000017,40.61700000000036],[33.047990000000084,40.61811000000017],[33.04831000000013,40.618160000000046],[33.05035000000015,40.61749000000003],[33.05026000000015,40.61761000000041],[33.050370000000214,40.61839000000026],[33.05027000000007,40.618660000000034],[33.05016000000006,40.6185900000001],[33.049870000000055,40.61932000000047],[33.049750000000074,40.620510000000195],[33.04915000000017,40.62041000000005],[33.04871000000014,40.620640000000265],[33.04936000000009,40.62102000000044],[33.04982000000018,40.62117000000006],[33.050530000000094,40.62108000000006],[33.05165000000005,40.621260000000404],[33.05214000000012,40.62146000000007],[33.05191000000008,40.62182000000041],[33.052420000000154,40.62202000000008],[33.05330000000015,40.62212000000051],[33.053220000000124,40.62193000000042],[33.05362000000014,40.6219700000002],[33.0539100000002,40.621900000000096],[33.054120000000125,40.62207000000012],[33.0551200000001,40.62217000000038]]],"type":"Polygon"}},{"type":"Feature","properties":{"area_id":"TR-18-010-2008934","name_tr":"Sakarcaören Köyü","area_level":"neighbourhood","parent_id":"TR-18-010","endeksa_id":2008934},"geometry":{"coordinates":[[[33.146580000000256,40.63358000000085],[33.14617000000027,40.63384000000053],[33.14614000000029,40.63417000000027],[33.14625000000029,40.63471000000055],[33.14567000000028,40.63506000000109],[33.1458600000002,40.635440000000415],[33.1454200000004,40.6356200000007],[33.145060000000285,40.63602000000094],[33.14486000000022,40.635880000000725],[33.14038000000028,40.63546000000025],[33.13520000000034,40.634420000000205],[33.13362000000035,40.633710000000406],[33.13204000000036,40.63218000000029],[33.130450000000224,40.63131000000061],[33.12555000000037,40.62999000000082],[33.12439000000029,40.62768000000028],[33.12408000000022,40.6272900000007],[33.121000000000265,40.625340000000335],[33.12069000000042,40.62499000000065],[33.12058000000036,40.62455000000051],[33.12068000000028,40.62435000000045],[33.12023000000033,40.62395000000021],[33.116140000000314,40.62146000000024],[33.1159600000002,40.62047000000058],[33.11586000000028,40.618070000000785],[33.11563000000024,40.617880000000866],[33.11354453488747,40.616891201887086],[33.11476415143528,40.614112155203145],[33.1167140000004,40.61044700000048],[33.11716910000041,40.6099969000004],[33.117684000000395,40.60971030000081],[33.12567331210454,40.60588528995771],[33.127638000000445,40.6048557000006],[33.12910020000044,40.60299850000041],[33.12992210000044,40.60085690000085],[33.13160330000045,40.59884290000048],[33.13201161551871,40.5978031532448],[33.14175000000046,40.59040000000073],[33.141690000000494,40.590160000000765],[33.141900000000476,40.58981000000057],[33.14235000000059,40.589530000000536],[33.142220000000464,40.58934000000045],[33.14208000000042,40.589320000000896],[33.142030000000375,40.58916000000079],[33.1422900000004,40.589140000000555],[33.14238000000057,40.58902000000057],[33.14218000000051,40.58894000000072],[33.14219000000048,40.588700000000756],[33.142340000000445,40.588640000000396],[33.142460000000426,40.588700000000756],[33.14257000000049,40.58855000000062],[33.14259000000055,40.5882000000006],[33.14362000000051,40.58810000000085],[33.1437200000006,40.58792000000051],[33.14399000000054,40.5880000000011],[33.14482000000049,40.58772000000067],[33.14499000000052,40.587770000000546],[33.14501000000058,40.587950000000546],[33.14518000000044,40.58802000000048],[33.14554000000055,40.58797000000038],[33.14557000000053,40.58779000000078],[33.14591000000041,40.58749000000046],[33.146030000000394,40.58748000000071],[33.1461000000005,40.587620000000925],[33.14627000000053,40.58763000000067],[33.14645000000053,40.58747000000045],[33.14722000000046,40.58764000000065],[33.14732000000038,40.58748000000071],[33.14709000000056,40.58727000000073],[33.1474900000004,40.58692000000076],[33.147510000000466,40.586680000000456],[33.1477429772433,40.586446483355985],[33.14609117031881,40.58474185401377],[33.14600000000041,40.58482000000089],[33.14582000000041,40.584670000000756],[33.14527000000038,40.58466000000078],[33.144360000000404,40.58433000000048],[33.144670000000474,40.584030000000894],[33.14173000000045,40.582600000000866],[33.143269695354036,40.58183015232407],[33.14484000000033,40.58135000000084],[33.14557000000036,40.58098000000024],[33.14781000000022,40.579410000000394],[33.149800000000425,40.578480000000695],[33.151110000000244,40.57772000000051],[33.152220000000284,40.57686000000041],[33.15223000000037,40.57695000000058],[33.15275000000025,40.57660000000021],[33.15326000000033,40.577860000000726],[33.15324000000027,40.57838000000095],[33.152810000000215,40.57907000000051],[33.15317000000033,40.57954000000046],[33.153180000000305,40.57998000000049],[33.15292000000028,40.58035000000069],[33.15320000000037,40.580430000000206],[33.1552700000002,40.58052000000055],[33.15960000000035,40.57621000000063],[33.16076000000021,40.57691000000028],[33.16112000000038,40.576680000000465],[33.16168000000033,40.57665000000026],[33.16294000000033,40.5776500000004],[33.16242000000028,40.57822000000067],[33.16292000000027,40.578880000000595],[33.16138000000035,40.57951000000065],[33.16136000000034,40.57960000000048],[33.16203000000036,40.580430000000206],[33.16215000000034,40.580430000000206],[33.161980000000256,40.58240000000103],[33.16181000000023,40.58277000000055],[33.161450000000286,40.5830500000003],[33.16105000000027,40.583100000000684],[33.160150000000215,40.582940000000406],[33.15961000000027,40.584520000000396],[33.15942000000041,40.58588000000066],[33.1590400000004,40.58718000000022],[33.15636000000035,40.593010000000675],[33.15682000000021,40.59768000000071],[33.15639000000033,40.59904000000029],[33.16363000000035,40.59891000000033],[33.16481000000033,40.59854000000064],[33.164550000000304,40.59887000000094],[33.16688000000033,40.59909000000067],[33.16716000000025,40.59894000000054],[33.16787000000039,40.59892000000082],[33.168480000000216,40.59869000000043],[33.16904000000034,40.599230000000375],[33.168920000000355,40.59987000000041],[33.17023000000023,40.59983000000079],[33.171340000000214,40.59995000000026],[33.17132000000038,40.60052000000053],[33.17066000000028,40.6006500000006],[33.16998000000035,40.60071000000045],[33.16962000000041,40.600590000000295],[33.167000000000314,40.6003900000004],[33.16600000000034,40.601310000001035],[33.16610000000031,40.601310000001035],[33.165760000000205,40.604160000000434],[33.16833000000025,40.605120000000284],[33.168490000000304,40.607070000000306],[33.16748000000024,40.607130000000325],[33.166600000000244,40.607070000000306],[33.166340000000275,40.60785000000021],[33.166340000000275,40.60854000000097],[33.16568000000035,40.609330000000455],[33.16693000000021,40.61257000000063],[33.16914000000031,40.61347000000103],[33.16895000000039,40.6135900000005],[33.16936000000038,40.61371000000099],[33.16902000000033,40.61511000000047],[33.16705000000036,40.61638000000039],[33.16618000000034,40.61644000000092],[33.16462000000041,40.61710000000028],[33.16289000000023,40.61747000000037],[33.161700000000394,40.61835000000036],[33.16152000000022,40.61910000000023],[33.16187000000025,40.61933000000022],[33.16203000000036,40.61958000000067],[33.161790000000394,40.61982000000063],[33.16165000000035,40.620210000000384],[33.16105000000027,40.62010000000055],[33.158230000000344,40.621230000000764],[33.15825000000041,40.62196000000023],[33.156340000000284,40.62292000000025],[33.15517000000028,40.62387000000052],[33.15450000000027,40.62406000000061],[33.15437000000037,40.62443000000036],[33.148480000000234,40.6272900000007],[33.14353000000034,40.63029000000023],[33.14244000000036,40.630340000000274],[33.14198000000033,40.630460000000255],[33.14222000000029,40.63067000000041],[33.144440000000316,40.63165000000049],[33.146580000000256,40.63358000000085]]],"type":"Polygon"}},{"type":"Feature","properties":{"area_id":"TR-18-010-2008926","name_tr":"Karaağaç Köyü","area_level":"neighbourhood","parent_id":"TR-18-010","endeksa_id":2008926},"geometry":{"coordinates":[[[33.16623000000004,40.64207000000005],[33.166030000000205,40.64205000000038],[33.16599000000008,40.64216000000022],[33.16493000000014,40.6414900000002],[33.164710000000184,40.64150000000035],[33.164610000000096,40.64122000000009],[33.16497000000004,40.640680000000145],[33.16475000000014,40.64058000000023],[33.16443000000015,40.641080000000386],[33.16412000000008,40.64100000000019],[33.16395000000023,40.64150000000035],[33.16221000000013,40.64106000000015],[33.16038000000026,40.64128000000005],[33.1595700000002,40.641020000000424],[33.15704000000011,40.641450000000304],[33.156650000000184,40.64060000000046],[33.156800000000146,40.640430000000606],[33.15663000000012,40.640220000000284],[33.15607000000011,40.640370000000075],[33.154700000000105,40.638850000000616],[33.15433000000007,40.63874000000004],[33.15444000000008,40.638420000000565],[33.15390000000019,40.637680000000444],[33.15440000000018,40.63742000000025],[33.153950000000066,40.636740000000145],[33.153180000000134,40.63652000000042],[33.1522300000002,40.638020000000154],[33.15169000000009,40.63784000000021],[33.15062000000006,40.63855000000012],[33.151190000000156,40.63480000000021],[33.14911000000018,40.63608000000022],[33.147320000000036,40.63350000000008],[33.146580000000256,40.63358000000085],[33.144440000000316,40.63165000000049],[33.14222000000029,40.63067000000041],[33.14198000000033,40.630460000000255],[33.14244000000036,40.630340000000274],[33.14353000000034,40.63029000000023],[33.148480000000234,40.6272900000007],[33.15437000000037,40.62443000000036],[33.15450000000027,40.62406000000061],[33.15517000000028,40.62387000000052],[33.156340000000284,40.62292000000025],[33.15825000000041,40.62196000000023],[33.158230000000344,40.621230000000764],[33.16105000000027,40.62010000000055],[33.16165000000035,40.620210000000384],[33.161790000000394,40.61982000000063],[33.16203000000036,40.61958000000067],[33.16187000000025,40.61933000000022],[33.16152000000022,40.61910000000023],[33.161700000000394,40.61835000000036],[33.16289000000023,40.61747000000037],[33.16462000000041,40.61710000000028],[33.16618000000034,40.61644000000092],[33.16705000000036,40.61638000000039],[33.16902000000033,40.61511000000047],[33.16936000000038,40.61371000000099],[33.16895000000039,40.6135900000005],[33.16914000000031,40.61347000000103],[33.17197000000016,40.611780000000465],[33.176080000000184,40.61089000000004],[33.17897000000005,40.61299000000042],[33.18022000000008,40.61448000000007],[33.18184000000019,40.61557000000016],[33.18320000000011,40.61730000000034],[33.18451000000016,40.61806000000013],[33.18538000000018,40.61802000000023],[33.191930000000184,40.6204000000003],[33.194940000000145,40.62025000000017],[33.1981100000001,40.61929000000015],[33.202210000000036,40.61879000000067],[33.20474000000013,40.62000000000006],[33.20560000000023,40.62080000000071],[33.20610000000022,40.62165000000016],[33.20642000000004,40.62165000000016],[33.206610000000126,40.62195000000065],[33.205870000000175,40.62192000000033],[33.20502000000016,40.622560000000135],[33.203550000000064,40.622530000000324],[33.20170000000013,40.6228000000001],[33.20279000000005,40.62548000000015],[33.20143000000013,40.62731000000008],[33.199670000000026,40.62880000000041],[33.19889000000012,40.631230000000414],[33.198630000000094,40.631260000000054],[33.198720000000094,40.63141000000036],[33.197630000000174,40.634640000000445],[33.19554000000005,40.635560000000396],[33.19487000000004,40.63514000000009],[33.19412000000017,40.63518000000039],[33.18851000000018,40.638330000000224],[33.18492000000015,40.63797000000028],[33.18447000000003,40.63846000000035],[33.18390000000011,40.63877000000042],[33.18359000000004,40.6392400000002],[33.181460000000186,40.63992000000036],[33.18032000000022,40.639720000000125],[33.178300000000036,40.63997000000023],[33.17644000000013,40.64128000000005],[33.17611000000022,40.64110000000062],[33.17548000000011,40.64103000000051],[33.175230000000056,40.6408900000003],[33.17517000000004,40.64101000000028],[33.17308000000014,40.640560000000164],[33.171830000000114,40.64053000000035],[33.17043000000007,40.64097000000038],[33.17027000000019,40.64076000000023],[33.169140000000084,40.640960000000405],[33.169230000000084,40.64116000000007],[33.16884000000016,40.64134000000058],[33.169320000000084,40.64199000000036],[33.16878000000014,40.64197000000013],[33.168600000000026,40.641830000000084],[33.16782000000012,40.641700000000526],[33.167740000000094,40.641790000000185],[33.167210000000125,40.64164000000039],[33.16701000000006,40.64212000000032],[33.16623000000004,40.64207000000005]]],"type":"Polygon"}},{"type":"Feature","properties":{"area_id":"TR-18-010-2008936","name_tr":"Sancar Köyü","area_level":"neighbourhood","parent_id":"TR-18-010","endeksa_id":2008936},"geometry":{"coordinates":[[[33.18659000000008,40.66046000000023],[33.186820000000125,40.660690000000045],[33.18570000000017,40.661800000000255],[33.18540000000007,40.66189000000003],[33.184150000000216,40.66409000000016],[33.1832100000002,40.66517000000016],[33.18463000000014,40.66717000000045],[33.18073000000021,40.66761000000008],[33.18097000000017,40.666730000000314],[33.18097000000017,40.66646000000014],[33.180940000000135,40.66569000000021],[33.180680000000166,40.664960000000235],[33.18071000000015,40.66452000000004],[33.18058000000019,40.663850000000195],[33.18065000000013,40.66299000000009],[33.18132000000014,40.6623100000005],[33.17934000000014,40.66073000000051],[33.17893000000009,40.66063000000008],[33.17893000000009,40.66028000000023],[33.17929000000004,40.65987000000041],[33.17950000000019,40.659790000000214],[33.17853000000008,40.65901000000031],[33.17802000000012,40.65936000000016],[33.17791000000011,40.659230000000036],[33.17668000000009,40.65970000000004],[33.1770200000002,40.66067000000015],[33.176350000000184,40.66083000000026],[33.17574000000013,40.66070000000019],[33.176010000000076,40.65987000000041],[33.1751900000001,40.65863000000013],[33.17496000000011,40.65845000000019],[33.174590000000194,40.658370000000104],[33.17467000000005,40.6582600000001],[33.17408000000012,40.658110000000306],[33.17453000000023,40.657620000000406],[33.17413000000016,40.65718000000027],[33.17299000000014,40.65765000000005],[33.171770000000095,40.65788000000009],[33.17053000000021,40.65866000000011],[33.16947000000005,40.658000000000584],[33.168820000000096,40.65695000000039],[33.16630000000015,40.65624000000008],[33.164980000000185,40.657100000000185],[33.164490000000114,40.65655000000015],[33.164360000000045,40.65666000000056],[33.16444000000007,40.65673000000015],[33.1637300000001,40.65749000000034],[33.163740000000075,40.65757000000053],[33.16279000000014,40.65831000000014],[33.162260000000174,40.65804000000037],[33.16299000000021,40.65708000000012],[33.16437000000013,40.65570000000071],[33.16487000000012,40.6550400000001],[33.165660000000116,40.65491000000003],[33.167210000000125,40.653280000000166],[33.16685000000018,40.65252000000049],[33.167550000000176,40.652050000000145],[33.16850000000011,40.65167000000014],[33.1682100000001,40.65126000000015],[33.168730000000096,40.651080000000036],[33.1689329825827,40.65110832315111],[33.16876079295656,40.65103172590295],[33.16869165672739,40.650885787462755],[33.16876184336661,40.65074137292504],[33.168942654468026,40.65066446687848],[33.16744000000011,40.6508300000001],[33.16779000000014,40.6491400000001],[33.16735000000017,40.64866000000018],[33.1668600000001,40.64894000000004],[33.16580000000016,40.647920000000056],[33.167090000000144,40.64682000000016],[33.167240000000106,40.64707000000004],[33.168050000000164,40.64695000000006],[33.168270000000064,40.64652000000018],[33.16837000000015,40.645760000000394],[33.167560000000094,40.64608000000055],[33.16654000000011,40.64624000000032],[33.16530000000017,40.64721000000026],[33.16469000000018,40.64742000000058],[33.16432000000009,40.64691000000033],[33.165450000000135,40.64612000000034],[33.16525000000013,40.64580000000012],[33.16648000000009,40.64502000000027],[33.16586000000012,40.64445000000069],[33.166100000000085,40.64377000000019],[33.16595000000012,40.64351000000039],[33.16612000000015,40.64304000000004],[33.16623000000004,40.64207000000005],[33.16701000000006,40.64212000000032],[33.167210000000125,40.64164000000039],[33.167740000000094,40.641790000000185],[33.16782000000012,40.641700000000526],[33.168600000000026,40.641830000000084],[33.16878000000014,40.64197000000013],[33.169320000000084,40.64199000000036],[33.16884000000016,40.64134000000058],[33.169230000000084,40.64116000000007],[33.169140000000084,40.640960000000405],[33.17027000000019,40.64076000000023],[33.17043000000007,40.64097000000038],[33.171830000000114,40.64053000000035],[33.17308000000014,40.640560000000164],[33.17517000000004,40.64101000000028],[33.175230000000056,40.6408900000003],[33.17548000000011,40.64103000000051],[33.17611000000022,40.64110000000062],[33.17644000000013,40.64128000000005],[33.178300000000036,40.63997000000023],[33.18032000000022,40.639720000000125],[33.181460000000186,40.63992000000036],[33.18359000000004,40.6392400000002],[33.18390000000011,40.63877000000042],[33.18447000000003,40.63846000000035],[33.18492000000015,40.63797000000028],[33.18851000000018,40.638330000000224],[33.19412000000017,40.63518000000039],[33.19487000000004,40.63514000000009],[33.19554000000005,40.635560000000396],[33.197630000000174,40.634640000000445],[33.198720000000094,40.63141000000036],[33.198630000000094,40.631260000000054],[33.19889000000012,40.631230000000414],[33.20050000000015,40.63100000000054],[33.20679000000007,40.630740000000344],[33.2147700000001,40.630550000000255],[33.22507000000019,40.63017000000008],[33.22583000000003,40.62998000000016],[33.22859000000011,40.62856000000045],[33.22936000000004,40.62795000000028],[33.23144000000019,40.626610000000426],[33.23236000000014,40.6262100000007],[33.23348000000004,40.62548000000015],[33.23444000000006,40.62456000000009],[33.235170000000096,40.62412000000029],[33.24009000000024,40.62762000000015],[33.25869000000017,40.62834000000004],[33.24876000000012,40.649040000000355],[33.235050000000115,40.65088000000037],[33.217330000000175,40.65050000000036],[33.209340000000054,40.652660000000026],[33.207420000000184,40.65352000000013],[33.206270000000245,40.65444000000019],[33.205070000000035,40.654870000000244],[33.20299000000011,40.656540000000064],[33.200080000000185,40.65770000000009],[33.195640000000196,40.65974000000034],[33.19541000000015,40.66068000000064],[33.18975000000006,40.66000000000014],[33.18855000000008,40.660220000000265],[33.18768000000006,40.66015000000016],[33.18659000000008,40.66046000000023]]],"type":"Polygon"}},{"type":"Feature","properties":{"area_id":"TR-18-010-2008919","name_tr":"Elden Köyü","area_level":"neighbourhood","parent_id":"TR-18-010","endeksa_id":2008919},"geometry":{"coordinates":[[[32.99324000000013,40.67201000000017],[32.991820000000246,40.67231000000015],[32.99178000000012,40.672460000000456],[32.991120000000194,40.67204000000038],[32.990340000000174,40.67231000000015],[32.98842000000013,40.672460000000456],[32.98872000000006,40.67283000000015],[32.98618000000005,40.674870000000226],[32.98388000000017,40.674230000000534],[32.98356000000018,40.67393000000004],[32.98217000000005,40.673330000000135],[32.9802200000002,40.67201000000017],[32.97864000000004,40.67126000000064],[32.974850000000174,40.672150000000386],[32.97381000000007,40.672180000000196],[32.97204000000016,40.67204000000038],[32.969770000000096,40.67367000000041],[32.96951000000013,40.67318000000034],[32.96919000000008,40.67310000000015],[32.96917000000019,40.67284000000063],[32.96789000000018,40.67310000000015],[32.96577000000008,40.67331000000007],[32.964870000000076,40.67318000000034],[32.96424000000013,40.67341000000022],[32.96398000000016,40.673760000000186],[32.96450000000016,40.67508000000015],[32.96254000000016,40.676300000000026],[32.962020000000166,40.676450000000216],[32.9607400000001,40.676360000000045],[32.95963000000012,40.67659000000026],[32.95392000000015,40.68892000000028],[32.952760000000126,40.69032000000027],[32.95176000000015,40.692470000000526],[32.94744000000014,40.69487000000015],[32.93712000000011,40.69791000000015],[32.93097000000023,40.7017100000005],[32.92809000000011,40.70398000000006],[32.92750000000018,40.70316000000042],[32.92741000000018,40.702790000000334],[32.92660000000012,40.70206000000036],[32.925940000000026,40.70131000000009],[32.92588000000006,40.70100000000019],[32.92598663407068,40.70070254706644],[32.92590605768106,40.70014802884066],[32.92549000000014,40.699940000000424],[32.925470000000075,40.69985000000008],[32.925813632782024,40.699511970422066],[32.92558074114305,40.697909234695885],[32.925480000000164,40.69778000000008],[32.925549720561605,40.69769575432224],[32.92548564698029,40.697254806684214],[32.92480000000006,40.69697000000053],[32.9245600000001,40.69674000000015],[32.92469000000017,40.69601000000068],[32.9245600000001,40.6957400000004],[32.92444000000012,40.695070000000385],[32.92452000000014,40.6934500000001],[32.924240000000054,40.69317000000018],[32.92421000000007,40.69297000000017],[32.92430000000007,40.69274000000013],[32.92459000000008,40.692410000000166],[32.924716721254526,40.691963140840016],[32.92465240059073,40.69152049280768],[32.92417000000012,40.691420000000335],[32.92452000000014,40.690980000000195],[32.92445666861255,40.69053600467009],[32.9229900000002,40.689720000000364],[32.92284406402524,40.68943636807353],[32.921839618175056,40.688751487928926],[32.92158000000006,40.688760000000514],[32.92112000000003,40.688570000000425],[32.91997000000009,40.68771000000032],[32.91746000000006,40.68654000000015],[32.91685000000024,40.686060000000225],[32.916550000000086,40.68565000000041],[32.91598000000016,40.68511000000035],[32.91542000000004,40.68477000000007],[32.91517238846819,40.684205445707335],[32.91415425809481,40.683511270312124],[32.91394000000014,40.683430000000044],[32.910510000000045,40.684670000000324],[32.909370000000195,40.68459000000013],[32.90894000000014,40.684820000000116],[32.908219046450654,40.68478553849059],[32.9073576044874,40.68499573394257],[32.907130000000166,40.68517000000048],[32.90650000000005,40.685230000000104],[32.90640096134916,40.68510765813761],[32.902165100520506,40.68300932998602],[32.90100000000007,40.68285000000037],[32.90017000000017,40.68233000000015],[32.89976787335672,40.68182181003556],[32.89899011905453,40.68143653209199],[32.89767000000006,40.68158000000045],[32.896450000000186,40.68147000000005],[32.89613000000003,40.681530000000066],[32.89488475899924,40.68138407332026],[32.894100000000094,40.6820100000005],[32.89389000000011,40.681820000000414],[32.89325000000014,40.68081000000018],[32.8921400000001,40.679700000000366],[32.891150000000096,40.679120000000125],[32.89088000000015,40.678810000000055],[32.89026000000018,40.67841000000038],[32.88940000000008,40.67748000000017],[32.888090000000034,40.67716000000013],[32.887770000000046,40.67682000000025],[32.88760000000019,40.676360000000045],[32.88745000000017,40.676240000000575],[32.88696000000016,40.676240000000575],[32.88659000000007,40.6763500000003],[32.88590000000022,40.676140000000146],[32.88510000000008,40.67609000000027],[32.884520000000066,40.676270000000216],[32.88411000000008,40.6760400000004],[32.8835000000002,40.67544000000032],[32.88290000000012,40.675340000000176],[32.88266000000016,40.675180000000296],[32.88123000000019,40.67484000000019],[32.88101000000006,40.67530000000028],[32.876590000000135,40.67138000000011],[32.87091000000015,40.66863000000046],[32.86538412879901,40.66693437029733],[32.8652400000002,40.66652000000067],[32.8652400000002,40.665580000000375],[32.86472000000015,40.663290000000075],[32.86425000000014,40.662300000000414],[32.86428000000012,40.6616300000004],[32.8646700000001,40.66089000000028],[32.865540000000124,40.66003000000018],[32.86630000000014,40.65881000000013],[32.8664791403084,40.657840316301986],[32.86542000000014,40.65823000000006],[32.86402000000015,40.65850000000006],[32.863210000000095,40.6584100000004],[32.86204000000009,40.658000000000584],[32.861450000000104,40.65789000000018],[32.85946000000013,40.658060000000035],[32.85867000000013,40.65778000000017],[32.85741000000013,40.657720000000154],[32.856890000000135,40.65789000000018],[32.85737000000006,40.656230000000505],[32.85826000000014,40.65568000000047],[32.858500000000106,40.65526000000017],[32.86172000000005,40.65513000000044],[32.86416883899159,40.64984250683091],[32.86423000000008,40.648390000000404],[32.86392000000018,40.64687000000055],[32.86908000000011,40.644640000000095],[32.87456000000003,40.641730000000166],[32.884740000000136,40.636710000000335],[32.891990000000135,40.63301000000058],[32.89795000000015,40.62780000000009],[32.902960000000064,40.619030000000635],[32.90538000000009,40.612310000000264],[32.90979000000016,40.613670000000525],[32.91533000000004,40.61584000000033],[32.928020000000174,40.61910000000006],[32.937090000000126,40.61948000000024],[32.93665000000016,40.62518000000006],[32.9379100000001,40.62660000000028],[32.938230000000146,40.62802000000016],[32.940040000000124,40.63098000000031],[32.94206000000014,40.63272000000006],[32.942320000000166,40.63375000000019],[32.94272000000018,40.634210000000394],[32.94262000000009,40.63444000000027],[32.94235000000015,40.634670000000085],[32.942420000000084,40.6356700000004],[32.94301000000024,40.63621000000035],[32.943160000000034,40.636620000000164],[32.9439900000001,40.63704000000007],[32.94405000000012,40.6371700000002],[32.94389000000018,40.6373200000005],[32.9440800000001,40.63757000000004],[32.94410000000016,40.638010000000065],[32.94428000000016,40.638110000000495],[32.944430000000125,40.63805000000036],[32.94457000000017,40.637740000000065],[32.944710000000214,40.63766000000021],[32.94503000000003,40.637670000000355],[32.94507000000016,40.63788000000011],[32.946360000000084,40.63873000000012],[32.94640000000004,40.63896000000034],[32.94695000000007,40.6394200000002],[32.94761000000017,40.63933000000054],[32.948210000000074,40.6396400000001],[32.949080000000095,40.6396400000001],[32.94935000000004,40.63943000000029],[32.949610000000064,40.6394200000002],[32.94981000000013,40.63953000000021],[32.950160000000096,40.639470000000074],[32.95108000000022,40.63896000000034],[32.95161000000019,40.63884000000013],[32.952150000000074,40.638880000000256],[32.954310000000135,40.63935000000009],[32.955000000000155,40.639290000000074],[32.95600000000013,40.6388900000004],[32.96112000000011,40.63887000000017],[32.962860000000035,40.63911000000013],[32.964380000000176,40.63954000000018],[32.96503000000013,40.64007000000015],[32.96770000000009,40.646960000000206],[32.975320000000124,40.64730000000009],[32.97534000000019,40.64738000000011],[32.975900000000195,40.649010000000146],[32.97775000000013,40.65068000000031],[32.9804400000001,40.65293000000031],[32.98090000000013,40.65349000000009],[32.98048000000006,40.653810000000135],[32.98283000000015,40.6563000000001],[32.98459000000014,40.65692000000007],[32.98514000000017,40.657870000000344],[32.98565000000008,40.6582600000001],[32.98626000000007,40.65853000000038],[32.98632000000009,40.65888000000024],[32.986650000000225,40.6591600000001],[32.988390000000095,40.660010000000625],[32.98852000000005,40.660220000000265],[32.98824000000013,40.66076000000015],[32.98883000000012,40.66079000000036],[32.98893000000004,40.66121000000044],[32.98856000000012,40.66167000000013],[32.98771000000016,40.66239000000019],[32.98722000000009,40.662150000000054],[32.98695000000015,40.66265000000021],[32.98680000000019,40.66319000000016],[32.987300000000175,40.663470000000416],[32.988760000000184,40.66359000000017],[32.9885500000002,40.664130000000455],[32.988820000000146,40.66424000000035],[32.988540000000114,40.66483000000011],[32.98899000000017,40.66501000000011],[32.98911000000015,40.665280000000394],[32.98958000000016,40.66557000000023],[32.99014000000011,40.666230000000155],[32.99127000000021,40.667970000000025],[32.99132000000009,40.6681300000003],[32.99100000000004,40.66840000000008],[32.99098000000021,40.668560000000355],[32.99123000000009,40.66956000000016],[32.99163000000016,40.670130000000256],[32.992070000000126,40.67058000000014],[32.99220000000025,40.67084000000017],[32.993750000000034,40.671690000000694],[32.99349000000018,40.67177000000021],[32.99324000000013,40.67201000000017]]],"type":"Polygon"}},{"type":"Feature","properties":{"area_id":"TR-18-010-2008914","name_tr":"Buğurören Köyü","area_level":"neighbourhood","parent_id":"TR-18-010","endeksa_id":2008914},"geometry":{"coordinates":[[[33.020820000000185,40.6363800000002],[33.02078000000006,40.63649000000004],[33.0198000000002,40.63698000000011],[33.01765000000012,40.63793000000015],[33.01875000000018,40.6388900000004],[33.0196200000002,40.640020000000106],[33.01888000000008,40.6402800000003],[33.018900000000144,40.640560000000164],[33.01870000000014,40.64113000000026],[33.01869000000016,40.641790000000185],[33.01839000000024,40.642220000000236],[33.01838000000009,40.6426100000005],[33.01799000000017,40.642970000000446],[33.01798000000025,40.64351000000039],[33.01780000000008,40.64392000000021],[33.018030000000124,40.64407000000051],[33.01804000000004,40.64429000000024],[33.017350000000135,40.6447900000004],[33.01716000000005,40.64459000000022],[33.01655000000005,40.64503000000036],[33.01665000000014,40.64525000000009],[33.01654000000008,40.64543000000009],[33.016610000000185,40.64593000000025],[33.015180000000214,40.64659000000012],[33.015960000000064,40.647460000000365],[33.01507000000015,40.64796000000035],[33.01517000000007,40.648110000000145],[33.01500000000004,40.64821000000006],[33.015210000000195,40.64847000000009],[33.01538000000005,40.64845000000054],[33.01570000000004,40.64894000000004],[33.01545000000016,40.64921000000021],[33.015770000000146,40.64955000000009],[33.01532000000003,40.6499300000001],[33.01529000000005,40.65039000000047],[33.014680000000226,40.650650000000155],[33.01424000000003,40.65067000000022],[33.01390000000015,40.6507900000002],[33.01380000000006,40.651000000000124],[33.013320000000135,40.65124000000009],[33.01344000000012,40.65256000000028],[33.013570000000186,40.65295000000003],[33.01359000000008,40.653720000000305],[33.01351000000005,40.65396000000027],[33.01361000000014,40.654430000000104],[33.0133800000001,40.65553000000017],[33.01395000000019,40.656230000000505],[33.01405000000011,40.656450000000234],[33.014070000000174,40.657280000000696],[33.01466000000016,40.65783000000005],[33.01470000000006,40.65832000000006],[33.01458000000008,40.65850000000006],[33.013980000000174,40.65879000000007],[33.01317000000017,40.65937000000025],[33.01256000000012,40.660100000000284],[33.01189000000011,40.6605900000003],[33.01161000000019,40.66111000000069],[33.010900000000106,40.66173000000015],[33.01037000000014,40.66250000000059],[33.00835000000012,40.66365000000053],[33.00755000000004,40.66492000000045],[33.00663000000009,40.667600000000505],[33.00755000000004,40.66767000000061],[33.00807000000003,40.66784000000047],[33.008210000000076,40.6685700000001],[33.00940000000014,40.66851000000048],[33.00984000000011,40.66822000000013],[33.01181153389041,40.667797069716414],[33.01188903800005,40.68909246200013],[33.011736764000034,40.68919016000007],[33.00927430200005,40.68885599200064],[33.00464261400015,40.68420958000024],[33.00202514500006,40.67841973100036],[32.998830489000056,40.678588933000185],[32.99810000000008,40.675750000000164],[32.99697000000003,40.6733500000002],[32.996560000000215,40.674100000000294],[32.995510000000195,40.673730000000376],[32.9958000000002,40.67292000000015],[32.99324000000013,40.67201000000017],[32.99349000000018,40.67177000000021],[32.993750000000034,40.671690000000694],[32.99220000000025,40.67084000000017],[32.992070000000126,40.67058000000014],[32.99163000000016,40.670130000000256],[32.99123000000009,40.66956000000016],[32.99098000000021,40.668560000000355],[32.99100000000004,40.66840000000008],[32.99132000000009,40.6681300000003],[32.99127000000021,40.667970000000025],[32.99014000000011,40.666230000000155],[32.98958000000016,40.66557000000023],[32.98911000000015,40.665280000000394],[32.98899000000017,40.66501000000011],[32.988540000000114,40.66483000000011],[32.988820000000146,40.66424000000035],[32.9885500000002,40.664130000000455],[32.988760000000184,40.66359000000017],[32.987300000000175,40.663470000000416],[32.98680000000019,40.66319000000016],[32.98695000000015,40.66265000000021],[32.98722000000009,40.662150000000054],[32.98771000000016,40.66239000000019],[32.98856000000012,40.66167000000013],[32.98893000000004,40.66121000000044],[32.98883000000012,40.66079000000036],[32.98824000000013,40.66076000000015],[32.98852000000005,40.660220000000265],[32.988390000000095,40.660010000000625],[32.986650000000225,40.6591600000001],[32.98632000000009,40.65888000000024],[32.98626000000007,40.65853000000038],[32.98565000000008,40.6582600000001],[32.98514000000017,40.657870000000344],[32.98459000000014,40.65692000000007],[32.98283000000015,40.6563000000001],[32.98048000000006,40.653810000000135],[32.98090000000013,40.65349000000009],[32.9804400000001,40.65293000000031],[32.97775000000013,40.65068000000031],[32.975900000000195,40.649010000000146],[32.97534000000019,40.64738000000011],[32.975620000000106,40.643250000000194],[32.97555000000017,40.63698000000011],[32.97564000000017,40.636750000000234],[32.97558000000015,40.63658000000038],[32.975590000000125,40.63384000000036],[32.97549000000015,40.63324000000006],[32.97560000000004,40.63269000000042],[32.975500000000125,40.632410000000164],[32.97596000000016,40.63130000000035],[32.977020000000095,40.63044000000042],[32.97741000000025,40.629460000000336],[32.97746000000012,40.62904000000037],[32.97763000000015,40.62871000000007],[32.9778800000002,40.62850000000009],[32.97948000000008,40.62842000000023],[32.98029000000014,40.628540000000214],[32.98099000000013,40.62824000000029],[32.98547000000008,40.627270000000294],[32.986280000000136,40.627270000000294],[32.9876000000001,40.6264000000001],[32.98842000000013,40.62654000000032],[32.988580000000184,40.6264800000003],[32.9887300000002,40.62657000000013],[32.99001000000004,40.62650000000053],[32.991110000000106,40.62703000000033],[32.99144000000007,40.62709000000035],[32.991390000000195,40.62743000000006],[32.99228000000011,40.62744000000015],[32.99242000000015,40.62741000000051],[32.992440000000215,40.62732000000017],[32.99206000000021,40.626620000000514],[32.99274000000014,40.62649000000005],[32.99272000000008,40.62613000000033],[32.9931600000001,40.62609000000003],[32.99339000000009,40.62596000000008],[32.99369000000007,40.626610000000426],[32.99462000000011,40.626640000000066],[32.9947600000001,40.62679000000037],[32.9948100000002,40.627080000000205],[32.99522000000019,40.62781000000024],[32.998300000000086,40.62717000000055],[32.99863000000005,40.627830000000074],[32.99967000000015,40.627260000000206],[32.99996000000016,40.627270000000294],[33.00061000000011,40.62793000000022],[33.00163000000009,40.62821000000008],[33.00191000000018,40.62811000000016],[33.003850000000114,40.628230000000144],[33.005210000000034,40.62856000000045],[33.004990000000134,40.62918000000059],[33.00751000000008,40.62958000000032],[33.00800000000015,40.62956000000008],[33.00813000000005,40.629770000000406],[33.00803000000013,40.62997000000007],[33.008180000000095,40.630240000000185],[33.009320000000116,40.63002000000046],[33.009630000000186,40.630090000000564],[33.01106000000016,40.62953000000027],[33.01882000000012,40.630210000000545],[33.02326000000011,40.63048000000015],[33.020820000000185,40.6363800000002]]],"type":"Polygon"}},{"type":"Feature","properties":{"area_id":"TR-18-010-2008918","name_tr":"Doğanlar Köyü","area_level":"neighbourhood","parent_id":"TR-18-010","endeksa_id":2008918},"geometry":{"coordinates":[[[33.24876000000012,40.649040000000355],[33.23007000000018,40.66931000000005],[33.230280000000164,40.66987000000006],[33.23032000000006,40.670320000000345],[33.22983000000005,40.67051000000026],[33.229560000000106,40.670880000000466],[33.22943000000015,40.67193000000066],[33.22919000000019,40.6727800000001],[33.228760000000136,40.67279000000008],[33.22875000000005,40.6735700000001],[33.22883000000007,40.67389000000014],[33.22868000000011,40.67458000000039],[33.228980000000035,40.67464000000035],[33.22933000000006,40.67524000000026],[33.22892000000007,40.675400000000195],[33.22843000000017,40.67546000000016],[33.228360000000066,40.67628000000036],[33.22816000000006,40.67622000000034],[33.22787000000005,40.677110000000084],[33.227810000000034,40.6775800000006],[33.22253000000018,40.68113000000017],[33.221800000000144,40.68144000000024],[33.22132000000005,40.68145000000038],[33.221020000000124,40.68155000000013],[33.22087000000016,40.68198000000018],[33.221020000000124,40.68222000000014],[33.22129000000007,40.68236000000036],[33.221490000000074,40.68233000000015],[33.22174000000018,40.68257000000011],[33.22143000000011,40.683120000000145],[33.2215300000002,40.68334000000027],[33.22073000000012,40.68347000000051],[33.22101000000015,40.68353000000036],[33.22112000000004,40.68368000000015],[33.221050000000105,40.68412000000029],[33.22057000000018,40.68442000000027],[33.220960000000105,40.68492000000043],[33.220800000000224,40.68617000000012],[33.2206300000002,40.68626000000029],[33.219910000000084,40.686210000000415],[33.21921000000009,40.686890000000176],[33.21912000000009,40.68738000000019],[33.21883000000008,40.68791000000016],[33.21905000000021,40.68796000000003],[33.21915000000013,40.68926000000067],[33.21865000000014,40.68936000000042],[33.218940000000146,40.68963000000019],[33.2189800000001,40.68978000000038],[33.218910000000164,40.68995000000024],[33.218760000000145,40.68997000000007],[33.218540000000075,40.690360000000055],[33.21813000000009,40.69245000000029],[33.21060000000023,40.69658000000027],[33.208470000000204,40.6974800000001],[33.206430000000125,40.69853000000029],[33.20555000000019,40.69884000000036],[33.2050500000002,40.69937000000016],[33.204070000000115,40.69955000000016],[33.20343000000008,40.6994600000005],[33.20272000000011,40.70008000000064],[33.19970000000018,40.69915000000043],[33.19843000000009,40.69921000000005],[33.1987000000002,40.70030000000037],[33.19675000000018,40.70060000000035],[33.1950700000001,40.70110000000034],[33.194320000000175,40.70150000000018],[33.193980000000124,40.700460000000135],[33.192180000000064,40.6982500000002],[33.19245000000018,40.69772000000006],[33.19296000000014,40.695940000000064],[33.19319000000013,40.69459000000029],[33.193790000000035,40.69332000000014],[33.19413000000009,40.69341000000014],[33.19442000000015,40.69307000000043],[33.19449000000003,40.69290000000058],[33.19405000000006,40.69274000000013],[33.195210000000145,40.69026000000031],[33.190730000000144,40.68654000000015],[33.187250000000176,40.68303000000037],[33.1864700000001,40.68261000000041],[33.18794000000008,40.68093000000067],[33.18865000000022,40.67877000000033],[33.18930000000017,40.67388000000017],[33.18993000000006,40.67168000000004],[33.18992000000014,40.67160000000035],[33.18968000000018,40.671560000000056],[33.18703000000011,40.670230000000174],[33.18736000000024,40.66901000000064],[33.187040000000195,40.668590000000165],[33.18463000000014,40.66717000000045],[33.1832100000002,40.66517000000016],[33.184150000000216,40.66409000000016],[33.18540000000007,40.66189000000003],[33.18570000000017,40.661800000000255],[33.186820000000125,40.660690000000045],[33.18659000000008,40.66046000000023],[33.18768000000006,40.66015000000016],[33.18855000000008,40.660220000000265],[33.18975000000006,40.66000000000014],[33.19541000000015,40.66068000000064],[33.195640000000196,40.65974000000034],[33.200080000000185,40.65770000000009],[33.20299000000011,40.656540000000064],[33.205070000000035,40.654870000000244],[33.206270000000245,40.65444000000019],[33.207420000000184,40.65352000000013],[33.209340000000054,40.652660000000026],[33.217330000000175,40.65050000000036],[33.235050000000115,40.65088000000037],[33.24876000000012,40.649040000000355]]],"type":"Polygon"}},{"type":"Feature","properties":{"area_id":"TR-18-010-2008929","name_tr":"Kırsakal Köyü","area_level":"neighbourhood","parent_id":"TR-18-010","endeksa_id":2008929},"geometry":{"coordinates":[[[33.15557000000018,40.66325000000012],[33.151260000000036,40.664650000000165],[33.15041000000008,40.66479000000038],[33.14988000000011,40.663170000000605],[33.149210000000096,40.66314000000028],[33.14874000000009,40.66247000000027],[33.14839000000012,40.66237000000035],[33.147950000000094,40.66175000000038],[33.14730000000014,40.662020000000666],[33.145400000000166,40.66192000000024],[33.14492000000024,40.662050000000306],[33.143080000000054,40.662120000000414],[33.142460000000085,40.66234000000014],[33.142120000000205,40.66256000000004],[33.140790000000095,40.66263000000015],[33.140010000000245,40.662120000000414],[33.13981000000018,40.661840000000154],[33.13904000000008,40.66122000000041],[33.13782000000003,40.65997000000016],[33.13747000000018,40.65936000000016],[33.13690000000014,40.658890000000326],[33.136610000000076,40.65879000000007],[33.135430000000156,40.65869000000015],[33.13535000000013,40.65804000000037],[33.13558000000012,40.65758000000011],[33.13494000000014,40.656480000000045],[33.13424000000009,40.655950000000075],[33.13387000000006,40.65543000000042],[33.13399000000004,40.655180000000314],[33.13397000000015,40.65498000000014],[33.13358000000005,40.65467000000007],[33.13369000000006,40.65367000000043],[33.13356000000016,40.65351000000015],[33.13319000000013,40.65342000000038],[33.134440000000154,40.65275000000037],[33.13619000000017,40.65126000000015],[33.1328400000001,40.65038000000038],[33.13101000000023,40.649470000000406],[33.12818000000016,40.64785000000063],[33.128060000000175,40.64788000000027],[33.12758000000008,40.64841000000007],[33.127010000000155,40.6477900000001],[33.12677000000019,40.64770000000033],[33.126480000000186,40.647650000000056],[33.12576000000013,40.64773000000014],[33.125000000000114,40.64751000000024],[33.12449000000004,40.6475300000003],[33.12404000000009,40.648020000000486],[33.12309000000022,40.64738000000011],[33.12250000000006,40.64794000000029],[33.1215600000001,40.64718000000062],[33.12185000000011,40.64687000000055],[33.12068000000011,40.64599000000021],[33.12085000000013,40.64578000000006],[33.11875000000009,40.645080000000235],[33.119080000000054,40.64425000000011],[33.11986000000013,40.64320000000032],[33.12006000000014,40.64295000000021],[33.121890000000235,40.64413000000036],[33.12286000000017,40.64491000000038],[33.12532000000016,40.64643000000041],[33.127590000000225,40.645360000000665],[33.131370000000175,40.64643000000041],[33.13340000000005,40.64690000000019],[33.13397000000015,40.64595000000031],[33.13607000000019,40.6452800000003],[33.137970000000166,40.645200000000216],[33.13882000000018,40.6455000000002],[33.13928000000004,40.645070000000146],[33.13855000000024,40.644770000000165],[33.13855000000024,40.64459000000022],[33.13872000000009,40.64437000000032],[33.138470000000154,40.64407000000051],[33.13829000000021,40.643280000000516],[33.13801000000012,40.64270000000016],[33.13801000000012,40.642350000000306],[33.13771000000014,40.642010000000596],[33.13768000000016,40.64017000000041],[33.137940000000185,40.640120000000536],[33.136790000000076,40.63887000000017],[33.1368300000002,40.638760000000275],[33.13756000000018,40.638570000000186],[33.13833000000011,40.63813000000005],[33.13920000000019,40.63809000000026],[33.13922000000025,40.6381800000006],[33.14069000000018,40.63784000000021],[33.14192000000014,40.63742000000025],[33.14188000000024,40.63765000000012],[33.14209000000017,40.637680000000444],[33.14337000000006,40.63697000000013],[33.14368000000013,40.637030000000664],[33.1438100000002,40.63697000000013],[33.14396000000022,40.636650000000486],[33.144130000000246,40.636560000000145],[33.14455000000015,40.63667000000004],[33.14464000000015,40.636090000000365],[33.14486000000022,40.635880000000725],[33.145060000000285,40.63602000000094],[33.1454200000004,40.6356200000007],[33.1458600000002,40.635440000000415],[33.14567000000028,40.63506000000109],[33.14625000000029,40.63471000000055],[33.14614000000029,40.63417000000027],[33.14617000000027,40.63384000000053],[33.146580000000256,40.63358000000085],[33.147320000000036,40.63350000000008],[33.14911000000018,40.63608000000022],[33.151190000000156,40.63480000000021],[33.15062000000006,40.63855000000012],[33.15169000000009,40.63784000000021],[33.1522300000002,40.638020000000154],[33.153180000000134,40.63652000000042],[33.153950000000066,40.636740000000145],[33.15440000000018,40.63742000000025],[33.15390000000019,40.637680000000444],[33.15444000000008,40.638420000000565],[33.15433000000007,40.63874000000004],[33.154700000000105,40.638850000000616],[33.15607000000011,40.640370000000075],[33.15663000000012,40.640220000000284],[33.156800000000146,40.640430000000606],[33.156650000000184,40.64060000000046],[33.15704000000011,40.641450000000304],[33.1595700000002,40.641020000000424],[33.16038000000026,40.64128000000005],[33.16221000000013,40.64106000000015],[33.16395000000023,40.64150000000035],[33.16412000000008,40.64100000000019],[33.16443000000015,40.641080000000386],[33.16475000000014,40.64058000000023],[33.16497000000004,40.640680000000145],[33.164610000000096,40.64122000000009],[33.164710000000184,40.64150000000035],[33.16493000000014,40.6414900000002],[33.16599000000008,40.64216000000022],[33.166030000000205,40.64205000000038],[33.16623000000004,40.64207000000005],[33.16612000000015,40.64304000000004],[33.16595000000012,40.64351000000039],[33.166100000000085,40.64377000000019],[33.16586000000012,40.64445000000069],[33.16648000000009,40.64502000000027],[33.16525000000013,40.64580000000012],[33.165450000000135,40.64612000000034],[33.16432000000009,40.64691000000033],[33.16469000000018,40.64742000000058],[33.16530000000017,40.64721000000026],[33.16654000000011,40.64624000000032],[33.167560000000094,40.64608000000055],[33.16837000000015,40.645760000000394],[33.168270000000064,40.64652000000018],[33.168050000000164,40.64695000000006],[33.167240000000106,40.64707000000004],[33.167090000000144,40.64682000000016],[33.16580000000016,40.647920000000056],[33.1668600000001,40.64894000000004],[33.16735000000017,40.64866000000018],[33.16779000000014,40.6491400000001],[33.16744000000011,40.6508300000001],[33.168943217204344,40.65066439132505],[33.16876184336661,40.65074137292504],[33.16869165672739,40.650885787462755],[33.16876079295656,40.65103172590295],[33.1689329825827,40.65110832315111],[33.168730000000096,40.651080000000036],[33.1682100000001,40.65126000000015],[33.16850000000011,40.65167000000014],[33.167550000000176,40.652050000000145],[33.16685000000018,40.65252000000049],[33.167210000000125,40.653280000000166],[33.165660000000116,40.65491000000003],[33.16487000000012,40.6550400000001],[33.16437000000013,40.65570000000071],[33.16299000000021,40.65708000000012],[33.16017000000011,40.660780000000386],[33.15557000000018,40.66325000000012]]],"type":"Polygon"}},{"type":"Feature","properties":{"area_id":"TR-18-010-2008930","name_tr":"Kısaç Köyü","area_level":"neighbourhood","parent_id":"TR-18-010","endeksa_id":2008930},"geometry":{"coordinates":[[[33.04524672228575,40.68567627211786],[33.0456060420002,40.69760733500027],[33.0456908070002,40.698059959000204],[33.045613098000274,40.69815238700039],[33.045475241000304,40.698136449000344],[33.04120075500032,40.69526877600032],[33.03431118200035,40.691564857000856],[33.03351637800034,40.6913590880003],[33.02178778000035,40.69048357400084],[33.012690526000256,40.68938888300005],[33.01255146800031,40.689446173000704],[33.012493831000086,40.68928967900001],[33.011736764000034,40.68919016000007],[33.01188903800005,40.68909246200013],[33.01181153389041,40.667797069716414],[33.00984000000011,40.66822000000013],[33.00940000000014,40.66851000000048],[33.008210000000076,40.6685700000001],[33.00807000000003,40.66784000000047],[33.00755000000004,40.66767000000061],[33.00663000000009,40.667600000000505],[33.00755000000004,40.66492000000045],[33.00835000000012,40.66365000000053],[33.01037000000014,40.66250000000059],[33.010900000000106,40.66173000000015],[33.01161000000019,40.66111000000069],[33.01189000000011,40.6605900000003],[33.01256000000012,40.660100000000284],[33.01317000000017,40.65937000000025],[33.013980000000174,40.65879000000007],[33.01458000000008,40.65850000000006],[33.01470000000006,40.65832000000006],[33.01466000000016,40.65783000000005],[33.014070000000174,40.657280000000696],[33.01405000000011,40.656450000000234],[33.01395000000019,40.656230000000505],[33.0133800000001,40.65553000000017],[33.01361000000014,40.654430000000104],[33.01351000000005,40.65396000000027],[33.01359000000008,40.653720000000305],[33.013570000000186,40.65295000000003],[33.01344000000012,40.65256000000028],[33.013320000000135,40.65124000000009],[33.01380000000006,40.651000000000124],[33.01390000000015,40.6507900000002],[33.01424000000003,40.65067000000022],[33.014680000000226,40.650650000000155],[33.01529000000005,40.65039000000047],[33.01532000000003,40.6499300000001],[33.015770000000146,40.64955000000009],[33.01545000000016,40.64921000000021],[33.01570000000004,40.64894000000004],[33.01538000000005,40.64845000000054],[33.015210000000195,40.64847000000009],[33.01500000000004,40.64821000000006],[33.01517000000007,40.648110000000145],[33.01507000000015,40.64796000000035],[33.015960000000064,40.647460000000365],[33.015180000000214,40.64659000000012],[33.016610000000185,40.64593000000025],[33.01654000000008,40.64543000000009],[33.01665000000014,40.64525000000009],[33.01655000000005,40.64503000000036],[33.01716000000005,40.64459000000022],[33.017350000000135,40.6447900000004],[33.01804000000004,40.64429000000024],[33.018030000000124,40.64407000000051],[33.01780000000008,40.64392000000021],[33.01798000000025,40.64351000000039],[33.01799000000017,40.642970000000446],[33.01838000000009,40.6426100000005],[33.01839000000024,40.642220000000236],[33.01869000000016,40.641790000000185],[33.01870000000014,40.64113000000026],[33.018900000000144,40.640560000000164],[33.01888000000008,40.6402800000003],[33.0196200000002,40.640020000000106],[33.01875000000018,40.6388900000004],[33.01765000000012,40.63793000000015],[33.0198000000002,40.63698000000011],[33.02078000000006,40.63649000000004],[33.020820000000185,40.6363800000002],[33.02199000000019,40.63553000000019],[33.02275000000003,40.635160000000155],[33.02369000000016,40.63506000000041],[33.024820000000034,40.63472000000013],[33.02848000000017,40.635470000000225],[33.031880000000115,40.63561000000027],[33.03213000000022,40.63524000000035],[33.03512000000018,40.63515000000018],[33.03539000000012,40.63508000000007],[33.036000000000115,40.63519000000048],[33.03604000000007,40.6353400000001],[33.0363000000001,40.63524000000035],[33.036270000000115,40.63519000000048],[33.036520000000166,40.63502000000062],[33.03687000000019,40.63496000000009],[33.03983000000011,40.63506000000041],[33.04215000000005,40.63533000000018],[33.04261000000008,40.63571000000019],[33.042530000000056,40.63630000000012],[33.04261000000008,40.63725000000039],[33.04527000000013,40.637180000000285],[33.0456200000001,40.63793000000015],[33.04633000000007,40.6396400000001],[33.04655000000014,40.64209000000011],[33.04639000000003,40.647710000000416],[33.043680000000165,40.649810000000116],[33.04255000000012,40.650120000000186],[33.0424500000002,40.65001000000029],[33.0415900000001,40.650100000000634],[33.04060000000004,40.6521800000001],[33.03984000000008,40.6520000000001],[33.03982000000019,40.65215000000006],[33.04026000000016,40.652360000000044],[33.040210000000116,40.6528600000002],[33.0396300000001,40.653370000000336],[33.03979000000021,40.6538700000001],[33.038720000000126,40.65404000000035],[33.038690000000145,40.65430000000015],[33.03888000000023,40.65507000000008],[33.038850000000195,40.65526000000017],[33.0383700000001,40.65532000000053],[33.038410000000056,40.65571000000011],[33.038040000000194,40.65570000000071],[33.03802000000013,40.65588000000014],[33.03762000000006,40.65599000000054],[33.03710000000018,40.65599000000054],[33.03634000000022,40.656320000000164],[33.03635000000014,40.65731000000034],[33.03712000000007,40.65788000000009],[33.03679000000011,40.65812000000005],[33.03759000000008,40.65857000000017],[33.037760000000105,40.65879000000007],[33.03890000000007,40.65891000000056],[33.039030000000196,40.65952000000004],[33.038470000000245,40.65935000000019],[33.03818000000018,40.6595300000007],[33.03752000000014,40.65940000000006],[33.03710000000018,40.65943000000027],[33.03647000000012,40.66032000000018],[33.035410000000184,40.65993000000043],[33.03490000000005,40.65996000000007],[33.034730000000195,40.66167000000013],[33.03307000000018,40.66155000000015],[33.031570000000045,40.661180000000115],[33.03107000000006,40.66095000000024],[33.03093000000024,40.660750000000064],[33.03046000000006,40.66086000000007],[33.029150000000186,40.66040000000021],[33.027360000000044,40.660230000000354],[33.02668000000011,40.661000000000115],[33.02708000000018,40.66129000000012],[33.027450000000044,40.66142000000008],[33.02759000000009,40.66203000000007],[33.028070000000184,40.661990000000344],[33.02613000000008,40.66375000000028],[33.02647000000013,40.666480000000206],[33.02694000000014,40.66873000000021],[33.02722000000023,40.670850000000144],[33.02750000000009,40.675930000000506],[33.02948000000015,40.68108000000029],[33.03356000000019,40.68165000000056],[33.03768000000025,40.68394000000035],[33.04082000000017,40.68475000000018],[33.042530000000056,40.68473000000034],[33.04488000000015,40.68546000000032],[33.04524672228575,40.68567627211786]]],"type":"Polygon"}},{"type":"Feature","properties":{"area_id":"TR-18-010-2008935","name_tr":"Salur Köyü","area_level":"neighbourhood","parent_id":"TR-18-010","endeksa_id":2008935},"geometry":{"coordinates":[[[33.0851100000001,40.63376000000011],[33.084530000000086,40.63468000000023],[33.082460000000026,40.64156000000031],[33.080020000000104,40.64309000000043],[33.07907000000023,40.64447000000024],[33.07324000000011,40.64627000000064],[33.07018000000005,40.64742000000058],[33.070230000000095,40.64751000000024],[33.06668000000019,40.64882000000006],[33.06398000000007,40.65098000000029],[33.06148000000019,40.655170000000226],[33.061270000000036,40.65528000000006],[33.06029000000012,40.6563000000001],[33.05828000000008,40.65767000000028],[33.0560900000001,40.658990000000074],[33.05513000000025,40.65907000000033],[33.052730000000054,40.66009000000014],[33.04863000000012,40.662150000000054],[33.046100000000195,40.66222000000016],[33.04475000000008,40.661090000000456],[33.043590000000165,40.661310000000185],[33.04308000000009,40.66121000000044],[33.04237000000012,40.66122000000041],[33.04251000000016,40.661650000000066],[33.041010000000256,40.66186000000022],[33.03910000000013,40.661460000000375],[33.038320000000056,40.661430000000166],[33.038320000000056,40.661680000000274],[33.038200000000074,40.66170000000034],[33.03663000000023,40.66151000000042],[33.03498000000013,40.66185000000013],[33.034730000000195,40.66167000000013],[33.03490000000005,40.65996000000007],[33.035410000000184,40.65993000000043],[33.03647000000012,40.66032000000018],[33.03710000000018,40.65943000000027],[33.03752000000014,40.65940000000006],[33.03818000000018,40.6595300000007],[33.038470000000245,40.65935000000019],[33.039030000000196,40.65952000000004],[33.03890000000007,40.65891000000056],[33.037760000000105,40.65879000000007],[33.03759000000008,40.65857000000017],[33.03679000000011,40.65812000000005],[33.03712000000007,40.65788000000009],[33.03635000000014,40.65731000000034],[33.03634000000022,40.656320000000164],[33.03710000000018,40.65599000000054],[33.03762000000006,40.65599000000054],[33.03802000000013,40.65588000000014],[33.038040000000194,40.65570000000071],[33.038410000000056,40.65571000000011],[33.0383700000001,40.65532000000053],[33.038850000000195,40.65526000000017],[33.03888000000023,40.65507000000008],[33.038690000000145,40.65430000000015],[33.038720000000126,40.65404000000035],[33.03979000000021,40.6538700000001],[33.0396300000001,40.653370000000336],[33.040210000000116,40.6528600000002],[33.04026000000016,40.652360000000044],[33.03982000000019,40.65215000000006],[33.03984000000008,40.6520000000001],[33.04060000000004,40.6521800000001],[33.0415900000001,40.650100000000634],[33.0424500000002,40.65001000000029],[33.04255000000012,40.650120000000186],[33.043680000000165,40.649810000000116],[33.04639000000003,40.647710000000416],[33.04655000000014,40.64209000000011],[33.04633000000007,40.6396400000001],[33.0456200000001,40.63793000000015],[33.04616000000004,40.637490000000355],[33.04646000000014,40.636990000000196],[33.04667000000012,40.63681000000025],[33.04654000000022,40.6366400000004],[33.04705000000013,40.63621000000035],[33.047330000000215,40.63542000000035],[33.048760000000186,40.63373000000047],[33.04858000000007,40.63363000000004],[33.04898000000014,40.633090000000095],[33.04878000000008,40.63299000000035],[33.049480000000074,40.632220000000075],[33.05044000000015,40.63175000000007],[33.05072000000018,40.63176000000021],[33.05090000000018,40.63155000000006],[33.05182000000008,40.631480000000465],[33.05204000000015,40.631080000000054],[33.05336000000017,40.63006000000024],[33.05402000000004,40.62887000000052],[33.05444000000017,40.628840000000196],[33.05522000000019,40.62779000000069],[33.0559100000001,40.627700000000345],[33.056190000000186,40.627580000000364],[33.056530000000066,40.62620000000004],[33.05621000000025,40.62610000000012],[33.057560000000194,40.62413000000004],[33.0555100000002,40.62366000000003],[33.05552000000017,40.62229000000036],[33.0551200000001,40.62217000000038],[33.055450000000064,40.62220000000019],[33.0556900000002,40.6220500000004],[33.056350000000066,40.62196000000006],[33.05739000000017,40.62224000000049],[33.05726000000004,40.62180000000035],[33.057460000000106,40.62165000000016],[33.059140000000184,40.62168000000037],[33.05940000000004,40.62043000000011],[33.05919000000006,40.62005000000033],[33.061990000000094,40.62072000000035],[33.06435000000016,40.62007000000017],[33.06429000000014,40.619930000000124],[33.06488000000013,40.6198700000005],[33.06625000000014,40.619460000000686],[33.06547000000006,40.618500000000154],[33.06726000000003,40.61854000000005],[33.06754000000012,40.61804000000029],[33.06820000000022,40.61812000000066],[33.06816000000009,40.61775000000006],[33.07107000000036,40.61760000000044],[33.0731200000003,40.62171000000069],[33.07466000000039,40.62356000000045],[33.07650000000035,40.62602000000061],[33.07739000000032,40.62676000000022],[33.07736000000011,40.6269200000001],[33.077560000000176,40.62712000000067],[33.07848000000007,40.62779000000069],[33.07876000000016,40.62940000000032],[33.0795100000002,40.63053000000019],[33.08055000000007,40.63144000000017],[33.08165000000014,40.63214000000039],[33.0818900000001,40.63236000000012],[33.0820700000001,40.63271000000009],[33.0851100000001,40.63376000000011]]],"type":"Polygon"}},{"type":"Feature","properties":{"area_id":"TR-18-010-2008933","name_tr":"Sakaeli Köyü","area_level":"neighbourhood","parent_id":"TR-18-010","endeksa_id":2008933},"geometry":{"coordinates":[[[33.19265000000024,40.70298000000042],[33.18907000000013,40.70324000000062],[33.185240000000135,40.70249000000041],[33.184250000000134,40.70272000000023],[33.1834800000002,40.70302000000021],[33.18287000000015,40.703410000000474],[33.18179000000015,40.703560000000095],[33.180410000000165,40.70447000000007],[33.179360000000145,40.70492000000036],[33.17683000000011,40.70646000000005],[33.17447000000004,40.707620000000134],[33.17179000000016,40.7098900000002],[33.171120000000144,40.71092000000016],[33.171120000000144,40.7121800000001],[33.17293000000018,40.71486000000016],[33.17264000000017,40.715120000000184],[33.172260000000165,40.71506000000022],[33.17225000000019,40.71479000000005],[33.17197000000016,40.71479000000005],[33.17135000000019,40.7150000000002],[33.17048000000011,40.71621000000016],[33.169530000000066,40.71625000000006],[33.169450000000154,40.71632000000017],[33.16942000000017,40.71667000000053],[33.16896000000014,40.717000000000155],[33.16800000000012,40.71690000000041],[33.167150000000106,40.71710000000007],[33.16698000000008,40.71727000000044],[33.16692000000012,40.71779000000015],[33.16646000000026,40.71799000000033],[33.166290000000174,40.71816000000018],[33.165980000000104,40.71865000000025],[33.16577000000018,40.71962000000019],[33.1645700000002,40.7213000000001],[33.16319000000004,40.72198000000009],[33.16302000000019,40.7221600000002],[33.162410000000136,40.72325000000069],[33.16147000000018,40.726260000000366],[33.16144000000003,40.72698000000025],[33.16177000000016,40.72724000000028],[33.16174000000012,40.72740000000016],[33.16100000000017,40.72840000000048],[33.16097000000019,40.72908000000007],[33.16017000000011,40.730200000000195],[33.15887000000015,40.731650000000116],[33.15852000000018,40.7319200000004],[33.15727000000015,40.732280000000344],[33.15652000000006,40.73221000000024],[33.15614000000005,40.732370000000174],[33.15359000000012,40.73396000000008],[33.15286000000009,40.73409000000021],[33.14964000000015,40.73647000000028],[33.148720000000196,40.737790000000075],[33.14854000000008,40.73877000000016],[33.14811000000003,40.73932000000019],[33.14737000000008,40.74318000000039],[33.14750000000038,40.74957000000006],[33.14394000000033,40.74577000000045],[33.13389000000029,40.73762000000039],[33.135370000000364,40.72554000000031],[33.13914000000034,40.721400000000585],[33.13757000000032,40.71557000000064],[33.13752000000028,40.712140000000375],[33.142680000000325,40.70364000000052],[33.14554000000038,40.69621000000035],[33.140140000000315,40.68985000000049],[33.13387000000023,40.686870000000624],[33.13259000000022,40.68230000000034],[33.13191000000006,40.680730000000096],[33.13189000000017,40.68046000000015],[33.13111000000015,40.67954000000009],[33.13107000000019,40.678960000000416],[33.13039000000009,40.678470000000345],[33.13103000000007,40.67876000000018],[33.131310000000155,40.67836000000034],[33.13198000000017,40.67815000000019],[33.131750000000125,40.67775000000046],[33.13235000000003,40.67790000000008],[33.132580000000075,40.67774000000037],[33.13279000000006,40.67738000000003],[33.13257000000016,40.67704000000015],[33.1327500000001,40.676920000000166],[33.132670000000076,40.67688000000027],[33.13337000000007,40.67651000000018],[33.133070000000146,40.67620000000011],[33.133260000000234,40.676110000000335],[33.133510000000115,40.67617000000047],[33.13366000000008,40.67605000000049],[33.13397000000015,40.675400000000195],[33.13442000000009,40.67511000000019],[33.13412000000011,40.67480000000012],[33.1344900000002,40.67468000000014],[33.1344000000002,40.674440000000175],[33.13445000000007,40.67414000000019],[33.13402000000019,40.67386000000033],[33.133790000000204,40.67401000000012],[33.1335000000002,40.673820000000035],[33.13336000000015,40.673330000000135],[33.13381000000004,40.67352000000005],[33.1338300000001,40.673790000000395],[33.134380000000135,40.67354000000029],[33.13476000000014,40.67385000000036],[33.13499000000019,40.67366000000027],[33.13545000000005,40.67358000000007],[33.13535000000013,40.673110000000236],[33.13576000000012,40.67200000000008],[33.1370500000001,40.672210000000405],[33.13697000000025,40.671690000000694],[33.13655000000011,40.67095000000006],[33.13727000000017,40.66748000000052],[33.136760000000095,40.66678000000019],[33.135220000000174,40.665580000000375],[33.134530000000154,40.66548000000006],[33.13406000000015,40.66448000000031],[33.13517000000013,40.66464000000019],[33.135340000000156,40.663880000000404],[33.13559000000009,40.66333000000037],[33.13576000000012,40.66316000000012],[33.135830000000055,40.66252000000014],[33.13613000000015,40.66176000000047],[33.13533000000007,40.661590000000615],[33.13569000000018,40.66107000000022],[33.13600000000008,40.661100000000204],[33.13600000000008,40.66089000000028],[33.13626000000011,40.660720000000026],[33.13671000000022,40.66068000000064],[33.137110000000064,40.66079000000036],[33.13725000000011,40.66058000000021],[33.13704000000013,40.65983000000011],[33.13782000000003,40.65997000000016],[33.13904000000008,40.66122000000041],[33.13981000000018,40.661840000000154],[33.140010000000245,40.662120000000414],[33.140790000000095,40.66263000000015],[33.142120000000205,40.66256000000004],[33.142460000000085,40.66234000000014],[33.143080000000054,40.662120000000414],[33.14492000000024,40.662050000000306],[33.145400000000166,40.66192000000024],[33.14730000000014,40.662020000000666],[33.147950000000094,40.66175000000038],[33.14839000000012,40.66237000000035],[33.14874000000009,40.66247000000027],[33.149210000000096,40.66314000000028],[33.14988000000011,40.663170000000605],[33.15041000000008,40.66479000000038],[33.151260000000036,40.664650000000165],[33.15557000000018,40.66325000000012],[33.16017000000011,40.660780000000386],[33.162260000000174,40.65804000000037],[33.16279000000014,40.65831000000014],[33.163740000000075,40.65757000000053],[33.1637300000001,40.65749000000034],[33.16444000000007,40.65673000000015],[33.164360000000045,40.65666000000056],[33.164490000000114,40.65655000000015],[33.164980000000185,40.657100000000185],[33.16630000000015,40.65624000000008],[33.168820000000096,40.65695000000039],[33.16947000000005,40.658000000000584],[33.17053000000021,40.65866000000011],[33.171770000000095,40.65788000000009],[33.17299000000014,40.65765000000005],[33.17413000000016,40.65718000000027],[33.17453000000023,40.657620000000406],[33.17408000000012,40.658110000000306],[33.17467000000005,40.6582600000001],[33.174590000000194,40.658370000000104],[33.17496000000011,40.65845000000019],[33.1751900000001,40.65863000000013],[33.176010000000076,40.65987000000041],[33.17574000000013,40.66070000000019],[33.176350000000184,40.66083000000026],[33.1770200000002,40.66067000000015],[33.17668000000009,40.65970000000004],[33.17791000000011,40.659230000000036],[33.17802000000012,40.65936000000016],[33.17853000000008,40.65901000000031],[33.17950000000019,40.659790000000214],[33.17929000000004,40.65987000000041],[33.17893000000009,40.66028000000023],[33.17893000000009,40.66063000000008],[33.17934000000014,40.66073000000051],[33.18132000000014,40.6623100000005],[33.18065000000013,40.66299000000009],[33.18058000000019,40.663850000000195],[33.18071000000015,40.66452000000004],[33.180680000000166,40.664960000000235],[33.180940000000135,40.66569000000021],[33.18097000000017,40.66646000000014],[33.18097000000017,40.666730000000314],[33.18073000000021,40.66761000000008],[33.18463000000014,40.66717000000045],[33.187040000000195,40.668590000000165],[33.18736000000024,40.66901000000064],[33.18703000000011,40.670230000000174],[33.18968000000018,40.671560000000056],[33.18992000000014,40.67160000000035],[33.18993000000006,40.67168000000004],[33.18930000000017,40.67388000000017],[33.18865000000022,40.67877000000033],[33.18794000000008,40.68093000000067],[33.1864700000001,40.68261000000041],[33.187250000000176,40.68303000000037],[33.190730000000144,40.68654000000015],[33.195210000000145,40.69026000000031],[33.19405000000006,40.69274000000013],[33.19449000000003,40.69290000000058],[33.19442000000015,40.69307000000043],[33.19413000000009,40.69341000000014],[33.193790000000035,40.69332000000014],[33.19319000000013,40.69459000000029],[33.19296000000014,40.695940000000064],[33.19245000000018,40.69772000000006],[33.192180000000064,40.6982500000002],[33.193980000000124,40.700460000000135],[33.194320000000175,40.70150000000018],[33.19365000000016,40.70180000000016],[33.1927300000001,40.70203000000015],[33.19265000000024,40.70232000000016],[33.19265000000024,40.70298000000042]]],"type":"Polygon"}},{"type":"Feature","properties":{"area_id":"TR-18-010-20296","name_tr":"Hamamönü","area_level":"neighbourhood","parent_id":"TR-18-010","endeksa_id":20296},"geometry":{"coordinates":[[[33.02750000000009,40.60188000000005],[33.02747000000011,40.60196000000013],[33.02629000000019,40.60355000000021],[33.026490000000194,40.60373000000021],[33.02676000000014,40.6044500000001],[33.02698000000004,40.604750000000195],[33.02660000000026,40.60488000000015],[33.0270000000001,40.60544000000027],[33.027350000000126,40.60526000000033],[33.02750000000009,40.60554000000019],[33.02792000000005,40.60543000000018],[33.02848000000017,40.60545000000042],[33.0282600000001,40.606450000000166],[33.02761000000015,40.60650000000004],[33.027970000000096,40.60733000000033],[33.02824000000004,40.607570000000294],[33.028250000000185,40.60767000000004],[33.027110000000164,40.606730000000425],[33.02668000000011,40.60697000000039],[33.025900000000036,40.607220000000325],[33.02629000000019,40.60771000000051],[33.02629000000019,40.608120000000326],[33.0270000000001,40.60851000000008],[33.024630000000116,40.6092900000005],[33.02454000000017,40.609230000000366],[33.02428000000015,40.60934000000037],[33.02464000000009,40.60985000000011],[33.023760000000095,40.61015000000009],[33.02360000000016,40.610810000000356],[33.02318000000008,40.6108200000001],[33.02281000000016,40.61062000000027],[33.02253000000013,40.61084000000017],[33.022310000000175,40.61120000000011],[33.02194000000014,40.61118000000056],[33.0216700000002,40.61186000000015],[33.021810000000244,40.61186000000015],[33.0218000000001,40.612310000000264],[33.022000000000105,40.61237000000028],[33.02195000000006,40.61272000000008],[33.02235000000013,40.61275000000006],[33.022770000000094,40.6131900000006],[33.02253000000013,40.613420000000076],[33.022210000000086,40.61349000000041],[33.02108000000004,40.612860000000296],[33.020570000000134,40.61369000000008],[33.02010000000013,40.61415000000045],[33.019890000000146,40.614660000000185],[33.02041000000003,40.61486000000025],[33.021570000000054,40.61510000000021],[33.021130000000085,40.615710000000206],[33.01944000000026,40.61526000000009],[33.01903000000004,40.615680000000566],[33.01925000000017,40.61588000000006],[33.01922000000013,40.616200000000276],[33.01944000000026,40.616210000000365],[33.01939000000016,40.6167200000001],[33.020200000000045,40.61680000000018],[33.02075000000008,40.61671000000052],[33.02102000000025,40.61763000000008],[33.02222000000023,40.61763000000008],[33.022280000000194,40.61700000000036],[33.02250000000009,40.616950000000486],[33.02253000000013,40.61710000000011],[33.02278000000018,40.61733000000015],[33.02281000000016,40.61753000000016],[33.02365000000003,40.61755000000039],[33.02382000000006,40.617970000000355],[33.022400000000175,40.61820000000017],[33.022060000000124,40.61935000000011],[33.02090000000004,40.61957000000041],[33.02064000000024,40.62216000000029],[33.02013000000011,40.62198000000029],[33.019550000000095,40.62207000000012],[33.0195300000002,40.622990000000186],[33.020110000000045,40.62300000000016],[33.0198000000002,40.62459000000024],[33.01740000000018,40.62517000000008],[33.015120000000195,40.62520000000029],[33.011960000000045,40.62737000000004],[33.01106000000016,40.62953000000027],[33.009630000000186,40.630090000000564],[33.009320000000116,40.63002000000046],[33.008180000000095,40.630240000000185],[33.00803000000013,40.62997000000007],[33.00813000000005,40.629770000000406],[33.00800000000015,40.62956000000008],[33.00751000000008,40.62958000000032],[33.004990000000134,40.62918000000059],[33.005210000000034,40.62856000000045],[33.003850000000114,40.628230000000144],[33.00191000000018,40.62811000000016],[33.00163000000009,40.62821000000008],[33.00061000000011,40.62793000000022],[32.99996000000016,40.627270000000294],[32.99967000000015,40.627260000000206],[32.99863000000005,40.627830000000074],[32.998300000000086,40.62717000000055],[32.99522000000019,40.62781000000024],[32.9948100000002,40.627080000000205],[32.9947600000001,40.62679000000037],[32.99462000000011,40.626640000000066],[32.99369000000007,40.626610000000426],[32.99339000000009,40.62596000000008],[32.9931600000001,40.62609000000003],[32.99272000000008,40.62613000000033],[32.99274000000014,40.62649000000005],[32.99206000000021,40.626620000000514],[32.992440000000215,40.62732000000017],[32.99242000000015,40.62741000000051],[32.99228000000011,40.62744000000015],[32.991390000000195,40.62743000000006],[32.99144000000007,40.62709000000035],[32.991110000000106,40.62703000000033],[32.99001000000004,40.62650000000053],[32.9887300000002,40.62657000000013],[32.988580000000184,40.6264800000003],[32.98842000000013,40.62654000000032],[32.9876000000001,40.6264000000001],[32.986280000000136,40.627270000000294],[32.98547000000008,40.627270000000294],[32.98099000000013,40.62824000000029],[32.98029000000014,40.628540000000214],[32.97948000000008,40.62842000000023],[32.9778800000002,40.62850000000009],[32.97763000000015,40.62871000000007],[32.97746000000012,40.62904000000037],[32.97741000000025,40.629460000000336],[32.977020000000095,40.63044000000042],[32.97596000000016,40.63130000000035],[32.975500000000125,40.632410000000164],[32.97560000000004,40.63269000000042],[32.97549000000015,40.63324000000006],[32.975590000000125,40.63384000000036],[32.97558000000015,40.63658000000038],[32.97564000000017,40.636750000000234],[32.97555000000017,40.63698000000011],[32.975620000000106,40.643250000000194],[32.97534000000019,40.64738000000011],[32.975320000000124,40.64730000000009],[32.96770000000009,40.646960000000206],[32.96503000000013,40.64007000000015],[32.964380000000176,40.63954000000018],[32.962860000000035,40.63911000000013],[32.96112000000011,40.63887000000017],[32.95600000000013,40.6388900000004],[32.955000000000155,40.639290000000074],[32.954310000000135,40.63935000000009],[32.952150000000074,40.638880000000256],[32.95161000000019,40.63884000000013],[32.95108000000022,40.63896000000034],[32.950160000000096,40.639470000000074],[32.94981000000013,40.63953000000021],[32.949610000000064,40.6394200000002],[32.94935000000004,40.63943000000029],[32.949080000000095,40.6396400000001],[32.948210000000074,40.6396400000001],[32.94761000000017,40.63933000000054],[32.94695000000007,40.6394200000002],[32.94640000000004,40.63896000000034],[32.946360000000084,40.63873000000012],[32.94507000000016,40.63788000000011],[32.94503000000003,40.637670000000355],[32.944710000000214,40.63766000000021],[32.94457000000017,40.637740000000065],[32.944430000000125,40.63805000000036],[32.94428000000016,40.638110000000495],[32.94410000000016,40.638010000000065],[32.9440800000001,40.63757000000004],[32.94389000000018,40.6373200000005],[32.94405000000012,40.6371700000002],[32.9439900000001,40.63704000000007],[32.943160000000034,40.636620000000164],[32.94301000000024,40.63621000000035],[32.942420000000084,40.6356700000004],[32.94235000000015,40.634670000000085],[32.94262000000009,40.63444000000027],[32.94272000000018,40.634210000000394],[32.942320000000166,40.63375000000019],[32.94206000000014,40.63272000000006],[32.940040000000124,40.63098000000031],[32.938230000000146,40.62802000000016],[32.9379100000001,40.62660000000028],[32.93665000000016,40.62518000000006],[32.937090000000126,40.61948000000024],[32.937370000000044,40.61944000000045],[32.93837000000019,40.61970000000065],[32.93952000000013,40.619860000000415],[32.94021000000021,40.6198700000005],[32.94129000000021,40.61978000000016],[32.94237000000004,40.61953000000011],[32.94349000000017,40.61913000000038],[32.94398000000018,40.619180000000256],[32.94449000000009,40.61908000000051],[32.94546000000008,40.61879000000067],[32.945890000000134,40.61857000000026],[32.94621000000012,40.6180700000001],[32.94748000000004,40.61705000000023],[32.94912000000005,40.616330000000346],[32.95017000000024,40.615710000000206],[32.95023000000003,40.61520000000064],[32.95015000000018,40.61482000000046],[32.94916000000012,40.61266000000012],[32.94813000000016,40.612310000000264],[32.94773000000015,40.612300000000175],[32.94687000000005,40.6120700000003],[32.94547000000017,40.6115400000005],[32.944650000000195,40.6114300000001],[32.944240000000036,40.611130000000685],[32.94344000000007,40.61100000000005],[32.94299000000018,40.61058000000014],[32.94299000000018,40.61039000000005],[32.942760000000135,40.610200000000475],[32.94243000000017,40.610080000000494],[32.94219000000004,40.609800000000064],[32.941830000000095,40.6097400000001],[32.941490000000044,40.609490000000164],[32.94137000000006,40.60889000000009],[32.94123000000019,40.6086100000004],[32.94077000000016,40.608220000000074],[32.93986000000018,40.60768000000019],[32.9397400000002,40.60542000000004],[32.94006000000019,40.605090000000075],[32.941790000000196,40.6041800000001],[32.943190000000186,40.60285000000056],[32.943310154127175,40.602299475027735],[32.952316756000016,40.60228156000005],[32.95703609000009,40.60369364400003],[32.95946161400019,40.6039092420001],[32.963390467000124,40.60335920300014],[32.96896448299998,40.60257884100008],[32.9758818680001,40.602371707000145],[32.98197269200011,40.601724893000096],[32.98301319000001,40.601614398000095],[32.98411395700009,40.60149750200003],[32.98551670400008,40.60169232800018],[32.98703634700013,40.601585174000036],[32.98840987000017,40.60162413900014],[32.98905288196437,40.60145851486101],[32.990338648500085,40.6011273325002],[32.99234535400018,40.60080586999999],[32.994303357800845,40.60006552994105],[32.99862034900008,40.59843323500007],[33.00178749100007,40.597837787000174],[33.00360033500016,40.5967911410001],[33.00654955800019,40.5977270410001],[33.01067662100019,40.59616656000003],[33.011490631000186,40.59585877500007],[33.01873158900014,40.59634272000005],[33.02593006200004,40.59905599000018],[33.02750000000009,40.60188000000005]]],"type":"Polygon"}},{"type":"Feature","properties":{"area_id":"TR-18-010-117002","name_tr":"Nevzat Ayaz","area_level":"neighbourhood","parent_id":"TR-18-010","endeksa_id":117002},"geometry":{"coordinates":[[[33.13541289804567,40.65855104661995],[33.13119350300019,40.65868334200013],[33.122646823000025,40.65853288800008],[33.11281886600017,40.66239387100006],[33.110913685000185,40.66314233500003],[33.1086002510001,40.66373203400002],[33.107035281000094,40.664412456000036],[33.104948654,40.66479802800012],[33.10457907300008,40.6657499910001],[33.10540226800009,40.666907336000065],[33.104200816000116,40.66776190400003],[33.10272004800004,40.668095076999975],[33.10248222300015,40.668148588000065],[33.10146552300006,40.668665856000075],[33.10034180100013,40.669718230000115],[33.09921213400003,40.67034846600018],[33.09854027900013,40.67062196400008],[33.097987337000006,40.67075871300011],[33.09726177200014,40.6710249250001],[33.09709549400003,40.67143651400016],[33.096848332000036,40.672048314000165],[33.09652471500016,40.67227484600005],[33.095989610000004,40.67264941900004],[33.09585372800012,40.67276682900018],[33.09566680300003,40.67333859900009],[33.095218622000175,40.674709506000056],[33.09483304900016,40.675888904000146],[33.09419798900018,40.67681881400017],[33.0927917840001,40.67806625400016],[33.09177878700007,40.67829456700014],[33.08875058300015,40.681582331000016],[33.08658758000013,40.683053173000076],[33.08001205199997,40.684177934000104],[33.07758948899999,40.68322621300018],[33.07482084600019,40.680198009000094],[33.073003923000044,40.677083285000094],[33.070247007000035,40.67514336500017],[33.068245317000105,40.67509332300011],[33.06478451300012,40.67500680300009],[33.06244846999999,40.67699676500007],[33.06130286600006,40.68200637900014],[33.0563700000003,40.691760000000215],[33.05515000000025,40.69073000000026],[33.0511300000004,40.68965000000043],[33.05123000000032,40.68903000000029],[33.04886000000033,40.68629000000078],[33.04885000000036,40.685930000000326],[33.048700000000224,40.68585000000007],[33.04821000000038,40.685910000000604],[33.04770000000025,40.68614000000031],[33.047219998275864,40.68683999755211],[33.04524672228575,40.68567627211786],[33.04488000000015,40.68546000000032],[33.042530000000056,40.68473000000034],[33.04082000000017,40.68475000000018],[33.03768000000025,40.68394000000035],[33.03356000000019,40.68165000000056],[33.02948000000015,40.68108000000029],[33.02750000000009,40.675930000000506],[33.02722000000023,40.670850000000144],[33.02694000000014,40.66873000000021],[33.02647000000013,40.666480000000206],[33.02613000000008,40.66375000000028],[33.028070000000184,40.661990000000344],[33.02759000000009,40.66203000000007],[33.027450000000044,40.66142000000008],[33.02708000000018,40.66129000000012],[33.02668000000011,40.661000000000115],[33.027360000000044,40.660230000000354],[33.029150000000186,40.66040000000021],[33.03046000000006,40.66086000000007],[33.03093000000024,40.660750000000064],[33.03107000000006,40.66095000000024],[33.031570000000045,40.661180000000115],[33.03307000000018,40.66155000000015],[33.034730000000195,40.66167000000013],[33.03498000000013,40.66185000000013],[33.03663000000023,40.66151000000042],[33.038200000000074,40.66170000000034],[33.038320000000056,40.661680000000274],[33.038320000000056,40.661430000000166],[33.03910000000013,40.661460000000375],[33.041010000000256,40.66186000000022],[33.04251000000016,40.661650000000066],[33.04237000000012,40.66122000000041],[33.04308000000009,40.66121000000044],[33.043590000000165,40.661310000000185],[33.04475000000008,40.661090000000456],[33.046100000000195,40.66222000000016],[33.04863000000012,40.662150000000054],[33.052730000000054,40.66009000000014],[33.05513000000025,40.65907000000033],[33.0560900000001,40.658990000000074],[33.05828000000008,40.65767000000028],[33.06029000000012,40.6563000000001],[33.061270000000036,40.65528000000006],[33.06148000000019,40.655170000000226],[33.06398000000007,40.65098000000029],[33.06668000000019,40.64882000000006],[33.070230000000095,40.64751000000024],[33.07018000000005,40.64742000000058],[33.07324000000011,40.64627000000064],[33.07907000000023,40.64447000000024],[33.080020000000104,40.64309000000043],[33.082460000000026,40.64156000000031],[33.084530000000086,40.63468000000023],[33.0851100000001,40.63376000000011],[33.085720000000094,40.632780000000196],[33.092000000000155,40.63220000000035],[33.09416000000016,40.63171000000034],[33.0971200000003,40.63160000000062],[33.09870000000029,40.6317200000006],[33.10072000000025,40.63230000000027],[33.10403000000042,40.634330000000546],[33.11273000000011,40.63841000000008],[33.11620000000016,40.64016000000032],[33.119790000000194,40.64252000000016],[33.11986000000013,40.64320000000032],[33.119080000000054,40.64425000000011],[33.11875000000009,40.645080000000235],[33.12085000000013,40.64578000000006],[33.12068000000011,40.64599000000021],[33.12185000000011,40.64687000000055],[33.1215600000001,40.64718000000062],[33.12250000000006,40.64794000000029],[33.12309000000022,40.64738000000011],[33.12404000000009,40.648020000000486],[33.12449000000004,40.6475300000003],[33.125000000000114,40.64751000000024],[33.12576000000013,40.64773000000014],[33.126480000000186,40.647650000000056],[33.12677000000019,40.64770000000033],[33.127010000000155,40.6477900000001],[33.12758000000008,40.64841000000007],[33.128060000000175,40.64788000000027],[33.12818000000016,40.64785000000063],[33.13101000000023,40.649470000000406],[33.1328400000001,40.65038000000038],[33.13619000000017,40.65126000000015],[33.134440000000154,40.65275000000037],[33.13319000000013,40.65342000000038],[33.13356000000016,40.65351000000015],[33.13369000000006,40.65367000000043],[33.13358000000005,40.65467000000007],[33.13397000000015,40.65498000000014],[33.13399000000004,40.655180000000314],[33.13387000000006,40.65543000000042],[33.13424000000009,40.655950000000075],[33.13494000000014,40.656480000000045],[33.13558000000012,40.65758000000011],[33.13535000000013,40.65804000000037],[33.13541289804567,40.65855104661995]]],"type":"Polygon"}},{"type":"Feature","properties":{"area_id":"TR-18-010-20297","name_tr":"Naltepe","area_level":"neighbourhood","parent_id":"TR-18-010","endeksa_id":20297},"geometry":{"coordinates":[[[32.99267806481373,40.580888376416],[32.9938600000001,40.58082000000036],[32.99439000000007,40.58099000000021],[32.99460000000005,40.580890000000295],[32.99505000000016,40.5811800000003],[32.99512000000004,40.581700000000126],[32.99559000000005,40.581670000000315],[32.99637000000013,40.581360000000245],[32.99664000000007,40.58147000000014],[32.99705000000006,40.581360000000245],[32.9972800000001,40.58140000000071],[32.99741000000017,40.581230000000176],[32.998300000000086,40.58086000000009],[32.99986000000024,40.5828300000004],[33.00021000000004,40.583150000000046],[33.00150000000019,40.58348000000018],[33.00238000000019,40.58386000000036],[33.00358000000017,40.58293000000015],[33.00398000000024,40.582900000000336],[33.00528000000014,40.584050000000275],[33.00685000000021,40.582900000000336],[33.00842000000006,40.581270000000075],[33.00854000000004,40.58128000000005],[33.0102100000002,40.58327000000054],[33.010690000000125,40.5835800000001],[33.01088000000004,40.58385000000021],[33.01241000000016,40.585050000000194],[33.013600000000224,40.58590000000004],[33.01810000000023,40.588730000000396],[33.02089000000012,40.590190000000405],[33.02296000000018,40.592420000000175],[33.02253000000013,40.59218000000021],[33.02301000000023,40.59311000000042],[33.02366000000018,40.59383000000031],[33.02409000000006,40.5940200000004],[33.02442000000019,40.59452000000056],[33.0247500000001,40.59447000000068],[33.02857000000017,40.597780000000284],[33.0289600000001,40.598430000000064],[33.02897000000024,40.59867000000003],[33.028840000000116,40.59881000000024],[33.02879000000007,40.599050000000204],[33.02917000000008,40.59974000000045],[33.02959000000021,40.60007000000007],[33.02991000000003,40.60046000000034],[33.02975000000009,40.60069000000021],[33.02750000000009,40.60188000000005],[33.02593006200004,40.59905599000018],[33.01873158900014,40.59634272000005],[33.011490631000186,40.59585877500007],[33.01067662100019,40.59616656000003],[33.00654955800019,40.5977270410001],[33.00360033500016,40.5967911410001],[33.00178749100007,40.597837787000174],[32.99862034900008,40.59843323500007],[32.994303357800845,40.60006552994105],[32.99234535400018,40.60080586999999],[32.990338648500085,40.6011273325002],[32.98905288196437,40.60145851486101],[32.98840987000017,40.60162413900014],[32.988117019000185,40.60117645000014],[32.98808335700005,40.600107694000144],[32.988046196000084,40.59892786100016],[32.988222707000034,40.59769228700003],[32.98912383900017,40.59680973500002],[32.98960692100019,40.595341911000105],[32.990192191999995,40.59430142800005],[32.990582374000155,40.59400414700008],[32.990833204000126,40.59354893600016],[32.99090752400002,40.59312159500007],[32.990879654000025,40.592573483000194],[32.991260545000046,40.59172809100005],[32.99174362700006,40.58827220100011],[32.99282127000009,40.584073109000144],[32.99267806481373,40.580888376416]]],"type":"Polygon"}},{"type":"Feature","properties":{"area_id":"TR-18-010-20298","name_tr":"Kanarya","area_level":"neighbourhood","parent_id":"TR-18-010","endeksa_id":20298},"geometry":{"coordinates":[[[32.98840987000017,40.60162413900014],[32.98703634700013,40.601585174000036],[32.98551670400008,40.60169232800018],[32.98411395700009,40.60149750200003],[32.98301319000001,40.601614398000095],[32.98197269200011,40.601724893000096],[32.9758818680001,40.602371707000145],[32.96896448299998,40.60257884100008],[32.963390467000124,40.60335920300014],[32.95946161400019,40.6039092420001],[32.95703609000009,40.60369364400003],[32.952316756000016,40.60228156000005],[32.943310154127175,40.602299475027735],[32.94374000000005,40.60033000000027],[32.944310000000144,40.59908000000041],[32.94497000000018,40.5981900000001],[32.94671000000011,40.59705000000031],[32.94963000000013,40.595880000000136],[32.95093000000003,40.59560000000039],[32.95371000000023,40.59528000000023],[32.954310000000135,40.59506000000033],[32.96062000000012,40.59174000000007],[32.96130000000011,40.59126000000015],[32.96186000000006,40.59063000000003],[32.9627000000001,40.58990000000006],[32.964040000000125,40.58793000000031],[32.96490000000006,40.58729000000062],[32.967390000000194,40.585540000000094],[32.96827000000019,40.58506000000017],[32.969300000000146,40.58462000000014],[32.97115000000008,40.5840000000004],[32.972310000000164,40.583430000000305],[32.97367000000003,40.58206000000007],[32.97421000000014,40.58125000000041],[32.97462000000013,40.58041000000037],[32.97455000000019,40.579440000000545],[32.97536000000008,40.579650000000186],[32.98267000000004,40.5870000000001],[32.98270000000025,40.58720000000028],[32.98314000000005,40.58742000000018],[32.98326000000003,40.58758000000046],[32.98375000000004,40.58788000000027],[32.98398000000009,40.58748000000071],[32.98419000000007,40.587560000000224],[32.98443000000003,40.58750000000026],[32.984490000000164,40.58775000000031],[32.984640000000184,40.587870000000294],[32.98485000000011,40.587860000000205],[32.98680000000019,40.5872600000003],[32.98703000000023,40.587590000000034],[32.987090000000194,40.58785000000006],[32.98732000000024,40.58793000000031],[32.98905000000019,40.5870800000003],[32.98976000000016,40.58575000000042],[32.98948000000007,40.585350000000176],[32.98912000000013,40.58509000000049],[32.988570000000095,40.58496000000042],[32.98843000000005,40.5842200000003],[32.99265000000014,40.580890000000295],[32.99267806481373,40.580888376416],[32.99282127000009,40.584073109000144],[32.99174362700006,40.58827220100011],[32.991260545000046,40.59172809100005],[32.990879654000025,40.592573483000194],[32.99090752400002,40.59312159500007],[32.990833204000126,40.59354893600016],[32.990582374000155,40.59400414700008],[32.990192191999995,40.59430142800005],[32.98960692100019,40.595341911000105],[32.98912383900017,40.59680973500002],[32.988222707000034,40.59769228700003],[32.988046196000084,40.59892786100016],[32.98808335700005,40.600107694000144],[32.988117019000185,40.60117645000014],[32.98840987000017,40.60162413900014]]],"type":"Polygon"}},{"type":"Feature","properties":{"area_id":"TR-18-010-624106","name_tr":"Hatipler","area_level":"neighbourhood","parent_id":"TR-18-010","endeksa_id":624106},"geometry":{"coordinates":[[[33.11460378580199,40.689479444584265],[33.11444000000034,40.689590000000464],[33.114370000000235,40.689750000000174],[33.11377000000033,40.689870000000155],[33.113370000000316,40.69008000000048],[33.11293000000029,40.69040000000035],[33.11300000000023,40.690490000000295],[33.11108000000036,40.69149000000061],[33.11019000000027,40.692220000000304],[33.10905000000025,40.69283000000064],[33.10834000000034,40.693340000000205],[33.10822000000036,40.69356000000033],[33.10813000000036,40.694300000000055],[33.107830000000206,40.694920000000195],[33.10844000000026,40.69608000000028],[33.10848000000033,40.696380000000204],[33.1082700000004,40.69695000000047],[33.10830000000021,40.697240000000306],[33.108630000000346,40.69767000000036],[33.108080000000314,40.697490000000414],[33.10779000000031,40.69720000000058],[33.107680000000244,40.6970400000003],[33.107680000000244,40.69680000000034],[33.107460000000344,40.696190000000115],[33.106530000000305,40.69474000000025],[33.106440000000305,40.6943500000005],[33.10584000000023,40.69389000000024],[33.10552000000041,40.69342000000046],[33.10530000000034,40.69282000000055],[33.10542000000032,40.69203000000056],[33.10514000000023,40.69166000000047],[33.104610000000264,40.69137000000063],[33.104240000000345,40.69144000000023],[33.10299000000032,40.69134000000031],[33.10132000000033,40.69236000000012],[33.098600000000374,40.694640000000504],[33.09772000000021,40.695540000000335],[33.097890000000234,40.69617000000045],[33.097020000000384,40.69602000000026],[33.09589000000028,40.69661000000025],[33.09650000000033,40.698820000000296],[33.094420000000355,40.70256000000035],[33.09255000000036,40.703500000000304],[33.0905300000004,40.704670000000476],[33.090430000000254,40.70428000000015],[33.090120000000354,40.703930000000355],[33.088350000000275,40.70460000000037],[33.08825000000036,40.70457000000039],[33.08570000000026,40.70620000000059],[33.08279000000033,40.70630000000034],[33.07912000000027,40.70810000000023],[33.076520000000244,40.70723000000055],[33.07486000000023,40.706780000000265],[33.070940000000235,40.704060000000425],[33.068530000000294,40.70277000000027],[33.06696000000028,40.701120000000174],[33.06679000000025,40.70079000000027],[33.066420000000335,40.700400000000286],[33.066200000000265,40.699930000000506],[33.065800000000365,40.699940000000595],[33.06579000000028,40.69958000000065],[33.06612000000041,40.69937000000033],[33.06229000000042,40.696530000000564],[33.0605800000003,40.69482000000045],[33.058670000000404,40.69387000000057],[33.058645451467555,40.693362663654625],[33.058640000000196,40.69325000000043],[33.05724000000038,40.69220000000041],[33.0563700000003,40.691760000000215],[33.06130286600006,40.68200637900014],[33.06244846999999,40.67699676500007],[33.06478451300012,40.67500680300009],[33.068245317000105,40.67509332300011],[33.070247007000035,40.67514336500017],[33.073003923000044,40.677083285000094],[33.07482084600019,40.680198009000094],[33.07758948899999,40.68322621300018],[33.08001205199997,40.684177934000104],[33.08658758000013,40.683053173000076],[33.08875058300015,40.681582331000016],[33.09177878700007,40.67829456700014],[33.0927917840001,40.67806625400016],[33.09419798900018,40.67681881400017],[33.09483304900016,40.675888904000146],[33.095218622000175,40.674709506000056],[33.09566680300003,40.67333859900009],[33.09585372800012,40.67276682900018],[33.095989610000004,40.67264941900004],[33.09652471500016,40.67227484600005],[33.096848332000036,40.672048314000165],[33.09709549400003,40.67143651400016],[33.09726177200014,40.6710249250001],[33.097987337000006,40.67075871300011],[33.09854027900013,40.67062196400008],[33.09921213400003,40.67034846600018],[33.10034180100013,40.669718230000115],[33.10146552300006,40.668665856000075],[33.10248222300015,40.668148588000065],[33.10272004800004,40.668095076999975],[33.10277962294816,40.668081672628716],[33.102846042000124,40.668344185000194],[33.102961043000164,40.66967008400019],[33.102419860000055,40.670941864999975],[33.10290692500013,40.670941864999975],[33.10336693100015,40.670813334000115],[33.10359693400011,40.67065097900007],[33.10384421600014,40.67100129500011],[33.10399457200015,40.67121430000009],[33.10419223500003,40.67120569200006],[33.10463194700003,40.67214599700014],[33.1052737440001,40.67527400400007],[33.10962844400018,40.68402372500009],[33.11460378580199,40.689479444584265]]],"type":"Polygon"}},{"type":"Feature","properties":{"area_id":"TR-18-010-452698","name_tr":"Hacı Hasan","area_level":"neighbourhood","parent_id":"TR-18-010","endeksa_id":452698},"geometry":{"coordinates":[[[33.130502113733144,40.65867117092546],[33.13119350300019,40.65868334200013],[33.13541289804567,40.65855104661995],[33.135430000000156,40.65869000000015],[33.136610000000076,40.65879000000007],[33.13690000000014,40.658890000000326],[33.13747000000018,40.65936000000016],[33.13782000000003,40.65997000000016],[33.13704000000013,40.65983000000011],[33.13725000000011,40.66058000000021],[33.137110000000064,40.66079000000036],[33.13671000000022,40.66068000000064],[33.13626000000011,40.660720000000026],[33.13600000000008,40.66089000000028],[33.13600000000008,40.661100000000204],[33.13569000000018,40.66107000000022],[33.13533000000007,40.661590000000615],[33.13613000000015,40.66176000000047],[33.135830000000055,40.66252000000014],[33.13576000000012,40.66316000000012],[33.13559000000009,40.66333000000037],[33.135340000000156,40.663880000000404],[33.13517000000013,40.66464000000019],[33.13406000000015,40.66448000000031],[33.134530000000154,40.66548000000006],[33.135220000000174,40.665580000000375],[33.136760000000095,40.66678000000019],[33.13727000000017,40.66748000000052],[33.13655000000011,40.67095000000006],[33.13697000000025,40.671690000000694],[33.1370500000001,40.672210000000405],[33.13576000000012,40.67200000000008],[33.13535000000013,40.673110000000236],[33.13545000000005,40.67358000000007],[33.13499000000019,40.67366000000027],[33.13476000000014,40.67385000000036],[33.134380000000135,40.67354000000029],[33.1338300000001,40.673790000000395],[33.13381000000004,40.67352000000005],[33.13336000000015,40.673330000000135],[33.1335000000002,40.673820000000035],[33.133790000000204,40.67401000000012],[33.13402000000019,40.67386000000033],[33.13445000000007,40.67414000000019],[33.1344000000002,40.674440000000175],[33.1344900000002,40.67468000000014],[33.13412000000011,40.67480000000012],[33.13442000000009,40.67511000000019],[33.13397000000015,40.675400000000195],[33.13366000000008,40.67605000000049],[33.133510000000115,40.67617000000047],[33.133260000000234,40.676110000000335],[33.133070000000146,40.67620000000011],[33.13337000000007,40.67651000000018],[33.132670000000076,40.67688000000027],[33.1327500000001,40.676920000000166],[33.13257000000016,40.67704000000015],[33.13279000000006,40.67738000000003],[33.132580000000075,40.67774000000037],[33.13235000000003,40.67790000000008],[33.131750000000125,40.67775000000046],[33.13198000000017,40.67815000000019],[33.131310000000155,40.67836000000034],[33.13103000000007,40.67876000000018],[33.13039000000009,40.678470000000345],[33.13107000000019,40.678960000000416],[33.13111000000015,40.67954000000009],[33.13189000000017,40.68046000000015],[33.13191000000006,40.680730000000096],[33.13259000000022,40.68230000000034],[33.13387000000023,40.686870000000624],[33.132770000000335,40.68693000000047],[33.132420000000366,40.68683000000016],[33.13183000000021,40.68681000000032],[33.131060000000275,40.6871000000005],[33.13030000000026,40.68760000000049],[33.129730000000336,40.687480000000335],[33.12885000000034,40.68760000000049],[33.12850000000037,40.68740000000042],[33.12820000000022,40.68777000000051],[33.12704000000036,40.68723000000057],[33.12662000000023,40.687170000000435],[33.12653000000023,40.68694000000022],[33.12622000000039,40.68695000000014],[33.12543000000039,40.68675000000064],[33.124160000000245,40.68619000000052],[33.12352000000027,40.68540000000053],[33.12217000000027,40.68458000000015],[33.121990000000324,40.68431000000055],[33.121990000000324,40.6844100000003],[33.12181000000032,40.68453000000028],[33.12114000000031,40.68450000000064],[33.120660000000214,40.68462000000062],[33.12006000000031,40.684510000000046],[33.12007000000028,40.68505000000067],[33.119690000000276,40.68583000000058],[33.11934000000025,40.68623000000025],[33.118860000000325,40.686550000000466],[33.118460000000255,40.68651000000068],[33.11748000000034,40.68703000000039],[33.11742000000021,40.68713000000031],[33.11692000000022,40.687170000000435],[33.1163100000004,40.68788000000035],[33.1157800000002,40.68815000000035],[33.115490000000364,40.688480000000254],[33.11538000000036,40.688750000000596],[33.11503000000033,40.68900000000065],[33.11484000000024,40.68932000000012],[33.11460378580199,40.689479444584265],[33.10962844400018,40.68402372500009],[33.1052737440001,40.67527400400007],[33.10463194700003,40.67214599700014],[33.10419223500003,40.67120569200006],[33.10399457200015,40.67121430000009],[33.10384421600014,40.67100129500011],[33.10359693400011,40.67065097900007],[33.10430113100017,40.67030241600014],[33.10556855400017,40.66955795900009],[33.10587002900013,40.66947182300004],[33.10887246900006,40.66936107700013],[33.11031134100011,40.66930800400007],[33.11103201100019,40.669434908000085],[33.11297006100017,40.67031472100018],[33.11452050200012,40.67080692400009],[33.11923052800006,40.67062618100016],[33.12215950900003,40.670513784000036],[33.12496052800009,40.667875781000134],[33.124616728000035,40.666271381000115],[33.12599192800013,40.66426588100006],[33.12719522800006,40.66237498100014],[33.130243589000145,40.66172176100008],[33.130502113733144,40.65867117092546]]],"type":"Polygon"}},{"type":"Feature","properties":{"area_id":"TR-18-010-689554","name_tr":"Sünnetçiler","area_level":"neighbourhood","parent_id":"TR-18-010","endeksa_id":689554},"geometry":{"coordinates":[[[33.10359693400011,40.67065097900007],[33.10336693100015,40.670813334000115],[33.10290692500013,40.670941864999975],[33.102419860000055,40.670941864999975],[33.102961043000164,40.66967008400019],[33.102846042000124,40.668344185000194],[33.10277962294816,40.668081672628716],[33.104200816000116,40.66776190400003],[33.10540226800009,40.666907336000065],[33.10457907300008,40.6657499910001],[33.104948654,40.66479802800012],[33.107035281000094,40.664412456000036],[33.1086002510001,40.66373203400002],[33.110913685000185,40.66314233500003],[33.11281886600017,40.66239387100006],[33.122646823000025,40.65853288800008],[33.130502113733144,40.65867117092546],[33.130243589000145,40.66172176100008],[33.12719522800006,40.66237498100014],[33.12599192800013,40.66426588100006],[33.124616728000035,40.666271381000115],[33.12496052800009,40.667875781000134],[33.12215950900003,40.670513784000036],[33.11923052800006,40.67062618100016],[33.11452050200012,40.67080692400009],[33.11297006100017,40.67031472100018],[33.11103201100019,40.669434908000085],[33.11031134100011,40.66930800400007],[33.10887246900006,40.66936107700013],[33.10587002900013,40.66947182300004],[33.10556855400017,40.66955795900009],[33.10430113100017,40.67030241600014],[33.10359693400011,40.67065097900007]]],"type":"Polygon"}}]}