{"type":"FeatureCollection","source_id":"endeksa","retrieved_at":"2026-08-23","features":[{"type":"Feature","properties":{"area_id":"TR-21-003-192339","name_tr":"Bircemal","area_level":"neighbourhood","parent_id":"TR-21-003","endeksa_id":192339},"geometry":{"coordinates":[[[39.57022000000012,37.89593000000059],[39.564290000000085,37.90046000000024],[39.55802000000017,37.89970000000005],[39.55436000000003,37.900620000000686],[39.548370000000034,37.9048600000005],[39.54216000000014,37.90813000000037],[39.54175000000015,37.90535000000017],[39.54072000000019,37.90290000000033],[39.53699000000012,37.897680000000435],[39.535540000000026,37.89670000000035],[39.53325000000012,37.894300000000044],[39.53240000000011,37.890710000000695],[39.53303000000017,37.89005000000009],[39.53742000000017,37.88882000000012],[39.54071000000005,37.88689000000011],[39.54141000000004,37.88361000000015],[39.5441800000001,37.880480000000375],[39.55222000000009,37.87827000000027],[39.5561100000001,37.878540000000044],[39.55677000000014,37.877350000000206],[39.55991000000006,37.87891000000013],[39.55972000000014,37.87967000000032],[39.562090000000126,37.88691000000034],[39.564780000000155,37.888420000000224],[39.56656000000015,37.88883000000004],[39.566240000000164,37.89022000000011],[39.56454000000019,37.89261000000016],[39.56548000000015,37.89375000000018],[39.56707000000006,37.89429000000007],[39.57022000000012,37.89593000000059]]],"type":"Polygon"}},{"type":"Feature","properties":{"area_id":"TR-21-003-192325","name_tr":"Akçörten","area_level":"neighbourhood","parent_id":"TR-21-003","endeksa_id":192325},"geometry":{"coordinates":[[[39.47598000000016,37.96587000000011],[39.46957000000003,37.96701000000007],[39.46447000000012,37.96642000000014],[39.46242000000018,37.960560000000555],[39.46273000000025,37.958570000000066],[39.46031000000016,37.95598000000035],[39.457540000000165,37.95505000000014],[39.45585000000011,37.95505000000014],[39.45404000000008,37.95803000000012],[39.45347000000021,37.95721000000049],[39.45199000000014,37.95629000000042],[39.45195000000018,37.95605000000006],[39.45143000000013,37.95550000000043],[39.450690000000236,37.9541200000001],[39.449770000000115,37.952750000000265],[39.449180000000126,37.952380000000176],[39.44899000000004,37.952130000000125],[39.4489700000002,37.95138000000003],[39.448720000000094,37.95078000000012],[39.448280000000125,37.950400000000116],[39.4470300000001,37.94966000000039],[39.45861000000019,37.9456500000004],[39.47081000000014,37.93880000000013],[39.47581000000014,37.935710000000086],[39.47702000000004,37.93015000000008],[39.473710000000096,37.92428000000007],[39.47226000000023,37.91808000000009],[39.47419000000019,37.90996000000041],[39.474820000000136,37.909700000000214],[39.47510000000017,37.90880000000038],[39.47581000000014,37.90859000000006],[39.4760500000001,37.90880000000038],[39.47744000000017,37.90891000000022],[39.47776000000016,37.9092100000002],[39.4781000000001,37.909350000000416],[39.47837000000004,37.90931000000012],[39.47906000000012,37.9087600000006],[39.48063000000013,37.90895000000069],[39.481150000000184,37.909170000000415],[39.48086000000018,37.910040000000095],[39.48138000000023,37.910650000000146],[39.48196000000007,37.912020000000325],[39.485360000000185,37.91257000000036],[39.492390000000114,37.90664000000015],[39.494310000000155,37.90244000000064],[39.49745000000007,37.903380000000254],[39.49963000000014,37.90342000000004],[39.502460000000156,37.90308000000033],[39.50437000000011,37.90331000000015],[39.506670000000156,37.90299000000016],[39.509610000000066,37.9017800000002],[39.51362000000023,37.89948000000015],[39.51955000000004,37.89733000000007],[39.52178000000015,37.896930000000225],[39.52456000000018,37.89677000000046],[39.527950000000146,37.896410000000515],[39.53028000000023,37.896350000000155],[39.53246000000013,37.895570000000134],[39.53325000000012,37.894300000000044],[39.535540000000026,37.89670000000035],[39.53699000000012,37.897680000000435],[39.54072000000019,37.90290000000033],[39.53513000000004,37.90290000000033],[39.533680000000174,37.90845000000053],[39.537920000000156,37.9142800000003],[39.53803000000016,37.91841000000039],[39.53544000000011,37.921280000000536],[39.54057000000017,37.92743000000064],[39.53844000000015,37.929830000000265],[39.53596000000016,37.93080000000026],[39.533060000000205,37.93260000000066],[39.52996000000019,37.934230000000525],[39.52500000000015,37.93961000000019],[39.518380000000036,37.9433600000001],[39.515070000000094,37.9401000000002],[39.51197000000013,37.9456500000004],[39.50990000000007,37.94858000000016],[39.507470000000126,37.95228000000043],[39.50583000000012,37.952440000000195],[39.50446000000011,37.952850000000694],[39.50037000000009,37.952790000000164],[39.499520000000075,37.952600000000075],[39.498060000000066,37.95126000000005],[39.496820000000184,37.95073000000008],[39.49500000000023,37.94868000000031],[39.49025000000012,37.94924000000043],[39.484870000000114,37.95657000000011],[39.484870000000114,37.960160000000144],[39.47950000000009,37.96408000000048],[39.47598000000016,37.96587000000011]]],"type":"Polygon"}},{"type":"Feature","properties":{"area_id":"TR-21-003-192355","name_tr":"Kuşlukçayırı","area_level":"neighbourhood","parent_id":"TR-21-003","endeksa_id":192355},"geometry":{"coordinates":[[[39.59246000000013,37.93986000000024],[39.59240000000017,37.94088000000011],[39.5918200000001,37.94276000000019],[39.59079000000014,37.944480000000226],[39.58914000000004,37.94647000000003],[39.58818000000019,37.94732000000005],[39.58753000000007,37.94815000000011],[39.58645000000007,37.949280000000215],[39.583120000000065,37.95379000000031],[39.58276000000012,37.95422000000036],[39.58130000000011,37.95552000000009],[39.57997000000017,37.95742000000013],[39.57904000000019,37.958140000000185],[39.57861000000014,37.95863000000003],[39.57487000000009,37.95974000000024],[39.5746400000001,37.959500000000276],[39.57180000000011,37.95965000000058],[39.56883000000005,37.95968000000022],[39.56304000000006,37.95450000000011],[39.561960000000056,37.9541200000001],[39.560380000000066,37.9539400000001],[39.55568000000022,37.9530400000001],[39.55395000000004,37.94793000000004],[39.55085000000008,37.94320000000022],[39.54795000000013,37.93684000000047],[39.54518000000007,37.93306000000035],[39.54506000000009,37.93309000000016],[39.53844000000015,37.929830000000265],[39.54057000000017,37.92743000000064],[39.53544000000011,37.921280000000536],[39.53803000000016,37.91841000000039],[39.537920000000156,37.9142800000003],[39.533680000000174,37.90845000000053],[39.53513000000004,37.90290000000033],[39.54072000000019,37.90290000000033],[39.54175000000015,37.90535000000017],[39.54216000000014,37.90813000000037],[39.548370000000034,37.9048600000005],[39.55436000000003,37.900620000000686],[39.55802000000017,37.89970000000005],[39.564290000000085,37.90046000000024],[39.57022000000012,37.89593000000059],[39.57567000000006,37.89507000000049],[39.581660000000056,37.89621000000034],[39.58373000000006,37.912510000000395],[39.58424000000019,37.91470000000038],[39.5857400000001,37.91724000000022],[39.58744000000007,37.91872000000046],[39.58673000000016,37.92113000000023],[39.585760000000164,37.92294000000004],[39.58362000000005,37.92460000000028],[39.58503000000019,37.926980000000356],[39.58537000000007,37.9289100000002],[39.586250000000064,37.930970000000116],[39.58669000000003,37.932860000000176],[39.586710000000096,37.9342400000001],[39.58706000000012,37.936680000000194],[39.588390000000174,37.93832000000003],[39.59138000000013,37.93987000000038],[39.59246000000013,37.93986000000024]]],"type":"Polygon"}},{"type":"Feature","properties":{"area_id":"TR-21-003-192363","name_tr":"Sarıbalta","area_level":"neighbourhood","parent_id":"TR-21-003","endeksa_id":192363},"geometry":{"coordinates":[[[39.47419000000019,37.90996000000041],[39.47226000000023,37.91808000000009],[39.473710000000096,37.92428000000007],[39.47702000000004,37.93015000000008],[39.47581000000014,37.935710000000086],[39.47081000000014,37.93880000000013],[39.45861000000019,37.9456500000004],[39.4470300000001,37.94966000000039],[39.44530000000009,37.948320000000365],[39.444930000000056,37.947790000000396],[39.444750000000056,37.946860000000356],[39.444500000000176,37.946250000000305],[39.4438100000001,37.945070000000044],[39.44318000000004,37.94460000000021],[39.44272000000018,37.94438000000048],[39.44234000000017,37.94395000000043],[39.44222000000019,37.943430000000035],[39.44173000000012,37.942340000000115],[39.44206000000008,37.94162000000023],[39.44223000000011,37.94164000000006],[39.442360000000235,37.94150000000025],[39.441990000000146,37.94103000000041],[39.441590000000076,37.94105000000013],[39.44130000000007,37.940950000000214],[39.44102000000021,37.94102000000032],[39.44084000000004,37.94053000000025],[39.440940000000126,37.94051000000019],[39.44098000000008,37.94035000000031],[39.44061000000016,37.9400100000002],[39.439420000000155,37.93978000000004],[39.439270000000135,37.9395700000004],[39.43879000000004,37.93989000000005],[39.43847000000005,37.93994000000032],[39.43807000000015,37.93985000000015],[39.43790000000013,37.93994000000032],[39.437870000000146,37.940120000000434],[39.43750000000006,37.94016000000022],[39.43728000000016,37.94035000000031],[39.436700000000144,37.94050000000061],[39.43590000000023,37.9414000000001],[39.435330000000135,37.941690000000335],[39.434800000000166,37.94179000000008],[39.434180000000026,37.94217000000026],[39.4334800000002,37.94241000000022],[39.432980000000214,37.94276000000019],[39.4322200000002,37.942530000000204],[39.43207000000024,37.94239000000016],[39.43210000000005,37.9414000000001],[39.43108000000018,37.94133000000039],[39.42981000000009,37.94099000000011],[39.4294900000001,37.94065000000023],[39.42937000000012,37.939680000000294],[39.429480000000126,37.939180000000135],[39.429760000000044,37.93862000000013],[39.4295800000001,37.93731000000031],[39.43012000000016,37.93565000000007],[39.43045000000012,37.93513000000041],[39.430690000000084,37.934880000000305],[39.43172000000004,37.934440000000166],[39.432600000000036,37.93418000000065],[39.43367000000006,37.933270000000675],[39.43387000000013,37.932370000000105],[39.43426000000005,37.93174000000056],[39.43432000000024,37.93139000000019],[39.43452000000008,37.93106000000006],[39.43545000000012,37.93041000000011],[39.43676000000016,37.93019000000021],[39.43801000000019,37.929000000000144],[39.4387000000001,37.92814000000004],[39.43976939958884,37.927400567055315],[39.44048000000009,37.92619000000036],[39.44105000000019,37.92585000000065],[39.44172713800009,37.924959619000106],[39.443140000000085,37.92412000000036],[39.44334000000009,37.9234400000002],[39.44353000000018,37.923170000000596],[39.445090000000164,37.921590000000606],[39.444910000000164,37.92090000000036],[39.44425000000007,37.91950000000037],[39.44433000000015,37.91944000000035],[39.443630000000155,37.91801000000015],[39.44306000000006,37.91816000000034],[39.444690000000094,37.91748000000018],[39.447230000000104,37.91666000000055],[39.448090000000036,37.91649000000018],[39.44820000000004,37.91608000000019],[39.4489700000002,37.91573000000034],[39.44914000000006,37.915090000000134],[39.44984000000005,37.91415000000035],[39.451040000000035,37.91412000000071],[39.45301000000012,37.91361000000029],[39.45344000000017,37.913380000000075],[39.4549600000002,37.913100000000156],[39.45562000000007,37.91334000000012],[39.45687000000015,37.913260000000605],[39.458930000000066,37.912980000000175],[39.45972000000006,37.91282000000007],[39.460330000000056,37.91227000000026],[39.461320000000114,37.91231000000016],[39.46249000000006,37.91256000000027],[39.463580000000036,37.91253000000006],[39.466000000000065,37.91117000000037],[39.46725000000009,37.91114000000016],[39.468630000000076,37.91091000000017],[39.47014000000013,37.910100000000625],[39.4706700000001,37.90968000000015],[39.47159000000022,37.90937000000008],[39.47330000000011,37.90995000000032],[39.47419000000019,37.90996000000041]]],"type":"Polygon"}},{"type":"Feature","properties":{"area_id":"TR-21-003-192333","name_tr":"Arabük","area_level":"neighbourhood","parent_id":"TR-21-003","endeksa_id":192333},"geometry":{"coordinates":[[[39.518380000000036,37.9433600000001],[39.525820000000124,37.94842000000011],[39.53699000000012,37.95429000000047],[39.53596000000016,37.96196000000003],[39.533060000000205,37.96212000000031],[39.529130000000066,37.96196000000003],[39.52334000000013,37.96277000000009],[39.520860000000084,37.964890000000025],[39.517140000000154,37.96897000000007],[39.51052000000004,37.97712000000013],[39.4986600000002,37.973410000000115],[39.50158000000022,37.97055000000006],[39.502150000000086,37.9710800000002],[39.50356000000005,37.970910000000174],[39.50460000000015,37.97063000000031],[39.50576000000018,37.96995000000015],[39.50623000000019,37.9697800000003],[39.506450000000086,37.96949000000046],[39.50683000000009,37.969200000000114],[39.5072100000001,37.969170000000304],[39.508930000000134,37.9680900000003],[39.51059000000015,37.96603000000039],[39.51027000000016,37.96580000000017],[39.5089900000001,37.965450000000146],[39.50901000000016,37.96501000000069],[39.50881000000015,37.964150000000586],[39.50793000000016,37.96377000000041],[39.50828000000013,37.96240000000006],[39.50797000000006,37.961120000000165],[39.507470000000126,37.960470000000214],[39.506890000000055,37.96010000000018],[39.506890000000055,37.959690000000364],[39.50723000000016,37.95896000000033],[39.50761000000011,37.95853000000028],[39.50789000000003,37.95797000000016],[39.50798000000003,37.95739000000009],[39.50783000000024,37.954240000000596],[39.50790000000018,37.953400000000045],[39.507470000000126,37.95228000000043],[39.50990000000007,37.94858000000016],[39.51197000000013,37.9456500000004],[39.515070000000094,37.9401000000002],[39.518380000000036,37.9433600000001]]],"type":"Polygon"}},{"type":"Feature","properties":{"area_id":"TR-21-003-192359","name_tr":"Örenkuyu","area_level":"neighbourhood","parent_id":"TR-21-003","endeksa_id":192359},"geometry":{"coordinates":[[[39.4484800000003,37.97826000000026],[39.43834000000032,37.98250000000047],[39.430690000000254,37.98462000000052],[39.422970000000305,37.985990000000356],[39.41683000000029,37.98690000000016],[39.409100000000365,37.986980000000926],[39.401730000000214,37.98755000000034],[39.39843000000036,37.989340000000254],[39.394910000000095,37.97810000000021],[39.39160000000015,37.972880000000316],[39.39139000000017,37.96864000000011],[39.38666000000018,37.95725000000027],[39.38969000000003,37.95472000000052],[39.3982000000002,37.95110000000017],[39.39985000000013,37.948940000000334],[39.4000700000002,37.9488700000004],[39.40595000000013,37.94850000000031],[39.41512000000023,37.94812000000013],[39.421330000000125,37.942220000000134],[39.427120000000116,37.9405400000004],[39.42804000000018,37.94053000000025],[39.42874000000023,37.94072000000034],[39.42928000000012,37.94061000000033],[39.4294900000001,37.94065000000023],[39.42981000000009,37.94099000000011],[39.43108000000018,37.94133000000039],[39.43210000000005,37.9414000000001],[39.43207000000024,37.94239000000016],[39.4322200000002,37.942530000000204],[39.432980000000214,37.94276000000019],[39.4334800000002,37.94241000000022],[39.434180000000026,37.94217000000026],[39.434800000000166,37.94179000000008],[39.435330000000135,37.941690000000335],[39.43590000000023,37.9414000000001],[39.436700000000144,37.94050000000061],[39.43728000000016,37.94035000000031],[39.43750000000006,37.94016000000022],[39.437870000000146,37.940120000000434],[39.43790000000013,37.93994000000032],[39.43807000000015,37.93985000000015],[39.43847000000005,37.93994000000032],[39.43879000000004,37.93989000000005],[39.439270000000135,37.9395700000004],[39.439420000000155,37.93978000000004],[39.44061000000016,37.9400100000002],[39.44098000000008,37.94035000000031],[39.440940000000126,37.94051000000019],[39.44084000000004,37.94053000000025],[39.44102000000021,37.94102000000032],[39.44130000000007,37.940950000000214],[39.441590000000076,37.94105000000013],[39.441990000000146,37.94103000000041],[39.442360000000235,37.94150000000025],[39.44223000000011,37.94164000000006],[39.44206000000008,37.94162000000023],[39.44173000000012,37.942340000000115],[39.44222000000019,37.943430000000035],[39.44234000000017,37.94395000000043],[39.44272000000018,37.94438000000048],[39.44318000000004,37.94460000000021],[39.4438100000001,37.945070000000044],[39.444500000000176,37.946250000000305],[39.444750000000056,37.946860000000356],[39.444930000000056,37.947790000000396],[39.44530000000009,37.948320000000365],[39.4470300000001,37.94966000000039],[39.448280000000125,37.950400000000116],[39.448720000000094,37.95078000000012],[39.4489700000002,37.95138000000003],[39.44899000000004,37.952130000000125],[39.449180000000126,37.952380000000176],[39.449770000000115,37.952750000000265],[39.450690000000236,37.9541200000001],[39.45143000000013,37.95550000000043],[39.45195000000018,37.95605000000006],[39.45199000000014,37.95629000000042],[39.45347000000021,37.95721000000049],[39.45404000000008,37.95803000000012],[39.45585000000011,37.95505000000014],[39.457540000000165,37.95505000000014],[39.46031000000016,37.95598000000035],[39.46273000000025,37.958570000000066],[39.46242000000018,37.960560000000555],[39.46332000000018,37.963130000000035],[39.45716000000016,37.96408000000048],[39.45551000000006,37.964890000000025],[39.45344000000017,37.96717000000035],[39.45034000000004,37.96946000000014],[39.448680000000195,37.97451000000018],[39.4484800000003,37.97826000000026]]],"type":"Polygon"}},{"type":"Feature","properties":{"area_id":"TR-21-003-192361","name_tr":"Recep","area_level":"neighbourhood","parent_id":"TR-21-003","endeksa_id":192361},"geometry":{"coordinates":[[[39.494000000000085,37.97489000000036],[39.49185000000017,37.97492000000068],[39.48998000000017,37.97402000000011],[39.48890000000017,37.974190000000135],[39.48849000000018,37.97442000000052],[39.484870000000114,37.9750300000004],[39.479910000000075,37.97272000000055],[39.47577000000018,37.9697800000003],[39.47515000000004,37.967500000000655],[39.47598000000016,37.96587000000011],[39.47950000000009,37.96408000000048],[39.484870000000114,37.960160000000144],[39.484870000000114,37.95657000000011],[39.49025000000012,37.94924000000043],[39.49500000000023,37.94868000000031],[39.496820000000184,37.95073000000008],[39.498060000000066,37.95126000000005],[39.499520000000075,37.952600000000075],[39.50037000000009,37.952790000000164],[39.50446000000011,37.952850000000694],[39.50583000000012,37.952440000000195],[39.507470000000126,37.95228000000043],[39.50790000000018,37.953400000000045],[39.50783000000024,37.954240000000596],[39.50798000000003,37.95739000000009],[39.50789000000003,37.95797000000016],[39.50761000000011,37.95853000000028],[39.50723000000016,37.95896000000033],[39.506890000000055,37.959690000000364],[39.506890000000055,37.96010000000018],[39.507470000000126,37.960470000000214],[39.50797000000006,37.961120000000165],[39.50828000000013,37.96240000000006],[39.50793000000016,37.96377000000041],[39.50881000000015,37.964150000000586],[39.50901000000016,37.96501000000069],[39.5089900000001,37.965450000000146],[39.51027000000016,37.96580000000017],[39.51059000000015,37.96603000000039],[39.508930000000134,37.9680900000003],[39.5072100000001,37.969170000000304],[39.50683000000009,37.969200000000114],[39.506450000000086,37.96949000000046],[39.50623000000019,37.9697800000003],[39.50576000000018,37.96995000000015],[39.50460000000015,37.97063000000031],[39.50356000000005,37.970910000000174],[39.502150000000086,37.9710800000002],[39.50158000000022,37.97055000000006],[39.4986600000002,37.973410000000115],[39.497100000000046,37.974160000000325],[39.496100000000126,37.974190000000135],[39.49559000000016,37.97440000000029],[39.495270000000176,37.97475000000014],[39.494000000000085,37.97489000000036]]],"type":"Polygon"}},{"type":"Feature","properties":{"area_id":"TR-21-003-192323","name_tr":"Ağaçhan","area_level":"neighbourhood","parent_id":"TR-21-003","endeksa_id":192323},"geometry":{"coordinates":[[[39.35374000000036,37.970350000000394],[39.35248000000041,37.97079000000019],[39.34982000000042,37.972230000000366],[39.34962000000036,37.972240000000795],[39.34746000000035,37.97309000000007],[39.346060000000364,37.973420000000374],[39.34550000000036,37.974030000000425],[39.34517000000022,37.974990000000275],[39.34431000000029,37.975650000000144],[39.342620000000295,37.9766800000001],[39.34137000000027,37.97820000000047],[39.34018000000037,37.97923000000077],[39.33920000000029,37.979330000000516],[39.33845000000042,37.97951000000069],[39.33786000000026,37.97989000000035],[39.33724000000029,37.980450000000474],[39.3376200000003,37.98143000000039],[39.33768000000026,37.98258000000084],[39.33679000000035,37.98371000000054],[39.335960000000284,37.98397000000074],[39.3352400000004,37.98387000000048],[39.33346000000034,37.98251000000039],[39.33096000000029,37.98228000000017],[39.330070000000376,37.982020000000546],[39.32903000000027,37.98132000000032],[39.32772000000023,37.98087000000004],[39.32496000000032,37.98061000000075],[39.32371000000029,37.98010000000028],[39.322520000000225,37.978650000000584],[39.32184000000029,37.977100000000405],[39.32118000000037,37.97590000000025],[39.3202600000003,37.97572000000025],[39.317470000000355,37.974900000000616],[39.31658000000027,37.974470000000565],[39.315980000000366,37.974030000000425],[39.31562000000025,37.973510000000374],[39.315800000000365,37.97279000000049],[39.31622000000033,37.97206000000011],[39.31631000000033,37.97108000000043],[39.31655000000029,37.97019000000029],[39.31714000000022,37.96913000000069],[39.31857000000025,37.9680800000005],[39.321030000000235,37.9666900000006],[39.322971851658,37.96593703711301],[39.32183944336339,37.96503516799174],[39.32181701448508,37.96493357758118],[39.324555737000026,37.96403464800028],[39.324519237380855,37.96393550347199],[39.323350000000175,37.963220000000376],[39.32328000000007,37.96116000000046],[39.324010000000044,37.958550000000514],[39.32628762400003,37.956436984000106],[39.33235640700008,37.95638198100028],[39.33479000000011,37.95270000000039],[39.34447000000006,37.95532000000043],[39.34983000000017,37.95688000000018],[39.3554900000002,37.95832000000013],[39.3546300000001,37.95974000000024],[39.35550000000018,37.960870000000114],[39.354860000000144,37.96379000000013],[39.35212000000013,37.965860000000134],[39.35374000000036,37.970350000000394]]],"type":"Polygon"}},{"type":"Feature","properties":{"area_id":"TR-21-003-192347","name_tr":"İncili","area_level":"neighbourhood","parent_id":"TR-21-003","endeksa_id":192347},"geometry":{"coordinates":[[[39.53313000000014,38.00300000000004],[39.53314000000006,38.003310000000624],[39.53285000000005,38.00367000000006],[39.53032000000013,38.00450000000035],[39.52706000000006,38.00351000000012],[39.52350000000018,38.00362000000018],[39.51354000000015,38.00286000000034],[39.51103000000012,38.00220000000007],[39.5108400000002,38.00230000000022],[39.508960000000116,38.00247000000007],[39.507200000000125,38.00214000000045],[39.5058600000001,38.001570000000186],[39.50521000000015,38.00169000000017],[39.504840000000115,38.000800000000424],[39.50383000000022,38.00000000000034],[39.50229000000013,37.99923000000018],[39.500970000000166,37.998820000000194],[39.50042000000013,37.998290000000225],[39.4999600000001,37.998280000000136],[39.49923000000007,37.997360000000185],[39.49671000000012,37.995310000000245],[39.495860000000164,37.995310000000245],[39.493170000000134,37.99436000000048],[39.49195000000009,37.992530000000045],[39.49142000000012,37.990270000000294],[39.49108000000007,37.98762000000005],[39.49268000000012,37.986610000000155],[39.49368000000004,37.98554000000007],[39.49573000000004,37.98368000000005],[39.49637000000007,37.98235000000011],[39.49690000000004,37.98165000000046],[39.49779000000012,37.980140000000574],[39.49752000000018,37.97898000000015],[39.49711000000019,37.978090000000066],[39.49477000000019,37.97931000000011],[39.49352000000016,37.976920000000064],[39.492550000000165,37.975950000000125],[39.494000000000085,37.97489000000036],[39.495270000000176,37.97475000000014],[39.49559000000016,37.97440000000029],[39.496100000000126,37.974190000000135],[39.497100000000046,37.974160000000325],[39.4986600000002,37.973410000000115],[39.51052000000004,37.97712000000013],[39.517140000000154,37.96897000000007],[39.520860000000084,37.964890000000025],[39.52334000000013,37.96277000000009],[39.529130000000066,37.96196000000003],[39.533060000000205,37.96212000000031],[39.53596000000016,37.96196000000003],[39.53699000000012,37.95429000000047],[39.525820000000124,37.94842000000011],[39.518380000000036,37.9433600000001],[39.52500000000015,37.93961000000019],[39.52996000000019,37.934230000000525],[39.533060000000205,37.93260000000066],[39.53596000000016,37.93080000000026],[39.53844000000015,37.929830000000265],[39.54506000000009,37.93309000000016],[39.54518000000007,37.93306000000035],[39.54795000000013,37.93684000000047],[39.55085000000008,37.94320000000022],[39.55395000000004,37.94793000000004],[39.55568000000022,37.9530400000001],[39.560380000000066,37.9539400000001],[39.561960000000056,37.9541200000001],[39.56304000000006,37.95450000000011],[39.56883000000005,37.95968000000022],[39.566760000000215,37.96126000000021],[39.56361000000015,37.96407000000039],[39.56235000000015,37.96544000000006],[39.56183000000016,37.96611000000007],[39.562050000000056,37.966480000000104],[39.56067000000007,37.96913000000052],[39.56009000000006,37.96969000000013],[39.559550000000115,37.96993000000009],[39.55802000000017,37.97136000000029],[39.55703000000017,37.972790000000145],[39.55637000000007,37.973290000000134],[39.55452000000014,37.975520000000074],[39.55098000000015,37.979050000000086],[39.55021000000005,37.97934000000032],[39.549760000000106,37.98003000000017],[39.54918000000009,37.9802500000003],[39.549070000000256,37.980470000000196],[39.54785000000021,37.98105000000055],[39.54906000000011,37.98129000000051],[39.5493400000002,37.98253000000011],[39.54649000000012,37.98378000000048],[39.5441800000001,37.984470000000044],[39.54283000000015,37.98442000000017],[39.54075000000017,37.984780000000114],[39.53856000000013,37.98498000000029],[39.53540000000015,37.98476000000005],[39.5341600000001,37.98592000000008],[39.533840000000055,37.98590000000041],[39.53382000000016,37.98601000000025],[39.533310000000085,37.98638000000034],[39.53270000000009,37.9866200000003],[39.5320200000001,37.987540000000365],[39.53215000000023,37.98767000000032],[39.53206000000006,37.98793000000012],[39.53181000000012,37.98786000000041],[39.531390000000044,37.988000000000056],[39.53104000000019,37.98784000000035],[39.53062000000011,37.98795000000018],[39.53009000000014,37.98792000000054],[39.5298600000001,37.987790000000075],[39.52933000000013,37.987940000000094],[39.52943000000005,37.988770000000386],[39.52825000000013,37.99159000000009],[39.52794000000006,37.991780000000176],[39.52884000000006,37.99161000000032],[39.52926000000019,37.991840000000195],[39.529320000000155,37.992000000000075],[39.52985000000018,37.99248000000017],[39.53029000000015,37.992650000000424],[39.530330000000106,37.99306000000024],[39.53070000000014,37.99366000000015],[39.53070000000014,37.99384000000009],[39.530460000000176,37.99410000000029],[39.53038000000015,37.994390000000124],[39.53048000000007,37.994810000000086],[39.530800000000056,37.994910000000516],[39.53107000000023,37.99484000000041],[39.53119000000021,37.99465000000032],[39.531730000000096,37.9949500000003],[39.531950000000165,37.99580000000026],[39.531830000000184,37.99632000000065],[39.53144000000009,37.9969100000003],[39.53171000000003,37.99724000000003],[39.531300000000044,37.99760000000015],[39.53132000000011,37.997760000000426],[39.531210000000044,37.997970000000066],[39.53088000000014,37.99802000000011],[39.530650000000094,37.99830000000037],[39.53075000000018,37.99846000000008],[39.530590000000075,37.998690000000124],[39.53063000000003,37.99879000000038],[39.5309400000001,37.9988500000004],[39.53118000000006,37.99908000000022],[39.53167000000013,37.99929000000054],[39.53181000000012,37.999650000000486],[39.53236000000015,38.000490000000354],[39.532350000000065,38.00094000000013],[39.53265000000022,38.00108000000017],[39.5326800000002,38.00137000000018],[39.5325900000002,38.00165000000027],[39.53270000000009,38.001910000000066],[39.53311000000008,38.002380000000414],[39.53313000000014,38.00300000000004]]],"type":"Polygon"}},{"type":"Feature","properties":{"area_id":"TR-21-003-192375","name_tr":"Güçlütaş","area_level":"neighbourhood","parent_id":"TR-21-003","endeksa_id":192375},"geometry":{"coordinates":[[[39.41065901100029,38.034332801000346],[39.41062615900029,38.034486993000314],[39.409371774000306,38.034347488000776],[39.41019398300023,38.03403630200029],[39.40548832800033,38.032327775000226],[39.402528221000296,38.035739186000455],[39.394068988000356,38.03869430600054],[39.39226210000021,38.03857234600025],[39.39228279800034,38.03826560000027],[39.39181541500028,38.03834128300036],[39.391861236000295,38.038164420000214],[39.390489941170586,38.03783529361078],[39.390480000000366,38.037040000000616],[39.39068000000026,38.03699000000057],[39.39099000000033,38.03644000000054],[39.3909500000002,38.036140000000216],[39.3896000000002,38.033220000000426],[39.38907000000023,38.033140000000515],[39.38814000000042,38.03133000000054],[39.38650000000024,38.02205000000026],[39.38737000000026,38.02141000000057],[39.38808000000023,38.02075000000053],[39.388930000000414,38.020500000000595],[39.389740000000245,38.02039000000042],[39.3881700000004,38.01893000000058],[39.38775000000027,38.01865000000032],[39.387730000000374,38.01846000000023],[39.388220000000274,38.0180600000005],[39.389700000000346,38.01749000000024],[39.389930000000334,38.01714000000095],[39.39072000000033,38.01699000000008],[39.39109000000042,38.016780000000495],[39.39165000000037,38.01621000000023],[39.392560000000344,38.016160000000355],[39.39365000000032,38.015950000000544],[39.39441000000028,38.016070000000695],[39.39489000000043,38.015950000000544],[39.395220000000336,38.0157700000002],[39.39576000000028,38.01527000000027],[39.39597000000043,38.01494000000082],[39.39631000000031,38.014680000000624],[39.39710000000031,38.01443000000057],[39.39762000000036,38.01401000000061],[39.397910000000365,38.01354000000026],[39.39871000000028,38.01273000000003],[39.39946000000032,38.01219000000066],[39.39986000000022,38.011730000000966],[39.40025000000031,38.011490000001004],[39.400490000000275,38.011230000000296],[39.4010200000003,38.01088000000044],[39.40130000000033,38.01081000000033],[39.401290000000245,38.01072000000039],[39.40275000000025,38.01107000000053],[39.40308000000039,38.01076000000046],[39.40337000000039,38.01069000000035],[39.40347000000031,38.01045000000039],[39.404020000000344,38.01013000000023],[39.40620000000024,38.00967000000105],[39.40684000000027,38.00928000000022],[39.40728000000024,38.00926000000055],[39.40816000000024,38.00905000000091],[39.40994000000023,38.00912000000051],[39.410680000000355,38.00898000000029],[39.411020000000235,38.008880000000545],[39.41166000000027,38.008510000000456],[39.41210000000024,38.007770000000335],[39.41277000000025,38.00739000000016],[39.412970271445204,38.00735930094709],[39.415630537957895,38.007083741880706],[39.42132598318443,38.0091473127801],[39.42704981033927,38.01042517996973],[39.43211283903884,38.014615916189825],[39.431349680000324,38.01503246300024],[39.429579103000265,38.01693255000083],[39.426617685000224,38.0176436280002],[39.42784531100034,38.02087287900031],[39.423400835000336,38.02547603100032],[39.42226427900022,38.029470607000576],[39.410649239000236,38.034108483000296],[39.410717225000326,38.0342262810006],[39.41065901100029,38.034332801000346]]],"type":"Polygon"}},{"type":"Feature","properties":{"area_id":"TR-21-003-192253","name_tr":"Çukurelma","area_level":"neighbourhood","parent_id":"TR-21-003","endeksa_id":192253},"geometry":{"coordinates":[[[39.13915502000003,38.02261008700032],[39.13911043400009,38.02270395700026],[39.13547000101056,38.024986319027846],[39.1352454490106,38.025070526027775],[39.13208241300009,38.02363511000016],[39.12644990100017,38.02526612499997],[39.125284380000096,38.02527011900031],[39.11807833000017,38.02359999000009],[39.11798918699998,38.0235157030001],[39.118052109000075,38.02341862200018],[39.12731070800004,38.01955676800003],[39.131552364000186,38.01232048899999],[39.13546175300007,38.00886763300048],[39.13571906700008,38.0085551680001],[39.13572854300014,38.00846140599998],[39.13560450900019,38.008350686000426],[39.131173036000064,38.00506479300009],[39.13507495800013,38.00608074100046],[39.136493299000165,38.00358604100046],[39.13976225300013,38.004041760000064],[39.14019728800014,38.00281788100017],[39.13847645300012,38.002371385000174],[39.14032249799999,38.00085805200007],[39.14769997900015,38.00115863400043],[39.14973643800016,38.00202405400012],[39.14976356200009,38.004223975000116],[39.14738465400012,38.00533667900004],[39.14728803800011,38.005605183],[39.1474901200001,38.006699352000396],[39.146018440000034,38.00912241500009],[39.148033231,38.00964002400019],[39.149328163000064,38.01665142700023],[39.14926526000011,38.01681127200004],[39.13876617400001,38.02050651700034],[39.13871639200016,38.020601188000114],[39.13915502000003,38.02261008700032]]],"type":"Polygon"}},{"type":"Feature","properties":{"area_id":"TR-21-003-192313","name_tr":"Yabanardı","area_level":"neighbourhood","parent_id":"TR-21-003","endeksa_id":192313},"geometry":{"coordinates":[[[39.35134792408331,38.01251485650465],[39.35154003800028,38.01237663000046],[39.3516198340003,38.0124107340003],[39.35154930300024,38.012215172000424],[39.35202939700031,38.01223522000066],[39.35195302900024,38.01202347400073],[39.35154704200028,38.01220890400026],[39.35149410400021,38.01199636400008],[39.34768092500025,38.01294612500044],[39.34724125900027,38.01342477700041],[39.336868516000266,38.015637553000374],[39.32013168400033,38.01354091200034],[39.315036432000284,38.01151037200037],[39.30261467700018,38.01602264000053],[39.30247576800036,38.015904604000525],[39.30241468800028,38.01521820800025],[39.302418649000344,38.01376871900027],[39.302326757000344,38.013357755000015],[39.30240755600022,38.0133539360005],[39.302397556000244,38.01298000800011],[39.30228661200033,38.01250835500008],[39.30238481900017,38.01250371300023],[39.302376464000304,38.012191304000226],[39.30224646600021,38.011658955000144],[39.30236208200034,38.0116534910004],[39.30235537200031,38.01140259500028],[39.30220632100014,38.01080955500021],[39.30233934500035,38.01080326800013],[39.3023342810003,38.01061389100022],[39.302166175000195,38.00996015500027],[39.3023166080003,38.00995304500026],[39.3023131890003,38.009825182000384],[39.30212602900025,38.009110755000336],[39.3022938700002,38.0091028220005],[39.30229209600026,38.009036475000585],[39.3020858830003,38.0082613560005],[39.302271133000204,38.00825260000033],[39.3020626830002,38.00777049200002],[39.302045737000356,38.007411955000464],[39.30224839600021,38.0074023770004],[39.301799784000195,38.00624718600028],[39.30198739100035,38.00617382200028],[39.301982264000344,38.00606472600032],[39.30172855900025,38.00563485200024],[39.30195785000029,38.00554518700039],[39.30194701600027,38.005314654000244],[39.301582782000196,38.00533189700013],[39.30057437000022,38.00312441600022],[39.299357370330995,38.00151359401718],[39.29939627500016,38.00138165500067],[39.299710935004896,38.00134859957916],[39.299780000000226,38.00137000000052],[39.3011700000003,37.99583000000007],[39.30215000000021,37.994450000000484],[39.303780000000245,37.993270000000564],[39.30518000000029,37.99238000000025],[39.30735000000021,37.99177000000043],[39.30863000000028,37.99124000000063],[39.3116600000003,37.99081000000058],[39.3124100000004,37.99016000000046],[39.31244000000038,37.989030000000184],[39.31196000000028,37.98784000000069],[39.31119000000035,37.98662000000047],[39.3084200000003,37.98341000000045],[39.30435000000034,37.98015000000015],[39.303810000000226,37.9795400000005],[39.30197000000027,37.978370000000666],[39.300810000000354,37.97818000000058],[39.300280000000214,37.97779000000048],[39.2993000000003,37.977530000000456],[39.298820000000205,37.977290000000494],[39.29832000000022,37.97638000000052],[39.295220000000256,37.97392000000053],[39.29305000000028,37.973260000000494],[39.28868000000034,37.9725100000004],[39.28559000000013,37.97237000000018],[39.282745148493404,37.973793950606705],[39.27979000000022,37.9739000000003],[39.276715068822284,37.974767612967014],[39.271772468928305,37.97477879361702],[39.27163703070073,37.97470374789077],[39.27165558410894,37.97457705732944],[39.28258199845078,37.9630984020738],[39.282759157754924,37.96305620222256],[39.282867255761914,37.96317366527978],[39.28286142300021,37.96287440100048],[39.29291310100007,37.95235964200009],[39.293300834093316,37.952145523409854],[39.29323905224402,37.95228427247861],[39.29338539015737,37.9523750101925],[39.30831331000036,37.9528607660007],[39.30834293436982,37.952753824109436],[39.30839100000037,37.95302120000065],[39.30854530000039,37.95326200000051],[39.31110280000041,37.955878800000335],[39.32120154087539,37.964676951320314],[39.32290414842106,37.96596328938858],[39.321030000000235,37.9666900000006],[39.31857000000025,37.9680800000005],[39.31714000000022,37.96913000000069],[39.31655000000029,37.97019000000029],[39.31631000000033,37.97108000000043],[39.31622000000033,37.97206000000011],[39.315800000000365,37.97279000000049],[39.31562000000025,37.973510000000374],[39.315980000000366,37.974030000000425],[39.31658000000027,37.974470000000565],[39.317470000000355,37.974900000000616],[39.3202600000003,37.97572000000025],[39.32118000000037,37.97590000000025],[39.32184000000029,37.977100000000405],[39.322520000000225,37.978650000000584],[39.32371000000029,37.98010000000028],[39.32496000000032,37.98061000000075],[39.32772000000023,37.98087000000004],[39.32903000000027,37.98132000000032],[39.330070000000376,37.982020000000546],[39.33096000000029,37.98228000000017],[39.33346000000034,37.98251000000039],[39.3352400000004,37.98387000000048],[39.335960000000284,37.98397000000074],[39.33679000000035,37.98371000000054],[39.33768000000026,37.98258000000084],[39.3376200000003,37.98143000000039],[39.33724000000029,37.980450000000474],[39.33786000000026,37.97989000000035],[39.33845000000042,37.97951000000069],[39.33920000000029,37.979330000000516],[39.34018000000037,37.97923000000077],[39.34137000000027,37.97820000000047],[39.342620000000295,37.9766800000001],[39.34431000000029,37.975650000000144],[39.34517000000022,37.974990000000275],[39.34550000000036,37.974030000000425],[39.346060000000364,37.973420000000374],[39.34746000000035,37.97309000000007],[39.34962000000036,37.972240000000795],[39.34982000000042,37.972230000000366],[39.35248000000041,37.97079000000019],[39.35374000000036,37.970350000000394],[39.35449000000028,37.9709900000006],[39.353770000000395,37.97587000000027],[39.35342000000037,37.97625000000005],[39.352500000000305,37.97647000000052],[39.351910000000316,37.97644000000014],[39.35168000000027,37.976920000000064],[39.3518100000004,37.97771000000006],[39.35216000000037,37.9783300000002],[39.350740000000314,37.980390000000114],[39.350640000000226,37.98077000000029],[39.350430000000244,37.98108000000036],[39.35113000000024,37.981560000000286],[39.3518100000004,37.98217000000034],[39.35231000000039,37.982860000000755],[39.35276000000027,37.98368000000039],[39.352350000000285,37.984970000000544],[39.352130000000216,37.98675000000054],[39.35166000000021,37.988530000000026],[39.35156000000029,37.99147000000028],[39.351670000000354,37.99295000000052],[39.35218000000026,37.99422000000044],[39.35249000000033,37.99529000000052],[39.35271000000023,37.997140000000456],[39.353620000000205,37.998170000000414],[39.35441000000037,37.9986200000007],[39.35466000000031,37.998940000000175],[39.35457000000031,37.99964000000057],[39.354730000000416,38.000020000000575],[39.35537000000022,38.00066000000038],[39.35626000000036,38.00187000000051],[39.35685000000029,38.00234000000012],[39.357090000000255,38.00267000000042],[39.35636000000028,38.003840000000594],[39.35499000000027,38.005380000000116],[39.354550000000245,38.00674000000038],[39.35484000000025,38.00766000000067],[39.356090000000336,38.00818000000015],[39.35618000000028,38.00890000000004],[39.355600000000265,38.01097000000078],[39.35134792408331,38.01251485650465]]],"type":"Polygon"}},{"type":"Feature","properties":{"area_id":"TR-21-003-192225","name_tr":"Armağantaşı","area_level":"neighbourhood","parent_id":"TR-21-003","endeksa_id":192225},"geometry":{"coordinates":[[[39.18405000000013,38.00559000000027],[39.18282000000016,38.007110000000296],[39.180860000000166,38.01135000000011],[39.180030000000045,38.01550000000026],[39.177240000000154,38.01827000000014],[39.175480000000164,38.02104000000037],[39.17429692100649,38.02192730918364],[39.171499556000356,38.02000023600027],[39.169499557000336,38.018900236000206],[39.16828312600103,38.01833880699843],[39.16644959000013,38.02277599200028],[39.16649152400004,38.022884874000226],[39.15855871000025,38.01798174000061],[39.151558095000155,38.016023344000075],[39.14949495700017,38.016730223000025],[39.149328163000064,38.01665142700023],[39.148033231,38.00964002400019],[39.146018440000034,38.00912241500009],[39.1474901200001,38.006699352000396],[39.14728803800011,38.005605183],[39.14738465400012,38.00533667900004],[39.14976356200009,38.004223975000116],[39.14973643800016,38.00202405400012],[39.14769997900015,38.00115863400043],[39.14714642300004,38.00113607999998],[39.14666712400003,38.000791276000086],[39.14683605700009,37.995237061000125],[39.14917576400012,37.994553286000155],[39.15250687587911,37.99560640866707],[39.15257000000014,37.995780000000195],[39.15573000000012,37.99619000000041],[39.163180000000125,37.99914000000024],[39.1648400000002,37.99949000000004],[39.16628000000014,38.0000600000003],[39.16690000000011,38.00016000000005],[39.171610000000044,38.0015600000001],[39.171790000000044,38.00170000000031],[39.17261000000019,38.001980000000174],[39.17366000000004,38.0022400000002],[39.17391000000015,38.00245000000052],[39.17460000000017,38.00258000000008],[39.17756000000014,38.00360000000046],[39.18405000000013,38.00559000000027]]],"type":"Polygon"}},{"type":"Feature","properties":{"area_id":"TR-21-003-192365","name_tr":"Sarıca","area_level":"neighbourhood","parent_id":"TR-21-003","endeksa_id":192365},"geometry":{"coordinates":[[[39.574260000000265,38.01708000000042],[39.572560000000294,38.01767000000075],[39.57188000000036,38.01780000000031],[39.57114000000041,38.021960000000604],[39.56902000000031,38.02145000000087],[39.569300000000226,38.01955000000015],[39.56839000000025,38.01726000000025],[39.56722000000008,38.01651000000015],[39.565930000000094,38.01603000000006],[39.56445000000019,38.014520000000175],[39.56223000000017,38.01181000000048],[39.56176000000022,38.01156000000043],[39.561010000000124,38.012350000000026],[39.56068000000022,38.01239000000015],[39.558990000000165,38.01184000000012],[39.55864000000014,38.01162000000039],[39.556920000000105,38.011670000000265],[39.55554000000018,38.01159000000007],[39.554690000000164,38.01106000000027],[39.55330000000009,38.010770000000036],[39.55105000000009,38.0093600000003],[39.550440000000094,38.00906000000032],[39.54581000000013,38.00806000000017],[39.54220000000004,38.00691000000006],[39.53742000000017,38.00563000000005],[39.53466000000026,38.00405000000006],[39.533710000000156,38.003020000000106],[39.53313000000014,38.00300000000004],[39.53311000000008,38.002380000000414],[39.53270000000009,38.001910000000066],[39.5325900000002,38.00165000000027],[39.5326800000002,38.00137000000018],[39.53265000000022,38.00108000000017],[39.532350000000065,38.00094000000013],[39.53236000000015,38.000490000000354],[39.53181000000012,37.999650000000486],[39.53167000000013,37.99929000000054],[39.53118000000006,37.99908000000022],[39.5309400000001,37.9988500000004],[39.53063000000003,37.99879000000038],[39.530590000000075,37.998690000000124],[39.53075000000018,37.99846000000008],[39.530650000000094,37.99830000000037],[39.53088000000014,37.99802000000011],[39.531210000000044,37.997970000000066],[39.53132000000011,37.997760000000426],[39.531300000000044,37.99760000000015],[39.53171000000003,37.99724000000003],[39.53144000000009,37.9969100000003],[39.531830000000184,37.99632000000065],[39.531950000000165,37.99580000000026],[39.531730000000096,37.9949500000003],[39.53119000000021,37.99465000000032],[39.53107000000023,37.99484000000041],[39.530800000000056,37.994910000000516],[39.53048000000007,37.994810000000086],[39.53038000000015,37.994390000000124],[39.530460000000176,37.99410000000029],[39.53070000000014,37.99384000000009],[39.53070000000014,37.99366000000015],[39.530330000000106,37.99306000000024],[39.53029000000015,37.992650000000424],[39.52985000000018,37.99248000000017],[39.529320000000155,37.992000000000075],[39.52926000000019,37.991840000000195],[39.52884000000006,37.99161000000032],[39.52794000000006,37.991780000000176],[39.52825000000013,37.99159000000009],[39.52943000000005,37.988770000000386],[39.52933000000013,37.987940000000094],[39.5298600000001,37.987790000000075],[39.53009000000014,37.98792000000054],[39.53062000000011,37.98795000000018],[39.53104000000019,37.98784000000035],[39.531390000000044,37.988000000000056],[39.53181000000012,37.98786000000041],[39.53206000000006,37.98793000000012],[39.53215000000023,37.98767000000032],[39.5320200000001,37.987540000000365],[39.53270000000009,37.9866200000003],[39.533310000000085,37.98638000000034],[39.53382000000016,37.98601000000025],[39.533840000000055,37.98590000000041],[39.5341600000001,37.98592000000008],[39.53540000000015,37.98476000000005],[39.53856000000013,37.98498000000029],[39.54075000000017,37.984780000000114],[39.54283000000015,37.98442000000017],[39.5441800000001,37.984470000000044],[39.54649000000012,37.98378000000048],[39.5493400000002,37.98253000000011],[39.54906000000011,37.98129000000051],[39.54785000000021,37.98105000000055],[39.549070000000256,37.980470000000196],[39.54918000000009,37.9802500000003],[39.549760000000106,37.98003000000017],[39.55021000000005,37.97934000000032],[39.55098000000015,37.979050000000086],[39.55452000000014,37.975520000000074],[39.55637000000007,37.973290000000134],[39.55703000000017,37.972790000000145],[39.55802000000017,37.97136000000029],[39.559550000000115,37.96993000000009],[39.56009000000006,37.96969000000013],[39.56067000000007,37.96913000000052],[39.562050000000056,37.966480000000104],[39.56183000000016,37.96611000000007],[39.56235000000015,37.96544000000006],[39.56361000000015,37.96407000000039],[39.566760000000215,37.96126000000021],[39.56883000000005,37.95968000000022],[39.57180000000011,37.95965000000058],[39.5746400000001,37.959500000000276],[39.57487000000009,37.95974000000024],[39.57475000000011,37.962510000000066],[39.575310000000115,37.963630000000194],[39.57600000000019,37.96377000000041],[39.57678000000004,37.96330000000006],[39.57737000000003,37.963470000000086],[39.57779000000011,37.96442000000019],[39.578350000000114,37.96529000000004],[39.578720000000146,37.96605000000005],[39.57932000000005,37.96597000000054],[39.580090000000155,37.965170000000285],[39.580400000000054,37.96869000000038],[39.581010000000106,37.97159000000016],[39.58190000000019,37.97504000000015],[39.58116000000007,37.97537000000028],[39.581110000000194,37.97869000000014],[39.58022000000011,37.97934000000032],[39.580300000000136,37.98139000000026],[39.580490000000054,37.98312000000004],[39.57994000000019,37.984030000000416],[39.5793700000001,37.98535000000038],[39.579520000000116,37.9858000000001],[39.57907000000017,37.986490000000174],[39.57918000000018,37.987140000000124],[39.57958000000008,37.988250000000164],[39.57926000000009,37.98860000000013],[39.57919000000015,37.98911000000027],[39.578690000000165,37.990700000000345],[39.5788500000001,37.991660000000195],[39.578600000000165,37.99194000000011],[39.578160000000196,37.992890000000386],[39.578470000000095,37.993980000000306],[39.57818000000009,37.994170000000395],[39.578250000000196,37.99430000000012],[39.57752000000016,37.99475000000007],[39.576890000000105,37.99486000000013],[39.5766000000001,37.99511000000018],[39.57567000000006,37.995530000000144],[39.57508000000007,37.99555000000021],[39.574730000000045,37.99571000000009],[39.57371000000006,37.99590000000018],[39.57301000000024,37.99635000000029],[39.57284000000021,37.99712000000005],[39.571810000000255,37.997820000000274],[39.570790000000045,37.99837000000008],[39.570140000000094,37.99836000000033],[39.566640000000234,38.000580000000696],[39.56906000000026,38.0024200000002],[39.57273000000015,38.004610000000184],[39.575010000000134,38.00602000000032],[39.57756000000012,38.007760000000076],[39.57546000000008,38.01036000000005],[39.574610000000064,38.011700000000076],[39.574230000000114,38.01296000000042],[39.574170000000095,38.014270000000124],[39.57399000000015,38.01513000000023],[39.574140000000114,38.01562000000024],[39.574260000000265,38.01708000000042]]],"type":"Polygon"}},{"type":"Feature","properties":{"area_id":"TR-21-003-192343","name_tr":"Gürüz","area_level":"neighbourhood","parent_id":"TR-21-003","endeksa_id":192343},"geometry":{"coordinates":[[[39.397390000000314,37.99326000000059],[39.391190000000165,38.002220000000136],[39.3870500000001,38.00401000000028],[39.38229000000007,38.00629000000009],[39.37878000000006,38.01069000000018],[39.37754000000018,38.01314000000042],[39.37506000000013,38.01640000000015],[39.37257000000017,38.017860000000155],[39.36923000000019,38.02182000000022],[39.36950968724585,38.022189908938],[39.369226551,38.02182016200004],[39.36555000000021,38.02197000000018],[39.36515000000014,38.02161000000007],[39.363560000000234,38.02089000000018],[39.36253000000005,38.01978000000054],[39.3616600000002,38.019130000000075],[39.358020000000124,38.017490000000066],[39.35614000000021,38.01542000000006],[39.35521000000017,38.0137900000002],[39.351084500005356,38.01260840198677],[39.355600000000265,38.01097000000078],[39.35618000000028,38.00890000000004],[39.356090000000336,38.00818000000015],[39.35484000000025,38.00766000000067],[39.354550000000245,38.00674000000038],[39.35499000000027,38.005380000000116],[39.35636000000028,38.003840000000594],[39.357090000000255,38.00267000000042],[39.35685000000029,38.00234000000012],[39.35626000000036,38.00187000000051],[39.35537000000022,38.00066000000038],[39.354730000000416,38.000020000000575],[39.35457000000031,37.99964000000057],[39.35466000000031,37.998940000000175],[39.35441000000037,37.9986200000007],[39.353620000000205,37.998170000000414],[39.35271000000023,37.997140000000456],[39.35249000000033,37.99529000000052],[39.35218000000026,37.99422000000044],[39.351670000000354,37.99295000000052],[39.35156000000029,37.99147000000028],[39.35166000000021,37.988530000000026],[39.352130000000216,37.98675000000054],[39.352350000000285,37.984970000000544],[39.35276000000027,37.98368000000039],[39.35231000000039,37.982860000000755],[39.3518100000004,37.98217000000034],[39.35113000000024,37.981560000000286],[39.350430000000244,37.98108000000036],[39.350640000000226,37.98077000000029],[39.350740000000314,37.980390000000114],[39.35216000000037,37.9783300000002],[39.3518100000004,37.97771000000006],[39.35168000000027,37.976920000000064],[39.351910000000316,37.97644000000014],[39.352500000000305,37.97647000000052],[39.35342000000037,37.97625000000005],[39.353770000000395,37.97587000000027],[39.35449000000028,37.9709900000006],[39.35374000000036,37.970350000000394],[39.35212000000013,37.965860000000134],[39.354860000000144,37.96379000000013],[39.35550000000018,37.960870000000114],[39.3546300000001,37.95974000000024],[39.3554900000002,37.95832000000013],[39.355653536881334,37.9578948041094],[39.35602000000023,37.95519000000036],[39.36264000000011,37.95586000000037],[39.36773000000011,37.957310000000234],[39.38666000000018,37.95725000000027],[39.39139000000017,37.96864000000011],[39.39160000000015,37.972880000000316],[39.394910000000095,37.97810000000021],[39.39843000000036,37.989340000000254],[39.397390000000314,37.99326000000059]]],"type":"Polygon"}},{"type":"Feature","properties":{"area_id":"TR-21-003-192271","name_tr":"Güzel","area_level":"neighbourhood","parent_id":"TR-21-003","endeksa_id":192271},"geometry":{"coordinates":[[[39.24841909547331,38.035119129914506],[39.241274715000316,38.03703484000073],[39.23665919531777,38.037322723751345],[39.23066418128502,38.03242757675355],[39.23054160692527,38.032414274794576],[39.23080972800034,38.029738728000325],[39.23032961700028,38.02967591200024],[39.23028819200033,38.02988182500036],[39.21775397200031,38.0258856990003],[39.21405342300028,38.01562551600051],[39.2096400610003,38.013241891000234],[39.20799977207787,38.0134867989924],[39.20784000000032,38.01110000000017],[39.20650000000029,38.0069500000007],[39.20629000000031,38.000020000000575],[39.20914000000022,37.99972000000059],[39.21663000000035,37.99831000000063],[39.2223300000004,37.99743000000029],[39.223390000000336,37.99679000000032],[39.22433000000029,37.99607000000043],[39.225160000000415,37.995090000000516],[39.2259700000003,37.994480000000635],[39.2265800000003,37.9944200000005],[39.227330000000336,37.994200000000205],[39.2275700000003,37.99422000000044],[39.22759000000036,37.99459000000104],[39.227480000000355,37.99492000000009],[39.22794000000022,37.995000000000346],[39.22798000000034,37.99526000000105],[39.228100000000325,37.995410000000675],[39.22899000000041,37.99595000000005],[39.229930000000365,37.99528000000004],[39.23060000000021,37.994360000000654],[39.23096000000032,37.99419000000063],[39.23168000000021,37.99454000000031],[39.232660000000294,37.99486000000064],[39.23400000000032,37.99601000000058],[39.23471000000029,37.99626000000012],[39.23537000000033,37.99602000000016],[39.2358600000004,37.99632000000065],[39.23615000000024,37.9967500000007],[39.23685000000023,37.9975000000004],[39.23704000000032,37.9975000000004],[39.23733000000033,37.9976800000004],[39.23829000000035,37.99762000000038],[39.23802000000023,37.9982100000002],[39.238880000000336,38.00451000000061],[39.23909000000032,38.00474000000099],[39.239100000000235,38.00505000000055],[39.23776000000021,38.00599000000068],[39.23675000000031,38.007550000000606],[39.235500000000286,38.00992000000059],[39.23601000000036,38.012290000000576],[39.2341200000003,38.01388000000037],[39.23419000000024,38.01454000000058],[39.23404000000028,38.01529000000011],[39.2342100000003,38.015760000000625],[39.234450000000265,38.0160800000001],[39.234360000000265,38.01686000000069],[39.23477000000025,38.01769000000047],[39.234890000000235,38.01825000000059],[39.23525000000035,38.01905000000039],[39.23661000000027,38.01970000000051],[39.23863000000023,38.02094000000005],[39.2411900000003,38.02469000000053],[39.24113000000034,38.024810000000514],[39.24841909547331,38.035119129914506]]],"type":"Polygon"}},{"type":"Feature","properties":{"area_id":"TR-21-003-192317","name_tr":"Yaylacık","area_level":"neighbourhood","parent_id":"TR-21-003","endeksa_id":192317},"geometry":{"coordinates":[[[39.270012824532955,38.03259228245349],[39.269890000000146,38.03258000000022],[39.26908000000009,38.03352000000052],[39.26935000000009,38.03423000000032],[39.2689400000001,38.0347000000001],[39.26827000000026,38.03497000000027],[39.26799000000017,38.03562000000022],[39.267310000000236,38.0358200000004],[39.2656300000001,38.03558000000044],[39.26496000000009,38.035680000000184],[39.264410000000055,38.0355600000002],[39.26434000000012,38.03540000000032],[39.26401000000021,38.03527000000037],[39.263360000000034,38.03479000000044],[39.26303000000013,38.034740000000056],[39.262270000000115,38.034400000000176],[39.26200000000017,38.03405000000032],[39.26117000000005,38.033760000000484],[39.260660000000144,38.033480000000054],[39.26033000000018,38.033260000000325],[39.26001000000019,38.03285000000051],[39.25845000000004,38.032480000000305],[39.25443000000013,38.03455000000048],[39.24939000000006,38.035830000000374],[39.248950000000264,38.03587000000027],[39.24113000000034,38.024810000000514],[39.2411900000003,38.02469000000053],[39.23863000000023,38.02094000000005],[39.23661000000027,38.01970000000051],[39.23525000000035,38.01905000000039],[39.234890000000235,38.01825000000059],[39.23477000000025,38.01769000000047],[39.234360000000265,38.01686000000069],[39.234450000000265,38.0160800000001],[39.2342100000003,38.015760000000625],[39.23404000000028,38.01529000000011],[39.23419000000024,38.01454000000058],[39.2341200000003,38.01388000000037],[39.23601000000036,38.012290000000576],[39.235500000000286,38.00992000000059],[39.23675000000031,38.007550000000606],[39.23776000000021,38.00599000000068],[39.239100000000235,38.00505000000055],[39.23909000000032,38.00474000000099],[39.238880000000336,38.00451000000061],[39.23802000000023,37.9982100000002],[39.23829000000035,37.99762000000038],[39.23733000000033,37.9976800000004],[39.23704000000032,37.9975000000004],[39.23685000000023,37.9975000000004],[39.23615000000024,37.9967500000007],[39.2358600000004,37.99632000000065],[39.23537000000033,37.99602000000016],[39.23471000000029,37.99626000000012],[39.23400000000032,37.99601000000058],[39.232660000000294,37.99486000000064],[39.23168000000021,37.99454000000031],[39.23096000000032,37.99419000000063],[39.23060000000021,37.994360000000654],[39.229930000000365,37.99528000000004],[39.22899000000041,37.99595000000005],[39.228100000000325,37.995410000000675],[39.22798000000034,37.99526000000105],[39.22794000000022,37.995000000000346],[39.227480000000355,37.99492000000009],[39.22759000000036,37.99459000000104],[39.2275700000003,37.99422000000044],[39.227330000000336,37.994200000000205],[39.2265800000003,37.9944200000005],[39.2259700000003,37.994480000000635],[39.22673000000009,37.993300000000204],[39.22744000000006,37.99269000000015],[39.22885000000019,37.99189000000007],[39.231730000000084,37.99006000000014],[39.23320000000024,37.99000000000069],[39.23450000000014,37.98947000000021],[39.2352200000002,37.98892000000018],[39.23577000000006,37.9889500000005],[39.236160000000154,37.98874000000018],[39.23654000000016,37.988370000000145],[39.23698000000013,37.98815000000042],[39.23871000000014,37.98752000000013],[39.239230000000134,37.987230000000295],[39.241510000000176,37.985740000000646],[39.242040000000145,37.98528000000027],[39.24271000000016,37.985250000000065],[39.24320000000017,37.98547000000036],[39.24379000000016,37.98557000000011],[39.245110000000125,37.985210000000166],[39.24606000000006,37.983980000000145],[39.246990000000096,37.98319000000015],[39.247310000000084,37.982710000000054],[39.24891000000014,37.98176000000035],[39.24939000000006,37.98135000000036],[39.251020000000096,37.98061000000041],[39.25238000000019,37.98023000000023],[39.2531800000001,37.98013000000009],[39.253940000000114,37.98049000000043],[39.25773000000015,37.980160000000126],[39.26057000000014,37.979730000000075],[39.26123000000024,37.97997000000004],[39.26213000000007,37.9800900000007],[39.26278000000019,37.98042000000032],[39.26315000000011,37.98121000000032],[39.26458000000008,37.982150000000615],[39.26662000000016,37.98223000000013],[39.26792000000006,37.98212000000029],[39.268310000000156,37.98032000000018],[39.267880000000105,37.97963000000033],[39.26738000000012,37.97770000000048],[39.26696000000004,37.977190000000235],[39.26724000000013,37.97653000000031],[39.267720000000224,37.976200000000176],[39.26804000000004,37.97576000000004],[39.26898000000017,37.97537000000028],[39.26920000000007,37.97505000000007],[39.27129000000019,37.974780000000464],[39.27151000000009,37.97473000000059],[39.27165558410894,37.97457705732944],[39.27163703070073,37.97470374789077],[39.271772468928305,37.97477879361702],[39.276715068822284,37.974767612967014],[39.27979000000022,37.9739000000003],[39.282745148493404,37.973793950606705],[39.28559000000013,37.97237000000018],[39.28868000000034,37.9725100000004],[39.29305000000028,37.973260000000494],[39.295220000000256,37.97392000000053],[39.29832000000022,37.97638000000052],[39.298820000000205,37.977290000000494],[39.2993000000003,37.977530000000456],[39.300280000000214,37.97779000000048],[39.300810000000354,37.97818000000058],[39.30197000000027,37.978370000000666],[39.303810000000226,37.9795400000005],[39.30435000000034,37.98015000000015],[39.3084200000003,37.98341000000045],[39.31119000000035,37.98662000000047],[39.31196000000028,37.98784000000069],[39.31244000000038,37.989030000000184],[39.3124100000004,37.99016000000046],[39.3116600000003,37.99081000000058],[39.30863000000028,37.99124000000063],[39.30735000000021,37.99177000000043],[39.30518000000029,37.99238000000025],[39.303780000000245,37.993270000000564],[39.30215000000021,37.994450000000484],[39.3011700000003,37.99583000000007],[39.299780000000226,38.00137000000052],[39.299070000000086,38.00115000000028],[39.29673000000014,38.00121000000024],[39.29564000000016,38.00108000000017],[39.295290000000136,38.00100000000009],[39.294740000000104,38.00072000000023],[39.29404000000011,38.00090000000017],[39.29331000000013,38.00096000000019],[39.29222000000016,38.00066000000021],[39.29192000000023,38.0008500000003],[39.29147000000012,38.00149000000067],[39.29108000000019,38.001670000000104],[39.29073000000017,38.00172000000015],[39.28875000000011,38.0015600000001],[39.287700000000086,38.001940000000275],[39.28669000000019,38.00205000000011],[39.28602000000018,38.002380000000414],[39.28591000000017,38.00258000000008],[39.28562000000011,38.00274000000036],[39.28444000000019,38.00277000000017],[39.28348000000017,38.003800000000126],[39.28285000000011,38.00433000000032],[39.28239000000025,38.00465000000065],[39.28203000000008,38.00472000000008],[39.2813900000001,38.00520000000017],[39.28080000000011,38.00581000000017],[39.280200000000036,38.0061400000003],[39.27866000000017,38.00673000000012],[39.27768000000009,38.00691000000006],[39.27617000000021,38.0077100000002],[39.27560000000011,38.00846000000041],[39.27510000000012,38.00937000000039],[39.274290000000065,38.01228000000032],[39.273670000000095,38.018480000000295],[39.2730600000001,38.01995000000039],[39.27269000000018,38.02328000000023],[39.27006000000017,38.02952000000016],[39.27009000000021,38.03260000000006],[39.270012824532955,38.03259228245349]]],"type":"Polygon"}},{"type":"Feature","properties":{"area_id":"TR-21-003-192319","name_tr":"Günaşan","area_level":"neighbourhood","parent_id":"TR-21-003","endeksa_id":192319},"geometry":{"coordinates":[[[39.36950968724585,38.022189908938],[39.369720000000086,38.02259000000015],[39.36720000000014,38.02585000000005],[39.36430000000013,38.02878000000055],[39.36327000000017,38.031220000000644],[39.362230000000125,38.03285000000051],[39.35698565974826,38.0362016027139],[39.34856250600012,38.033659806],[39.352252715000134,38.02090448300004],[39.351084500005356,38.01260840198677],[39.35521000000017,38.0137900000002],[39.35614000000021,38.01542000000006],[39.358020000000124,38.017490000000066],[39.3616600000002,38.019130000000075],[39.36253000000005,38.01978000000054],[39.363560000000234,38.02089000000018],[39.36515000000014,38.02161000000007],[39.36555000000021,38.02197000000018],[39.369226551,38.02182016200004],[39.36950968724585,38.022189908938]]],"type":"Polygon"}},{"type":"Feature","properties":{"area_id":"TR-21-003-192345","name_tr":"İkiçeltik","area_level":"neighbourhood","parent_id":"TR-21-003","endeksa_id":192345},"geometry":{"coordinates":[[[39.447579716000234,37.996596502000614],[39.44666685000021,37.99751891300082],[39.44270726700023,38.002500130000215],[39.44274803800033,38.00260446800087],[39.44487238000028,38.00389245600036],[39.441686810000306,38.006999964000215],[39.43998099200036,38.00638520200033],[39.43895055700028,38.00720880100022],[39.43364662400029,38.01377874700057],[39.43211283903884,38.014615916189825],[39.42704981033927,38.01042517996973],[39.42132598318443,38.0091473127801],[39.415630537957895,38.007083741880706],[39.412970271445204,38.00735930094709],[39.41063000000031,38.002380000000585],[39.408970000000295,37.999780000000044],[39.40670000000023,37.99766000000068],[39.397390000000314,37.99326000000059],[39.39843000000036,37.989340000000254],[39.401730000000214,37.98755000000034],[39.409100000000365,37.986980000000926],[39.41683000000029,37.98690000000016],[39.422970000000305,37.985990000000356],[39.430690000000254,37.98462000000052],[39.43834000000032,37.98250000000047],[39.4484800000003,37.97826000000026],[39.453916376378345,37.98239369248546],[39.44782822300033,37.99110595800022],[39.447521052000354,37.9964403310002],[39.447579716000234,37.996596502000614]]],"type":"Polygon"}},{"type":"Feature","properties":{"area_id":"TR-21-003-192259","name_tr":"Dilekpınar","area_level":"neighbourhood","parent_id":"TR-21-003","endeksa_id":192259},"geometry":{"coordinates":[[[39.20799977207787,38.0134867989924],[39.20857000000018,38.017460000000426],[39.20940000000007,38.0204700000001],[39.20578000000006,38.02625000000012],[39.2037600000001,38.02630000000016],[39.20411000000007,38.02972000000017],[39.203910000000064,38.0299200000004],[39.203730000000064,38.03037000000012],[39.20346000000012,38.030470000000264],[39.20278000000019,38.03101000000032],[39.20095000000009,38.03266000000042],[39.20033000000012,38.03281000000004],[39.19978000000009,38.03396000000015],[39.19945000000018,38.03432000000009],[39.19901000000016,38.03460000000035],[39.19872000000015,38.03495000000021],[39.19874000000004,38.03539000000035],[39.19851000000017,38.03563000000031],[39.19801000000018,38.035860000000184],[39.198300000000245,38.03619000000009],[39.198330000000055,38.03646000000009],[39.198150000000055,38.03706000000068],[39.19795000000005,38.03740000000039],[39.19788000000011,38.037970000000655],[39.19778000000019,38.038120000000276],[39.199790000000064,38.04319000000055],[39.20003000000003,38.04557000000011],[39.200297712487725,38.04657949839543],[39.198699556000406,38.04550023600058],[39.19659955700047,38.04470023600044],[39.192999556000416,38.04310023600044],[39.19229955600042,38.042500236000535],[39.19149955600045,38.04150023600056],[39.1902995570004,38.039600236000524],[39.19002113206716,38.03932181193312],[39.19002351500012,38.04046626500019],[39.187501104000035,38.04371031500017],[39.183789633000174,38.04111309200016],[39.181683668999995,38.041293845999974],[39.18154537100014,38.04117823900009],[39.18178528300007,38.040850149000164],[39.17833289800012,38.038642530000345],[39.17819763500006,38.03012657000005],[39.16649152400004,38.022884874000226],[39.16644959000013,38.02277599200028],[39.16828312600103,38.01833880699843],[39.169499557000336,38.018900236000206],[39.171499556000356,38.02000023600027],[39.17429692100649,38.02192730918364],[39.175480000000164,38.02104000000037],[39.177240000000154,38.01827000000014],[39.180030000000045,38.01550000000026],[39.180860000000166,38.01135000000011],[39.18282000000016,38.007110000000296],[39.18405000000013,38.00559000000027],[39.184580000000096,38.00409000000036],[39.19151000000011,38.00181000000015],[39.19854000000021,38.000670000000355],[39.20629000000031,38.000020000000575],[39.20650000000029,38.0069500000007],[39.20784000000032,38.01110000000017],[39.20799977207787,38.0134867989924]]],"type":"Polygon"}},{"type":"Feature","properties":{"area_id":"TR-21-003-192249","name_tr":"Bulundu","area_level":"neighbourhood","parent_id":"TR-21-003","endeksa_id":192249},"geometry":{"coordinates":[[[39.385054751976554,38.0380890168326],[39.38514000000015,38.03827000000007],[39.38209000000023,38.04009000000042],[39.379830000000084,38.04019000000034],[39.378460000000075,38.039670000000115],[39.37733250544602,38.03798537276754],[39.37237000000016,38.040020000000084],[39.36947000000015,38.041810000000055],[39.36471000000017,38.04458000000045],[39.35862501459712,38.0469475642102],[39.356440000000134,38.04588000000018],[39.35417000000007,38.042620000000284],[39.35334000000017,38.038060000000314],[39.35698565974826,38.0362016027139],[39.362230000000125,38.03285000000051],[39.36327000000017,38.031220000000644],[39.36430000000013,38.02878000000055],[39.36720000000014,38.02585000000005],[39.369720000000086,38.02259000000015],[39.36950968724585,38.022189908938],[39.36923000000019,38.02182000000022],[39.37257000000017,38.017860000000155],[39.37506000000013,38.01640000000015],[39.37754000000018,38.01314000000042],[39.37878000000006,38.01069000000018],[39.38229000000007,38.00629000000009],[39.3870500000001,38.00401000000028],[39.391190000000165,38.002220000000136],[39.397390000000314,37.99326000000059],[39.40670000000023,37.99766000000068],[39.408970000000295,37.999780000000044],[39.41063000000031,38.002380000000585],[39.412970271445204,38.00735930094709],[39.41277000000025,38.00739000000016],[39.41210000000024,38.007770000000335],[39.41166000000027,38.008510000000456],[39.411020000000235,38.008880000000545],[39.410680000000355,38.00898000000029],[39.40994000000023,38.00912000000051],[39.40816000000024,38.00905000000091],[39.40728000000024,38.00926000000055],[39.40684000000027,38.00928000000022],[39.40620000000024,38.00967000000105],[39.404020000000344,38.01013000000023],[39.40347000000031,38.01045000000039],[39.40337000000039,38.01069000000035],[39.40308000000039,38.01076000000046],[39.40275000000025,38.01107000000053],[39.401290000000245,38.01072000000039],[39.40130000000033,38.01081000000033],[39.4010200000003,38.01088000000044],[39.400490000000275,38.011230000000296],[39.40025000000031,38.011490000001004],[39.39986000000022,38.011730000000966],[39.39946000000032,38.01219000000066],[39.39871000000028,38.01273000000003],[39.397910000000365,38.01354000000026],[39.39762000000036,38.01401000000061],[39.39710000000031,38.01443000000057],[39.39631000000031,38.014680000000624],[39.39597000000043,38.01494000000082],[39.39576000000028,38.01527000000027],[39.395220000000336,38.0157700000002],[39.39489000000043,38.015950000000544],[39.39441000000028,38.016070000000695],[39.39365000000032,38.015950000000544],[39.392560000000344,38.016160000000355],[39.39165000000037,38.01621000000023],[39.39109000000042,38.016780000000495],[39.39072000000033,38.01699000000008],[39.389930000000334,38.01714000000095],[39.389700000000346,38.01749000000024],[39.388220000000274,38.0180600000005],[39.387730000000374,38.01846000000023],[39.38775000000027,38.01865000000032],[39.3881700000004,38.01893000000058],[39.389740000000245,38.02039000000042],[39.388930000000414,38.020500000000595],[39.38808000000023,38.02075000000053],[39.38737000000026,38.02141000000057],[39.38650000000024,38.02205000000026],[39.38814000000042,38.03133000000054],[39.38907000000023,38.033140000000515],[39.3896000000002,38.033220000000426],[39.3909500000002,38.036140000000216],[39.39099000000033,38.03644000000054],[39.39068000000026,38.03699000000057],[39.390480000000366,38.037040000000616],[39.390489941170586,38.03783529361078],[39.38994000000014,38.03770000000037],[39.38926000000015,38.03768000000014],[39.38872000000009,38.03780000000012],[39.38882000000018,38.03789000000029],[39.388120000000185,38.03794000000033],[39.387660000000096,38.03779000000014],[39.38655000000011,38.03768000000014],[39.385054751976554,38.0380890168326]]],"type":"Polygon"}},{"type":"Feature","properties":{"area_id":"TR-21-003-192311","name_tr":"Şeyhandede","area_level":"neighbourhood","parent_id":"TR-21-003","endeksa_id":192311},"geometry":{"coordinates":[[[39.30439881146151,38.03062715522225],[39.300985867000065,38.03111596700012],[39.30019229700014,38.03230121100012],[39.29873479700018,38.032853703],[39.29015522500015,38.03219330200017],[39.28785339200016,38.038372343000276],[39.285645407000175,38.04426166700017],[39.28554079800017,38.04418879500014],[39.28550769000009,38.04423632300035],[39.285242702000176,38.04427443600002],[39.28526643100008,38.04431149300035],[39.28531380600003,38.044305210999994],[39.28529015100008,38.04432412299997],[39.28530367600007,38.04432232900018],[39.285279812000056,38.04433238900015],[39.2852868920001,38.044339364999985],[39.28522911700003,38.0443981950001],[39.285213268000064,38.04427867000021],[39.282252223000114,38.041888222000125],[39.28225305600006,38.04175279800012],[39.280834071000186,38.040702150000584],[39.27442431500009,38.03869542900037],[39.27441495100004,38.03856015300005],[39.27476981200016,38.03847556500011],[39.27431487500007,38.03699647500031],[39.27570705000005,38.036243118000414],[39.27382084600015,38.03374557600017],[39.270012824532955,38.03259228245349],[39.27009000000021,38.03260000000006],[39.27006000000017,38.02952000000016],[39.27269000000018,38.02328000000023],[39.2730600000001,38.01995000000039],[39.273670000000095,38.018480000000295],[39.274290000000065,38.01228000000032],[39.27510000000012,38.00937000000039],[39.27560000000011,38.00846000000041],[39.27617000000021,38.0077100000002],[39.27768000000009,38.00691000000006],[39.27866000000017,38.00673000000012],[39.280200000000036,38.0061400000003],[39.28080000000011,38.00581000000017],[39.2813900000001,38.00520000000017],[39.28203000000008,38.00472000000008],[39.28239000000025,38.00465000000065],[39.28285000000011,38.00433000000032],[39.28348000000017,38.003800000000126],[39.28444000000019,38.00277000000017],[39.28562000000011,38.00274000000036],[39.28591000000017,38.00258000000008],[39.28602000000018,38.002380000000414],[39.28669000000019,38.00205000000011],[39.287700000000086,38.001940000000275],[39.28875000000011,38.0015600000001],[39.29073000000017,38.00172000000015],[39.29108000000019,38.001670000000104],[39.29147000000012,38.00149000000067],[39.29192000000023,38.0008500000003],[39.29222000000016,38.00066000000021],[39.29331000000013,38.00096000000019],[39.29404000000011,38.00090000000017],[39.294740000000104,38.00072000000023],[39.295290000000136,38.00100000000009],[39.29564000000016,38.00108000000017],[39.29673000000014,38.00121000000024],[39.299070000000086,38.00115000000028],[39.299710935004896,38.00134859957916],[39.29939627500016,38.00138165500067],[39.299357370330995,38.00151359401718],[39.30057437000022,38.00312441600022],[39.301582782000196,38.00533189700013],[39.30194701600027,38.005314654000244],[39.30195785000029,38.00554518700039],[39.30172855900025,38.00563485200024],[39.301982264000344,38.00606472600032],[39.30198739100035,38.00617382200028],[39.301799784000195,38.00624718600028],[39.30224839600021,38.0074023770004],[39.302045737000356,38.007411955000464],[39.3020626830002,38.00777049200002],[39.302271133000204,38.00825260000033],[39.3020858830003,38.0082613560005],[39.30229209600026,38.009036475000585],[39.3022938700002,38.0091028220005],[39.30212602900025,38.009110755000336],[39.3023131890003,38.009825182000384],[39.3023166080003,38.00995304500026],[39.302166175000195,38.00996015500027],[39.3023342810003,38.01061389100022],[39.30233934500035,38.01080326800013],[39.30220632100014,38.01080955500021],[39.30235537200031,38.01140259500028],[39.30236208200034,38.0116534910004],[39.30224646600021,38.011658955000144],[39.302376464000304,38.012191304000226],[39.30238481900017,38.01250371300023],[39.30228661200033,38.01250835500008],[39.302397556000244,38.01298000800011],[39.30240755600022,38.0133539360005],[39.302326757000344,38.013357755000015],[39.302418649000344,38.01376871900027],[39.30241468800028,38.01521820800025],[39.30247576800036,38.015904604000525],[39.30261467700018,38.01602264000053],[39.30262423200003,38.016189974000326],[39.30745923100011,38.01993170200012],[39.30439881146151,38.03062715522225]]],"type":"Polygon"}},{"type":"Feature","properties":{"area_id":"TR-21-003-192341","name_tr":"Çalıtepe","area_level":"neighbourhood","parent_id":"TR-21-003","endeksa_id":192341},"geometry":{"coordinates":[[[39.447579716000234,37.996596502000614],[39.447710788999984,37.99649036700009],[39.44785387100012,37.99652763100033],[39.45637412600013,38.00622777000012],[39.45270210100017,38.008855612000104],[39.45267921800013,38.008977501000686],[39.455038576000106,38.009370777000186],[39.45632733399998,38.01030739100008],[39.45897563500017,38.01114759800021],[39.462455598000076,38.014779649000104],[39.46292046000019,38.01615285800045],[39.46252964100006,38.01631496500028],[39.46242518900016,38.01610786600014],[39.45873251700016,38.01945269200013],[39.45539021300016,38.02003703800017],[39.45137168600013,38.031699276000154],[39.44650901700004,38.03424666700016],[39.44452539600013,38.03831664900065],[39.439672874999985,38.03751429099998],[39.43565213300002,38.044946589000176],[39.435535887000185,38.045003951000126],[39.435459925000146,38.04491562800018],[39.43469736200018,38.04341935500025],[39.42207127100011,38.042019363000236],[39.41876448400012,38.03963550000026],[39.41396335100018,38.03485813700013],[39.411217395000165,38.03455274700008],[39.4112328760001,38.03441333000018],[39.41113248000016,38.03437691200037],[39.41107391800011,38.03453679000063],[39.41065901100029,38.034332801000346],[39.410717225000326,38.0342262810006],[39.410649239000236,38.034108483000296],[39.42226427900022,38.029470607000576],[39.423400835000336,38.02547603100032],[39.42784531100034,38.02087287900031],[39.426617685000224,38.0176436280002],[39.429579103000265,38.01693255000083],[39.431349680000324,38.01503246300024],[39.43364662400029,38.01377874700057],[39.43895055700028,38.00720880100022],[39.43998099200036,38.00638520200033],[39.441686810000306,38.006999964000215],[39.44487238000028,38.00389245600036],[39.44274803800033,38.00260446800087],[39.44270726700023,38.002500130000215],[39.44666685000021,37.99751891300082],[39.447579716000234,37.996596502000614]]],"type":"Polygon"}},{"type":"Feature","properties":{"area_id":"TR-21-003-192329","name_tr":"Alabuğday","area_level":"neighbourhood","parent_id":"TR-21-003","endeksa_id":192329},"geometry":{"coordinates":[[[39.51249705082796,38.04042007792822],[39.512120000000095,38.04260000000005],[39.51208199335514,38.04253918936814],[39.50811846100004,38.043214324000076],[39.50544000000019,38.04089000000067],[39.504320000000064,38.042430000000195],[39.50366000000014,38.043140000000676],[39.503260000000125,38.042960000000164],[39.502520000000175,38.0432500000004],[39.50006000000019,38.044940000000395],[39.49975000000012,38.045370000000446],[39.499390000000176,38.044660000000135],[39.49873000000008,38.04399000000012],[39.498220000000174,38.04333000000008],[39.498210000000086,38.04312000000044],[39.49732000000017,38.041990000000055],[39.497350000000154,38.041900000000396],[39.4970100000001,38.041470000000345],[39.49680000000012,38.040850000000205],[39.496230000000025,38.04022000000066],[39.49596000000008,38.03950000000009],[39.4958400000001,38.039450000000215],[39.49568000000016,38.03951000000018],[39.49551000000014,38.039700000000266],[39.494970000000194,38.039080000000126],[39.49457000000018,38.038800000000265],[39.49306000000013,38.03855000000033],[39.491990000000044,38.03813000000042],[39.49165000000016,38.03842000000026],[39.49120000000005,38.03861000000035],[39.49086000000017,38.038680000000056],[39.490350000000035,38.03858000000014],[39.48968000000019,38.03869000000054],[39.48871000000008,38.03869000000054],[39.488030000000094,38.03903000000025],[39.48782000000017,38.03935000000007],[39.487070000000074,38.039490000000114],[39.486660000000086,38.039450000000215],[39.48647000000017,38.039610000000096],[39.48597000000018,38.03966000000037],[39.48572000000013,38.0401700000001],[39.48571000000021,38.04080000000033],[39.48584000000011,38.04110000000031],[39.48571000000021,38.041350000000364],[39.48498000000018,38.041590000000326],[39.48428000000018,38.041680000000156],[39.48383000000007,38.041990000000055],[39.483100000000036,38.04213000000027],[39.48280000000011,38.04240000000004],[39.48219000000006,38.04273000000018],[39.481140000000096,38.04285000000016],[39.4800800000001,38.04318000000006],[39.47952000000015,38.04360000000037],[39.47915000000006,38.04377000000022],[39.478240000000085,38.044500000000255],[39.478020000000186,38.04520000000059],[39.47775000000007,38.045710000000156],[39.47751000000011,38.045590000000175],[39.477060000000165,38.04377000000022],[39.476750000000095,38.0432500000004],[39.47674000000018,38.04282000000035],[39.47682000000003,38.04269000000039],[39.475570000000175,38.03971000000041],[39.475570000000175,38.03954000000016],[39.47348000000011,38.038220000000194],[39.47349000000003,38.037570000000244],[39.471850000000245,38.033760000000484],[39.471480000000156,38.02943000000033],[39.47112000000004,38.02825000000007],[39.46982000000014,38.02625000000012],[39.469250000000045,38.02582000000007],[39.46901000000008,38.02497000000011],[39.4689800000001,38.02392000000009],[39.47205000000008,38.02324000000033],[39.473500000000115,38.021450000000186],[39.473500000000115,38.017370000000085],[39.473710000000096,38.01330000000013],[39.473710000000096,38.00906000000032],[39.4658500000001,38.00955000000039],[39.46523000000013,38.006620000000225],[39.46523000000013,37.99749000000014],[39.46481000000017,37.989020000000096],[39.46130000000005,37.985430000000065],[39.453916376378345,37.98239369248546],[39.4484800000003,37.97826000000026],[39.448680000000195,37.97451000000018],[39.45034000000004,37.96946000000014],[39.45344000000017,37.96717000000035],[39.45551000000006,37.964890000000025],[39.45716000000016,37.96408000000048],[39.46332000000018,37.963130000000035],[39.46447000000012,37.96642000000014],[39.46957000000003,37.96701000000007],[39.47598000000016,37.96587000000011],[39.47515000000004,37.967500000000655],[39.47577000000018,37.9697800000003],[39.479910000000075,37.97272000000055],[39.484870000000114,37.9750300000004],[39.48849000000018,37.97442000000052],[39.48890000000017,37.974190000000135],[39.48998000000017,37.97402000000011],[39.49185000000017,37.97492000000068],[39.494000000000085,37.97489000000036],[39.492550000000165,37.975950000000125],[39.49352000000016,37.976920000000064],[39.49477000000019,37.97931000000011],[39.49711000000019,37.978090000000066],[39.49752000000018,37.97898000000015],[39.49779000000012,37.980140000000574],[39.49690000000004,37.98165000000046],[39.49637000000007,37.98235000000011],[39.49573000000004,37.98368000000005],[39.49368000000004,37.98554000000007],[39.49268000000012,37.986610000000155],[39.49108000000007,37.98762000000005],[39.49142000000012,37.990270000000294],[39.49195000000009,37.992530000000045],[39.493170000000134,37.99436000000048],[39.495860000000164,37.995310000000245],[39.49671000000012,37.995310000000245],[39.49923000000007,37.997360000000185],[39.4999600000001,37.998280000000136],[39.50042000000013,37.998290000000225],[39.500970000000166,37.998820000000194],[39.50229000000013,37.99923000000018],[39.50383000000022,38.00000000000034],[39.504840000000115,38.000800000000424],[39.50521000000015,38.00169000000017],[39.5058600000001,38.001570000000186],[39.507200000000125,38.00214000000045],[39.508960000000116,38.00247000000007],[39.5108400000002,38.00230000000022],[39.51103000000012,38.00220000000007],[39.51354000000015,38.00286000000034],[39.52350000000018,38.00362000000018],[39.52706000000006,38.00351000000012],[39.52831000000009,38.0038900000003],[39.527360000000215,38.004730000000166],[39.52644000000009,38.00519000000003],[39.52562000000012,38.00896000000057],[39.52531000000005,38.010890000000416],[39.52465000000012,38.01296000000042],[39.52425000000011,38.01568000000026],[39.52298000000019,38.0182200000001],[39.521070000000066,38.019970000000626],[39.51942000000014,38.020500000000425],[39.518970000000195,38.021800000000155],[39.517610000000104,38.02373000000051],[39.51658000000015,38.02609000000041],[39.51534000000021,38.02621000000039],[39.51464000000004,38.02780000000047],[39.51355000000012,38.03279000000015],[39.5130200000001,38.03696000000025],[39.51266000000015,38.0377400000001],[39.512221402114335,38.03983330809194],[39.512180219182085,38.040393616385245],[39.51232208598606,38.04052612232317],[39.51249705082796,38.04042007792822]]],"type":"Polygon"}},{"type":"Feature","properties":{"area_id":"TR-21-003-192291","name_tr":"Konaklı","area_level":"neighbourhood","parent_id":"TR-21-003","endeksa_id":192291},"geometry":{"coordinates":[[[39.23054160692527,38.032414274794576],[39.22738581900029,38.036098609000305],[39.22708527200035,38.04427459000004],[39.22457382000022,38.0431184830004],[39.22406294300032,38.04032112400034],[39.22342685700028,38.04176396200086],[39.22003008100023,38.04056542700073],[39.21768057300034,38.04387121300033],[39.20907682000035,38.04574381900022],[39.20594801500022,38.043776761000686],[39.204347399000255,38.046147438000105],[39.202793647000306,38.0470165990007],[39.2023105370003,38.04751280000028],[39.20201906900053,38.04744982900053],[39.19644610100005,38.05057492599997],[39.196448696000175,38.050688003000005],[39.198932753000065,38.053428821000125],[39.19705906700011,38.05466543300031],[39.19702384500005,38.05477367100019],[39.19481619800007,38.04997934099998],[39.18881678100013,38.04789151700027],[39.187501104000035,38.04371031500017],[39.19002351500012,38.04046626500019],[39.19002113206716,38.03932181193312],[39.1902995570004,38.039600236000524],[39.19149955600045,38.04150023600056],[39.19229955600042,38.042500236000535],[39.192999556000416,38.04310023600044],[39.19659955700047,38.04470023600044],[39.198699556000406,38.04550023600058],[39.200297712487725,38.04657949839543],[39.20003000000003,38.04557000000011],[39.199790000000064,38.04319000000055],[39.19778000000019,38.038120000000276],[39.19788000000011,38.037970000000655],[39.19795000000005,38.03740000000039],[39.198150000000055,38.03706000000068],[39.198330000000055,38.03646000000009],[39.198300000000245,38.03619000000009],[39.19801000000018,38.035860000000184],[39.19851000000017,38.03563000000031],[39.19874000000004,38.03539000000035],[39.19872000000015,38.03495000000021],[39.19901000000016,38.03460000000035],[39.19945000000018,38.03432000000009],[39.19978000000009,38.03396000000015],[39.20033000000012,38.03281000000004],[39.20095000000009,38.03266000000042],[39.20278000000019,38.03101000000032],[39.20346000000012,38.030470000000264],[39.203730000000064,38.03037000000012],[39.203910000000064,38.0299200000004],[39.20411000000007,38.02972000000017],[39.2037600000001,38.02630000000016],[39.20578000000006,38.02625000000012],[39.20940000000007,38.0204700000001],[39.20857000000018,38.017460000000426],[39.20799977207787,38.0134867989924],[39.2096400610003,38.013241891000234],[39.21405342300028,38.01562551600051],[39.21775397200031,38.0258856990003],[39.23028819200033,38.02988182500036],[39.23032961700028,38.02967591200024],[39.23080972800034,38.029738728000325],[39.23054160692527,38.032414274794576]]],"type":"Polygon"}},{"type":"Feature","properties":{"area_id":"TR-21-003-192301","name_tr":"Pamuklu","area_level":"neighbourhood","parent_id":"TR-21-003","endeksa_id":192301},"geometry":{"coordinates":[[[39.311171147000096,38.05270460300005],[39.311130202000186,38.052708283000186],[39.31109794100007,38.05263481500015],[39.310944713000026,38.052724955000144],[39.310932786000194,38.05269779300022],[39.3050898300001,38.05526351900005],[39.304959588000145,38.05514216200004],[39.30567415100006,38.05335793500012],[39.30344011,38.05210523100021],[39.28291807300013,38.04993426499999],[39.282812267000054,38.04985714500003],[39.28238708900005,38.04809174400003],[39.285229776000165,38.04439733900017],[39.2852868920001,38.044339364999985],[39.285279812000056,38.04433238900015],[39.28530367600007,38.04432232900018],[39.28529015100008,38.04432412299997],[39.28531380600003,38.044305210999994],[39.28526643100008,38.04431149300035],[39.285242702000176,38.04427443600002],[39.28550769000009,38.04423632300035],[39.28554079800017,38.04418879500014],[39.285645407000175,38.04426166700017],[39.28785339200016,38.038372343000276],[39.29015522500015,38.03219330200017],[39.29873479700018,38.032853703],[39.30019229700014,38.03230121100012],[39.300985867000065,38.03111596700012],[39.30439881146151,38.03062715522225],[39.3044815273538,38.03076721572177],[39.317190025,38.03592443400015],[39.32278753800051,38.0398230170004],[39.32249955700024,38.040000236000594],[39.322328598000354,38.040171195000255],[39.32353366700016,38.041165091000266],[39.32358775800009,38.04147669700012],[39.31621074100019,38.04803720200033],[39.31495371900007,38.04917747500008],[39.31495757000016,38.04918172100008],[39.31494640300019,38.0491841110001],[39.314325532000055,38.049747316000094],[39.314331309000124,38.049753685000155],[39.31432098800008,38.04975143900015],[39.31387777000015,38.050153491],[39.31388494600003,38.050161348000074],[39.313769394000076,38.050266882000074],[39.313761861000046,38.0502586340001],[39.31369734700007,38.050317156000176],[39.313705049000134,38.050325648000126],[39.31369543700009,38.05031888900021],[39.31337578800003,38.05060885000012],[39.31338450800018,38.05061839800021],[39.313159220000045,38.05082415400017],[39.31314980400015,38.05081384400006],[39.313069160000055,38.050886997000134],[39.31307878900003,38.05089761200003],[39.31306677399999,38.05088916200003],[39.31287380500015,38.05106420800013],[39.312884070000166,38.05107544800018],[39.312549046000186,38.05138142600009],[39.31253774700019,38.05136905400013],[39.312440975000186,38.05145683800015],[39.3124525290001,38.051469575000056],[39.31243811100012,38.05145943600019],[39.31237182300015,38.05151956700007],[39.31238363300008,38.05153249799997],[39.311938872000155,38.051938698000015],[39.31192569000012,38.05192426400026],[39.311812448000126,38.052031819000035],[39.31165176900009,38.051918824000154],[39.31120000800013,38.0526135020001],[39.31116669200003,38.052652713000214],[39.311171147000096,38.05270460300005]]],"type":"Polygon"}},{"type":"Feature","properties":{"area_id":"TR-21-003-192371","name_tr":"Yoğun","area_level":"neighbourhood","parent_id":"TR-21-003","endeksa_id":192371},"geometry":{"coordinates":[[[39.47214154500011,38.049626330000365],[39.468729648000135,38.049498078000056],[39.46386235500006,38.05270169100004],[39.463336450000156,38.05487600400005],[39.45774009100012,38.05649068900016],[39.449291163,38.05194706500009],[39.43771101600015,38.05145915300022],[39.43374597800016,38.053391876000035],[39.43258152400011,38.05067093800011],[39.43381116200004,38.04838956000003],[39.43572750700008,38.04544215700014],[39.435459925000146,38.04491562800018],[39.435535887000185,38.045003951000126],[39.43565213300002,38.044946589000176],[39.439672874999985,38.03751429099998],[39.44452539600013,38.03831664900065],[39.44650901700004,38.03424666700016],[39.45137168600013,38.031699276000154],[39.45539021300016,38.02003703800017],[39.45873251700016,38.01945269200013],[39.46242518900016,38.01610786600014],[39.46252964100006,38.01631496500028],[39.46292046000019,38.01615285800045],[39.462455598000076,38.014779649000104],[39.45897563500017,38.01114759800021],[39.45632733399998,38.01030739100008],[39.455038576000106,38.009370777000186],[39.45267921800013,38.008977501000686],[39.45270210100017,38.008855612000104],[39.45637412600013,38.00622777000012],[39.44785387100012,37.99652763100033],[39.447710788999984,37.99649036700009],[39.447579716000234,37.996596502000614],[39.447521052000354,37.9964403310002],[39.44782822300033,37.99110595800022],[39.453916376378345,37.98239369248546],[39.46130000000005,37.985430000000065],[39.46481000000017,37.989020000000096],[39.46523000000013,37.99749000000014],[39.46523000000013,38.006620000000225],[39.4658500000001,38.00955000000039],[39.473710000000096,38.00906000000032],[39.473710000000096,38.01330000000013],[39.473500000000115,38.017370000000085],[39.473500000000115,38.021450000000186],[39.47205000000008,38.02324000000033],[39.4689800000001,38.02392000000009],[39.46901000000008,38.02497000000011],[39.469250000000045,38.02582000000007],[39.46982000000014,38.02625000000012],[39.47112000000004,38.02825000000007],[39.471480000000156,38.02943000000033],[39.471850000000245,38.033760000000484],[39.47349000000003,38.037570000000244],[39.47348000000011,38.038220000000194],[39.475570000000175,38.03954000000016],[39.475570000000175,38.03971000000041],[39.47682000000003,38.04269000000039],[39.47674000000018,38.04282000000035],[39.476750000000095,38.0432500000004],[39.477060000000165,38.04377000000022],[39.47751000000011,38.045590000000175],[39.477691930048366,38.0456809650243],[39.475904805000084,38.047978798000145],[39.47208454800011,38.04934276700044],[39.47214154500011,38.049626330000365]]],"type":"Polygon"}},{"type":"Feature","properties":{"area_id":"TR-21-003-192257","name_tr":"Dikyol","area_level":"neighbourhood","parent_id":"TR-21-003","endeksa_id":192257},"geometry":{"coordinates":[[[39.3392303990002,38.056974692000324],[39.339099557000225,38.05680023600064],[39.33849955700032,38.056600236000236],[39.33279955700033,38.0564002360004],[39.33159955600024,38.05650023600032],[39.330599556000266,38.05670023700026],[39.3285995570003,38.05750023700057],[39.325399556000264,38.05850023600061],[39.32389955700023,38.05870023600045],[39.320499556000186,38.05870023600045],[39.31782249798158,38.05906528986441],[39.315544508000016,38.06020292000028],[39.315394464000065,38.060191029000066],[39.311633247000145,38.057433583000034],[39.31121872400007,38.05282173700016],[39.31118149100007,38.052825084000176],[39.3111922010001,38.052702710000176],[39.311171147000096,38.05270460300005],[39.31116669200003,38.052652713000214],[39.31120000800013,38.0526135020001],[39.31165176900009,38.051918824000154],[39.311812448000126,38.052031819000035],[39.31192569000012,38.05192426400026],[39.311938872000155,38.051938698000015],[39.31238363300008,38.05153249799997],[39.31237182300015,38.05151956700007],[39.31243811100012,38.05145943600019],[39.3124525290001,38.051469575000056],[39.312440975000186,38.05145683800015],[39.31253774700019,38.05136905400013],[39.312549046000186,38.05138142600009],[39.312884070000166,38.05107544800018],[39.31287380500015,38.05106420800013],[39.31306677399999,38.05088916200003],[39.31307878900003,38.05089761200003],[39.313069160000055,38.050886997000134],[39.31314980400015,38.05081384400006],[39.313159220000045,38.05082415400017],[39.31338450800018,38.05061839800021],[39.31337578800003,38.05060885000012],[39.31369543700009,38.05031888900021],[39.313705049000134,38.050325648000126],[39.31369734700007,38.050317156000176],[39.313761861000046,38.0502586340001],[39.313769394000076,38.050266882000074],[39.31388494600003,38.050161348000074],[39.31387777000015,38.050153491],[39.31432098800008,38.04975143900015],[39.314331309000124,38.049753685000155],[39.314325532000055,38.049747316000094],[39.31494640300019,38.0491841110001],[39.31495757000016,38.04918172100008],[39.31495371900007,38.04917747500008],[39.31621074100019,38.04803720200033],[39.32358775800009,38.04147669700012],[39.32353366700016,38.041165091000266],[39.322328598000354,38.040171195000255],[39.32249955700024,38.040000236000594],[39.32278753800051,38.0398230170004],[39.317190025,38.03592443400015],[39.3044815273538,38.03076721572177],[39.30439881146151,38.03062715522225],[39.30745923100011,38.01993170200012],[39.30262423200003,38.016189974000326],[39.30261467700018,38.01602264000053],[39.315036432000284,38.01151037200037],[39.32013168400033,38.01354091200034],[39.336868516000266,38.015637553000374],[39.34724125900027,38.01342477700041],[39.34768092500025,38.01294612500044],[39.35149410400021,38.01199636400008],[39.35154704200028,38.01220890400026],[39.35195302900024,38.01202347400073],[39.35202939700031,38.01223522000066],[39.35154930300024,38.012215172000424],[39.3516198340003,38.0124107340003],[39.35154003800028,38.01237663000046],[39.35134792408331,38.01251485650465],[39.351084500005356,38.01260840198677],[39.352252715000134,38.02090448300004],[39.34856250600012,38.033659806],[39.35698565974826,38.0362016027139],[39.35334000000017,38.038060000000314],[39.35417000000007,38.042620000000284],[39.356440000000134,38.04588000000018],[39.35862501459712,38.0469475642102],[39.36011908900019,38.05015606100005],[39.360089658000106,38.05026079400028],[39.359972867000124,38.05034504800017],[39.34858256300009,38.05026128000014],[39.34236457200012,38.05264188400065],[39.34230035500002,38.05276209500005],[39.34507925100013,38.0592771850005],[39.343233370000064,38.058395351],[39.343056173000036,38.058460742000534],[39.343023997000046,38.05829503300009],[39.33991456000007,38.056808440000054],[39.3392303990002,38.056974692000324]]],"type":"Polygon"}},{"type":"Feature","properties":{"area_id":"TR-21-003-192357","name_tr":"Yeşilova","area_level":"neighbourhood","parent_id":"TR-21-003","endeksa_id":192357},"geometry":{"coordinates":[[[39.63863628700028,38.0517355800003],[39.63865192100036,38.05185722000056],[39.63656312600028,38.054376344000445],[39.62656559600032,38.05732139900067],[39.62409860700018,38.06000433800017],[39.62413843700028,38.062423729000784],[39.6240033160002,38.06252036799998],[39.61943662400023,38.06223248900005],[39.603675642000326,38.05664516700068],[39.596144220000326,38.05547576800046],[39.588166277000255,38.05464467400009],[39.58528173900032,38.05464641300085],[39.58484360600022,38.05453230000023],[39.58477453300026,38.05464672000079],[39.58081488600027,38.05464910700073],[39.57882428265839,38.05542019977827],[39.58113000000026,38.05192000000045],[39.581320000000346,38.04845000000091],[39.583620000000224,38.046490000000745],[39.58880000000033,38.04499000000044],[39.588450000000364,38.04427000000055],[39.5882100000004,38.04350000000062],[39.589750000000265,38.0417700000005],[39.589850000000354,38.04130000000066],[39.59008000000023,38.04081000000048],[39.59105000000034,38.03997000000004],[39.592880000000264,38.0393500000003],[39.590620000000285,38.037220000000445],[39.58989000000031,38.0370800000004],[39.58776000000029,38.0369000000004],[39.582280000000196,38.03652000000022],[39.5798800000004,38.034810000000675],[39.57672000000042,38.03338000000048],[39.57627000000031,38.03343000000035],[39.575440000000356,38.03587000000044],[39.57517000000024,38.035980000000336],[39.575620000000356,38.03801000000027],[39.57573000000036,38.03962000000024],[39.57564000000042,38.04078000000027],[39.57549000000023,38.04130000000066],[39.575540000000274,38.041470000000515],[39.57529000000022,38.04193000000021],[39.57486000000034,38.043360000000575],[39.57419000000033,38.043270000000234],[39.573830000000214,38.04377000000039],[39.56297000000029,38.04195000000044],[39.56201000000027,38.037880000000484],[39.56507000000033,38.03291000000053],[39.56431000000032,38.03034000000048],[39.56718000000029,38.02537000000035],[39.56902000000031,38.02145000000087],[39.57114000000041,38.021960000000604],[39.57188000000036,38.01780000000031],[39.572560000000294,38.01767000000075],[39.574260000000265,38.01708000000042],[39.57885000000027,38.01617000000044],[39.58096000000023,38.01376000000056],[39.5893800000004,38.01602000000065],[39.59953000000036,38.01738000000091],[39.60613000000035,38.01800000000105],[39.60640000000035,38.01711000000006],[39.606660000000375,38.01693000000063],[39.606570000000374,38.01578000000069],[39.606940000000236,38.015320000001],[39.60738000000026,38.01411000000053],[39.60788000000042,38.01361000000037],[39.60860000000031,38.01355000000092],[39.60904000000028,38.01327000000066],[39.61044000000027,38.012940000000356],[39.61244000000022,38.01178000000084],[39.613480000000266,38.01168000000109],[39.61318000000034,38.01144000000028],[39.612210000000346,38.01115000000004],[39.61151000000035,38.01076000000046],[39.61127000000022,38.0105300000003],[39.611030000000255,38.00979000000052],[39.611060000000236,38.00958000000071],[39.611340000000325,38.009310000000596],[39.611370000000306,38.00853000000069],[39.61214000000024,38.00802000000044],[39.61303000000038,38.00717000000043],[39.61262000000039,38.00706000000059],[39.61145000000039,38.006990000001],[39.61073000000033,38.00673000000029],[39.60996000000034,38.00622000000038],[39.609510000000284,38.006190000000345],[39.609330000000284,38.006000000000256],[39.60860000000031,38.00576000000029],[39.608050000000276,38.005940000000805],[39.60757000000035,38.00599000000068],[39.6070900000002,38.0058300000004],[39.60674000000023,38.00582000000031],[39.60650000000027,38.00565000000097],[39.606470000000286,38.005540000000565],[39.606730000000255,38.004980000000955],[39.607310000000325,38.004550000000904],[39.607500000000414,38.00446000000056],[39.60842000000031,38.00438000000054],[39.608930000000214,38.004050000000234],[39.60909000000032,38.003490000000056],[39.60886077883879,38.00312979531833],[39.609137273000215,38.00285022300068],[39.61335978300036,38.0021085800002],[39.61338070500034,38.00204764900053],[39.61346911600026,38.00208937700029],[39.61333816500036,38.00168706800031],[39.61253899800022,38.00169636200087],[39.61241677800024,38.00159082000084],[39.614758934000236,38.000306458000296],[39.61474681900023,38.000209634999976],[39.61346308900022,37.998846695000225],[39.61706014400022,37.993686331000276],[39.61620241200029,37.99210069400027],[39.616087611000296,37.99204117600033],[39.60452091400026,37.99388879600025],[39.60438228800035,37.99383143600062],[39.60367024500033,37.99217250500027],[39.603709057000344,37.99206653900052],[39.609536817000276,37.9904265060008],[39.61095307400029,37.98593482800027],[39.61020081800024,37.98155018000023],[39.610352074000275,37.981506606000664],[39.61128910700029,37.9818656030003],[39.616261516000236,37.982483266000656],[39.61846418700031,37.9831371880004],[39.6193024170002,37.983133463],[39.62022665200021,37.982228037000255],[39.62079436900035,37.982019024000294],[39.62588808300029,37.98157705800031],[39.631932439000195,37.98186372600037],[39.6345318570003,37.98287344500034],[39.63458085800022,37.98305611200044],[39.633132576000264,37.98449157000056],[39.634578715000316,37.987043389000576],[39.62201519100029,38.001652741000726],[39.623033604000284,38.014314632000264],[39.62151348300034,38.020641755000156],[39.62158787000021,38.020730142000275],[39.62262556100035,38.02103825000023],[39.62267647400023,38.02112462500014],[39.622605942000234,38.0212937550001],[39.60710839500024,38.02225928300027],[39.605808681000326,38.02320703300035],[39.60565164700034,38.02484362100023],[39.60552416900026,38.02492814700025],[39.60565102800035,38.02501276000078],[39.60575030200022,38.02624115500021],[39.60690768000023,38.029821972000605],[39.60988011500024,38.03259791099998],[39.61019497200027,38.032795294000266],[39.615250392000235,38.034199798000316],[39.6169577580003,38.03444699400012],[39.62192145100016,38.03351584600017],[39.62516266200021,38.03709955400058],[39.62756733500032,38.03821905900003],[39.62771799500035,38.03820382200064],[39.62952313400024,38.036724422000304],[39.63312042400031,38.037464860000284],[39.63563018700023,38.039490663000436],[39.635769159000176,38.04738902800034],[39.634689767000225,38.04846783800025],[39.63863628700028,38.0517355800003]]],"type":"Polygon"}},{"type":"Feature","properties":{"area_id":"TR-21-003-192307","name_tr":"Saltepe","area_level":"neighbourhood","parent_id":"TR-21-003","endeksa_id":192307},"geometry":{"coordinates":[[[39.223172948000126,38.07807668800018],[39.22305721600014,38.0781605250001],[39.222928902000035,38.07808996300008],[39.221161435000056,38.07304982200026],[39.2148276420001,38.06609724200035],[39.19868690300018,38.06399174900014],[39.197312546000035,38.06196170400011],[39.199075872000094,38.05925875500003],[39.19702384500005,38.05477367100019],[39.19705906700011,38.05466543300031],[39.198932753000065,38.053428821000125],[39.196448696000175,38.050688003000005],[39.19644610100005,38.05057492599997],[39.20201906900053,38.04744982900053],[39.2023105370003,38.04751280000028],[39.202793647000306,38.0470165990007],[39.204347399000255,38.046147438000105],[39.20594801500022,38.043776761000686],[39.20907682000035,38.04574381900022],[39.21768057300034,38.04387121300033],[39.22003008100023,38.04056542700073],[39.22342685700028,38.04176396200086],[39.22406294300032,38.04032112400034],[39.22457382000022,38.0431184830004],[39.22708527200035,38.04427459000004],[39.22738581900029,38.036098609000305],[39.23054160692527,38.032414274794576],[39.23066418128502,38.03242757675355],[39.23665919531777,38.037322723751345],[39.236509169000215,38.03733220300023],[39.23517915000036,38.04442826300027],[39.23755000400024,38.04728346500076],[39.23779133800031,38.04736312500006],[39.237635953000336,38.04740318200027],[39.23639056900032,38.04915098700002],[39.23244052500036,38.04915799200069],[39.228699359000245,38.05337194300074],[39.22789124400026,38.053731714000264],[39.22773049600028,38.05445611200065],[39.226006038000264,38.056391727000346],[39.227130067000246,38.05768403100012],[39.223172948000126,38.07807668800018]]],"type":"Polygon"}},{"type":"Feature","properties":{"area_id":"TR-21-003-192243","name_tr":"Bayat","area_level":"neighbourhood","parent_id":"TR-21-003","endeksa_id":192243},"geometry":{"coordinates":[[[39.26329224400013,38.06727222400008],[39.263012377000166,38.0671515250001],[39.260823927000104,38.06811592900033],[39.260657344000094,38.068070931000136],[39.25371486100005,38.05701892400043],[39.253837764000025,38.056943385000125],[39.258933961000025,38.05709322700045],[39.26716454400008,38.05575988400017],[39.26547908000009,38.05310967800045],[39.24886913300003,38.049394015000416],[39.24834109000011,38.04862132900007],[39.24509247000009,38.04854925600006],[39.238673285000175,38.04711330400045],[39.23823088800009,38.047508213000526],[39.23755000400024,38.04728346500076],[39.23517915000036,38.04442826300027],[39.236509169000215,38.03733220300023],[39.241274715000316,38.03703484000073],[39.24841909547331,38.035119129914506],[39.248950000000264,38.03587000000027],[39.24939000000006,38.035830000000374],[39.25443000000013,38.03455000000048],[39.25845000000004,38.032480000000305],[39.26001000000019,38.03285000000051],[39.26033000000018,38.033260000000325],[39.260660000000144,38.033480000000054],[39.26117000000005,38.033760000000484],[39.26200000000017,38.03405000000032],[39.262270000000115,38.034400000000176],[39.26303000000013,38.034740000000056],[39.263360000000034,38.03479000000044],[39.26401000000021,38.03527000000037],[39.26434000000012,38.03540000000032],[39.264410000000055,38.0355600000002],[39.26496000000009,38.035680000000184],[39.2656300000001,38.03558000000044],[39.267310000000236,38.0358200000004],[39.26799000000017,38.03562000000022],[39.26827000000026,38.03497000000027],[39.2689400000001,38.0347000000001],[39.26935000000009,38.03423000000032],[39.26908000000009,38.03352000000052],[39.269890000000146,38.03258000000022],[39.270012824532955,38.03259228245349],[39.27382084600015,38.03374557600017],[39.27570705000005,38.036243118000414],[39.27431487500007,38.03699647500031],[39.27476981200016,38.03847556500011],[39.27441495100004,38.03856015300005],[39.27442431500009,38.03869542900037],[39.280834071000186,38.040702150000584],[39.28225305600006,38.04175279800012],[39.282252223000114,38.041888222000125],[39.285213268000064,38.04427867000021],[39.28522911700003,38.0443981950001],[39.28238708900005,38.04809174400003],[39.282812267000054,38.04985714500003],[39.28291807300013,38.04993426499999],[39.28129596500003,38.04979525800013],[39.28052177000018,38.05193688400004],[39.276198379000164,38.05469565200008],[39.27601283300004,38.05465383000018],[39.27601427600007,38.054362229000276],[39.27598105700008,38.05482293400013],[39.275450653000064,38.05521848700005],[39.275907590000145,38.056592727000066],[39.27582209000019,38.058369730000095],[39.27505868795123,38.059125344914776],[39.27478296895123,38.0592835519148],[39.27476497700019,38.05928613000026],[39.27114533000014,38.05779346000003],[39.264128617000154,38.05974738800023],[39.26472232400016,38.06407227300008],[39.263490489000105,38.067230119000214],[39.26329224400013,38.06727222400008]]],"type":"Polygon"}},{"type":"Feature","properties":{"area_id":"TR-21-003-192251","name_tr":"Ceylan","area_level":"neighbourhood","parent_id":"TR-21-003","endeksa_id":192251},"geometry":{"coordinates":[[[39.260657344000094,38.068070931000136],[39.2606370310001,38.068194985000105],[39.260405601000116,38.06826151700028],[39.254734367000026,38.066282964000266],[39.24724777600011,38.0698224250001],[39.24725319200019,38.06992829500035],[39.24993364000011,38.07299627100019],[39.235737651000306,38.07824249875034],[39.22982022900027,38.080429323750366],[39.22320931200011,38.08287243500001],[39.22320051899999,38.082875684000214],[39.22357363700013,38.08051057900036],[39.22355786200018,38.08050615600007],[39.223456596000176,38.08044651300003],[39.22344079800007,38.080473335000306],[39.22342535400003,38.08043453300013],[39.2234225790001,38.08042756100025],[39.22341971600014,38.08042036800009],[39.22341806900005,38.08042112600015],[39.223397201000125,38.080430735000334],[39.22316872200014,38.08053594000006],[39.22312303000007,38.08042114000034],[39.2231147060001,38.08040022600005],[39.22311121399997,38.080391452000185],[39.22310721600019,38.08038140600024],[39.22309193200016,38.08034300600008],[39.22336911700012,38.080308685000034],[39.223316289000024,38.080175955000016],[39.22332159700011,38.080173842000306],[39.223322673000155,38.080173414000114],[39.22333100800006,38.08017009600019],[39.22339241100008,38.080145657],[39.223411376000115,38.08013810900013],[39.22352523500007,38.08009279200019],[39.223587817000066,38.08006788400024],[39.22308872800011,38.078545275000295],[39.223172948000126,38.07807668800018],[39.225991675000216,38.06355063000069],[39.227130067000246,38.05768403100012],[39.226006038000264,38.056391727000346],[39.22773049600028,38.05445611200065],[39.22789124400026,38.053731714000264],[39.228699359000245,38.05337194300074],[39.23244052500036,38.04915799200069],[39.23639056900032,38.04915098700002],[39.237635953000336,38.04740318200027],[39.23779133800031,38.04736312500006],[39.23823088800009,38.047508213000526],[39.238673285000175,38.04711330400045],[39.24509247000009,38.04854925600006],[39.24834109000011,38.04862132900007],[39.24886913300003,38.049394015000416],[39.26547908000009,38.05310967800045],[39.26716454400008,38.05575988400017],[39.258933961000025,38.05709322700045],[39.253837764000025,38.056943385000125],[39.25371486100005,38.05701892400043],[39.25847929600036,38.064603613000315],[39.260657344000094,38.068070931000136]]],"type":"Polygon"}},{"type":"Feature","properties":{"area_id":"TR-21-003-192227","name_tr":"Armutlu","area_level":"neighbourhood","parent_id":"TR-21-003","endeksa_id":192227},"geometry":{"coordinates":[[[39.3392303990002,38.056974692000324],[39.33111942700003,38.059417700000154],[39.33107542799257,38.05952757494396],[39.33319144176335,38.05924418013484],[39.33411000000012,38.06168000000008],[39.33369000000022,38.06363000000067],[39.33038000000005,38.065260000000535],[39.32864000000018,38.06571000000014],[39.32855000000018,38.066130000000044],[39.32827000000009,38.06626000000017],[39.328030000000126,38.0668100000002],[39.327880000000164,38.06763000000052],[39.3277300000002,38.06796000000014],[39.326240000000155,38.07006000000035],[39.32562000000024,38.07200000000006],[39.32421000000011,38.07388000000037],[39.32368000000008,38.075260000000185],[39.3250000000001,38.078770000000134],[39.3245100000002,38.08290000000011],[39.317770000000166,38.08203000000043],[39.310320000000104,38.08073000000013],[39.30711368006433,38.081249728714624],[39.307207262000134,38.081136394],[39.306061714000066,38.07942854500021],[39.30491014926565,38.07945988627432],[39.304000000000144,38.080000000000155],[39.303500000000156,38.08015000000046],[39.30255000000011,38.08007000000026],[39.30212000000006,38.07984000000039],[39.30135000000013,38.07980000000009],[39.3008700000002,38.079970000000344],[39.30089000000004,38.080160000000035],[39.30042000000009,38.08023000000014],[39.29945000000009,38.07973000000038],[39.29274000000004,38.07698000000039],[39.28778000000017,38.075360000000614],[39.28884847111442,38.07158864851351],[39.29026000000016,38.06787000000048],[39.29564000000016,38.066560000000095],[39.29977000000014,38.066560000000095],[39.30246000000011,38.066400000000385],[39.305570000000046,38.06803000000025],[39.309140000000184,38.06955000000022],[39.30953000000011,38.06940000000009],[39.309910000000116,38.069370000000276],[39.310530000000085,38.069600000000094],[39.31162000000023,38.069250000000295],[39.312200000000075,38.06890000000044],[39.31249000000008,38.06862000000018],[39.31274000000013,38.068170000000066],[39.313040000000115,38.067860000000394],[39.31288000000018,38.06616000000042],[39.31309000000016,38.06540000000007],[39.31367000000017,38.0643800000002],[39.31426000000016,38.064730000000054],[39.31572000000017,38.065130000000295],[39.31870000000015,38.06515000000013],[39.319700000000125,38.06503000000015],[39.31950000000012,38.06479000000019],[39.31783000000013,38.06409000000036],[39.31731000000008,38.06435000000056],[39.31686000000019,38.06338000000005],[39.31653000000006,38.063090000000045],[39.315980000000195,38.06280000000021],[39.31569000000019,38.06228000000016],[39.31586000000004,38.06122000000022],[39.31603781705104,38.06099218295128],[39.31592569299829,38.06097755801426],[39.315672787000096,38.06030744200007],[39.315394464000065,38.060191029000066],[39.315544508000016,38.06020292000028],[39.31782249798158,38.05906528986441],[39.320499556000186,38.05870023600045],[39.32389955700023,38.05870023600045],[39.325399556000264,38.05850023600061],[39.3285995570003,38.05750023700057],[39.330599556000266,38.05670023700026],[39.33159955600024,38.05650023600032],[39.33279955700033,38.0564002360004],[39.33849955700032,38.056600236000236],[39.339099557000225,38.05680023600064],[39.3392303990002,38.056974692000324]]],"type":"Polygon"}},{"type":"Feature","properties":{"area_id":"TR-21-003-192245","name_tr":"Bayrak","area_level":"neighbourhood","parent_id":"TR-21-003","endeksa_id":192245},"geometry":{"coordinates":[[[39.37190452336529,38.06320420012247],[39.37077000000011,38.06280000000021],[39.368420000000185,38.06292000000019],[39.36829000000006,38.0629100000001],[39.36822000000012,38.06267000000014],[39.368020000000115,38.06264000000033],[39.36752000000013,38.062720000000695],[39.36699000000016,38.062620000000265],[39.365170000000035,38.06286000000023],[39.36441000000019,38.06308000000013],[39.36407000000014,38.06305000000032],[39.363310000000126,38.06280000000021],[39.3627400000002,38.0624600000005],[39.359380000000044,38.061420000000055],[39.356780000000185,38.06035000000003],[39.35650000000015,38.06141000000031],[39.3565500000002,38.06190000000038],[39.35672000000005,38.062010000000214],[39.35633000000007,38.06198000000006],[39.35597000000013,38.06218000000007],[39.35537000000005,38.062970000000064],[39.354980000000126,38.06376000000006],[39.354850000000226,38.06459000000052],[39.354890000000125,38.06558000000018],[39.354770000000144,38.065910000000315],[39.35449000000011,38.06619000000006],[39.35428000000013,38.066560000000095],[39.35348000000016,38.06712000000027],[39.35271000000006,38.06745000000018],[39.352100000000064,38.067920000000356],[39.351260000000195,38.068360000000155],[39.35067000000004,38.068910000000415],[39.350353594341925,38.06974460848744],[39.34866699200006,38.068747098000074],[39.342927205000194,38.06667910400017],[39.34131132800019,38.06422307700012],[39.343056173000036,38.058460742000534],[39.343233370000064,38.058395351],[39.34507925100013,38.0592771850005],[39.34230035500002,38.05276209500005],[39.34236457200012,38.05264188400065],[39.34858256300009,38.05026128000014],[39.359972867000124,38.05034504800017],[39.360089658000106,38.05026079400028],[39.36041078800008,38.050687474000085],[39.36081009900016,38.05150637800017],[39.36085068600005,38.051376347000655],[39.36468528100016,38.05218126400001],[39.36992631499999,38.05545827000009],[39.37276203700014,38.059839447000115],[39.37190452336529,38.06320420012247]]],"type":"Polygon"}},{"type":"Feature","properties":{"area_id":"TR-21-003-192277","name_tr":"Karakaya","area_level":"neighbourhood","parent_id":"TR-21-003","endeksa_id":192277},"geometry":{"coordinates":[[[39.315394464000065,38.060191029000066],[39.315672787000096,38.06030744200007],[39.31592569299829,38.06097755801426],[39.31603781705104,38.06099218295128],[39.31586000000004,38.06122000000022],[39.31569000000019,38.06228000000016],[39.315980000000195,38.06280000000021],[39.31653000000006,38.063090000000045],[39.31686000000019,38.06338000000005],[39.31731000000008,38.06435000000056],[39.31783000000013,38.06409000000036],[39.31950000000012,38.06479000000019],[39.319700000000125,38.06503000000015],[39.31870000000015,38.06515000000013],[39.31572000000017,38.065130000000295],[39.31426000000016,38.064730000000054],[39.31367000000017,38.0643800000002],[39.31309000000016,38.06540000000007],[39.31288000000018,38.06616000000042],[39.313040000000115,38.067860000000394],[39.31274000000013,38.068170000000066],[39.31249000000008,38.06862000000018],[39.312200000000075,38.06890000000044],[39.31162000000023,38.069250000000295],[39.310530000000085,38.069600000000094],[39.309910000000116,38.069370000000276],[39.30953000000011,38.06940000000009],[39.309140000000184,38.06955000000022],[39.305570000000046,38.06803000000025],[39.30246000000011,38.066400000000385],[39.29977000000014,38.066560000000095],[39.29564000000016,38.066560000000095],[39.29026000000016,38.06787000000048],[39.28884847111442,38.07158864851351],[39.28283177999998,38.07066173900046],[39.279364257000054,38.06474960400004],[39.274237616000164,38.06555219100011],[39.27410729400003,38.065504145000034],[39.27483177100004,38.05938352700059],[39.27476497700019,38.05928613000026],[39.27478296895123,38.0592835519148],[39.27505868795123,38.059125344914776],[39.27582209000019,38.058369730000095],[39.275907590000145,38.056592727000066],[39.275450653000064,38.05521848700005],[39.27598105700008,38.05482293400013],[39.27601427600007,38.054362229000276],[39.27601283300004,38.05465383000018],[39.276198379000164,38.05469565200008],[39.28052177000018,38.05193688400004],[39.28129596500003,38.04979525800013],[39.28291807300013,38.04993426499999],[39.30344011,38.05210523100021],[39.30567415100006,38.05335793500012],[39.304959588000145,38.05514216200004],[39.3050898300001,38.05526351900005],[39.310932786000194,38.05269779300022],[39.310944713000026,38.052724955000144],[39.31109794100007,38.05263481500015],[39.311130202000186,38.052708283000186],[39.3111922010001,38.052702710000176],[39.31118149100007,38.052825084000176],[39.31121872400007,38.05282173700016],[39.311633247000145,38.057433583000034],[39.315394464000065,38.060191029000066]]],"type":"Polygon"}},{"type":"Feature","properties":{"area_id":"TR-21-003-192285","name_tr":"Kartaltaşı","area_level":"neighbourhood","parent_id":"TR-21-003","endeksa_id":192285},"geometry":{"coordinates":[[[39.38547176883583,38.067879615944605],[39.38531306996151,38.06788150490934],[39.38529576694242,38.0679913431195],[39.38488000000012,38.06744000000043],[39.385000000000105,38.067370000000324],[39.384470000000135,38.066930000000184],[39.38358000000005,38.067030000000614],[39.38370000000003,38.067210000000046],[39.38359000000014,38.06723000000011],[39.38279000000006,38.06688000000031],[39.382640000000265,38.06651000000022],[39.382020000000125,38.06592000000006],[39.3818500000001,38.06580000000031],[39.38170000000008,38.06589000000008],[39.38083000000006,38.06527000000011],[39.381000000000085,38.06514000000004],[39.38096000000013,38.065070000000446],[39.380780000000186,38.06515000000013],[39.37990000000019,38.06502000000057],[39.37956000000014,38.06478000000061],[39.37895000000009,38.063980000000356],[39.3786300000001,38.06379000000027],[39.377840000000106,38.06366000000031],[39.3772400000002,38.063710000000185],[39.376670000000104,38.06391000000042],[39.37562000000008,38.063830000000166],[39.375120000000095,38.063900000000274],[39.37485000000015,38.063580000000115],[39.37480000000011,38.06333000000018],[39.374310000000094,38.063250000000494],[39.37409000000014,38.06303000000008],[39.37379000000004,38.06344000000058],[39.3732100000002,38.06353000000024],[39.372390000000166,38.06341000000026],[39.37190452336529,38.06320420012247],[39.37276203700014,38.059839447000115],[39.36992631499999,38.05545827000009],[39.36468528100016,38.05218126400001],[39.36085068600005,38.051376347000655],[39.36081009900016,38.05150637800017],[39.36041078800008,38.050687474000085],[39.360089658000106,38.05026079400028],[39.36011908900019,38.05015606100005],[39.35862501459712,38.0469475642102],[39.36471000000017,38.04458000000045],[39.36947000000015,38.041810000000055],[39.37237000000016,38.040020000000084],[39.37733250544602,38.03798537276754],[39.378460000000075,38.039670000000115],[39.379830000000084,38.04019000000034],[39.38209000000023,38.04009000000042],[39.38514000000015,38.03827000000007],[39.385054751976554,38.0380890168326],[39.38702403100018,38.03940297400038],[39.38703766800012,38.039501452000536],[39.38693883000013,38.03955986200003],[39.38731458900003,38.03952202500005],[39.388209584000094,38.04213817600021],[39.38736609800014,38.04325245000007],[39.387184299000126,38.04461886600029],[39.39259774600009,38.0477881330001],[39.39443574000012,38.05314758500015],[39.39441977130036,38.06089621548955],[39.39436279773099,38.060974132637114],[39.39422525090572,38.06095981532502],[39.39415821600005,38.0606607670004],[39.38926460500011,38.06363650900005],[39.387879734000194,38.06669491499997],[39.38670977400017,38.066987028000256],[39.38643349800009,38.06736127100004],[39.385343259000194,38.067328215000146],[39.38488472400019,38.06744270200011],[39.38547176883583,38.067879615944605]]],"type":"Polygon"}},{"type":"Feature","properties":{"area_id":"TR-21-003-192283","name_tr":"Karataş","area_level":"neighbourhood","parent_id":"TR-21-003","endeksa_id":192283},"geometry":{"coordinates":[[[39.42368696699998,38.075666481000155],[39.42181011700012,38.075273192],[39.416889689000186,38.075982017000115],[39.399275595989536,38.06590673564921],[39.39443272298149,38.062515370631445],[39.39441977130036,38.06089621548955],[39.39443574000012,38.05314758500015],[39.39259774600009,38.0477881330001],[39.387184299000126,38.04461886600029],[39.38736609800014,38.04325245000007],[39.388209584000094,38.04213817600021],[39.38731458900003,38.03952202500005],[39.38693883000013,38.03955986200003],[39.38703766800012,38.039501452000536],[39.38702403100018,38.03940297400038],[39.385054751976554,38.0380890168326],[39.38655000000011,38.03768000000014],[39.387660000000096,38.03779000000014],[39.388120000000185,38.03794000000033],[39.38882000000018,38.03789000000029],[39.38872000000009,38.03780000000012],[39.38926000000015,38.03768000000014],[39.38994000000014,38.03770000000037],[39.391861236000295,38.038164420000214],[39.39181541500028,38.03834128300036],[39.39228279800034,38.03826560000027],[39.39226210000021,38.03857234600025],[39.394068988000356,38.03869430600054],[39.402528221000296,38.035739186000455],[39.40548832800033,38.032327775000226],[39.41019398300023,38.03403630200029],[39.409371774000306,38.034347488000776],[39.41062615900029,38.034486993000314],[39.41065901100029,38.034332801000346],[39.41107391800011,38.03453679000063],[39.41113248000016,38.03437691200037],[39.4112328760001,38.03441333000018],[39.411217395000165,38.03455274700008],[39.41200276100011,38.03464011200015],[39.41248120000017,38.036725956000396],[39.410279150000065,38.03956857100013],[39.41602378900012,38.04194638700005],[39.41514238100018,38.05425751900066],[39.41681201300014,38.06240806100004],[39.42523898100018,38.06818625],[39.42368696699998,38.075666481000155]]],"type":"Polygon"}},{"type":"Feature","properties":{"area_id":"TR-21-003-192349","name_tr":"Karacaviran","area_level":"neighbourhood","parent_id":"TR-21-003","endeksa_id":192349},"geometry":{"coordinates":[[[39.55074000000036,38.083280000000286],[39.550660000000164,38.08354000000031],[39.54903000000013,38.083720000000255],[39.5474700000002,38.08367000000038],[39.54572000000019,38.081000000000074],[39.54093000000012,38.07980000000009],[39.5338500000002,38.07754000000051],[39.52945000000011,38.07769000000013],[39.52979000000016,38.06949000000026],[39.52997000000016,38.06774000000041],[39.529620000000136,38.06426000000022],[39.53175000000016,38.05976000000021],[39.53404000000012,38.0599100000004],[39.536530000000084,38.06277000000057],[39.541120000000035,38.063370000000475],[39.542660000000126,38.0606600000001],[39.54438000000016,38.05463000000066],[39.54495000000003,38.04891000000009],[39.54840000000024,38.04408000000029],[39.548020000000236,38.03835000000015],[39.54993000000013,38.03383000000008],[39.55414000000013,38.03383000000008],[39.55624000000017,38.031120000000215],[39.56431000000032,38.03034000000048],[39.56507000000033,38.03291000000053],[39.56201000000027,38.037880000000484],[39.56297000000029,38.04195000000044],[39.573830000000214,38.04377000000039],[39.57419000000033,38.043270000000234],[39.57486000000034,38.043360000000575],[39.57529000000022,38.04193000000021],[39.575540000000274,38.041470000000515],[39.57549000000023,38.04130000000066],[39.57564000000042,38.04078000000027],[39.57573000000036,38.03962000000024],[39.575620000000356,38.03801000000027],[39.57517000000024,38.035980000000336],[39.575440000000356,38.03587000000044],[39.57627000000031,38.03343000000035],[39.57672000000042,38.03338000000048],[39.5798800000004,38.034810000000675],[39.582280000000196,38.03652000000022],[39.58776000000029,38.0369000000004],[39.58989000000031,38.0370800000004],[39.590620000000285,38.037220000000445],[39.592880000000264,38.0393500000003],[39.59105000000034,38.03997000000004],[39.59008000000023,38.04081000000048],[39.589850000000354,38.04130000000066],[39.589750000000265,38.0417700000005],[39.5882100000004,38.04350000000062],[39.588450000000364,38.04427000000055],[39.58880000000033,38.04499000000044],[39.583620000000224,38.046490000000745],[39.581320000000346,38.04845000000091],[39.58113000000026,38.05192000000045],[39.57882428265839,38.05542019977827],[39.577110000000175,38.05840000000012],[39.577110000000346,38.060510000000306],[39.5749400000002,38.065510000000074],[39.574260000000265,38.06578000000093],[39.57378000000034,38.06561000000056],[39.5727600000003,38.06575000000004],[39.57205000000039,38.06571000000031],[39.57102000000026,38.06584000000038],[39.5699900000003,38.066160000001105],[39.56951000000038,38.066090000000486],[39.56840000000034,38.0663600000006],[39.56841000000031,38.06598000000059],[39.568530000000294,38.06577000000027],[39.56955000000028,38.06496000000004],[39.568870000000345,38.06457000000046],[39.56716000000023,38.06336000000056],[39.566450000000316,38.06379000000044],[39.56477000000041,38.06453000000039],[39.562590000000284,38.06575000000004],[39.562280000000214,38.06584000000038],[39.56186000000031,38.06575000000004],[39.562150000000315,38.064520000000584],[39.56266000000022,38.063680000000545],[39.56239000000028,38.06267000000082],[39.56087000000031,38.06276000000031],[39.55940000000032,38.06311000000045],[39.55789000000027,38.06384000000048],[39.55801000000025,38.06419000000028],[39.55861000000033,38.06509000000068],[39.55888000000027,38.06586000000061],[39.55981000000031,38.06753000000026],[39.559270000000254,38.067460000000665],[39.55894000000029,38.06713000000053],[39.55699000000021,38.067090000000064],[39.5572300000004,38.0672900000003],[39.5574500000003,38.06776000000008],[39.55777000000029,38.06813000000068],[39.55901000000023,38.069100000000105],[39.55712000000034,38.07041000000049],[39.552760000000376,38.07408000000004],[39.551100000000304,38.07493000000056],[39.55257000000029,38.07645000000042],[39.5542300000003,38.078700000000424],[39.55294000000032,38.079660000000274],[39.55374000000029,38.08048000000076],[39.55173000000042,38.081890000000385],[39.55074000000036,38.083280000000286]]],"type":"Polygon"}},{"type":"Feature","properties":{"area_id":"TR-21-003-192241","name_tr":"Balıksırtı","area_level":"neighbourhood","parent_id":"TR-21-003","endeksa_id":192241},"geometry":{"coordinates":[[[39.44717910821669,38.077912655653336],[39.436497114000076,38.078350818000274],[39.42356409500013,38.076258693000455],[39.42523898100018,38.06818625],[39.41681201300014,38.06240806100004],[39.41514238100018,38.05425751900066],[39.41602378900012,38.04194638700005],[39.410279150000065,38.03956857100013],[39.41248120000017,38.036725956000396],[39.41200276100011,38.03464011200015],[39.41396335100018,38.03485813700013],[39.41876448400012,38.03963550000026],[39.42207127100011,38.042019363000236],[39.43469736200018,38.04341935500025],[39.43572750700008,38.04544215700014],[39.43381116200004,38.04838956000003],[39.43258152400011,38.05067093800011],[39.43162324700012,38.04843176300005],[39.428572339000084,38.0487257420001],[39.43038854700012,38.05708020399999],[39.43781136500019,38.056841585000086],[39.43835458299998,38.059134147000066],[39.43485098600013,38.06185985900049],[39.44077286000015,38.06499367600003],[39.44731920819436,38.077740320750365],[39.44730347047516,38.07785675351744],[39.44717910821669,38.077912655653336]]],"type":"Polygon"}},{"type":"Feature","properties":{"area_id":"TR-21-003-192315","name_tr":"Yayıklı","area_level":"neighbourhood","parent_id":"TR-21-003","endeksa_id":192315},"geometry":{"coordinates":[[[39.331581911000114,38.08668640800056],[39.33139441600014,38.08673493100008],[39.331261601999984,38.086571740000124],[39.32424539479223,38.08286584472859],[39.3245100000002,38.08290000000011],[39.3250000000001,38.078770000000134],[39.32368000000008,38.075260000000185],[39.32421000000011,38.07388000000037],[39.32562000000024,38.07200000000006],[39.326240000000155,38.07006000000035],[39.3277300000002,38.06796000000014],[39.327880000000164,38.06763000000052],[39.328030000000126,38.0668100000002],[39.32827000000009,38.06626000000017],[39.32855000000018,38.066130000000044],[39.32864000000018,38.06571000000014],[39.33038000000005,38.065260000000535],[39.33369000000022,38.06363000000067],[39.33411000000012,38.06168000000008],[39.33319144176335,38.05924418013484],[39.33107542799257,38.05952757494396],[39.33111942700003,38.059417700000154],[39.3392303990002,38.056974692000324],[39.33991456000007,38.056808440000054],[39.343023997000046,38.05829503300009],[39.343056173000036,38.058460742000534],[39.34131132800019,38.06422307700012],[39.342927205000194,38.06667910400017],[39.34866699200006,38.068747098000074],[39.350353594341925,38.06974460848744],[39.34989000000013,38.07051000000007],[39.3494300000001,38.070740000000114],[39.348720000000185,38.071300000000065],[39.34874000000019,38.07213000000053],[39.348320000000115,38.07323000000008],[39.34745000000004,38.07465000000013],[39.34667000000019,38.07534000000038],[39.346340000000055,38.07590000000039],[39.34610000000009,38.07659000000007],[39.345810000000085,38.0767900000003],[39.34320000000014,38.07794000000024],[39.34272000000004,38.07857000000047],[39.34161000000023,38.079200000000185],[39.341510000000085,38.0793800000007],[39.34159811776743,38.079607176651336],[39.34265710500006,38.08413648099997],[39.342614252000146,38.08422974200033],[39.33277606300015,38.08408600700011],[39.331581911000114,38.08668640800056]]],"type":"Polygon"}},{"type":"Feature","properties":{"area_id":"TR-21-003-192351","name_tr":"Kırmatepe","area_level":"neighbourhood","parent_id":"TR-21-003","endeksa_id":192351},"geometry":{"coordinates":[[[39.51249705082796,38.04042007792822],[39.512805755000045,38.03876772100017],[39.51291607900015,38.03868371600038],[39.51304751900017,38.03874843900013],[39.51919775600004,38.0526127],[39.51916005600009,38.05272142400048],[39.51902241300019,38.05273371600043],[39.51071459900004,38.04924940200044],[39.50603265300009,38.0549113550004],[39.507132906000095,38.062455968000165],[39.50448577899999,38.065566050000086],[39.50837534400006,38.067268619000004],[39.508737312000164,38.07021114600002],[39.50905483200012,38.07049860200004],[39.50916931100011,38.073829999000054],[39.507767337000075,38.07808407100032],[39.50324664000004,38.08205376400008],[39.50273461800015,38.086457807000386],[39.5026180860001,38.08650713600014],[39.500195932000054,38.08634494100011],[39.50084436000009,38.08839862300039],[39.49757877400009,38.08595150300005],[39.49189084700009,38.08832453700012],[39.491534394000155,38.08583332300009],[39.48985126600019,38.08545454299997],[39.4918558280001,38.08508877800017],[39.49146647400005,38.08390342000018],[39.48508944100007,38.07274179300043],[39.47219014781376,38.07370903783186],[39.47206542910607,38.07361851483142],[39.47206955500019,38.07326605800006],[39.47451321700004,38.06959749500015],[39.47501430800003,38.064341848000595],[39.47301572100014,38.060394902000155],[39.473971994000124,38.05872839700021],[39.47359656700007,38.05807911200003],[39.47378710300018,38.05794555900013],[39.47243748800014,38.051098664000506],[39.472414442,38.04963658800068],[39.47214154500011,38.049626330000365],[39.47208454800011,38.04934276700044],[39.475904805000084,38.047978798000145],[39.477691930048366,38.0456809650243],[39.47775000000007,38.045710000000156],[39.478020000000186,38.04520000000059],[39.478240000000085,38.044500000000255],[39.47915000000006,38.04377000000022],[39.47952000000015,38.04360000000037],[39.4800800000001,38.04318000000006],[39.481140000000096,38.04285000000016],[39.48219000000006,38.04273000000018],[39.48280000000011,38.04240000000004],[39.483100000000036,38.04213000000027],[39.48383000000007,38.041990000000055],[39.48428000000018,38.041680000000156],[39.48498000000018,38.041590000000326],[39.48571000000021,38.041350000000364],[39.48584000000011,38.04110000000031],[39.48571000000021,38.04080000000033],[39.48572000000013,38.0401700000001],[39.48597000000018,38.03966000000037],[39.48647000000017,38.039610000000096],[39.486660000000086,38.039450000000215],[39.487070000000074,38.039490000000114],[39.48782000000017,38.03935000000007],[39.488030000000094,38.03903000000025],[39.48871000000008,38.03869000000054],[39.48968000000019,38.03869000000054],[39.490350000000035,38.03858000000014],[39.49086000000017,38.038680000000056],[39.49120000000005,38.03861000000035],[39.49165000000016,38.03842000000026],[39.491990000000044,38.03813000000042],[39.49306000000013,38.03855000000033],[39.49457000000018,38.038800000000265],[39.494970000000194,38.039080000000126],[39.49551000000014,38.039700000000266],[39.49568000000016,38.03951000000018],[39.4958400000001,38.039450000000215],[39.49596000000008,38.03950000000009],[39.496230000000025,38.04022000000066],[39.49680000000012,38.040850000000205],[39.4970100000001,38.041470000000345],[39.497350000000154,38.041900000000396],[39.49732000000017,38.041990000000055],[39.498210000000086,38.04312000000044],[39.498220000000174,38.04333000000008],[39.49873000000008,38.04399000000012],[39.499390000000176,38.044660000000135],[39.49975000000012,38.045370000000446],[39.50006000000019,38.044940000000395],[39.502520000000175,38.0432500000004],[39.503260000000125,38.042960000000164],[39.50366000000014,38.043140000000676],[39.504320000000064,38.042430000000195],[39.50544000000019,38.04089000000067],[39.50811846100004,38.043214324000076],[39.51208199335514,38.04253918936814],[39.512120000000095,38.04260000000005],[39.51249705082796,38.04042007792822]]],"type":"Polygon"}},{"type":"Feature","properties":{"area_id":"TR-21-003-192255","name_tr":"Değirmenli","area_level":"neighbourhood","parent_id":"TR-21-003","endeksa_id":192255},"geometry":{"coordinates":[[[39.39230097410416,38.07296231973703],[39.39219501134011,38.07294054791964],[39.38684180680053,38.07400626276666],[39.38658874662946,38.07395143370945],[39.38610000000017,38.074520000000064],[39.38554000000005,38.07429000000019],[39.38467000000014,38.07409000000018],[39.38278000000008,38.07406000000037],[39.38141000000007,38.0737900000002],[39.38127000000003,38.07513000000006],[39.38099000000017,38.075510000000236],[39.3805900000001,38.07667000000032],[39.380040000000065,38.07726000000008],[39.37862000000018,38.07961000000017],[39.37848000000014,38.08023000000014],[39.378770000000145,38.08034000000055],[39.37912000000017,38.0806900000004],[39.37927000000013,38.08131000000037],[39.379520000000184,38.08154000000036],[39.378460000000075,38.082320000000266],[39.37817000000007,38.08193000000011],[39.3774600000001,38.08358000000004],[39.3773300000002,38.083690000000615],[39.37729000000007,38.08417000000054],[39.37692000000021,38.08501000000041],[39.377000000000066,38.08593000000013],[39.37690000000015,38.086170000000095],[39.37748000000016,38.08637000000067],[39.378330000000176,38.08641000000006],[39.37862000000018,38.08612000000005],[39.37893000000008,38.08600000000007],[39.37985000000015,38.08603000000028],[39.38005000000015,38.08615000000026],[39.37941000000018,38.0867700000004],[39.37928000000005,38.08708000000007],[39.38052000000016,38.08767000000023],[39.38092000000006,38.087720000000104],[39.38107000000019,38.087690000000464],[39.381190000000174,38.08755000000025],[39.381000000000085,38.08789000000013],[39.380970000000104,38.08861000000019],[39.38084000000015,38.08861000000019],[39.3805000000001,38.089600000000075],[39.38055000000014,38.09009000000009],[39.38148000000018,38.09032000000013],[39.38141000000007,38.09219000000047],[39.383480000000134,38.094970000000274],[39.378590000000145,38.09377000000046],[39.37488000000013,38.09359000000012],[39.37297000000024,38.09334000000041],[39.36772000000013,38.09154000000069],[39.35546000000005,38.08473000000015],[39.35208000000017,38.08300000000037],[39.34944000000024,38.082110000000625],[39.34768000000008,38.0810400000002],[39.346710000000144,38.08032000000031],[39.34480000000019,38.08007000000026],[39.34342000000004,38.07968000000011],[39.34159811776743,38.079607176651336],[39.341510000000085,38.0793800000007],[39.34161000000023,38.079200000000185],[39.34272000000004,38.07857000000047],[39.34320000000014,38.07794000000024],[39.345810000000085,38.0767900000003],[39.34610000000009,38.07659000000007],[39.346340000000055,38.07590000000039],[39.34667000000019,38.07534000000038],[39.34745000000004,38.07465000000013],[39.348320000000115,38.07323000000008],[39.34874000000019,38.07213000000053],[39.348720000000185,38.071300000000065],[39.3494300000001,38.070740000000114],[39.34989000000013,38.07051000000007],[39.350353594341925,38.06974460848744],[39.35067000000004,38.068910000000415],[39.351260000000195,38.068360000000155],[39.352100000000064,38.067920000000356],[39.35271000000006,38.06745000000018],[39.35348000000016,38.06712000000027],[39.35428000000013,38.066560000000095],[39.35449000000011,38.06619000000006],[39.354770000000144,38.065910000000315],[39.354890000000125,38.06558000000018],[39.354850000000226,38.06459000000052],[39.354980000000126,38.06376000000006],[39.35537000000005,38.062970000000064],[39.35597000000013,38.06218000000007],[39.35633000000007,38.06198000000006],[39.35672000000005,38.062010000000214],[39.3565500000002,38.06190000000038],[39.35650000000015,38.06141000000031],[39.356780000000185,38.06035000000003],[39.359380000000044,38.061420000000055],[39.3627400000002,38.0624600000005],[39.363310000000126,38.06280000000021],[39.36407000000014,38.06305000000032],[39.36441000000019,38.06308000000013],[39.365170000000035,38.06286000000023],[39.36699000000016,38.062620000000265],[39.36752000000013,38.062720000000695],[39.368020000000115,38.06264000000033],[39.36822000000012,38.06267000000014],[39.36829000000006,38.0629100000001],[39.368420000000185,38.06292000000019],[39.37077000000011,38.06280000000021],[39.37190452336529,38.06320420012247],[39.372390000000166,38.06341000000026],[39.3732100000002,38.06353000000024],[39.37379000000004,38.06344000000058],[39.37409000000014,38.06303000000008],[39.374310000000094,38.063250000000494],[39.37480000000011,38.06333000000018],[39.37485000000015,38.063580000000115],[39.375120000000095,38.063900000000274],[39.37562000000008,38.063830000000166],[39.376670000000104,38.06391000000042],[39.3772400000002,38.063710000000185],[39.377840000000106,38.06366000000031],[39.3786300000001,38.06379000000027],[39.37895000000009,38.063980000000356],[39.37956000000014,38.06478000000061],[39.37990000000019,38.06502000000057],[39.380780000000186,38.06515000000013],[39.38096000000013,38.065070000000446],[39.381000000000085,38.06514000000004],[39.38083000000006,38.06527000000011],[39.38170000000008,38.06589000000008],[39.3818500000001,38.06580000000031],[39.382020000000125,38.06592000000006],[39.382640000000265,38.06651000000022],[39.38279000000006,38.06688000000031],[39.38359000000014,38.06723000000011],[39.38370000000003,38.067210000000046],[39.38358000000005,38.067030000000614],[39.384470000000135,38.066930000000184],[39.385000000000105,38.067370000000324],[39.38488000000012,38.06744000000043],[39.38529576694242,38.0679913431195],[39.38531306996151,38.06788150490934],[39.38547176883583,38.067879615944605],[39.39230097410416,38.07296231973703]]],"type":"Polygon"}},{"type":"Feature","properties":{"area_id":"TR-21-003-192321","name_tr":"Başarı","area_level":"neighbourhood","parent_id":"TR-21-003","endeksa_id":192321},"geometry":{"coordinates":[[[39.525250000000426,38.10759000000013],[39.52410000000026,38.108410000000504],[39.52276000000023,38.10969000000051],[39.523050000000296,38.11511000000047],[39.523620000000335,38.116460000000586],[39.52586000000025,38.11794000000032],[39.523150000000385,38.11827000000045],[39.518070000000364,38.11925000000036],[39.51377000000036,38.11902000000066],[39.51041000000038,38.116590000000144],[39.50860000000017,38.11604000000011],[39.51165000000009,38.11168000000015],[39.51355000000012,38.110360000000355],[39.51384000000013,38.11006000000003],[39.514040000000136,38.10968000000025],[39.51468000000017,38.10924000000006],[39.51514000000003,38.10871000000026],[39.51577000000009,38.10824000000008],[39.51609000000013,38.1076800000003],[39.51647000000014,38.10724000000016],[39.51780000000019,38.10640000000029],[39.518380000000036,38.105340000000126],[39.519280000000094,38.104870000000176],[39.519900000000064,38.103980000000035],[39.520150000000115,38.10390000000018],[39.51913000000013,38.10043000000013],[39.51731000000018,38.09756000000016],[39.51817000000011,38.096580000000074],[39.517790000000105,38.09387000000021],[39.51855000000006,38.09207000000049],[39.52037000000024,38.08890000000042],[39.52161000000012,38.08506000000028],[39.522000000000105,38.08167000000009],[39.5224800000002,38.080620000000295],[39.52025000000026,38.07853000000017],[39.51908000000026,38.07757000000015],[39.51908000000026,38.07739000000021],[39.51994000000019,38.07586000000009],[39.51837000000012,38.07078000000041],[39.51722000000018,38.06927000000013],[39.5132000000001,38.06716000000017],[39.51301000000018,38.062940000000424],[39.515500000000145,38.06053000000014],[39.519900000000064,38.05782000000028],[39.52588000000014,38.055380000000184],[39.5308100000002,38.05118000000016],[39.53177000000005,38.04802000000018],[39.530240000000106,38.04395000000022],[39.5266000000002,38.04033000000038],[39.52124000000009,38.0379200000001],[39.52009000000015,38.04018000000019],[39.51684000000017,38.038830000000075],[39.51266000000015,38.0377400000001],[39.5130200000001,38.03696000000025],[39.51355000000012,38.03279000000015],[39.51464000000004,38.02780000000047],[39.51534000000021,38.02621000000039],[39.51658000000015,38.02609000000041],[39.517610000000104,38.02373000000051],[39.518970000000195,38.021800000000155],[39.51942000000014,38.020500000000425],[39.521070000000066,38.019970000000626],[39.52298000000019,38.0182200000001],[39.52425000000011,38.01568000000026],[39.52465000000012,38.01296000000042],[39.52531000000005,38.010890000000416],[39.52562000000012,38.00896000000057],[39.52644000000009,38.00519000000003],[39.527360000000215,38.004730000000166],[39.52831000000009,38.0038900000003],[39.53032000000013,38.00450000000035],[39.53285000000005,38.00367000000006],[39.53314000000006,38.003310000000624],[39.53313000000014,38.00300000000004],[39.533710000000156,38.003020000000106],[39.53466000000026,38.00405000000006],[39.53742000000017,38.00563000000005],[39.54220000000004,38.00691000000006],[39.54581000000013,38.00806000000017],[39.550440000000094,38.00906000000032],[39.55105000000009,38.0093600000003],[39.55330000000009,38.010770000000036],[39.554690000000164,38.01106000000027],[39.55554000000018,38.01159000000007],[39.556920000000105,38.011670000000265],[39.55864000000014,38.01162000000039],[39.558990000000165,38.01184000000012],[39.56068000000022,38.01239000000015],[39.561010000000124,38.012350000000026],[39.56176000000022,38.01156000000043],[39.56223000000017,38.01181000000048],[39.56445000000019,38.014520000000175],[39.565930000000094,38.01603000000006],[39.56722000000008,38.01651000000015],[39.56839000000025,38.01726000000025],[39.569300000000226,38.01955000000015],[39.56902000000031,38.02145000000087],[39.56718000000029,38.02537000000035],[39.56431000000032,38.03034000000048],[39.55624000000017,38.031120000000215],[39.55414000000013,38.03383000000008],[39.54993000000013,38.03383000000008],[39.548020000000236,38.03835000000015],[39.54840000000024,38.04408000000029],[39.54495000000003,38.04891000000009],[39.54438000000016,38.05463000000066],[39.542660000000126,38.0606600000001],[39.541120000000035,38.063370000000475],[39.536530000000084,38.06277000000057],[39.53404000000012,38.0599100000004],[39.53175000000016,38.05976000000021],[39.529620000000136,38.06426000000022],[39.52997000000016,38.06774000000041],[39.52979000000016,38.06949000000026],[39.52945000000011,38.07769000000013],[39.5338500000002,38.07754000000051],[39.54093000000012,38.07980000000009],[39.54572000000019,38.081000000000074],[39.5474700000002,38.08367000000038],[39.54903000000013,38.083720000000255],[39.550660000000164,38.08354000000031],[39.55074000000036,38.083280000000286],[39.55169000000029,38.08311000000094],[39.55166000000031,38.08332000000058],[39.554160000000365,38.08392000000032],[39.55485000000027,38.084340000000566],[39.55492000000021,38.084500000000844],[39.555180000000234,38.08668000000023],[39.55586000000034,38.08805000000058],[39.555400000000304,38.08813000000009],[39.553510000000244,38.08902000000057],[39.55293000000023,38.089480000000776],[39.55259000000035,38.08997000000028],[39.5532400000003,38.090200000000664],[39.55266000000029,38.09110000000038],[39.55303000000032,38.091870000000995],[39.55365000000029,38.09249000000028],[39.551500000000374,38.09328000000045],[39.550690000000316,38.093790000000695],[39.54989000000023,38.095360000000426],[39.5499800000004,38.095710000000565],[39.54987000000034,38.096420000000876],[39.54901000000024,38.09609000000057],[39.54800000000034,38.09591000000006],[39.54797000000036,38.09680000000105],[39.54805000000022,38.09718000000038],[39.548550000000205,38.097170000000574],[39.549640000000295,38.097510000000284],[39.54940000000033,38.09780000000012],[39.54918000000026,38.09773000000058],[39.548770000000275,38.09784000000059],[39.548370000000205,38.098210000000506],[39.54785000000038,38.098530000000665],[39.547500000000355,38.09895000000006],[39.54726000000022,38.09860000000026],[39.546970000000215,38.09843000000092],[39.54699000000028,38.09884000000022],[39.5458100000003,38.09863000000058],[39.54594000000026,38.099640000000306],[39.54493000000036,38.09984000000054],[39.544680000000255,38.100390000001084],[39.54377000000028,38.10012000000023],[39.54414000000037,38.0997500000002],[39.54380000000026,38.09960000000058],[39.544240000000286,38.09919000000042],[39.544400000000394,38.09889000000061],[39.54454000000021,38.098870000000545],[39.54429000000033,38.09849000000037],[39.54404000000022,38.09884000000022],[39.54377000000028,38.09897000000029],[39.543500000000336,38.098930000000564],[39.54291000000035,38.09947000000045],[39.542760000000214,38.09972000000107],[39.54241000000036,38.10000000000025],[39.542200000000264,38.10049000000083],[39.54197000000022,38.10072000000014],[39.5419600000003,38.10087000000101],[39.54209000000037,38.10101000000037],[39.54141000000027,38.101350000000934],[39.54113000000035,38.10173000000026],[39.54055000000034,38.10164000000077],[39.54054000000036,38.101500000000556],[39.54042000000021,38.10140000000081],[39.54041000000029,38.10071000000056],[39.53968000000026,38.100670000000264],[39.53714000000008,38.098000000000184],[39.533310000000085,38.095890000000395],[39.53293000000008,38.09423000000015],[39.530250000000194,38.092270000000156],[39.52920000000017,38.09325000000007],[39.52920000000017,38.09566000000052],[39.529100000000085,38.09709000000021],[39.52824000000015,38.09860000000009],[39.52671000000004,38.10251000000028],[39.52589000000006,38.10385000000031],[39.525540000000035,38.10394000000065],[39.525780000000225,38.104380000000106],[39.52575000000019,38.10451000000023],[39.52545000000009,38.10470000000032],[39.52508000000017,38.105190000000334],[39.524240000000134,38.10527000000019],[39.52410000000009,38.10541000000006],[39.5241700000002,38.10560000000015],[39.52496000000019,38.105800000000386],[39.525660000000244,38.10587000000032],[39.52579000000014,38.10601000000014],[39.52515000000011,38.10644000000019],[39.52523000000019,38.10667000000058],[39.52514000000019,38.1067800000003],[39.52517000000017,38.106950000000325],[39.524890000000084,38.107330000000104],[39.5249500000001,38.10752000000019],[39.525250000000426,38.10759000000013]]],"type":"Polygon"}},{"type":"Feature","properties":{"area_id":"TR-21-003-192237","name_tr":"Bademli","area_level":"neighbourhood","parent_id":"TR-21-003","endeksa_id":192237},"geometry":{"coordinates":[[[39.39230097410416,38.07296231973703],[39.399135798000145,38.078049206],[39.39279706800005,38.07949976800012],[39.393175578000125,38.08265712100018],[39.39722076000015,38.08168595000018],[39.39839223600012,38.084311786],[39.404020162000165,38.08507868300018],[39.40660790900017,38.08869145500046],[39.405844790000174,38.09196989700047],[39.40858119899997,38.09623784100046],[39.406323064000105,38.10044417600005],[39.399461564461774,38.10320625206748],[39.399335007594914,38.10320309828518],[39.38807426800008,38.096902349000004],[39.38471506400015,38.09711233400043],[39.3835718740001,38.095158746000436],[39.38341798400012,38.09502814400014],[39.383479836000106,38.09497305200017],[39.38328435595088,38.09492198919054],[39.383480000000134,38.094970000000274],[39.38141000000007,38.09219000000047],[39.38148000000018,38.09032000000013],[39.38055000000014,38.09009000000009],[39.3805000000001,38.089600000000075],[39.38084000000015,38.08861000000019],[39.380970000000104,38.08861000000019],[39.381000000000085,38.08789000000013],[39.381190000000174,38.08755000000025],[39.38107000000019,38.087690000000464],[39.38092000000006,38.087720000000104],[39.38052000000016,38.08767000000023],[39.37928000000005,38.08708000000007],[39.37941000000018,38.0867700000004],[39.38005000000015,38.08615000000026],[39.37985000000015,38.08603000000028],[39.37893000000008,38.08600000000007],[39.37862000000018,38.08612000000005],[39.378330000000176,38.08641000000006],[39.37748000000016,38.08637000000067],[39.37690000000015,38.086170000000095],[39.377000000000066,38.08593000000013],[39.37692000000021,38.08501000000041],[39.37729000000007,38.08417000000054],[39.3773300000002,38.083690000000615],[39.3774600000001,38.08358000000004],[39.37817000000007,38.08193000000011],[39.378460000000075,38.082320000000266],[39.379520000000184,38.08154000000036],[39.37927000000013,38.08131000000037],[39.37912000000017,38.0806900000004],[39.378770000000145,38.08034000000055],[39.37848000000014,38.08023000000014],[39.37862000000018,38.07961000000017],[39.380040000000065,38.07726000000008],[39.3805900000001,38.07667000000032],[39.38099000000017,38.075510000000236],[39.38127000000003,38.07513000000006],[39.38141000000007,38.0737900000002],[39.38278000000008,38.07406000000037],[39.38467000000014,38.07409000000018],[39.38554000000005,38.07429000000019],[39.38610000000017,38.074520000000064],[39.38658874662946,38.07395143370945],[39.38684180680053,38.07400626276666],[39.39219501134011,38.07294054791964],[39.39230097410416,38.07296231973703]]],"type":"Polygon"}},{"type":"Feature","properties":{"area_id":"TR-21-003-192327","name_tr":"Akkoyunlu","area_level":"neighbourhood","parent_id":"TR-21-003","endeksa_id":192327},"geometry":{"coordinates":[[[39.637040132000095,38.105485206000424],[39.63682667400002,38.10551038500029],[39.635339287000136,38.10395751600032],[39.63244789400011,38.102779462],[39.62998083600007,38.102667281000095],[39.626463797000156,38.104897844000675],[39.620755763000034,38.10183799500004],[39.619149862000086,38.102881653000054],[39.61900256100006,38.10288622900009],[39.617158158000166,38.100129814000184],[39.606450019000135,38.09823955899998],[39.60635042500007,38.09812116200004],[39.605698515000086,38.093587415],[39.59685537600018,38.07796517600019],[39.59801296400008,38.075584679000144],[39.59312284000009,38.069395196000016],[39.59399011300019,38.065407179000545],[39.593856539000114,38.065293658000655],[39.59403174300007,38.06521450400032],[39.59477019200017,38.06182101800039],[39.59488262000002,38.06173931900014],[39.598625567,38.061661106000656],[39.59928137600019,38.06494692000007],[39.59939295200019,38.065028355000095],[39.61423064900015,38.065619433000165],[39.614257209000186,38.06582534500018],[39.61288760400015,38.07208611800013],[39.61489005500016,38.07267752400003],[39.61485627100001,38.074238137000066],[39.614918953000085,38.07432396100006],[39.618134180000084,38.07453293700013],[39.618110549000164,38.07466389500013],[39.61557584700006,38.076263113000095],[39.617675851000115,38.07786864399998],[39.62544410300018,38.080838917000165],[39.62976329000003,38.080063741000515],[39.63893601900003,38.07501173400004],[39.63906797700014,38.075006177000205],[39.63913305900019,38.075093184000025],[39.63908431300007,38.08858278300016],[39.638591591000136,38.096698380000134],[39.64151974400005,38.101568362000194],[39.641498695000166,38.10167822600056],[39.637040132000095,38.105485206000424]]],"type":"Polygon"}},{"type":"Feature","properties":{"area_id":"TR-21-003-192293","name_tr":"Korudağ","area_level":"neighbourhood","parent_id":"TR-21-003","endeksa_id":192293},"geometry":{"coordinates":[[[39.281676187000244,38.10824702500025],[39.27553592900023,38.108281012000305],[39.275401930000214,38.108162092000214],[39.27340683600016,38.100985869000056],[39.26499296800017,38.09019621599998],[39.266381194000076,38.08600339200018],[39.26876429000009,38.0842613800001],[39.26834719700014,38.08267370700014],[39.267602583000155,38.0822336650001],[39.26788157500016,38.08095772900009],[39.26748524900006,38.07955969300019],[39.26747720300011,38.07871042700009],[39.267640210000025,38.078668315000186],[39.27320409000009,38.08072509700003],[39.27358740900013,38.07721035300017],[39.268622455000184,38.07314944000018],[39.26788360400042,38.07167704600016],[39.267792775987914,38.07165888006227],[39.26339817400003,38.0674726580001],[39.263407150000035,38.06736167500026],[39.26329224400013,38.06727222400008],[39.263490489000105,38.067230119000214],[39.26472232400016,38.06407227300008],[39.264128617000154,38.05974738800023],[39.27114533000014,38.05779346000003],[39.27476497700019,38.05928613000026],[39.27483177100004,38.05938352700059],[39.27410729400003,38.065504145000034],[39.274237616000164,38.06555219100011],[39.279364257000054,38.06474960400004],[39.28283177999998,38.07066173900046],[39.28884847111442,38.07158864851351],[39.28778000000017,38.075360000000614],[39.29274000000004,38.07698000000039],[39.29945000000009,38.07973000000038],[39.30042000000009,38.08023000000014],[39.30089000000004,38.080160000000035],[39.3008700000002,38.079970000000344],[39.30135000000013,38.07980000000009],[39.30212000000006,38.07984000000039],[39.30255000000011,38.08007000000026],[39.303500000000156,38.08015000000046],[39.304000000000144,38.080000000000155],[39.30491014926565,38.07945988627432],[39.306061714000066,38.07942854500021],[39.307207262000134,38.081136394],[39.30711368006433,38.081249728714624],[39.305088801000124,38.08149764100017],[39.30329267700017,38.085762183000384],[39.30316158800008,38.09263262900009],[39.30234042300009,38.09352129300004],[39.302174715000035,38.09355049500033],[39.300961665000045,38.09285895000022],[39.29926738100016,38.093769467000186],[39.2996595730001,38.095967893000136],[39.29697253000012,38.09467234800019],[39.29539289600012,38.09627867300014],[39.29572728900018,38.09733675500007],[39.2955461250001,38.09754428600013],[39.29667441800012,38.100014871000155],[39.29660609700005,38.10013720100051],[39.29528167300009,38.09966182600016],[39.29049086000009,38.10231538400052],[39.28475989200018,38.103481239000075],[39.277853595000124,38.102549141000054],[39.27648120300012,38.10285629100042],[39.27653172600009,38.10301230000027],[39.282869569000184,38.104841250000106],[39.284549072000175,38.105943323000076],[39.2845298850001,38.106065317],[39.281676187000244,38.10824702500025]]],"type":"Polygon"}},{"type":"Feature","properties":{"area_id":"TR-21-003-192337","name_tr":"Bayırbağı","area_level":"neighbourhood","parent_id":"TR-21-003","endeksa_id":192337},"geometry":{"coordinates":[[[39.53968000000026,38.100670000000264],[39.539820000000304,38.101070000000675],[39.53891000000033,38.101600000000474],[39.538760000000366,38.101870000000076],[39.53859000000034,38.1018200000002],[39.53825000000029,38.101970000001074],[39.53817000000038,38.101870000000076],[39.53689000000037,38.102490000000216],[39.5357200000002,38.10269000000096],[39.53568000000024,38.102800000000286],[39.5351900000004,38.10304000000025],[39.534980000000246,38.10297000000014],[39.534520000000384,38.1033100000011],[39.53439000000026,38.10310000000027],[39.53361000000041,38.10324000000048],[39.53355000000022,38.103270000000634],[39.53366000000028,38.103580000000704],[39.53343000000024,38.10360000000094],[39.53307000000029,38.10405000000054],[39.532230000000254,38.10413000000074],[39.53231000000028,38.10430000000059],[39.53290000000027,38.10443000000015],[39.532720000000324,38.104910000000075],[39.5335400000003,38.105650000000196],[39.53323000000023,38.10587000000049],[39.53292000000033,38.10587000000049],[39.53274000000033,38.10605000000061],[39.53242000000034,38.106120000000544],[39.5322400000004,38.10626000000025],[39.531830000000355,38.1062500000001],[39.53166000000033,38.10647000000108],[39.531730000000266,38.10670000000039],[39.53163000000035,38.106770000000495],[39.531300000000215,38.10690000000028],[39.530990000000315,38.10685000000041],[39.53060000000022,38.10696000000058],[39.530330000000276,38.10715000000067],[39.53031000000021,38.10728000000006],[39.529690000000244,38.10758000000055],[39.52877000000035,38.10771000000011],[39.5284700000002,38.107880000000534],[39.5284700000002,38.1081200000005],[39.528200000000254,38.108440000000655],[39.52760000000035,38.10859000000045],[39.526830000000416,38.10859000000045],[39.526340000000346,38.10818000000063],[39.52596000000034,38.10772000000077],[39.52583000000027,38.10766000000024],[39.525600000000225,38.10771000000011],[39.525250000000426,38.10759000000013],[39.5249500000001,38.10752000000019],[39.524890000000084,38.107330000000104],[39.52517000000017,38.106950000000325],[39.52514000000019,38.1067800000003],[39.52523000000019,38.10667000000058],[39.52515000000011,38.10644000000019],[39.52579000000014,38.10601000000014],[39.525660000000244,38.10587000000032],[39.52496000000019,38.105800000000386],[39.5241700000002,38.10560000000015],[39.52410000000009,38.10541000000006],[39.524240000000134,38.10527000000019],[39.52508000000017,38.105190000000334],[39.52545000000009,38.10470000000032],[39.52575000000019,38.10451000000023],[39.525780000000225,38.104380000000106],[39.525540000000035,38.10394000000065],[39.52589000000006,38.10385000000031],[39.52671000000004,38.10251000000028],[39.52824000000015,38.09860000000009],[39.529100000000085,38.09709000000021],[39.52920000000017,38.09566000000052],[39.52920000000017,38.09325000000007],[39.530250000000194,38.092270000000156],[39.53293000000008,38.09423000000015],[39.533310000000085,38.095890000000395],[39.53714000000008,38.098000000000184],[39.53968000000026,38.100670000000264]]],"type":"Polygon"}},{"type":"Feature","properties":{"area_id":"TR-21-003-192373","name_tr":"Aşağıtaşmalı","area_level":"neighbourhood","parent_id":"TR-21-003","endeksa_id":192373},"geometry":{"coordinates":[[[39.651251676575725,38.096977118533005],[39.65156637900003,38.09794886900028],[39.65091267100013,38.100216487000125],[39.65031026200012,38.10071643600003],[39.64696892900014,38.10728071500057],[39.64631919600015,38.109242144000234],[39.64620505099998,38.10930529400031],[39.64608793000019,38.10924687700003],[39.64397031800013,38.105525174000036],[39.643893373000026,38.105568970000604],[39.64390950000006,38.10541832300066],[39.640325350000126,38.106061071000056],[39.637040132000095,38.105485206000424],[39.641498695000166,38.10167822600056],[39.64151974400005,38.101568362000194],[39.638591591000136,38.096698380000134],[39.63908431300007,38.08858278300016],[39.63913305900019,38.075093184000025],[39.63914602000011,38.074731119000035],[39.64243589500006,38.0692568740003],[39.64975133200005,38.071298511000066],[39.650601217000144,38.07053386600012],[39.65100371339014,38.07050325839407],[39.651020000000244,38.07100000000014],[39.65121000000016,38.071080000000336],[39.65162000000015,38.07091000000048],[39.651980000000094,38.07274000000041],[39.651610000000176,38.07402000000059],[39.65142000000009,38.078020000000436],[39.64970000000005,38.0884200000001],[39.6500200000001,38.08847000000037],[39.64994000000024,38.08874000000014],[39.65004000000016,38.0891000000006],[39.650030000000186,38.089170000000195],[39.64989000000014,38.089170000000195],[39.64983000000018,38.08989000000008],[39.64970000000005,38.090570000000184],[39.64963000000017,38.09062000000006],[39.64965000000018,38.09105000000011],[39.6498000000002,38.091500000000224],[39.649750000000154,38.09207000000049],[39.649810000000116,38.09271000000018],[39.64998000000014,38.09300000000019],[39.65028000000012,38.09321000000034],[39.65057000000013,38.09375000000023],[39.650710000000174,38.09437000000037],[39.65064000000007,38.094500000000096],[39.65081000000009,38.09520000000015],[39.65085000000022,38.095800000000054],[39.65111000000019,38.09616000000017],[39.65106000000014,38.09690000000012],[39.651251676575725,38.096977118533005]]],"type":"Polygon"}},{"type":"Feature","properties":{"area_id":"TR-21-003-192223","name_tr":"Akpınar","area_level":"neighbourhood","parent_id":"TR-21-003","endeksa_id":192223},"geometry":{"coordinates":[[[39.32769589600019,38.09877312399999],[39.32748824700019,38.09874644200028],[39.327577316000145,38.09856962300012],[39.32498981600014,38.09779946800012],[39.318974280000134,38.10135637300016],[39.31982255800017,38.105458314000145],[39.31326273800005,38.11344627700004],[39.313253597000084,38.11332863800067],[39.31310891200013,38.113300989000095],[39.311867780000114,38.10034657300042],[39.3115270990001,38.100151173000086],[39.30983684300003,38.09792353600022],[39.30226388800003,38.09360201500033],[39.30316158800008,38.09263262900009],[39.30329267700017,38.085762183000384],[39.305088801000124,38.08149764100017],[39.30711368006433,38.081249728714624],[39.310320000000104,38.08073000000013],[39.317770000000166,38.08203000000043],[39.32424539479223,38.08286584472859],[39.331261601999984,38.086571740000124],[39.33139441600014,38.08673493100008],[39.331581911000114,38.08668640800056],[39.33528580899997,38.092160215000035],[39.33049461100006,38.09614403700016],[39.330417597000064,38.096401660000424],[39.32769589600019,38.09877312399999]]],"type":"Polygon"}},{"type":"Feature","properties":{"area_id":"TR-21-003-192303","name_tr":"Petekkaya","area_level":"neighbourhood","parent_id":"TR-21-003","endeksa_id":192303},"geometry":{"coordinates":[[[39.44516399483422,38.113680879003255],[39.445154541319084,38.11384678298077],[39.44494557610915,38.11386168340226],[39.44014774900006,38.11073709500056],[39.42891561500011,38.10638384400016],[39.42486673500008,38.112611056000446],[39.42292561600016,38.1136749530001],[39.42277398700014,38.11277497700024],[39.421555022000064,38.11199155700007],[39.42112250100007,38.11105043900005],[39.41985411400003,38.11043560700011],[39.41857422999999,38.110387586000684],[39.41801582500011,38.109413513000106],[39.417209802000116,38.108529569000154],[39.41693491299998,38.1084602790001],[39.41662691700009,38.108603165000034],[39.41623905600005,38.10910162400069],[39.414979686749405,38.11162071658748],[39.414819882352674,38.11168915050382],[39.4146816620501,38.111592002307816],[39.41430330700007,38.11028879800017],[39.413815417000194,38.10997941100004],[39.41367064700012,38.109651563000625],[39.412946562000116,38.10942844100009],[39.41127757100014,38.10837007900011],[39.408492613000135,38.10747266900029],[39.407380670000066,38.1075864620002],[39.41134280200015,38.108763513000156],[39.4112523820001,38.10890639100006],[39.39963852300008,38.10532766300008],[39.3993997880421,38.1032948534895],[39.399461564461774,38.10320625206748],[39.406323064000105,38.10044417600005],[39.40858119899997,38.09623784100046],[39.405844790000174,38.09196989700047],[39.40660790900017,38.08869145500046],[39.404020162000165,38.08507868300018],[39.39839223600012,38.084311786],[39.39722076000015,38.08168595000018],[39.393175578000125,38.08265712100018],[39.39279706800005,38.07949976800012],[39.399135798000145,38.078049206],[39.38488472400019,38.06744270200011],[39.385343259000194,38.067328215000146],[39.38643349800009,38.06736127100004],[39.38670977400017,38.066987028000256],[39.387879734000194,38.06669491499997],[39.38926460500011,38.06363650900005],[39.39415821600005,38.0606607670004],[39.39422525090572,38.06095981532502],[39.39436279773099,38.060974132637114],[39.39441977130036,38.06089621548955],[39.39443272298149,38.062515370631445],[39.399275595989536,38.06590673564921],[39.416889689000186,38.075982017000115],[39.42181011700012,38.075273192],[39.42368696699998,38.075666481000155],[39.42356409500013,38.076258693000455],[39.436497114000076,38.078350818000274],[39.447240340000064,38.07791014400004],[39.44733173974578,38.08399556226465],[39.447422338000194,38.083985655000106],[39.44746244300006,38.092703230000154],[39.44453014100009,38.095725292000054],[39.44738803800004,38.09643989300048],[39.44606314399999,38.100290185000006],[39.447168067000064,38.10391276799999],[39.443502963000185,38.11203747900015],[39.44516399483422,38.113680879003255]]],"type":"Polygon"}},{"type":"Feature","properties":{"area_id":"TR-21-003-192267","name_tr":"Göktepe","area_level":"neighbourhood","parent_id":"TR-21-003","endeksa_id":192267},"geometry":{"coordinates":[[[39.36784017900004,38.103410691000136],[39.367890336000016,38.103266243000235],[39.3676809160001,38.103218926000125],[39.36029373400015,38.105745617000025],[39.35842396000015,38.10774575000005],[39.359261814000035,38.10951217700028],[39.34638689000019,38.111331570999994],[39.34104309200018,38.11599976200034],[39.34110998700015,38.116065623000054],[39.33626060000006,38.11446241300024],[39.325719469000035,38.100495853000155],[39.330417597000064,38.096401660000424],[39.33049461100006,38.09614403700016],[39.33528580899997,38.092160215000035],[39.331581911000114,38.08668640800056],[39.33277606300015,38.08408600700011],[39.342614252000146,38.08422974200033],[39.34265710500006,38.08413648099997],[39.34159811776743,38.079607176651336],[39.34342000000004,38.07968000000011],[39.34480000000019,38.08007000000026],[39.346710000000144,38.08032000000031],[39.34768000000008,38.0810400000002],[39.34944000000024,38.082110000000625],[39.35208000000017,38.08300000000037],[39.35546000000005,38.08473000000015],[39.36772000000013,38.09154000000069],[39.37297000000024,38.09334000000041],[39.37488000000013,38.09359000000012],[39.378590000000145,38.09377000000046],[39.383479836000106,38.09497305200017],[39.38341798400012,38.09502814400014],[39.380753968000136,38.09686196900009],[39.37739513500014,38.09688466900019],[39.37469127600019,38.10082156400006],[39.36784017900004,38.103410691000136]]],"type":"Polygon"}},{"type":"Feature","properties":{"area_id":"TR-21-003-192297","name_tr":"Kömürcüler","area_level":"neighbourhood","parent_id":"TR-21-003","endeksa_id":192297},"geometry":{"coordinates":[[[39.275401930000214,38.108162092000214],[39.27532992200031,38.108274017000326],[39.27477561200027,38.108292665000306],[39.2413805620003,38.11934965800026],[39.242020572000285,38.12008740800036],[39.24196112400034,38.12022574700035],[39.237905080000644,38.12091559400068],[39.23781586800038,38.120987718000436],[39.23785213000019,38.12108374600035],[39.23572761200012,38.119526447000055],[39.23413797701966,38.119551462985555],[39.23409955700032,38.11950023600042],[39.23399464786257,38.11918550498268],[39.235875484000076,38.118406047000235],[39.2346379010001,38.10717961500001],[39.22315160600016,38.083246529000064],[39.22320051899999,38.082875684000214],[39.24993364000011,38.07299627100019],[39.24725319200019,38.06992829500035],[39.24724777600011,38.0698224250001],[39.254734367000026,38.066282964000266],[39.260405601000116,38.06826151700028],[39.2606370310001,38.068194985000105],[39.260657344000094,38.068070931000136],[39.260823927000104,38.06811592900033],[39.263012377000166,38.0671515250001],[39.26329224400013,38.06727222400008],[39.263407150000035,38.06736167500026],[39.26339817400003,38.0674726580001],[39.267792775987914,38.07165888006227],[39.26788360400042,38.07167704600016],[39.268622455000184,38.07314944000018],[39.27358740900013,38.07721035300017],[39.27320409000009,38.08072509700003],[39.267640210000025,38.078668315000186],[39.26747720300011,38.07871042700009],[39.26748524900006,38.07955969300019],[39.26788157500016,38.08095772900009],[39.267602583000155,38.0822336650001],[39.26834719700014,38.08267370700014],[39.26876429000009,38.0842613800001],[39.266381194000076,38.08600339200018],[39.26499296800017,38.09019621599998],[39.27340683600016,38.100985869000056],[39.275401930000214,38.108162092000214]]],"type":"Polygon"}},{"type":"Feature","properties":{"area_id":"TR-21-003-192235","name_tr":"Aynalı","area_level":"neighbourhood","parent_id":"TR-21-003","endeksa_id":192235},"geometry":{"coordinates":[[[39.46389368252409,38.12058606129659],[39.463953131326036,38.1207492372003],[39.46375536805948,38.12081198688594],[39.462063712000145,38.120072102000165],[39.4619833320001,38.11994059600045],[39.448212963000174,38.113089630000104],[39.44614943600004,38.114655859000436],[39.443502963000185,38.11203747900015],[39.447168067000064,38.10391276799999],[39.44606314399999,38.100290185000006],[39.44738803800004,38.09643989300048],[39.44453014100009,38.095725292000054],[39.44746244300006,38.092703230000154],[39.447422338000194,38.083985655000106],[39.44733173974578,38.08399556226465],[39.447240340000064,38.07791014400004],[39.44717910821669,38.077912655653336],[39.44730347047516,38.07785675351744],[39.44731920819436,38.077740320750365],[39.44077286000015,38.06499367600003],[39.43485098600013,38.06185985900049],[39.43835458299998,38.059134147000066],[39.43781136500019,38.056841585000086],[39.43038854700012,38.05708020399999],[39.428572339000084,38.0487257420001],[39.43162324700012,38.04843176300005],[39.43374597800016,38.053391876000035],[39.43771101600015,38.05145915300022],[39.449291163,38.05194706500009],[39.45774009100012,38.05649068900016],[39.463336450000156,38.05487600400005],[39.46386235500006,38.05270169100004],[39.468729648000135,38.049498078000056],[39.472414442,38.04963658800068],[39.47243748800014,38.051098664000506],[39.47378710300018,38.05794555900013],[39.47359656700007,38.05807911200003],[39.473971994000124,38.05872839700021],[39.47301572100014,38.060394902000155],[39.47501430800003,38.064341848000595],[39.47451321700004,38.06959749500015],[39.47206955500019,38.07326605800006],[39.47199648700018,38.07950793300017],[39.47313067300007,38.07969520400013],[39.47021909600011,38.08168949800012],[39.47231401800008,38.082174602000464],[39.47102244600012,38.0853351330004],[39.47341306200008,38.086369800000114],[39.47053220600009,38.08682285100002],[39.471950042000174,38.087700328000096],[39.469862389000184,38.089835682],[39.472107965000134,38.09467113400024],[39.47108515700006,38.09905808200011],[39.47566005800019,38.104562035000185],[39.47325662100019,38.11109126100001],[39.47036532100003,38.11195721900026],[39.46334169500011,38.11911713000035],[39.463159557000154,38.11971534000014],[39.46236135200007,38.11982990200016],[39.46389368252409,38.12058606129659]]],"type":"Polygon"}},{"type":"Feature","properties":{"area_id":"TR-21-003-192369","name_tr":"Yiğitler","area_level":"neighbourhood","parent_id":"TR-21-003","endeksa_id":192369},"geometry":{"coordinates":[[[39.60635042500007,38.09812116200004],[39.6062885230001,38.09821817500017],[39.60588925000019,38.09832761100017],[39.60108827700003,38.09900764900016],[39.60114404400014,38.09954905800009],[39.60106918800017,38.099637581000025],[39.59137228300011,38.10231655299998],[39.59691046800015,38.11310411200003],[39.60119587000014,38.11521660000005],[39.59972042600009,38.117010101000176],[39.59955577700009,38.11700776000043],[39.59410229000014,38.11302651800054],[39.58636725700006,38.11247697500028],[39.582243842000025,38.10985647800044],[39.58261669600017,38.109087119000094],[39.581925519000094,38.10660641800047],[39.58178009000005,38.10653533200008],[39.57392482100016,38.116459799000154],[39.573681295000085,38.118572622000045],[39.57229384100003,38.118681305999985],[39.57135790800015,38.12159300900015],[39.57142396500018,38.12167810800014],[39.572362342000076,38.121994778000044],[39.572396942000125,38.122132197000326],[39.568974613000194,38.12239966700025],[39.56884213000018,38.12228869500012],[39.56896164700004,38.12152042900016],[39.56427267700019,38.11976966100025],[39.56429928800014,38.119647962000215],[39.566364086000135,38.118257015000324],[39.565518718000135,38.11728006400023],[39.55980426800005,38.116798257000596],[39.55969504100017,38.11668913900013],[39.56350047500007,38.11444590800056],[39.560714508000046,38.112198013000466],[39.56074072200005,38.11204535900009],[39.56965940200013,38.11176561400066],[39.56965713000011,38.11165293100066],[39.568678022000086,38.110694539000235],[39.56934767100017,38.10848651200024],[39.56929495500003,38.10838250900025],[39.5691654580001,38.10837781200013],[39.56660379300013,38.109532868000485],[39.56338304000019,38.108604559000185],[39.566525949000095,38.106142024000235],[39.56987019800016,38.10618004000003],[39.572244350999995,38.101661478000096],[39.572202091000065,38.10154469300011],[39.569827639000096,38.10131029000013],[39.5673356850001,38.10449521100031],[39.565446294000026,38.10393285400005],[39.56745954600018,38.09979941100045],[39.56728719800009,38.09964939100047],[39.565767128999994,38.099684039000124],[39.563929407000046,38.101688036000155],[39.56181600000002,38.10601278900015],[39.5579552210001,38.10766789900009],[39.55698465200015,38.10945910900051],[39.559053123000126,38.11021202100028],[39.55911522200006,38.11032268800011],[39.556532119999986,38.11255156500005],[39.55265550800004,38.1133361880004],[39.54984874799999,38.11065419300013],[39.548503335000134,38.11078662500006],[39.546757331000094,38.10970450300039],[39.546299453000074,38.109016151000276],[39.54638987200036,38.10883782300061],[39.552319193000244,38.10170255700052],[39.554727053000306,38.10126726000033],[39.554692899000315,38.10115144600013],[39.553207392000274,38.10026705400014],[39.553855842000246,38.096737653000275],[39.556316754000306,38.096438441000714],[39.55642008300026,38.096334370000534],[39.554060438000306,38.09385892500029],[39.55643867000026,38.09116936900034],[39.55664705500021,38.09120399200077],[39.556987664000246,38.09246613300013],[39.557089707000216,38.092538428000694],[39.562072850000334,38.09176223400027],[39.56259411400032,38.0897615260003],[39.564877892000254,38.09024991199999],[39.56639799300035,38.087985838000066],[39.56919304400026,38.08848124200074],[39.57430769700022,38.08496899300047],[39.57429264200027,38.084838318000266],[39.5708006600002,38.08222609100022],[39.57080867300027,38.08212743200011],[39.571759009000345,38.08104622700063],[39.57174097300032,38.08092816200053],[39.56797726300027,38.08146317600057],[39.56705342300023,38.07917749000063],[39.567186623000225,38.079113033000226],[39.575962541000365,38.0799640650003],[39.578089696000234,38.077584159000196],[39.57802148500036,38.07746162600006],[39.57685981300034,38.077136803000315],[39.57755344300034,38.076161184000284],[39.58164254900032,38.07633623300029],[39.58167407500025,38.07621596700011],[39.579337479000344,38.072524891000285],[39.585055683000235,38.06990378400053],[39.584913065000364,38.06980564600059],[39.58008034600027,38.07041389700055],[39.58157291500021,38.06938594600035],[39.5816316130003,38.06947086400078],[39.58152922600027,38.06953269100029],[39.58169296900036,38.06955992500059],[39.58495272000033,38.067822170000284],[39.58592286800035,38.06358026500055],[39.585761255000364,38.06302212700001],[39.59056124300014,38.06548572400038],[39.593856539000114,38.065293658000655],[39.59399011300019,38.065407179000545],[39.59312284000009,38.069395196000016],[39.59801296400008,38.075584679000144],[39.59685537600018,38.07796517600019],[39.605698515000086,38.093587415],[39.60635042500007,38.09812116200004]]],"type":"Polygon"}},{"type":"Feature","properties":{"area_id":"TR-21-003-192335","name_tr":"Baykal","area_level":"neighbourhood","parent_id":"TR-21-003","endeksa_id":192335},"geometry":{"coordinates":[[[39.501322191999975,38.12388888600009],[39.501308726000104,38.12388697900002],[39.501231123000025,38.12371398600055],[39.50032941000012,38.12423043300021],[39.50026396000004,38.124207684],[39.49952976000003,38.11671266000053],[39.502500481000084,38.114990721000254],[39.50513337500013,38.11068196200017],[39.5034480330001,38.10691313699999],[39.50500861800003,38.10188860400001],[39.50070167700011,38.09899691000004],[39.49913196000017,38.099553771000046],[39.496835537000095,38.099596777000556],[39.497753298000134,38.098097470000084],[39.49544010700015,38.09599333700015],[39.48953526500003,38.09664403600004],[39.48561895400013,38.09367107400027],[39.47891384400009,38.09174328800009],[39.478677561000154,38.0874962580001],[39.482241321000174,38.086093613000116],[39.48323855800015,38.08293226400008],[39.481350568000096,38.08139474600006],[39.48078948800003,38.077324589],[39.48531261600016,38.07773479300005],[39.48631221300019,38.07488195200017],[39.49146647400005,38.08390342000018],[39.4918558280001,38.08508877800017],[39.48985126600019,38.08545454299997],[39.491534394000155,38.08583332300009],[39.49189084700009,38.08832453700012],[39.49757877400009,38.08595150300005],[39.50084436000009,38.08839862300039],[39.500195932000054,38.08634494100011],[39.5026180860001,38.08650713600014],[39.50273461800015,38.086457807000386],[39.50324664000004,38.08205376400008],[39.507767337000075,38.07808407100032],[39.50916931100011,38.073829999000054],[39.50905483200012,38.07049860200004],[39.508737312000164,38.07021114600002],[39.50837534400006,38.067268619000004],[39.50448577899999,38.065566050000086],[39.507132906000095,38.062455968000165],[39.50603265300009,38.0549113550004],[39.51071459900004,38.04924940200044],[39.51902241300019,38.05273371600043],[39.51916005600009,38.05272142400048],[39.51919775600004,38.0526127],[39.51304751900017,38.03874843900013],[39.51291607900015,38.03868371600038],[39.512805755000045,38.03876772100017],[39.51249705082796,38.04042007792822],[39.51232208598606,38.04052612232317],[39.512180219182085,38.040393616385245],[39.512221402114335,38.03983330809194],[39.51266000000015,38.0377400000001],[39.51684000000017,38.038830000000075],[39.52009000000015,38.04018000000019],[39.52124000000009,38.0379200000001],[39.5266000000002,38.04033000000038],[39.530240000000106,38.04395000000022],[39.53177000000005,38.04802000000018],[39.5308100000002,38.05118000000016],[39.52588000000014,38.055380000000184],[39.519900000000064,38.05782000000028],[39.515500000000145,38.06053000000014],[39.51301000000018,38.062940000000424],[39.5132000000001,38.06716000000017],[39.51722000000018,38.06927000000013],[39.51837000000012,38.07078000000041],[39.51994000000019,38.07586000000009],[39.51908000000026,38.07739000000021],[39.51908000000026,38.07757000000015],[39.52025000000026,38.07853000000017],[39.5224800000002,38.080620000000295],[39.522000000000105,38.08167000000009],[39.52161000000012,38.08506000000028],[39.52037000000024,38.08890000000042],[39.51855000000006,38.09207000000049],[39.517790000000105,38.09387000000021],[39.51817000000011,38.096580000000074],[39.51731000000018,38.09756000000016],[39.51913000000013,38.10043000000013],[39.520150000000115,38.10390000000018],[39.519900000000064,38.103980000000035],[39.519280000000094,38.104870000000176],[39.518380000000036,38.105340000000126],[39.51780000000019,38.10640000000029],[39.51647000000014,38.10724000000016],[39.51609000000013,38.1076800000003],[39.51577000000009,38.10824000000008],[39.51514000000003,38.10871000000026],[39.51468000000017,38.10924000000006],[39.514040000000136,38.10968000000025],[39.51384000000013,38.11006000000003],[39.51355000000012,38.110360000000355],[39.51165000000009,38.11168000000015],[39.50860000000017,38.11604000000011],[39.50956204224974,38.11633124051946],[39.510309552000365,38.11658236400058],[39.51034796600021,38.1167267760008],[39.50529353800033,38.12138981400062],[39.505300542000214,38.121519589000286],[39.501269021000155,38.12379727100006],[39.501322191999975,38.12388888600009]]],"type":"Polygon"}},{"type":"Feature","properties":{"area_id":"TR-21-003-192353","name_tr":"Konuksever","area_level":"neighbourhood","parent_id":"TR-21-003","endeksa_id":192353},"geometry":{"coordinates":[[[39.54638987200036,38.10883782300061],[39.5462044060003,38.108859347000305],[39.5460243130002,38.10860378300043],[39.544002803000296,38.10861850900005],[39.54291118300017,38.11117869400027],[39.54611015800032,38.114370421000615],[39.54610102300035,38.114499025999976],[39.54596798600028,38.1145237620006],[39.537766670000224,38.112192922000304],[39.53766346800023,38.11628145300028],[39.537562513000296,38.1163766530002],[39.53742942400021,38.11632902900067],[39.53597521600034,38.11425353100054],[39.53279045400029,38.113687569000604],[39.53293418300035,38.11144141000034],[39.53282756200031,38.11137661700053],[39.53176636700033,38.1113437490003],[39.53052134700022,38.113286023000285],[39.531827955000324,38.11573819200072],[39.53165516500019,38.115781229000106],[39.529243597000345,38.11466458300026],[39.527138930000206,38.11610420300036],[39.52526388100023,38.12151942900027],[39.51926985000034,38.12125203500068],[39.516247120000344,38.12387868600035],[39.51574232200028,38.12405012900024],[39.514664250000294,38.12492498700033],[39.50528216200024,38.12160164500034],[39.505300542000214,38.121519589000286],[39.50529353800033,38.12138981400062],[39.51034796600021,38.1167267760008],[39.510309552000365,38.11658236400058],[39.50956204224974,38.11633124051946],[39.51041000000038,38.116590000000144],[39.51377000000036,38.11902000000066],[39.518070000000364,38.11925000000036],[39.523150000000385,38.11827000000045],[39.52586000000025,38.11794000000032],[39.523620000000335,38.116460000000586],[39.523050000000296,38.11511000000047],[39.52276000000023,38.10969000000051],[39.52410000000026,38.108410000000504],[39.525250000000426,38.10759000000013],[39.525600000000225,38.10771000000011],[39.52583000000027,38.10766000000024],[39.52596000000034,38.10772000000077],[39.526340000000346,38.10818000000063],[39.526830000000416,38.10859000000045],[39.52760000000035,38.10859000000045],[39.528200000000254,38.108440000000655],[39.5284700000002,38.1081200000005],[39.5284700000002,38.107880000000534],[39.52877000000035,38.10771000000011],[39.529690000000244,38.10758000000055],[39.53031000000021,38.10728000000006],[39.530330000000276,38.10715000000067],[39.53060000000022,38.10696000000058],[39.530990000000315,38.10685000000041],[39.531300000000215,38.10690000000028],[39.53163000000035,38.106770000000495],[39.531730000000266,38.10670000000039],[39.53166000000033,38.10647000000108],[39.531830000000355,38.1062500000001],[39.5322400000004,38.10626000000025],[39.53242000000034,38.106120000000544],[39.53274000000033,38.10605000000061],[39.53292000000033,38.10587000000049],[39.53323000000023,38.10587000000049],[39.5335400000003,38.105650000000196],[39.532720000000324,38.104910000000075],[39.53290000000027,38.10443000000015],[39.53231000000028,38.10430000000059],[39.532230000000254,38.10413000000074],[39.53307000000029,38.10405000000054],[39.53343000000024,38.10360000000094],[39.53366000000028,38.103580000000704],[39.53355000000022,38.103270000000634],[39.53361000000041,38.10324000000048],[39.53439000000026,38.10310000000027],[39.534520000000384,38.1033100000011],[39.534980000000246,38.10297000000014],[39.5351900000004,38.10304000000025],[39.53568000000024,38.102800000000286],[39.5357200000002,38.10269000000096],[39.53689000000037,38.102490000000216],[39.53817000000038,38.101870000000076],[39.53825000000029,38.101970000001074],[39.53859000000034,38.1018200000002],[39.538760000000366,38.101870000000076],[39.53891000000033,38.101600000000474],[39.539820000000304,38.101070000000675],[39.53968000000026,38.100670000000264],[39.54041000000029,38.10071000000056],[39.54042000000021,38.10140000000081],[39.54054000000036,38.101500000000556],[39.54055000000034,38.10164000000077],[39.54113000000035,38.10173000000026],[39.54141000000027,38.101350000000934],[39.54209000000037,38.10101000000037],[39.5419600000003,38.10087000000101],[39.54197000000022,38.10072000000014],[39.542200000000264,38.10049000000083],[39.54241000000036,38.10000000000025],[39.542760000000214,38.09972000000107],[39.54291000000035,38.09947000000045],[39.543500000000336,38.098930000000564],[39.54377000000028,38.09897000000029],[39.54404000000022,38.09884000000022],[39.54429000000033,38.09849000000037],[39.54454000000021,38.098870000000545],[39.544400000000394,38.09889000000061],[39.544240000000286,38.09919000000042],[39.54380000000026,38.09960000000058],[39.54414000000037,38.0997500000002],[39.54377000000028,38.10012000000023],[39.544680000000255,38.100390000001084],[39.54493000000036,38.09984000000054],[39.54594000000026,38.099640000000306],[39.5458100000003,38.09863000000058],[39.54699000000028,38.09884000000022],[39.546970000000215,38.09843000000092],[39.54726000000022,38.09860000000026],[39.547500000000355,38.09895000000006],[39.54785000000038,38.098530000000665],[39.548370000000205,38.098210000000506],[39.548770000000275,38.09784000000059],[39.54918000000026,38.09773000000058],[39.54940000000033,38.09780000000012],[39.549640000000295,38.097510000000284],[39.548550000000205,38.097170000000574],[39.54805000000022,38.09718000000038],[39.54797000000036,38.09680000000105],[39.54800000000034,38.09591000000006],[39.54901000000024,38.09609000000057],[39.54987000000034,38.096420000000876],[39.5499800000004,38.095710000000565],[39.54989000000023,38.095360000000426],[39.550690000000316,38.093790000000695],[39.551500000000374,38.09328000000045],[39.55365000000029,38.09249000000028],[39.55303000000032,38.091870000000995],[39.55266000000029,38.09110000000038],[39.5532400000003,38.090200000000664],[39.55259000000035,38.08997000000028],[39.55293000000023,38.089480000000776],[39.553510000000244,38.08902000000057],[39.555400000000304,38.08813000000009],[39.55586000000034,38.08805000000058],[39.555180000000234,38.08668000000023],[39.55492000000021,38.084500000000844],[39.55485000000027,38.084340000000566],[39.554160000000365,38.08392000000032],[39.55166000000031,38.08332000000058],[39.55169000000029,38.08311000000094],[39.55074000000036,38.083280000000286],[39.55173000000042,38.081890000000385],[39.55374000000029,38.08048000000076],[39.55294000000032,38.079660000000274],[39.5542300000003,38.078700000000424],[39.55257000000029,38.07645000000042],[39.551100000000304,38.07493000000056],[39.552760000000376,38.07408000000004],[39.55712000000034,38.07041000000049],[39.55901000000023,38.069100000000105],[39.55777000000029,38.06813000000068],[39.5574500000003,38.06776000000008],[39.5572300000004,38.0672900000003],[39.55699000000021,38.067090000000064],[39.55894000000029,38.06713000000053],[39.559270000000254,38.067460000000665],[39.55981000000031,38.06753000000026],[39.55888000000027,38.06586000000061],[39.55861000000033,38.06509000000068],[39.55801000000025,38.06419000000028],[39.55789000000027,38.06384000000048],[39.55940000000032,38.06311000000045],[39.56087000000031,38.06276000000031],[39.56239000000028,38.06267000000082],[39.56266000000022,38.063680000000545],[39.562150000000315,38.064520000000584],[39.56186000000031,38.06575000000004],[39.562280000000214,38.06584000000038],[39.562590000000284,38.06575000000004],[39.56477000000041,38.06453000000039],[39.566450000000316,38.06379000000044],[39.56716000000023,38.06336000000056],[39.568870000000345,38.06457000000046],[39.56955000000028,38.06496000000004],[39.568530000000294,38.06577000000027],[39.56841000000031,38.06598000000059],[39.56840000000034,38.0663600000006],[39.56951000000038,38.066090000000486],[39.5699900000003,38.066160000001105],[39.57102000000026,38.06584000000038],[39.57205000000039,38.06571000000031],[39.5727600000003,38.06575000000004],[39.57378000000034,38.06561000000056],[39.574260000000265,38.06578000000093],[39.5749400000002,38.065510000000074],[39.577110000000346,38.060510000000306],[39.577110000000346,38.059127209496296],[39.57725344200031,38.05957561500031],[39.58316098600028,38.06168688300056],[39.585761255000364,38.06302212700001],[39.58592286800035,38.06358026500055],[39.58495272000033,38.067822170000284],[39.58169296900036,38.06955992500059],[39.58152922600027,38.06953269100029],[39.5816316130003,38.06947086400078],[39.58157291500021,38.06938594600035],[39.58008034600027,38.07041389700055],[39.584913065000364,38.06980564600059],[39.585055683000235,38.06990378400053],[39.579337479000344,38.072524891000285],[39.58167407500025,38.07621596700011],[39.58164254900032,38.07633623300029],[39.57755344300034,38.076161184000284],[39.57685981300034,38.077136803000315],[39.57802148500036,38.07746162600006],[39.578089696000234,38.077584159000196],[39.575962541000365,38.0799640650003],[39.567186623000225,38.079113033000226],[39.56705342300023,38.07917749000063],[39.56797726300027,38.08146317600057],[39.57174097300032,38.08092816200053],[39.571759009000345,38.08104622700063],[39.57080867300027,38.08212743200011],[39.5708006600002,38.08222609100022],[39.57429264200027,38.084838318000266],[39.57430769700022,38.08496899300047],[39.56919304400026,38.08848124200074],[39.56639799300035,38.087985838000066],[39.564877892000254,38.09024991199999],[39.56259411400032,38.0897615260003],[39.562072850000334,38.09176223400027],[39.557089707000216,38.092538428000694],[39.556987664000246,38.09246613300013],[39.55664705500021,38.09120399200077],[39.55643867000026,38.09116936900034],[39.554060438000306,38.09385892500029],[39.55642008300026,38.096334370000534],[39.556316754000306,38.096438441000714],[39.553855842000246,38.096737653000275],[39.553207392000274,38.10026705400014],[39.554692899000315,38.10115144600013],[39.554727053000306,38.10126726000033],[39.552319193000244,38.10170255700052],[39.54638987200036,38.10883782300061]]],"type":"Polygon"}},{"type":"Feature","properties":{"area_id":"TR-21-003-192279","name_tr":"Haburman","area_level":"neighbourhood","parent_id":"TR-21-003","endeksa_id":192279},"geometry":{"coordinates":[[[39.418949946,38.11450539000015],[39.417987717000074,38.11495528800043],[39.41808190400013,38.11860555100003],[39.41469570400011,38.11757667800043],[39.414209473000085,38.119698102000086],[39.41088056700016,38.11915861100067],[39.40971275100003,38.120692263000194],[39.40972092700014,38.12079116400048],[39.40982863099998,38.12083514700015],[39.41387168900002,38.120485513000176],[39.411301648999995,38.12303779400003],[39.40738597000012,38.12263889400009],[39.407264704000056,38.12268596300049],[39.40615204500011,38.12656105500031],[39.40796487859228,38.12775909249319],[39.40801319921093,38.12786392600907],[39.40793435008936,38.12795942779212],[39.4077745187455,38.12795935975299],[39.40468585500008,38.12653684300011],[39.39626173100015,38.128058608000174],[39.39560914600003,38.125316621000195],[39.39526592200008,38.125302704000376],[39.395184471000164,38.1251965240001],[39.39523394200006,38.12491127100009],[39.395324551000044,38.1248427550006],[39.39795225400013,38.12463490900063],[39.39796436600005,38.12453374600017],[39.396971815000086,38.123102331000155],[39.401426508000156,38.11865075200012],[39.39888198800014,38.116053130000125],[39.40033647000001,38.112232409000114],[39.40492011600003,38.114681118000306],[39.40669038900006,38.11379579600009],[39.40762315200004,38.11074369700003],[39.40794661300009,38.11072945400019],[39.40805753400008,38.110378554000135],[39.40818050800016,38.1103195850003],[39.410060958000145,38.110840021],[39.41134280200015,38.108763513000156],[39.407380670000066,38.1075864620002],[39.408492613000135,38.10747266900029],[39.41127757100014,38.10837007900011],[39.412946562000116,38.10942844100009],[39.41367064700012,38.109651563000625],[39.413815417000194,38.10997941100004],[39.41430330700007,38.11028879800017],[39.415574096000114,38.11466588900038],[39.4157146710001,38.114741749000075],[39.41888287100005,38.11431913700011],[39.41901113900019,38.11439028700016],[39.418949946,38.11450539000015]]],"type":"Polygon"}},{"type":"Feature","properties":{"area_id":"TR-21-003-192275","name_tr":"Kalecik","area_level":"neighbourhood","parent_id":"TR-21-003","endeksa_id":192275},"geometry":{"coordinates":[[[39.50032941000012,38.12423043300021],[39.494182611000156,38.12775095300003],[39.48329679900007,38.12938118500006],[39.467305286000055,38.12237013100014],[39.46389368252409,38.12058606129659],[39.46236135200007,38.11982990200016],[39.463159557000154,38.11971534000014],[39.46334169500011,38.11911713000035],[39.47036532100003,38.11195721900026],[39.47325662100019,38.11109126100001],[39.47566005800019,38.104562035000185],[39.47108515700006,38.09905808200011],[39.472107965000134,38.09467113400024],[39.469862389000184,38.089835682],[39.471950042000174,38.087700328000096],[39.47053220600009,38.08682285100002],[39.47341306200008,38.086369800000114],[39.47102244600012,38.0853351330004],[39.47231401800008,38.082174602000464],[39.47021909600011,38.08168949800012],[39.47313067300007,38.07969520400013],[39.47199648700018,38.07950793300017],[39.47206542910607,38.07361851483142],[39.47219014781376,38.07370903783186],[39.48508944100007,38.07274179300043],[39.48631221300019,38.07488195200017],[39.48531261600016,38.07773479300005],[39.48078948800003,38.077324589],[39.481350568000096,38.08139474600006],[39.48323855800015,38.08293226400008],[39.482241321000174,38.086093613000116],[39.478677561000154,38.0874962580001],[39.47891384400009,38.09174328800009],[39.48561895400013,38.09367107400027],[39.48953526500003,38.09664403600004],[39.49544010700015,38.09599333700015],[39.497753298000134,38.098097470000084],[39.496835537000095,38.099596777000556],[39.49913196000017,38.099553771000046],[39.50070167700011,38.09899691000004],[39.50500861800003,38.10188860400001],[39.5034480330001,38.10691313699999],[39.50513337500013,38.11068196200017],[39.502500481000084,38.114990721000254],[39.49952976000003,38.11671266000053],[39.50026396000004,38.124207684],[39.50032941000012,38.12423043300021]]],"type":"Polygon"}},{"type":"Feature","properties":{"area_id":"TR-21-003-192305","name_tr":"Pınarlı","area_level":"neighbourhood","parent_id":"TR-21-003","endeksa_id":192305},"geometry":{"coordinates":[[[39.30674158600033,38.129962642000464],[39.3065964890003,38.129962718000115],[39.306621150000296,38.13005114900028],[39.306485122000254,38.13001534500012],[39.3064418040002,38.12987883700055],[39.301915012000336,38.127430894999975],[39.29991381100035,38.12440389200043],[39.30163176900021,38.121907177000196],[39.29948820300035,38.12151450200031],[39.29649379700021,38.11635536200009],[39.29986488700024,38.11176201000018],[39.29148743700023,38.108192753000196],[39.281676187000244,38.10824702500025],[39.2845298850001,38.106065317],[39.284549072000175,38.105943323000076],[39.282869569000184,38.104841250000106],[39.27653172600009,38.10301230000027],[39.27648120300012,38.10285629100042],[39.277853595000124,38.102549141000054],[39.28475989200018,38.103481239000075],[39.29049086000009,38.10231538400052],[39.29528167300009,38.09966182600016],[39.29660609700005,38.10013720100051],[39.29667441800012,38.100014871000155],[39.2955461250001,38.09754428600013],[39.29572728900018,38.09733675500007],[39.29539289600012,38.09627867300014],[39.29697253000012,38.09467234800019],[39.2996595730001,38.095967893000136],[39.29926738100016,38.093769467000186],[39.300961665000045,38.09285895000022],[39.302174715000035,38.09355049500033],[39.30234042300009,38.09352129300004],[39.30226388800003,38.09360201500033],[39.30983684300003,38.09792353600022],[39.3115270990001,38.100151173000086],[39.311867780000114,38.10034657300042],[39.31310891200013,38.113300989000095],[39.313253597000084,38.11332863800067],[39.31326273800005,38.11344627700004],[39.31050197700017,38.11681582100027],[39.31039305100006,38.120962365000025],[39.30674158600033,38.129962642000464]]],"type":"Polygon"}},{"type":"Feature","properties":{"area_id":"TR-21-003-192295","name_tr":"Köksal","area_level":"neighbourhood","parent_id":"TR-21-003","endeksa_id":192295},"geometry":{"coordinates":[[[39.374026158201445,38.131640175626785],[39.373410000000035,38.131050000000414],[39.372730000000104,38.13275000000016],[39.37186000000003,38.13392000000016],[39.36970000000019,38.13306000000006],[39.36958000000004,38.12896000000029],[39.36671000000007,38.1298900000005],[39.364950000000135,38.13129000000038],[39.36142080754115,38.13159479378237],[39.36139682100003,38.13149027300011],[39.35297191100017,38.12443939700012],[39.350100163000036,38.119854752000094],[39.34338560500015,38.11830611600021],[39.34104309200018,38.11599976200034],[39.34638689000019,38.111331570999994],[39.359261814000035,38.10951217700028],[39.35842396000015,38.10774575000005],[39.36029373400015,38.105745617000025],[39.3676809160001,38.103218926000125],[39.367890336000016,38.103266243000235],[39.36784017900004,38.103410691000136],[39.36776786700011,38.103502651999975],[39.36784566900013,38.10359217700005],[39.373353741000074,38.10527878800008],[39.375432967000165,38.104409285000486],[39.37580128600018,38.104675726000096],[39.37682155400006,38.10744484100047],[39.38027440700017,38.105517750000274],[39.379915437000136,38.10777519000004],[39.37928127100008,38.1101138030005],[39.379370118000054,38.11022399400065],[39.38130973800014,38.10915301800014],[39.382481878000135,38.10995699100067],[39.382664008999996,38.109918432000086],[39.381659043000184,38.10620537300008],[39.38493433200017,38.10718947200007],[39.38589214500013,38.11127465000004],[39.38509822200007,38.11262753400007],[39.383757391000074,38.112178904000075],[39.383609831000115,38.112230202000376],[39.38525126100001,38.11449713600018],[39.38278176200009,38.11576976500004],[39.38305405700015,38.11686203400063],[39.38091149600007,38.11916822100022],[39.381181698000034,38.11928039200018],[39.38094466900003,38.11946872800013],[39.38096843100004,38.119568097000126],[39.38508480500013,38.12276702000054],[39.382623220000085,38.12318634300033],[39.374033079000185,38.13148792800001],[39.374026158201445,38.131640175626785]]],"type":"Polygon"}},{"type":"Feature","properties":{"area_id":"TR-21-003-192239","name_tr":"Bahçe","area_level":"neighbourhood","parent_id":"TR-21-003","endeksa_id":192239},"geometry":{"coordinates":[[[39.38240991947015,38.13513960452849],[39.379820000000166,38.13355000000013],[39.379020000000025,38.134340000000634],[39.37799000000007,38.135170000000414],[39.37673000000012,38.13423000000006],[39.374026158201445,38.131640175626785],[39.374033079000185,38.13148792800001],[39.382623220000085,38.12318634300033],[39.38508480500013,38.12276702000054],[39.38096843100004,38.119568097000126],[39.38094466900003,38.11946872800013],[39.381181698000034,38.11928039200018],[39.38091149600007,38.11916822100022],[39.38305405700015,38.11686203400063],[39.38278176200009,38.11576976500004],[39.38525126100001,38.11449713600018],[39.383609831000115,38.112230202000376],[39.383757391000074,38.112178904000075],[39.38509822200007,38.11262753400007],[39.38589214500013,38.11127465000004],[39.38493433200017,38.10718947200007],[39.381659043000184,38.10620537300008],[39.382664008999996,38.109918432000086],[39.382481878000135,38.10995699100067],[39.38130973800014,38.10915301800014],[39.379370118000054,38.11022399400065],[39.37928127100008,38.1101138030005],[39.379915437000136,38.10777519000004],[39.38027440700017,38.105517750000274],[39.37682155400006,38.10744484100047],[39.37580128600018,38.104675726000096],[39.375432967000165,38.104409285000486],[39.373353741000074,38.10527878800008],[39.36784566900013,38.10359217700005],[39.36776786700011,38.103502651999975],[39.36784017900004,38.103410691000136],[39.37469127600019,38.10082156400006],[39.37739513500014,38.09688466900019],[39.380753968000136,38.09686196900009],[39.38341798400012,38.09502814400014],[39.3835718740001,38.095158746000436],[39.38471506400015,38.09711233400043],[39.38807426800008,38.096902349000004],[39.399335007594914,38.10320309828518],[39.399461564461774,38.10320625206748],[39.3993997880421,38.1032948534895],[39.39963852300008,38.10532766300008],[39.4112523820001,38.10890639100006],[39.410060958000145,38.110840021],[39.40818050800016,38.1103195850003],[39.40805753400008,38.110378554000135],[39.40794661300009,38.11072945400019],[39.40762315200004,38.11074369700003],[39.40669038900006,38.11379579600009],[39.40492011600003,38.114681118000306],[39.40033647000001,38.112232409000114],[39.39888198800014,38.116053130000125],[39.401426508000156,38.11865075200012],[39.396971815000086,38.123102331000155],[39.39796436600005,38.12453374600017],[39.39795225400013,38.12463490900063],[39.395324551000044,38.1248427550006],[39.39523394200006,38.12491127100009],[39.395184471000164,38.1251965240001],[39.395056824000164,38.12530211300009],[39.39024691100019,38.12518177900023],[39.388691387999984,38.126738243000034],[39.39433183400007,38.13111015200002],[39.39433125900007,38.13125288000015],[39.38908739800007,38.130752451000035],[39.38899678000007,38.130876406000084],[39.38948882200009,38.13189496400048],[39.38934618600018,38.132010096000045],[39.38206559100007,38.12997015800056],[39.381987494999976,38.1300452910001],[39.38178734700011,38.13123522899997],[39.38444528600007,38.13254338800016],[39.38240991947015,38.13513960452849]]],"type":"Polygon"}},{"type":"Feature","properties":{"area_id":"TR-21-003-21053","name_tr":"Çukur","area_level":"neighbourhood","parent_id":"TR-21-003","endeksa_id":21053},"geometry":{"coordinates":[[[39.450140000000204,38.13588000000016],[39.44994000000014,38.135790000000384],[39.44970000000018,38.13553000000036],[39.448630000000094,38.13531000000006],[39.448530000000176,38.13535000000036],[39.448490000000106,38.13574000000011],[39.44756000000007,38.13614000000035],[39.44709000000006,38.13540000000023],[39.44720000000012,38.134550000000274],[39.44774000000018,38.13435000000004],[39.44781000000012,38.134050000000116],[39.44818000000021,38.13385000000005],[39.44815000000017,38.13363000000015],[39.4479300000001,38.13367000000062],[39.447750000000156,38.13351000000017],[39.44786000000016,38.13318000000004],[39.4477100000002,38.132470000000126],[39.447790000000055,38.13240000000019],[39.44773000000009,38.132290000000125],[39.44781000000012,38.13223000000016],[39.44783000000018,38.13187000000022],[39.44776000000007,38.13178000000005],[39.44739000000021,38.13169000000022],[39.447360000000174,38.13116000000042],[39.449270000000126,38.13110000000029],[39.44929000000019,38.13082000000003],[39.44913000000008,38.130240000000356],[39.449370000000044,38.12927000000036],[39.44914000000006,38.12798000000021],[39.449770000000115,38.12780000000026],[39.45087000000018,38.127240000000086],[39.45134000000019,38.126770000000306],[39.45103000000012,38.12635000000034],[39.45199000000014,38.12562000000037],[39.45247000000006,38.125070000000335],[39.4531300000001,38.12539000000049],[39.453800000000115,38.125540000000115],[39.45402460942273,38.1257791003535],[39.45440000000025,38.12626000000017],[39.455430000000206,38.12703000000033],[39.455470000000105,38.12723000000017],[39.4553600000001,38.127740000000244],[39.45422000000008,38.12890000000033],[39.455030000000136,38.12926000000027],[39.456490000000144,38.12965000000054],[39.459000000000174,38.13065000000017],[39.45953000000014,38.13103000000035],[39.45981000000023,38.13135000000051],[39.459650000000124,38.131700000000365],[39.458810000000085,38.13185000000067],[39.45812000000018,38.13219000000038],[39.457700000000045,38.13271000000009],[39.456830000000025,38.13289000000003],[39.45668000000006,38.13281000000052],[39.45646000000016,38.1328500000003],[39.45610000000022,38.13318000000004],[39.45582000000013,38.1332000000001],[39.455660000000194,38.13352000000032],[39.45515000000012,38.133840000000475],[39.45471000000009,38.13433000000015],[39.454510000000084,38.13433000000015],[39.4543000000001,38.134680000000344],[39.454410000000166,38.13492000000031],[39.45425000000006,38.1350300000002],[39.454420000000084,38.135170000000414],[39.45098000000024,38.13583000000028],[39.450140000000204,38.13588000000016]]],"type":"Polygon"}},{"type":"Feature","properties":{"area_id":"TR-21-003-21054","name_tr":"Kala","area_level":"neighbourhood","parent_id":"TR-21-003","endeksa_id":21054},"geometry":{"coordinates":[[[39.44756000000007,38.13614000000035],[39.44749000000013,38.13645000000042],[39.44644000000011,38.13770000000011],[39.446580000000154,38.13819000000018],[39.445640000000196,38.13841000000059],[39.44449000000003,38.13832000000025],[39.44409000000019,38.138180000000034],[39.44396000000006,38.1380700000002],[39.44393000000008,38.13790000000034],[39.44443000000007,38.13601000000028],[39.44439000000011,38.135630000000106],[39.44411000000025,38.13528000000025],[39.44338000000005,38.134830000000136],[39.442090000000064,38.13543000000004],[39.442090000000064,38.13618000000014],[39.44012000000015,38.136410000000126],[39.4394558364296,38.13778382156846],[39.43956149700006,38.137039568000034],[39.43168582200008,38.13015583600014],[39.43495980400007,38.130356371999994],[39.436278201000164,38.12985600300044],[39.43634258000009,38.12976284300055],[39.43410153600007,38.128860160000045],[39.43342874000018,38.12647190200016],[39.42657325300007,38.12701188200003],[39.42209617899999,38.12307066699998],[39.42214594100005,38.122941026000035],[39.422998165000024,38.122668811000494],[39.42301460300013,38.12252039500015],[39.4210310740001,38.12253438100021],[39.42100927000007,38.122431533000224],[39.422343594000154,38.119903569000314],[39.419672036000065,38.11431564300017],[39.419519506000086,38.1142660540001],[39.418949946,38.11450539000015],[39.41901113900019,38.11439028700016],[39.41888287100005,38.11431913700011],[39.4157146710001,38.114741749000075],[39.415574096000114,38.11466588900038],[39.4146816620501,38.111592002307816],[39.414819882352674,38.11168915050382],[39.414979686749405,38.11162071658748],[39.41623905600005,38.10910162400069],[39.41662691700009,38.108603165000034],[39.41693491299998,38.1084602790001],[39.417209802000116,38.108529569000154],[39.41801582500011,38.109413513000106],[39.41857422999999,38.110387586000684],[39.41985411400003,38.11043560700011],[39.42112250100007,38.11105043900005],[39.421555022000064,38.11199155700007],[39.42277398700014,38.11277497700024],[39.42292561600016,38.1136749530001],[39.42486673500008,38.112611056000446],[39.42891561500011,38.10638384400016],[39.44014774900006,38.11073709500056],[39.44494557610915,38.11386168340226],[39.445154541319084,38.11384678298077],[39.44516399483422,38.113680879003255],[39.44614943600004,38.114655859000436],[39.448212963000174,38.113089630000104],[39.4619833320001,38.11994059600045],[39.462063712000145,38.120072102000165],[39.45426814400014,38.124300248000054],[39.45402460942273,38.1257791003535],[39.453800000000115,38.125540000000115],[39.4531300000001,38.12539000000049],[39.45247000000006,38.125070000000335],[39.45199000000014,38.12562000000037],[39.45103000000012,38.12635000000034],[39.45134000000019,38.126770000000306],[39.45087000000018,38.127240000000086],[39.449770000000115,38.12780000000026],[39.44914000000006,38.12798000000021],[39.449370000000044,38.12927000000036],[39.44913000000008,38.130240000000356],[39.44929000000019,38.13082000000003],[39.449270000000126,38.13110000000029],[39.447360000000174,38.13116000000042],[39.44739000000021,38.13169000000022],[39.44776000000007,38.13178000000005],[39.44783000000018,38.13187000000022],[39.44781000000012,38.13223000000016],[39.44773000000009,38.132290000000125],[39.447790000000055,38.13240000000019],[39.4477100000002,38.132470000000126],[39.44786000000016,38.13318000000004],[39.447750000000156,38.13351000000017],[39.4479300000001,38.13367000000062],[39.44815000000017,38.13363000000015],[39.44818000000021,38.13385000000005],[39.44781000000012,38.134050000000116],[39.44774000000018,38.13435000000004],[39.44720000000012,38.134550000000274],[39.44709000000006,38.13540000000023],[39.44756000000007,38.13614000000035]]],"type":"Polygon"}},{"type":"Feature","properties":{"area_id":"TR-21-003-192273","name_tr":"Kalaç","area_level":"neighbourhood","parent_id":"TR-21-003","endeksa_id":192273},"geometry":{"coordinates":[[[39.36142080754115,38.13159479378237],[39.3589300000001,38.13627000000031],[39.35764000000012,38.136570000000404],[39.35760000000022,38.137090000000114],[39.35637000000003,38.13800000000009],[39.356030000000146,38.13806000000005],[39.35583000000014,38.13832000000025],[39.35519000000011,38.13882000000041],[39.35543000000007,38.13917000000026],[39.35602000000023,38.1396100000004],[39.35619000000008,38.140030000000365],[39.35685000000012,38.140660000000594],[39.357090000000085,38.141030000000114],[39.35626000000019,38.14191000000028],[39.3558000000001,38.14139000000006],[39.355390000000114,38.14178000000021],[39.35596000000004,38.14228000000037],[39.355940000000146,38.14246000000031],[39.35614000000021,38.1428300000004],[39.355690000000095,38.14295000000038],[39.35596000000004,38.14321000000041],[39.35596000000004,38.14331000000033],[39.3565900000001,38.14370000000008],[39.35632000000015,38.14405000000005],[39.35627000000011,38.144460000000265],[39.35524000000015,38.1450100000003],[39.35475000000008,38.145210000000475],[39.353620000000035,38.14522000000005],[39.35347000000007,38.14308000000045],[39.352870000000166,38.141830000000084],[39.352720000000204,38.14182000000011],[39.352100000000064,38.141860000000406],[39.35163000000006,38.142170000000476],[39.350800000000106,38.14190000000019],[39.350370000000055,38.142580000000294],[39.35000000000019,38.14236000000005],[39.349810000000105,38.142480000000546],[39.34973000000008,38.142730000000086],[39.35000000000019,38.143070000000364],[39.34979000000004,38.14325000000031],[39.3493900000002,38.143410000000074],[39.34772000000004,38.142570000000205],[39.34741000000014,38.14259000000027],[39.346960000000195,38.14315000000056],[39.34675000000004,38.143220000000156],[39.34583000000015,38.14321000000041],[39.34576000000004,38.14326000000028],[39.34586000000013,38.143620000000396],[39.34526000000005,38.14413000000013],[39.3443900000002,38.14449000000059],[39.341470000000186,38.14275000000015],[39.34090712085032,38.143211308894365],[39.338980166993565,38.14362781018718],[39.33752753211627,38.144178710526035],[39.334111470691084,38.14450250276565],[39.33398559748588,38.14442869187809],[39.334068420436495,38.144326025997316],[39.33272163900028,38.144611019000024],[39.3067677010003,38.130056290000255],[39.30674158600033,38.129962642000464],[39.31039305100006,38.120962365000025],[39.31050197700017,38.11681582100027],[39.31326273800005,38.11344627700004],[39.31982255800017,38.105458314000145],[39.318974280000134,38.10135637300016],[39.32498981600014,38.09779946800012],[39.327577316000145,38.09856962300012],[39.32748824700019,38.09874644200028],[39.32769589600019,38.09877312399999],[39.325719469000035,38.100495853000155],[39.33626060000006,38.11446241300024],[39.34110998700015,38.116065623000054],[39.34338560500015,38.11830611600021],[39.350100163000036,38.119854752000094],[39.35297191100017,38.12443939700012],[39.36139682100003,38.13149027300011],[39.36142080754115,38.13159479378237]]],"type":"Polygon"}},{"type":"Feature","properties":{"area_id":"TR-21-003-192331","name_tr":"Alakoç","area_level":"neighbourhood","parent_id":"TR-21-003","endeksa_id":192331},"geometry":{"coordinates":[[[39.640325350000126,38.106061071000056],[39.64097283300015,38.1153527460001],[39.6382594640001,38.116949449000174],[39.637953601000106,38.12101932900026],[39.63688632400016,38.12223815000016],[39.63224934100009,38.125446833000126],[39.62498473000005,38.12406463200011],[39.62464402400013,38.12456032200009],[39.620106068000155,38.12628350800003],[39.619020289000105,38.12467167600039],[39.618846575000134,38.124636525000085],[39.61878643600005,38.12472706599999],[39.61901459800009,38.12701949200016],[39.618910977000155,38.127119037000114],[39.61179766300012,38.125904785000046],[39.60806943200009,38.13124250700008],[39.60759386600017,38.13124316700009],[39.60616684500013,38.13394531100022],[39.60135903300005,38.13501240100004],[39.595839577000106,38.14028647099997],[39.59322697300007,38.14040850500015],[39.58903537800012,38.14625989400048],[39.58419760800007,38.14485908000006],[39.583241301000044,38.1415712700005],[39.57826392099997,38.1395227700001],[39.57808579900018,38.13958871700015],[39.578047908000144,38.13943487200015],[39.57708418300007,38.13907644300008],[39.55687907200013,38.14602828700009],[39.55454573800017,38.14504768300009],[39.554370339000116,38.14476956100003],[39.55205341700008,38.14046214600006],[39.55275767900008,38.13949704300006],[39.54986595800017,38.134368975000086],[39.54996539600006,38.134230299000706],[39.55264557200013,38.134132519000104],[39.55335390900001,38.13158342200046],[39.55616439500005,38.131347040000264],[39.556691019000084,38.12887106900013],[39.56274215000013,38.12425822100005],[39.56259064400018,38.12282895400051],[39.56872461500012,38.122416471000065],[39.56884213000018,38.12228869500012],[39.568974613000194,38.12239966700025],[39.572396942000125,38.122132197000326],[39.572362342000076,38.121994778000044],[39.57142396500018,38.12167810800014],[39.57135790800015,38.12159300900015],[39.57229384100003,38.118681305999985],[39.573681295000085,38.118572622000045],[39.57392482100016,38.116459799000154],[39.58178009000005,38.10653533200008],[39.581925519000094,38.10660641800047],[39.58261669600017,38.109087119000094],[39.582243842000025,38.10985647800044],[39.58636725700006,38.11247697500028],[39.59410229000014,38.11302651800054],[39.59955577700009,38.11700776000043],[39.59972042600009,38.117010101000176],[39.60119587000014,38.11521660000005],[39.59691046800015,38.11310411200003],[39.59137228300011,38.10231655299998],[39.60106918800017,38.099637581000025],[39.60114404400014,38.09954905800009],[39.60108827700003,38.09900764900016],[39.60588925000019,38.09832761100017],[39.6062885230001,38.09821817500017],[39.60635042500007,38.09812116200004],[39.606450019000135,38.09823955899998],[39.617158158000166,38.100129814000184],[39.61900256100006,38.10288622900009],[39.619149862000086,38.102881653000054],[39.620755763000034,38.10183799500004],[39.626463797000156,38.104897844000675],[39.62998083600007,38.102667281000095],[39.63244789400011,38.102779462],[39.635339287000136,38.10395751600032],[39.63682667400002,38.10551038500029],[39.637040132000095,38.105485206000424],[39.640325350000126,38.106061071000056]]],"type":"Polygon"}},{"type":"Feature","properties":{"area_id":"TR-21-003-192367","name_tr":"Toplu","area_level":"neighbourhood","parent_id":"TR-21-003","endeksa_id":192367},"geometry":{"coordinates":[[[39.50586675300008,38.146138049000115],[39.503833502000134,38.14547845100003],[39.503054538000185,38.14513568300009],[39.50244869300002,38.145413467000026],[39.50209781500013,38.145447790000105],[39.50213780600018,38.14556441200017],[39.50189364200003,38.14568296100026],[39.50155808300008,38.1456328710002],[39.50164138100001,38.14580544200004],[39.501380315999995,38.14593219700009],[39.50081182800005,38.145888771000045],[39.50090417800004,38.146163378000665],[39.500065572000096,38.14614467000018],[39.500181016000056,38.14638383900052],[39.4996196510001,38.14639473900036],[39.49968927400005,38.14659777300028],[39.49857306100017,38.14665647000061],[39.49791785700012,38.1468811470001],[39.498129936,38.14751036200005],[39.497072698000125,38.14739633600004],[39.496876300000054,38.147084384000664],[39.49744296800003,38.146385471000144],[39.49774584600004,38.14625575400049],[39.49994588100009,38.14047508900012],[39.49877961600015,38.13554502000051],[39.504979119000154,38.13206909100023],[39.501322191999975,38.12388888600009],[39.501269021000155,38.12379727100006],[39.505300542000214,38.121519589000286],[39.50528216200024,38.12160164500034],[39.514664250000294,38.12492498700033],[39.51574232200028,38.12405012900024],[39.516247120000344,38.12387868600035],[39.51926985000034,38.12125203500068],[39.52526388100023,38.12151942900027],[39.527138930000206,38.11610420300036],[39.529243597000345,38.11466458300026],[39.53165516500019,38.115781229000106],[39.531827955000324,38.11573819200072],[39.53052134700022,38.113286023000285],[39.53176636700033,38.1113437490003],[39.53282756200031,38.11137661700053],[39.53293418300035,38.11144141000034],[39.53279045400029,38.113687569000604],[39.53597521600034,38.11425353100054],[39.53742942400021,38.11632902900067],[39.537562513000296,38.1163766530002],[39.53766346800023,38.11628145300028],[39.537766670000224,38.112192922000304],[39.54596798600028,38.1145237620006],[39.54610102300035,38.114499025999976],[39.54611015800032,38.114370421000615],[39.54291118300017,38.11117869400027],[39.544002803000296,38.10861850900005],[39.5460243130002,38.10860378300043],[39.5462044060003,38.108859347000305],[39.54638987200036,38.10883782300061],[39.546299453000074,38.109016151000276],[39.546757331000094,38.10970450300039],[39.548503335000134,38.11078662500006],[39.54984874799999,38.11065419300013],[39.55265550800004,38.1133361880004],[39.556532119999986,38.11255156500005],[39.55911522200006,38.11032268800011],[39.559053123000126,38.11021202100028],[39.55698465200015,38.10945910900051],[39.5579552210001,38.10766789900009],[39.56181600000002,38.10601278900015],[39.563929407000046,38.101688036000155],[39.565767128999994,38.099684039000124],[39.56728719800009,38.09964939100047],[39.56745954600018,38.09979941100045],[39.565446294000026,38.10393285400005],[39.5673356850001,38.10449521100031],[39.569827639000096,38.10131029000013],[39.572202091000065,38.10154469300011],[39.572244350999995,38.101661478000096],[39.56987019800016,38.10618004000003],[39.566525949000095,38.106142024000235],[39.56338304000019,38.108604559000185],[39.56660379300013,38.109532868000485],[39.5691654580001,38.10837781200013],[39.56929495500003,38.10838250900025],[39.56934767100017,38.10848651200024],[39.568678022000086,38.110694539000235],[39.56965713000011,38.11165293100066],[39.56965940200013,38.11176561400066],[39.56074072200005,38.11204535900009],[39.560714508000046,38.112198013000466],[39.56350047500007,38.11444590800056],[39.55969504100017,38.11668913900013],[39.55980426800005,38.116798257000596],[39.565518718000135,38.11728006400023],[39.566364086000135,38.118257015000324],[39.56429928800014,38.119647962000215],[39.56427267700019,38.11976966100025],[39.56896164700004,38.12152042900016],[39.56884213000018,38.12228869500012],[39.56872461500012,38.122416471000065],[39.56259064400018,38.12282895400051],[39.56274215000013,38.12425822100005],[39.556691019000084,38.12887106900013],[39.55616439500005,38.131347040000264],[39.55335390900001,38.13158342200046],[39.55264557200013,38.134132519000104],[39.54996539600006,38.134230299000706],[39.54986595800017,38.134368975000086],[39.54966614000017,38.134014627000624],[39.542286318000095,38.13442778800044],[39.54146708999997,38.132179913000186],[39.53623009700004,38.13201547000017],[39.53599713600005,38.13214159100005],[39.5352263530001,38.135295377000034],[39.53514607100004,38.13536971900015],[39.52429737566683,38.13530840833357],[39.52271351000013,38.13706843100016],[39.513502743000174,38.13815056100003],[39.513367334000066,38.14262547700059],[39.5110100600001,38.144597053000155],[39.50787096100015,38.14365056100013],[39.506015032000164,38.146054994000224],[39.505926444000124,38.14602708500013],[39.50586675300008,38.146138049000115]]],"type":"Polygon"}},{"type":"Feature","properties":{"area_id":"TR-21-003-192269","name_tr":"Gözerek","area_level":"neighbourhood","parent_id":"TR-21-003","endeksa_id":192269},"geometry":{"coordinates":[[[39.554370339000116,38.14476956100003],[39.55425485700016,38.14490743500022],[39.55379523800002,38.14476038700013],[39.5499786580001,38.14603295600017],[39.54588852000006,38.15002914700051],[39.54556274000009,38.14988352400013],[39.54545933900016,38.14999629900012],[39.54527101900004,38.150009825000154],[39.54466767100007,38.14948342800005],[39.54260739900013,38.149002649000124],[39.539663533000066,38.148590894999984],[39.53913810200004,38.148193064000054],[39.53809115000007,38.14794875100017],[39.53605258300007,38.14585753100016],[39.53393661500013,38.14638364600006],[39.53152054200018,38.140182691999996],[39.52976916300014,38.14003088100014],[39.527765876000046,38.136508936000325],[39.524274480000145,38.13674485900003],[39.52427548100013,38.135629898000104],[39.52417638100013,38.13554993200006],[39.52404897600013,38.13559045100027],[39.52429737566683,38.13530840833357],[39.53514607100004,38.13536971900015],[39.5352263530001,38.135295377000034],[39.53599713600005,38.13214159100005],[39.53623009700004,38.13201547000017],[39.54146708999997,38.132179913000186],[39.542286318000095,38.13442778800044],[39.54966614000017,38.134014627000624],[39.55275767900008,38.13949704300006],[39.55205341700008,38.14046214600006],[39.554370339000116,38.14476956100003]]],"type":"Polygon"}},{"type":"Feature","properties":{"area_id":"TR-21-003-21055","name_tr":"Saray","area_level":"neighbourhood","parent_id":"TR-21-003","endeksa_id":21055},"geometry":{"coordinates":[[[39.45605000000012,38.15603000000044],[39.4550900000001,38.15637000000015],[39.45124000000004,38.15554000000003],[39.44814000000008,38.151680000000056],[39.44572000000005,38.147750000000315],[39.44435000000021,38.145080000000405],[39.44383000000016,38.14389000000017],[39.44269000000014,38.14231000000018],[39.44179000000014,38.14125000000041],[39.43990000000008,38.14042000000063],[39.43922000000009,38.13868000000019],[39.4394558364296,38.13778382156846],[39.44012000000015,38.136410000000126],[39.442090000000064,38.13618000000014],[39.442090000000064,38.13543000000004],[39.44338000000005,38.134830000000136],[39.44411000000025,38.13528000000025],[39.44439000000011,38.135630000000106],[39.44443000000007,38.13601000000028],[39.44393000000008,38.13790000000034],[39.44396000000006,38.1380700000002],[39.44409000000019,38.138180000000034],[39.44449000000003,38.13832000000025],[39.445640000000196,38.13841000000059],[39.446580000000154,38.13819000000018],[39.44644000000011,38.13770000000011],[39.44749000000013,38.13645000000042],[39.44756000000007,38.13614000000035],[39.448490000000106,38.13574000000011],[39.448530000000176,38.13535000000036],[39.448630000000094,38.13531000000006],[39.44970000000018,38.13553000000036],[39.44994000000014,38.135790000000384],[39.450140000000204,38.13588000000016],[39.450200000000166,38.13617000000016],[39.44960000000009,38.13704000000024],[39.449680000000114,38.13758000000013],[39.44932000000017,38.138400000000104],[39.44889000000012,38.13854000000015],[39.44876000000005,38.138670000000104],[39.448630000000094,38.13953000000021],[39.44885000000022,38.13995000000011],[39.44948000000011,38.14052000000038],[39.44985000000014,38.14136000000025],[39.45041000000015,38.14206000000007],[39.450760000000116,38.142170000000476],[39.45246000000009,38.14206000000007],[39.45263000000017,38.14187000000038],[39.45294000000024,38.14200000000062],[39.453150000000164,38.14184000000017],[39.45239000000021,38.14129000000014],[39.451880000000074,38.140690000000234],[39.45170000000013,38.14018000000067],[39.45220000000012,38.13977000000017],[39.45332000000019,38.13977000000017],[39.455040000000054,38.14002000000022],[39.4571200000002,38.14063000000027],[39.4580900000002,38.14346000000012],[39.45867000000004,38.145540000000096],[39.45917000000003,38.14792000000017],[39.45918000000012,38.149640000000375],[39.45827000000014,38.15516000000025],[39.45605000000012,38.15603000000044]]],"type":"Polygon"}},{"type":"Feature","properties":{"area_id":"TR-21-003-192263","name_tr":"Eskibağ","area_level":"neighbourhood","parent_id":"TR-21-003","endeksa_id":192263},"geometry":{"coordinates":[[[39.416081055774555,38.14423643470809],[39.41593000000006,38.14418000000052],[39.40785000000017,38.14549000000022],[39.39925000000022,38.14742000000018],[39.394880000000114,38.14631000000054],[39.39155000000011,38.141830000000084],[39.38703000000004,38.13922000000014],[39.38428000000005,38.13699000000037],[39.38240991947015,38.13513960452849],[39.38444528600007,38.13254338800016],[39.38178734700011,38.13123522899997],[39.381987494999976,38.1300452910001],[39.38206559100007,38.12997015800056],[39.38934618600018,38.132010096000045],[39.38948882200009,38.13189496400048],[39.38899678000007,38.130876406000084],[39.38908739800007,38.130752451000035],[39.39433125900007,38.13125288000015],[39.39433183400007,38.13111015200002],[39.388691387999984,38.126738243000034],[39.39024691100019,38.12518177900023],[39.395056824000164,38.12530211300009],[39.395184471000164,38.1251965240001],[39.39526592200008,38.125302704000376],[39.39560914600003,38.125316621000195],[39.39626173100015,38.128058608000174],[39.40468585500008,38.12653684300011],[39.4077745187455,38.12795935975299],[39.40793435008936,38.12795942779212],[39.40801319921093,38.12786392600907],[39.40796487859228,38.12775909249319],[39.40615204500011,38.12656105500031],[39.407264704000056,38.12268596300049],[39.40738597000012,38.12263889400009],[39.411301648999995,38.12303779400003],[39.41387168900002,38.120485513000176],[39.40982863099998,38.12083514700015],[39.40972092700014,38.12079116400048],[39.40971275100003,38.120692263000194],[39.41088056700016,38.11915861100067],[39.414209473000085,38.119698102000086],[39.41469570400011,38.11757667800043],[39.41808190400013,38.11860555100003],[39.417987717000074,38.11495528800043],[39.418949946,38.11450539000015],[39.419519506000086,38.1142660540001],[39.419672036000065,38.11431564300017],[39.422343594000154,38.119903569000314],[39.42100927000007,38.122431533000224],[39.4210310740001,38.12253438100021],[39.42301460300013,38.12252039500015],[39.422998165000024,38.122668811000494],[39.42214594100005,38.122941026000035],[39.42209617899999,38.12307066699998],[39.42657325300007,38.12701188200003],[39.43342874000018,38.12647190200016],[39.43410153600007,38.128860160000045],[39.43634258000009,38.12976284300055],[39.436278201000164,38.12985600300044],[39.43495980400007,38.130356371999994],[39.42759476800012,38.129906212000094],[39.42381490600019,38.13174792900048],[39.418699126000035,38.131878301000256],[39.41769472800007,38.13506253100013],[39.417747298000165,38.13516709900006],[39.421312785000055,38.133943087000034],[39.42536386000012,38.13547501300013],[39.42527785800007,38.13558676400004],[39.41554809500019,38.13792366900009],[39.41985265000011,38.141247994000025],[39.41976399400005,38.14134926900016],[39.41583157800011,38.14224613100015],[39.41593813600002,38.14416773700066],[39.416081055774555,38.14423643470809]]],"type":"Polygon"}},{"type":"Feature","properties":{"area_id":"TR-21-003-192265","name_tr":"Genceli","area_level":"neighbourhood","parent_id":"TR-21-003","endeksa_id":192265},"geometry":{"coordinates":[[[39.44435000000021,38.145080000000405],[39.44364000000007,38.1454300000002],[39.44296000000014,38.14591000000013],[39.44164000000012,38.14605000000034],[39.441650000000095,38.14580000000029],[39.441780000000165,38.145540000000096],[39.441440000000114,38.14545000000044],[39.4406800000001,38.14594000000034],[39.440600000000074,38.14634000000018],[39.440820000000144,38.14683000000025],[39.440540000000055,38.14724000000007],[39.44080000000008,38.14758000000046],[39.43993000000006,38.147560000000226],[39.439550000000054,38.14788000000004],[39.43916000000013,38.1477900000001],[39.43801000000019,38.14668000000006],[39.43801000000019,38.14653000000027],[39.438150000000235,38.146350000000325],[39.43759000000006,38.14619000000005],[39.43703000000011,38.14619000000005],[39.436880000000144,38.14637000000039],[39.43690000000015,38.1465500000005],[39.43668000000008,38.14670000000012],[39.436610000000144,38.14696000000032],[39.436260000000175,38.146880000000124],[39.43565000000012,38.14698000000055],[39.435580000000186,38.147470000000055],[39.4354800000001,38.1476100000001],[39.43446000000006,38.147350000000074],[39.43411000000009,38.147410000000605],[39.43374000000017,38.147750000000315],[39.43312000000026,38.147780000000125],[39.43299000000013,38.14791000000008],[39.43293000000017,38.14820000000009],[39.43238000000014,38.148490000000436],[39.43218000000007,38.14888000000019],[39.43085000000019,38.149140000000216],[39.43045000000012,38.14943000000005],[39.42881000000011,38.15018000000032],[39.42202000000003,38.147090000000276],[39.420400000000086,38.145850000000166],[39.416081055774555,38.14423643470809],[39.41593813600002,38.14416773700066],[39.41583157800011,38.14224613100015],[39.41976399400005,38.14134926900016],[39.41985265000011,38.141247994000025],[39.41554809500019,38.13792366900009],[39.42527785800007,38.13558676400004],[39.42536386000012,38.13547501300013],[39.421312785000055,38.133943087000034],[39.417747298000165,38.13516709900006],[39.41769472800007,38.13506253100013],[39.418699126000035,38.131878301000256],[39.42381490600019,38.13174792900048],[39.42759476800012,38.129906212000094],[39.43168582200008,38.13015583600014],[39.43956149700006,38.137039568000034],[39.4394558364296,38.13778382156846],[39.43922000000009,38.13868000000019],[39.43990000000008,38.14042000000063],[39.44179000000014,38.14125000000041],[39.44269000000014,38.14231000000018],[39.44383000000016,38.14389000000017],[39.44435000000021,38.145080000000405]]],"type":"Polygon"}},{"type":"Feature","properties":{"area_id":"TR-21-003-21056","name_tr":"Tepe","area_level":"neighbourhood","parent_id":"TR-21-003","endeksa_id":21056},"geometry":{"coordinates":[[[39.49866068757211,38.17529226628591],[39.498706305080475,38.17544104522068],[39.49851000000018,38.17551000000071],[39.49835000000013,38.175870000000145],[39.497990000000186,38.17574000000019],[39.49693000000019,38.17567000000031],[39.49603000000019,38.17508000000066],[39.495580000000075,38.17497000000009],[39.49573000000004,38.17481000000038],[39.49485000000004,38.1744700000001],[39.494620000000054,38.17475000000036],[39.49389000000019,38.1744300000002],[39.492450000000076,38.17297000000019],[39.48766000000006,38.1713900000002],[39.48326000000014,38.17071000000004],[39.47924000000006,38.16886000000045],[39.47251000000011,38.16608000000065],[39.46847000000014,38.16423000000037],[39.46494000000013,38.16279000000003],[39.459870000000194,38.16001000000006],[39.45795000000015,38.158800000000156],[39.45605000000012,38.15603000000044],[39.45827000000014,38.15516000000025],[39.45918000000012,38.149640000000375],[39.45917000000003,38.14792000000017],[39.45867000000004,38.145540000000096],[39.4580900000002,38.14346000000012],[39.4571200000002,38.14063000000027],[39.455040000000054,38.14002000000022],[39.45332000000019,38.13977000000017],[39.45220000000012,38.13977000000017],[39.45170000000013,38.14018000000067],[39.451880000000074,38.140690000000234],[39.45239000000021,38.14129000000014],[39.453150000000164,38.14184000000017],[39.45294000000024,38.14200000000062],[39.45263000000017,38.14187000000038],[39.45246000000009,38.14206000000007],[39.450760000000116,38.142170000000476],[39.45041000000015,38.14206000000007],[39.44985000000014,38.14136000000025],[39.44948000000011,38.14052000000038],[39.44885000000022,38.13995000000011],[39.448630000000094,38.13953000000021],[39.44876000000005,38.138670000000104],[39.44889000000012,38.13854000000015],[39.44932000000017,38.138400000000104],[39.449680000000114,38.13758000000013],[39.44960000000009,38.13704000000024],[39.450200000000166,38.13617000000016],[39.450140000000204,38.13588000000016],[39.45098000000024,38.13583000000028],[39.454420000000084,38.135170000000414],[39.45425000000006,38.1350300000002],[39.454410000000166,38.13492000000031],[39.4543000000001,38.134680000000344],[39.454510000000084,38.13433000000015],[39.45471000000009,38.13433000000015],[39.45515000000012,38.133840000000475],[39.455660000000194,38.13352000000032],[39.45582000000013,38.1332000000001],[39.45610000000022,38.13318000000004],[39.45646000000016,38.1328500000003],[39.45668000000006,38.13281000000052],[39.456830000000025,38.13289000000003],[39.457700000000045,38.13271000000009],[39.45812000000018,38.13219000000038],[39.458810000000085,38.13185000000067],[39.459650000000124,38.131700000000365],[39.45981000000023,38.13135000000051],[39.45953000000014,38.13103000000035],[39.459000000000174,38.13065000000017],[39.456490000000144,38.12965000000054],[39.455030000000136,38.12926000000027],[39.45422000000008,38.12890000000033],[39.4553600000001,38.127740000000244],[39.455470000000105,38.12723000000017],[39.455430000000206,38.12703000000033],[39.45440000000025,38.12626000000017],[39.45402460942273,38.1257791003535],[39.45426814400014,38.124300248000054],[39.462063712000145,38.120072102000165],[39.46375536805948,38.12081198688594],[39.463953131326036,38.1207492372003],[39.46389368252409,38.12058606129659],[39.467305286000055,38.12237013100014],[39.48329679900007,38.12938118500006],[39.494182611000156,38.12775095300003],[39.501231123000025,38.12371398600055],[39.501308726000104,38.12388697900002],[39.501322191999975,38.12388888600009],[39.504979119000154,38.13206909100023],[39.49877961600015,38.13554502000051],[39.49994588100009,38.14047508900012],[39.49774584600004,38.14625575400049],[39.48978632000012,38.14966468600011],[39.49037486600014,38.15407662100006],[39.488454409000155,38.15385939600026],[39.48525945800003,38.157157267],[39.48331249200004,38.15670208700004],[39.481996717000186,38.15886207500006],[39.48436352900006,38.15968341400003],[39.479801003000034,38.16035898100006],[39.483931938000126,38.16146905500011],[39.48459838400004,38.162873625000145],[39.487178267000104,38.162699407000446],[39.486046898000154,38.16538817300034],[39.485290422000105,38.166527861000134],[39.485329580000155,38.16662590200019],[39.49095410900003,38.17029006300038],[39.49121729100011,38.17034534900051],[39.491078867000056,38.17039850200001],[39.491111288000184,38.17051859700064],[39.49866068757211,38.17529226628591]]],"type":"Polygon"}},{"type":"Feature","properties":{"area_id":"TR-21-003-192229","name_tr":"Artuk","area_level":"neighbourhood","parent_id":"TR-21-003","endeksa_id":192229},"geometry":{"coordinates":[[[39.54381238700017,38.162140732000125],[39.54369343600018,38.16221210399999],[39.54374419800013,38.16232220400059],[39.54496822500005,38.162746698000035],[39.53219289200001,38.16514033200019],[39.52799326700011,38.168484561000014],[39.52403471200006,38.166096685000184],[39.51694335100012,38.16477842000006],[39.51515918700011,38.16320633300029],[39.51507371200006,38.163244201000225],[39.51392692600018,38.161817274000555],[39.514102293000064,38.160682590000135],[39.515025778000165,38.158988432000115],[39.514978970000186,38.1550766360001],[39.511774394999975,38.147930723000115],[39.50601928300006,38.14608599500002],[39.50584296000011,38.146306281000136],[39.50586675300008,38.146138049000115],[39.505926444000124,38.14602708500013],[39.506015032000164,38.146054994000224],[39.50787096100015,38.14365056100013],[39.5110100600001,38.144597053000155],[39.513367334000066,38.14262547700059],[39.513502743000174,38.13815056100003],[39.52271351000013,38.13706843100016],[39.52404897600013,38.13559045100027],[39.52417638100013,38.13554993200006],[39.52427548100013,38.135629898000104],[39.524274480000145,38.13674485900003],[39.527765876000046,38.136508936000325],[39.52976916300014,38.14003088100014],[39.53152054200018,38.140182691999996],[39.53393661500013,38.14638364600006],[39.53605258300007,38.14585753100016],[39.53809115000007,38.14794875100017],[39.53913810200004,38.148193064000054],[39.539663533000066,38.148590894999984],[39.54260739900013,38.149002649000124],[39.54466767100007,38.14948342800005],[39.54527101900004,38.150009825000154],[39.54545933900016,38.14999629900012],[39.54539969700005,38.150105098000154],[39.545489294000106,38.150215175000085],[39.544177704000106,38.15144792700016],[39.546468938000146,38.153016972000046],[39.54494249100003,38.15506662900003],[39.54620394600005,38.159567340000194],[39.54335389700003,38.1620276270001],[39.543442400000174,38.16213995500016],[39.54381238700017,38.162140732000125]]],"type":"Polygon"}},{"type":"Feature","properties":{"area_id":"TR-21-003-192247","name_tr":"Bintaş","area_level":"neighbourhood","parent_id":"TR-21-003","endeksa_id":192247},"geometry":{"coordinates":[[[39.56762682300007,38.17066469100047],[39.56748803500011,38.170771548000516],[39.557634877000055,38.169912538000176],[39.55728589,38.168524001000094],[39.55094658400009,38.16718435199999],[39.547370443000034,38.16211116200003],[39.543442400000174,38.16213995500016],[39.54335389700003,38.1620276270001],[39.54620394600005,38.159567340000194],[39.54494249100003,38.15506662900003],[39.546468938000146,38.153016972000046],[39.544177704000106,38.15144792700016],[39.545489294000106,38.150215175000085],[39.54539969700005,38.150105098000154],[39.54545933900016,38.14999629900012],[39.54556274000009,38.14988352400013],[39.54588852000006,38.15002914700051],[39.5499786580001,38.14603295600017],[39.55379523800002,38.14476038700013],[39.55425485700016,38.14490743500022],[39.554370339000116,38.14476956100003],[39.55454573800017,38.14504768300009],[39.55687907200013,38.14602828700009],[39.57708418300007,38.13907644300008],[39.578047908000144,38.13943487200015],[39.57808579900018,38.13958871700015],[39.57357612700008,38.15469223499997],[39.57338292400016,38.154724326000235],[39.570272307000096,38.152583624000215],[39.570150791000174,38.15263995400011],[39.569138254000165,38.15444749400007],[39.57055272500003,38.155913771000144],[39.570382506000044,38.15601689900018],[39.569690379000065,38.15564672100044],[39.57063034800012,38.164584737000155],[39.57058223200005,38.16576356100012],[39.56752458200003,38.169708323000066],[39.56762682300007,38.17066469100047]]],"type":"Polygon"}},{"type":"Feature","properties":{"area_id":"TR-21-003-192281","name_tr":"Karamusa","area_level":"neighbourhood","parent_id":"TR-21-003","endeksa_id":192281},"geometry":{"coordinates":[[[39.51507371200006,38.163244201000225],[39.51471297200004,38.16285703000011],[39.51533244500007,38.16655626600044],[39.5164965030001,38.16809517700017],[39.51761823300018,38.17221528400006],[39.518043029000125,38.17235010900015],[39.51810554800011,38.17244183600019],[39.51737202400017,38.17605053500023],[39.51350703424117,38.177689674165606],[39.509050000000116,38.17720000000003],[39.505710000000136,38.175970000000405],[39.50461000000007,38.17636000000016],[39.50396000000012,38.1758200000001],[39.50349000000011,38.17576000000008],[39.50272000000018,38.1758200000001],[39.50194000000016,38.1755500000001],[39.50189000000006,38.175840000000335],[39.501410000000135,38.17594000000008],[39.50093000000004,38.17577000000023],[39.50042000000013,38.17595000000017],[39.50006000000019,38.17639000000037],[39.499950000000126,38.176030000000026],[39.49866068757211,38.17529226628591],[39.491111288000184,38.17051859700064],[39.491078867000056,38.17039850200001],[39.49121729100011,38.17034534900051],[39.49095410900003,38.17029006300038],[39.485329580000155,38.16662590200019],[39.485290422000105,38.166527861000134],[39.486046898000154,38.16538817300034],[39.487178267000104,38.162699407000446],[39.48459838400004,38.162873625000145],[39.483931938000126,38.16146905500011],[39.479801003000034,38.16035898100006],[39.48436352900006,38.15968341400003],[39.481996717000186,38.15886207500006],[39.48331249200004,38.15670208700004],[39.48525945800003,38.157157267],[39.488454409000155,38.15385939600026],[39.49037486600014,38.15407662100006],[39.48978632000012,38.14966468600011],[39.49744296800003,38.146385471000144],[39.496876300000054,38.147084384000664],[39.49691221600017,38.14715011300018],[39.497072698000125,38.14739633600004],[39.498129936,38.14751036200005],[39.49791785700012,38.1468811470001],[39.49857306100017,38.14665647000061],[39.49968927400005,38.14659777300028],[39.4996196510001,38.14639473900036],[39.500181016000056,38.14638383900052],[39.500065572000096,38.14614467000018],[39.50090417800004,38.146163378000665],[39.50081182800005,38.145888771000045],[39.501380315999995,38.14593219700009],[39.50164138100001,38.14580544200004],[39.50155808300008,38.1456328710002],[39.50189364200003,38.14568296100026],[39.50213780600018,38.14556441200017],[39.50209781500013,38.145447790000105],[39.50244869300002,38.145413467000026],[39.503054538000185,38.14513568300009],[39.503833502000134,38.14547845100003],[39.50586675300008,38.146138049000115],[39.50584296000011,38.146306281000136],[39.50601928300006,38.14608599500002],[39.511774394999975,38.147930723000115],[39.514978970000186,38.1550766360001],[39.515025778000165,38.158988432000115],[39.514102293000064,38.160682590000135],[39.51392692600018,38.161817274000555],[39.51507371200006,38.163244201000225]]],"type":"Polygon"}},{"type":"Feature","properties":{"area_id":"TR-21-003-192287","name_tr":"Kayagediği","area_level":"neighbourhood","parent_id":"TR-21-003","endeksa_id":192287},"geometry":{"coordinates":[[[39.59628286800006,38.18130062200004],[39.596277539000084,38.181396132000145],[39.59540768600016,38.18123472400009],[39.584532051999986,38.181649581000045],[39.582183931000145,38.18350386400061],[39.58235637400014,38.18491448000009],[39.581078109000146,38.18547902100016],[39.57536529600003,38.17969946000011],[39.57042524100012,38.177134839000416],[39.57024301600006,38.17707688500042],[39.56762682300007,38.17066469100047],[39.56752458200003,38.169708323000066],[39.57058223200005,38.16576356100012],[39.57063034800012,38.164584737000155],[39.569690379000065,38.15564672100044],[39.570382506000044,38.15601689900018],[39.57055272500003,38.155913771000144],[39.569138254000165,38.15444749400007],[39.570150791000174,38.15263995400011],[39.570272307000096,38.152583624000215],[39.57338292400016,38.154724326000235],[39.57357612700008,38.15469223499997],[39.57808579900018,38.13958871700015],[39.57826392099997,38.1395227700001],[39.583241301000044,38.1415712700005],[39.58419760800007,38.14485908000006],[39.58903537800012,38.14625989400048],[39.59322697300007,38.14040850500015],[39.595839577000106,38.14028647099997],[39.60135903300005,38.13501240100004],[39.60616684500013,38.13394531100022],[39.60759386600017,38.13124316700009],[39.60806943200009,38.13124250700008],[39.61179766300012,38.125904785000046],[39.618910977000155,38.127119037000114],[39.61901459800009,38.12701949200016],[39.61878643600005,38.12472706599999],[39.618846575000134,38.124636525000085],[39.619020289000105,38.12467167600039],[39.620106068000155,38.12628350800003],[39.62464402400013,38.12456032200009],[39.62498473000005,38.12406463200011],[39.63224934100009,38.125446833000126],[39.63688632400016,38.12223815000016],[39.637953601000106,38.12101932900026],[39.6382594640001,38.116949449000174],[39.64097283300015,38.1153527460001],[39.640325350000126,38.106061071000056],[39.64390950000006,38.10541832300066],[39.643893373000026,38.105568970000604],[39.64397031800013,38.105525174000036],[39.64608793000019,38.10924687700003],[39.648835056999985,38.11402935000001],[39.6576246300001,38.11643364000054],[39.66212452100018,38.116187282000226],[39.665334049000194,38.1187912150001],[39.665340614000115,38.11891488500004],[39.65590066500005,38.12133737400001],[39.65384290600019,38.13231118300018],[39.647563244000025,38.14134448600021],[39.64236283624865,38.14205948507032],[39.64224141810416,38.14217372905523],[39.64234066750345,38.14229883996302],[39.641970000000185,38.14218000000005],[39.641480000000115,38.14229000000046],[39.64118000000019,38.142450000000224],[39.64066000000014,38.142480000000546],[39.640067828810515,38.1427212083255],[39.63930129478638,38.142762603895676],[39.63913000000019,38.142610000000104],[39.638314543072624,38.14286737790843],[39.63840691878005,38.14273892009231],[39.6382759337194,38.14262843708275],[39.63740272982545,38.142750175450544],[39.63734000000005,38.14163000000042],[39.63720000000018,38.14137000000039],[39.634600000000205,38.14046000000042],[39.634140000000116,38.140370000000075],[39.6335600000001,38.140590000000486],[39.63329000000016,38.140900000000556],[39.633050000000196,38.141430000000355],[39.63282000000015,38.14145000000008],[39.632560000000126,38.14133000000061],[39.63143000000008,38.14046000000042],[39.630920000000174,38.14046000000042],[39.63038000000006,38.14020000000022],[39.62992000000003,38.1401400000002],[39.62874000000011,38.14045000000027],[39.628540000000044,38.14070000000038],[39.62762000000015,38.141180000000304],[39.627080000000035,38.14116000000007],[39.62594000000007,38.14017000000018],[39.62769000000009,38.13950000000017],[39.628500000000145,38.139350000000206],[39.62798000000009,38.13907000000012],[39.62542000000019,38.1381100000001],[39.62437000000017,38.138610000000085],[39.62247000000019,38.13905000000028],[39.62180000000018,38.139420000000314],[39.62281000000007,38.1411100000002],[39.62180000000018,38.14125000000041],[39.62092000000018,38.14123000000018],[39.617970000000184,38.14148000000023],[39.61793000000006,38.141520000000696],[39.61820000000023,38.14173000000034],[39.61759000000018,38.14228000000037],[39.615640000000155,38.14452000000023],[39.61520000000013,38.14581000000038],[39.61368000000016,38.1479400000004],[39.6124700000002,38.14842000000033],[39.6114800000002,38.14903000000038],[39.6117000000001,38.149290000000406],[39.611370000000136,38.149480000000096],[39.6117000000001,38.14980000000014],[39.61281000000008,38.150160000000085],[39.61149000000012,38.15325000000064],[39.61084000000017,38.1531600000003],[39.61066000000022,38.153320000000065],[39.61122000000017,38.153850000000034],[39.61066000000022,38.15442000000013],[39.610780000000204,38.15508000000017],[39.61043000000018,38.15636000000006],[39.610040000000254,38.15674000000024],[39.60987000000023,38.15707000000015],[39.60877000000016,38.1577700000002],[39.60745000000014,38.15829000000042],[39.607040000000154,38.158310000000085],[39.60785273318277,38.1583903067139],[39.6079499756687,38.15847785834029],[39.607918854767604,38.15858733765373],[39.60729893600012,38.1591901000001],[39.60849654600008,38.16199269900005],[39.60263484000018,38.16372511700058],[39.60148827600017,38.164839950000044],[39.598268335000114,38.17243529200033],[39.59782660200011,38.17314455600007],[39.60026974400006,38.17553720900003],[39.60093697000002,38.17886484300038],[39.59931076800012,38.18107166600009],[39.59628839200019,38.181201622],[39.59628286800006,38.18130062200004]]],"type":"Polygon"}},{"type":"Feature","properties":{"area_id":"TR-21-003-192261","name_tr":"Elifuşağı","area_level":"neighbourhood","parent_id":"TR-21-003","endeksa_id":192261},"geometry":{"coordinates":[[[39.37715180085212,38.19065186278425],[39.376893404389705,38.190274206415666],[39.377000000000066,38.18993000000012],[39.37556000000012,38.189840000000345],[39.37284000000011,38.190060000000244],[39.372080000000096,38.19157000000013],[39.3712500000002,38.191980000000626],[39.370040000000074,38.1911700000004],[39.36770000000007,38.1892500000007],[39.366780000000176,38.18898000000041],[39.36788000000007,38.18772000000058],[39.368460000000084,38.186410000000194],[39.36832000000004,38.185440000000256],[39.36841000000004,38.18454000000037],[39.367590000000064,38.184520000000134],[39.36692000000005,38.18350000000032],[39.36460000000011,38.18204000000031],[39.37345000000016,38.17740000000009],[39.3783200000002,38.174600000000055],[39.38213000000013,38.17134000000033],[39.38820000000004,38.169980000000066],[39.38954000000007,38.16530000000006],[39.38787000000008,38.15886000000012],[39.386760000000095,38.155520000000195],[39.4011500000002,38.16146000000015],[39.40622000000013,38.164660000000424],[39.414710000000184,38.17229000000003],[39.41675000000009,38.175030000000106],[39.41509000000019,38.1756400000001],[39.41394000000008,38.17551000000071],[39.41366000000022,38.17563000000018],[39.41388000000012,38.17652000000044],[39.41337000000016,38.17686000000015],[39.41242000000011,38.17730000000034],[39.41187000000008,38.17803000000032],[39.41117000000003,38.17924000000028],[39.41119000000009,38.18038000000007],[39.41134000000011,38.18073000000061],[39.411230000000046,38.18149000000028],[39.410590000000184,38.18289000000027],[39.41033000000016,38.18400000000031],[39.409650000000056,38.18497000000042],[39.40802000000019,38.184120000000064],[39.408260000000155,38.183740000000284],[39.40600000000023,38.18252000000024],[39.40515000000005,38.182010000000105],[39.40486000000004,38.18171000000018],[39.40316000000007,38.181040000000166],[39.40069000000017,38.181660000000136],[39.39939000000004,38.18109000000004],[39.399340000000166,38.18171000000018],[39.39908000000014,38.18204000000031],[39.39884000000018,38.18282000000016],[39.39843000000019,38.18338000000034],[39.39849000000021,38.183840000000714],[39.39831000000021,38.184170000000336],[39.397080000000074,38.18561000000011],[39.39638000000025,38.18603000000019],[39.39514000000014,38.18626000000006],[39.39376000000016,38.18738000000019],[39.39331000000004,38.18699000000004],[39.392890000000136,38.18677000000014],[39.392340000000104,38.18624000000034],[39.39226000000025,38.185970000000054],[39.3918300000002,38.18537000000015],[39.391230000000064,38.184820000000116],[39.39024000000006,38.18469000000016],[39.38898000000006,38.18481000000014],[39.38700000000006,38.18469000000016],[39.38630000000023,38.18473000000046],[39.38399000000004,38.185320000000274],[39.38374000000016,38.185970000000054],[39.38358000000005,38.18590000000063],[39.38335000000018,38.186100000000124],[39.383110000000045,38.18667000000039],[39.38208000000009,38.186840000000245],[39.38208000000009,38.18676000000005],[39.380780000000186,38.187030000000334],[39.380290000000116,38.18696000000023],[39.379510000000096,38.18699000000004],[39.37873000000019,38.18739000000028],[39.37842000000012,38.187330000000316],[39.378650000000164,38.18785000000014],[39.37830000000014,38.18791000000067],[39.37847000000016,38.188580000000684],[39.3785000000002,38.18919000000017],[39.37873000000019,38.18917000000033],[39.37870000000004,38.1892500000007],[39.379170000000215,38.189560000000085],[39.37937000000005,38.18951000000021],[39.37938000000014,38.18964000000028],[39.379170000000215,38.18986000000018],[39.37918000000013,38.19011000000012],[39.37945000000008,38.19028000000014],[39.37947000000014,38.19041000000004],[39.37816000000009,38.19058000000007],[39.37726000000009,38.190810000000454],[39.37715180085212,38.19065186278425]]],"type":"Polygon"}},{"type":"Feature","properties":{"area_id":"TR-21-003-192299","name_tr":"Kuyu","area_level":"neighbourhood","parent_id":"TR-21-003","endeksa_id":192299},"geometry":{"coordinates":[[[39.35431767993964,38.192190880606404],[39.354240000000175,38.192230000000166],[39.35408000000007,38.19200000000018],[39.353370000000155,38.19196000000039],[39.35282000000012,38.19165000000032],[39.35184000000004,38.1922100000001],[39.350730000000226,38.193160000000205],[39.350680000000125,38.19279000000017],[39.350180000000194,38.192010000000266],[39.34732000000014,38.190840000000094],[39.34745000000004,38.19021000000055],[39.347080000000176,38.19025000000033],[39.34650000000016,38.18999000000014],[39.345780000000104,38.19004000000018],[39.34542000000016,38.18989000000039],[39.3453100000001,38.189440000000104],[39.344320000000096,38.18951000000021],[39.342470000000105,38.18999000000014],[39.340580000000045,38.19033000000053],[39.33680000000015,38.18983000000037],[39.33510000000018,38.189880000000244],[39.33468000000005,38.189690000000155],[39.33335000000011,38.190190000000314],[39.33353000000011,38.19190000000026],[39.3329300000002,38.19196000000039],[39.332740000000115,38.19209000000035],[39.332950000000096,38.19271000000009],[39.332250000000045,38.192660000000046],[39.33151000000015,38.192720000000065],[39.33122000000009,38.19241000000068],[39.33056000000005,38.19277000000011],[39.32996000000014,38.19250000000034],[39.32950000000011,38.19277000000011],[39.32854000000003,38.192640000000154],[39.328220000000044,38.19305000000037],[39.3280400000001,38.193500000000085],[39.32722000000007,38.19457000000034],[39.3266900000001,38.19556000000017],[39.32479000000012,38.1925600000003],[39.32096000000013,38.19179000000054],[39.32043000000016,38.19178000000005],[39.32002000000017,38.19063000000011],[39.32002000000017,38.19033000000053],[39.319880000000126,38.19011000000012],[39.31994000000009,38.19001000000037],[39.32051000000018,38.19007000000033],[39.3207900000001,38.1897400000002],[39.32096000000013,38.1888400000002],[39.321280000000115,38.18795000000006],[39.32110000000017,38.1871900000001],[39.32086000000021,38.18714000000023],[39.320660000000146,38.186680000000365],[39.32307000000009,38.17598000000015],[39.32307000000026,38.17081000000013],[39.32593000000031,38.167110000000264],[39.33115000000038,38.14963000000046],[39.33276000000035,38.14463000000029],[39.33752753211627,38.144178710526035],[39.338980166993565,38.14362781018718],[39.34090712085032,38.143211308894365],[39.341470000000186,38.14275000000015],[39.3443900000002,38.14449000000059],[39.34526000000005,38.14413000000013],[39.34586000000013,38.143620000000396],[39.34576000000004,38.14326000000028],[39.34583000000015,38.14321000000041],[39.34675000000004,38.143220000000156],[39.346960000000195,38.14315000000056],[39.34741000000014,38.14259000000027],[39.34772000000004,38.142570000000205],[39.3493900000002,38.143410000000074],[39.34979000000004,38.14325000000031],[39.35000000000019,38.143070000000364],[39.34973000000008,38.142730000000086],[39.349810000000105,38.142480000000546],[39.35000000000019,38.14236000000005],[39.350370000000055,38.142580000000294],[39.350800000000106,38.14190000000019],[39.35163000000006,38.142170000000476],[39.352100000000064,38.141860000000406],[39.352720000000204,38.14182000000011],[39.352870000000166,38.141830000000084],[39.35347000000007,38.14308000000045],[39.353620000000035,38.14522000000005],[39.35475000000008,38.145210000000475],[39.35524000000015,38.1450100000003],[39.35627000000011,38.144460000000265],[39.35632000000015,38.14405000000005],[39.3565900000001,38.14370000000008],[39.35596000000004,38.14331000000033],[39.35596000000004,38.14321000000041],[39.355690000000095,38.14295000000038],[39.35614000000021,38.1428300000004],[39.355940000000146,38.14246000000031],[39.35596000000004,38.14228000000037],[39.355390000000114,38.14178000000021],[39.3558000000001,38.14139000000006],[39.35626000000019,38.14191000000028],[39.357090000000085,38.141030000000114],[39.35685000000012,38.140660000000594],[39.35619000000008,38.140030000000365],[39.35602000000023,38.1396100000004],[39.35543000000007,38.13917000000026],[39.35519000000011,38.13882000000041],[39.35583000000014,38.13832000000025],[39.356030000000146,38.13806000000005],[39.35637000000003,38.13800000000009],[39.35760000000022,38.137090000000114],[39.35764000000012,38.136570000000404],[39.3589300000001,38.13627000000031],[39.36142080754115,38.13159479378237],[39.364950000000135,38.13129000000038],[39.36671000000007,38.1298900000005],[39.36958000000004,38.12896000000029],[39.36970000000019,38.13306000000006],[39.37186000000003,38.13392000000016],[39.372730000000104,38.13275000000016],[39.373410000000035,38.131050000000414],[39.37673000000012,38.13423000000006],[39.37799000000007,38.135170000000414],[39.379020000000025,38.134340000000634],[39.379820000000166,38.13355000000013],[39.38240991947015,38.13513960452849],[39.38428000000005,38.13699000000037],[39.38703000000004,38.13922000000014],[39.39155000000011,38.141830000000084],[39.394880000000114,38.14631000000054],[39.394790000000114,38.14703000000043],[39.3889200000001,38.147280000000364],[39.386760000000095,38.155520000000195],[39.38787000000008,38.15886000000012],[39.38954000000007,38.16530000000006],[39.38820000000004,38.169980000000066],[39.38213000000013,38.17134000000033],[39.3783200000002,38.174600000000055],[39.37345000000016,38.17740000000009],[39.36460000000011,38.18204000000031],[39.36692000000005,38.18350000000032],[39.367590000000064,38.184520000000134],[39.36841000000004,38.18454000000037],[39.36832000000004,38.185440000000256],[39.368460000000084,38.186410000000194],[39.36788000000007,38.18772000000058],[39.366780000000176,38.18898000000041],[39.366530000000125,38.18943000000013],[39.36453000000017,38.18995000000035],[39.36419000000012,38.18942000000004],[39.363250000000164,38.18900000000008],[39.362130000000036,38.18967000000009],[39.360160000000064,38.190430000000276],[39.355630000000076,38.19153000000034],[39.35431767993964,38.192190880606404]]],"type":"Polygon"}},{"type":"Feature","properties":{"area_id":"TR-21-003-192309","name_tr":"Sinek","area_level":"neighbourhood","parent_id":"TR-21-003","endeksa_id":192309},"geometry":{"coordinates":[[[39.47251000000011,38.16608000000065],[39.467460000000074,38.17402000000038],[39.463580000000036,38.1769400000004],[39.45803000000018,38.17852000000039],[39.45466000000005,38.1799800000004],[39.44914000000006,38.18411000000032],[39.44686000000024,38.18689000000012],[39.445150000000126,38.18804000000006],[39.4395100000001,38.18806000000029],[39.43387000000013,38.190740000000346],[39.4311400000002,38.193680000000086],[39.43040000000008,38.19341000000031],[39.430190000000096,38.193470000000275],[39.4292700000002,38.193340000000205],[39.42792000000003,38.19293000000039],[39.42719000000005,38.19233000000031],[39.42637000000025,38.191850000000386],[39.42612000000014,38.1915000000007],[39.42578000000009,38.19129000000038],[39.42504000000014,38.19051000000036],[39.42425000000014,38.18998000000016],[39.42330000000004,38.19011000000012],[39.42253000000011,38.18906000000061],[39.42043000000007,38.188330000000065],[39.419620000000236,38.187860000000114],[39.41927000000004,38.188170000000184],[39.41741000000013,38.187770000000455],[39.41642000000013,38.18739000000028],[39.41537000000011,38.1867400000005],[39.41308000000015,38.185540000000174],[39.41209000000015,38.18486000000041],[39.411110000000065,38.184700000000134],[39.40982000000008,38.18500000000006],[39.409650000000056,38.18497000000042],[39.41033000000016,38.18400000000031],[39.410590000000184,38.18289000000027],[39.411230000000046,38.18149000000028],[39.41134000000011,38.18073000000061],[39.41119000000009,38.18038000000007],[39.41117000000003,38.17924000000028],[39.41187000000008,38.17803000000032],[39.41242000000011,38.17730000000034],[39.41337000000016,38.17686000000015],[39.41388000000012,38.17652000000044],[39.41366000000022,38.17563000000018],[39.41394000000008,38.17551000000071],[39.41509000000019,38.1756400000001],[39.41675000000009,38.175030000000106],[39.414710000000184,38.17229000000003],[39.40622000000013,38.164660000000424],[39.4011500000002,38.16146000000015],[39.386760000000095,38.155520000000195],[39.3889200000001,38.147280000000364],[39.394790000000114,38.14703000000043],[39.394880000000114,38.14631000000054],[39.39925000000022,38.14742000000018],[39.40785000000017,38.14549000000022],[39.41593000000006,38.14418000000052],[39.420400000000086,38.145850000000166],[39.42202000000003,38.147090000000276],[39.42881000000011,38.15018000000032],[39.43045000000012,38.14943000000005],[39.43085000000019,38.149140000000216],[39.43218000000007,38.14888000000019],[39.43238000000014,38.148490000000436],[39.43293000000017,38.14820000000009],[39.43299000000013,38.14791000000008],[39.43312000000026,38.147780000000125],[39.43374000000017,38.147750000000315],[39.43411000000009,38.147410000000605],[39.43446000000006,38.147350000000074],[39.4354800000001,38.1476100000001],[39.435580000000186,38.147470000000055],[39.43565000000012,38.14698000000055],[39.436260000000175,38.146880000000124],[39.436610000000144,38.14696000000032],[39.43668000000008,38.14670000000012],[39.43690000000015,38.1465500000005],[39.436880000000144,38.14637000000039],[39.43703000000011,38.14619000000005],[39.43759000000006,38.14619000000005],[39.438150000000235,38.146350000000325],[39.43801000000019,38.14653000000027],[39.43801000000019,38.14668000000006],[39.43916000000013,38.1477900000001],[39.439550000000054,38.14788000000004],[39.43993000000006,38.147560000000226],[39.44080000000008,38.14758000000046],[39.440540000000055,38.14724000000007],[39.440820000000144,38.14683000000025],[39.440600000000074,38.14634000000018],[39.4406800000001,38.14594000000034],[39.441440000000114,38.14545000000044],[39.441780000000165,38.145540000000096],[39.441650000000095,38.14580000000029],[39.44164000000012,38.14605000000034],[39.44296000000014,38.14591000000013],[39.44364000000007,38.1454300000002],[39.44435000000021,38.145080000000405],[39.44572000000005,38.147750000000315],[39.44814000000008,38.151680000000056],[39.45124000000004,38.15554000000003],[39.4550900000001,38.15637000000015],[39.45605000000012,38.15603000000044],[39.45795000000015,38.158800000000156],[39.459870000000194,38.16001000000006],[39.46494000000013,38.16279000000003],[39.46847000000014,38.16423000000037],[39.47251000000011,38.16608000000065]]],"type":"Polygon"}},{"type":"Feature","properties":{"area_id":"TR-21-003-192289","name_tr":"Keklik","area_level":"neighbourhood","parent_id":"TR-21-003","endeksa_id":192289},"geometry":{"coordinates":[[[39.57223287700015,38.19585777900022],[39.57120508500003,38.19543784300015],[39.566492361000144,38.195046144000116],[39.562343567000084,38.19509696299997],[39.55733326200004,38.19661603200052],[39.552107490000026,38.19549793300047],[39.54816547399997,38.19383483000007],[39.54994910400012,38.19132212400001],[39.54627294699998,38.18822839400019],[39.54571070899999,38.19286426800011],[39.543014756763114,38.19233974433183],[39.54345000000012,38.19183000000032],[39.54280000000017,38.1916600000003],[39.542700000000195,38.19156000000015],[39.542760000000044,38.19132000000019],[39.54125000000016,38.1911700000004],[39.54060000000021,38.191240000000505],[39.539810000000216,38.191490000000044],[39.538850000000195,38.1916600000003],[39.53825000000006,38.19141000000036],[39.53760000000011,38.19077000000016],[39.536560000000065,38.190270000000396],[39.5358100000002,38.19035000000008],[39.534950000000094,38.189870000000155],[39.53352000000007,38.18960000000038],[39.532690000000116,38.189810000000136],[39.531640000000095,38.18994000000026],[39.531300000000044,38.18990000000048],[39.531080000000145,38.1897400000002],[39.5308100000002,38.18976000000026],[39.53051000000005,38.189910000000054],[39.530370000000175,38.189840000000345],[39.53022000000004,38.18933000000021],[39.52923000000021,38.18872000000022],[39.5288700000001,38.188640000000134],[39.5279000000001,38.1888400000002],[39.527710000000184,38.188790000000324],[39.52741000000026,38.188450000000046],[39.527520000000095,38.188260000000355],[39.52732000000009,38.1880900000001],[39.527310000000114,38.18795000000006],[39.52702000000011,38.18759000000034],[39.52754000000016,38.18738000000019],[39.52785000000006,38.18709000000035],[39.52819000000011,38.18697000000037],[39.5287800000001,38.18697000000037],[39.52902000000006,38.18705000000057],[39.529530000000136,38.185940000000414],[39.52957000000009,38.18499000000065],[39.530020000000206,38.1837000000005],[39.530740000000094,38.18286000000012],[39.52513000000005,38.18082000000027],[39.52228000000014,38.17989000000006],[39.51663000000019,38.17846000000037],[39.514790000000175,38.17788000000019],[39.51350703424117,38.177689674165606],[39.51737202400017,38.17605053500023],[39.51810554800011,38.17244183600019],[39.518043029000125,38.17235010900015],[39.51761823300018,38.17221528400006],[39.5164965030001,38.16809517700017],[39.51533244500007,38.16655626600044],[39.51471297200004,38.16285703000011],[39.51507371200006,38.163244201000225],[39.51515918700011,38.16320633300029],[39.51694335100012,38.16477842000006],[39.52403471200006,38.166096685000184],[39.52799326700011,38.168484561000014],[39.53219289200001,38.16514033200019],[39.54496822500005,38.162746698000035],[39.54374419800013,38.16232220400059],[39.54369343600018,38.16221210399999],[39.54381238700017,38.162140732000125],[39.547370443000034,38.16211116200003],[39.55094658400009,38.16718435199999],[39.55728589,38.168524001000094],[39.557634877000055,38.169912538000176],[39.56748803500011,38.170771548000516],[39.56762682300007,38.17066469100047],[39.57024301600006,38.17707688500042],[39.57042524100012,38.177134839000416],[39.56700179800015,38.180320502000654],[39.56719989900006,38.18302523900036],[39.5654847830001,38.18305673100048],[39.56550827000018,38.18742121600019],[39.56812080400016,38.19011944700043],[39.56629036000004,38.19171428700008],[39.56778271100018,38.19250904900008],[39.569131911000056,38.19071118900018],[39.57061407600003,38.192115178999984],[39.575765031000174,38.191904805000036],[39.573936490000165,38.193400584000074],[39.573810270000024,38.19648646300004],[39.57223287700015,38.19585777900022]]],"type":"Polygon"}},{"type":"Feature","properties":{"area_id":"TR-21-003-192233","name_tr":"Aşağışeyhler","area_level":"neighbourhood","parent_id":"TR-21-003","endeksa_id":192233},"geometry":{"coordinates":[[[39.5286900000001,38.2199500000001],[39.52728000000013,38.2208100000002],[39.52655000000016,38.22211000000033],[39.52338000000003,38.22185000000013],[39.52339000000018,38.22164000000049],[39.51281000000017,38.22093000000018],[39.50668000000013,38.2191600000001],[39.50318000000004,38.21847000000042],[39.49730000000011,38.21631000000019],[39.49292000000008,38.214440000000195],[39.488550000000146,38.21238000000028],[39.481610000000046,38.209420000000364],[39.47753000000017,38.2077900000001],[39.472840000000076,38.20619000000005],[39.46952000000016,38.205460000000414],[39.46735000000024,38.204750000000104],[39.46186000000017,38.20204000000024],[39.45655000000011,38.2005400000001],[39.44675000000018,38.19877000000042],[39.43798692801391,38.19642523243948],[39.437190000000214,38.19602000000026],[39.43532000000016,38.195480000000316],[39.434090000000026,38.195270000000164],[39.43311000000011,38.19426000000027],[39.4311400000002,38.193680000000086],[39.43387000000013,38.190740000000346],[39.4395100000001,38.18806000000029],[39.445150000000126,38.18804000000006],[39.44686000000024,38.18689000000012],[39.44914000000006,38.18411000000032],[39.45466000000005,38.1799800000004],[39.45803000000018,38.17852000000039],[39.463580000000036,38.1769400000004],[39.467460000000074,38.17402000000038],[39.47251000000011,38.16608000000065],[39.47924000000006,38.16886000000045],[39.48326000000014,38.17071000000004],[39.48766000000006,38.1713900000002],[39.492450000000076,38.17297000000019],[39.49389000000019,38.1744300000002],[39.494620000000054,38.17475000000036],[39.49485000000004,38.1744700000001],[39.49573000000004,38.17481000000038],[39.495580000000075,38.17497000000009],[39.49603000000019,38.17508000000066],[39.49693000000019,38.17567000000031],[39.497990000000186,38.17574000000019],[39.49835000000013,38.175870000000145],[39.49851000000018,38.17551000000071],[39.498706305080475,38.17544104522068],[39.49866068757211,38.17529226628591],[39.499950000000126,38.176030000000026],[39.50006000000019,38.17639000000037],[39.50042000000013,38.17595000000017],[39.50093000000004,38.17577000000023],[39.501410000000135,38.17594000000008],[39.50189000000006,38.175840000000335],[39.50194000000016,38.1755500000001],[39.50272000000018,38.1758200000001],[39.50349000000011,38.17576000000008],[39.50396000000012,38.1758200000001],[39.50461000000007,38.17636000000016],[39.50380000000018,38.176710000000526],[39.50281000000018,38.17686000000015],[39.50220000000013,38.177150000000154],[39.50207000000006,38.17744000000039],[39.5010400000001,38.18286000000012],[39.50953000000021,38.190060000000244],[39.51208000000014,38.19190000000026],[39.51295000000022,38.192230000000166],[39.515470000000164,38.19410000000039],[39.517420000000186,38.19568000000038],[39.51972000000006,38.19674000000015],[39.52304000000015,38.200010000000134],[39.52398000000011,38.20333000000039],[39.52480000000014,38.20425000000034],[39.52593000000019,38.20606000000032],[39.5269100000001,38.20733000000024],[39.52719000000013,38.20956000000018],[39.52819000000011,38.215520000000026],[39.528260000000046,38.21544000000051],[39.528580000000034,38.21547000000015],[39.530650000000094,38.21613000000008],[39.52917000000019,38.21836000000053],[39.5286900000001,38.2199500000001]]],"type":"Polygon"}},{"type":"Feature","properties":{"area_id":"TR-21-003-192231","name_tr":"Asmalı","area_level":"neighbourhood","parent_id":"TR-21-003","endeksa_id":192231},"geometry":{"coordinates":[[[39.543014756763114,38.19233974433183],[39.540120000000115,38.195730000000424],[39.53843000000006,38.2014200000001],[39.53624000000025,38.20459000000022],[39.53442000000007,38.20755000000014],[39.53432000000015,38.20792000000006],[39.53453000000013,38.20845000000054],[39.53471000000013,38.20857000000052],[39.53482000000014,38.20879000000025],[39.53479000000016,38.209080000000085],[39.53404000000012,38.2094000000003],[39.53395000000012,38.20996000000042],[39.53355000000005,38.210040000000106],[39.533220000000085,38.21090000000004],[39.53265000000022,38.211280000000215],[39.53314000000006,38.211680000000115],[39.534270000000106,38.21231000000017],[39.534670000000176,38.21266000000071],[39.53479000000016,38.213350000000275],[39.53505000000018,38.21358000000009],[39.5351500000001,38.213790000000415],[39.535230000000126,38.21468000000016],[39.535200000000145,38.21486000000016],[39.5350600000001,38.21500000000037],[39.53599000000014,38.2149500000001],[39.53549000000015,38.21567000000039],[39.53528000000017,38.2170900000001],[39.53459000000015,38.21692000000007],[39.53344000000021,38.2170200000005],[39.528580000000034,38.21547000000015],[39.528260000000046,38.21544000000051],[39.52819000000011,38.215520000000026],[39.52719000000013,38.20956000000018],[39.5269100000001,38.20733000000024],[39.52593000000019,38.20606000000032],[39.52480000000014,38.20425000000034],[39.52398000000011,38.20333000000039],[39.52304000000015,38.200010000000134],[39.51972000000006,38.19674000000015],[39.517420000000186,38.19568000000038],[39.515470000000164,38.19410000000039],[39.51295000000022,38.192230000000166],[39.51208000000014,38.19190000000026],[39.50953000000021,38.190060000000244],[39.5010400000001,38.18286000000012],[39.50207000000006,38.17744000000039],[39.50220000000013,38.177150000000154],[39.50281000000018,38.17686000000015],[39.50380000000018,38.176710000000526],[39.50461000000007,38.17636000000016],[39.505710000000136,38.175970000000405],[39.509050000000116,38.17720000000003],[39.51350703424117,38.177689674165606],[39.514790000000175,38.17788000000019],[39.51663000000019,38.17846000000037],[39.52228000000014,38.17989000000006],[39.52513000000005,38.18082000000027],[39.530740000000094,38.18286000000012],[39.530020000000206,38.1837000000005],[39.52957000000009,38.18499000000065],[39.529530000000136,38.185940000000414],[39.52902000000006,38.18705000000057],[39.5287800000001,38.18697000000037],[39.52819000000011,38.18697000000037],[39.52785000000006,38.18709000000035],[39.52754000000016,38.18738000000019],[39.52702000000011,38.18759000000034],[39.527310000000114,38.18795000000006],[39.52732000000009,38.1880900000001],[39.527520000000095,38.188260000000355],[39.52741000000026,38.188450000000046],[39.527710000000184,38.188790000000324],[39.5279000000001,38.1888400000002],[39.5288700000001,38.188640000000134],[39.52923000000021,38.18872000000022],[39.53022000000004,38.18933000000021],[39.530370000000175,38.189840000000345],[39.53051000000005,38.189910000000054],[39.5308100000002,38.18976000000026],[39.531080000000145,38.1897400000002],[39.531300000000044,38.18990000000048],[39.531640000000095,38.18994000000026],[39.532690000000116,38.189810000000136],[39.53352000000007,38.18960000000038],[39.534950000000094,38.189870000000155],[39.5358100000002,38.19035000000008],[39.536560000000065,38.190270000000396],[39.53760000000011,38.19077000000016],[39.53825000000006,38.19141000000036],[39.538850000000195,38.1916600000003],[39.539810000000216,38.191490000000044],[39.54060000000021,38.191240000000505],[39.54125000000016,38.1911700000004],[39.542760000000044,38.19132000000019],[39.542700000000195,38.19156000000015],[39.54280000000017,38.1916600000003],[39.54345000000012,38.19183000000032],[39.543014756763114,38.19233974433183]]],"type":"Polygon"}}]}