{"type":"FeatureCollection","source_id":"endeksa","retrieved_at":"2026-08-23","features":[{"type":"Feature","properties":{"area_id":"TR-22-004-2011136","name_tr":"Koyuntepe Köyü","area_level":"neighbourhood","parent_id":"TR-22-004","endeksa_id":2011136},"geometry":{"coordinates":[[[26.338908990000107,40.79996125399998],[26.338379201000066,40.80053683300014],[26.335735614999976,40.79801336900039],[26.318667838000124,40.81066092400016],[26.31482562700006,40.81125651500065],[26.314729150000176,40.810866987000395],[26.313982471000145,40.80981564700045],[26.300074879000135,40.794256288000156],[26.297308110000074,40.79399728100009],[26.29714199800003,40.794115034000185],[26.297060323000096,40.79397813800006],[26.296201401000076,40.79390521200003],[26.295910028000037,40.79072154100015],[26.298246707000033,40.78222884100035],[26.298195209000028,40.781355639000026],[26.295956565000097,40.77700951800006],[26.293464713000162,40.774680391000174],[26.29013155900003,40.773234532000174],[26.289838574000044,40.7728477990006],[26.28992796000017,40.77266180400022],[26.2897019400001,40.77266612600005],[26.288181819181034,40.77059000222687],[26.28959000000009,40.76657000000034],[26.294350000000122,40.760870000000125],[26.29653000000019,40.755910000000085],[26.296920000000114,40.75080000000008],[26.298710000000085,40.74720000000008],[26.305650000000185,40.74134000000038],[26.309020000000146,40.73879000000039],[26.31239000000005,40.732930000000124],[26.313890000000185,40.72752000000014],[26.31371000000007,40.72728000000018],[26.313760000000116,40.726950000000045],[26.31353000000007,40.72609000000034],[26.314010000000167,40.72576000000021],[26.314070000000186,40.72539050066791],[26.314918617000103,40.72741760700046],[26.317429567000033,40.72679151099999],[26.317497121000144,40.72693845300006],[26.325274003000004,40.72483553500069],[26.33320541900008,40.72513355500013],[26.34768834500005,40.72952132199998],[26.353064635383987,40.72923741651812],[26.353680129000054,40.736898996000605],[26.40118966,40.74253526400048],[26.401084039000068,40.747842159000186],[26.403614966000134,40.75090078400058],[26.403425216000073,40.75412273400053],[26.412551789596648,40.75347040537332],[26.41273061431758,40.753574027195725],[26.412711576000163,40.754551420000155],[26.412728121000043,40.75469736500003],[26.41283628200017,40.75476488600037],[26.41582583500019,40.75471559400006],[26.417004356000064,40.75451949500041],[26.417162225000084,40.75462404100017],[26.417115247000083,40.75494747000005],[26.41685159300016,40.755472755000085],[26.416851592000057,40.75609234800061],[26.418019979000178,40.7605073910006],[26.4200757590001,40.76352766100007],[26.421569952000027,40.76810797100029],[26.422618612000065,40.77043065900011],[26.422689190000085,40.77152142900013],[26.42321312500013,40.77491413700051],[26.41976358300019,40.77304969400052],[26.419230850000076,40.77299754100005],[26.417526611000028,40.77340383500007],[26.416867728000113,40.7733307690001],[26.414958204000072,40.77240129799998],[26.41455618399999,40.77197108300004],[26.412912720999998,40.77166158600005],[26.41071594200008,40.770638475000055],[26.409744371000045,40.76918056100004],[26.40927205200012,40.76896576100006],[26.40788528900009,40.76883614700017],[26.40671607200005,40.7690715010001],[26.40630478500003,40.7693472740001],[26.405282334000105,40.76922786000017],[26.404624449000096,40.768144453000104],[26.40437998700014,40.767168034000235],[26.4046297700001,40.76661604200007],[26.404630992000023,40.76607806900006],[26.404157767000186,40.76581850700006],[26.403217771000072,40.7660593710001],[26.40201264899997,40.76748100900011],[26.401075827000113,40.76820188400018],[26.398941317000094,40.76872167900012],[26.39825189900006,40.76861750600011],[26.39787833200012,40.76825865500018],[26.39857702000006,40.76647732500055],[26.397218834000114,40.76629104500006],[26.396593641000152,40.766515733000176],[26.396605013000055,40.76679846900015],[26.39630746500012,40.766891454000074],[26.39134284400012,40.77340949600011],[26.388900661000093,40.777125267000315],[26.38721634400008,40.781148359000156],[26.387216358000103,40.78196747600066],[26.388279158000103,40.78521856200018],[26.390611122000166,40.7882747380001],[26.391447090000042,40.789766923],[26.391442657000084,40.79272451200006],[26.39056404600018,40.794234879000214],[26.389200814000162,40.795221521000315],[26.38852135900015,40.79550860500012],[26.38024676900011,40.79677901300022],[26.374723696000103,40.79739741400067],[26.361968677000164,40.795813922000036],[26.36146837299998,40.79554110900011],[26.35948796100007,40.793222535000154],[26.358026703000178,40.792155342],[26.356366820000062,40.7922078580001],[26.354753548000133,40.79389441800038],[26.35383342300014,40.79324682700053],[26.35364313900004,40.79320784900017],[26.352199267000117,40.7921033730006],[26.350940828000148,40.79210157599999],[26.34893871100013,40.79249432199998],[26.34453250700011,40.79580067300009],[26.347552325000038,40.79940726000052],[26.347275122999974,40.7995911930002],[26.34215215500012,40.79939481700029],[26.34144607400009,40.79720489100009],[26.34096507100014,40.79772746600008],[26.34068571300014,40.79733508600049],[26.33993619200004,40.79884527100012],[26.338908990000107,40.79996125399998]]],"type":"Polygon"}},{"type":"Feature","properties":{"area_id":"TR-22-004-2011139","name_tr":"Küçükdoğanca Köyü","area_level":"neighbourhood","parent_id":"TR-22-004","endeksa_id":2011139},"geometry":{"coordinates":[[[26.444434979953655,40.814430164896066],[26.44387556700019,40.81483794400009],[26.443179176000058,40.81951822800005],[26.443007973000192,40.819599366000205],[26.44184221500018,40.81863405300004],[26.439411770000106,40.81782824100014],[26.438031796000132,40.81705587699997],[26.43669392600009,40.816820726000515],[26.43637463800013,40.8154884880006],[26.43355080200007,40.814448773000095],[26.43214072800015,40.81342380500001],[26.431768890000114,40.812889599000414],[26.430877479000173,40.81236706500016],[26.430366777000188,40.811214444000086],[26.429028303999985,40.81057996300012],[26.428829744000097,40.810638445000166],[26.42883012300001,40.8105011610005],[26.4284603160001,40.810341355000105],[26.425547881000057,40.80974467200019],[26.42471683900004,40.80915854800003],[26.422402230000102,40.80834893300005],[26.419925988000045,40.808345186000054],[26.419238627000084,40.80818805500007],[26.41720952999998,40.80732797700017],[26.414661237000075,40.80592677800047],[26.414468290000002,40.805510071000185],[26.414103460000035,40.805379530000664],[26.414504634000025,40.803453003000186],[26.41456177500004,40.80049160600004],[26.41442929300007,40.79947700700052],[26.413582492000103,40.798136048000174],[26.41317511600016,40.79447868500017],[26.412979360999998,40.7909312780007],[26.413405998000087,40.788083511000025],[26.41352594900013,40.78800812600042],[26.417361122000102,40.78785996400006],[26.42087275500012,40.78654473900008],[26.420875252000087,40.78662995300016],[26.42032622900001,40.78692872400046],[26.420308994000095,40.78984385100034],[26.421006279000153,40.79110162900014],[26.42123450500003,40.791408826000065],[26.42586145399997,40.79592492100011],[26.428662500000087,40.798024348000126],[26.43116340900019,40.80332752400017],[26.431389014000104,40.803477693000104],[26.431612018000067,40.80392372700038],[26.435222403000125,40.806804941000564],[26.435861880000175,40.807587058000024],[26.43698261000003,40.80820964700007],[26.438029676000156,40.80851575500003],[26.44448528700019,40.809828786000026],[26.44463784100003,40.81045832600006],[26.445327115000055,40.8120629820005],[26.44526987200004,40.81306651900013],[26.44454100500019,40.814313964000405],[26.44474483113646,40.814297746560214],[26.44454078368659,40.81431457933843],[26.444434979953655,40.814430164896066]]],"type":"Polygon"}},{"type":"Feature","properties":{"area_id":"TR-22-004-2011144","name_tr":"Yapıldak Köyü","area_level":"neighbourhood","parent_id":"TR-22-004","endeksa_id":2011144},"geometry":{"coordinates":[[[26.469938540999976,40.80082384400049],[26.46991581700007,40.80101503500009],[26.470065307000027,40.80105423100014],[26.470175509000057,40.80130718800069],[26.469562569000175,40.804882695000174],[26.46970455700017,40.80555103600011],[26.46942142800009,40.807216419000326],[26.469839438000065,40.80759980800019],[26.47116185500016,40.80814823900033],[26.47162609900016,40.81041844500004],[26.467958982000084,40.81740503900028],[26.463947528000176,40.82026313900013],[26.464117625000142,40.82049020700009],[26.464066071000104,40.82052998900019],[26.463555525000174,40.81995202500019],[26.462675691000186,40.818153730000176],[26.46254656500014,40.81804388600011],[26.46009499700017,40.81798937800022],[26.454284156000142,40.81744797800019],[26.45411730900014,40.81699942300014],[26.453400796000096,40.81657245500031],[26.45244863700009,40.816447058000506],[26.451669536000168,40.81593485300016],[26.450369903000023,40.81573035100013],[26.447783379000043,40.815979669000114],[26.444479183000055,40.81453994800063],[26.444434979953655,40.814430164896066],[26.44454078368659,40.81431457933843],[26.44474483113646,40.814297746560214],[26.44454100500019,40.814313964000405],[26.44526987200004,40.81306651900013],[26.445327115000055,40.8120629820005],[26.44463784100003,40.81045832600006],[26.44448528700019,40.809828786000026],[26.438029676000156,40.80851575500003],[26.43698261000003,40.80820964700007],[26.435861880000175,40.807587058000024],[26.435222403000125,40.806804941000564],[26.431612018000067,40.80392372700038],[26.431389014000104,40.803477693000104],[26.43116340900019,40.80332752400017],[26.428662500000087,40.798024348000126],[26.42586145399997,40.79592492100011],[26.42123450500003,40.791408826000065],[26.421006279000153,40.79110162900014],[26.420308994000095,40.78984385100034],[26.42032622900001,40.78692872400046],[26.420875252000087,40.78662995300016],[26.42206543700007,40.786064097000065],[26.422252998000033,40.785880200000065],[26.423342321000177,40.78161548500003],[26.42326436600007,40.78041070600028],[26.423420324000176,40.77625584200041],[26.422689190000085,40.77152142900013],[26.422618612000065,40.77043065900011],[26.421569952000027,40.76810797100029],[26.4200757590001,40.76352766100007],[26.418019979000178,40.7605073910006],[26.416851592000057,40.75609234800061],[26.41685159300016,40.755472755000085],[26.417115247000083,40.75494747000005],[26.417162225000084,40.75462404100017],[26.417004356000064,40.75451949500041],[26.417312191000065,40.75449699500018],[26.41974188600011,40.75350139000028],[26.42031227300015,40.75350022700013],[26.420788092000123,40.75379075400042],[26.447568410000144,40.76051302400009],[26.443374308000045,40.76383681600015],[26.443367667000132,40.763968297000076],[26.443781679000097,40.76434243400007],[26.44622761200003,40.76529889600016],[26.451734420000037,40.76703860399999],[26.45531650700002,40.76736795000011],[26.455425493000178,40.76747358100056],[26.45552046900002,40.7673672790001],[26.456457513000146,40.76724947000008],[26.455265756000188,40.77054469000001],[26.452441390000104,40.774212428000624],[26.45264442199999,40.77431707700049],[26.450236201000166,40.777327899000056],[26.458516477000103,40.792733725000176],[26.461963491000063,40.79556088800024],[26.46197012000016,40.79889646700008],[26.469938540999976,40.80082384400049]]],"type":"Polygon"}},{"type":"Feature","properties":{"area_id":"TR-22-004-21210","name_tr":"İnönü","area_level":"neighbourhood","parent_id":"TR-22-004","endeksa_id":21210},"geometry":{"coordinates":[[[26.29714199800003,40.794115034000185],[26.296787549999976,40.7946904370001],[26.29307992600019,40.79868344900041],[26.28832693000004,40.80429051200008],[26.281846897000037,40.80754810400015],[26.276603239000167,40.81999685400041],[26.272322299000166,40.82133648200005],[26.265100966000148,40.82247668000042],[26.260738278000133,40.82281280799998],[26.260638390000054,40.822876480000104],[26.260658052000053,40.82297122800048],[26.246855492000066,40.80951229500022],[26.246775783000146,40.80941073000025],[26.246760505999987,40.80889496000003],[26.234720293000066,40.78758588000011],[26.234804117000067,40.786487472000545],[26.24093738200014,40.77898182400054],[26.241297209913,40.77842386917473],[26.2414531226338,40.77836860257224],[26.24159062112801,40.77845016565226],[26.26159000000007,40.784130000000175],[26.265160000000037,40.78533000000016],[26.266400000000147,40.785620000000165],[26.267540000000167,40.78563000000065],[26.268290000000036,40.78596000000027],[26.268330000000162,40.7856900000001],[26.26821000000018,40.785150000000044],[26.268280000000118,40.784780000000126],[26.268390000000124,40.784720000000675],[26.268780000000106,40.7847900000001],[26.269200000000183,40.78458000000046],[26.26958000000019,40.78405000000066],[26.269560000000126,40.78346000000016],[26.269910000000152,40.7831300000002],[26.27019000000024,40.7832200000002],[26.27075000000019,40.78421000000043],[26.27107000000018,40.784320000000264],[26.27125000000018,40.784530000000586],[26.27103000000011,40.78457000000037],[26.270780000000173,40.78442000000018],[26.27053000000012,40.78441000000009],[26.270400000000166,40.784560000000226],[26.27057000000019,40.78471000000019],[26.271630000000187,40.78495000000015],[26.271740000000193,40.784500000000264],[26.272560000000226,40.7840800000003],[26.27295000000015,40.784010000000194],[26.273120000000176,40.78438000000028],[26.2735100000001,40.784630000000334],[26.273580000000038,40.784780000000126],[26.27327000000014,40.784750000000315],[26.273220000000094,40.784660000000144],[26.27280000000019,40.784750000000315],[26.273590000000183,40.78513000000049],[26.273810000000083,40.78513000000049],[26.274330000000077,40.784840000000145],[26.274910000000148,40.7847900000001],[26.275670000000105,40.78489000000053],[26.27599000000015,40.7850500000003],[26.276750000000163,40.78511000000026],[26.27729000000005,40.784840000000145],[26.277210000000196,40.78460000000018],[26.277270000000158,40.784470000000056],[26.277730000000247,40.7843000000002],[26.277760000000058,40.78409000000005],[26.27800000000019,40.78393000000017],[26.278630000000078,40.783690000000036],[26.27919000000003,40.78368000000006],[26.2796800000001,40.78333000000009],[26.28042000000005,40.78319000000056],[26.2808500000001,40.78279000000015],[26.28157000000016,40.78241000000014],[26.281750000000102,40.782390000000305],[26.28200000000004,40.78219000000024],[26.281920000000184,40.781840000000045],[26.282070000000147,40.7815700000001],[26.28222000000011,40.781500000000165],[26.282570000000135,40.7815700000001],[26.282820000000186,40.78179000000017],[26.282670000000053,40.78216000000009],[26.283560000000136,40.78263000000027],[26.28476000000012,40.78280000000029],[26.28800000000018,40.77603000000005],[26.287800000000118,40.771680000000345],[26.288181819181034,40.77059000222687],[26.2897019400001,40.77266612600005],[26.28992796000017,40.77266180400022],[26.289838574000044,40.7728477990006],[26.29013155900003,40.773234532000174],[26.293464713000162,40.774680391000174],[26.295956565000097,40.77700951800006],[26.298195209000028,40.781355639000026],[26.298246707000033,40.78222884100035],[26.295910028000037,40.79072154100015],[26.296201401000076,40.79390521200003],[26.297060323000096,40.79397813800006],[26.29714199800003,40.794115034000185]]],"type":"Polygon"}},{"type":"Feature","properties":{"area_id":"TR-22-004-2011134","name_tr":"Kocahıdır Köyü","area_level":"neighbourhood","parent_id":"TR-22-004","endeksa_id":2011134},"geometry":{"coordinates":[[[26.413072539000098,40.835346077000224],[26.409375014000148,40.835948088000066],[26.40705258600019,40.8352384330002],[26.404689246000032,40.836051329000156],[26.40285429300019,40.83597846400005],[26.39939361500018,40.83367192700007],[26.397855947000153,40.83341100600006],[26.396721172000127,40.83391529600004],[26.39599831999999,40.83488380699998],[26.395566342000166,40.83514012600017],[26.395008904000065,40.83534520700033],[26.394320241000173,40.835273838000376],[26.389651750000155,40.83185315900005],[26.389112260000104,40.831614143000024],[26.38758055700015,40.83191597200005],[26.38644891199999,40.83173268200011],[26.38518421100008,40.83101655900015],[26.384567661000062,40.829970507999974],[26.383757494000065,40.82939268700022],[26.383238082000105,40.82908488900051],[26.381488125000146,40.828522863000046],[26.38127583300019,40.82837409000041],[26.381275091000134,40.828516653000065],[26.380905914235598,40.828555756417074],[26.380811567374792,40.82847034930245],[26.380843157791787,40.828361622213606],[26.381024901000046,40.82818911300029],[26.379442113000152,40.827022340000156],[26.377683468000043,40.82692098800044],[26.377096351000034,40.82664699800068],[26.37678052600012,40.82606662300003],[26.376104076000104,40.825867327000026],[26.37446026000015,40.825898021000114],[26.37377751600019,40.821965535000174],[26.36735300099997,40.82184381200028],[26.36638666200008,40.821352185000194],[26.365874345000066,40.82065676900021],[26.365057014000172,40.82044620100055],[26.364712767000015,40.820500590000165],[26.360132157000123,40.81817020000011],[26.358668994000084,40.81888637500009],[26.358275088000028,40.819024998000145],[26.358137971000133,40.81894820200068],[26.357545278000032,40.818229397000096],[26.35726561900009,40.81823579799999],[26.356172971999968,40.816633287],[26.35578627200016,40.816627699000264],[26.35408124000014,40.81417823300012],[26.35044732800003,40.81241041300001],[26.347693112,40.80912608300059],[26.345907808000106,40.807823592000204],[26.34563403200019,40.807190124000044],[26.34024620000008,40.80525672000027],[26.338271672000133,40.80219906000059],[26.338908990000107,40.79996125399998],[26.33993619200004,40.79884527100012],[26.34068571300014,40.79733508600049],[26.34096507100014,40.79772746600008],[26.34144607400009,40.79720489100009],[26.34215215500012,40.79939481700029],[26.347275122999974,40.7995911930002],[26.347552325000038,40.79940726000052],[26.34453250700011,40.79580067300009],[26.34893871100013,40.79249432199998],[26.350940828000148,40.79210157599999],[26.352199267000117,40.7921033730006],[26.35364313900004,40.79320784900017],[26.35383342300014,40.79324682700053],[26.354753548000133,40.79389441800038],[26.356366820000062,40.7922078580001],[26.358026703000178,40.792155342],[26.35948796100007,40.793222535000154],[26.36146837299998,40.79554110900011],[26.361968677000164,40.795813922000036],[26.374723696000103,40.79739741400067],[26.38024676900011,40.79677901300022],[26.38852135900015,40.79550860500012],[26.389200814000162,40.795221521000315],[26.39056404600018,40.794234879000214],[26.391442657000084,40.79272451200006],[26.391447090000042,40.789766923],[26.390611122000166,40.7882747380001],[26.388279158000103,40.78521856200018],[26.387216358000103,40.78196747600066],[26.38721634400008,40.781148359000156],[26.388900661000093,40.777125267000315],[26.39134284400012,40.77340949600011],[26.39630746500012,40.766891454000074],[26.396605013000055,40.76679846900015],[26.396593641000152,40.766515733000176],[26.397218834000114,40.76629104500006],[26.39857702000006,40.76647732500055],[26.39787833200012,40.76825865500018],[26.39825189900006,40.76861750600011],[26.398941317000094,40.76872167900012],[26.401075827000113,40.76820188400018],[26.40201264899997,40.76748100900011],[26.403217771000072,40.7660593710001],[26.404157767000186,40.76581850700006],[26.404630992000023,40.76607806900006],[26.4046297700001,40.76661604200007],[26.40437998700014,40.767168034000235],[26.404624449000096,40.768144453000104],[26.405282334000105,40.76922786000017],[26.40630478500003,40.7693472740001],[26.40671607200005,40.7690715010001],[26.40788528900009,40.76883614700017],[26.40927205200012,40.76896576100006],[26.409744371000045,40.76918056100004],[26.41071594200008,40.770638475000055],[26.412912720999998,40.77166158600005],[26.41455618399999,40.77197108300004],[26.414958204000072,40.77240129799998],[26.416867728000113,40.7733307690001],[26.417526611000028,40.77340383500007],[26.419230850000076,40.77299754100005],[26.41976358300019,40.77304969400052],[26.42321312500013,40.77491413700051],[26.423420324000176,40.77625584200041],[26.42326436600007,40.78041070600028],[26.423342321000177,40.78161548500003],[26.422252998000033,40.785880200000065],[26.42206543700007,40.786064097000065],[26.420875252000087,40.78662995300016],[26.42087275500012,40.78654473900008],[26.417361122000102,40.78785996400006],[26.41352594900013,40.78800812600042],[26.413405998000087,40.788083511000025],[26.412979360999998,40.7909312780007],[26.41317511600016,40.79447868500017],[26.413582492000103,40.798136048000174],[26.41442929300007,40.79947700700052],[26.41456177500004,40.80049160600004],[26.414504634000025,40.803453003000186],[26.414103460000035,40.805379530000664],[26.414468290000002,40.805510071000185],[26.414661237000075,40.80592677800047],[26.41720952999998,40.80732797700017],[26.419238627000084,40.80818805500007],[26.419925988000045,40.808345186000054],[26.422402230000102,40.80834893300005],[26.42471683900004,40.80915854800003],[26.425547881000057,40.80974467200019],[26.4284603160001,40.810341355000105],[26.42883012300001,40.8105011610005],[26.428829744000097,40.810638445000166],[26.42855430000003,40.81087460700013],[26.428456592000146,40.81226945999998],[26.427778969000087,40.81374444700009],[26.425565682000013,40.81702577900052],[26.425914688000148,40.8181143670007],[26.425852923000093,40.818630401000235],[26.422283261000132,40.824315923000086],[26.421635516000094,40.82653937500004],[26.42036581800005,40.82974121900014],[26.415714725000043,40.83437413900009],[26.413072539000098,40.835346077000224]]],"type":"Polygon"}},{"type":"Feature","properties":{"area_id":"TR-22-004-21209","name_tr":"Gazi","area_level":"neighbourhood","parent_id":"TR-22-004","endeksa_id":21209},"geometry":{"coordinates":[[[26.32533753700011,40.81866579400008],[26.32100000000014,40.82378000000028],[26.321071520000032,40.82724033000039],[26.320370000000082,40.83054000000038],[26.32034827492555,40.832617949634255],[26.31972000000013,40.832420000000354],[26.31942000000015,40.83280000000036],[26.31973000000005,40.83303000000035],[26.3190800000001,40.83374000000015],[26.314700000000073,40.83757000000014],[26.31226000000015,40.84012000000007],[26.310540000000117,40.84139000000016],[26.30895000000004,40.84285000000017],[26.308000000000106,40.844040000000405],[26.307690000000036,40.8445700000002],[26.3063200000002,40.846080000000086],[26.305330000000197,40.84662000000071],[26.302620000000104,40.847070000000315],[26.30170000000004,40.847910000000184],[26.30087000000009,40.84802000000019],[26.300420000000145,40.84822000000025],[26.300720000000126,40.84861000000052],[26.29990000000015,40.84892000000059],[26.300280000000157,40.84946000000036],[26.299910000000068,40.84968000000026],[26.300439176830764,40.850842043715886],[26.30027636000017,40.85149217000043],[26.300344092000103,40.85248163000023],[26.30012667400007,40.85253688700027],[26.26671451700014,40.828874898000095],[26.260658052000053,40.82297122800048],[26.260638390000054,40.822876480000104],[26.260738278000133,40.82281280799998],[26.265100966000148,40.82247668000042],[26.272322299000166,40.82133648200005],[26.276603239000167,40.81999685400041],[26.281846897000037,40.80754810400015],[26.28832693000004,40.80429051200008],[26.29307992600019,40.79868344900041],[26.296787549999976,40.7946904370001],[26.29714199800003,40.794115034000185],[26.297308110000074,40.79399728100009],[26.300074879000135,40.794256288000156],[26.313982471000145,40.80981564700045],[26.314729150000176,40.810866987000395],[26.31486648100008,40.81142146300044],[26.31763933400009,40.81360640500003],[26.31768504000013,40.813941162000106],[26.31777744800013,40.81401316800003],[26.320204752000052,40.814459888000044],[26.322865707000062,40.81469070700007],[26.324564353000085,40.815704371000606],[26.325021798000023,40.816662226000005],[26.32533753700011,40.81866579400008]]],"type":"Polygon"}},{"type":"Feature","properties":{"area_id":"TR-22-004-2011137","name_tr":"Aliçopehlivan Köyü","area_level":"neighbourhood","parent_id":"TR-22-004","endeksa_id":2011137},"geometry":{"coordinates":[[[26.48709082700003,40.85409880000009],[26.486643592000064,40.85456630100032],[26.48406627800017,40.856182471000125],[26.48242220200001,40.85883515600011],[26.479846398000063,40.860798037999984],[26.477067630000192,40.86422071800007],[26.47655295800007,40.864576929000464],[26.472508204000064,40.86590875500019],[26.470621811000058,40.866113800000164],[26.46290968699998,40.86606314800042],[26.461484114000086,40.86680738800004],[26.46105871300017,40.86714565300019],[26.459401827000192,40.867636470000036],[26.457402980000097,40.86722854500016],[26.45719231600009,40.86732909100027],[26.457076257000153,40.8672248010007],[26.455556854000122,40.86720978800008],[26.45464206200012,40.866962523000495],[26.454461945000048,40.866806368000084],[26.452994387000103,40.8662625380004],[26.451326113999983,40.865171417000624],[26.44870295000004,40.8622401180001],[26.448106678999977,40.86219320700059],[26.445849966000083,40.86270083900013],[26.445358847000023,40.86260472200007],[26.44333172800009,40.86168940100015],[26.436612432000118,40.85935808200003],[26.434132392000095,40.859095917000104],[26.43268149300019,40.858312115000274],[26.42775604100018,40.85692439700006],[26.426221877000046,40.856185106000055],[26.42180156600017,40.8528693290001],[26.421667175000152,40.85284808900008],[26.421582477000072,40.85292812500012],[26.421594662000075,40.852702094000165],[26.418143595000117,40.84826174000011],[26.41300430300015,40.83546424100041],[26.413072539000098,40.835346077000224],[26.415714725000043,40.83437413900009],[26.42036581800005,40.82974121900014],[26.421635516000094,40.82653937500004],[26.422283261000132,40.824315923000086],[26.425852923000093,40.818630401000235],[26.425914688000148,40.8181143670007],[26.425565682000013,40.81702577900052],[26.427778969000087,40.81374444700009],[26.428456592000146,40.81226945999998],[26.42855430000003,40.81087460700013],[26.428829744000097,40.810638445000166],[26.429028303999985,40.81057996300012],[26.430366777000188,40.811214444000086],[26.430877479000173,40.81236706500016],[26.431768890000114,40.812889599000414],[26.43214072800015,40.81342380500001],[26.43355080200007,40.814448773000095],[26.43637463800013,40.8154884880006],[26.43669392600009,40.816820726000515],[26.438031796000132,40.81705587699997],[26.439411770000106,40.81782824100014],[26.44184221500018,40.81863405300004],[26.443007973000192,40.819599366000205],[26.443179176000058,40.81951822800005],[26.44387556700019,40.81483794400009],[26.444434979953655,40.814430164896066],[26.444479183000055,40.81453994800063],[26.447783379000043,40.815979669000114],[26.450369903000023,40.81573035100013],[26.451669536000168,40.81593485300016],[26.45244863700009,40.816447058000506],[26.453400796000096,40.81657245500031],[26.45411730900014,40.81699942300014],[26.454284156000142,40.81744797800019],[26.46009499700017,40.81798937800022],[26.46254656500014,40.81804388600011],[26.462675691000186,40.818153730000176],[26.464209075000042,40.821287818000144],[26.46690408600017,40.82449363900059],[26.468631793000043,40.82586636300016],[26.47145902500006,40.82701741800042],[26.47141341700018,40.82714534400003],[26.470061360000102,40.82761187600005],[26.46747736399999,40.82974876600014],[26.467921621000073,40.830796083000166],[26.470659209000132,40.83332817900009],[26.473220618000028,40.83456961900009],[26.47416920600017,40.83537494100011],[26.474402340000097,40.83707532900013],[26.476454394000086,40.83994267800017],[26.482680744000106,40.844551577000004],[26.48357823600014,40.84610722500065],[26.48256124600016,40.84660570100033],[26.481172091000076,40.84758625100028],[26.481141196000067,40.84769052300038],[26.482659114000114,40.848359774000244],[26.483000891000017,40.84869026600023],[26.48720908900009,40.85388194699999],[26.48709082700003,40.85409880000009]]],"type":"Polygon"}},{"type":"Feature","properties":{"area_id":"TR-22-004-21205","name_tr":"Kurtuluş","area_level":"neighbourhood","parent_id":"TR-22-004","endeksa_id":21205},"geometry":{"coordinates":[[[26.421582477000072,40.85292812500012],[26.42137493500013,40.85410989800016],[26.421034195000175,40.85470572400004],[26.41514084000005,40.86364182700004],[26.41397386700004,40.87016046400015],[26.413814005000177,40.87024244300045],[26.41128001200019,40.869774829000164],[26.392281368000113,40.86358132400005],[26.382651982000084,40.85942854800004],[26.38248999800004,40.85945198900026],[26.382485694000025,40.85957522000007],[26.382366660000116,40.85945505600006],[26.38194567400012,40.8583450480001],[26.380109817000175,40.8565502620001],[26.37838804800009,40.85583430800034],[26.377920664000158,40.85479709300023],[26.377214404000142,40.853997006000554],[26.377065666000078,40.85340143700057],[26.376230928000098,40.85293817900043],[26.376209016000075,40.84948209100014],[26.375720757000124,40.847534704],[26.375369081000144,40.84686904200004],[26.37537556600006,40.845579866000094],[26.376152233000084,40.8450668160001],[26.37982789500012,40.841999017000376],[26.379726960000028,40.84161109700011],[26.379298058000074,40.84100747400049],[26.376731074000134,40.83765281800004],[26.375405791000162,40.83621740600029],[26.374750141000106,40.83504667200009],[26.377430546000085,40.83121099600015],[26.37970998800006,40.829437218000294],[26.380843157791787,40.828361622213606],[26.380811567374792,40.82847034930245],[26.380905914235598,40.828555756417074],[26.381275091000134,40.828516653000065],[26.38127583300019,40.82837409000041],[26.381488125000146,40.828522863000046],[26.383238082000105,40.82908488900051],[26.383757494000065,40.82939268700022],[26.384567661000062,40.829970507999974],[26.38518421100008,40.83101655900015],[26.38644891199999,40.83173268200011],[26.38758055700015,40.83191597200005],[26.389112260000104,40.831614143000024],[26.389651750000155,40.83185315900005],[26.394320241000173,40.835273838000376],[26.395008904000065,40.83534520700033],[26.395566342000166,40.83514012600017],[26.39599831999999,40.83488380699998],[26.396721172000127,40.83391529600004],[26.397855947000153,40.83341100600006],[26.39939361500018,40.83367192700007],[26.40285429300019,40.83597846400005],[26.404689246000032,40.836051329000156],[26.40705258600019,40.8352384330002],[26.409375014000148,40.835948088000066],[26.413072539000098,40.835346077000224],[26.41300430300015,40.83546424100041],[26.418143595000117,40.84826174000011],[26.421594662000075,40.852702094000165],[26.421582477000072,40.85292812500012]]],"type":"Polygon"}},{"type":"Feature","properties":{"area_id":"TR-22-004-2011138","name_tr":"Kumdere Köyü","area_level":"neighbourhood","parent_id":"TR-22-004","endeksa_id":2011138},"geometry":{"coordinates":[[[26.39186789400003,40.87453213700064],[26.390334229000075,40.8753871400001],[26.388601634000167,40.87581699800046],[26.388214360000063,40.87626366700056],[26.386617727000043,40.87625284100005],[26.38606464500009,40.87747669100003],[26.385307002000047,40.877794829000095],[26.38443176800007,40.8798815400005],[26.382651322000015,40.880066492000026],[26.380672554000114,40.878905084000166],[26.378034981999974,40.878592955000045],[26.37748732000017,40.87836708300051],[26.376392350000174,40.87783160500044],[26.372919568000043,40.87546196500011],[26.372306931000082,40.87563594200003],[26.371910149000087,40.8760349690001],[26.371223786000087,40.876134096000044],[26.36854330300008,40.8741901300005],[26.36837258900016,40.87422942100011],[26.36810374800001,40.87478830499998],[26.36748213100003,40.8747683950001],[26.367016230000104,40.874428250000165],[26.36596981400004,40.87411185500014],[26.364655516000028,40.87316636200035],[26.363294894000035,40.87314285400004],[26.361650077000093,40.87194875200032],[26.36052325474043,40.870489302922465],[26.360630000000185,40.87043000000028],[26.360570000000166,40.86726000000033],[26.35783000000015,40.86372000000017],[26.352730000000065,40.8565300000007],[26.349700000000155,40.85200000000037],[26.348860000000116,40.849860000000206],[26.348000000000184,40.84864000000016],[26.347370000000126,40.84804000000025],[26.346920000000182,40.846760000000245],[26.347090000000037,40.84642000000014],[26.347530000000233,40.84387000000004],[26.34668000000005,40.842240000000174],[26.34395000000012,40.8391900000002],[26.34265000000005,40.836820000000046],[26.34247000000005,40.83584000000013],[26.34269000000012,40.83557000000019],[26.34404000000012,40.836140000000455],[26.34587000000016,40.837500000000034],[26.346730000000093,40.838680000000295],[26.347710000000177,40.83916000000022],[26.34847000000019,40.838240000000155],[26.34686000000022,40.836140000000455],[26.345700000000136,40.8348500000003],[26.344530000000134,40.83333000000033],[26.34265000000005,40.8311300000002],[26.341260000000148,40.830350000000294],[26.340320000000133,40.829330000000084],[26.339380000000176,40.828110000000265],[26.33732000000009,40.8272300000001],[26.334760000000188,40.82628000000034],[26.332700000000102,40.826350000000446],[26.331200000000138,40.825640000000135],[26.33069000000006,40.82448000000011],[26.33060000000006,40.82360000000028],[26.33091000000013,40.82255000000009],[26.33190000000019,40.82252000000045],[26.333060000000046,40.82336000000032],[26.33472000000006,40.82346000000007],[26.334360000000117,40.82265000000041],[26.333690000000104,40.82184000000035],[26.334090000000174,40.82160000000039],[26.33624000000009,40.8223500000006],[26.338300000000174,40.82268000000022],[26.338480000000118,40.822110000000634],[26.334630000000118,40.820210000000316],[26.332880000000046,40.8198000000001],[26.33203000000009,40.818850000000225],[26.330640000000187,40.818580000000054],[26.328850000000045,40.81838000000039],[26.327060000000074,40.818480000000136],[26.32535573037171,40.81875263773475],[26.325021798000023,40.816662226000005],[26.324564353000085,40.815704371000606],[26.322865707000062,40.81469070700007],[26.320204752000052,40.814459888000044],[26.31777744800013,40.81401316800003],[26.31768504000013,40.813941162000106],[26.31763933400009,40.81360640500003],[26.31486648100008,40.81142146300044],[26.31482562700006,40.81125651500065],[26.318667838000124,40.81066092400016],[26.335735614999976,40.79801336900039],[26.338379201000066,40.80053683300014],[26.338908990000107,40.79996125399998],[26.338271672000133,40.80219906000059],[26.34024620000008,40.80525672000027],[26.34563403200019,40.807190124000044],[26.345907808000106,40.807823592000204],[26.347693112,40.80912608300059],[26.35044732800003,40.81241041300001],[26.35408124000014,40.81417823300012],[26.35578627200016,40.816627699000264],[26.356172971999968,40.816633287],[26.35726561900009,40.81823579799999],[26.357545278000032,40.818229397000096],[26.358137971000133,40.81894820200068],[26.358275088000028,40.819024998000145],[26.358668994000084,40.81888637500009],[26.360132157000123,40.81817020000011],[26.364712767000015,40.820500590000165],[26.365057014000172,40.82044620100055],[26.365874345000066,40.82065676900021],[26.36638666200008,40.821352185000194],[26.36735300099997,40.82184381200028],[26.37377751600019,40.821965535000174],[26.37446026000015,40.825898021000114],[26.376104076000104,40.825867327000026],[26.37678052600012,40.82606662300003],[26.377096351000034,40.82664699800068],[26.377683468000043,40.82692098800044],[26.379442113000152,40.827022340000156],[26.381024901000046,40.82818911300029],[26.37970998800006,40.829437218000294],[26.377430546000085,40.83121099600015],[26.374750141000106,40.83504667200009],[26.375405791000162,40.83621740600029],[26.376731074000134,40.83765281800004],[26.379298058000074,40.84100747400049],[26.379726960000028,40.84161109700011],[26.37982789500012,40.841999017000376],[26.376152233000084,40.8450668160001],[26.37537556600006,40.845579866000094],[26.375369081000144,40.84686904200004],[26.375720757000124,40.847534704],[26.376209016000075,40.84948209100014],[26.376230928000098,40.85293817900043],[26.377065666000078,40.85340143700057],[26.377214404000142,40.853997006000554],[26.377920664000158,40.85479709300023],[26.37838804800009,40.85583430800034],[26.380109817000175,40.8565502620001],[26.38194567400012,40.8583450480001],[26.382366660000116,40.85945505600006],[26.382485694000025,40.85957522000007],[26.38248999800004,40.85945198900026],[26.382651982000084,40.85942854800004],[26.38365602800002,40.859861555000066],[26.383946182000045,40.862843872000155],[26.38650887000017,40.86395731499999],[26.389194359000044,40.86980305500015],[26.38967062300003,40.8699802750001],[26.38989562800009,40.87067297500005],[26.39003854100008,40.87080050500026],[26.38976684400012,40.87104923400068],[26.391135885000153,40.87402934500011],[26.39186789400003,40.87453213700064]]],"type":"Polygon"}},{"type":"Feature","properties":{"area_id":"TR-22-004-21208","name_tr":"Fevzi Çakmak","area_level":"neighbourhood","parent_id":"TR-22-004","endeksa_id":21208},"geometry":{"coordinates":[[[26.251326478000124,40.88535697400039],[26.250933122000106,40.883583221000265],[26.249665778000065,40.88152823400014],[26.246460756999966,40.881968418000326],[26.24365695600011,40.88329548300044],[26.24102819100011,40.884151212999996],[26.239675197000054,40.885251552],[26.237597383000093,40.88521830200028],[26.235231786000043,40.88628386400052],[26.232306537,40.886182125000175],[26.231330185000047,40.885904643000174],[26.229755834000116,40.885020911000026],[26.22863884800006,40.883574635000116],[26.22810485300016,40.88316453400017],[26.22746859500012,40.88274849800007],[26.226754320000055,40.88267108700029],[26.226283978000083,40.88292495100018],[26.224672502000146,40.885475332000055],[26.22454279200008,40.886182162000125],[26.224778028000173,40.88685330800001],[26.225371345000156,40.887667481000335],[26.22579047900018,40.88786874900029],[26.226496193000116,40.887817084000005],[26.22813285699999,40.886861212000326],[26.22972839400012,40.88702559899997],[26.229953852000108,40.88842846500006],[26.22978298000004,40.88934869200011],[26.229353172000174,40.89031333300005],[26.22914864300003,40.891538697000044],[26.228320565000104,40.89210401800051],[26.226585899999975,40.89204889200039],[26.22451587900008,40.89132648900039],[26.222017994000055,40.88967377500006],[26.22085183200005,40.88675084400006],[26.22059391000016,40.88473340600012],[26.220853416000182,40.88340460600017],[26.22410379600018,40.87492595800063],[26.224103798000158,40.8718280220001],[26.223504715000047,40.87019095500045],[26.22329443200016,40.86743816800015],[26.22283593300017,40.86648688900004],[26.22189218000011,40.86584714200012],[26.220798830000092,40.865563138000084],[26.216874695,40.86535670500018],[26.214637759000027,40.86579837600004],[26.212378551000143,40.866629993000515],[26.2084819480001,40.866629617000115],[26.206508697000118,40.866144996000116],[26.205391934000033,40.865123581000034],[26.205311500000107,40.863920795000354],[26.206419125000025,40.86219007100033],[26.20694360100009,40.86074670500045],[26.207319231000042,40.860145257000056],[26.20846808000016,40.859253445000036],[26.209086678000176,40.859040672000106],[26.210614675000045,40.85899027000016],[26.212537870999995,40.85940723400006],[26.213368312000057,40.859252356000354],[26.21346728499998,40.85857541900003],[26.213158670000155,40.8581011210004],[26.213058364000176,40.85719556900011],[26.21457256300016,40.85420533200056],[26.214604772000087,40.85346993100001],[26.214279659000056,40.853042723000044],[26.21333828900015,40.853038132999984],[26.212137499000107,40.85348618100011],[26.209853092000174,40.853890089000174],[26.206875540000055,40.85507936900012],[26.205592682000088,40.85508248100007],[26.205210519000047,40.85473260900022],[26.204349520000108,40.85159506800005],[26.204350949000116,40.848332965000054],[26.204685076000146,40.84723930900003],[26.206352487000174,40.84604123800011],[26.207399708000082,40.84599697100009],[26.2080122160001,40.84618986400011],[26.209233461000167,40.84752192600001],[26.210571680000157,40.8478837080001],[26.21417280300011,40.84757294700006],[26.21583545499999,40.84707105200005],[26.217051233000063,40.845366726000066],[26.21739713400018,40.84449284400057],[26.217342613000028,40.84393342900006],[26.216944060000174,40.843067432000225],[26.215679959000113,40.84199229000012],[26.215506743000162,40.84061019800015],[26.213948056000106,40.839997090000054],[26.213601699000094,40.839545173000204],[26.21414273700009,40.83867350200029],[26.21457938300017,40.838414363000254],[26.21797004700005,40.83724490800057],[26.218914801000096,40.836737905999996],[26.220127989000105,40.835401289000174],[26.21990713700012,40.833995825000045],[26.219215888000008,40.83366307000017],[26.218355075000147,40.83361146900023],[26.214740973000062,40.83397285800038],[26.212191641000175,40.83561673000014],[26.21146579400005,40.83573667100006],[26.210527316000025,40.83553375200006],[26.20872238600009,40.832888245000106],[26.20858292900016,40.831573628000285],[26.209594772000116,40.8289815960004],[26.20964641000012,40.828310273],[26.20937859300011,40.82738493100004],[26.208939413000166,40.826986417000114],[26.207649936000166,40.826486020000175],[26.206416630000092,40.826698276000116],[26.205356661000053,40.82749716700005],[26.20459934900009,40.82843518400017],[26.203067074000046,40.83125688800004],[26.201595727000097,40.83126249200012],[26.20054497899997,40.83042657000004],[26.200082710000004,40.82923756700018],[26.199769134000178,40.82715247500016],[26.199978188000102,40.82600343600001],[26.201141094000036,40.824360265000394],[26.203338939000048,40.82322804500018],[26.20461214400018,40.82231225900023],[26.20475843300011,40.82183898800008],[26.20464961400006,40.82118384800003],[26.204527564000102,40.82108167700005],[26.205130887000166,40.820112151000444],[26.20675826700017,40.81767307200016],[26.207351567000046,40.817536599000505],[26.218255059,40.821735570000385],[26.225325398000166,40.830726805000154],[26.226249569000174,40.830751250000276],[26.227359697000168,40.830456336000566],[26.23031768000004,40.827240600000096],[26.23551176400008,40.81681097100051],[26.237739767000164,40.81396346900027],[26.246681642000055,40.80949011600006],[26.246855492000066,40.80951229500022],[26.26671451700014,40.828874898000095],[26.30012667400007,40.85253688700027],[26.300395490000085,40.852754528000105],[26.30089859400016,40.85576545100059],[26.30048364400011,40.857787615000575],[26.299215464000156,40.859766240000056],[26.294074369000157,40.866052749000175],[26.29406615706074,40.86667045169645],[26.293380000000127,40.867300000000114],[26.292860000000132,40.86821000000009],[26.291650000000175,40.86929000000009],[26.290840000000117,40.87056000000052],[26.29014000000012,40.871360000000095],[26.289570000000197,40.87220000000036],[26.289110000000164,40.87299000000013],[26.28878000000003,40.8749600000001],[26.28884000000005,40.877210000000105],[26.287002349000147,40.87858403000007],[26.28631166800011,40.878851464000036],[26.267509999250365,40.87974529288272],[26.26744000000008,40.879630000000134],[26.265380000000164,40.87971000000016],[26.263240000000167,40.8802900000004],[26.25181177878386,40.8853553701864],[26.251326478000124,40.88535697400039]]],"type":"Polygon"}},{"type":"Feature","properties":{"area_id":"TR-22-004-21203","name_tr":"Atatürk Esetçe","area_level":"neighbourhood","parent_id":"TR-22-004","endeksa_id":21203},"geometry":{"coordinates":[[[26.45848629213185,40.89663358684925],[26.458258780080882,40.89669923848197],[26.456269442999996,40.89582053800035],[26.45321005500017,40.895352556000034],[26.448629574000165,40.89325346500016],[26.447495331000027,40.89296634800013],[26.445982798000045,40.89286183600018],[26.44327329800001,40.89341397300012],[26.44314538800012,40.89337498000015],[26.44313613600002,40.89326885600008],[26.44436023100019,40.891569054000115],[26.44480390199999,40.88928124],[26.44456515800016,40.88881626000011],[26.442863946000102,40.88762732300006],[26.44260434600011,40.88726215600013],[26.44169700300006,40.88372900600018],[26.439671812000086,40.88181329700001],[26.437753031000057,40.88069347800035],[26.43111198800011,40.87879700200011],[26.414018392999992,40.87198451900019],[26.413805266000054,40.87110511200018],[26.41393918900002,40.870332755000106],[26.413814005000177,40.87024244300045],[26.41397386700004,40.87016046400015],[26.41514084000005,40.86364182700004],[26.421034195000175,40.85470572400004],[26.42137493500013,40.85410989800016],[26.421582477000072,40.85292812500012],[26.421667175000152,40.85284808900008],[26.42180156600017,40.8528693290001],[26.426221877000046,40.856185106000055],[26.42775604100018,40.85692439700006],[26.43268149300019,40.858312115000274],[26.434132392000095,40.859095917000104],[26.436612432000118,40.85935808200003],[26.44333172800009,40.86168940100015],[26.445358847000023,40.86260472200007],[26.445849966000083,40.86270083900013],[26.448106678999977,40.86219320700059],[26.44870295000004,40.8622401180001],[26.451326113999983,40.865171417000624],[26.452994387000103,40.8662625380004],[26.454461945000048,40.866806368000084],[26.45464206200012,40.866962523000495],[26.455556854000122,40.86720978800008],[26.457076257000153,40.8672248010007],[26.45719231600009,40.86732909100027],[26.458558255000014,40.89646497200056],[26.45856027900004,40.89662968000033],[26.45848629213185,40.89663358684925]]],"type":"Polygon"}},{"type":"Feature","properties":{"area_id":"TR-22-004-21204","name_tr":"Cumhuriyet","area_level":"neighbourhood","parent_id":"TR-22-004","endeksa_id":21204},"geometry":{"coordinates":[[[[26.495646677540165,40.869749047439015],[26.49564692700002,40.86974911400034],[26.495895728000182,40.870248674000074],[26.495646677540165,40.869749047439015]]],[[[26.458442685000158,40.89673226900047],[26.458486292131823,40.89663358684916],[26.45856027900011,40.89662968000023],[26.458558254999932,40.896464972000636],[26.457192316000103,40.867329091000215],[26.457402980000275,40.867228545000245],[26.459401827000065,40.86763646999997],[26.461058713000288,40.86714565300018],[26.461484114000083,40.866807387999906],[26.462909687000007,40.86606314800052],[26.470621810999955,40.86611380000014],[26.472508203999986,40.86590875500029],[26.476552958000003,40.86457692900039],[26.477067630000228,40.864220717999984],[26.47984639799997,40.86079803800007],[26.482422202000016,40.85883515599999],[26.484066278000007,40.85618247100006],[26.48664359200014,40.85456630100025],[26.487090827000003,40.85409879999996],[26.487243993000266,40.85406436200016],[26.487479509000195,40.854215844000095],[26.490069249000225,40.85741072900006],[26.492124599999986,40.8587892930003],[26.49241150799995,40.85921346200011],[26.492411767000032,40.859952203000276],[26.492094746000163,40.86070910900011],[26.492236444000252,40.86080817600022],[26.4920186100002,40.860882185000065],[26.491436543000145,40.862249878000014],[26.490708224000162,40.86311088100019],[26.490840666000192,40.863994094000496],[26.491412117000188,40.864437308000056],[26.493309290000145,40.865110650999945],[26.493645167000032,40.865874447000216],[26.494552077999863,40.86680483700034],[26.495572110000236,40.869599454000095],[26.495646677540165,40.869749047439015],[26.495486637000013,40.86970634500016],[26.49420217499996,40.87078056900001],[26.493542987000065,40.87206634500012],[26.492616762000083,40.872995513000035],[26.491139105000148,40.875260037999894],[26.49074500299996,40.876512836000416],[26.488855520999948,40.879161647000146],[26.48710972700024,40.88022395800006],[26.48564094600022,40.88186305900047],[26.480894055000114,40.88325843700047],[26.480140565000234,40.884928436000294],[26.479494469000134,40.88568009200023],[26.478527685000184,40.88664616100037],[26.477245948999958,40.88746492399997],[26.477135116000298,40.888170925000146],[26.477930576999928,40.888961887000065],[26.477752914000046,40.89007112900015],[26.476578366000084,40.890519691000094],[26.47423243100023,40.89089681799994],[26.47370363399991,40.89127307900002],[26.473333642000178,40.89275279200009],[26.473760084000155,40.893972810000044],[26.47353373100026,40.89449937400015],[26.473592633000056,40.895745617000145],[26.474181469000126,40.89617699500001],[26.474500996000174,40.897747380000126],[26.475178753999955,40.89935508600056],[26.47466517600013,40.89978020400017],[26.46834495199984,40.89982469300004],[26.46734374500006,40.899357108000395],[26.466421067000198,40.8983386209999],[26.463503882000204,40.898262163000275],[26.460864371000262,40.89728491000003],[26.458575524000096,40.89683952600049],[26.458442685000158,40.89673226900047]]]],"type":"MultiPolygon"}},{"type":"Feature","properties":{"area_id":"TR-22-004-200281","name_tr":"Fatih","area_level":"neighbourhood","parent_id":"TR-22-004","endeksa_id":200281},"geometry":{"coordinates":[[[26.373177466265986,40.90451377222814],[26.3698500000001,40.90510000000006],[26.364140000000134,40.90643000000034],[26.3626900000001,40.90510000000006],[26.36186000000015,40.904010000000085],[26.361680000000035,40.90043000000071],[26.362150000000156,40.89978000000025],[26.362370000000055,40.89857000000029],[26.361650000000168,40.897440000000074],[26.361000000000047,40.89668000000023],[26.359790000000146,40.89605000000017],[26.359670000000165,40.8960900000003],[26.357720000000086,40.89550000000065],[26.356670000000065,40.89501000000007],[26.356080000000134,40.89443000000023],[26.35606000000007,40.893690000000106],[26.35669000000013,40.8928200000006],[26.358640000000037,40.89052000000072],[26.358680000000106,40.88947000000053],[26.356130000000178,40.888180000000375],[26.354810000000043,40.887740000000235],[26.35430000000008,40.886350000000334],[26.35668000000004,40.8821200000001],[26.356320000000096,40.88097000000016],[26.355690000000152,40.88012000000015],[26.362210000000175,40.87633000000045],[26.361960000000067,40.87555000000003],[26.359360000000095,40.8716500000001],[26.359640000000127,40.87107000000009],[26.36052325474043,40.870489302922465],[26.361650077000093,40.87194875200032],[26.363294894000035,40.87314285400004],[26.364655516000028,40.87316636200035],[26.36596981400004,40.87411185500014],[26.367016230000104,40.874428250000165],[26.36748213100003,40.8747683950001],[26.36810374800001,40.87478830499998],[26.36837258900016,40.87422942100011],[26.36854330300008,40.8741901300005],[26.371223786000087,40.876134096000044],[26.371910149000087,40.8760349690001],[26.372306931000082,40.87563594200003],[26.372919568000043,40.87546196500011],[26.376392350000174,40.87783160500044],[26.37748732000017,40.87836708300051],[26.378034981999974,40.878592955000045],[26.380672554000114,40.878905084000166],[26.382651322000015,40.880066492000026],[26.38443176800007,40.8798815400005],[26.385307002000047,40.877794829000095],[26.38606464500009,40.87747669100003],[26.386617727000043,40.87625284100005],[26.388214360000063,40.87626366700056],[26.388601634000167,40.87581699800046],[26.390334229000075,40.8753871400001],[26.39186789400003,40.87453213700064],[26.391970784000023,40.87440069500025],[26.39321354599997,40.87501921100011],[26.39358794500015,40.87550321300034],[26.39488283100019,40.87624786900017],[26.396015730000045,40.8778206610001],[26.396184309000034,40.87954199400065],[26.397454262000053,40.88170724200006],[26.398464887999978,40.88439562000025],[26.398431122000034,40.88743427000031],[26.397082519000094,40.88795873700013],[26.39721075000017,40.88859859700028],[26.397841358000107,40.888932754000166],[26.397855916000083,40.890772097000195],[26.397696711000094,40.89071082500061],[26.39724098200014,40.89090297600006],[26.39189278500004,40.89445619700035],[26.391740564000145,40.894382605000146],[26.391464352000014,40.89304683700027],[26.387358567000035,40.89245589300003],[26.386719811000148,40.89450127499998],[26.385975326999983,40.89532453800052],[26.385608858000126,40.89549646900008],[26.381415833000062,40.89863842500017],[26.381093555000007,40.89902697000008],[26.38077421000014,40.89911921200007],[26.378950627000165,40.900422526000625],[26.378918131000148,40.90075993100021],[26.377210919000106,40.90098040200024],[26.37679500500019,40.90366015000063],[26.375422894000053,40.90369267200015],[26.373556933000145,40.903056382000045],[26.373103644000025,40.90373793600014],[26.373177466265986,40.90451377222814]]],"type":"Polygon"}},{"type":"Feature","properties":{"area_id":"TR-22-004-2011140","name_tr":"Paşaköy Köyü","area_level":"neighbourhood","parent_id":"TR-22-004","endeksa_id":2011140},"geometry":{"coordinates":[[[26.354075334961692,40.9422126180005],[26.353773060000208,40.94241848100023],[26.351968798000314,40.94245877900016],[26.349552161000304,40.94283570100009],[26.348142282000254,40.94328011200054],[26.337215097000353,40.94358951800001],[26.330957292000335,40.94424238100066],[26.32847152400035,40.943986939000126],[26.3257547730002,40.9431241380006],[26.320969736000336,40.94104841699999],[26.320480670000165,40.940923409000675],[26.314737371000206,40.937419373000296],[26.311196590000293,40.934682299000315],[26.309153525000227,40.931873936000386],[26.30730888300002,40.92971262499998],[26.305348122000055,40.92825652800008],[26.30425822800032,40.92784147900028],[26.3008978590002,40.92768658300025],[26.298862828000267,40.92825580800036],[26.296301853000045,40.92991091100009],[26.294461943000215,40.932106747000375],[26.293111120000276,40.93282462200017],[26.291113531999997,40.93277569300011],[26.286096374000238,40.930949806000115],[26.28583399900026,40.930435380000006],[26.285790511000243,40.929859430000135],[26.284947599000134,40.929558461000056],[26.285346743000275,40.92644016600025],[26.28466486300033,40.92479378500036],[26.28466653000021,40.923665559000256],[26.285262700000317,40.92204282400053],[26.28611775100029,40.92126528200032],[26.287004611000327,40.91961015900006],[26.288547954000194,40.91771246200017],[26.290110066000295,40.91663452900042],[26.294244743000206,40.911966141000335],[26.295637208000187,40.90947325600075],[26.29771212200012,40.90752552500027],[26.299076597000294,40.90651058500049],[26.301669107000066,40.9035717120006],[26.29723722100033,40.897972906999996],[26.296542460000353,40.89739140400047],[26.29572088900011,40.89635003700005],[26.289868091000073,40.89334566600007],[26.274749129000043,40.894418029000065],[26.27358096300003,40.89532255900008],[26.272670745000198,40.897277750000114],[26.27125556200008,40.89799774300013],[26.26951512900007,40.898470800999974],[26.265737173000105,40.90139613400004],[26.26392922399998,40.90630555000013],[26.263866275000055,40.91371434500002],[26.263174706000257,40.91379581300038],[26.262547755000355,40.914346407000096],[26.261443691000295,40.914769002000696],[26.26090348300022,40.91464897200018],[26.25754747400009,40.91183899600003],[26.256154790000153,40.91024121700008],[26.253211839000244,40.90500392500053],[26.252531435000265,40.903094388],[26.252376170000332,40.89605921500032],[26.252037386000325,40.89337314700009],[26.251360953000244,40.89031200700083],[26.251326478000124,40.88535697400039],[26.25181177878386,40.8853553701864],[26.263240000000167,40.8802900000004],[26.265380000000164,40.87971000000016],[26.26744000000008,40.879630000000134],[26.267509999250365,40.87974529288272],[26.28631166800011,40.878851464000036],[26.287002349000147,40.87858403000007],[26.28884000000005,40.877210000000105],[26.28878000000003,40.8749600000001],[26.289110000000164,40.87299000000013],[26.289570000000197,40.87220000000036],[26.29014000000012,40.871360000000095],[26.290840000000117,40.87056000000052],[26.291650000000175,40.86929000000009],[26.292860000000132,40.86821000000009],[26.293380000000127,40.867300000000114],[26.29406615706074,40.86667045169645],[26.294074369000157,40.866052749000175],[26.299215464000156,40.859766240000056],[26.30048364400011,40.857787615000575],[26.30089859400016,40.85576545100059],[26.300395490000085,40.852754528000105],[26.30012667400007,40.85253688700027],[26.300344092000103,40.85248163000023],[26.30027636000017,40.85149217000043],[26.300439176830764,40.850842043715886],[26.299910000000068,40.84968000000026],[26.300280000000157,40.84946000000036],[26.29990000000015,40.84892000000059],[26.300720000000126,40.84861000000052],[26.300420000000145,40.84822000000025],[26.30087000000009,40.84802000000019],[26.30170000000004,40.847910000000184],[26.302620000000104,40.847070000000315],[26.305330000000197,40.84662000000071],[26.3063200000002,40.846080000000086],[26.307690000000036,40.8445700000002],[26.308000000000106,40.844040000000405],[26.30895000000004,40.84285000000017],[26.310540000000117,40.84139000000016],[26.31226000000015,40.84012000000007],[26.314700000000073,40.83757000000014],[26.3190800000001,40.83374000000015],[26.31973000000005,40.83303000000035],[26.31942000000015,40.83280000000036],[26.31972000000013,40.832420000000354],[26.32034827492555,40.832617949634255],[26.320370000000082,40.83054000000038],[26.321071520000032,40.82724033000039],[26.32100000000014,40.82378000000028],[26.32533753700011,40.81866579400008],[26.32535573037171,40.81875263773475],[26.327060000000074,40.818480000000136],[26.328850000000045,40.81838000000039],[26.330640000000187,40.818580000000054],[26.33203000000009,40.818850000000225],[26.332880000000046,40.8198000000001],[26.334630000000118,40.820210000000316],[26.338480000000118,40.822110000000634],[26.338300000000174,40.82268000000022],[26.33624000000009,40.8223500000006],[26.334090000000174,40.82160000000039],[26.333690000000104,40.82184000000035],[26.334360000000117,40.82265000000041],[26.33472000000006,40.82346000000007],[26.333060000000046,40.82336000000032],[26.33190000000019,40.82252000000045],[26.33091000000013,40.82255000000009],[26.33060000000006,40.82360000000028],[26.33069000000006,40.82448000000011],[26.331200000000138,40.825640000000135],[26.332700000000102,40.826350000000446],[26.334760000000188,40.82628000000034],[26.33732000000009,40.8272300000001],[26.339380000000176,40.828110000000265],[26.340320000000133,40.829330000000084],[26.341260000000148,40.830350000000294],[26.34265000000005,40.8311300000002],[26.344530000000134,40.83333000000033],[26.345700000000136,40.8348500000003],[26.34686000000022,40.836140000000455],[26.34847000000019,40.838240000000155],[26.347710000000177,40.83916000000022],[26.346730000000093,40.838680000000295],[26.34587000000016,40.837500000000034],[26.34404000000012,40.836140000000455],[26.34269000000012,40.83557000000019],[26.34247000000005,40.83584000000013],[26.34265000000005,40.836820000000046],[26.34395000000012,40.8391900000002],[26.34668000000005,40.842240000000174],[26.347530000000233,40.84387000000004],[26.347090000000037,40.84642000000014],[26.346920000000182,40.846760000000245],[26.347370000000126,40.84804000000025],[26.348000000000184,40.84864000000016],[26.348860000000116,40.849860000000206],[26.349700000000155,40.85200000000037],[26.352730000000065,40.8565300000007],[26.35783000000015,40.86372000000017],[26.360570000000166,40.86726000000033],[26.360630000000185,40.87043000000028],[26.36052325474043,40.870489302922465],[26.359640000000127,40.87107000000009],[26.359360000000095,40.8716500000001],[26.361960000000067,40.87555000000003],[26.362210000000175,40.87633000000045],[26.355690000000152,40.88012000000015],[26.356320000000096,40.88097000000016],[26.35668000000004,40.8821200000001],[26.35430000000008,40.886350000000334],[26.354810000000043,40.887740000000235],[26.356130000000178,40.888180000000375],[26.358680000000106,40.88947000000053],[26.358640000000037,40.89052000000072],[26.35669000000013,40.8928200000006],[26.35606000000007,40.893690000000106],[26.356080000000134,40.89443000000023],[26.356670000000065,40.89501000000007],[26.357720000000086,40.89550000000065],[26.359670000000165,40.8960900000003],[26.359790000000146,40.89605000000017],[26.361000000000047,40.89668000000023],[26.361650000000168,40.897440000000074],[26.362370000000055,40.89857000000029],[26.362150000000156,40.89978000000025],[26.361680000000035,40.90043000000071],[26.357090000000028,40.9036000000001],[26.351840000000152,40.905240000000106],[26.3500200000002,40.90662000000003],[26.33342000000016,40.92334000000005],[26.335020000000043,40.9261400000006],[26.336960000000147,40.92830000000026],[26.34574000000009,40.93153000000035],[26.350990000000138,40.9346700000001],[26.353810000000067,40.936190000000124],[26.35804000000013,40.939130000000375],[26.354075334961692,40.9422126180005]]],"type":"Polygon"}},{"type":"Feature","properties":{"area_id":"TR-22-004-21199","name_tr":"Bozkurt","area_level":"neighbourhood","parent_id":"TR-22-004","endeksa_id":21199},"geometry":{"coordinates":[[[26.391945913675897,40.894420899510976],[26.39724098200014,40.89090297600006],[26.397696711000094,40.89071082500061],[26.397855916000083,40.890772097000195],[26.39802033000018,40.89125439600019],[26.39896972400004,40.89310554600024],[26.399150118000023,40.893211277000376],[26.39972961300009,40.89416978000037],[26.400208058000146,40.89433329600007],[26.400830665000058,40.89419626000006],[26.402630930999976,40.89525141100006],[26.40352624400009,40.895590653000056],[26.403547635000166,40.8956642010001],[26.403392608000047,40.89569783700006],[26.40360226100006,40.89585202400065],[26.401762115000054,40.89605160900055],[26.40394808500008,40.89790352700015],[26.403661758000112,40.89803414200003],[26.404468516000065,40.89883048799999],[26.40451096000004,40.898976421999976],[26.404771296000092,40.89912936000002],[26.407147093000106,40.90149305900047],[26.407130461000122,40.90162688600009],[26.406960203999972,40.901708802000144],[26.400687071999982,40.90450109500017],[26.399996833338946,40.905032316542474],[26.39956000000018,40.90541000000064],[26.399000000000058,40.90673000000044],[26.397280000000194,40.90845000000013],[26.396900000000187,40.90916000000027],[26.39612000000011,40.909580000000346],[26.395290000000045,40.91182000000026],[26.3946600000001,40.91233000000051],[26.393180000000086,40.91402000000039],[26.392420000000072,40.91519000000039],[26.389810000000125,40.91706000000039],[26.388730000000123,40.918010000000095],[26.388250000000028,40.91796000000022],[26.38828000000018,40.918290000000525],[26.386620000000164,40.91960000000023],[26.386400000000037,40.91963000000055],[26.385780000000068,40.91932000000048],[26.385480000000143,40.919740000000274],[26.385110000000054,40.91963000000055],[26.38459000000006,40.91930000000025],[26.38441000000006,40.9197300000003],[26.384020000000135,40.92011000000048],[26.38363000000004,40.92029000000008],[26.383340000000203,40.919310000000394],[26.383070000000032,40.918940000000305],[26.38292000000007,40.91901000000041],[26.38261000000017,40.918810000000235],[26.38187000000005,40.91774000000049],[26.380430000000104,40.916520000000446],[26.379910000000052,40.91624000000019],[26.377210000000105,40.911840000000325],[26.37657990939948,40.91073893258687],[26.377552362000017,40.91027296600015],[26.378078857000162,40.91009433400012],[26.37843612100005,40.90984048800004],[26.37880278700004,40.90953023200012],[26.379141249000156,40.90929518900015],[26.37982757200018,40.90906014700005],[26.380701930000043,40.90902254000008],[26.380955776000064,40.908975532000056],[26.38093697300002,40.908637071000044],[26.380748939000114,40.90822339600004],[26.380391674000123,40.907875533000094],[26.381341245999977,40.90723621800004],[26.382168595000167,40.90669091900014],[26.382572868000125,40.90577895500019],[26.382977141000083,40.904443914000126],[26.383447226000158,40.90338152200013],[26.384396797000136,40.903550752000115],[26.387301922000063,40.90258237800009],[26.387442947000125,40.902394344000186],[26.387471152000046,40.901802037000095],[26.387567520000005,40.899381100000085],[26.386877083000172,40.8984996910001],[26.38884556300019,40.89701598500005],[26.3892421970001,40.89647245000015],[26.39194518500011,40.89443051800009],[26.391945913675897,40.894420899510976]]],"type":"Polygon"}},{"type":"Feature","properties":{"area_id":"TR-22-004-2011142","name_tr":"Sarpdere Köyü","area_level":"neighbourhood","parent_id":"TR-22-004","endeksa_id":2011142},"geometry":{"coordinates":[[[26.441714687000115,40.920884192000585],[26.437600044000135,40.92175381800024],[26.43110804300005,40.91988267500005],[26.423394741000095,40.91996310800005],[26.42342635200015,40.91786355800059],[26.421138423000116,40.91715479800007],[26.421715929000072,40.91965901100019],[26.42163418100006,40.919766258000095],[26.41949364900006,40.919942986000194],[26.415198835000183,40.91929890000051],[26.414462274000073,40.91935035500006],[26.41435637799998,40.91923549700033],[26.414563618000102,40.918339063000076],[26.414214372000174,40.91791949300051],[26.413688975000127,40.91765986400026],[26.411274122000066,40.91729120400066],[26.40936766200008,40.915501166000524],[26.409242754000047,40.915467613000146],[26.408794934000127,40.915614714000185],[26.408084109000185,40.917670879000184],[26.407351198680544,40.918287966976095],[26.399996833338946,40.905032316542474],[26.400687071999982,40.90450109500017],[26.406960203999972,40.901708802000144],[26.407130461000122,40.90162688600009],[26.407147093000106,40.90149305900047],[26.404771296000092,40.89912936000002],[26.40451096000004,40.898976421999976],[26.404468516000065,40.89883048799999],[26.403661758000112,40.89803414200003],[26.40394808500008,40.89790352700015],[26.401762115000054,40.89605160900055],[26.40360226100006,40.89585202400065],[26.403392608000047,40.89569783700006],[26.403547635000166,40.8956642010001],[26.40352624400009,40.895590653000056],[26.402630930999976,40.89525141100006],[26.400830665000058,40.89419626000006],[26.400208058000146,40.89433329600007],[26.39972961300009,40.89416978000037],[26.399150118000023,40.893211277000376],[26.39896972400004,40.89310554600024],[26.39802033000018,40.89125439600019],[26.397855916000083,40.890772097000195],[26.397841358000107,40.888932754000166],[26.39721075000017,40.88859859700028],[26.397082519000094,40.88795873700013],[26.398431122000034,40.88743427000031],[26.398464887999978,40.88439562000025],[26.397454262000053,40.88170724200006],[26.396184309000034,40.87954199400065],[26.396015730000045,40.8778206610001],[26.39488283100019,40.87624786900017],[26.39358794500015,40.87550321300034],[26.39321354599997,40.87501921100011],[26.391970784000023,40.87440069500025],[26.39186789400003,40.87453213700064],[26.391135885000153,40.87402934500011],[26.38976684400012,40.87104923400068],[26.39003854100008,40.87080050500026],[26.38989562800009,40.87067297500005],[26.38967062300003,40.8699802750001],[26.389194359000044,40.86980305500015],[26.38650887000017,40.86395731499999],[26.383946182000045,40.862843872000155],[26.38365602800002,40.859861555000066],[26.392281368000113,40.86358132400005],[26.41128001200019,40.869774829000164],[26.413814005000177,40.87024244300045],[26.41393918900002,40.870332755000106],[26.413805266000054,40.87110511200018],[26.414018392999992,40.87198451900019],[26.43111198800011,40.87879700200011],[26.437753031000057,40.88069347800035],[26.439671812000086,40.88181329700001],[26.44169700300006,40.88372900600018],[26.44260434600011,40.88726215600013],[26.442863946000102,40.88762732300006],[26.44456515800016,40.88881626000011],[26.44480390199999,40.88928124],[26.44436023100019,40.891569054000115],[26.44302715000009,40.89342002800015],[26.442934386000047,40.89403975400012],[26.44302875700015,40.89458112500006],[26.442851770000118,40.89459169000014],[26.443078578999973,40.894866934000675],[26.44311663800005,40.895085265000034],[26.444566393000173,40.89778685000033],[26.444089899000176,40.89801162000009],[26.445713260000105,40.89903512900014],[26.446276918000024,40.89963267000064],[26.445760235000023,40.90001154700013],[26.44655410200005,40.9014909010001],[26.44634678800014,40.90158865000012],[26.448554470000033,40.90521854100052],[26.443642137000097,40.90301765900017],[26.443052783000155,40.907401170000185],[26.440915355000072,40.90690662200012],[26.442323893000093,40.91077397600037],[26.44064805800008,40.911569236000446],[26.440937204000193,40.917113058000155],[26.442377792000173,40.92074404500045],[26.441714687000115,40.920884192000585]]],"type":"Polygon"}},{"type":"Feature","properties":{"area_id":"TR-22-004-21198","name_tr":"Bayrambey","area_level":"neighbourhood","parent_id":"TR-22-004","endeksa_id":21198},"geometry":{"coordinates":[[[26.353230000000053,40.932070000000294],[26.35291000000018,40.932540000000074],[26.353810000000067,40.936190000000124],[26.350990000000138,40.9346700000001],[26.34574000000009,40.93153000000035],[26.336960000000147,40.92830000000026],[26.335020000000043,40.9261400000006],[26.33342000000016,40.92334000000005],[26.3500200000002,40.90662000000003],[26.351840000000152,40.905240000000106],[26.357090000000028,40.9036000000001],[26.361680000000035,40.90043000000071],[26.36186000000015,40.904010000000085],[26.3626900000001,40.90510000000006],[26.364140000000134,40.90643000000034],[26.3698500000001,40.90510000000006],[26.37325000000004,40.90450000000067],[26.374050000000125,40.90615000000008],[26.374320000000125,40.90640000000013],[26.374240000000043,40.90665000000024],[26.377210000000105,40.911840000000325],[26.379910000000052,40.91624000000019],[26.380430000000104,40.916520000000446],[26.38187000000005,40.91774000000049],[26.38261000000017,40.918810000000235],[26.38292000000007,40.91901000000041],[26.383070000000032,40.918940000000305],[26.383340000000203,40.919310000000394],[26.38363000000004,40.92029000000008],[26.384020000000135,40.92011000000048],[26.384540000000186,40.92109000000005],[26.384290000000078,40.921130000000346],[26.383500000000083,40.9215600000004],[26.383575040688243,40.92182681135648],[26.383341071881603,40.921652741103344],[26.383044781509284,40.92174128262235],[26.383160000000032,40.92162000000036],[26.378990000000158,40.92009000000024],[26.3780000000001,40.91964000000013],[26.377360000000124,40.91913000000039],[26.37545000000017,40.91790000000026],[26.37400000000008,40.916710000000535],[26.372540000000072,40.91617000000008],[26.370600000000138,40.9157400000002],[26.365870000000143,40.915500000000065],[26.36405000000019,40.91617000000008],[26.362620000000163,40.916430000000105],[26.36071000000004,40.915840000000344],[26.359370000000183,40.9152600000001],[26.358400000000074,40.91647000000057],[26.35361000000023,40.92084000000034],[26.351960000000133,40.923900000000174],[26.351960000000133,40.92554000000018],[26.352360000000147,40.92843000000039],[26.353230000000053,40.932070000000294]]],"type":"Polygon"}},{"type":"Feature","properties":{"area_id":"TR-22-004-21202","name_tr":"Saraç İlyas","area_level":"neighbourhood","parent_id":"TR-22-004","endeksa_id":21202},"geometry":{"coordinates":[[[26.407351198680544,40.918287966976095],[26.407430000000147,40.91843000000006],[26.406940000000077,40.918690000000254],[26.404350000000193,40.91933000000006],[26.401410000000112,40.91978000000017],[26.401920000000075,40.9207700000004],[26.401270000000125,40.92103000000003],[26.40048000000013,40.92151000000035],[26.399520000000052,40.92186000000032],[26.399520000000052,40.92200000000054],[26.39515000000017,40.92264000000023],[26.392590000000098,40.92326000000037],[26.390440000000183,40.9238900000006],[26.390160000000094,40.92405000000036],[26.388980000000174,40.92320000000035],[26.38831000000016,40.92309000000034],[26.38810000000018,40.923150000000476],[26.388270000000034,40.923460000000546],[26.38822000000016,40.923590000000104],[26.387710000000084,40.9236300000004],[26.387500000000102,40.92384000000004],[26.385480000000143,40.92362000000031],[26.384860000000174,40.92322000000058],[26.384460000000104,40.923710000000085],[26.384260000000097,40.92423000000031],[26.38366000000019,40.92395000000005],[26.382990000000177,40.924760000000106],[26.382000000000176,40.92564000000044],[26.38103000000018,40.9266700000004],[26.37954000000019,40.926130000000114],[26.3812200000001,40.92415000000011],[26.382450000000063,40.92332000000033],[26.383740000000046,40.922780000000046],[26.383575040688243,40.92182681135648],[26.383500000000083,40.9215600000004],[26.384290000000078,40.921130000000346],[26.384540000000186,40.92109000000005],[26.384020000000135,40.92011000000048],[26.38441000000006,40.9197300000003],[26.38459000000006,40.91930000000025],[26.385110000000054,40.91963000000055],[26.385480000000143,40.919740000000274],[26.385780000000068,40.91932000000048],[26.386400000000037,40.91963000000055],[26.386620000000164,40.91960000000023],[26.38828000000018,40.918290000000525],[26.388250000000028,40.91796000000022],[26.388730000000123,40.918010000000095],[26.389810000000125,40.91706000000039],[26.392420000000072,40.91519000000039],[26.393180000000086,40.91402000000039],[26.3946600000001,40.91233000000051],[26.395290000000045,40.91182000000026],[26.39612000000011,40.909580000000346],[26.396900000000187,40.90916000000027],[26.397280000000194,40.90845000000013],[26.399000000000058,40.90673000000044],[26.39956000000018,40.90541000000064],[26.399996833338946,40.905032316542474],[26.407351198680544,40.918287966976095]]],"type":"Polygon"}},{"type":"Feature","properties":{"area_id":"TR-22-004-2011133","name_tr":"Hıdırköy Köyü","area_level":"neighbourhood","parent_id":"TR-22-004","endeksa_id":2011133},"geometry":{"coordinates":[[[26.483022050000102,40.93132608500008],[26.477116313000067,40.933086104000495],[26.47400902800007,40.92986797700041],[26.46580110500014,40.93201796200003],[26.45987423500003,40.925383744000555],[26.4561069990001,40.92650527699999],[26.454137572000093,40.92414048300009],[26.446424841000123,40.9226049560005],[26.44538844200008,40.921613575000094],[26.44262738500015,40.92081613200014],[26.441761325000073,40.920977667000045],[26.441714687000115,40.920884192000585],[26.442377792000173,40.92074404500045],[26.440937204000193,40.917113058000155],[26.44064805800008,40.911569236000446],[26.442323893000093,40.91077397600037],[26.440915355000072,40.90690662200012],[26.443052783000155,40.907401170000185],[26.443642137000097,40.90301765900017],[26.448554470000033,40.90521854100052],[26.44634678800014,40.90158865000012],[26.44655410200005,40.9014909010001],[26.445760235000023,40.90001154700013],[26.446276918000024,40.89963267000064],[26.445713260000105,40.89903512900014],[26.444089899000176,40.89801162000009],[26.444566393000173,40.89778685000033],[26.44311663800005,40.895085265000034],[26.443078578999973,40.894866934000675],[26.442851770000118,40.89459169000014],[26.44302875700015,40.89458112500006],[26.442934386000047,40.89403975400012],[26.44302715000009,40.89342002800015],[26.44313613600002,40.89326885600008],[26.44314538800012,40.89337498000015],[26.44327329800001,40.89341397300012],[26.445982798000045,40.89286183600018],[26.447495331000027,40.89296634800013],[26.448629574000165,40.89325346500016],[26.45321005500017,40.895352556000034],[26.456269442999996,40.89582053800035],[26.458258780080882,40.89669923848197],[26.45848629213185,40.89663358684925],[26.45844268500008,40.89673226900038],[26.45857552400014,40.89683952600046],[26.46086437100007,40.897284909999996],[26.463503882000055,40.89826216300031],[26.466421067000113,40.89833862100005],[26.46734374500005,40.8993571080004],[26.468344952000052,40.899824693000085],[26.47466517600003,40.89978020400008],[26.474429576000034,40.90076511300009],[26.475143641000102,40.9020426360002],[26.478873639000142,40.903340267000544],[26.48076242799999,40.9044922650001],[26.485039726000082,40.9067463130001],[26.4853596640001,40.906827182000484],[26.485522680000088,40.9070019200002],[26.48788065600013,40.90824989400011],[26.48802338900009,40.90839161200006],[26.48633409000007,40.90849432500016],[26.486669110000037,40.91027770700043],[26.487786901999982,40.91287506500004],[26.48816717900013,40.914442006000286],[26.49256841800019,40.91283385700018],[26.492124720000106,40.918050940000285],[26.48962338000007,40.91581343700034],[26.48812906200004,40.9160586700001],[26.487841108000055,40.91715784000064],[26.487947868000163,40.918334085000026],[26.488799183000026,40.91907640700049],[26.488605073000087,40.91980572700044],[26.489885727,40.92042739200008],[26.487466154000117,40.92490445100009],[26.48817457900003,40.925374847000114],[26.487721859000033,40.92655761599997],[26.48222831700008,40.92998367300004],[26.483022050000102,40.93132608500008]]],"type":"Polygon"}},{"type":"Feature","properties":{"area_id":"TR-22-004-2011135","name_tr":"Korucu Köyü","area_level":"neighbourhood","parent_id":"TR-22-004","endeksa_id":2011135},"geometry":{"coordinates":[[[26.509886625000036,40.93150251300011],[26.508228285000143,40.93172861600044],[26.505120278000106,40.93173674800005],[26.49843694600014,40.93596265900038],[26.49533538300011,40.93641235700011],[26.4887316490001,40.937559210000586],[26.488720737000108,40.93749217200019],[26.488902969000037,40.933500592000144],[26.48851432300006,40.932191888000034],[26.48711510700008,40.93173327300002],[26.485565531000134,40.93189176300035],[26.485560002000113,40.93183770900032],[26.485184182000125,40.93193076800014],[26.48510634700017,40.93186817400044],[26.485116381000125,40.93201758900028],[26.483136271000035,40.93142969900049],[26.483022050000102,40.93132608500008],[26.48222831700008,40.92998367300004],[26.487721859000033,40.92655761599997],[26.48817457900003,40.925374847000114],[26.487466154000117,40.92490445100009],[26.489885727,40.92042739200008],[26.488605073000087,40.91980572700044],[26.488799183000026,40.91907640700049],[26.487947868000163,40.918334085000026],[26.487841108000055,40.91715784000064],[26.48812906200004,40.9160586700001],[26.48962338000007,40.91581343700034],[26.492124720000106,40.918050940000285],[26.49256841800019,40.91283385700018],[26.48816717900013,40.914442006000286],[26.487786901999982,40.91287506500004],[26.486669110000037,40.91027770700043],[26.48633409000007,40.90849432500016],[26.48802338900009,40.90839161200006],[26.48788065600013,40.90824989400011],[26.485522680000088,40.9070019200002],[26.4853596640001,40.906827182000484],[26.485039726000082,40.9067463130001],[26.48076242799999,40.9044922650001],[26.478873639000142,40.903340267000544],[26.475143641000102,40.9020426360002],[26.474429576000034,40.90076511300009],[26.47466517600003,40.89978020400008],[26.47517875400007,40.89935508600041],[26.47450099600013,40.89774738000011],[26.47418146900003,40.896176995000076],[26.47359263300018,40.8957456170001],[26.47353373100009,40.894499374000134],[26.473760084000105,40.89397281000009],[26.47333364200017,40.89275279200018],[26.47370363400006,40.89127307900009],[26.47423243100019,40.8908968180001],[26.476578366000012,40.890519691000065],[26.477752914000064,40.89007112900026],[26.47793057700011,40.888961887000164],[26.477135116000113,40.888170925000054],[26.47724594900012,40.88746492400003],[26.47852768500013,40.886646161000385],[26.479494468999974,40.88568009200014],[26.48014056500017,40.88492843600028],[26.480894055000135,40.88325843700039],[26.485640946000103,40.88186305900058],[26.48710972700019,40.880223958000045],[26.488855521000062,40.87916164699999],[26.490745003000086,40.8765128360003],[26.491139105000173,40.87526003800002],[26.492616762000125,40.87299551300015],[26.493542987000126,40.87206634500001],[26.49420217500011,40.87078056900003],[26.49548663700017,40.86970634500017],[26.49564692700011,40.8697491140004],[26.495895728000164,40.87024867399998],[26.49660561000013,40.872135477000086],[26.501849391999997,40.875330437000116],[26.50371956900011,40.87732503000018],[26.504538778000153,40.87914570600003],[26.50457560000018,40.87946330000017],[26.504749502000152,40.87961403600002],[26.50525360900002,40.880734406000045],[26.505606995000164,40.88106121000004],[26.50588951700007,40.88104821600007],[26.50579228200013,40.8811114960003],[26.50581663600019,40.881210514000145],[26.507047708000073,40.88202126200008],[26.509415951000165,40.882718061000446],[26.50984115700004,40.883113179000134],[26.510669300000075,40.88491619399997],[26.512219798000103,40.88562187900004],[26.513161223999987,40.886626874000115],[26.515612356000133,40.88760202599997],[26.516217600000118,40.88875548600021],[26.519961261000162,40.89168412700013],[26.520805257000177,40.89281869300004],[26.521616191000135,40.89348822000011],[26.522986429000184,40.89835420400004],[26.523690191000128,40.898969994000026],[26.52557420900007,40.90152430100039],[26.526806313000066,40.902636678000135],[26.52789396600008,40.90354130300011],[26.530074719000083,40.90445463100019],[26.530316441000025,40.905596731],[26.530063051000013,40.90762783000014],[26.53066797000008,40.908660198999996],[26.53117716200012,40.911239015000035],[26.531858198000123,40.91253369700007],[26.526133629000185,40.91701013400018],[26.5256469200001,40.91775631000024],[26.526265875000092,40.918828572000166],[26.5256925810001,40.9193996460005],[26.525713992000192,40.91953730199998],[26.52350765900013,40.92161984900008],[26.520291620000023,40.922349894000035],[26.518518210000025,40.92233499300028],[26.5153433480001,40.924458055000116],[26.515177567000137,40.92447807600058],[26.511640063000186,40.92851764799997],[26.509541263000074,40.92939358300009],[26.509573131000025,40.92957105000045],[26.50939049800013,40.9296951230005],[26.50999172500002,40.93138563700006],[26.509886625000036,40.93150251300011]]],"type":"Polygon"}},{"type":"Feature","properties":{"area_id":"TR-22-004-21201","name_tr":"Köprü","area_level":"neighbourhood","parent_id":"TR-22-004","endeksa_id":21201},"geometry":{"coordinates":[[[26.37954000000019,40.926130000000114],[26.377520000000175,40.925380000000246],[26.37681000000009,40.926710000000185],[26.375600000000134,40.92773000000017],[26.374870000000158,40.928200000000516],[26.37372000000005,40.92852000000016],[26.36713000000009,40.92936000000003],[26.366800000000183,40.92946000000035],[26.35891000000015,40.93344000000013],[26.3583900000001,40.933340000000214],[26.35752000000008,40.93274000000031],[26.355330000000038,40.932200000000364],[26.354320000000143,40.93203000000051],[26.353230000000053,40.932070000000294],[26.352360000000147,40.92843000000039],[26.351960000000133,40.92554000000018],[26.351960000000133,40.923900000000174],[26.35361000000023,40.92084000000034],[26.358400000000074,40.91647000000057],[26.359370000000183,40.9152600000001],[26.36071000000004,40.915840000000344],[26.362620000000163,40.916430000000105],[26.36405000000019,40.91617000000008],[26.365870000000143,40.915500000000065],[26.370600000000138,40.9157400000002],[26.372540000000072,40.91617000000008],[26.37400000000008,40.916710000000535],[26.37545000000017,40.91790000000026],[26.377360000000124,40.91913000000039],[26.3780000000001,40.91964000000013],[26.378990000000158,40.92009000000024],[26.383160000000032,40.92162000000036],[26.383044781509284,40.92174128262235],[26.383341071881603,40.921652741103344],[26.383574170775546,40.921823920611814],[26.383740000000046,40.922780000000046],[26.382450000000063,40.92332000000033],[26.3812200000001,40.92415000000011],[26.37954000000019,40.926130000000114]]],"type":"Polygon"}},{"type":"Feature","properties":{"area_id":"TR-22-004-21200","name_tr":"Kapucu","area_level":"neighbourhood","parent_id":"TR-22-004","endeksa_id":21200},"geometry":{"coordinates":[[[26.40464579999997,40.94758859200033],[26.402778027000068,40.948949791000246],[26.402549452000073,40.949657088000095],[26.402476594999996,40.95042450600067],[26.403662750000024,40.953210737000006],[26.403510570000037,40.95380033600003],[26.40301543600009,40.95382498700002],[26.401742155000193,40.95209013500005],[26.400657418000037,40.95156441700004],[26.399558862000106,40.95067068300017],[26.39715326300012,40.94945561899999],[26.395793734000165,40.94928166400007],[26.39538418600017,40.949615469000435],[26.394567319000032,40.95122944400066],[26.394735555000068,40.951953600000024],[26.396718432000114,40.954130326000154],[26.39757982900005,40.955657092000365],[26.39767833100018,40.95619038100017],[26.397209071000077,40.956616252000174],[26.39634836300013,40.95702460500013],[26.39567236500011,40.95678694500015],[26.39415392000018,40.95491368600017],[26.39270758100014,40.954544536000185],[26.391584447000128,40.95392237200036],[26.39093465400009,40.95394196300015],[26.390829546000077,40.95403692400009],[26.39088606900009,40.95475809600009],[26.39172267200007,40.955966348000004],[26.391440293000073,40.95662686000031],[26.39089764300013,40.95656190500017],[26.389278602000047,40.95532360300007],[26.388740048000045,40.955430266000064],[26.388569841000105,40.95610836300017],[26.388846596000178,40.95668313800053],[26.388746555000125,40.9578462650004],[26.388953361000006,40.95875135600005],[26.38971445100009,40.95958678800008],[26.391473633000032,40.960291263000045],[26.392356376000123,40.962488711000105],[26.39232169500019,40.96302790800007],[26.39223770300015,40.96310378600015],[26.390116274000036,40.96314700900007],[26.38970095700006,40.96300730100006],[26.38882330700011,40.962077844000135],[26.38773383600011,40.961930433000134],[26.386572464000096,40.96209441000008],[26.38645136200006,40.96096135500039],[26.3854583480001,40.9596463390003],[26.38520943400016,40.95884742700014],[26.385101380000094,40.958780170000125],[26.38434122300015,40.958732493000184],[26.383931508000103,40.95915050300016],[26.383549003000155,40.9596796160003],[26.38336271600008,40.96107814000004],[26.381834551000054,40.96083032100006],[26.38145842099999,40.96106902400015],[26.38064871000006,40.962087532000226],[26.379281213000183,40.96187800400014],[26.377897105000045,40.96197828800007],[26.37585738300004,40.96161835200013],[26.370895098000062,40.959536263000075],[26.359125650000067,40.95937371500048],[26.35879144300003,40.95974226600015],[26.358294144000183,40.95983768500014],[26.351569649000055,40.957227918000115],[26.351581584000087,40.9569705510001],[26.353042833000075,40.95472039800012],[26.35559815300013,40.95219678900014],[26.35881731300003,40.949572588000706],[26.359417848000078,40.94807349400048],[26.359205624000083,40.945944970000085],[26.357736965000186,40.944143636000035],[26.355562675000044,40.94297897000013],[26.353991732000168,40.94246290600006],[26.354075334961692,40.9422126180005],[26.35804000000013,40.939130000000375],[26.353810000000067,40.936190000000124],[26.35291000000018,40.932540000000074],[26.353230000000053,40.932070000000294],[26.354320000000143,40.93203000000051],[26.355330000000038,40.932200000000364],[26.35752000000008,40.93274000000031],[26.3583900000001,40.933340000000214],[26.35891000000015,40.93344000000013],[26.366800000000183,40.92946000000035],[26.36713000000009,40.92936000000003],[26.37372000000005,40.92852000000016],[26.374870000000158,40.928200000000516],[26.375600000000134,40.92773000000017],[26.37681000000009,40.926710000000185],[26.377520000000175,40.925380000000246],[26.37954000000019,40.926130000000114],[26.38103000000018,40.9266700000004],[26.382000000000176,40.92564000000044],[26.382990000000177,40.924760000000106],[26.38366000000019,40.92395000000005],[26.384260000000097,40.92423000000031],[26.384460000000104,40.923710000000085],[26.384860000000174,40.92322000000058],[26.385480000000143,40.92362000000031],[26.387500000000102,40.92384000000004],[26.387710000000084,40.9236300000004],[26.38822000000016,40.923590000000104],[26.388270000000034,40.923460000000546],[26.38810000000018,40.923150000000476],[26.38831000000016,40.92309000000034],[26.388980000000174,40.92320000000035],[26.390160000000094,40.92405000000036],[26.390440000000183,40.9238900000006],[26.392590000000098,40.92326000000037],[26.39515000000017,40.92264000000023],[26.399520000000052,40.92200000000054],[26.399520000000052,40.92186000000032],[26.40048000000013,40.92151000000035],[26.401270000000125,40.92103000000003],[26.401920000000075,40.9207700000004],[26.401410000000112,40.91978000000017],[26.404350000000193,40.91933000000006],[26.406940000000077,40.918690000000254],[26.407430000000147,40.91843000000006],[26.407351198680544,40.918287966976095],[26.408084109000185,40.917670879000184],[26.408794934000127,40.915614714000185],[26.409242754000047,40.915467613000146],[26.40936766200008,40.915501166000524],[26.411274122000066,40.91729120400066],[26.413688975000127,40.91765986400026],[26.414214372000174,40.91791949300051],[26.414563618000102,40.918339063000076],[26.41435637799998,40.91923549700033],[26.414303937,40.91938332100011],[26.41275525500015,40.92067433000045],[26.412536133000117,40.9210777370007],[26.411170309000113,40.92624645000035],[26.41024942700011,40.92678624500019],[26.40962001800017,40.92826004500006],[26.40619764300004,40.92948912800006],[26.403677941000126,40.93192445800048],[26.400657896000098,40.932348458000035],[26.398669728000073,40.93306133100049],[26.401377441000193,40.93822892400004],[26.401929090000124,40.94242572100063],[26.401929521000056,40.944149261000064],[26.404705132999993,40.947439403000146],[26.40464579999997,40.94758859200033]]],"type":"Polygon"}},{"type":"Feature","properties":{"area_id":"TR-22-004-2011143","name_tr":"Turpçular Köyü","area_level":"neighbourhood","parent_id":"TR-22-004","endeksa_id":2011143},"geometry":{"coordinates":[[[26.48443084800016,40.9538253770001],[26.48434640300019,40.95393329500047],[26.484380937000026,40.954222784000194],[26.484089435000044,40.95476458700068],[26.483389288000126,40.95515644300042],[26.47937709100006,40.96028384100015],[26.477933213000142,40.96182900200017],[26.477994831000103,40.96205030400034],[26.476096850000147,40.964475834000154],[26.474963897000123,40.965006605999974],[26.474610071000143,40.96538525200009],[26.470240265000086,40.96721956000016],[26.46532282100003,40.96564853000052],[26.455032284000083,40.96811438600008],[26.455905369000106,40.971854063000194],[26.45430997300008,40.97227940900018],[26.451953256000024,40.96978096700008],[26.446259322000174,40.97105319800005],[26.440595349000034,40.96681844600033],[26.43526267900006,40.965637071],[26.43650434600005,40.97101093700002],[26.44038271600016,40.970119618000126],[26.444779594000124,40.977749360000416],[26.443573827000137,40.98632538700008],[26.437843723000128,40.987717275000136],[26.438030059000084,40.99258930400009],[26.43500245400014,40.98909407600013],[26.432875049000074,40.98470404300008],[26.432130131000065,40.983579507000115],[26.430810845000167,40.982145798000204],[26.426336200000037,40.97873149000014],[26.424830577000023,40.977247841000576],[26.420731719000173,40.971202857000094],[26.417148589000192,40.96788582800036],[26.412875335000138,40.96163766700022],[26.410584718000052,40.95670192400013],[26.40697313200019,40.95114675600007],[26.405213682000067,40.94804379400051],[26.40483063700009,40.947591555000486],[26.40464579999997,40.94758859200033],[26.404705132999993,40.947439403000146],[26.401929521000056,40.944149261000064],[26.401929090000124,40.94242572100063],[26.401377441000193,40.93822892400004],[26.398669728000073,40.93306133100049],[26.400657896000098,40.932348458000035],[26.403677941000126,40.93192445800048],[26.40619764300004,40.92948912800006],[26.40962001800017,40.92826004500006],[26.41024942700011,40.92678624500019],[26.411170309000113,40.92624645000035],[26.412536133000117,40.9210777370007],[26.41275525500015,40.92067433000045],[26.414303937,40.91938332100011],[26.41435637799998,40.91923549700033],[26.414462274000073,40.91935035500006],[26.415198835000183,40.91929890000051],[26.41949364900006,40.919942986000194],[26.42163418100006,40.919766258000095],[26.421715929000072,40.91965901100019],[26.421138423000116,40.91715479800007],[26.42342635200015,40.91786355800059],[26.423394741000095,40.91996310800005],[26.43110804300005,40.91988267500005],[26.437600044000135,40.92175381800024],[26.441714687000115,40.920884192000585],[26.441761325000073,40.920977667000045],[26.44262738500015,40.92081613200014],[26.44538844200008,40.921613575000094],[26.446424841000123,40.9226049560005],[26.454137572000093,40.92414048300009],[26.4561069990001,40.92650527699999],[26.45987423500003,40.925383744000555],[26.46580110500014,40.93201796200003],[26.47400902800007,40.92986797700041],[26.477116313000067,40.933086104000495],[26.483022050000102,40.93132608500008],[26.483136271000035,40.93142969900049],[26.485116381000125,40.93201758900028],[26.48510634700017,40.93186817400044],[26.485184182000125,40.93193076800014],[26.485560002000113,40.93183770900032],[26.485565531000134,40.93189176300035],[26.48711510700008,40.93173327300002],[26.48851432300006,40.932191888000034],[26.488902969000037,40.933500592000144],[26.488720737000108,40.93749217200019],[26.48863277800018,40.9375763810005],[26.48598040500019,40.93803701200051],[26.485641673000032,40.93978756800004],[26.48488365100002,40.94064722100006],[26.48393542700012,40.94290393700004],[26.483820736000098,40.94355956000021],[26.483230798000136,40.944580910000695],[26.484431030000167,40.95310761200045],[26.48443084800016,40.9538253770001]]],"type":"Polygon"}},{"type":"Feature","properties":{"area_id":"TR-22-004-2011150","name_tr":"Pazardere Köyü","area_level":"neighbourhood","parent_id":"TR-22-004","endeksa_id":2011150},"geometry":{"coordinates":[[[26.604187568000157,41.000843468000085],[26.60270848300007,41.00140086700043],[26.601673695999978,41.001104338000175],[26.60072894700005,41.00034555400009],[26.599247141000035,41.00174792300004],[26.593644215000097,41.00143347200037],[26.59331788700007,41.002802987999985],[26.590296100000103,41.00089828500023],[26.585325146000173,41.005835289000515],[26.583754352000085,41.00508415800027],[26.580196017000105,41.00816805900007],[26.578296062000163,41.006916917000126],[26.574601325000117,41.00776441200003],[26.56886815300004,41.00541238200043],[26.57011832800015,41.00270771500004],[26.57278791400006,41.001683356000115],[26.572338947000105,40.99969401900006],[26.570394749000002,40.99911834800031],[26.571687880000184,40.996565633000216],[26.568334949000132,40.99381844800001],[26.570090506000156,40.992936146000204],[26.568117403000088,40.99190001400012],[26.570640052000158,40.99040172600047],[26.56662133200018,40.98160165600012],[26.568988571000034,40.98116078900068],[26.56735812200003,40.971709639000096],[26.56858411900015,40.97022391100046],[26.56876288400008,40.96957307800017],[26.568695027000103,40.969352649000314],[26.568797658000108,40.969171713000264],[26.5670890830001,40.96597758100012],[26.563269577000085,40.96415039400006],[26.564400133000163,40.96366201700005],[26.563316614000144,40.96162939200019],[26.568389943000057,40.9615983060001],[26.567137852000087,40.960844117000136],[26.568022581000037,40.959430068000074],[26.56629654600016,40.95880232100012],[26.567271899000104,40.95804115800013],[26.56767539100008,40.958014439000635],[26.568865780000067,40.957283537000194],[26.56969420000007,40.95789590000015],[26.57053110000004,40.957280000000026],[26.569982232000086,40.9566270630001],[26.572076100000118,40.95559470000018],[26.572445027000185,40.95528903200011],[26.574749001000043,40.95516571400003],[26.580480000000023,40.95585000000034],[26.587071276000074,40.954565638000474],[26.58742518200006,40.95481140300029],[26.5876642180001,40.954804221000586],[26.590168801000118,40.95608175200033],[26.590454600000044,40.95631590000016],[26.590669100000014,40.9563402000004],[26.59141480000011,40.956899200000464],[26.591744396000024,40.95691674800014],[26.592421762000072,40.95809081600015],[26.59496661700007,40.95953092300016],[26.59567453200009,40.96096263600009],[26.595856222000066,40.96178012700028],[26.59575388000013,40.96404523700011],[26.596016228000167,40.96540088100005],[26.59676994200015,40.96655334400009],[26.598454153000148,40.9710983440001],[26.599913555000114,40.97659099100008],[26.60196603500009,40.979654790000154],[26.603889393000088,40.98178778900069],[26.604151507000097,40.983009182000046],[26.604139416000066,40.984096145000194],[26.605396015000053,40.985666893000484],[26.606776215000025,40.986277239000174],[26.607922062000057,40.98831927800012],[26.60799197500006,40.988836445000004],[26.607139686000153,40.99023231700022],[26.60613094400003,40.994306660999996],[26.605206582999983,40.995118587000036],[26.60511743799998,40.995858956999996],[26.60549039700004,40.998331816000245],[26.604187568000157,41.000843468000085]]],"type":"Polygon"}},{"type":"Feature","properties":{"area_id":"TR-22-004-2011141","name_tr":"Sarıcaali Köyü","area_level":"neighbourhood","parent_id":"TR-22-004","endeksa_id":2011141},"geometry":{"coordinates":[[[26.37601706999999,41.019827829000064],[26.37195285900009,41.01948999400014],[26.37062406800004,41.01957199900005],[26.36597237100017,41.021750286999975],[26.365934555000024,41.02134197600003],[26.366540553000107,41.019590872000094],[26.36653659600006,41.017984358000035],[26.366221161000112,41.016941218000056],[26.3656999640001,41.01601737200019],[26.364687293651116,41.015018540490416],[26.36449125812851,41.01500554986745],[26.364416815850234,41.01514592947018],[26.36350021700008,41.012555252000084],[26.362463835000142,41.01049569200006],[26.36134044200014,41.0064508600002],[26.360355712000057,41.00461132300018],[26.35895514300006,41.001258914000175],[26.357106971000064,40.99901450400006],[26.356111399000156,40.99829448500009],[26.349385776000076,40.99463634300014],[26.34870230200005,40.99403767300066],[26.346413212000186,40.99073780800006],[26.345966617999977,40.99026456600012],[26.34478844800003,40.989690021000115],[26.342964168000094,40.98958680100009],[26.341278542000055,40.989793114000065],[26.334051132000184,40.99137578100033],[26.330211779000024,40.99160633200012],[26.328311152000026,40.9910182480005],[26.327768605000188,40.990646540000114],[26.326971382000067,40.98955272200021],[26.325908734000052,40.98709273600042],[26.325599214000192,40.98577097100002],[26.325443160000077,40.98407606700016],[26.32549498100019,40.9799692250005],[26.325650543999984,40.979396533],[26.326235637000025,40.9782202480003],[26.328305744000147,40.976469111000085],[26.334841713000117,40.97297718000027],[26.34358208500015,40.96778044700011],[26.34675989699997,40.96508864400005],[26.347651109000026,40.96422325500009],[26.349167681000097,40.96182987900016],[26.349740945000065,40.961399123000376],[26.350631620000172,40.96019849900051],[26.35113041400001,40.958007311000074],[26.351569649000055,40.957227918000115],[26.358294144000183,40.95983768500014],[26.35879144300003,40.95974226600015],[26.359125650000067,40.95937371500048],[26.370895098000062,40.959536263000075],[26.37585738300004,40.96161835200013],[26.377897105000045,40.96197828800007],[26.379281213000183,40.96187800400014],[26.38064871000006,40.962087532000226],[26.38145842099999,40.96106902400015],[26.381834551000054,40.96083032100006],[26.38336271600008,40.96107814000004],[26.383549003000155,40.9596796160003],[26.383931508000103,40.95915050300016],[26.38434122300015,40.958732493000184],[26.385101380000094,40.958780170000125],[26.38520943400016,40.95884742700014],[26.3854583480001,40.9596463390003],[26.38645136200006,40.96096135500039],[26.386572464000096,40.96209441000008],[26.38773383600011,40.961930433000134],[26.38882330700011,40.962077844000135],[26.38970095700006,40.96300730100006],[26.390116274000036,40.96314700900007],[26.39223770300015,40.96310378600015],[26.39232169500019,40.96302790800007],[26.392356376000123,40.962488711000105],[26.391473633000032,40.960291263000045],[26.38971445100009,40.95958678800008],[26.388953361000006,40.95875135600005],[26.388746555000125,40.9578462650004],[26.388846596000178,40.95668313800053],[26.388569841000105,40.95610836300017],[26.388740048000045,40.955430266000064],[26.389278602000047,40.95532360300007],[26.39089764300013,40.95656190500017],[26.391440293000073,40.95662686000031],[26.39172267200007,40.955966348000004],[26.39088606900009,40.95475809600009],[26.390829546000077,40.95403692400009],[26.39093465400009,40.95394196300015],[26.391584447000128,40.95392237200036],[26.39270758100014,40.954544536000185],[26.39415392000018,40.95491368600017],[26.39567236500011,40.95678694500015],[26.39634836300013,40.95702460500013],[26.397209071000077,40.956616252000174],[26.39767833100018,40.95619038100017],[26.39757982900005,40.955657092000365],[26.396718432000114,40.954130326000154],[26.394735555000068,40.951953600000024],[26.394567319000032,40.95122944400066],[26.39538418600017,40.949615469000435],[26.395793734000165,40.94928166400007],[26.39715326300012,40.94945561899999],[26.399558862000106,40.95067068300017],[26.400657418000037,40.95156441700004],[26.401742155000193,40.95209013500005],[26.40301543600009,40.95382498700002],[26.403510570000037,40.95380033600003],[26.403662750000024,40.953210737000006],[26.402476594999996,40.95042450600067],[26.402549452000073,40.949657088000095],[26.402778027000068,40.948949791000246],[26.40464579999997,40.94758859200033],[26.40483063700009,40.947591555000486],[26.405213682000067,40.94804379400051],[26.40697313200019,40.95114675600007],[26.410584718000052,40.95670192400013],[26.412875335000138,40.96163766700022],[26.417148589000192,40.96788582800036],[26.420731719000173,40.971202857000094],[26.424830577000023,40.977247841000576],[26.426336200000037,40.97873149000014],[26.430810845000167,40.982145798000204],[26.432130131000065,40.983579507000115],[26.432875049000074,40.98470404300008],[26.43500245400014,40.98909407600013],[26.438030059000084,40.99258930400009],[26.438960508000036,40.99359359699997],[26.43940111300003,40.99361554500001],[26.439540498999975,40.99368008700003],[26.43948436500017,40.99373365600013],[26.439613595000026,40.993717381000124],[26.43948232000008,40.993793928000116],[26.439600254000027,40.99381077400045],[26.43953710800014,40.9942528330007],[26.439445209000098,40.99423970600009],[26.439513439000052,40.99429535500013],[26.429052382000066,40.99457793800019],[26.425599993000105,40.994835755999986],[26.41376797000015,41.003888835000225],[26.40395737800003,41.00925623100005],[26.40117224700009,41.00889766900059],[26.39705207700007,41.00889825200005],[26.390573296000014,41.010823356000174],[26.386517134000144,41.010989869000184],[26.38645431000009,41.01107063100011],[26.38640462899997,41.01291632800047],[26.38608116300003,41.01352754700014],[26.38310587500007,41.01521489600009],[26.38333524000012,41.01789050300005],[26.382696361000114,41.02086199200011],[26.37947373500009,41.02011516300058],[26.37601706999999,41.019827829000064]]],"type":"Polygon"}},{"type":"Feature","properties":{"area_id":"TR-22-004-2011148","name_tr":"Hacı Köyü","area_level":"neighbourhood","parent_id":"TR-22-004","endeksa_id":2011148},"geometry":{"coordinates":[[[26.580936549000057,41.040457125000046],[26.580323038000188,41.040323457],[26.580449980000026,41.040516141000126],[26.571962420000148,41.03850189400055],[26.567647253000075,41.03756173100015],[26.567342241000063,41.038387950000356],[26.567205817000115,41.03836777400011],[26.56699460100009,41.03924922600021],[26.56681412900008,41.0383098480001],[26.566702809000105,41.03829338500026],[26.56654820000017,41.03758560000023],[26.56147453500006,41.037436620000335],[26.561879506000082,41.03450712600005],[26.56036381300015,41.034432281000534],[26.559243839000032,41.03609751600038],[26.56015856000016,41.0384551410005],[26.56007326700012,41.03853507299999],[26.560190426000133,41.03883226100044],[26.559588024000163,41.03898981800006],[26.55945422400015,41.03911520800017],[26.554148209000118,41.040496747000134],[26.551561312000047,41.034259449000444],[26.55127714600019,41.02677294000051],[26.544117400000175,41.021355467000035],[26.539456053000038,41.024404943000604],[26.537081272000137,41.024108960000035],[26.5356546430001,41.020685561000164],[26.53709444100008,41.01872092800005],[26.535580623000044,41.01848192800003],[26.53309376800007,41.01144528100019],[26.534304330000055,41.009656485000164],[26.53257842200003,41.00974512200008],[26.53106254200003,41.00327311000035],[26.52962250500019,41.00292009000009],[26.531291217000046,41.00222282100003],[26.530334891000166,41.0000619740004],[26.532055954000157,40.9995701870003],[26.530286483000054,40.99696051500001],[26.53036524700019,40.9969184950001],[26.529338324000037,40.99556220800059],[26.52323103500015,40.98834791900009],[26.52034262500007,40.98851876700019],[26.517772495000088,40.98605029000032],[26.512137874000075,40.98610498700032],[26.510840736000034,40.98453324400003],[26.512814926000146,40.983334453000055],[26.51390204200004,40.98364232300048],[26.513654099000178,40.98299288400011],[26.513536625000086,40.98291024400004],[26.513606801000037,40.982868995000445],[26.513506109000048,40.98260525100011],[26.514213071000086,40.98251263399999],[26.51074051800009,40.97042523199997],[26.50909430100006,40.970429296000134],[26.51011431800015,40.963752071000044],[26.506885175000036,40.96402030300004],[26.507382221000114,40.96148314700008],[26.505834876999984,40.961528977000285],[26.50416429700016,40.95759969300025],[26.502177517000064,40.95831979400009],[26.500367157000028,40.95467865100068],[26.49076623700006,40.95748697900069],[26.48456840500006,40.95364958599998],[26.48443084800016,40.9538253770001],[26.484431030000167,40.95310761200045],[26.483230798000136,40.944580910000695],[26.483820736000098,40.94355956000021],[26.48393542700012,40.94290393700004],[26.48488365100002,40.94064722100006],[26.485641673000032,40.93978756800004],[26.48598040500019,40.93803701200051],[26.48863277800018,40.9375763810005],[26.488720737000108,40.93749217200019],[26.4887316490001,40.937559210000586],[26.49533538300011,40.93641235700011],[26.49843694600014,40.93596265900038],[26.505120278000106,40.93173674800005],[26.508228285000143,40.93172861600044],[26.509886625000036,40.93150251300011],[26.510037296000178,40.93153843300007],[26.510122359000036,40.93175165300016],[26.511521710000068,40.933147255000165],[26.516637739000146,40.93680892600014],[26.517739314000096,40.9371188210003],[26.518599793000135,40.93711882500065],[26.52162798000012,40.93660196300016],[26.527642897000135,40.93812675100003],[26.52782536600006,40.940424920000055],[26.528220966000106,40.94174864500002],[26.528951058000132,40.943152927000085],[26.53006242200007,40.94374507700019],[26.53123284100019,40.944009021],[26.535478546000036,40.9439006770001],[26.53607168300016,40.94408023200015],[26.536650102000124,40.94960121500014],[26.538834101000134,40.95071025000016],[26.542862037000134,40.95468154500003],[26.5432952270001,40.954903003000084],[26.54610288500004,40.95326823800042],[26.549304596000184,40.95315958500004],[26.55180177900013,40.9523499190002],[26.552373835000026,40.952063844000065],[26.553499990000034,40.950116461000675],[26.55450586000012,40.95011707000009],[26.55573867700008,40.95061165599998],[26.555915756000104,40.95034131300008],[26.556386800000155,40.95040406000004],[26.555983205000075,40.950286149000135],[26.555949390000023,40.95008015600007],[26.55653540000003,40.95021030000004],[26.55672850000019,40.95006450000005],[26.55710708900017,40.94997916500017],[26.557772236000062,40.95015340800012],[26.558246600000018,40.95057900000012],[26.5587991000001,40.95126370000014],[26.559233700000163,40.951608100000044],[26.55953573900001,40.951664881],[26.56268316300003,40.95436249300013],[26.563095999999973,40.954978900000015],[26.563138900000183,40.95577300000036],[26.565037549000124,40.95638040300008],[26.566007295000077,40.95717981200005],[26.56597140000008,40.95724760000019],[26.566722400000003,40.957442100000264],[26.567093695000096,40.9571556250001],[26.568445156999985,40.957125536000035],[26.56629654600016,40.95880232100012],[26.568022581000037,40.959430068000074],[26.567137852000087,40.960844117000136],[26.568389943000057,40.9615983060001],[26.563316614000144,40.96162939200019],[26.564400133000163,40.96366201700005],[26.563269577000085,40.96415039400006],[26.5670890830001,40.96597758100012],[26.568797658000108,40.969171713000264],[26.568695027000103,40.969352649000314],[26.56876288400008,40.96957307800017],[26.56858411900015,40.97022391100046],[26.56735812200003,40.971709639000096],[26.568988571000034,40.98116078900068],[26.56662133200018,40.98160165600012],[26.570640052000158,40.99040172600047],[26.568117403000088,40.99190001400012],[26.570090506000156,40.992936146000204],[26.568334949000132,40.99381844800001],[26.571687880000184,40.996565633000216],[26.570394749000002,40.99911834800031],[26.572338947000105,40.99969401900006],[26.57278791400006,41.001683356000115],[26.57011832800015,41.00270771500004],[26.56886815300004,41.00541238200043],[26.574601325000117,41.00776441200003],[26.57553786700015,41.00754967600017],[26.576416254000094,41.0081270230001],[26.576286131000074,41.0082107890006],[26.576400305000107,41.00850244200012],[26.577063895000094,41.008774679],[26.57893949200013,41.013079554000115],[26.579826238000123,41.01725386000004],[26.579764662000173,41.01723525200009],[26.579797366000037,41.01739995500009],[26.576601051000182,41.016279225999995],[26.57653033700018,41.01945872600004],[26.575936069000022,41.019989922000434],[26.575899928000183,41.020191594000096],[26.57457035499999,41.02121148200007],[26.57530265000014,41.02711111300016],[26.572269695000102,41.02814227700003],[26.57220684000015,41.031011884000236],[26.575600652000105,41.03315674300018],[26.5776777050001,41.03678011500028],[26.578692006000097,41.038193664999994],[26.579371029000015,41.038878410999985],[26.579664570999967,41.03932397599999],[26.580136893000144,41.0396507290003],[26.580936549000057,41.040457125000046]]],"type":"Polygon"}},{"type":"Feature","properties":{"area_id":"TR-22-004-2011146","name_tr":"İbriktepe Köyü","area_level":"neighbourhood","parent_id":"TR-22-004","endeksa_id":2011146},"geometry":{"coordinates":[[[26.48028630100015,41.05632686100057],[26.479554502999974,41.05700799500062],[26.47965976500018,41.056498220000094],[26.47578334400015,41.04827989500018],[26.481158826000126,41.03822421500007],[26.480874883000183,41.03814929600014],[26.480808399000182,41.03772726700049],[26.481866467000145,41.036525343000164],[26.47874946899998,41.026576532000604],[26.48001932400018,41.024585607999995],[26.478599619000192,41.024683186999994],[26.478265898000018,41.02431472800015],[26.478209376000166,41.023567758000524],[26.472431049000193,41.017473662999976],[26.469390806000035,41.00974025500017],[26.463801946000046,41.00349510700033],[26.462406273000113,40.99973884800016],[26.46142316300012,40.99986821300013],[26.460655888000133,40.99937769300004],[26.459418972000094,41.000131939000084],[26.456526939000184,41.000512493000144],[26.457161243000087,40.99637056200015],[26.456993146000116,40.99628205900001],[26.457013220000192,40.99617578400006],[26.45539129800011,40.995438684000135],[26.45363597700009,40.994872417000124],[26.45341121700011,40.99490632100009],[26.452681534000078,40.9947857140001],[26.45047360300009,40.994939070000044],[26.448841640000126,40.99559561500007],[26.443260304000034,40.99637860200011],[26.442531467000038,40.99457537500007],[26.44242134300015,40.99452198200032],[26.440370556000175,40.99469919400042],[26.439513439000052,40.99429535500013],[26.439445209000098,40.99423970600009],[26.43953710800014,40.9942528330007],[26.439600254000027,40.99381077400045],[26.43948232000008,40.993793928000116],[26.439613595000026,40.993717381000124],[26.43948436500017,40.99373365600013],[26.439540498999975,40.99368008700003],[26.43940111300003,40.99361554500001],[26.438960508000036,40.99359359699997],[26.438030059000084,40.99258930400009],[26.437843723000128,40.987717275000136],[26.443573827000137,40.98632538700008],[26.444779594000124,40.977749360000416],[26.44038271600016,40.970119618000126],[26.43650434600005,40.97101093700002],[26.43526267900006,40.965637071],[26.440595349000034,40.96681844600033],[26.446259322000174,40.97105319800005],[26.451953256000024,40.96978096700008],[26.45430997300008,40.97227940900018],[26.455905369000106,40.971854063000194],[26.455032284000083,40.96811438600008],[26.46532282100003,40.96564853000052],[26.470240265000086,40.96721956000016],[26.474610071000143,40.96538525200009],[26.474963897000123,40.965006605999974],[26.476096850000147,40.964475834000154],[26.477994831000103,40.96205030400034],[26.477933213000142,40.96182900200017],[26.47937709100006,40.96028384100015],[26.483389288000126,40.95515644300042],[26.484089435000044,40.95476458700068],[26.484380937000026,40.954222784000194],[26.48434640300019,40.95393329500047],[26.48456840500006,40.95364958599998],[26.49076623700006,40.95748697900069],[26.500367157000028,40.95467865100068],[26.502177517000064,40.95831979400009],[26.50416429700016,40.95759969300025],[26.505834876999984,40.961528977000285],[26.507382221000114,40.96148314700008],[26.506885175000036,40.96402030300004],[26.51011431800015,40.963752071000044],[26.50909430100006,40.970429296000134],[26.51074051800009,40.97042523199997],[26.514213071000086,40.98251263399999],[26.513506109000048,40.98260525100011],[26.513606801000037,40.982868995000445],[26.513536625000086,40.98291024400004],[26.513654099000178,40.98299288400011],[26.51390204200004,40.98364232300048],[26.512814926000146,40.983334453000055],[26.510840736000034,40.98453324400003],[26.512137874000075,40.98610498700032],[26.517772495000088,40.98605029000032],[26.52034262500007,40.98851876700019],[26.52323103500015,40.98834791900009],[26.529338324000037,40.99556220800059],[26.53036524700019,40.9969184950001],[26.530286483000054,40.99696051500001],[26.532055954000157,40.9995701870003],[26.530334891000166,41.0000619740004],[26.531291217000046,41.00222282100003],[26.52962250500019,41.00292009000009],[26.53106254200003,41.00327311000035],[26.53257842200003,41.00974512200008],[26.534304330000055,41.009656485000164],[26.53309376800007,41.01144528100019],[26.535580623000044,41.01848192800003],[26.53709444100008,41.01872092800005],[26.5356546430001,41.020685561000164],[26.537081272000137,41.024108960000035],[26.539456053000038,41.024404943000604],[26.544117400000175,41.021355467000035],[26.55127714600019,41.02677294000051],[26.551561312000047,41.034259449000444],[26.554116721000184,41.04042082600051],[26.5540015790001,41.040450941000074],[26.55545033600015,41.04512020100009],[26.553214884000113,41.04798693600037],[26.55592697400016,41.048222701999975],[26.556502948000173,41.047694043000206],[26.556390200000067,41.049748661000024],[26.555467511000018,41.05214635300035],[26.55307254400003,41.05405989400032],[26.552965363000112,41.05391867000003],[26.548181695000096,41.05372287300008],[26.546463464000112,41.05341398900043],[26.541409873000077,41.052130907000674],[26.53371196700016,41.050835584000026],[26.530585694000024,41.04949600700007],[26.529694873000096,41.04935602800032],[26.52745483700005,41.04852536900006],[26.525345212000047,41.04821306700052],[26.524585414000057,41.0483312020001],[26.522415310999975,41.04997453200019],[26.518346521000126,41.04969718900003],[26.516367306000063,41.0501027590002],[26.51534814000013,41.049751639000135],[26.514799035000067,41.04980381900015],[26.51476848800013,41.04913891600012],[26.513669808000145,41.047676658000455],[26.513278272000093,41.04736360400017],[26.51281448100019,41.04770612100032],[26.511462701000085,41.047894746000054],[26.511414160000072,41.044420467000066],[26.510256770000012,41.04415016799999],[26.509876890000044,41.04382415300029],[26.505214524999985,41.04201573600017],[26.503579391000073,41.04259072100001],[26.50242265100013,41.042320574000314],[26.497056376000103,41.04488450200017],[26.49440472000009,41.045122884000364],[26.494077590000188,41.04526145200009],[26.49228562100018,41.04548818700016],[26.49166099500019,41.045369543000106],[26.4886006750001,41.04564466400001],[26.487726042000133,41.04597665100022],[26.485359274000018,41.045936063000056],[26.484449747000042,41.04601782900011],[26.484253191999983,41.04650451500004],[26.483558926000114,41.04659235899999],[26.48227829500013,41.051394521000134],[26.48028630100015,41.05632686100057]]],"type":"Polygon"}},{"type":"Feature","properties":{"area_id":"TR-22-004-2011147","name_tr":"Balabancık Köyü","area_level":"neighbourhood","parent_id":"TR-22-004","endeksa_id":2011147},"geometry":{"coordinates":[[[26.382696361000114,41.02086199200011],[26.38479077300002,41.022530376000134],[26.385296552000057,41.02253635200009],[26.38621257300008,41.023319115000106],[26.387870567000164,41.02256676300021],[26.388117715000135,41.022569683000086],[26.389909473999978,41.0216415630004],[26.39320389500017,41.02014664500052],[26.394904318999977,41.020985639000116],[26.39517145200017,41.0210445380003],[26.395702592000077,41.02137950900021],[26.400098253000067,41.023548341000605],[26.40099009500011,41.023690346000365],[26.405504265000047,41.02361900000017],[26.414217198000017,41.026300548000506],[26.426972508000063,41.024706936000086],[26.42728932199998,41.02948152900018],[26.428353518000108,41.03027948600021],[26.428523571000085,41.030896591000555],[26.42892523600017,41.03113073400016],[26.42945839100014,41.0332860420001],[26.429679416000056,41.033400418000156],[26.429683800000078,41.03359312600014],[26.430217236000146,41.03367872900003],[26.43060625700008,41.03411324800015],[26.43088549800018,41.03471333900052],[26.433658185000183,41.0345539410003],[26.433739872000103,41.03470801999998],[26.43412414100004,41.034636685000066],[26.434479043000067,41.035239994000165],[26.43498434600002,41.037055367000676],[26.43538706200013,41.03781497600005],[26.43607935800003,41.03793320700015],[26.436271036000107,41.03835798500063],[26.437560988000087,41.03820256200015],[26.437698114000057,41.038495846000046],[26.43838675300009,41.038373542000045],[26.43816019100018,41.039484137000045],[26.438485158000162,41.040179176000095],[26.438547873999994,41.04109357600004],[26.436674035000124,41.048964296000236],[26.43638050300018,41.04959459300011],[26.435986462000187,41.05011307100034],[26.43390840100011,41.050873400000455],[26.430700477000073,41.051785723000535],[26.430049348000125,41.05278506799999],[26.428648607000127,41.05440871800005],[26.427783211000076,41.05626310700012],[26.42738682700019,41.05687147200007],[26.42736572600012,41.057157702000154],[26.426944286000037,41.058060773000136],[26.425635879000083,41.060064044000114],[26.42517330300018,41.060268762000135],[26.424135112000158,41.061862165000264],[26.42074550000018,41.060618228000635],[26.409968144000175,41.0664776640005],[26.406545154000128,41.06854774900012],[26.404320826000117,41.06975639300009],[26.404695119000053,41.06998935200045],[26.395827472000065,41.07815437100021],[26.395841213000097,41.0782923590001],[26.395509144000016,41.07806721300028],[26.394701460000192,41.07708529000013],[26.392130104000046,41.0732872960001],[26.390619444000095,41.070541313000376],[26.389429530000086,41.069416695000086],[26.388383073000114,41.06895541500006],[26.38651529900011,41.06849265300019],[26.38392242200007,41.068439560000115],[26.379845866000096,41.069568009000136],[26.387730490000024,41.0577750580004],[26.37657789600007,41.05311097900005],[26.371515639000165,41.05314612300015],[26.371101881000186,41.05027269700008],[26.374129984000035,41.04506903900011],[26.3804105320001,41.04146770000011],[26.3740064160001,41.038841977000175],[26.373614172000146,41.03683113500006],[26.381936278000012,41.03438844900046],[26.383842498000035,41.02927919100017],[26.37601706999999,41.019827829000064],[26.37947373500009,41.02011516300058],[26.382696361000114,41.02086199200011]]],"type":"Polygon"}},{"type":"Feature","properties":{"area_id":"TR-22-004-2011149","name_tr":"Karaağaç Köyü","area_level":"neighbourhood","parent_id":"TR-22-004","endeksa_id":2011149},"geometry":{"coordinates":[[[26.54867903500002,41.075297732000195],[26.54538570600016,41.07719814300032],[26.53702738100003,41.07812784400005],[26.5364616330001,41.07807096500005],[26.532034906000035,41.07644467300014],[26.52755128600012,41.07654070800004],[26.521054380000123,41.07441748000019],[26.51835135200008,41.0747536020001],[26.515365150000093,41.075696140000105],[26.512581561000104,41.07780126400007],[26.511212148000027,41.079746531000126],[26.51029607400011,41.08012560599997],[26.51026869400033,41.08026485200048],[26.511420064000333,41.081428945000255],[26.511775067000315,41.08211233900033],[26.512028835000194,41.08443202700022],[26.513274305122764,41.08573715256148],[26.512220000000468,41.08548000000087],[26.511560000000543,41.085160000000485],[26.510560000000453,41.08449000000047],[26.51023000000049,41.08475000000067],[26.508090000000493,41.08349000000055],[26.50822000000045,41.08320000000032],[26.507490000000416,41.08291000000048],[26.507180000000517,41.08249000000109],[26.505600000000527,41.08093000000065],[26.504400000000373,41.08063000000084],[26.500500000000443,41.080690000000686],[26.499380000000542,41.0805400000005],[26.498930000000428,41.080570000000534],[26.496800000000576,41.08084000000065],[26.494260152543575,41.08142996456712],[26.494235215592596,41.081173237637984],[26.49391409422043,41.0811005442755],[26.498678287000303,41.08005765700034],[26.498772158000293,41.07994082800013],[26.499096008000095,41.075788345000376],[26.499782974000084,41.073639946000185],[26.500094133000175,41.073030028000176],[26.501964006000094,41.07203824400051],[26.50620865100018,41.07197288000043],[26.507391849000044,41.07164089600013],[26.50721966300017,41.069877988000144],[26.506474485000183,41.068776228000615],[26.50642833900008,41.06794277300031],[26.506790001000184,41.06676882099998],[26.50804274600017,41.06481055000023],[26.507453589000193,41.063998038000136],[26.508485450000023,41.061858006000364],[26.506225478999966,41.06009449800047],[26.505778828000075,41.0594597240007],[26.506248368,41.05878261400028],[26.509185079000076,41.05647429300018],[26.50953986600007,41.05590113400007],[26.510850413000014,41.05521078900006],[26.511294881000026,41.05478306500038],[26.511886574000073,41.0525953720001],[26.514799035000067,41.04980381900015],[26.51534814000013,41.049751639000135],[26.516367306000063,41.0501027590002],[26.518346521000126,41.04969718900003],[26.522415310999975,41.04997453200019],[26.524585414000057,41.0483312020001],[26.525345212000047,41.04821306700052],[26.52745483700005,41.04852536900006],[26.529694873000096,41.04935602800032],[26.530585694000024,41.04949600700007],[26.53371196700016,41.050835584000026],[26.541409873000077,41.052130907000674],[26.546463464000112,41.05341398900043],[26.548181695000096,41.05372287300008],[26.552965363000112,41.05391867000003],[26.55307254400003,41.05405989400032],[26.552132378000067,41.05556794100016],[26.552130188000035,41.05599047500027],[26.551489674000152,41.05607275400024],[26.55138108100016,41.059117468000125],[26.55211476400018,41.058966188],[26.55210780300007,41.060309109],[26.551187439000103,41.061498493000045],[26.54867903500002,41.075297732000195]]],"type":"Polygon"}},{"type":"Feature","properties":{"area_id":"TR-22-004-2011152","name_tr":"Tevfikiye Köyü","area_level":"neighbourhood","parent_id":"TR-22-004","endeksa_id":2011152},"geometry":{"coordinates":[[[26.464818539723183,41.08702758184273],[26.462643985000227,41.08736333200022],[26.46273835600033,41.08820977600027],[26.46887865100024,41.09283658300035],[26.46657968400035,41.09442618300028],[26.464008903000206,41.09410686600023],[26.460612918000322,41.09061114999997],[26.460898207000355,41.09013308600021],[26.45900880100021,41.08895992400085],[26.458529250000197,41.088466290000326],[26.451759141000196,41.088322485000276],[26.451070860000357,41.08816424700029],[26.4507885390002,41.0845155790002],[26.45060777200024,41.084381672000404],[26.450585954000246,41.08404543600011],[26.449136916000214,41.08327812300013],[26.449053142000082,41.08320234900026],[26.449097915000095,41.08310927300005],[26.449887745000126,41.08259170500003],[26.45887775100016,41.077173178000294],[26.459002398999985,41.07506640500014],[26.45947081000014,41.07356515800001],[26.46007098000007,41.07289008000015],[26.460362399000076,41.07162455700012],[26.464550500000144,41.06990669500027],[26.470372309000027,41.06307759200001],[26.479034361000117,41.05952700000023],[26.4791127740001,41.059147256000074],[26.48028630100015,41.05632686100057],[26.48227829500013,41.051394521000134],[26.483558926000114,41.04659235899999],[26.484253191999983,41.04650451500004],[26.484449747000042,41.04601782900011],[26.485359274000018,41.045936063000056],[26.487726042000133,41.04597665100022],[26.4886006750001,41.04564466400001],[26.49166099500019,41.045369543000106],[26.49228562100018,41.04548818700016],[26.494077590000188,41.04526145200009],[26.49440472000009,41.045122884000364],[26.497056376000103,41.04488450200017],[26.50242265100013,41.042320574000314],[26.503579391000073,41.04259072100001],[26.505214524999985,41.04201573600017],[26.509876890000044,41.04382415300029],[26.510256770000012,41.04415016799999],[26.511414160000072,41.044420467000066],[26.511462701000085,41.047894746000054],[26.51281448100019,41.04770612100032],[26.513278272000093,41.04736360400017],[26.513669808000145,41.047676658000455],[26.51476848800013,41.04913891600012],[26.514799035000067,41.04980381900015],[26.511886574000073,41.0525953720001],[26.511294881000026,41.05478306500038],[26.510850413000014,41.05521078900006],[26.50953986600007,41.05590113400007],[26.509185079000076,41.05647429300018],[26.506248368,41.05878261400028],[26.505778828000075,41.0594597240007],[26.506225478999966,41.06009449800047],[26.508485450000023,41.061858006000364],[26.507453589000193,41.063998038000136],[26.50804274600017,41.06481055000023],[26.506790001000184,41.06676882099998],[26.50642833900008,41.06794277300031],[26.506474485000183,41.068776228000615],[26.50721966300017,41.069877988000144],[26.507391849000044,41.07164089600013],[26.50620865100018,41.07197288000043],[26.501964006000094,41.07203824400051],[26.500094133000175,41.073030028000176],[26.499782974000084,41.073639946000185],[26.499096008000095,41.075788345000376],[26.498772158000293,41.07994082800013],[26.498678287000303,41.08005765700034],[26.49391409422043,41.0811005442755],[26.488903910540955,41.082323982016305],[26.487230000000466,41.082060000000865],[26.476980000000594,41.08247000000085],[26.474790000000382,41.08241000000015],[26.464810000000455,41.08172000000047],[26.464818539723183,41.08702758184273]]],"type":"Polygon"}},{"type":"Feature","properties":{"area_id":"TR-22-004-2011151","name_tr":"Sultan Köyü","area_level":"neighbourhood","parent_id":"TR-22-004","endeksa_id":2011151},"geometry":{"coordinates":[[[26.440996789000224,41.09541868200074],[26.440843244000064,41.09553181000018],[26.440317718000074,41.09539224700006],[26.43675018500005,41.09411612700035],[26.430339082000103,41.090244418],[26.42460252699999,41.087194095000314],[26.424404482000057,41.08722551700009],[26.42440741300004,41.08707183500013],[26.417818808000163,41.082967207000024],[26.413483295000162,41.08062163900007],[26.41114296700016,41.08005648300002],[26.400205188000086,41.079951795000056],[26.398207571000114,41.07950884200028],[26.396425461000092,41.078680947000066],[26.395841213000097,41.0782923590001],[26.395827472000065,41.07815437100021],[26.404695119000053,41.06998935200045],[26.404320826000117,41.06975639300009],[26.406545154000128,41.06854774900012],[26.409968144000175,41.0664776640005],[26.42074550000018,41.060618228000635],[26.424135112000158,41.061862165000264],[26.42517330300018,41.060268762000135],[26.425635879000083,41.060064044000114],[26.426944286000037,41.058060773000136],[26.42736572600012,41.057157702000154],[26.42738682700019,41.05687147200007],[26.427783211000076,41.05626310700012],[26.428648607000127,41.05440871800005],[26.430049348000125,41.05278506799999],[26.430700477000073,41.051785723000535],[26.43390840100011,41.050873400000455],[26.435986462000187,41.05011307100034],[26.43638050300018,41.04959459300011],[26.436674035000124,41.048964296000236],[26.438547873999994,41.04109357600004],[26.438485158000162,41.040179176000095],[26.43816019100018,41.039484137000045],[26.43838675300009,41.038373542000045],[26.437698114000057,41.038495846000046],[26.437560988000087,41.03820256200015],[26.436271036000107,41.03835798500063],[26.43607935800003,41.03793320700015],[26.43538706200013,41.03781497600005],[26.43498434600002,41.037055367000676],[26.434479043000067,41.035239994000165],[26.43412414100004,41.034636685000066],[26.433739872000103,41.03470801999998],[26.433658185000183,41.0345539410003],[26.43088549800018,41.03471333900052],[26.43060625700008,41.03411324800015],[26.430217236000146,41.03367872900003],[26.429683800000078,41.03359312600014],[26.429679416000056,41.033400418000156],[26.42945839100014,41.0332860420001],[26.42892523600017,41.03113073400016],[26.428523571000085,41.030896591000555],[26.428353518000108,41.03027948600021],[26.42728932199998,41.02948152900018],[26.426972508000063,41.024706936000086],[26.414217198000017,41.026300548000506],[26.405504265000047,41.02361900000017],[26.40099009500011,41.023690346000365],[26.400098253000067,41.023548341000605],[26.395702592000077,41.02137950900021],[26.39517145200017,41.0210445380003],[26.394904318999977,41.020985639000116],[26.39320389500017,41.02014664500052],[26.389909473999978,41.0216415630004],[26.388117715000135,41.022569683000086],[26.387870567000164,41.02256676300021],[26.38621257300008,41.023319115000106],[26.385296552000057,41.02253635200009],[26.38479077300002,41.022530376000134],[26.382696361000114,41.02086199200011],[26.38333524000012,41.01789050300005],[26.38310587500007,41.01521489600009],[26.38608116300003,41.01352754700014],[26.38640462899997,41.01291632800047],[26.38645431000009,41.01107063100011],[26.386517134000144,41.010989869000184],[26.390573296000014,41.010823356000174],[26.39705207700007,41.00889825200005],[26.40117224700009,41.00889766900059],[26.40395737800003,41.00925623100005],[26.41376797000015,41.003888835000225],[26.425599993000105,40.994835755999986],[26.429052382000066,40.99457793800019],[26.439513439000052,40.99429535500013],[26.440370556000175,40.99469919400042],[26.44242134300015,40.99452198200032],[26.442531467000038,40.99457537500007],[26.443260304000034,40.99637860200011],[26.448841640000126,40.99559561500007],[26.45047360300009,40.994939070000044],[26.452681534000078,40.9947857140001],[26.45341121700011,40.99490632100009],[26.45363597700009,40.994872417000124],[26.45539129800011,40.995438684000135],[26.457013220000192,40.99617578400006],[26.456993146000116,40.99628205900001],[26.457161243000087,40.99637056200015],[26.456526939000184,41.000512493000144],[26.459418972000094,41.000131939000084],[26.460655888000133,40.99937769300004],[26.46142316300012,40.99986821300013],[26.462406273000113,40.99973884800016],[26.463801946000046,41.00349510700033],[26.469390806000035,41.00974025500017],[26.472431049000193,41.017473662999976],[26.478209376000166,41.023567758000524],[26.478265898000018,41.02431472800015],[26.478599619000192,41.024683186999994],[26.48001932400018,41.024585607999995],[26.47874946899998,41.026576532000604],[26.481866467000145,41.036525343000164],[26.480808399000182,41.03772726700049],[26.480874883000183,41.03814929600014],[26.481158826000126,41.03822421500007],[26.47578334400015,41.04827989500018],[26.47965976500018,41.056498220000094],[26.479554502999974,41.05700799500062],[26.48028630100015,41.05632686100057],[26.4791127740001,41.059147256000074],[26.479034361000117,41.05952700000023],[26.470372309000027,41.06307759200001],[26.464550500000144,41.06990669500027],[26.460362399000076,41.07162455700012],[26.46007098000007,41.07289008000015],[26.45947081000014,41.07356515800001],[26.459002398999985,41.07506640500014],[26.45887775100016,41.077173178000294],[26.449887745000126,41.08259170500003],[26.449097915000095,41.08310927300005],[26.449053142000082,41.08320234900026],[26.449182477000363,41.083325846000264],[26.448855348000222,41.0832432550003],[26.44832242200033,41.0836794020002],[26.44378857000021,41.08928296000022],[26.440996789000224,41.09541868200074]]],"type":"Polygon"}},{"type":"Feature","properties":{"area_id":"TR-22-004-157180","name_tr":"Atatürk","area_level":"neighbourhood","parent_id":"TR-22-004","endeksa_id":157180},"geometry":{"coordinates":[[[26.391945913675897,40.894420899510976],[26.39194518500011,40.89443051800009],[26.3892421970001,40.89647245000015],[26.38884556300019,40.89701598500005],[26.386877083000172,40.8984996910001],[26.387567520000005,40.899381100000085],[26.387471152000046,40.901802037000095],[26.387442947000125,40.902394344000186],[26.387301922000063,40.90258237800009],[26.384396797000136,40.903550752000115],[26.383447226000158,40.90338152200013],[26.382977141000083,40.904443914000126],[26.382572868000125,40.90577895500019],[26.382168595000167,40.90669091900014],[26.381341245999977,40.90723621800004],[26.380391674000123,40.907875533000094],[26.380748939000114,40.90822339600004],[26.38093697300002,40.908637071000044],[26.380955776000064,40.908975532000056],[26.380701930000043,40.90902254000008],[26.37982757200018,40.90906014700005],[26.379141249000156,40.90929518900015],[26.37880278700004,40.90953023200012],[26.37843612100005,40.90984048800004],[26.378078857000162,40.91009433400012],[26.377552362000017,40.91027296600015],[26.37657990939948,40.91073893258687],[26.374240000000043,40.90665000000024],[26.374320000000125,40.90640000000013],[26.374050000000125,40.90615000000008],[26.37325000000004,40.90450000000067],[26.373177466265986,40.90451377222814],[26.373103644000025,40.90373793600014],[26.373556933000145,40.903056382000045],[26.375422894000053,40.90369267200015],[26.37679500500019,40.90366015000063],[26.377210919000106,40.90098040200024],[26.378918131000148,40.90075993100021],[26.378950627000165,40.900422526000625],[26.38077421000014,40.89911921200007],[26.381093555000007,40.89902697000008],[26.381415833000062,40.89863842500017],[26.385608858000126,40.89549646900008],[26.385975326999983,40.89532453800052],[26.386719811000148,40.89450127499998],[26.387358567000035,40.89245589300003],[26.391464352000014,40.89304683700027],[26.391740564000145,40.894382605000146],[26.39189278500004,40.89445619700035],[26.391945913675897,40.894420899510976]]],"type":"Polygon"}}]}