{"type":"FeatureCollection","source_id":"endeksa","retrieved_at":"2026-08-23","features":[{"type":"Feature","properties":{"area_id":"TR-29-004-2015110","name_tr":"Ekinciler Köyü","area_level":"neighbourhood","parent_id":"TR-29-004","endeksa_id":2015110},"geometry":{"coordinates":[[[39.041585818925796,40.49043121106371],[39.04157721540702,40.490264263825225],[39.04136033585519,40.49024977717602],[39.039667516000065,40.49153606400046],[39.03739875500003,40.49565682700012],[39.0334762280001,40.49205516600006],[39.03290374800014,40.49179583200009],[39.03271250400013,40.491911582000114],[39.03110192700018,40.49354803500057],[39.02748515500008,40.499128086000326],[39.027025874000174,40.50095420300016],[39.02538669700016,40.50431257200012],[39.024411973000156,40.50599858200036],[39.01915307800016,40.509741080000026],[39.017775158000006,40.510090543000445],[39.01398551000017,40.51243927000036],[39.01356367000011,40.51343154700015],[39.013779805025365,40.51383455683754],[39.00796000000008,40.51323000000059],[39.00487000000021,40.511880000000076],[39.00369000000006,40.51119000000023],[39.00247000000019,40.51082000000014],[39.002130000000136,40.510150000000124],[39.00159000000025,40.50946000000005],[39.00111000000015,40.509220000000084],[39.000740000000064,40.50862000000018],[39.00088000000011,40.507230000000106],[39.00079000000011,40.506360000000086],[38.99982000000017,40.50436000000013],[38.999770000000126,40.50229000000013],[38.99883000000011,40.498810000000105],[38.99931000000021,40.492490000000146],[38.977040000000045,40.47547000000003],[38.969450000000165,40.47100000000023],[38.967780000000175,40.47023000000007],[38.96866000000017,40.46914000000049],[38.969480000000146,40.46838000000014],[38.97092000000009,40.466780000000085],[38.974060000000236,40.463620000000105],[38.97522000000009,40.462310000000286],[38.98081000000025,40.460430000000315],[38.98382000000004,40.459560000000124],[38.9897900000002,40.45679000000041],[38.99154000000004,40.45573000000013],[38.99309000000022,40.45466000000039],[38.994510000000105,40.45350000000036],[39.0083200000002,40.4513900000004],[39.01094000000006,40.45146000000011],[39.01423000000017,40.45137000000034],[39.01575000000014,40.45243000000062],[39.01828000000006,40.454020000000185],[39.02244000000019,40.456500000000574],[39.02274000000011,40.4585500000004],[39.02287000000024,40.46202000000028],[39.023160000000075,40.46404000000007],[39.02504000000016,40.4649400000003],[39.030410000000245,40.46695000000034],[39.03161000000006,40.46921000000009],[39.031900000000064,40.47069000000016],[39.03200000000015,40.47246000000024],[39.03294000000011,40.47378000000003],[39.033380000000136,40.4752100000004],[39.03407000000021,40.47679000000039],[39.0345200000001,40.47841000000011],[39.03511000000009,40.47984000000048],[39.034620000000245,40.48256000000032],[39.03467000000012,40.483720000000346],[39.03541000000024,40.48489000000052],[39.03634000000005,40.48606000000018],[39.03793000000019,40.48730000000029],[39.039700000000096,40.488060000000075],[39.04299981494614,40.48899994382293],[39.041585818925796,40.49043121106371]]],"type":"Polygon"}},{"type":"Feature","properties":{"area_id":"TR-29-004-2015101","name_tr":"Arpacık Köyü","area_level":"neighbourhood","parent_id":"TR-29-004","endeksa_id":2015101},"geometry":{"coordinates":[[[39.04773070067182,40.522893195063205],[39.03754958200017,40.52774709600021],[39.035335439000164,40.527714697000135],[39.03518459300011,40.52779188200054],[39.0233386160001,40.528016212000125],[39.027199072000144,40.531429573000025],[39.021063963000074,40.53338858400019],[39.0179244520001,40.535585419000654],[39.01464770600006,40.53397137900015],[39.01235810800017,40.533779256000514],[39.011472770000125,40.53341990800027],[39.00885520300017,40.531728387000044],[39.00687961900013,40.529106163000165],[39.0069043260001,40.528986620000126],[39.01059850500013,40.52614380200009],[39.01254744430287,40.52324633293415],[39.01373000000018,40.52328000000011],[39.01396000000017,40.52390000000025],[39.01481000000018,40.52341000000018],[39.014870000000144,40.523030000000176],[39.01391000000012,40.52250000000021],[39.01354000000009,40.52220000000028],[39.01348000000007,40.519930000000045],[39.01309000000015,40.519280000000265],[39.012980000000084,40.518790000000195],[39.01261000000005,40.51831000000027],[39.012600000000134,40.5179100000002],[39.01314000000019,40.516710000000046],[39.01375000000024,40.51621000000006],[39.01473000000016,40.51561000000015],[39.01472000000018,40.5144300000004],[39.013779805025365,40.51383455683754],[39.01356367000011,40.51343154700015],[39.01398551000017,40.51243927000036],[39.017775158000006,40.510090543000445],[39.01915307800016,40.509741080000026],[39.024411973000156,40.50599858200036],[39.02538669700016,40.50431257200012],[39.027025874000174,40.50095420300016],[39.02748515500008,40.499128086000326],[39.03110192700018,40.49354803500057],[39.03271250400013,40.491911582000114],[39.03290374800014,40.49179583200009],[39.0334762280001,40.49205516600006],[39.03739875500003,40.49565682700012],[39.039667516000065,40.49153606400046],[39.04136033585519,40.49024977717602],[39.04157721540702,40.490264263825225],[39.041585818925796,40.49043121106371],[39.04072000000008,40.49124000000012],[39.03976000000006,40.493110000000115],[39.03938000000005,40.494130000000496],[39.038870000000145,40.49493000000007],[39.03798000000006,40.497510000000204],[39.03764000000018,40.498780000000124],[39.03801000000004,40.49924000000016],[39.040970000000186,40.50173000000012],[39.04153000000014,40.50239000000039],[39.04217000000017,40.50504000000012],[39.04231000000004,40.50533000000064],[39.04325000000017,40.50644000000011],[39.046550000000195,40.509340000000066],[39.04703000000012,40.50991000000016],[39.04998000000012,40.51450000000051],[39.050050000000056,40.51517000000052],[39.04944000000023,40.51827000000037],[39.04783000000003,40.52125000000052],[39.04773070067182,40.522893195063205]]],"type":"Polygon"}},{"type":"Feature","properties":{"area_id":"TR-29-004-2015129","name_tr":"Yaylalı Köyü","area_level":"neighbourhood","parent_id":"TR-29-004","endeksa_id":2015129},"geometry":{"coordinates":[[[38.9152437612492,40.52829176118996],[38.91398000000015,40.52840000000026],[38.90888000000024,40.527950000000146],[38.9030800000001,40.5293700000002],[38.898060000000044,40.53123000000062],[38.8945300000002,40.532040000000165],[38.8936700000001,40.528760000000204],[38.891420000000096,40.525260000000344],[38.88886000000019,40.52050000000031],[38.88872000000015,40.51946000000021],[38.88891000000007,40.51781000000011],[38.88666000000006,40.51546000000036],[38.88273000000015,40.5121800000004],[38.88471000000004,40.50345000000016],[38.8908100000001,40.502710000000036],[38.896350000000155,40.50050000000033],[38.90055000000024,40.49924000000016],[38.90742000000023,40.49770000000029],[38.908680000000174,40.493450000000394],[38.910480000000064,40.49163000000004],[38.91136000000006,40.49095000000028],[38.9115000000001,40.49028000000027],[38.91248000000019,40.491410000000144],[38.914900000000046,40.49383000000017],[38.91694000000007,40.49470000000008],[38.91907000000009,40.49470000000008],[38.921970000000044,40.49402000000009],[38.92498000000006,40.49247000000031],[38.92508000000015,40.491310000000226],[38.92449000000022,40.488210000000265],[38.92275000000012,40.48395000000022],[38.921970000000044,40.48133000000013],[38.92265000000003,40.479390000000194],[38.92294000000004,40.47726000000017],[38.92222000000015,40.47392000000025],[38.924940000000106,40.47454000000039],[38.927980000000105,40.47367000000014],[38.928560000000175,40.473380000000304],[38.93089000000003,40.47286000000008],[38.93477000000007,40.47125000000028],[38.939520000000186,40.471640000000036],[38.94232000000022,40.47077000000036],[38.949690000000146,40.46980000000042],[38.95357000000024,40.46902000000051],[38.955230000000086,40.46945000000005],[38.95654000000013,40.469410000000096],[38.96166000000005,40.469720000000166],[38.967780000000175,40.47023000000007],[38.969450000000165,40.47100000000023],[38.977040000000045,40.47547000000003],[38.99931000000021,40.492490000000146],[38.99883000000011,40.498810000000105],[38.999770000000126,40.50229000000013],[38.99982000000017,40.50436000000013],[39.00079000000011,40.506360000000086],[39.00088000000011,40.507230000000106],[39.000740000000064,40.50862000000018],[39.00111000000015,40.509220000000084],[39.00159000000025,40.50946000000005],[39.002130000000136,40.510150000000124],[39.00247000000019,40.51082000000014],[39.00369000000006,40.51119000000023],[39.00487000000021,40.511880000000076],[39.00796000000008,40.51323000000059],[39.013779805025365,40.51383455683754],[39.01472000000018,40.5144300000004],[39.01473000000016,40.51561000000015],[39.01375000000024,40.51621000000006],[39.01314000000019,40.516710000000046],[39.012600000000134,40.5179100000002],[39.01261000000005,40.51831000000027],[39.012980000000084,40.518790000000195],[39.01309000000015,40.519280000000265],[39.01348000000007,40.519930000000045],[39.01354000000009,40.52220000000028],[39.01391000000012,40.52250000000021],[39.014870000000144,40.523030000000176],[39.01481000000018,40.52341000000018],[39.01396000000017,40.52390000000025],[39.01373000000018,40.52328000000011],[39.01254744430287,40.52324633293415],[39.005790000000104,40.52295000000049],[39.002750000000106,40.5220800000003],[39.00035000000014,40.52183000000019],[38.99786000000017,40.52212000000003],[38.992590000000234,40.52212000000003],[38.988230000000044,40.52074000000027],[38.985340000000065,40.519010000000094],[38.98266000000018,40.518140000000415],[38.97804000000019,40.51718000000005],[38.97616000000005,40.51921000000016],[38.973890000000154,40.51970000000017],[38.96848000000017,40.52178000000032],[38.95952000000011,40.52376000000004],[38.952850000000126,40.52423000000016],[38.948420000000056,40.52437000000003],[38.94517000000013,40.524460000000374],[38.93617000000012,40.524450000000286],[38.927820000000054,40.529290000000174],[38.91830000000016,40.52803000000017],[38.9152437612492,40.52829176118996]]],"type":"Polygon"}},{"type":"Feature","properties":{"area_id":"TR-29-004-2015105","name_tr":"Beytarla Köyü","area_level":"neighbourhood","parent_id":"TR-29-004","endeksa_id":2015105},"geometry":{"coordinates":[[[38.83254492391393,40.5546180824532],[38.82735000000031,40.5551700000006],[38.82295000000039,40.555090000000405],[38.81023000000022,40.55297000000047],[38.80824000000024,40.553100000000256],[38.80529000000024,40.55254000000042],[38.803240000000244,40.55205000000092],[38.79443000000032,40.5495800000005],[38.78665000000035,40.548840000001064],[38.78262000000035,40.5477000000007],[38.77834000000024,40.54663000000028],[38.77676000000025,40.54600000000056],[38.77448000000027,40.545610000000465],[38.76955000000021,40.54371000000026],[38.76658000000032,40.542790000000196],[38.761200000000315,40.542520000001105],[38.758070000000316,40.54175000000026],[38.74648000000025,40.547440000000506],[38.74078000000026,40.545800000000554],[38.738860000000216,40.539450000000045],[38.73449000000011,40.534890000000075],[38.733810000000176,40.52974000000029],[38.73624000000012,40.52828000000028],[38.74876000000006,40.52722000000011],[38.75124000000011,40.52571000000006],[38.75221000000005,40.5242600000002],[38.75371000000018,40.52159000000023],[38.75561000000016,40.51974000000064],[38.75724000000025,40.516740000000425],[38.753120000000195,40.50789000000003],[38.765720000000044,40.50419000000011],[38.767980000000136,40.50341000000026],[38.77157000000017,40.50351000000069],[38.77739000000014,40.50351000000069],[38.78137000000015,40.50293000000033],[38.783310000000256,40.50215000000043],[38.790690000000154,40.49973000000057],[38.7941800000001,40.49817000000013],[38.79807000000005,40.4969100000003],[38.80137000000008,40.49643000000037],[38.80273000000017,40.49594000000036],[38.80935000000005,40.49525000000011],[38.81185000000016,40.494870000000105],[38.81270000000012,40.49538000000018],[38.815960000000246,40.49587000000025],[38.81950000000023,40.49619000000041],[38.824920000000134,40.49449000000044],[38.829350000000034,40.49120000000039],[38.841520000000116,40.48935000000006],[38.8599500000002,40.48807000000005],[38.87119000000013,40.47903000000025],[38.88443000000012,40.47888000000012],[38.884540000000186,40.47887000000037],[38.8853400000001,40.480570000000114],[38.88558000000006,40.48207000000025],[38.88861000000014,40.48130000000049],[38.88965000000019,40.48077000000069],[38.89194000000015,40.480320000000404],[38.89347000000009,40.48068000000035],[38.8947500000001,40.481150000000184],[38.89786000000021,40.48209000000048],[38.90659000000011,40.48544000000004],[38.908280000000104,40.486260000000186],[38.90926000000019,40.487380000000485],[38.911650000000066,40.489700000000084],[38.9115000000001,40.49028000000027],[38.91136000000006,40.49095000000028],[38.910480000000064,40.49163000000004],[38.908680000000174,40.493450000000394],[38.90742000000023,40.49770000000029],[38.90055000000024,40.49924000000016],[38.896350000000155,40.50050000000033],[38.8908100000001,40.502710000000036],[38.88471000000004,40.50345000000016],[38.88273000000015,40.5121800000004],[38.88666000000006,40.51546000000036],[38.88891000000007,40.51781000000011],[38.88203000000016,40.51966000000027],[38.879400000000146,40.51999000000018],[38.87509000000006,40.522350000000074],[38.87078000000014,40.523190000000454],[38.86901000000006,40.52527000000009],[38.86570000000012,40.52764000000059],[38.86356000000012,40.52967000000018],[38.86142000000018,40.53066000000035],[38.85925000000003,40.534990000000505],[38.85594000000009,40.53776000000022],[38.855360000000246,40.541090000000054],[38.85186000000016,40.541060000000414],[38.84952000000021,40.54190000000028],[38.846940000000075,40.5441100000005],[38.846020000000124,40.54654000000011],[38.84604000000019,40.54694000000018],[38.845080000000166,40.54725000000025],[38.84426000000019,40.54805000000039],[38.843500000000176,40.54823000000033],[38.839560000000176,40.54780000000028],[38.83862000000016,40.5492500000002],[38.837120000000255,40.54996000000011],[38.835040000000106,40.55352000000033],[38.83488000000017,40.55437000000035],[38.83254492391393,40.5546180824532]]],"type":"Polygon"}},{"type":"Feature","properties":{"area_id":"TR-29-004-2015124","name_tr":"Söğüteli Köyü","area_level":"neighbourhood","parent_id":"TR-29-004","endeksa_id":2015124},"geometry":{"coordinates":[[[39.00885520300017,40.531728387000044],[39.00873492700015,40.53334020700015],[39.00797835100008,40.53674376500004],[39.00644771300006,40.54009798900046],[39.00476296800002,40.5421032430001],[39.002666969000074,40.54397265000068],[39.001061333999985,40.54609028500016],[38.999120780000055,40.549193255000034],[38.99899177000003,40.54957900800002],[38.996831388000146,40.55066956200005],[38.995484280000085,40.554483422000146],[38.9813376890001,40.556366719000096],[38.97149835100009,40.553989430000115],[38.9527440920001,40.564418914999976],[38.94036053499997,40.56347730300024],[38.93761871800007,40.56526307200011],[38.9359941620001,40.560570594000524],[38.92577485600009,40.552549230000125],[38.92542313100006,40.55206711000005],[38.925578113000086,40.550963175000106],[38.925295559000176,40.54975048300014],[38.92366810000004,40.548239227000295],[38.923497129000054,40.54821892800015],[38.92358701300003,40.54811811800016],[38.92344517000009,40.5476902230007],[38.92307513300011,40.5411124580001],[38.92198626200019,40.5386258800001],[38.917220991000136,40.53348607400005],[38.915545546000146,40.52881257800044],[38.9152437612492,40.52829176118996],[38.91830000000016,40.52803000000017],[38.927820000000054,40.529290000000174],[38.93617000000012,40.524450000000286],[38.94517000000013,40.524460000000374],[38.948420000000056,40.52437000000003],[38.952850000000126,40.52423000000016],[38.95952000000011,40.52376000000004],[38.96848000000017,40.52178000000032],[38.973890000000154,40.51970000000017],[38.97616000000005,40.51921000000016],[38.97804000000019,40.51718000000005],[38.98266000000018,40.518140000000415],[38.985340000000065,40.519010000000094],[38.988230000000044,40.52074000000027],[38.992590000000234,40.52212000000003],[38.99786000000017,40.52212000000003],[39.00035000000014,40.52183000000019],[39.002750000000106,40.5220800000003],[39.005790000000104,40.52295000000049],[39.01254744430287,40.52324633293415],[39.01059850500013,40.52614380200009],[39.0069043260001,40.528986620000126],[39.00687961900013,40.529106163000165],[39.00885520300017,40.531728387000044]]],"type":"Polygon"}},{"type":"Feature","properties":{"area_id":"TR-29-004-2015127","name_tr":"Tilkicek Köyü","area_level":"neighbourhood","parent_id":"TR-29-004","endeksa_id":2015127},"geometry":{"coordinates":[[[38.923497129000054,40.54821892800015],[38.92226184700013,40.548516206000386],[38.91751194600016,40.548107348000485],[38.90682665700007,40.549944939000056],[38.90396260500006,40.55251485700006],[38.89536603700003,40.559507698000175],[38.89318652900016,40.56232288600006],[38.888879762000045,40.56695791000004],[38.8864759380001,40.56806973000016],[38.88236577300012,40.56896051000018],[38.88192830800028,40.56923763400016],[38.880208035000294,40.568793901000845],[38.87628811900032,40.5687921130002],[38.87322059100035,40.56822181700022],[38.86081106200021,40.56149726600063],[38.86014006400029,40.56130825000031],[38.85590028900026,40.56042844500075],[38.84750696100036,40.56047810700028],[38.84124117500028,40.55894173200039],[38.83635882600032,40.558191143000556],[38.83306695100015,40.55803580600025],[38.83253289700019,40.55781484900035],[38.83249971400022,40.55769078600031],[38.833066379000286,40.556862210000816],[38.83254492391393,40.5546180824532],[38.83488000000017,40.55437000000035],[38.835040000000106,40.55352000000033],[38.837120000000255,40.54996000000011],[38.83862000000016,40.5492500000002],[38.839560000000176,40.54780000000028],[38.843500000000176,40.54823000000033],[38.84426000000019,40.54805000000039],[38.845080000000166,40.54725000000025],[38.84604000000019,40.54694000000018],[38.846020000000124,40.54654000000011],[38.846940000000075,40.5441100000005],[38.84952000000021,40.54190000000028],[38.85186000000016,40.541060000000414],[38.855360000000246,40.541090000000054],[38.85594000000009,40.53776000000022],[38.85925000000003,40.534990000000505],[38.86142000000018,40.53066000000035],[38.86356000000012,40.52967000000018],[38.86570000000012,40.52764000000059],[38.86901000000006,40.52527000000009],[38.87078000000014,40.523190000000454],[38.87509000000006,40.522350000000074],[38.879400000000146,40.51999000000018],[38.88203000000016,40.51966000000027],[38.88891000000007,40.51781000000011],[38.88872000000015,40.51946000000021],[38.88886000000019,40.52050000000031],[38.891420000000096,40.525260000000344],[38.8936700000001,40.528760000000204],[38.8945300000002,40.532040000000165],[38.898060000000044,40.53123000000062],[38.9030800000001,40.5293700000002],[38.90888000000024,40.527950000000146],[38.91398000000015,40.52840000000026],[38.9152437612492,40.52829176118996],[38.915545546000146,40.52881257800044],[38.917220991000136,40.53348607400005],[38.92198626200019,40.5386258800001],[38.92307513300011,40.5411124580001],[38.92344517000009,40.5476902230007],[38.92358701300003,40.54811811800016],[38.923497129000054,40.54821892800015]]],"type":"Polygon"}},{"type":"Feature","properties":{"area_id":"TR-29-004-2015120","name_tr":"Kuşluk Köyü","area_level":"neighbourhood","parent_id":"TR-29-004","endeksa_id":2015120},"geometry":{"coordinates":[[[39.0656866415672,40.558456475824926],[39.065987931999985,40.55870393499998],[39.05424930100014,40.560912176000045],[39.05211387700001,40.56217443300011],[39.04974004600018,40.564561601000605],[39.04718539200019,40.56598718599997],[39.044905648000054,40.566675393000025],[39.044586406000064,40.56691090700048],[39.042726093000056,40.56653042400035],[39.04092051599997,40.56976648100067],[39.03543522500007,40.57101458800014],[39.0335316881052,40.57385404247293],[39.03281000000004,40.57257000000004],[39.03217000000018,40.572060000000306],[39.03188000000017,40.57134000000042],[39.031500000000165,40.57104000000044],[39.03046000000012,40.57071000000013],[39.03017000000011,40.57011000000023],[39.02962000000025,40.56944000000021],[39.02801000000005,40.56823000000031],[39.027990000000216,40.5679100000001],[39.02782000000013,40.56775000000039],[39.026350000000036,40.566460000000234],[39.02562000000023,40.566050000000416],[39.02473000000009,40.565220000000636],[39.02442000000019,40.56433000000021],[39.02411000000012,40.56400000000008],[39.02373000000017,40.5638100000005],[39.02343003506195,40.56261012168471],[39.023557106000055,40.56275195600017],[39.02570561900012,40.55980667000006],[39.02754189800004,40.55773932700015],[39.027564618000156,40.55725826400055],[39.02835975100015,40.55616825699997],[39.02809322600001,40.554338859000495],[39.02771730900008,40.554025209000656],[39.02778854100012,40.55251694800012],[39.02483046400005,40.54910100800009],[39.025912700000106,40.54568094900003],[39.0232590920001,40.54315496700008],[39.02207132300015,40.54341340400009],[39.01892469500018,40.5392929030001],[39.0179244520001,40.535585419000654],[39.021063963000074,40.53338858400019],[39.027199072000144,40.531429573000025],[39.0233386160001,40.528016212000125],[39.03518459300011,40.52779188200054],[39.035335439000164,40.527714697000135],[39.03754958200017,40.52774709600021],[39.04773070067182,40.522893195063205],[39.04901000000018,40.528920000000085],[39.050150000000144,40.5304500000002],[39.05419002800011,40.53408161700003],[39.06068144400007,40.546040172000176],[39.05996848300015,40.547919202],[39.05538017800018,40.54999145700015],[39.061159005000036,40.554659296000125],[39.06111529652941,40.55470183020384],[39.0656866415672,40.558456475824926]]],"type":"Polygon"}},{"type":"Feature","properties":{"area_id":"TR-29-004-2015113","name_tr":"Göndere Köyü","area_level":"neighbourhood","parent_id":"TR-29-004","endeksa_id":2015113},"geometry":{"coordinates":[[[39.02060000000017,40.586320000000114],[39.02034000000015,40.586160000000234],[39.01963000000018,40.58631000000054],[39.01918000000006,40.58624000000043],[39.01869000000005,40.586440000000096],[39.01664000000005,40.58575000000042],[39.01581000000016,40.58510000000007],[39.01547000000005,40.584920000000125],[39.01520000000011,40.58491000000038],[39.014240000000086,40.58376000000004],[39.01231000000007,40.582540000000165],[39.01172000000014,40.58184000000017],[39.01104000000015,40.581210000000624],[39.00821000000013,40.580280000000414],[39.00490000000019,40.58060000000006],[39.00171000000023,40.58019000000007],[39.000340000000165,40.580430000000035],[38.99943000000019,40.57993000000005],[38.99565000000007,40.58021000000031],[38.994540000000086,40.580710000000465],[38.9926500000002,40.58022000000028],[38.989650000000154,40.58107000000041],[38.9878700000001,40.581420000000264],[38.98703000000006,40.58149000000037],[38.98553000000015,40.581210000000624],[38.98313000000013,40.582040000000404],[38.98075000000006,40.58311000000009],[38.98036493126989,40.58354443651672],[38.97870000000006,40.581550000000334],[38.978680000000224,40.57898000000017],[38.97836000000018,40.57603000000012],[38.97854000000018,40.574730000000216],[38.97795000000019,40.572840000000156],[38.977790000000084,40.569620000000214],[38.9808000000001,40.56630000000047],[38.9809800000001,40.566270000000145],[38.981530000000134,40.5659100000002],[38.982000000000085,40.56585000000018],[38.98241000000007,40.56555000000026],[38.983330000000194,40.56445000000019],[38.98382000000004,40.564290000000426],[38.98464000000024,40.56383000000005],[38.98529000000019,40.56319000000036],[38.98539000000011,40.562710000000436],[38.986640000000136,40.561690000000056],[38.98775000000012,40.56100000000038],[38.988350000000025,40.560480000000666],[38.99003000000016,40.560270000000344],[38.990510000000086,40.56003000000038],[38.991700000000094,40.558930000000316],[38.99292000000014,40.5584800000002],[38.99374000000017,40.558590000000095],[38.99468000000013,40.55919000000051],[38.996220000000164,40.559730000000286],[38.99703000000005,40.5597600000001],[38.9973700000001,40.559330000000045],[38.9993300000001,40.55951000000016],[39.000460000000146,40.55942000000039],[39.001170000000116,40.55960000000033],[39.01239000000015,40.56059000000039],[39.0161700000001,40.56112000000036],[39.02055000000013,40.562470000000474],[39.021890000000155,40.56277000000006],[39.02343003506195,40.56261012168471],[39.02373000000017,40.5638100000005],[39.02411000000012,40.56400000000008],[39.02442000000019,40.56433000000021],[39.02473000000009,40.565220000000636],[39.02562000000023,40.566050000000416],[39.026350000000036,40.566460000000234],[39.02782000000013,40.56775000000039],[39.027990000000216,40.5679100000001],[39.02801000000005,40.56823000000031],[39.02962000000025,40.56944000000021],[39.03017000000011,40.57011000000023],[39.03046000000012,40.57071000000013],[39.031500000000165,40.57104000000044],[39.03188000000017,40.57134000000042],[39.03217000000018,40.572060000000306],[39.03281000000004,40.57257000000004],[39.03358000000014,40.57394000000022],[39.03398000000004,40.573990000000094],[39.03501000000017,40.573860000000195],[39.036730000000205,40.57502000000005],[39.03709000000015,40.57573000000053],[39.03661000000022,40.57748000000038],[39.035190000000114,40.57779000000045],[39.034130000000175,40.57845000000037],[39.03399000000013,40.578700000000424],[39.03414000000009,40.57881000000032],[39.034010000000194,40.579040000000134],[39.031680000000165,40.5803600000001],[39.03059000000019,40.58110000000005],[39.028340000000185,40.58202000000017],[39.026200000000074,40.583250000000305],[39.0231500000001,40.58531000000022],[39.02060000000017,40.586320000000114]]],"type":"Polygon"}},{"type":"Feature","properties":{"area_id":"TR-29-004-2015130","name_tr":"Yukarıkaradere Köyü","area_level":"neighbourhood","parent_id":"TR-29-004","endeksa_id":2015130},"geometry":{"coordinates":[[[38.876497611000275,40.57699071400003],[38.86442064200031,40.574798041000065],[38.8554265110003,40.57828686400052],[38.85568635200025,40.58318837900026],[38.85883541100026,40.58549223300031],[38.84658420800031,40.59098862000076],[38.84283276300033,40.592039211000554],[38.83375317200017,40.59425003600006],[38.80626434200036,40.582045312000275],[38.80312272600031,40.58253898700053],[38.800603303000344,40.57929466100069],[38.800477360000286,40.57924667500026],[38.80036961700034,40.579310829000065],[38.79845200600022,40.583272944999976],[38.79794896700025,40.58745485300085],[38.78091239400027,40.58634337200027],[38.776396211757856,40.58706353023928],[38.775461087861345,40.58576874330561],[38.769607613787,40.58020080455145],[38.765490907941285,40.57688039870732],[38.76346860439196,40.57434733047694],[38.759636678023355,40.57268481151232],[38.756983994564905,40.57137295643298],[38.75522911363669,40.57289460953609],[38.75443431756878,40.572403706082355],[38.751910000000464,40.56917000000061],[38.75124000000045,40.567330000000595],[38.75046000000037,40.562960000000544],[38.7488100000005,40.55830000000077],[38.74823000000043,40.554220000000555],[38.74745000000058,40.550540000001035],[38.74648000000025,40.547440000000506],[38.758070000000316,40.54175000000026],[38.761200000000315,40.542520000001105],[38.76658000000032,40.542790000000196],[38.76955000000021,40.54371000000026],[38.77448000000027,40.545610000000465],[38.77676000000025,40.54600000000056],[38.77834000000024,40.54663000000028],[38.78262000000035,40.5477000000007],[38.78665000000035,40.548840000001064],[38.79443000000032,40.5495800000005],[38.803240000000244,40.55205000000092],[38.80529000000024,40.55254000000042],[38.80824000000024,40.553100000000256],[38.81023000000022,40.55297000000047],[38.82295000000039,40.555090000000405],[38.82735000000031,40.5551700000006],[38.83254492391393,40.5546180824532],[38.833066379000286,40.556862210000816],[38.83249971400022,40.55769078600031],[38.83253289700019,40.55781484900035],[38.83306695100015,40.55803580600025],[38.83635882600032,40.558191143000556],[38.84124117500028,40.55894173200039],[38.84750696100036,40.56047810700028],[38.85590028900026,40.56042844500075],[38.86014006400029,40.56130825000031],[38.86081106200021,40.56149726600063],[38.87322059100035,40.56822181700022],[38.87628811900032,40.5687921130002],[38.880208035000294,40.568793901000845],[38.88192830800028,40.56923763400016],[38.881725453000286,40.56961001100086],[38.88160232800027,40.56967529900027],[38.881424618000324,40.57030088000056],[38.87903448000026,40.573056303000556],[38.87684091800031,40.57661981300021],[38.876497611000275,40.57699071400003]]],"type":"Polygon"}},{"type":"Feature","properties":{"area_id":"TR-29-004-2015109","name_tr":"Eğrigüney Köyü","area_level":"neighbourhood","parent_id":"TR-29-004","endeksa_id":2015109},"geometry":{"coordinates":[[[39.03927380224741,40.59127287585659],[39.039000000000044,40.59154000000018],[39.03815263300237,40.59178547227185],[39.03802000000019,40.59194000000025],[39.037940000000106,40.5923700000003],[39.037500000000136,40.59262000000041],[39.0365700000001,40.59289000000069],[39.03601000000015,40.59286000000037],[39.03482000000008,40.592380000000276],[39.03318000000007,40.59228000000013],[39.0325400000001,40.5923700000003],[39.03174000000013,40.59193000000016],[39.03067000000004,40.591760000000306],[39.029910000000086,40.59181000000018],[39.029050000000154,40.5915100000002],[39.02780000000013,40.59126000000015],[39.02691000000016,40.590590000000134],[39.0248900000002,40.59023000000019],[39.02331000000004,40.589450000000284],[39.02155000000005,40.589140000000214],[39.02018000000004,40.58875000000012],[39.02060000000017,40.586320000000114],[39.0231500000001,40.58531000000022],[39.026200000000074,40.583250000000305],[39.028340000000185,40.58202000000017],[39.03059000000019,40.58110000000005],[39.031680000000165,40.5803600000001],[39.034010000000194,40.579040000000134],[39.035150000000215,40.57991000000038],[39.0356000000001,40.580090000000325],[39.03651000000008,40.58070000000038],[39.037070000000085,40.58083000000045],[39.03721000000013,40.58177000000006],[39.03744000000012,40.582100000000366],[39.03649000000024,40.583090000000425],[39.03586000000013,40.58509000000049],[39.03612000000015,40.585270000000094],[39.03608000000003,40.58540000000005],[39.03678000000008,40.58586000000025],[39.03721000000013,40.58674000000008],[39.038780000000145,40.588670000000036],[39.039490000000114,40.58917000000042],[39.03985000000006,40.590530000000115],[39.03927380224741,40.59127287585659]]],"type":"Polygon"}},{"type":"Feature","properties":{"area_id":"TR-29-004-2015098","name_tr":"Akçal Köyü","area_level":"neighbourhood","parent_id":"TR-29-004","endeksa_id":2015098},"geometry":{"coordinates":[[[39.07189931800008,40.58799761200055],[39.06903523100016,40.58954091800052],[39.06542263100005,40.592253688000085],[39.06290563900012,40.59562216800009],[39.059843290000174,40.59814817300014],[39.055639304000124,40.600542320000045],[39.05362527000011,40.60128741400041],[39.05347946600011,40.601490762000026],[39.05331549900018,40.60146582200025],[39.052657470000156,40.60083717600014],[39.051742120000085,40.59930768000021],[39.04949309200015,40.597301742000184],[39.046419514000036,40.59617190800009],[39.04623565900005,40.59596336600043],[39.046275643000115,40.59618130900026],[39.04620079600005,40.596260470000175],[39.04507533200001,40.59658234700004],[39.04238352200008,40.59419572400037],[39.04122485900001,40.59122122300005],[39.040850741000156,40.59079360099997],[39.03946404515506,40.59146797437313],[39.039270779149206,40.5914250313956],[39.03927380224741,40.59127287585659],[39.03985000000006,40.590530000000115],[39.039490000000114,40.58917000000042],[39.038780000000145,40.588670000000036],[39.03721000000013,40.58674000000008],[39.03678000000008,40.58586000000025],[39.03608000000003,40.58540000000005],[39.03612000000015,40.585270000000094],[39.03586000000013,40.58509000000049],[39.03649000000024,40.583090000000425],[39.03744000000012,40.582100000000366],[39.03721000000013,40.58177000000006],[39.037070000000085,40.58083000000045],[39.03651000000008,40.58070000000038],[39.0356000000001,40.580090000000325],[39.035150000000215,40.57991000000038],[39.034010000000194,40.579040000000134],[39.03414000000009,40.57881000000032],[39.03399000000013,40.578700000000424],[39.034130000000175,40.57845000000037],[39.035190000000114,40.57779000000045],[39.03661000000022,40.57748000000038],[39.03709000000015,40.57573000000053],[39.036730000000205,40.57502000000005],[39.03501000000017,40.573860000000195],[39.03398000000004,40.573990000000094],[39.03358000000014,40.57394000000022],[39.0335316881052,40.57385404247293],[39.03543522500007,40.57101458800014],[39.04092051599997,40.56976648100067],[39.042726093000056,40.56653042400035],[39.044586406000064,40.56691090700048],[39.044905648000054,40.566675393000025],[39.04718539200019,40.56598718599997],[39.04974004600018,40.564561601000605],[39.05211387700001,40.56217443300011],[39.05424930100014,40.560912176000045],[39.065987931999985,40.55870393499998],[39.0656866415672,40.558456475824926],[39.06565374590326,40.55832500291467],[39.065797033743536,40.558244909290465],[39.068393971000035,40.55825131700038],[39.06900964400006,40.55813549800013],[39.06906286900016,40.558253050000076],[39.069292221000126,40.558253645000036],[39.07059686700006,40.56109953100014],[39.069492308000065,40.567416316000106],[39.06974967800005,40.568654296000034],[39.06927183100004,40.569674612000085],[39.07011067100012,40.570390720000034],[39.07117263800018,40.57549891499997],[39.07167598899997,40.577395649000096],[39.07188449800009,40.57995027400017],[39.07278952100012,40.5835310600001],[39.06950502400002,40.584707887000036],[39.069149232000086,40.58560165900013],[39.06898543600005,40.58669231800019],[39.07189931800008,40.58799761200055]]],"type":"Polygon"}},{"type":"Feature","properties":{"area_id":"TR-29-004-2015123","name_tr":"Sarıbaba Köyü","area_level":"neighbourhood","parent_id":"TR-29-004","endeksa_id":2015123},"geometry":{"coordinates":[[[38.98036493126989,40.58354443651672],[38.987595165000016,40.59007455500017],[38.98618774300013,40.593409692000705],[38.989707023000165,40.60037305700018],[38.98293854200011,40.60902456500014],[38.97060293100009,40.60427099900045],[38.96029535500003,40.60364668700015],[38.952491118000125,40.59923469600005],[38.93950572100016,40.601692840000055],[38.93724279600002,40.60334765100043],[38.92733974000009,40.60400824400011],[38.92929913400019,40.59940793900006],[38.92860844500018,40.59885064800005],[38.92869478600011,40.59849987700011],[38.92732627300012,40.59781611300019],[38.914122183000075,40.58716224100044],[38.912781100000075,40.58222099500034],[38.91060111100006,40.58091900500011],[38.91087701000009,40.577675333000286],[38.90954013100003,40.57637413300063],[38.91156661299999,40.57209112000004],[38.91817444500015,40.56783933800011],[38.929400232000035,40.5706158430001],[38.94036053499997,40.56347730300024],[38.9527440920001,40.564418914999976],[38.97149835100009,40.553989430000115],[38.9813376890001,40.556366719000096],[38.995484280000085,40.554483422000146],[38.996831388000146,40.55066956200005],[38.99899177000003,40.54957900800002],[38.999120780000055,40.549193255000034],[39.001061333999985,40.54609028500016],[39.002666969000074,40.54397265000068],[39.00476296800002,40.5421032430001],[39.00644771300006,40.54009798900046],[39.00797835100008,40.53674376500004],[39.00873492700015,40.53334020700015],[39.00885520300017,40.531728387000044],[39.011472770000125,40.53341990800027],[39.01235810800017,40.533779256000514],[39.01464770600006,40.53397137900015],[39.0179244520001,40.535585419000654],[39.01892469500018,40.5392929030001],[39.02207132300015,40.54341340400009],[39.0232590920001,40.54315496700008],[39.025912700000106,40.54568094900003],[39.02483046400005,40.54910100800009],[39.02778854100012,40.55251694800012],[39.02771730900008,40.554025209000656],[39.02809322600001,40.554338859000495],[39.02835975100015,40.55616825699997],[39.027564618000156,40.55725826400055],[39.02754189800004,40.55773932700015],[39.02570561900012,40.55980667000006],[39.023557106000055,40.56275195600017],[39.02343003506195,40.56261012168471],[39.021890000000155,40.56277000000006],[39.02055000000013,40.562470000000474],[39.0161700000001,40.56112000000036],[39.01239000000015,40.56059000000039],[39.001170000000116,40.55960000000033],[39.000460000000146,40.55942000000039],[38.9993300000001,40.55951000000016],[38.9973700000001,40.559330000000045],[38.99703000000005,40.5597600000001],[38.996220000000164,40.559730000000286],[38.99468000000013,40.55919000000051],[38.99374000000017,40.558590000000095],[38.99292000000014,40.5584800000002],[38.991700000000094,40.558930000000316],[38.990510000000086,40.56003000000038],[38.99003000000016,40.560270000000344],[38.988350000000025,40.560480000000666],[38.98775000000012,40.56100000000038],[38.986640000000136,40.561690000000056],[38.98539000000011,40.562710000000436],[38.98529000000019,40.56319000000036],[38.98464000000024,40.56383000000005],[38.98382000000004,40.564290000000426],[38.983330000000194,40.56445000000019],[38.98241000000007,40.56555000000026],[38.982000000000085,40.56585000000018],[38.981530000000134,40.5659100000002],[38.9809800000001,40.566270000000145],[38.9808000000001,40.56630000000047],[38.977790000000084,40.569620000000214],[38.97795000000019,40.572840000000156],[38.97854000000018,40.574730000000216],[38.97836000000018,40.57603000000012],[38.978680000000224,40.57898000000017],[38.97870000000006,40.581550000000334],[38.98036493126989,40.58354443651672]]],"type":"Polygon"}},{"type":"Feature","properties":{"area_id":"TR-29-004-2015118","name_tr":"Kızılcadam Köyü","area_level":"neighbourhood","parent_id":"TR-29-004","endeksa_id":2015118},"geometry":{"coordinates":[[[39.093501690000096,40.61617668900004],[39.09224721500016,40.617135729000665],[39.08660801900004,40.62067004000062],[39.083763238000074,40.62378326400028],[39.0814898540001,40.62753978800009],[39.07713536100016,40.629014603000314],[39.07013913100019,40.63183757100012],[39.06598111800014,40.63242707100022],[39.06570661799998,40.632606218000035],[39.06549048000005,40.63246001700014],[39.06517871900013,40.62837970600009],[39.06460505400014,40.62506164800004],[39.061255256000095,40.62030952000009],[39.05814637100019,40.61394669000015],[39.0537408240001,40.60632043400011],[39.05360156600011,40.60168382799998],[39.05331549900018,40.60146582200025],[39.05347946600011,40.601490762000026],[39.05362527000011,40.60128741400041],[39.055639304000124,40.600542320000045],[39.059843290000174,40.59814817300014],[39.06290563900012,40.59562216800009],[39.06542263100005,40.592253688000085],[39.06903523100016,40.58954091800052],[39.07328185100016,40.58725263800005],[39.073479284000086,40.58723248200016],[39.07347094000011,40.58715074800011],[39.07364645700011,40.58718973400016],[39.07525301400011,40.5901655830001],[39.07665251000009,40.59243668900058],[39.07965791900017,40.594619650000084],[39.08292339800005,40.59926895900014],[39.086983226000086,40.602695778000054],[39.08632416700016,40.60501368200016],[39.086768537000125,40.60532622200009],[39.088400898000145,40.605719249],[39.08962298500006,40.606933299000104],[39.09110033400003,40.60732770400017],[39.09183047700009,40.60865325200007],[39.09320575200013,40.61010017000007],[39.09556549900009,40.61106317500003],[39.097427841000126,40.61158545000018],[39.09756980900016,40.6120501260001],[39.09703336100017,40.6124790760004],[39.095047307000186,40.614995072000056],[39.093501690000096,40.61617668900004]]],"type":"Polygon"}},{"type":"Feature","properties":{"area_id":"TR-29-004-2015122","name_tr":"Sapmaz Köyü","area_level":"neighbourhood","parent_id":"TR-29-004","endeksa_id":2015122},"geometry":{"coordinates":[[[38.876497611000275,40.57699071400003],[38.889173384,40.57929210400039],[38.89563304000018,40.58244074700008],[38.893161250000105,40.59035400100021],[38.889386215000115,40.59603286100008],[38.882019949000096,40.597214077000444],[38.87970607900013,40.599241812000116],[38.87975853700004,40.59939070400014],[38.87958294600003,40.59955971200009],[38.882727995000096,40.60781890100037],[38.886596267000016,40.61143742400054],[38.88367943200018,40.61631680900041],[38.886711270000035,40.621913350000284],[38.88628233900016,40.62303370200061],[38.88961610300015,40.62727956700064],[38.88339960200011,40.62960148400015],[38.87573713100005,40.63922143299999],[38.86982341300012,40.63842381600017],[38.86899727600007,40.636549047000074],[38.86268801099999,40.63500646000057],[38.85963788500004,40.631108098000425],[38.85662373400015,40.629919310000105],[38.840759659000184,40.63432350500028],[38.836957226000095,40.63806589200004],[38.8336394210001,40.63747411200046],[38.83068664100006,40.63480239000006],[38.83150350400007,40.63010547100015],[38.827086444000145,40.61848914500001],[38.82831088800003,40.614922198000215],[38.82147151900017,40.612111014000675],[38.818016784000065,40.607317138000155],[38.81185814300005,40.60525183200019],[38.80219526000013,40.59574904300001],[38.79722400300017,40.59348169600008],[38.79845200600022,40.583272944999976],[38.80036961700034,40.579310829000065],[38.800477360000286,40.57924667500026],[38.800603303000344,40.57929466100069],[38.80312272600031,40.58253898700053],[38.80626434200036,40.582045312000275],[38.83375317200017,40.59425003600006],[38.84283276300033,40.592039211000554],[38.84658420800031,40.59098862000076],[38.85883541100026,40.58549223300031],[38.85568635200025,40.58318837900026],[38.8554265110003,40.57828686400052],[38.86442064200031,40.574798041000065],[38.876497611000275,40.57699071400003]]],"type":"Polygon"}},{"type":"Feature","properties":{"area_id":"TR-29-004-2015112","name_tr":"Elmalı Köyü","area_level":"neighbourhood","parent_id":"TR-29-004","endeksa_id":2015112},"geometry":{"coordinates":[[[39.06500884000019,40.6273971330001],[39.063215275000175,40.62988649900069],[39.06134683200003,40.63913448400035],[39.05467000073173,40.644609999435545],[39.04923000000008,40.642970000000446],[39.04867000000007,40.64243000000016],[39.04483000000016,40.64233000000007],[39.041810000000055,40.64112000000017],[39.03938000000005,40.64078000000029],[39.03631000000007,40.640560000000164],[39.02780000000013,40.638880000000256],[39.02229000000017,40.63880000000006],[39.019700000000114,40.63821000000024],[39.01518000000004,40.637740000000065],[39.010830000000226,40.634980000000155],[39.00776000000019,40.63392000000056],[39.00512000000009,40.63367000000011],[39.00276000000025,40.63268000000028],[38.99943000000019,40.63258000000053],[38.9976400000001,40.63163000000009],[38.99731949961489,40.631072091922306],[38.997457758999985,40.6308312830007],[38.9976362540001,40.63090090200069],[38.99760905700009,40.62511489700006],[39.00131066300014,40.62502393699998],[39.00621074899999,40.62009500500005],[39.01197917700017,40.61883433200006],[39.013322696000046,40.61644596200017],[39.01762090900013,40.615367313000036],[39.02257272500003,40.611057296000354],[39.03318076700009,40.60856813400028],[39.03367157499997,40.60807778300011],[39.03734792500006,40.607091225000204],[39.04213073100004,40.60748794900019],[39.045321159000025,40.607102891000636],[39.05010140700011,40.601038584000094],[39.04507533200001,40.59658234700004],[39.04620079600005,40.596260470000175],[39.046275643000115,40.59618130900026],[39.04623565900005,40.59596336600043],[39.046419514000036,40.59617190800009],[39.04949309200015,40.597301742000184],[39.051742120000085,40.59930768000021],[39.052657470000156,40.60083717600014],[39.05331549900018,40.60146582200025],[39.05360156600011,40.60168382799998],[39.0537408240001,40.60632043400011],[39.05814637100019,40.61394669000015],[39.061255256000095,40.62030952000009],[39.06460505400014,40.62506164800004],[39.06500884000019,40.6273971330001]]],"type":"Polygon"}},{"type":"Feature","properties":{"area_id":"TR-29-004-2015102","name_tr":"Aşağıkaradere Köyü","area_level":"neighbourhood","parent_id":"TR-29-004","endeksa_id":2015102},"geometry":{"coordinates":[[[39.18413305269644,40.643708849918426],[39.17794548000023,40.645910652000566],[39.173363182000344,40.64701043800079],[39.17244679800018,40.64786356999997],[39.171886438949855,40.6480630308439],[39.171440000000416,40.647470000000624],[39.17142000000035,40.64725000000021],[39.17119000000031,40.647060000000636],[39.1710300000002,40.64669000000043],[39.17076000000026,40.64584000000076],[39.170700000000295,40.645300000000304],[39.17097000000024,40.64485000000059],[39.17134000000027,40.64470000000023],[39.17224000000033,40.64472000000046],[39.17274000000032,40.64460000000048],[39.173240000000305,40.64420000000024],[39.17342000000025,40.64373000000063],[39.17316000000022,40.64349000000067],[39.17202000000026,40.643370000000345],[39.17100000000022,40.64235000000048],[39.16803000000033,40.64081000000061],[39.165840000000344,40.63924000000037],[39.162340000000256,40.636410000000694],[39.15997000000027,40.63541000000038],[39.156740000000354,40.633810000000324],[39.15443000000022,40.63029000000023],[39.14960000000025,40.628530000000296],[39.14711000000028,40.62554000000085],[39.14565000000027,40.622310000000596],[39.14318000000037,40.620510000000706],[39.14162000000027,40.61753000000033],[39.140258205774444,40.616289171369374],[39.14502759300001,40.613353081000184],[39.14534379500009,40.6129329260001],[39.147044937000146,40.61181252400013],[39.14899979296189,40.60807670217952],[39.149345363000066,40.61116611900002],[39.15253287899998,40.613981109000065],[39.15353582100005,40.61438331800002],[39.15681051200016,40.61702693900037],[39.15729564200018,40.61712773300036],[39.1586718210001,40.61799912200007],[39.167793830000164,40.619310969000026],[39.16831904700018,40.6204298720001],[39.168758537000144,40.620512163000114],[39.17023797100012,40.62235426300026],[39.17057590100006,40.62527814100042],[39.170793003000085,40.625744531000464],[39.170838743000104,40.62754871200008],[39.176821671000084,40.629775424000115],[39.17956941200015,40.63521818000032],[39.18440336600008,40.638287278000064],[39.183218576000115,40.642466884000385],[39.18413305269644,40.643708849918426]]],"type":"Polygon"}},{"type":"Feature","properties":{"area_id":"TR-29-004-2015099","name_tr":"Aktaş Köyü","area_level":"neighbourhood","parent_id":"TR-29-004","endeksa_id":2015099},"geometry":{"coordinates":[[[38.90569153446825,40.63728114652042],[38.89283477400011,40.63936517899998],[38.88338637200013,40.638640877000455],[38.88212727900009,40.638620724000475],[38.87573713100005,40.63922143299999],[38.88339960200011,40.62960148400015],[38.88961610300015,40.62727956700064],[38.88628233900016,40.62303370200061],[38.886711270000035,40.621913350000284],[38.88367943200018,40.61631680900041],[38.886596267000016,40.61143742400054],[38.882727995000096,40.60781890100037],[38.87958294600003,40.59955971200009],[38.87975853700004,40.59939070400014],[38.87970607900013,40.599241812000116],[38.882019949000096,40.597214077000444],[38.889386215000115,40.59603286100008],[38.893161250000105,40.59035400100021],[38.89563304000018,40.58244074700008],[38.889173384,40.57929210400039],[38.876497611000275,40.57699071400003],[38.87684091800031,40.57661981300021],[38.87903448000026,40.573056303000556],[38.881424618000324,40.57030088000056],[38.88160232800027,40.56967529900027],[38.881725453000286,40.56961001100086],[38.88192830800028,40.56923763400016],[38.88236577300012,40.56896051000018],[38.8864759380001,40.56806973000016],[38.888879762000045,40.56695791000004],[38.89318652900016,40.56232288600006],[38.89536603700003,40.559507698000175],[38.90396260500006,40.55251485700006],[38.90682665700007,40.549944939000056],[38.91751194600016,40.548107348000485],[38.92226184700013,40.548516206000386],[38.923497129000054,40.54821892800015],[38.92366810000004,40.548239227000295],[38.925295559000176,40.54975048300014],[38.925578113000086,40.550963175000106],[38.92542313100006,40.55206711000005],[38.92577485600009,40.552549230000125],[38.9359941620001,40.560570594000524],[38.93761871800007,40.56526307200011],[38.929400232000035,40.5706158430001],[38.91817444500015,40.56783933800011],[38.91156661299999,40.57209112000004],[38.90954013100003,40.57637413300063],[38.91087701000009,40.577675333000286],[38.91060111100006,40.58091900500011],[38.912781100000075,40.58222099500034],[38.914122183000075,40.58716224100044],[38.92732627300012,40.59781611300019],[38.92869478600011,40.59849987700011],[38.92860844500018,40.59885064800005],[38.92929913400019,40.59940793900006],[38.92733974000009,40.60400824400011],[38.93192990699998,40.61035779700012],[38.94335292000005,40.61853408400009],[38.95179066800006,40.61712349200013],[38.954289850000066,40.61834572100008],[38.961572021000165,40.62594642100015],[38.96162677800015,40.626421069000116],[38.96395590400016,40.62898422900014],[38.96265525353533,40.632027956958666],[38.95854000000003,40.63289000000009],[38.955760000000055,40.632650000000126],[38.95170000000019,40.63163000000009],[38.94738000000018,40.6303800000004],[38.93223000000006,40.626680000000135],[38.92855000000003,40.62887000000052],[38.92486000000008,40.63234000000057],[38.921540000000164,40.633870000000684],[38.91728000000012,40.63568000000015],[38.91045000000008,40.63519000000048],[38.90569153446825,40.63728114652042]]],"type":"Polygon"}},{"type":"Feature","properties":{"area_id":"TR-29-004-2015104","name_tr":"Beşirköy Köyü","area_level":"neighbourhood","parent_id":"TR-29-004","endeksa_id":2015104},"geometry":{"coordinates":[[[38.99731949961489,40.631072091922306],[38.99710000000016,40.63069000000047],[38.9960700000002,40.63494000000043],[38.995040000000074,40.63505000000026],[38.99207000000018,40.63461000000012],[38.986080000000186,40.63296000000071],[38.983110000000124,40.63228000000021],[38.982210000000066,40.63218000000012],[38.97793000000013,40.63208000000037],[38.97623000000016,40.632400000000416],[38.97319000000016,40.63208000000037],[38.97114000000022,40.63146000000023],[38.96947000000006,40.631230000000414],[38.968370000000164,40.630640000000085],[38.96569000000011,40.629990000000134],[38.96265525353533,40.632027956958666],[38.96395590400016,40.62898422900014],[38.96162677800015,40.626421069000116],[38.961572021000165,40.62594642100015],[38.954289850000066,40.61834572100008],[38.95179066800006,40.61712349200013],[38.94335292000005,40.61853408400009],[38.93192990699998,40.61035779700012],[38.92733974000009,40.60400824400011],[38.93724279600002,40.60334765100043],[38.93950572100016,40.601692840000055],[38.952491118000125,40.59923469600005],[38.96029535500003,40.60364668700015],[38.97060293100009,40.60427099900045],[38.98293854200011,40.60902456500014],[38.989707023000165,40.60037305700018],[38.98618774300013,40.593409692000705],[38.987595165000016,40.59007455500017],[38.98036493126989,40.58354443651672],[38.98075000000006,40.58311000000009],[38.98313000000013,40.582040000000404],[38.98553000000015,40.581210000000624],[38.98703000000006,40.58149000000037],[38.9878700000001,40.581420000000264],[38.989650000000154,40.58107000000041],[38.9926500000002,40.58022000000028],[38.994540000000086,40.580710000000465],[38.99565000000007,40.58021000000031],[38.99943000000019,40.57993000000005],[39.000340000000165,40.580430000000035],[39.00171000000023,40.58019000000007],[39.00490000000019,40.58060000000006],[39.00821000000013,40.580280000000414],[39.01104000000015,40.581210000000624],[39.01172000000014,40.58184000000017],[39.01231000000007,40.582540000000165],[39.014240000000086,40.58376000000004],[39.01520000000011,40.58491000000038],[39.01547000000005,40.584920000000125],[39.01581000000016,40.58510000000007],[39.01664000000005,40.58575000000042],[39.01869000000005,40.586440000000096],[39.01918000000006,40.58624000000043],[39.01963000000018,40.58631000000054],[39.02034000000015,40.586160000000234],[39.02060000000017,40.586320000000114],[39.02018000000004,40.58875000000012],[39.02155000000005,40.589140000000214],[39.02331000000004,40.589450000000284],[39.0248900000002,40.59023000000019],[39.02691000000016,40.590590000000134],[39.02780000000013,40.59126000000015],[39.029050000000154,40.5915100000002],[39.029910000000086,40.59181000000018],[39.03067000000004,40.591760000000306],[39.03174000000013,40.59193000000016],[39.0325400000001,40.5923700000003],[39.03318000000007,40.59228000000013],[39.03482000000008,40.592380000000276],[39.03601000000015,40.59286000000037],[39.0365700000001,40.59289000000069],[39.037500000000136,40.59262000000041],[39.037940000000106,40.5923700000003],[39.03802000000019,40.59194000000025],[39.03815263300237,40.59178547227185],[39.039000000000044,40.59154000000018],[39.03927380224741,40.59127287585659],[39.039270779149206,40.5914250313956],[39.03946404515506,40.59146797437313],[39.040850741000156,40.59079360099997],[39.04122485900001,40.59122122300005],[39.04238352200008,40.59419572400037],[39.05010140700011,40.601038584000094],[39.045321159000025,40.607102891000636],[39.04213073100004,40.60748794900019],[39.03734792500006,40.607091225000204],[39.03367157499997,40.60807778300011],[39.03318076700009,40.60856813400028],[39.02257272500003,40.611057296000354],[39.01762090900013,40.615367313000036],[39.013322696000046,40.61644596200017],[39.01197917700017,40.61883433200006],[39.00621074899999,40.62009500500005],[39.00131066300014,40.62502393699998],[38.99760905700009,40.62511489700006],[38.9976362540001,40.63090090200069],[38.997457758999985,40.6308312830007],[38.99731949961489,40.631072091922306]]],"type":"Polygon"}},{"type":"Feature","properties":{"area_id":"TR-29-004-2015116","name_tr":"Gürgenli Köyü","area_level":"neighbourhood","parent_id":"TR-29-004","endeksa_id":2015116},"geometry":{"coordinates":[[[39.10815925110364,40.635023550662424],[39.10530376200012,40.63848920300052],[39.10467444300019,40.64403817100009],[39.102277665000145,40.647629868000536],[39.08525901700011,40.65666036900018],[39.080552775000115,40.656191948000014],[39.07707048500009,40.65513345700009],[39.0733172570001,40.65447726100052],[39.06611464200017,40.65498897300023],[39.06491092200008,40.65257157100041],[39.06220575003522,40.65160375497254],[39.06202959055429,40.65163506429252],[39.06199798501922,40.651773621503025],[39.05925000000008,40.65054000000009],[39.058480000000145,40.6489600000001],[39.057520000000125,40.64821000000006],[39.05669000000023,40.64716000000038],[39.05552000000023,40.64637000000039],[39.054700000000196,40.64490000000029],[39.05467000073173,40.644609999435545],[39.06134683200003,40.63913448400035],[39.063215275000175,40.62988649900069],[39.06500884000019,40.6273971330001],[39.06517871900013,40.62837970600009],[39.06549048000005,40.63246001700014],[39.06570661799998,40.632606218000035],[39.06598111800014,40.63242707100022],[39.07013913100019,40.63183757100012],[39.07713536100016,40.629014603000314],[39.0814898540001,40.62753978800009],[39.083763238000074,40.62378326400028],[39.08660801900004,40.62067004000062],[39.09224721500016,40.617135729000665],[39.093501690000096,40.61617668900004],[39.10208111500003,40.62386634200004],[39.10218321300016,40.629112535000104],[39.107179582685774,40.63135544063732],[39.10723000000036,40.63248000000061],[39.1078100000002,40.6325200000004],[39.108070000000225,40.6326700000007],[39.10853000000026,40.63330000000059],[39.10920000000027,40.633340000000715],[39.11084000000028,40.633250000000714],[39.111100000000306,40.633430000000374],[39.11109000000033,40.633620000000235],[39.11144000000036,40.634080000000495],[39.11175000000026,40.634210000000564],[39.11262000000028,40.63429000000025],[39.11289000000022,40.63454000000087],[39.11302000000035,40.63481000000047],[39.1130600000003,40.635480000000484],[39.11251000000027,40.63458000000031],[39.11174000000028,40.634670000000256],[39.111140000000205,40.63506000000092],[39.110490000000254,40.635010000000364],[39.11020000000025,40.63488000000058],[39.11016000000029,40.634390000000906],[39.11003000000022,40.6344600000005],[39.11003000000022,40.63488000000058],[39.11012000000039,40.63515000000035],[39.1105000000004,40.63550000000072],[39.11069000000032,40.635570000000655],[39.11066000000028,40.635660000000485],[39.11001000000033,40.635510000000295],[39.1095500000003,40.63505000000043],[39.1090700000002,40.634950000000686],[39.108820000000264,40.63471000000055],[39.10843000000034,40.63458000000031],[39.10815000000025,40.63457000000051],[39.10763324052772,40.6347910290807],[39.10770716501685,40.63494072667601],[39.10802000000035,40.6349400000006],[39.10815925110364,40.635023550662424]]],"type":"Polygon"}},{"type":"Feature","properties":{"area_id":"TR-29-004-2015108","name_tr":"Demirciler Köyü","area_level":"neighbourhood","parent_id":"TR-29-004","endeksa_id":2015108},"geometry":{"coordinates":[[[39.12745713905508,40.64611379981966],[39.1267976780004,40.64661480100051],[39.12689571100043,40.647201650000625],[39.11619238900039,40.65428783400074],[39.11336809700043,40.65372480200034],[39.11193087700053,40.65661681800037],[39.100885093000386,40.65702656000053],[39.09429967700049,40.65537823900047],[39.09055948600053,40.6571859550001],[39.08444755148173,40.65709098806445],[39.102277665000145,40.647629868000536],[39.10467444300019,40.64403817100009],[39.10530376200012,40.63848920300052],[39.10815925110364,40.635023550662424],[39.108350000000314,40.63506000000092],[39.10864000000032,40.63531000000063],[39.10917000000029,40.635450000000844],[39.110300000000336,40.63717000000071],[39.11059000000034,40.637460000000544],[39.11095000000029,40.63766000000038],[39.11161000000021,40.63844000000029],[39.11200000000031,40.63846000000086],[39.11273000000034,40.638730000000635],[39.113180000000284,40.6391100000003],[39.114880000000255,40.6400100000003],[39.115350000000376,40.64023000000026],[39.11600000000033,40.64035000000058],[39.116720000000214,40.64089000000047],[39.116960000000404,40.64162000000084],[39.11701000000028,40.642190000000426],[39.116810000000214,40.642760000000294],[39.11903000000024,40.64201000000077],[39.12097000000034,40.64182000000068],[39.121330000000285,40.64301000000074],[39.121540000000266,40.64333000000056],[39.124710000000334,40.64436000000052],[39.1256400000002,40.64471000000037],[39.125880000000336,40.644950000000335],[39.126280000000236,40.64497000000091],[39.12655000000035,40.64513000000028],[39.12745713905508,40.64611379981966]]],"type":"Polygon"}},{"type":"Feature","properties":{"area_id":"TR-29-004-2015100","name_tr":"Araköy Köyü","area_level":"neighbourhood","parent_id":"TR-29-004","endeksa_id":2015100},"geometry":{"coordinates":[[[39.15063253736929,40.657836446200236],[39.15058950500048,40.65804270800038],[39.14022852000056,40.65777279400078],[39.14020992700057,40.654957978000766],[39.13747000000063,40.65184000000107],[39.137190000000714,40.65135000000066],[39.13587000000075,40.65045000000083],[39.134710000000666,40.648700000000645],[39.1343600000007,40.64857000000069],[39.13324000000074,40.64851000000073],[39.132390000000555,40.648210000000574],[39.13103000000069,40.647550000000706],[39.12952000000058,40.64738000000028],[39.12745713905508,40.64611379981966],[39.12655000000035,40.64513000000028],[39.126280000000236,40.64497000000091],[39.125880000000336,40.644950000000335],[39.1256400000002,40.64471000000037],[39.124710000000334,40.64436000000052],[39.121540000000266,40.64333000000056],[39.121330000000285,40.64301000000074],[39.12097000000034,40.64182000000068],[39.11903000000024,40.64201000000077],[39.116810000000214,40.642760000000294],[39.11701000000028,40.642190000000426],[39.116960000000404,40.64162000000084],[39.116720000000214,40.64089000000047],[39.11600000000033,40.64035000000058],[39.115350000000376,40.64023000000026],[39.114880000000255,40.6400100000003],[39.113180000000284,40.6391100000003],[39.11273000000034,40.638730000000635],[39.11200000000031,40.63846000000086],[39.11161000000021,40.63844000000029],[39.11095000000029,40.63766000000038],[39.11059000000034,40.637460000000544],[39.110300000000336,40.63717000000071],[39.10917000000029,40.635450000000844],[39.10864000000032,40.63531000000063],[39.108350000000314,40.63506000000092],[39.10815925110364,40.635023550662424],[39.10802000000035,40.6349400000006],[39.10770716501685,40.63494072667601],[39.10763324052772,40.6347910290807],[39.10815000000025,40.63457000000051],[39.10843000000034,40.63458000000031],[39.108820000000264,40.63471000000055],[39.1090700000002,40.634950000000686],[39.1095500000003,40.63505000000043],[39.11001000000033,40.635510000000295],[39.11066000000028,40.635660000000485],[39.11069000000032,40.635570000000655],[39.1105000000004,40.63550000000072],[39.11012000000039,40.63515000000035],[39.11003000000022,40.63488000000058],[39.11003000000022,40.6344600000005],[39.11016000000029,40.634390000000906],[39.11020000000025,40.63488000000058],[39.110490000000254,40.635010000000364],[39.111140000000205,40.63506000000092],[39.11174000000028,40.634670000000256],[39.11251000000027,40.63458000000031],[39.1130600000003,40.635480000000484],[39.11302000000035,40.63481000000047],[39.11289000000022,40.63454000000087],[39.11262000000028,40.63429000000025],[39.11175000000026,40.634210000000564],[39.11144000000036,40.634080000000495],[39.11109000000033,40.633620000000235],[39.111100000000306,40.633430000000374],[39.11084000000028,40.633250000000714],[39.10920000000027,40.633340000000715],[39.10853000000026,40.63330000000059],[39.108070000000225,40.6326700000007],[39.1078100000002,40.6325200000004],[39.10723000000036,40.63248000000061],[39.107179582685774,40.63135544063732],[39.10757000000024,40.62836000000078],[39.107730000000345,40.62824000000046],[39.10836000000023,40.62815000000063],[39.10862000000026,40.62795000000045],[39.10862000000026,40.627760000000535],[39.10828000000021,40.626990000000205],[39.10873000000032,40.62624000000051],[39.10871000000026,40.625350000000765],[39.108560000000296,40.625010000000714],[39.10865000000024,40.62487000000084],[39.10873000000032,40.62412000000046],[39.10890000000035,40.623830000000225],[39.10929000000027,40.62365000000062],[39.10930000000042,40.62354000000022],[39.1090700000002,40.622870000000205],[39.109090000000265,40.6224500000003],[39.10874000000024,40.62153000000035],[39.10828000000021,40.6210600000004],[39.10734000000042,40.62037000000083],[39.10731000000021,40.619830000000206],[39.10778000000022,40.61904000000021],[39.10774000000026,40.61855000000088],[39.10837000000038,40.617980000000614],[39.108470000000295,40.617660000000456],[39.10836000000023,40.61707000000064],[39.10802000000035,40.61634000000032],[39.10809000000029,40.616120000000365],[39.10823000000033,40.61602000000045],[39.10862000000026,40.61600000000021],[39.10888000000028,40.61610000000036],[39.10904000000039,40.61605000000026],[39.10932000000025,40.61585000000059],[39.10948000000036,40.61537000000067],[39.117950000000235,40.61763000000025],[39.12172000000021,40.6181700000007],[39.12414000000024,40.617360000000474],[39.12620000000038,40.61618000000021],[39.12874000000039,40.615590000000395],[39.131120000000294,40.6145300000008],[39.134270000000356,40.61461000000031],[39.136170000000334,40.614970000000255],[39.13764000000026,40.61508000000066],[39.140258205774444,40.616289171369374],[39.14162000000027,40.61753000000033],[39.14318000000037,40.620510000000706],[39.14565000000027,40.622310000000596],[39.14711000000028,40.62554000000085],[39.14960000000025,40.628530000000296],[39.15443000000022,40.63029000000023],[39.156740000000354,40.633810000000324],[39.15997000000027,40.63541000000038],[39.162340000000256,40.636410000000694],[39.165840000000344,40.63924000000037],[39.16803000000033,40.64081000000061],[39.17100000000022,40.64235000000048],[39.17202000000026,40.643370000000345],[39.17316000000022,40.64349000000067],[39.17342000000025,40.64373000000063],[39.173240000000305,40.64420000000024],[39.17274000000032,40.64460000000048],[39.17224000000033,40.64472000000046],[39.17134000000027,40.64470000000023],[39.17097000000024,40.64485000000059],[39.170700000000295,40.645300000000304],[39.17076000000026,40.64584000000076],[39.1710300000002,40.64669000000043],[39.17119000000031,40.647060000000636],[39.17142000000035,40.64725000000021],[39.171440000000416,40.647470000000624],[39.17211000000043,40.648360000000366],[39.17274000000049,40.64877000000058],[39.1722400000005,40.64923000000044],[39.17149000000046,40.6502100000007],[39.17079000000041,40.65048000000064],[39.1695100000004,40.650620000000856],[39.169030000000475,40.65079000000071],[39.168010000000436,40.6514200000006],[39.167540000000486,40.65139000000062],[39.16624000000053,40.6505200000006],[39.16570000000047,40.650280000000464],[39.165160000000526,40.65016000000048],[39.1642200000004,40.650100000000805],[39.163120000000504,40.6502100000007],[39.161880000000394,40.65088000000071],[39.161410000000444,40.650840000000585],[39.16121000000038,40.65073000000035],[39.1608700000005,40.65034000000077],[39.160610000000474,40.650220000000616],[39.16022000000055,40.650190000000805],[39.158077760301126,40.650623688841904],[39.15554755284052,40.65226363812178],[39.14945499034957,40.65678151088866],[39.149631291000446,40.65709029500056],[39.15063253736929,40.657836446200236]]],"type":"Polygon"}},{"type":"Feature","properties":{"area_id":"TR-29-004-2015114","name_tr":"Gündoğdu Köyü","area_level":"neighbourhood","parent_id":"TR-29-004","endeksa_id":2015114},"geometry":{"coordinates":[[[39.1360152689013,40.65054904697854],[39.13406765678809,40.65200359273388],[39.13178337422249,40.656001087223615],[39.1316977032601,40.65741549687897],[39.13171199039232,40.65878505660061],[39.13161051806236,40.65977296552808],[39.130498465279345,40.66135487448673],[39.130498465279345,40.663068086411045],[39.131497838901794,40.664781298335186],[39.13156129410322,40.66568110025884],[39.130496000000335,40.666338000000394],[39.12899350000038,40.666713200000345],[39.12785726356282,40.66727973239131],[39.1263582031292,40.668493257504224],[39.124259715903406,40.67016380150602],[39.12257241740605,40.67171155744683],[39.12201458100037,40.6711795540009],[39.117453076000515,40.6731584270006],[39.11523695700038,40.67137493500064],[39.112781192000455,40.66789276300051],[39.11267676900047,40.66734632200047],[39.110997085000406,40.66555161900021],[39.110351460000516,40.6650296040001],[39.10848168200039,40.664577781000105],[39.10815572400037,40.66412733500067],[39.10708437900047,40.66332214100066],[39.106880213000466,40.66324040100051],[39.094859829000484,40.663138210000454],[39.084817640000495,40.65750864300037],[39.08401089700044,40.65716813600085],[39.08444755148173,40.65709098806445],[39.09055948600053,40.6571859550001],[39.09429967700049,40.65537823900047],[39.100885093000386,40.65702656000053],[39.11193087700053,40.65661681800037],[39.11336809700043,40.65372480200034],[39.11619238900039,40.65428783400074],[39.12689571100043,40.647201650000625],[39.1267976780004,40.64661480100051],[39.12745713905508,40.64611379981966],[39.12952000000058,40.64738000000028],[39.13103000000069,40.647550000000706],[39.132390000000555,40.648210000000574],[39.13324000000074,40.64851000000073],[39.1343600000007,40.64857000000069],[39.134710000000666,40.648700000000645],[39.13587000000075,40.65045000000083],[39.1360152689013,40.65054904697854]]],"type":"Polygon"}},{"type":"Feature","properties":{"area_id":"TR-29-004-30969","name_tr":"Süme","area_level":"neighbourhood","parent_id":"TR-29-004","endeksa_id":30969},"geometry":{"coordinates":[[[39.14022852000056,40.65777279400078],[39.13886667400055,40.65763603400052],[39.13873804800039,40.65775812800081],[39.13897676000056,40.658511064000606],[39.1398764120006,40.65975528600069],[39.140565279753844,40.661542553916945],[39.1407343006851,40.66208480515712],[39.14059790456673,40.662769555794625],[39.13961026522645,40.66496551755017],[39.13770823200042,40.66775995200044],[39.13455217500052,40.67573863900043],[39.132187748000376,40.680352812000535],[39.13063365500045,40.68145142100042],[39.128486452000516,40.68279495200062],[39.12261480000052,40.68447671900043],[39.12178681300054,40.68491843700053],[39.120471608000514,40.68059222800025],[39.119747566000456,40.67647396400042],[39.11940283700045,40.67560444300051],[39.1165869350005,40.673163187000455],[39.11589157400044,40.671901758000445],[39.117453076000515,40.6731584270006],[39.12201458100037,40.6711795540009],[39.12257241740605,40.67171155744683],[39.124259715903406,40.67016380150602],[39.1263582031292,40.668493257504224],[39.12785726356282,40.66727973239131],[39.12899350000038,40.666713200000345],[39.130496000000335,40.666338000000394],[39.13156129410322,40.66568110025884],[39.131497838901794,40.664781298335186],[39.130498465279345,40.663068086411045],[39.130498465279345,40.66135487448673],[39.13161051806236,40.65977296552808],[39.13171199039232,40.65878505660061],[39.1316977032601,40.65741549687897],[39.13178337422249,40.656001087223615],[39.13406765678809,40.65200359273388],[39.1360152689013,40.65054904697854],[39.137190000000714,40.65135000000066],[39.13747000000063,40.65184000000107],[39.14020992700057,40.654957978000766],[39.14022852000056,40.65777279400078]]],"type":"Polygon"}},{"type":"Feature","properties":{"area_id":"TR-29-004-2015125","name_tr":"Şendere Köyü","area_level":"neighbourhood","parent_id":"TR-29-004","endeksa_id":2015125},"geometry":{"coordinates":[[[39.10566732503992,40.68907130222931],[39.10359000000011,40.68954000000042],[39.10217000000023,40.69007000000022],[39.10148000000015,40.69004000000041],[39.1007800000001,40.689560000000085],[39.10046000000011,40.68958000000015],[39.09978000000018,40.68989000000022],[39.09989000000019,40.6902300000001],[39.09749000000005,40.69004000000041],[39.096140000000105,40.689710000000275],[39.09511000000015,40.68986000000007],[39.093730000000164,40.68973000000011],[39.090600000000165,40.68917000000033],[39.089110000000176,40.68905000000035],[39.08449000000019,40.6894800000004],[39.08429000000018,40.68968000000007],[39.08136000000019,40.6901900000002],[39.07842000000011,40.68989000000022],[39.07673000000011,40.68840000000057],[39.075850000000116,40.68707000000012],[39.07599000000016,40.6862900000001],[39.07510000000025,40.684690000000046],[39.075290000000166,40.68289000000016],[39.07488000000012,40.682620000000384],[39.07425000000006,40.68198000000018],[39.07357000000013,40.68065000000024],[39.07206000000025,40.67889000000031],[39.0716300000002,40.67858000000024],[39.07141000000007,40.677390000000514],[39.0708400000002,40.677110000000084],[39.07051000000007,40.67563000000041],[39.065850000000125,40.670790000000125],[39.066750000000184,40.66516000000041],[39.065910000000144,40.66359000000017],[39.066530000000114,40.663360000000694],[39.06744000000026,40.6628000000004],[39.064060000000154,40.658680000000174],[39.06250000000006,40.652630000000386],[39.06199798501922,40.651773621503025],[39.06202959055429,40.65163506429252],[39.06220575003522,40.65160375497254],[39.06491092200008,40.65257157100041],[39.06611464200017,40.65498897300023],[39.0733172570001,40.65447726100052],[39.07707048500009,40.65513345700009],[39.080552775000115,40.656191948000014],[39.08525901700011,40.65666036900018],[39.08444755148173,40.65709098806445],[39.08401089700044,40.65716813600085],[39.084817640000495,40.65750864300037],[39.092701064000494,40.66192802400053],[39.09228303000015,40.665195352000126],[39.09454675900014,40.67035360100016],[39.09737036100017,40.67463824100014],[39.09876660200018,40.67855880100018],[39.09885432000016,40.68130719600026],[39.10474259299997,40.68645411000068],[39.10566732503992,40.68907130222931]]],"type":"Polygon"}},{"type":"Feature","properties":{"area_id":"TR-29-004-2015106","name_tr":"Çayırçukur Köyü","area_level":"neighbourhood","parent_id":"TR-29-004","endeksa_id":2015106},"geometry":{"coordinates":[[[39.11065532499998,40.69383810700066],[39.10993562700031,40.69374055500003],[39.108460288000174,40.694352337000396],[39.10794718400035,40.69464102000006],[39.107415833000175,40.69515300800015],[39.10721946900031,40.69512665400009],[39.10697940600005,40.6943079510001],[39.10739153592385,40.69273465092698],[39.10970000000009,40.69221000000033],[39.111980000000074,40.6910500000003],[39.113120000000094,40.69059000000004],[39.11555000000004,40.69025000000016],[39.11418000000003,40.68840000000057],[39.1131900000002,40.68842000000012],[39.111850000000175,40.68819000000025],[39.11072000000013,40.68867000000017],[39.10961000000009,40.689410000000294],[39.10865000000007,40.689840000000345],[39.10809000000012,40.689830000000256],[39.10656000000017,40.68923000000035],[39.10566732503992,40.68907130222931],[39.10474259299997,40.68645411000068],[39.09885432000016,40.68130719600026],[39.09876660200018,40.67855880100018],[39.09737036100017,40.67463824100014],[39.09454675900014,40.67035360100016],[39.09228303000015,40.665195352000126],[39.092701064000494,40.66192802400053],[39.094859829000484,40.663138210000454],[39.106880213000466,40.66324040100051],[39.10708437900047,40.66332214100066],[39.10815572400037,40.66412733500067],[39.10848168200039,40.664577781000105],[39.110351460000516,40.6650296040001],[39.110997085000406,40.66555161900021],[39.11267676900047,40.66734632200047],[39.112781192000455,40.66789276300051],[39.11523695700038,40.67137493500064],[39.11589157400044,40.671901758000445],[39.1165869350005,40.673163187000455],[39.11940283700045,40.67560444300051],[39.119747566000456,40.67647396400042],[39.120471608000514,40.68059222800025],[39.12178681300054,40.68491843700053],[39.121333267000296,40.68757589100068],[39.12215118790925,40.690610469136516],[39.12223025600019,40.69092974700004],[39.122025297000164,40.69072994800007],[39.11215742200005,40.69288270200002],[39.11065532499998,40.69383810700066]]],"type":"Polygon"}},{"type":"Feature","properties":{"area_id":"TR-29-004-30968","name_tr":"Cayra","area_level":"neighbourhood","parent_id":"TR-29-004","endeksa_id":30968},"geometry":{"coordinates":[[[39.16664095800036,40.686670855000045],[39.163023441000234,40.68931602100059],[39.161813522000216,40.69312939500031],[39.1619191490002,40.69553378500029],[39.15913087300021,40.69483589999999],[39.15626245500022,40.6961793400003],[39.150618900000154,40.696641705000275],[39.14709369100029,40.69521667000026],[39.139959049000254,40.69389524600035],[39.13481397000021,40.69501390400086],[39.13289511600027,40.69573360300063],[39.13081136000034,40.69663888000031],[39.12924817600032,40.69790272800043],[39.12910193100021,40.697913670000446],[39.12818863400025,40.695500706000814],[39.12613975900024,40.693022360000214],[39.124182727000345,40.692082727000184],[39.122417909218996,40.69049009408042],[39.12223145108226,40.69047921078317],[39.12215118790925,40.690610469136516],[39.121333267000296,40.68757589100068],[39.12178681300054,40.68491843700053],[39.12261480000052,40.68447671900043],[39.128486452000516,40.68279495200062],[39.13063365500045,40.68145142100042],[39.132187748000376,40.680352812000535],[39.13455217500052,40.67573863900043],[39.13770823200042,40.66775995200044],[39.13961026522645,40.66496551755017],[39.14059790456673,40.662769555794625],[39.1407343006851,40.66208480515712],[39.140565279753844,40.661542553916945],[39.1398764120006,40.65975528600069],[39.13897676000056,40.658511064000606],[39.13873804800039,40.65775812800081],[39.13886667400055,40.65763603400052],[39.14022852000056,40.65777279400078],[39.15058950500048,40.65804270800038],[39.15063253736929,40.657836446200236],[39.158976022000274,40.664052767000555],[39.170309732000305,40.66895579300035],[39.170230745000254,40.669390764000696],[39.1702481760002,40.672777183000846],[39.17568885900033,40.676022549000606],[39.17915088000035,40.67604661200056],[39.1791497670003,40.67620678800034],[39.17922538600027,40.67636180599999],[39.17692028300024,40.677486251000744],[39.1702997190003,40.68170269900003],[39.16887676400023,40.68503601000026],[39.16664095800036,40.686670855000045]]],"type":"Polygon"}},{"type":"Feature","properties":{"area_id":"TR-29-004-30967","name_tr":"Karaçukur","area_level":"neighbourhood","parent_id":"TR-29-004","endeksa_id":30967},"geometry":{"coordinates":[[[39.26599077636979,40.682114841657096],[39.262751658000354,40.6820043500004],[39.25267935600027,40.68924393300051],[39.256286034000254,40.69573931400066],[39.2443065610002,40.698543467000775],[39.2326214590002,40.6901144830004],[39.22471805400028,40.69254557500011],[39.22281585900032,40.692380707000325],[39.22393679500016,40.69184909900025],[39.220014218000244,40.68714611200039],[39.21367514100024,40.68454669300036],[39.21285546900026,40.681747051000855],[39.20406466500032,40.677564093000456],[39.19805813000028,40.67693904800035],[39.19763508500034,40.67656486600009],[39.19351879800024,40.67646670500005],[39.189895835000186,40.6760901630002],[39.1791497670003,40.67620678800034],[39.17915088000035,40.67604661200056],[39.17568885900033,40.676022549000606],[39.1702481760002,40.672777183000846],[39.170230745000254,40.669390764000696],[39.170309732000305,40.66895579300035],[39.158976022000274,40.664052767000555],[39.149631291000446,40.65709029500056],[39.14945499034957,40.65678151088866],[39.15554755284052,40.65226363812178],[39.158077760301126,40.650623688841904],[39.16022000000055,40.650190000000805],[39.160610000000474,40.650220000000616],[39.1608700000005,40.65034000000077],[39.16121000000038,40.65073000000035],[39.161410000000444,40.650840000000585],[39.161880000000394,40.65088000000071],[39.163120000000504,40.6502100000007],[39.1642200000004,40.650100000000805],[39.165160000000526,40.65016000000048],[39.16570000000047,40.650280000000464],[39.16624000000053,40.6505200000006],[39.167540000000486,40.65139000000062],[39.168010000000436,40.6514200000006],[39.169030000000475,40.65079000000071],[39.1695100000004,40.650620000000856],[39.17079000000041,40.65048000000064],[39.17149000000046,40.6502100000007],[39.1722400000005,40.64923000000044],[39.17274000000049,40.64877000000058],[39.17211000000043,40.648360000000366],[39.171886438949855,40.6480630308439],[39.17244679800018,40.64786356999997],[39.173363182000344,40.64701043800079],[39.17794548000023,40.645910652000566],[39.194545808610826,40.64000367348183],[39.19469861330663,40.64000871296548],[39.19478056933724,40.64010555265395],[39.19539473100025,40.6448609880004],[39.20810303600024,40.64736888400029],[39.212173527000346,40.65068536300083],[39.21505999400034,40.66035419700023],[39.22464503000026,40.670913663000135],[39.22569423700031,40.671672002000264],[39.23001311800033,40.673670345000346],[39.241414508000275,40.67328322900062],[39.243948613000214,40.67729632100048],[39.249814782000215,40.677713716000824],[39.25659294600024,40.68065194900066],[39.26383210100033,40.67908165700027],[39.266143342472105,40.68192827123647],[39.266139730936345,40.682054283119896],[39.26599077636979,40.682114841657096]]],"type":"Polygon"}},{"type":"Feature","properties":{"area_id":"TR-29-004-30961","name_tr":"Aşağı Uluköy","area_level":"neighbourhood","parent_id":"TR-29-004","endeksa_id":30961},"geometry":{"coordinates":[[[39.0818521447307,40.714412077433735],[39.081770000000176,40.714470000000404],[39.081520000000125,40.71556000000038],[39.08125000000018,40.71721000000008],[39.078770000000134,40.71540000000061],[39.07894000000016,40.71351000000004],[39.07693000000012,40.71283000000028],[39.07255000000009,40.70619000000028],[39.07299000000006,40.704050000000166],[39.07358000000005,40.701110000000085],[39.0746700000002,40.6969500000003],[39.07633000000004,40.694790000000125],[39.077180000000226,40.69314000000054],[39.07741000000004,40.691760000000045],[39.07842000000011,40.68989000000022],[39.08136000000019,40.6901900000002],[39.08429000000018,40.68968000000007],[39.08449000000019,40.6894800000004],[39.089110000000176,40.68905000000035],[39.090600000000165,40.68917000000033],[39.093730000000164,40.68973000000011],[39.09511000000015,40.68986000000007],[39.096140000000105,40.689710000000275],[39.09749000000005,40.69004000000041],[39.09989000000019,40.6902300000001],[39.09978000000018,40.68989000000022],[39.10046000000011,40.68958000000015],[39.1007800000001,40.689560000000085],[39.10148000000015,40.69004000000041],[39.10217000000023,40.69007000000022],[39.10359000000011,40.68954000000042],[39.10566732503992,40.68907130222931],[39.10656000000017,40.68923000000035],[39.10809000000012,40.689830000000256],[39.10865000000007,40.689840000000345],[39.10961000000009,40.689410000000294],[39.11072000000013,40.68867000000017],[39.111850000000175,40.68819000000025],[39.1131900000002,40.68842000000012],[39.11418000000003,40.68840000000057],[39.11555000000004,40.69025000000016],[39.113120000000094,40.69059000000004],[39.111980000000074,40.6910500000003],[39.10970000000009,40.69221000000033],[39.10739153592385,40.69273465092698],[39.10588000000041,40.69263000000029],[39.10502000000031,40.693000000000325],[39.10452000000032,40.69353000000012],[39.104040000000225,40.693740000000446],[39.10343000000017,40.69388000000015],[39.10227000000032,40.69397000000049],[39.10134000000028,40.69447000000008],[39.10084000000029,40.694450000000245],[39.09990000000016,40.6946200000001],[39.09894000000014,40.69534000000067],[39.09865000000008,40.69578000000013],[39.09843000000018,40.69632000000007],[39.09808000000038,40.69673000000057],[39.097290000000385,40.69725000000028],[39.09683000000035,40.6984000000009],[39.095370000000344,40.69899000000015],[39.094350000000134,40.699100000000044],[39.09353000000016,40.6994200000002],[39.09234000000026,40.699500000000285],[39.091310000000135,40.7003200000006],[39.09116000000017,40.70074000000017],[39.091400000000306,40.70123000000058],[39.091780000000085,40.70159000000069],[39.0920100000003,40.70254000000028],[39.09295000000009,40.70346000000035],[39.09225000000026,40.70448000000022],[39.091840000000275,40.705330000000174],[39.09163000000029,40.706910000000335],[39.09148000000016,40.70702000000074],[39.09056491087,40.7084565915377],[39.08988000000028,40.70884000000069],[39.0883300000001,40.70950000000005],[39.08699000000007,40.709730000000434],[39.08576000000011,40.71032000000025],[39.08509000000009,40.710900000000606],[39.084990000000175,40.71153000000015],[39.08411000000018,40.712820000000306],[39.0818521447307,40.714412077433735]]],"type":"Polygon"}},{"type":"Feature","properties":{"area_id":"TR-29-004-2015131","name_tr":"Konacık Köyü","area_level":"neighbourhood","parent_id":"TR-29-004","endeksa_id":2015131},"geometry":{"coordinates":[[[39.22471805400028,40.69254557500011],[39.21831767500015,40.69451433500012],[39.213055420000046,40.69203766700019],[39.207248042,40.69513501600005],[39.20649174300007,40.696993423000094],[39.20083565600004,40.69784528800011],[39.19885891900003,40.699660191000135],[39.19733605600004,40.706663977000176],[39.186886647999984,40.7042257220001],[39.181596592000176,40.700343264000026],[39.16958768600006,40.696373392000055],[39.17153085600012,40.69179086000014],[39.168921387000125,40.69016666700014],[39.1693719590001,40.68839497100009],[39.17054189800018,40.68783371100017],[39.16664095800036,40.686670855000045],[39.16887676400023,40.68503601000026],[39.1702997190003,40.68170269900003],[39.17692028300024,40.677486251000744],[39.17922538600027,40.67636180599999],[39.1791497670003,40.67620678800034],[39.189895835000186,40.6760901630002],[39.19351879800024,40.67646670500005],[39.19763508500034,40.67656486600009],[39.19805813000028,40.67693904800035],[39.20406466500032,40.677564093000456],[39.21285546900026,40.681747051000855],[39.21367514100024,40.68454669300036],[39.220014218000244,40.68714611200039],[39.22393679500016,40.69184909900025],[39.22281585900032,40.692380707000325],[39.22471805400028,40.69254557500011]]],"type":"Polygon"}},{"type":"Feature","properties":{"area_id":"TR-29-004-30964","name_tr":"Ortaköy","area_level":"neighbourhood","parent_id":"TR-29-004","endeksa_id":30964},"geometry":{"coordinates":[[[39.10550082969246,40.70480511402121],[39.10505000000029,40.70504000000034],[39.10459000000026,40.70512000000042],[39.1038700000002,40.70503000000025],[39.10396000000014,40.70488000000006],[39.10385000000031,40.70475000000067],[39.10354000000024,40.70481000000012],[39.10284000000041,40.70537000000064],[39.10188000000039,40.70529000000005],[39.09988722762267,40.70536205597284],[39.09889943322776,40.70518999446574],[39.09769169570035,40.70462690440513],[39.0968556485455,40.70406772630554],[39.09642999999994,40.703400000000386],[39.09727532535646,40.70259721238392],[39.098035562995165,40.702027942099676],[39.09897212085116,40.7015912524941],[39.09997107866468,40.701517683341365],[39.10041331821742,40.70160156402687],[39.10056679104474,40.701526113448324],[39.10092562100016,40.70170500800009],[39.101207173000034,40.702478998000174],[39.10205691900035,40.70295748200016],[39.10435929300024,40.70228351200052],[39.105243686000165,40.70191216300009],[39.10545473300027,40.700806705000105],[39.10718888100024,40.700500835000014],[39.10808482900029,40.69987266300012],[39.1094238770001,40.697043120000046],[39.10962576800034,40.6970012220001],[39.113252709000164,40.699178960000154],[39.11328093499998,40.69943226200019],[39.113396441000305,40.699499475000835],[39.113235543000314,40.69957591900004],[39.112827207000294,40.70152058400009],[39.111404724000295,40.702065311000354],[39.11078968600003,40.70263686600009],[39.11003064800025,40.70287288600008],[39.109526128000255,40.70380780200003],[39.10906334900028,40.70376669600017],[39.108195296000304,40.703983827000286],[39.10794565500032,40.70436185599999],[39.106622557000264,40.704260198000156],[39.10550082969246,40.70480511402121]]],"type":"Polygon"}},{"type":"Feature","properties":{"area_id":"TR-29-004-30962","name_tr":"Cami Yanı","area_level":"neighbourhood","parent_id":"TR-29-004","endeksa_id":30962},"geometry":{"coordinates":[[[39.09825993514181,40.707589545990515],[39.09814044400002,40.70768884900002],[39.09791169700003,40.708591731000126],[39.097816538000245,40.70866343600011],[39.096479689000034,40.70870083800054],[39.09621139800015,40.708164191000094],[39.095631081000136,40.70801899100053],[39.09448128300005,40.70881069900031],[39.092554310000025,40.708864454000036],[39.09066764174696,40.70863258906638],[39.090562385650856,40.708562345766154],[39.09056491087,40.7084565915377],[39.09148000000016,40.70702000000074],[39.09163000000029,40.706910000000335],[39.091840000000275,40.705330000000174],[39.09225000000026,40.70448000000022],[39.09295000000009,40.70346000000035],[39.0920100000003,40.70254000000028],[39.091780000000085,40.70159000000069],[39.091400000000306,40.70123000000058],[39.09116000000017,40.70074000000017],[39.091310000000135,40.7003200000006],[39.09234000000026,40.699500000000285],[39.09353000000016,40.6994200000002],[39.094350000000134,40.699100000000044],[39.095370000000344,40.69899000000015],[39.09683000000035,40.6984000000009],[39.097290000000385,40.69725000000028],[39.09808000000038,40.69673000000057],[39.09843000000018,40.69632000000007],[39.09865000000008,40.69578000000013],[39.09894000000014,40.69534000000067],[39.09990000000016,40.6946200000001],[39.10084000000029,40.694450000000245],[39.10134000000028,40.69447000000008],[39.10227000000032,40.69397000000049],[39.10343000000017,40.69388000000015],[39.104040000000225,40.693740000000446],[39.10452000000032,40.69353000000012],[39.10502000000031,40.693000000000325],[39.10588000000041,40.69263000000029],[39.10739153592385,40.69273465092698],[39.10697940600005,40.6943079510001],[39.10721946900031,40.69512665400009],[39.107415833000175,40.69515300800015],[39.10794718400035,40.69464102000006],[39.108460288000174,40.694352337000396],[39.10993562700031,40.69374055500003],[39.11077557099998,40.69385440600013],[39.11160669400027,40.69496867700076],[39.111655880000114,40.695473389000426],[39.11145376800005,40.69593580600008],[39.11006800000018,40.696290841000064],[39.10961190000006,40.69665086900051],[39.10950868500032,40.69688502400061],[39.10962576800034,40.6970012220001],[39.1094238770001,40.697043120000046],[39.10808482900029,40.69987266300012],[39.10718888100024,40.700500835000014],[39.10545473300027,40.700806705000105],[39.105243686000165,40.70191216300009],[39.10435929300024,40.70228351200052],[39.10205691900035,40.70295748200016],[39.101207173000034,40.702478998000174],[39.10092562100016,40.70170500800009],[39.10056679104474,40.701526113448324],[39.10041331821742,40.70160156402687],[39.09997107866468,40.701517683341365],[39.09897212085116,40.7015912524941],[39.098035562995165,40.702027942099676],[39.09727532535646,40.70259721238392],[39.09642999999994,40.703400000000386],[39.0968556485455,40.70406772630554],[39.09769169570035,40.70462690440513],[39.09889943322776,40.70518999446574],[39.09988722762267,40.70536205597284],[39.099400000000344,40.70578000000046],[39.099300000000255,40.70611000000076],[39.09884000000039,40.706320000000574],[39.09842000000009,40.70673000000022],[39.09814000000034,40.70738000000017],[39.09825993514181,40.707589545990515]]],"type":"Polygon"}},{"type":"Feature","properties":{"area_id":"TR-29-004-30966","name_tr":"Melikli","area_level":"neighbourhood","parent_id":"TR-29-004","endeksa_id":30966},"geometry":{"coordinates":[[[39.14144345700015,40.7133909880003],[39.140607499000055,40.71369833300059],[39.116967154000065,40.714165803000185],[39.11564800410639,40.71403240739113],[39.11505000000011,40.7129300000002],[39.11471000000017,40.712730000000136],[39.11422000000016,40.71259000000032],[39.112870000000214,40.711650000000134],[39.11221000000012,40.711640000000045],[39.11156000000017,40.71147000000019],[39.110610000000065,40.71079000000003],[39.10963000000015,40.709910000000434],[39.10944000000006,40.70917000000031],[39.109470000000044,40.708980000000224],[39.10805000000016,40.708730000000116],[39.1080300000001,40.70754000000005],[39.10716000000008,40.70655000000022],[39.10707000000008,40.70606000000021],[39.10690000000005,40.705730000000585],[39.10666000000009,40.705850000000055],[39.10632000000004,40.70565000000039],[39.1058500000002,40.70497000000023],[39.10550082969246,40.70480511402121],[39.106622557000264,40.704260198000156],[39.10794565500032,40.70436185599999],[39.108195296000304,40.703983827000286],[39.10906334900028,40.70376669600017],[39.109526128000255,40.70380780200003],[39.11003064800025,40.70287288600008],[39.11078968600003,40.70263686600009],[39.111404724000295,40.702065311000354],[39.112827207000294,40.70152058400009],[39.113235543000314,40.69957591900004],[39.113396441000305,40.699499475000835],[39.119733978000056,40.70077615600019],[39.12097652799997,40.70167925600009],[39.12185536000004,40.70279135600009],[39.123414916000115,40.70300052300007],[39.12423952600017,40.703360170999986],[39.12545996500012,40.706278301000566],[39.12615626300004,40.70684654500019],[39.12673695100011,40.70770216400069],[39.12816910900011,40.708479325999974],[39.13252974800008,40.70917284500007],[39.135029719000045,40.70886641300012],[39.136518981000165,40.709071586000164],[39.14023795000014,40.709141840000086],[39.14144345700015,40.7133909880003]]],"type":"Polygon"}},{"type":"Feature","properties":{"area_id":"TR-29-004-30965","name_tr":"Yukarı Uluköy","area_level":"neighbourhood","parent_id":"TR-29-004","endeksa_id":30965},"geometry":{"coordinates":[[[39.096649607037705,40.73072331783476],[39.096450000000175,40.73089000000044],[39.096020000000124,40.730390000000284],[39.09486611300008,40.72624305500062],[39.09359000000012,40.7258400000004],[39.092610000000036,40.72489000000013],[39.08511001114658,40.719759992693355],[39.087493906715906,40.718257081892204],[39.089550000000145,40.717120000000136],[39.09070000000008,40.71634000000023],[39.093410000000176,40.715420000000165],[39.09381000000019,40.71596000000005],[39.09406000000013,40.71672000000041],[39.09507000000019,40.717870000000346],[39.09628000000009,40.71772000000004],[39.09778000000006,40.71726000000035],[39.10090000000008,40.71726000000035],[39.10287000000005,40.716480000000445],[39.10430000000025,40.71628000000027],[39.104660000000194,40.71594000000039],[39.104480000000194,40.71537000000029],[39.10186000000016,40.71470000000028],[39.10117000000008,40.714650000000404],[39.09991000000008,40.71417000000031],[39.09845000000007,40.71305000000018],[39.09787000000006,40.71306000000027],[39.09820000000019,40.71283000000028],[39.09830000000011,40.712580000000344],[39.099650000000054,40.71173000000039],[39.09959000000009,40.71079000000003],[39.09967000000012,40.710680000000195],[39.10013000000015,40.71052000000043],[39.10054000000014,40.71024000000017],[39.10056000000003,40.710000000000036],[39.10024000000004,40.70924000000042],[39.09959000000009,40.709230000000275],[39.09939000000003,40.70886000000024],[39.09888000000012,40.70874000000026],[39.098250000000064,40.70841000000064],[39.09825993514181,40.707589545990515],[39.09814000000034,40.70738000000017],[39.09842000000009,40.70673000000022],[39.09884000000039,40.706320000000574],[39.099300000000255,40.70611000000076],[39.099400000000344,40.70578000000046],[39.09988722762267,40.70536205597284],[39.10188000000039,40.70529000000005],[39.10284000000041,40.70537000000064],[39.10354000000024,40.70481000000012],[39.10385000000031,40.70475000000067],[39.10396000000014,40.70488000000006],[39.1038700000002,40.70503000000025],[39.10459000000026,40.70512000000042],[39.10505000000029,40.70504000000034],[39.10550082969246,40.70480511402121],[39.1058500000002,40.70497000000023],[39.10632000000004,40.70565000000039],[39.10666000000009,40.705850000000055],[39.10690000000005,40.705730000000585],[39.10707000000008,40.70606000000021],[39.10716000000008,40.70655000000022],[39.1080300000001,40.70754000000005],[39.10805000000016,40.708730000000116],[39.109470000000044,40.708980000000224],[39.10944000000006,40.70917000000031],[39.10963000000015,40.709910000000434],[39.110610000000065,40.71079000000003],[39.11156000000017,40.71147000000019],[39.11221000000012,40.711640000000045],[39.112870000000214,40.711650000000134],[39.11422000000016,40.71259000000032],[39.11471000000017,40.712730000000136],[39.11505000000011,40.7129300000002],[39.11564800410639,40.71403240739113],[39.11689000000007,40.716480000000445],[39.117270000000076,40.7175100000004],[39.117920000000254,40.71869000000015],[39.11844000000008,40.72011000000026],[39.11714000000018,40.71999000000028],[39.11556000000019,40.720040000000154],[39.113330000000076,40.72149000000019],[39.11214000000018,40.72242000000023],[39.11133000000012,40.722270000000094],[39.11137000000008,40.722490000000334],[39.1103700000001,40.72275000000053],[39.11034000000012,40.723140000000114],[39.109650000000045,40.72335000000044],[39.10951000000017,40.72352000000029],[39.109130000000164,40.72349000000065],[39.10896000000014,40.72365000000042],[39.10329000000013,40.725340000000244],[39.10239000000013,40.72581000000008],[39.101620000000196,40.726390000000436],[39.100420000000156,40.727100000000235],[39.09928000000019,40.72826000000026],[39.09845000000007,40.729420000000346],[39.09795000000008,40.73032000000018],[39.09742000000011,40.730080000000214],[39.096649607037705,40.73072331783476]]],"type":"Polygon"}},{"type":"Feature","properties":{"area_id":"TR-29-004-2015096","name_tr":"Yeşilköy Köyü","area_level":"neighbourhood","parent_id":"TR-29-004","endeksa_id":2015096},"geometry":{"coordinates":[[[39.07299000000006,40.704050000000166],[39.07070000000016,40.70495000000017],[39.07039000000009,40.70526000000007],[39.06982000000016,40.70561000000009],[39.06896000000006,40.705640000000244],[39.06790000000012,40.70510000000036],[39.06698000000017,40.705050000000085],[39.06611000000015,40.70539000000019],[39.065260000000194,40.706750000000284],[39.06485000000015,40.70760000000041],[39.06403000000017,40.7082800000004],[39.062260000000094,40.70817000000068],[39.06140000000016,40.70837000000017],[39.06122000000005,40.708610000000135],[39.06239000000022,40.71113000000008],[39.061760000000106,40.71150000000051],[39.0583000000002,40.7121800000001],[39.057740000000194,40.71212000000014],[39.05719000000016,40.711830000000134],[39.05670000000015,40.71144000000038],[39.056310000000224,40.711370000000045],[39.055810000000065,40.71145000000013],[39.055500000000166,40.711650000000134],[39.05518000000012,40.712480000000596],[39.054170000000056,40.7138700000005],[39.05357000000015,40.71591000000018],[39.052560000000085,40.716480000000445],[39.05109000000016,40.71631000000059],[39.049340000000086,40.715090000000544],[39.04901000000018,40.71494000000024],[39.04861000000011,40.71495000000033],[39.04799000000014,40.715420000000165],[39.04631000000006,40.716040000000305],[39.043420000000026,40.71632000000017],[39.04251000000005,40.7166500000003],[39.04007000000013,40.71692000000007],[39.03757000000007,40.714650000000404],[39.03725000000003,40.713880000000074],[39.03681000000006,40.71355000000034],[39.036450000000116,40.713130000000376],[39.036670000000186,40.71147000000019],[39.0363900000001,40.71027000000038],[39.03610000000009,40.70810000000006],[39.03598000000011,40.7063200000004],[39.0354700000002,40.70221000000015],[39.03541000000024,40.700270000000046],[39.03504000000015,40.69840000000022],[39.03433000000018,40.696770000000356],[39.0334400000001,40.69606000000056],[39.03325000000018,40.695070000000385],[39.03220000000016,40.693710000000124],[39.03243000000003,40.69208000000026],[39.0323600000001,40.69051000000036],[39.03284000000019,40.68927000000008],[39.0305800000001,40.68678000000011],[39.02977000000004,40.686060000000225],[39.028680000000065,40.684440000000336],[39.0272300000002,40.683950000000436],[39.025490000000104,40.68294000000071],[39.0243200000001,40.68195000000037],[39.02416000000022,40.68061000000034],[39.023200000000145,40.67889000000031],[39.022230000000036,40.67748000000017],[39.021150000000034,40.67654000000039],[39.02076000000005,40.67559000000011],[39.02034000000015,40.67505000000017],[39.019260000000145,40.67432000000019],[39.01767000000018,40.6728200000004],[39.01522000000017,40.672150000000386],[39.01067000000012,40.67148000000037],[39.008450000000096,40.67084000000017],[39.0066700000001,40.67068000000029],[39.002310000000136,40.671010000000194],[38.99991000000011,40.67098000000021],[38.996930000000134,40.673080000000596],[38.99313000000012,40.674070000000086],[38.99041000000017,40.676950000000375],[38.98795000000018,40.681720000000155],[38.988320000000044,40.688130000000285],[38.98505000000023,40.686860000000365],[38.98133000000007,40.685660000000155],[38.978370000000155,40.6851200000001],[38.97646000000003,40.682000000000414],[38.97647000000012,40.67923000000019],[38.97805000000011,40.676920000000166],[38.97690000000017,40.676770000000374],[38.97544000000016,40.67640000000034],[38.97392000000019,40.675750000000164],[38.97129000000018,40.675000000000296],[38.96990000000011,40.67526000000049],[38.96881000000013,40.67486000000008],[38.96828000000016,40.67374000000012],[38.96770000000015,40.673950000000104],[38.96329000000014,40.674070000000086],[38.961340000000064,40.67351000000065],[38.958830000000034,40.67263000000031],[38.95855000000017,40.67034000000018],[38.95794000000012,40.66877000000068],[38.95733000000013,40.668060000000196],[38.95611000000025,40.66693000000049],[38.95697000000018,40.665800000000104],[38.96048000000013,40.66433000000012],[38.96272000000005,40.66405000000026],[38.96377000000024,40.66503000000034],[38.96561000000003,40.66519000000005],[38.96647000000013,40.664160000000095],[38.967500000000086,40.66418000000033],[38.96913000000018,40.66309000000041],[38.96944000000025,40.661100000000204],[38.96860000000015,40.66042000000044],[38.97017000000005,40.65831000000014],[38.966200000000185,40.657060000000286],[38.96458000000007,40.6568700000002],[38.965210000000184,40.65439000000032],[38.966570000000104,40.652390000000025],[38.96706000000012,40.648640000000114],[38.96860000000015,40.64723000000049],[38.968060000000094,40.6468900000001],[38.96710000000007,40.64498000000049],[38.96653000000015,40.644210000000044],[38.96711000000016,40.64281000000017],[38.96761000000015,40.63951000000014],[38.96645000000012,40.63892000000004],[38.96596000000005,40.638510000000224],[38.965680000000134,40.638010000000065],[38.96559000000019,40.6373200000005],[38.96516000000014,40.63621000000035],[38.96361000000013,40.63385000000045],[38.96265000000011,40.6320300000005],[38.96569000000011,40.629990000000134],[38.968370000000164,40.630640000000085],[38.96947000000006,40.631230000000414],[38.97114000000022,40.63146000000023],[38.97319000000016,40.63208000000037],[38.97623000000016,40.632400000000416],[38.97793000000013,40.63208000000037],[38.982210000000066,40.63218000000012],[38.983110000000124,40.63228000000021],[38.986080000000186,40.63296000000071],[38.99207000000018,40.63461000000012],[38.995040000000074,40.63505000000026],[38.9960700000002,40.63494000000043],[38.99710000000016,40.63069000000047],[38.9976400000001,40.63163000000009],[38.99943000000019,40.63258000000053],[39.00276000000025,40.63268000000028],[39.00512000000009,40.63367000000011],[39.00776000000019,40.63392000000056],[39.010830000000226,40.634980000000155],[39.01518000000004,40.637740000000065],[39.019700000000114,40.63821000000024],[39.02229000000017,40.63880000000006],[39.02780000000013,40.638880000000256],[39.03631000000007,40.640560000000164],[39.03938000000005,40.64078000000029],[39.041810000000055,40.64112000000017],[39.04483000000016,40.64233000000007],[39.04867000000007,40.64243000000016],[39.04923000000008,40.642970000000446],[39.05467000073173,40.644609999435545],[39.054700000000196,40.64490000000029],[39.05552000000023,40.64637000000039],[39.05669000000023,40.64716000000038],[39.057520000000125,40.64821000000006],[39.058480000000145,40.6489600000001],[39.05925000000008,40.65054000000009],[39.06199798501922,40.651773621503025],[39.06250000000006,40.652630000000386],[39.064060000000154,40.658680000000174],[39.06744000000026,40.6628000000004],[39.066530000000114,40.663360000000694],[39.065910000000144,40.66359000000017],[39.066750000000184,40.66516000000041],[39.065850000000125,40.670790000000125],[39.07051000000007,40.67563000000041],[39.0708400000002,40.677110000000084],[39.07141000000007,40.677390000000514],[39.0716300000002,40.67858000000024],[39.07206000000025,40.67889000000031],[39.07357000000013,40.68065000000024],[39.07425000000006,40.68198000000018],[39.07488000000012,40.682620000000384],[39.075290000000166,40.68289000000016],[39.07510000000025,40.684690000000046],[39.07599000000016,40.6862900000001],[39.075850000000116,40.68707000000012],[39.07673000000011,40.68840000000057],[39.07842000000011,40.68989000000022],[39.07741000000004,40.691760000000045],[39.077180000000226,40.69314000000054],[39.07633000000004,40.694790000000125],[39.0746700000002,40.6969500000003],[39.07358000000005,40.701110000000085],[39.07299000000006,40.704050000000166]]],"type":"Polygon"}},{"type":"Feature","properties":{"area_id":"TR-29-004-30963","name_tr":"Köyiçi","area_level":"neighbourhood","parent_id":"TR-29-004","endeksa_id":30963},"geometry":{"coordinates":[[[39.09825993514181,40.707589545990515],[39.098250000000064,40.70841000000064],[39.09888000000012,40.70874000000026],[39.09939000000003,40.70886000000024],[39.09959000000009,40.709230000000275],[39.10024000000004,40.70924000000042],[39.10056000000003,40.710000000000036],[39.10054000000014,40.71024000000017],[39.10013000000015,40.71052000000043],[39.09967000000012,40.710680000000195],[39.09959000000009,40.71079000000003],[39.099650000000054,40.71173000000039],[39.09830000000011,40.712580000000344],[39.09820000000019,40.71283000000028],[39.09787000000006,40.71306000000027],[39.09845000000007,40.71305000000018],[39.09991000000008,40.71417000000031],[39.10117000000008,40.714650000000404],[39.10186000000016,40.71470000000028],[39.104480000000194,40.71537000000029],[39.104660000000194,40.71594000000039],[39.10430000000025,40.71628000000027],[39.10287000000005,40.716480000000445],[39.10090000000008,40.71726000000035],[39.09778000000006,40.71726000000035],[39.09628000000009,40.71772000000004],[39.09507000000019,40.717870000000346],[39.09406000000013,40.71672000000041],[39.09381000000019,40.71596000000005],[39.093410000000176,40.715420000000165],[39.09070000000008,40.71634000000023],[39.089550000000145,40.717120000000136],[39.087493906715906,40.718257081892204],[39.08591146900011,40.71723505700015],[39.08604991800013,40.715935785000624],[39.08243098600019,40.714707989000146],[39.082053350000194,40.71449585100032],[39.08206246500015,40.71436105800012],[39.0818521447307,40.714412077433735],[39.08411000000018,40.712820000000306],[39.084990000000175,40.71153000000015],[39.08509000000009,40.710900000000606],[39.08576000000011,40.71032000000025],[39.08699000000007,40.709730000000434],[39.0883300000001,40.70950000000005],[39.08988000000028,40.70884000000069],[39.09056491087,40.7084565915377],[39.090562385650856,40.708562345766154],[39.09066764174696,40.70863258906638],[39.092554310000025,40.708864454000036],[39.09448128300005,40.70881069900031],[39.095631081000136,40.70801899100053],[39.09621139800015,40.708164191000094],[39.096479689000034,40.70870083800054],[39.097816538000245,40.70866343600011],[39.09791169700003,40.708591731000126],[39.09814044400002,40.70768884900002],[39.09825993514181,40.707589545990515]]],"type":"Polygon"}},{"type":"Feature","properties":{"area_id":"TR-29-004-2015103","name_tr":"Bağlama Köyü","area_level":"neighbourhood","parent_id":"TR-29-004","endeksa_id":2015103},"geometry":{"coordinates":[[[39.16699348703065,40.74251356036268],[39.166953130000024,40.742386861],[39.1671642500001,40.74238302500004],[39.16710435200014,40.74219497400003],[39.16691839900011,40.74234332700013],[39.166914218000045,40.74219951900068],[39.158618504,40.74239781500006],[39.15338979000012,40.743027587000086],[39.15325660900004,40.74297928100003],[39.1531021240001,40.7425200240001],[39.15234418600011,40.730141860000174],[39.150239414000055,40.72653952600001],[39.14791396800018,40.721551836000515],[39.14719448799997,40.71496524999998],[39.14511959900017,40.7129288320001],[39.14482536900016,40.71227141600002],[39.14464830800017,40.71221270700005],[39.14144345700015,40.7133909880003],[39.14023795000014,40.709141840000086],[39.136518981000165,40.709071586000164],[39.135029719000045,40.70886641300012],[39.13252974800008,40.70917284500007],[39.12816910900011,40.708479325999974],[39.12673695100011,40.70770216400069],[39.12615626300004,40.70684654500019],[39.12545996500012,40.706278301000566],[39.12423952600017,40.703360170999986],[39.123414916000115,40.70300052300007],[39.12185536000004,40.70279135600009],[39.12097652799997,40.70167925600009],[39.119733978000056,40.70077615600019],[39.113396441000305,40.699499475000835],[39.11328093499998,40.69943226200019],[39.113252709000164,40.699178960000154],[39.10962576800034,40.6970012220001],[39.10950868500032,40.69688502400061],[39.10961190000006,40.69665086900051],[39.11006800000018,40.696290841000064],[39.11145376800005,40.69593580600008],[39.111655880000114,40.695473389000426],[39.11160669400027,40.69496867700076],[39.11077557099998,40.69385440600013],[39.11065532499998,40.69383810700066],[39.11215742200005,40.69288270200002],[39.122025297000164,40.69072994800007],[39.12223025600019,40.69092974700004],[39.12215118790925,40.690610469136516],[39.12223145108226,40.69047921078317],[39.122417909218996,40.69049009408042],[39.124182727000345,40.692082727000184],[39.12613975900024,40.693022360000214],[39.12818863400025,40.695500706000814],[39.12910193100021,40.697913670000446],[39.12924817600032,40.69790272800043],[39.13081136000034,40.69663888000031],[39.13289511600027,40.69573360300063],[39.13481397000021,40.69501390400086],[39.139959049000254,40.69389524600035],[39.14709369100029,40.69521667000026],[39.150618900000154,40.696641705000275],[39.15626245500022,40.6961793400003],[39.15913087300021,40.69483589999999],[39.1619191490002,40.69553378500029],[39.161813522000216,40.69312939500031],[39.163023441000234,40.68931602100059],[39.16664095800036,40.686670855000045],[39.17054189800018,40.68783371100017],[39.1693719590001,40.68839497100009],[39.168921387000125,40.69016666700014],[39.17153085600012,40.69179086000014],[39.16958768600006,40.696373392000055],[39.18077982099999,40.700073017000136],[39.18060871300008,40.700442250000094],[39.180898187000025,40.70044765000068],[39.18739580600004,40.7074410280004],[39.18466857400017,40.7108225880001],[39.18493472000017,40.71389629900045],[39.19273449400015,40.72786181900062],[39.191393663000156,40.733627406000096],[39.19009011880951,40.73386696877327],[39.188080000000184,40.73350000000039],[39.186810000000264,40.734630000000095],[39.18554000000012,40.73426000000006],[39.18507000000017,40.735090000000355],[39.18264000000016,40.734910000000525],[39.180030000000045,40.736060000000464],[39.17500000000007,40.7377400000002],[39.17357000000004,40.738680000000386],[39.17263000000008,40.740260000000376],[39.17254000000008,40.74085000000031],[39.169710000000066,40.74255000000028],[39.16837000000004,40.74267000000026],[39.16766000000007,40.74221000000057],[39.16699348703065,40.74251356036268]]],"type":"Polygon"}},{"type":"Feature","properties":{"area_id":"TR-29-004-2015111","name_tr":"Elciğez Köyü","area_level":"neighbourhood","parent_id":"TR-29-004","endeksa_id":2015111},"geometry":{"coordinates":[[[39.036450000000116,40.713130000000376],[39.03508000000011,40.71343000000036],[39.033690000000206,40.713200000000484],[39.03037000000012,40.714280000000315],[39.027720000000045,40.71628000000027],[39.02660000000009,40.718270000000075],[39.02653000000021,40.719970000000046],[39.02726000000018,40.722150000000624],[39.02522000000016,40.722400000000164],[39.0233300000001,40.72198000000009],[39.02182000000005,40.72304000000037],[39.02196000000026,40.72384000000034],[39.02261000000004,40.72478000000012],[39.021460000000104,40.7265900000001],[39.01798000000008,40.72680000000025],[39.01621000000017,40.72706000000045],[39.01406000000014,40.724900000000105],[39.0119600000001,40.72253000000012],[39.00510000000003,40.71739000000042],[39.00122000000016,40.7163900000001],[38.9992900000002,40.714060000000586],[38.997050000000115,40.71294000000029],[38.99356000000017,40.71268000000009],[38.993150000000185,40.71065000000016],[38.993210000000204,40.70853000000011],[38.99348000000015,40.704990000000464],[38.99180000000024,40.70213000000007],[38.99050000000011,40.69958000000048],[38.98970000000003,40.697080000000426],[38.989980000000116,40.693950000000086],[38.98963000000009,40.69138000000004],[38.988320000000044,40.688130000000285],[38.98795000000018,40.681720000000155],[38.99041000000017,40.676950000000375],[38.99313000000012,40.674070000000086],[38.996930000000134,40.673080000000596],[38.99991000000011,40.67098000000021],[39.002310000000136,40.671010000000194],[39.0066700000001,40.67068000000029],[39.008450000000096,40.67084000000017],[39.01067000000012,40.67148000000037],[39.01522000000017,40.672150000000386],[39.01767000000018,40.6728200000004],[39.019260000000145,40.67432000000019],[39.02034000000015,40.67505000000017],[39.02076000000005,40.67559000000011],[39.021150000000034,40.67654000000039],[39.022230000000036,40.67748000000017],[39.023200000000145,40.67889000000031],[39.02416000000022,40.68061000000034],[39.0243200000001,40.68195000000037],[39.025490000000104,40.68294000000071],[39.0272300000002,40.683950000000436],[39.028680000000065,40.684440000000336],[39.02977000000004,40.686060000000225],[39.0305800000001,40.68678000000011],[39.03284000000019,40.68927000000008],[39.0323600000001,40.69051000000036],[39.03243000000003,40.69208000000026],[39.03220000000016,40.693710000000124],[39.03325000000018,40.695070000000385],[39.0334400000001,40.69606000000056],[39.03433000000018,40.696770000000356],[39.03504000000015,40.69840000000022],[39.03541000000024,40.700270000000046],[39.0354700000002,40.70221000000015],[39.03598000000011,40.7063200000004],[39.03610000000009,40.70810000000006],[39.0363900000001,40.71027000000038],[39.036670000000186,40.71147000000019],[39.036450000000116,40.713130000000376]]],"type":"Polygon"}},{"type":"Feature","properties":{"area_id":"TR-29-004-2015115","name_tr":"Günyüzü Köyü","area_level":"neighbourhood","parent_id":"TR-29-004","endeksa_id":2015115},"geometry":{"coordinates":[[[39.00745595299253,40.76048978990951],[39.003800000000126,40.76030000000026],[38.9928300000002,40.75837000000041],[38.989490000000046,40.75914000000017],[38.98732000000007,40.760090000000105],[38.984410000000196,40.76182000000023],[38.983110000000124,40.76225000000028],[38.98260000000016,40.762510000000475],[38.98137000000003,40.76267000000024],[38.97919000000013,40.76248000000015],[38.97877000000017,40.762080000000424],[38.97821000000005,40.76196000000044],[38.97740000000016,40.76138000000009],[38.976950000000045,40.76124000000004],[38.972700000000145,40.761420000000385],[38.97254000000004,40.76132000000007],[38.972520000000145,40.76094000000006],[38.97203000000013,40.760740000000396],[38.96994000000018,40.76097000000027],[38.969420000000184,40.76124000000004],[38.96810000000022,40.761580000000265],[38.96740000000017,40.76159000000041],[38.96591000000018,40.762720000000115],[38.96565000000015,40.76280000000031],[38.96498000000014,40.76237000000026],[38.96430000000004,40.7621300000003],[38.963560000000086,40.762010000000316],[38.962700000000154,40.76203000000055],[38.962080000000185,40.76185000000004],[38.96078000000011,40.76183000000037],[38.96120000000019,40.761020000000144],[38.961890000000096,40.76033000000007],[38.963010000000054,40.759810000000186],[38.96328000000017,40.759440000000154],[38.963350000000105,40.75868000000048],[38.9623600000001,40.756900000000314],[38.962330000000065,40.75666000000035],[38.962640000000135,40.75632000000007],[38.96373000000011,40.75589000000019],[38.96463000000017,40.75511000000017],[38.96470000000005,40.7546200000001],[38.964400000000126,40.75367000000023],[38.963970000000074,40.75310000000013],[38.96402000000012,40.75243000000012],[38.96543000000008,40.75082000000032],[38.96534000000008,40.75011000000052],[38.96483000000018,40.74962000000011],[38.96394000000009,40.74909000000014],[38.963130000000035,40.7477200000003],[38.96317000000016,40.74730000000039],[38.96442000000019,40.74655000000013],[38.96485000000007,40.74617000000012],[38.96633000000014,40.74549000000053],[38.96710000000007,40.74555000000015],[38.96773000000013,40.74579000000011],[38.96959000000004,40.745750000000044],[38.97151000000008,40.74546000000021],[38.97213000000005,40.74481000000043],[38.97194000000013,40.744290000000035],[38.9722500000002,40.74403000000052],[38.97340000000014,40.74399000000005],[38.97405000000009,40.74366000000032],[38.975250000000074,40.74339000000015],[38.976830000000064,40.74351000000013],[38.97741000000008,40.7438200000002],[38.977440000000115,40.74458000000004],[38.97801000000021,40.745000000000346],[38.97913000000011,40.7448600000003],[38.98025000000007,40.743860000000154],[38.98101000000008,40.743420000000356],[38.98317000000009,40.7432900000004],[38.98368000000016,40.74260000000015],[38.98391000000021,40.74131000000017],[38.983980000000145,40.740210000000104],[38.985430000000235,40.73843000000045],[38.98532000000017,40.737760000000435],[38.985770000000116,40.7374700000006],[38.9868800000001,40.737510000000384],[38.98837000000009,40.73781000000031],[38.99040000000019,40.73836000000034],[38.99122000000017,40.73817000000025],[38.99227000000019,40.73771000000056],[38.993400000000065,40.737630000000365],[38.99474000000009,40.73708000000033],[38.997300000000166,40.73740000000049],[38.99862000000019,40.73780000000022],[38.99953000000016,40.737970000000075],[39.0010700000002,40.73626000000013],[39.002100000000155,40.73551000000043],[39.00330000000014,40.7348800000002],[39.006620000000055,40.7348800000002],[39.00742000000014,40.73437000000007],[39.00828000000007,40.733510000000365],[39.0108800000001,40.73270000000031],[39.010770000000036,40.73989000000046],[39.011020000000144,40.74170000000032],[39.01222000000013,40.74307000000067],[39.012910000000204,40.746000000000095],[39.01315000000017,40.748910000000706],[39.013070000000084,40.750430000000165],[39.01273000000003,40.75278000000009],[39.01261000000005,40.75546000000014],[39.00745595299253,40.76048978990951]]],"type":"Polygon"}},{"type":"Feature","properties":{"area_id":"TR-29-004-2015107","name_tr":"Damlı Köyü","area_level":"neighbourhood","parent_id":"TR-29-004","endeksa_id":2015107},"geometry":{"coordinates":[[[39.1995823629174,40.75614225444616],[39.18185089900015,40.76318199200011],[39.17922887943246,40.76333814751814],[39.179069207665634,40.76323402920491],[39.17917448828365,40.763094034191795],[39.17778000000004,40.76349000000005],[39.17682000000019,40.762540000000115],[39.174860000000194,40.7613400000003],[39.17194000000018,40.75897000000032],[39.16887000000003,40.7574000000003],[39.1671300000001,40.757060000000195],[39.16455000000019,40.75694000000004],[39.16223000000025,40.75662000000057],[39.160110000000145,40.75695000000019],[39.16056000000009,40.75571000000059],[39.16145000000017,40.754180000000474],[39.16239000000013,40.7521500000002],[39.163330000000144,40.749130000000434],[39.163800000000094,40.74679000000009],[39.164760000000115,40.74567000000036],[39.16575772776986,40.743897177930194],[39.166650000000175,40.74267000000026],[39.16766000000007,40.74221000000057],[39.16837000000004,40.74267000000026],[39.169710000000066,40.74255000000028],[39.17254000000008,40.74085000000031],[39.17263000000008,40.740260000000376],[39.17357000000004,40.738680000000386],[39.17500000000007,40.7377400000002],[39.180030000000045,40.736060000000464],[39.18264000000016,40.734910000000525],[39.18507000000017,40.735090000000355],[39.18554000000012,40.73426000000006],[39.186810000000264,40.734630000000095],[39.188080000000184,40.73350000000039],[39.19009011880951,40.73386696877327],[39.191393663000156,40.733627406000096],[39.19273449400015,40.72786181900062],[39.18493472000017,40.71389629900045],[39.18466857400017,40.7108225880001],[39.18739580600004,40.7074410280004],[39.180898187000025,40.70044765000068],[39.18060871300008,40.700442250000094],[39.18077982099999,40.700073017000136],[39.181596592000176,40.700343264000026],[39.186886647999984,40.7042257220001],[39.19733605600004,40.706663977000176],[39.19885891900003,40.699660191000135],[39.20083565600004,40.69784528800011],[39.20649174300007,40.696993423000094],[39.207248042,40.69513501600005],[39.213055420000046,40.69203766700019],[39.21831767500015,40.69451433500012],[39.2326214590002,40.6901144830004],[39.2443065610002,40.698543467000775],[39.256286034000254,40.69573931400066],[39.25267935600027,40.68924393300051],[39.262751658000354,40.6820043500004],[39.26630880100004,40.682125690000305],[39.27554667200013,40.683682881000095],[39.281550721000144,40.68404175000006],[39.285287164000124,40.687547052000696],[39.293754343000046,40.684845577000374],[39.2980875830001,40.68890763300038],[39.30163028800018,40.68967146600011],[39.30743547200018,40.689186366000115],[39.30753764200011,40.68925151700006],[39.31680034100009,40.69620026900003],[39.32093556100011,40.701712088000136],[39.333291186000054,40.70022468799999],[39.336083775000134,40.699385871000175],[39.332738701000096,40.71634894600044],[39.3327968280517,40.71642099123403],[39.33248000000009,40.71652000000023],[39.33551000000017,40.72254000000021],[39.33578000000011,40.72527000000014],[39.33560000000011,40.72688000000011],[39.335190000000125,40.728990000000294],[39.334530000000086,40.73157000000003],[39.33496000000014,40.732960000000105],[39.33519951464382,40.73545359039849],[39.324497205000114,40.73402525900042],[39.312649461000035,40.728717947000405],[39.30761534200013,40.728918810000096],[39.29767110500006,40.73264879400011],[39.273545485,40.725095266000096],[39.26692566400004,40.72712288400032],[39.25672179100013,40.725922726000135],[39.25346631000019,40.72786211400006],[39.23326926400006,40.728166513000076],[39.22957560400016,40.72674214400007],[39.229117986000176,40.7292897750001],[39.23085579800005,40.7309925440004],[39.226149601000145,40.73707129000047],[39.22294130400013,40.738837726999975],[39.21457912500006,40.73698239900017],[39.210267668000085,40.73827391900005],[39.210494111000116,40.73612925300006],[39.206431138000085,40.73601149800004],[39.20864000000006,40.73962000000017],[39.209920000000125,40.74489000000062],[39.20947696024291,40.74554099719455],[39.20912671638354,40.74928375459598],[39.20900102000013,40.74941717700011],[39.20536439599567,40.74967087514813],[39.19969546284398,40.75606251692204],[39.1995823629174,40.75614225444616]]],"type":"Polygon"}},{"type":"Feature","properties":{"area_id":"TR-29-004-2015119","name_tr":"Kızılot Köyü","area_level":"neighbourhood","parent_id":"TR-29-004","endeksa_id":2015119},"geometry":{"coordinates":[[[39.08511001114658,40.719759992693355],[39.08113259000004,40.722077947000116],[39.08707556000007,40.727733502000035],[39.08806948600005,40.73119491700004],[39.084003919,40.74305345700009],[39.083600887000046,40.755021814000315],[39.07985414500001,40.75856486300046],[39.082350059000134,40.76182048400062],[39.081779544000085,40.76504290500003],[39.08038670600013,40.76487310500033],[39.07811251800007,40.76015254600014],[39.07878424700016,40.75840156999999],[39.072672816000136,40.75618542700005],[39.070599216000176,40.75354586800023],[39.06480012900005,40.752901275000454],[39.05785504400012,40.74447855000051],[39.058176335000155,40.740588876000004],[39.06009904500007,40.73819213300004],[39.059389788000146,40.73627127200018],[39.06744321400015,40.732698317000086],[39.07240969800006,40.72850198900011],[39.07034197799999,40.728019722000454],[39.07300456500013,40.725300463999986],[39.07395028000013,40.71153282600005],[39.07473907840307,40.709508602876156],[39.07693000000012,40.71283000000028],[39.07894000000016,40.71351000000004],[39.078770000000134,40.71540000000061],[39.08125000000018,40.71721000000008],[39.081520000000125,40.71556000000038],[39.081770000000176,40.714470000000404],[39.0818521447307,40.714412077433735],[39.08206246500015,40.71436105800012],[39.082053350000194,40.71449585100032],[39.08243098600019,40.714707989000146],[39.08604991800013,40.715935785000624],[39.08591146900011,40.71723505700015],[39.087493906715906,40.718257081892204],[39.08511001114658,40.719759992693355]]],"type":"Polygon"}},{"type":"Feature","properties":{"area_id":"TR-29-004-2015128","name_tr":"Üçtaş Köyü","area_level":"neighbourhood","parent_id":"TR-29-004","endeksa_id":2015128},"geometry":{"coordinates":[[[38.96078000000011,40.76183000000037],[38.95964000000009,40.763900000000376],[38.95828000000017,40.765700000000095],[38.957550000000026,40.766350000000045],[38.95569000000012,40.76679000000007],[38.95444000000009,40.76736000000034],[38.953685811193395,40.7683780477513],[38.95148000000012,40.76735000000019],[38.950580000000116,40.766690000000324],[38.95064000000008,40.76643000000013],[38.95029000000005,40.76615000000038],[38.95003000000008,40.7657700000002],[38.95001000000019,40.76550000000009],[38.949560000000076,40.76488000000046],[38.94871000000006,40.76460000000003],[38.947800000000086,40.76406000000014],[38.94750000000016,40.76402000000036],[38.946840000000066,40.763680000000136],[38.946500000000185,40.76342000000045],[38.94630000000018,40.763070000000084],[38.94592000000017,40.76267000000024],[38.946060000000045,40.76262000000037],[38.94549000000012,40.7617800000001],[38.9443500000001,40.76236000000017],[38.94410000000005,40.761770000000354],[38.94401000000005,40.761770000000354],[38.94478000000015,40.76086000000038],[38.94506000000007,40.75999000000019],[38.94476000000009,40.75837000000041],[38.94411000000014,40.75643000000048],[38.94057000000015,40.75130000000024],[38.93787000000009,40.74784000000028],[38.93387000000024,40.74480000000028],[38.92970000000014,40.74245000000053],[38.9257300000001,40.737950000000524],[38.92446000000018,40.735060000000146],[38.925530000000094,40.73191000000031],[38.92724000000021,40.72733000000005],[38.92806395561928,40.726436554148165],[38.92883000000012,40.72442000000018],[38.92885000000018,40.723570000000166],[38.929310000000044,40.722830000000044],[38.929560000000095,40.721340000000396],[38.930390000000045,40.72023000000024],[38.93125000000015,40.71776000000034],[38.93204000000014,40.7160100000001],[38.9318100000001,40.71497000000056],[38.933740000000114,40.713100000000054],[38.93508000000014,40.71233000000029],[38.9360200000001,40.711180000000354],[38.93674000000016,40.710040000000504],[38.93792000000013,40.70949000000047],[38.93901000000005,40.709290000000294],[38.939090000000135,40.70717000000036],[38.93653000000023,40.70193000000023],[38.93344000000019,40.700280000000134],[38.93223000000006,40.69881000000004],[38.93130000000019,40.697430000000224],[38.92985000000016,40.699310000000196],[38.927980000000105,40.6999100000001],[38.92546000000016,40.6999500000004],[38.92392000000012,40.699720000000184],[38.92238000000003,40.698920000000044],[38.91981000000004,40.6982500000002],[38.91825452381238,40.697692824248804],[38.91370000000006,40.69674000000015],[38.912581626025826,40.69642276892091],[38.907280000000185,40.6957000000001],[38.91022000000004,40.69354000000027],[38.91115000000008,40.68988000000013],[38.91092000000009,40.68520000000012],[38.912330000000225,40.682340000000124],[38.91192000000024,40.68143000000015],[38.91172000000017,40.68060000000037],[38.911530000000084,40.678120000000376],[38.91110000000003,40.6769000000001],[38.90961000000004,40.674100000000294],[38.90968346128636,40.67335969363381],[38.909795404728925,40.673488105177796],[38.90999014373983,40.67343413933071],[38.91086020180734,40.671914943300976],[38.91114898116746,40.67042151656187],[38.91106087139639,40.66931129606678],[38.91038032488302,40.666929008139675],[38.909110000000055,40.6656100000007],[38.90863000000013,40.66415000000018],[38.90887000000009,40.66269000000068],[38.9090971975636,40.66211783375388],[38.90898523859585,40.661990237038424],[38.9087911294294,40.6620434027526],[38.90943849727972,40.66119976619427],[38.90835273557167,40.65976053986594],[38.90854192863338,40.65981786523264],[38.90866077033502,40.6596886146105],[38.9082600000001,40.65891000000056],[38.90848000000017,40.6579900000001],[38.90886997116877,40.65733183253434],[38.90919000000008,40.655520000000195],[38.90996000000024,40.65367000000043],[38.91043414148203,40.65319699432456],[38.91043000000019,40.65280000000024],[38.91083490917396,40.6517639577944],[38.91072296751162,40.651636360849125],[38.91053176684443,40.65168609766698],[38.91152899554828,40.65050145296874],[38.905747269000074,40.63727212400045],[38.90569153446825,40.63728114652042],[38.91045000000008,40.63519000000048],[38.91728000000012,40.63568000000015],[38.921540000000164,40.633870000000684],[38.92486000000008,40.63234000000057],[38.92855000000003,40.62887000000052],[38.93223000000006,40.626680000000135],[38.94738000000018,40.6303800000004],[38.95170000000019,40.63163000000009],[38.955760000000055,40.632650000000126],[38.95854000000003,40.63289000000009],[38.96265000000011,40.6320300000005],[38.96361000000013,40.63385000000045],[38.96516000000014,40.63621000000035],[38.96559000000019,40.6373200000005],[38.965680000000134,40.638010000000065],[38.96596000000005,40.638510000000224],[38.96645000000012,40.63892000000004],[38.96761000000015,40.63951000000014],[38.96711000000016,40.64281000000017],[38.96653000000015,40.644210000000044],[38.96710000000007,40.64498000000049],[38.968060000000094,40.6468900000001],[38.96860000000015,40.64723000000049],[38.96706000000012,40.648640000000114],[38.966570000000104,40.652390000000025],[38.965210000000184,40.65439000000032],[38.96458000000007,40.6568700000002],[38.966200000000185,40.657060000000286],[38.97017000000005,40.65831000000014],[38.96860000000015,40.66042000000044],[38.96944000000025,40.661100000000204],[38.96913000000018,40.66309000000041],[38.967500000000086,40.66418000000033],[38.96647000000013,40.664160000000095],[38.96561000000003,40.66519000000005],[38.96377000000024,40.66503000000034],[38.96272000000005,40.66405000000026],[38.96048000000013,40.66433000000012],[38.95697000000018,40.665800000000104],[38.95611000000025,40.66693000000049],[38.95733000000013,40.668060000000196],[38.95794000000012,40.66877000000068],[38.95855000000017,40.67034000000018],[38.958830000000034,40.67263000000031],[38.961340000000064,40.67351000000065],[38.96329000000014,40.674070000000086],[38.96770000000015,40.673950000000104],[38.96828000000016,40.67374000000012],[38.96881000000013,40.67486000000008],[38.96990000000011,40.67526000000049],[38.97129000000018,40.675000000000296],[38.97392000000019,40.675750000000164],[38.97544000000016,40.67640000000034],[38.97690000000017,40.676770000000374],[38.97805000000011,40.676920000000166],[38.97647000000012,40.67923000000019],[38.97646000000003,40.682000000000414],[38.978370000000155,40.6851200000001],[38.98133000000007,40.685660000000155],[38.98505000000023,40.686860000000365],[38.988320000000044,40.688130000000285],[38.98963000000009,40.69138000000004],[38.989980000000116,40.693950000000086],[38.98970000000003,40.697080000000426],[38.99050000000011,40.69958000000048],[38.99180000000024,40.70213000000007],[38.99348000000015,40.704990000000464],[38.993210000000204,40.70853000000011],[38.993150000000185,40.71065000000016],[38.99356000000017,40.71268000000009],[38.997050000000115,40.71294000000029],[38.9992900000002,40.714060000000586],[39.00122000000016,40.7163900000001],[39.00510000000003,40.71739000000042],[39.0119600000001,40.72253000000012],[39.01406000000014,40.724900000000105],[39.01621000000017,40.72706000000045],[39.01467000000014,40.728580000000306],[39.01395000000008,40.73086000000012],[39.01193000000012,40.73149000000035],[39.0108800000001,40.73270000000031],[39.00828000000007,40.733510000000365],[39.00742000000014,40.73437000000007],[39.006620000000055,40.7348800000002],[39.00330000000014,40.7348800000002],[39.002100000000155,40.73551000000043],[39.0010700000002,40.73626000000013],[38.99953000000016,40.737970000000075],[38.99862000000019,40.73780000000022],[38.997300000000166,40.73740000000049],[38.99474000000009,40.73708000000033],[38.993400000000065,40.737630000000365],[38.99227000000019,40.73771000000056],[38.99122000000017,40.73817000000025],[38.99040000000019,40.73836000000034],[38.98837000000009,40.73781000000031],[38.9868800000001,40.737510000000384],[38.985770000000116,40.7374700000006],[38.98532000000017,40.737760000000435],[38.985430000000235,40.73843000000045],[38.983980000000145,40.740210000000104],[38.98391000000021,40.74131000000017],[38.98368000000016,40.74260000000015],[38.98317000000009,40.7432900000004],[38.98101000000008,40.743420000000356],[38.98025000000007,40.743860000000154],[38.97913000000011,40.7448600000003],[38.97801000000021,40.745000000000346],[38.977440000000115,40.74458000000004],[38.97741000000008,40.7438200000002],[38.976830000000064,40.74351000000013],[38.975250000000074,40.74339000000015],[38.97405000000009,40.74366000000032],[38.97340000000014,40.74399000000005],[38.9722500000002,40.74403000000052],[38.97194000000013,40.744290000000035],[38.97213000000005,40.74481000000043],[38.97151000000008,40.74546000000021],[38.96959000000004,40.745750000000044],[38.96773000000013,40.74579000000011],[38.96710000000007,40.74555000000015],[38.96633000000014,40.74549000000053],[38.96485000000007,40.74617000000012],[38.96442000000019,40.74655000000013],[38.96317000000016,40.74730000000039],[38.963130000000035,40.7477200000003],[38.96394000000009,40.74909000000014],[38.96483000000018,40.74962000000011],[38.96534000000008,40.75011000000052],[38.96543000000008,40.75082000000032],[38.96402000000012,40.75243000000012],[38.963970000000074,40.75310000000013],[38.964400000000126,40.75367000000023],[38.96470000000005,40.7546200000001],[38.96463000000017,40.75511000000017],[38.96373000000011,40.75589000000019],[38.962640000000135,40.75632000000007],[38.962330000000065,40.75666000000035],[38.9623600000001,40.756900000000314],[38.963350000000105,40.75868000000048],[38.96328000000017,40.759440000000154],[38.963010000000054,40.759810000000186],[38.961890000000096,40.76033000000007],[38.96120000000019,40.761020000000144],[38.96078000000011,40.76183000000037]]],"type":"Polygon"}},{"type":"Feature","properties":{"area_id":"TR-29-004-2015117","name_tr":"Kırgeriş Köyü","area_level":"neighbourhood","parent_id":"TR-29-004","endeksa_id":2015117},"geometry":{"coordinates":[[[39.13495972100014,40.774222648000034],[39.12699893800004,40.77489998100003],[39.12088742800006,40.779821524000056],[39.114660531000084,40.78790335900004],[39.10838814400006,40.78700361400007],[39.100810735000096,40.787139682000145],[39.100674016000085,40.78702601599997],[39.10004016700009,40.78460971400011],[39.09780490800017,40.77824628700034],[39.09764981700005,40.77181607000006],[39.09881889100012,40.76586685700016],[39.09954128100003,40.75981219200037],[39.09954126800011,40.758119667000074],[39.09871582000005,40.749517644000036],[39.09965004800006,40.73963310400052],[39.0988956650001,40.73190815100003],[39.096649607037705,40.73072331783476],[39.09742000000011,40.730080000000214],[39.09795000000008,40.73032000000018],[39.09845000000007,40.729420000000346],[39.09928000000019,40.72826000000026],[39.100420000000156,40.727100000000235],[39.101620000000196,40.726390000000436],[39.10239000000013,40.72581000000008],[39.10329000000013,40.725340000000244],[39.10896000000014,40.72365000000042],[39.109130000000164,40.72349000000065],[39.10951000000017,40.72352000000029],[39.109650000000045,40.72335000000044],[39.11034000000012,40.723140000000114],[39.1103700000001,40.72275000000053],[39.11137000000008,40.722490000000334],[39.11133000000012,40.722270000000094],[39.11214000000018,40.72242000000023],[39.113330000000076,40.72149000000019],[39.11556000000019,40.720040000000154],[39.11714000000018,40.71999000000028],[39.11844000000008,40.72011000000026],[39.117920000000254,40.71869000000015],[39.117270000000076,40.7175100000004],[39.11689000000007,40.716480000000445],[39.11564800410639,40.71403240739113],[39.116967154000065,40.714165803000185],[39.140607499000055,40.71369833300059],[39.14464830800017,40.71221270700005],[39.14482536900016,40.71227141600002],[39.14511959900017,40.7129288320001],[39.14719448799997,40.71496524999998],[39.14791396800018,40.721551836000515],[39.150239414000055,40.72653952600001],[39.15234418600011,40.730141860000174],[39.1531021240001,40.7425200240001],[39.15325660900004,40.74297928100003],[39.15338979000012,40.743027587000086],[39.158618504,40.74239781500006],[39.166914218000045,40.74219951900068],[39.16691839900011,40.74234332700013],[39.16710435200014,40.74219497400003],[39.1671642500001,40.74238302500004],[39.166953130000024,40.742386861],[39.16699348703065,40.74251356036268],[39.166650000000175,40.74267000000026],[39.16575772776986,40.743897177930194],[39.165697409949416,40.74374277065908],[39.165490744399506,40.74375652237063],[39.16373178600014,40.74539825300013],[39.16140837500018,40.75105188200047],[39.15140351499997,40.761494353000046],[39.15116766700004,40.76157636200014],[39.14680242800006,40.75902968800028],[39.146630764000065,40.759040754000125],[39.14629359200006,40.7644749370001],[39.144117526000116,40.76824765200007],[39.13495972100014,40.774222648000034]]],"type":"Polygon"}},{"type":"Feature","properties":{"area_id":"TR-29-004-2015126","name_tr":"Taşlıca Köyü","area_level":"neighbourhood","parent_id":"TR-29-004","endeksa_id":2015126},"geometry":{"coordinates":[[[39.10478994534071,40.81756000612137],[39.093360000000075,40.81884000000008],[39.08382000000017,40.820310000000234],[39.07064000000014,40.82109000000008],[39.06605000000019,40.82128000000017],[39.06313000000017,40.82207000000017],[39.057210000000055,40.82318000000038],[39.05635000000012,40.8212300000003],[39.053830000000175,40.820310000000234],[39.054260000000056,40.81997000000035],[39.054760000000044,40.8198000000001],[39.052590000000066,40.81847000000005],[39.043769734293846,40.815700381013244],[39.027933037000025,40.82302095200015],[39.005799913000146,40.816033843000184],[39.01189340400009,40.80772963900051],[39.01254014000011,40.804085059000045],[39.01044167500015,40.79736500900003],[39.01626203200004,40.79206776400008],[39.01359766100012,40.783625940000036],[39.015528132999975,40.78184901400027],[39.01546995000007,40.771392053000056],[39.00745595299253,40.76048978990951],[39.01261000000005,40.75546000000014],[39.01273000000003,40.75278000000009],[39.013070000000084,40.750430000000165],[39.01315000000017,40.748910000000706],[39.012910000000204,40.746000000000095],[39.01222000000013,40.74307000000067],[39.011020000000144,40.74170000000032],[39.010770000000036,40.73989000000046],[39.0108800000001,40.73270000000031],[39.01193000000012,40.73149000000035],[39.01395000000008,40.73086000000012],[39.01467000000014,40.728580000000306],[39.01621000000017,40.72706000000045],[39.01798000000008,40.72680000000025],[39.021460000000104,40.7265900000001],[39.02261000000004,40.72478000000012],[39.02196000000026,40.72384000000034],[39.02182000000005,40.72304000000037],[39.0233300000001,40.72198000000009],[39.02522000000016,40.722400000000164],[39.02726000000018,40.722150000000624],[39.02653000000021,40.719970000000046],[39.02660000000009,40.718270000000075],[39.027720000000045,40.71628000000027],[39.03037000000012,40.714280000000315],[39.033690000000206,40.713200000000484],[39.03508000000011,40.71343000000036],[39.036450000000116,40.713130000000376],[39.03681000000006,40.71355000000034],[39.03725000000003,40.713880000000074],[39.03757000000007,40.714650000000404],[39.04007000000013,40.71692000000007],[39.04251000000005,40.7166500000003],[39.043420000000026,40.71632000000017],[39.04631000000006,40.716040000000305],[39.04799000000014,40.715420000000165],[39.04861000000011,40.71495000000033],[39.04901000000018,40.71494000000024],[39.049340000000086,40.715090000000544],[39.05109000000016,40.71631000000059],[39.052560000000085,40.716480000000445],[39.05357000000015,40.71591000000018],[39.054170000000056,40.7138700000005],[39.05518000000012,40.712480000000596],[39.055500000000166,40.711650000000134],[39.055810000000065,40.71145000000013],[39.056310000000224,40.711370000000045],[39.05670000000015,40.71144000000038],[39.05719000000016,40.711830000000134],[39.057740000000194,40.71212000000014],[39.0583000000002,40.7121800000001],[39.061760000000106,40.71150000000051],[39.06239000000022,40.71113000000008],[39.06122000000005,40.708610000000135],[39.06140000000016,40.70837000000017],[39.062260000000094,40.70817000000068],[39.06403000000017,40.7082800000004],[39.06485000000015,40.70760000000041],[39.065260000000194,40.706750000000284],[39.06611000000015,40.70539000000019],[39.06698000000017,40.705050000000085],[39.06790000000012,40.70510000000036],[39.06896000000006,40.705640000000244],[39.06982000000016,40.70561000000009],[39.07039000000009,40.70526000000007],[39.07070000000016,40.70495000000017],[39.07299000000006,40.704050000000166],[39.07255000000009,40.70619000000028],[39.07473907840307,40.709508602876156],[39.07395028000013,40.71153282600005],[39.07300456500013,40.725300463999986],[39.07034197799999,40.728019722000454],[39.07240969800006,40.72850198900011],[39.06744321400015,40.732698317000086],[39.059389788000146,40.73627127200018],[39.06009904500007,40.73819213300004],[39.058176335000155,40.740588876000004],[39.05785504400012,40.74447855000051],[39.06480012900005,40.752901275000454],[39.070599216000176,40.75354586800023],[39.072672816000136,40.75618542700005],[39.07878424700016,40.75840156999999],[39.07811251800007,40.76015254600014],[39.08038670600013,40.76487310500033],[39.081779544000085,40.76504290500003],[39.082350059000134,40.76182048400062],[39.07985414500001,40.75856486300046],[39.083600887000046,40.755021814000315],[39.084003919,40.74305345700009],[39.08806948600005,40.73119491700004],[39.08707556000007,40.727733502000035],[39.08113259000004,40.722077947000116],[39.08511001114658,40.719759992693355],[39.092610000000036,40.72489000000013],[39.09359000000012,40.7258400000004],[39.09486611300008,40.72624305500062],[39.096020000000124,40.730390000000284],[39.096450000000175,40.73089000000044],[39.096649607037705,40.73072331783476],[39.0988956650001,40.73190815100003],[39.09965004800006,40.73963310400052],[39.09871582000005,40.749517644000036],[39.09954126800011,40.758119667000074],[39.09954128100003,40.75981219200037],[39.09881889100012,40.76586685700016],[39.09764981700005,40.77181607000006],[39.09780490800017,40.77824628700034],[39.10004016700009,40.78460971400011],[39.100674016000085,40.78702601599997],[39.100810735000096,40.787139682000145],[39.10838814400006,40.78700361400007],[39.114103296999986,40.787823426000045],[39.10572493200016,40.7995751950001],[39.10478994534071,40.81756000612137]]],"type":"Polygon"}}]}