{"type":"FeatureCollection","source_id":"endeksa","retrieved_at":"2026-08-23","features":[{"type":"Feature","properties":{"area_id":"TR-30-002-2015251","name_tr":"Geçimli Köyü","area_level":"neighbourhood","parent_id":"TR-30-002","endeksa_id":2015251},"geometry":{"coordinates":[[[43.60604000000012,37.37569000000042],[43.6051700000001,37.383570000000134],[43.605030000000056,37.393230000000074],[43.59858000000014,37.39987000000019],[43.581650000000195,37.40411000000017],[43.57655000000011,37.405280000000175],[43.574680000000114,37.40874000000014],[43.573940000000164,37.410550000000114],[43.57280000000014,37.41413000000057],[43.55937000000006,37.41226000000006],[43.54684000000003,37.41089000000039],[43.53406000000007,37.41194000000041],[43.52731000000006,37.41552000000047],[43.51471000000009,37.42243000000025],[43.501570000000186,37.42754000000025],[43.49304000000012,37.43004000000036],[43.492870000000096,37.430310000000645],[43.49207000000018,37.43032000000005],[43.491480000000195,37.428670000000125],[43.49096000000014,37.42788000000013],[43.49105000000014,37.42763000000059],[43.49111000000016,37.425570000000675],[43.49134000000015,37.425160000000176],[43.49099000000018,37.42387000000019],[43.49134000000015,37.423280000000204],[43.49164000000013,37.421850000000404],[43.49186000000003,37.42162000000019],[43.49186000000003,37.4212500000001],[43.49203000000006,37.42051000000038],[43.49214000000012,37.420210000000566],[43.492400000000146,37.42007000000035],[43.49302000000006,37.41924000000006],[43.49366000000009,37.4185800000007],[43.49532000000016,37.41760000000011],[43.4958900000002,37.41712000000018],[43.49579000000011,37.41602000000012],[43.4962900000001,37.4152100000004],[43.49663000000015,37.41502000000031],[43.496930000000134,37.41369000000003],[43.4973700000001,37.41319000000027],[43.49748000000017,37.41289000000029],[43.49796000000009,37.41125000000034],[43.49794000000003,37.41092000000003],[43.498600000000124,37.410020000000145],[43.49908000000022,37.4095700000002],[43.49997000000013,37.40740000000011],[43.50042000000025,37.40663000000035],[43.5010700000002,37.40483000000006],[43.50103000000007,37.403920000000085],[43.50071000000008,37.402590000000714],[43.500030000000095,37.40114000000011],[43.499250000000075,37.3999400000003],[43.498640000000194,37.39947000000012],[43.49817000000024,37.39897000000036],[43.49750000000023,37.398650000000146],[43.49707000000018,37.39872000000025],[43.49648000000019,37.398620000000506],[43.495820000000094,37.398750000000064],[43.49534000000017,37.398650000000146],[43.4949000000002,37.398530000000164],[43.49400000000014,37.397910000000195],[43.493980000000136,37.39764000000042],[43.49361000000005,37.39681000000013],[43.493490000000065,37.39517000000069],[43.49360000000013,37.39278000000047],[43.49742000000015,37.39200000000005],[43.500400000000184,37.39043000000004],[43.5019700000002,37.38971000000015],[43.5034500000001,37.38915000000014],[43.50378000000006,37.38891000000018],[43.50426000000016,37.38825000000014],[43.50490000000019,37.38779000000005],[43.50567000000012,37.38649000000015],[43.506780000000106,37.38532000000015],[43.51100000000025,37.38235000000009],[43.51151000000016,37.381890000000396],[43.51195000000013,37.38130000000007],[43.51216000000011,37.38083000000012],[43.51292000000012,37.38029000000017],[43.51362000000012,37.37992000000014],[43.51566000000014,37.37825000000049],[43.5178600000001,37.37685000000033],[43.51845000000009,37.37631000000056],[43.5187200000002,37.375940000000355],[43.51876000000016,37.37561000000022],[43.518640000000175,37.375140000000385],[43.517900000000054,37.374090000000194],[43.51729000000017,37.373810000000105],[43.51650000000018,37.37364000000008],[43.515950000000146,37.37342000000018],[43.51554000000016,37.372850000000085],[43.51520000000011,37.37257000000022],[43.51462000000009,37.371460000000184],[43.51470000000012,37.371420000000285],[43.514550000000156,37.37109000000066],[43.51469000000003,37.37106000000034],[43.51466000000022,37.37088000000034],[43.51439000000005,37.37001000000015],[43.514150000000086,37.36946000000012],[43.51401000000004,37.36937000000046],[43.514060000000086,37.36889000000053],[43.513690000000054,37.36855000000014],[43.513470000000154,37.36813000000018],[43.51355000000018,37.36812000000009],[43.513250000000085,37.367770000000235],[43.513290000000154,37.36773000000011],[43.512420000000134,37.367240000000436],[43.51115000000004,37.367110000000366],[43.5107000000001,37.366800000000296],[43.51026000000013,37.36665000000011],[43.50999000000013,37.36638000000033],[43.50952000000018,37.36509000000018],[43.50954000000024,37.36465000000004],[43.508200000000215,37.36242000000027],[43.50778000000008,37.36178000000007],[43.50620000000009,37.36002000000008],[43.50558000000012,37.3591500000004],[43.505040000000236,37.35871000000026],[43.50475000000023,37.358170000000314],[43.5044900000002,37.357980000000225],[43.5044900000002,37.35775000000041],[43.504080000000215,37.35725000000025],[43.50370000000021,37.356180000000506],[43.503800000000126,37.35534000000064],[43.50432000000018,37.35474000000005],[43.5044900000002,37.354730000000075],[43.504520000000184,37.35498000000018],[43.504770000000065,37.35496000000046],[43.50543000000016,37.35458000000028],[43.50581000000017,37.35449000000011],[43.50595000000021,37.35414000000014],[43.506470000000036,37.353950000000054],[43.50694000000004,37.353640000000155],[43.50691000000006,37.353460000000155],[43.50659000000019,37.3530700000004],[43.506220000000155,37.35286000000008],[43.505790000000104,37.352030000000354],[43.50590000000017,37.35149000000041],[43.50624000000005,37.350910000000056],[43.50624000000005,37.35059000000018],[43.506010000000174,37.35010000000051],[43.50599000000011,37.3497000000001],[43.50612000000007,37.349340000000154],[43.50661000000008,37.34880000000027],[43.50661000000008,37.348500000000286],[43.507050000000106,37.34820000000036],[43.507050000000106,37.347980000000064],[43.507520000000056,37.347980000000064],[43.50879000000015,37.34761000000054],[43.510400000000175,37.346670000000245],[43.51055000000014,37.34594000000021],[43.51050000000009,37.34510000000034],[43.510340000000156,37.3448800000001],[43.51033000000024,37.34458000000012],[43.51097000000004,37.34264000000019],[43.51113000000015,37.34239000000014],[43.51117000000011,37.3418800000004],[43.51107000000019,37.341350000000034],[43.51042000000018,37.340510000000165],[43.51063000000016,37.34046000000012],[43.51051000000018,37.34022000000016],[43.50984000000017,37.339770000000044],[43.5115600000002,37.33938000000029],[43.51724000000013,37.34019000000052],[43.53589000000011,37.34731000000005],[43.54292000000004,37.35526000000027],[43.55394000000024,37.36316000000039],[43.57425000000006,37.36723000000035],[43.58699000000007,37.36779000000047],[43.594900000000166,37.372190000000046],[43.60604000000012,37.37569000000042]]],"type":"Polygon"}},{"type":"Feature","properties":{"area_id":"TR-30-002-2015246","name_tr":"Ceylanlı Köyü","area_level":"neighbourhood","parent_id":"TR-30-002","endeksa_id":2015246},"geometry":{"coordinates":[[[43.67710000000011,37.416370000000086],[43.6668200000002,37.42666000000008],[43.6536000000001,37.43565000000052],[43.63301000000018,37.44631000000004],[43.630280000000084,37.46384000000029],[43.601690000000076,37.45929000000041],[43.59192000000013,37.461600000000374],[43.564140000000236,37.46197000000029],[43.562130000000195,37.46015000000034],[43.56336000000016,37.458160000000134],[43.56239000000022,37.453690000000336],[43.559540000000084,37.45384000000013],[43.556340000000034,37.453170000000114],[43.55326000000008,37.44978000000009],[43.54960000000011,37.44887000000011],[43.54469000000012,37.45051000000012],[43.53517000000005,37.452430000000504],[43.531250000000114,37.45330000000018],[43.50729000000024,37.454780000000255],[43.507580000000075,37.454380000000185],[43.5078400000001,37.45364000000029],[43.50787000000008,37.4532200000005],[43.508080000000234,37.452760000000126],[43.50888000000015,37.45194000000009],[43.50918000000013,37.451150000000325],[43.50909000000013,37.45011000000039],[43.50862000000012,37.449640000000045],[43.5087000000002,37.449210000000164],[43.50860000000006,37.44787000000014],[43.50869000000006,37.44731000000036],[43.508630000000096,37.44695000000041],[43.50872000000004,37.4464600000004],[43.50871000000012,37.44578000000024],[43.508980000000065,37.4451600000001],[43.50952000000018,37.444310000000144],[43.510430000000156,37.443500000000085],[43.51128000000011,37.44288000000046],[43.51209000000017,37.44210000000004],[43.51216000000011,37.44175000000007],[43.51206000000019,37.44169000000005],[43.511980000000165,37.441400000000215],[43.50788000000017,37.441270000000145],[43.50655000000012,37.441150000000164],[43.50510000000003,37.44042000000013],[43.50406000000015,37.440130000000295],[43.502940000000194,37.43965000000037],[43.502350000000035,37.43913000000015],[43.50252000000006,37.43869000000052],[43.50239000000016,37.43850000000043],[43.5025500000001,37.43757000000022],[43.502230000000054,37.43721000000028],[43.50184000000013,37.43692000000044],[43.50134000000014,37.43670000000003],[43.50131000000016,37.436540000000264],[43.5009800000002,37.43639000000064],[43.50010000000003,37.436160000000086],[43.49858000000006,37.43596000000059],[43.49744000000004,37.43564000000026],[43.49659000000008,37.43493000000012],[43.49548000000004,37.43441000000024],[43.49487000000005,37.433690000000354],[43.49425000000008,37.43333000000041],[43.49385000000018,37.43264000000016],[43.49264000000011,37.43120000000039],[43.49254000000013,37.43072000000046],[43.49207000000018,37.43032000000005],[43.492870000000096,37.430310000000645],[43.49304000000012,37.43004000000036],[43.501570000000186,37.42754000000025],[43.51471000000009,37.42243000000025],[43.52731000000006,37.41552000000047],[43.53406000000007,37.41194000000041],[43.54684000000003,37.41089000000039],[43.55937000000006,37.41226000000006],[43.57280000000014,37.41413000000057],[43.573940000000164,37.410550000000114],[43.574680000000114,37.40874000000014],[43.57655000000011,37.405280000000175],[43.581650000000195,37.40411000000017],[43.59858000000014,37.39987000000019],[43.605030000000056,37.393230000000074],[43.6051700000001,37.383570000000134],[43.60604000000012,37.37569000000042],[43.617680000000064,37.37741000000062],[43.62380000000019,37.378520000000094],[43.63200000000012,37.38438000000036],[43.64055000000019,37.392610000000104],[43.654750000000035,37.4035100000001],[43.65932000000015,37.40491000000014],[43.67710000000011,37.416370000000086]]],"type":"Polygon"}},{"type":"Feature","properties":{"area_id":"TR-30-002-2015258","name_tr":"Taşbaşı Köyü","area_level":"neighbourhood","parent_id":"TR-30-002","endeksa_id":2015258},"geometry":{"coordinates":[[[43.507270000000176,37.45480000000049],[43.501730000000066,37.456860000000404],[43.48663000000022,37.454040000000134],[43.46913000000012,37.45260000000036],[43.450620000000185,37.44966000000011],[43.42802000000006,37.450660000000425],[43.407500000000084,37.45300000000009],[43.379490000000146,37.45773000000008],[43.35723000000024,37.45863000000048],[43.352550000000065,37.45312000000007],[43.33722000000017,37.44104000000027],[43.33366000000012,37.436010000000465],[43.33215000000007,37.426840000000084],[43.32269000000019,37.413990000000354],[43.31151000000011,37.4101000000004],[43.311780000000056,37.408440000000155],[43.31124000000011,37.40492000000023],[43.3128200000001,37.40383000000031],[43.31340000000017,37.40182000000027],[43.30808000000013,37.39670000000012],[43.32140000000004,37.38702000000012],[43.33398000000011,37.37740000000014],[43.334950000000106,37.372500000000116],[43.368560000000116,37.37007000000011],[43.3837700000002,37.367420000000266],[43.39682000000016,37.37041000000016],[43.41817000000026,37.369570000000124],[43.44265000000013,37.36998000000011],[43.453470000000095,37.374180000000536],[43.457860000000096,37.3718300000001],[43.48656000000011,37.383070000000146],[43.48886000000016,37.388490000000104],[43.49360000000013,37.39278000000047],[43.493490000000065,37.39517000000069],[43.49361000000005,37.39681000000013],[43.493980000000136,37.39764000000042],[43.49400000000014,37.397910000000195],[43.4949000000002,37.398530000000164],[43.49534000000017,37.398650000000146],[43.495820000000094,37.398750000000064],[43.49648000000019,37.398620000000506],[43.49707000000018,37.39872000000025],[43.49750000000023,37.398650000000146],[43.49817000000024,37.39897000000036],[43.498640000000194,37.39947000000012],[43.499250000000075,37.3999400000003],[43.500030000000095,37.40114000000011],[43.50071000000008,37.402590000000714],[43.50103000000007,37.403920000000085],[43.5010700000002,37.40483000000006],[43.50042000000025,37.40663000000035],[43.49997000000013,37.40740000000011],[43.49908000000022,37.4095700000002],[43.498600000000124,37.410020000000145],[43.49794000000003,37.41092000000003],[43.49796000000009,37.41125000000034],[43.49748000000017,37.41289000000029],[43.4973700000001,37.41319000000027],[43.496930000000134,37.41369000000003],[43.49663000000015,37.41502000000031],[43.4962900000001,37.4152100000004],[43.49579000000011,37.41602000000012],[43.4958900000002,37.41712000000018],[43.49532000000016,37.41760000000011],[43.49366000000009,37.4185800000007],[43.49302000000006,37.41924000000006],[43.492400000000146,37.42007000000035],[43.49214000000012,37.420210000000566],[43.49203000000006,37.42051000000038],[43.49186000000003,37.4212500000001],[43.49186000000003,37.42162000000019],[43.49164000000013,37.421850000000404],[43.49134000000015,37.423280000000204],[43.49099000000018,37.42387000000019],[43.49134000000015,37.425160000000176],[43.49111000000016,37.425570000000675],[43.49105000000014,37.42763000000059],[43.49096000000014,37.42788000000013],[43.491480000000195,37.428670000000125],[43.49207000000018,37.43032000000005],[43.49254000000013,37.43072000000046],[43.49264000000011,37.43120000000039],[43.49385000000018,37.43264000000016],[43.49425000000008,37.43333000000041],[43.49487000000005,37.433690000000354],[43.49548000000004,37.43441000000024],[43.49659000000008,37.43493000000012],[43.49744000000004,37.43564000000026],[43.49858000000006,37.43596000000059],[43.50010000000003,37.436160000000086],[43.5009800000002,37.43639000000064],[43.50131000000016,37.436540000000264],[43.50134000000014,37.43670000000003],[43.50184000000013,37.43692000000044],[43.502230000000054,37.43721000000028],[43.5025500000001,37.43757000000022],[43.50239000000016,37.43850000000043],[43.50252000000006,37.43869000000052],[43.502350000000035,37.43913000000015],[43.502940000000194,37.43965000000037],[43.50406000000015,37.440130000000295],[43.50510000000003,37.44042000000013],[43.50655000000012,37.441150000000164],[43.50788000000017,37.441270000000145],[43.511980000000165,37.441400000000215],[43.51206000000019,37.44169000000005],[43.51216000000011,37.44175000000007],[43.51209000000017,37.44210000000004],[43.51128000000011,37.44288000000046],[43.510430000000156,37.443500000000085],[43.50952000000018,37.444310000000144],[43.508980000000065,37.4451600000001],[43.50871000000012,37.44578000000024],[43.50872000000004,37.4464600000004],[43.508630000000096,37.44695000000041],[43.50869000000006,37.44731000000036],[43.50860000000006,37.44787000000014],[43.5087000000002,37.449210000000164],[43.50862000000012,37.449640000000045],[43.50909000000013,37.45011000000039],[43.50918000000013,37.451150000000325],[43.50888000000015,37.45194000000009],[43.508080000000234,37.452760000000126],[43.50787000000008,37.4532200000005],[43.5078400000001,37.45364000000029],[43.507580000000075,37.454380000000185],[43.507270000000176,37.45480000000049]]],"type":"Polygon"}},{"type":"Feature","properties":{"area_id":"TR-30-002-2015255","name_tr":"Oğul Köyü","area_level":"neighbourhood","parent_id":"TR-30-002","endeksa_id":2015255},"geometry":{"coordinates":[[[43.781440000000146,37.47736000000015],[43.771340000000066,37.480460000000505],[43.75786000000011,37.48321000000067],[43.746100000000126,37.485010000000386],[43.74324000000013,37.48821000000015],[43.738350000000196,37.49211000000025],[43.735350000000096,37.49492000000038],[43.729190000000074,37.498460000000534],[43.72266000000013,37.502360000000635],[43.72044000000011,37.50526000000042],[43.72052000000019,37.50421000000023],[43.719740000000115,37.503720000000214],[43.71896000000004,37.50189000000012],[43.71484000000004,37.5012200000001],[43.71229000000011,37.50043000000011],[43.71015000000011,37.498360000000105],[43.70946000000009,37.49748000000045],[43.70926000000003,37.496690000000456],[43.708900000000085,37.49605000000008],[43.70882000000006,37.49574000000018],[43.708000000000084,37.494980000000396],[43.707010000000025,37.494430000000364],[43.7065300000001,37.49370000000033],[43.70556000000016,37.49293000000057],[43.70448000000016,37.492510000000095],[43.70448000000016,37.48875000000004],[43.7036700000001,37.4840300000003],[43.69896000000011,37.47981000000004],[43.69255000000015,37.476280000000145],[43.69348000000019,37.47315000000037],[43.694310000000144,37.46963000000028],[43.69568000000015,37.46625000000017],[43.69828000000018,37.463180000000364],[43.68752000000018,37.46358000000009],[43.6723800000002,37.46118000000007],[43.66364000000016,37.459370000000604],[43.65560000000022,37.46176000000014],[43.648750000000064,37.46420000000023],[43.64473000000015,37.464040000000466],[43.630280000000084,37.46384000000029],[43.63301000000018,37.44631000000004],[43.6536000000001,37.43565000000052],[43.6668200000002,37.42666000000008],[43.67710000000011,37.416370000000086],[43.68723000000017,37.41422000000023],[43.69556000000017,37.4114900000003],[43.70330000000018,37.4127000000002],[43.70861000000008,37.40879000000018],[43.726030000000094,37.407970000000375],[43.736600000000124,37.40730000000036],[43.747560000000135,37.405780000000334],[43.758430000000146,37.41153000000003],[43.78041000000019,37.41257000000013],[43.799600000000055,37.42041000000006],[43.80616000000015,37.42912000000024],[43.808020000000056,37.43828000000019],[43.79816000000011,37.4493200000004],[43.79392000000013,37.46307000000036],[43.781440000000146,37.47736000000015]]],"type":"Polygon"}},{"type":"Feature","properties":{"area_id":"TR-30-002-2015277","name_tr":"Yoncalı Köyü","area_level":"neighbourhood","parent_id":"TR-30-002","endeksa_id":2015277},"geometry":{"coordinates":[[[43.49697000000003,37.50188000000071],[43.49405000000024,37.50160000000028],[43.49177000000003,37.50181000000009],[43.48975000000007,37.5021900000001],[43.488190000000145,37.50282000000033],[43.48716000000019,37.50280000000009],[43.48642000000007,37.50317000000018],[43.48405000000008,37.503720000000214],[43.48031000000026,37.50376000000011],[43.47938000000022,37.50408000000016],[43.47863000000012,37.50472000000036],[43.47768000000025,37.504800000000046],[43.477440000000115,37.50507000000033],[43.47743000000014,37.506380000000036],[43.47730000000007,37.50652000000025],[43.474530000000186,37.50655000000006],[43.47236000000004,37.50694000000016],[43.471030000000155,37.507620000000315],[43.469800000000134,37.50767000000019],[43.468710000000044,37.50817000000035],[43.46729000000016,37.512580000000185],[43.45390000000015,37.52005000000008],[43.44485000000009,37.52031000000011],[43.44164000000006,37.52426000000008],[43.44112000000018,37.5244000000003],[43.44138000000004,37.5250800000004],[43.44125000000014,37.52586000000031],[43.44073000000009,37.52632000000017],[43.43990000000014,37.52677000000028],[43.43972000000019,37.52709000000044],[43.43972000000019,37.52740000000051],[43.43937000000017,37.527760000000455],[43.43874000000011,37.527940000000285],[43.43834000000004,37.52831000000049],[43.43769000000009,37.528260000000614],[43.43739000000011,37.52840000000015],[43.43665000000021,37.52819000000051],[43.43616000000014,37.528600000000324],[43.43617000000006,37.52961000000005],[43.43552000000011,37.52997000000016],[43.42437000000024,37.52185000000031],[43.412450000000206,37.502700000000345],[43.36527000000024,37.50064000000043],[43.361900000000105,37.50181000000009],[43.35650000000004,37.50312000000031],[43.34998000000007,37.50433000000021],[43.333780000000104,37.50507000000033],[43.32838000000021,37.50582000000003],[43.3200300000002,37.50878000000034],[43.32360000000017,37.50008000000031],[43.32242000000019,37.48051000000038],[43.32233000000025,37.462180000000046],[43.35723000000024,37.45863000000048],[43.379490000000146,37.45773000000008],[43.407500000000084,37.45300000000009],[43.42802000000006,37.450660000000425],[43.450620000000185,37.44966000000011],[43.46913000000012,37.45260000000036],[43.48663000000022,37.454040000000134],[43.501730000000066,37.456860000000404],[43.507270000000176,37.45480000000049],[43.50797000000017,37.45570000000038],[43.509690000000035,37.457110000000114],[43.50998000000004,37.4576100000001],[43.50997000000012,37.458220000000665],[43.5096200000001,37.459090000000174],[43.50843000000003,37.46075000000042],[43.50849000000005,37.46117000000032],[43.5096200000001,37.463510000000156],[43.509350000000154,37.46403000000038],[43.508860000000084,37.46452000000039],[43.50844000000018,37.46490000000006],[43.50742000000014,37.46532000000036],[43.507150000000195,37.465190000000405],[43.50643000000014,37.46521000000064],[43.50542000000024,37.46541000000013],[43.50496000000015,37.465590000000134],[43.504240000000095,37.46609000000029],[43.503280000000075,37.466460000000325],[43.50252000000006,37.46718000000021],[43.50184000000013,37.46812000000017],[43.50172000000015,37.468440000000044],[43.50100000000009,37.469000000000165],[43.49660000000017,37.46986000000027],[43.4961600000002,37.47025000000042],[43.4960700000002,37.47099000000014],[43.49628000000018,37.47252000000009],[43.49618000000004,37.4728400000003],[43.49562000000009,37.47332000000023],[43.494980000000055,37.4736300000003],[43.49419000000006,37.47356000000019],[43.490610000000174,37.47168000000022],[43.48961000000003,37.47167000000013],[43.48918000000015,37.47186000000022],[43.48898000000014,37.47211000000027],[43.48890000000006,37.472380000000044],[43.488840000000096,37.472770000000196],[43.48891000000003,37.47311000000059],[43.489560000000154,37.47360000000009],[43.490020000000186,37.474230000000205],[43.49013000000008,37.47455000000036],[43.49044000000015,37.47491000000031],[43.491010000000244,37.47525000000019],[43.49105000000014,37.47568000000007],[43.4908700000002,37.476240000000246],[43.4897900000002,37.47688000000005],[43.489990000000205,37.4774900000001],[43.49031000000019,37.4797800000004],[43.49159000000009,37.48373000000038],[43.49156000000005,37.48525000000035],[43.491160000000036,37.48645000000016],[43.49167000000011,37.4875100000001],[43.491970000000265,37.48948000000007],[43.4953000000001,37.49420000000049],[43.49697000000003,37.50188000000071]]],"type":"Polygon"}},{"type":"Feature","properties":{"area_id":"TR-30-002-2015260","name_tr":"Olgunlar Köyü","area_level":"neighbourhood","parent_id":"TR-30-002","endeksa_id":2015260},"geometry":{"coordinates":[[[43.564140000000236,37.46197000000029],[43.56586000000004,37.47942000000006],[43.56580000000008,37.480890000000045],[43.565540000000055,37.48185000000041],[43.56478000000004,37.48274000000015],[43.564460000000054,37.48370000000017],[43.563560000000166,37.4850400000002],[43.56242000000003,37.48759000000018],[43.562480000000164,37.495820000000265],[43.56031000000024,37.49990000000031],[43.55725000000018,37.50200000000018],[43.55355000000009,37.502390000000275],[43.549000000000035,37.50312000000031],[43.54820000000012,37.51712000000032],[43.53451000000018,37.51656000000031],[43.52268000000015,37.51370000000031],[43.51472000000018,37.510910000000365],[43.50776000000019,37.50540000000012],[43.5025500000001,37.50324000000029],[43.49697000000003,37.50188000000071],[43.4953000000001,37.49420000000049],[43.491970000000265,37.48948000000007],[43.49167000000011,37.4875100000001],[43.491160000000036,37.48645000000016],[43.49156000000005,37.48525000000035],[43.49159000000009,37.48373000000038],[43.49031000000019,37.4797800000004],[43.489990000000205,37.4774900000001],[43.4897900000002,37.47688000000005],[43.4908700000002,37.476240000000246],[43.49105000000014,37.47568000000007],[43.491010000000244,37.47525000000019],[43.49044000000015,37.47491000000031],[43.49013000000008,37.47455000000036],[43.490020000000186,37.474230000000205],[43.489560000000154,37.47360000000009],[43.48891000000003,37.47311000000059],[43.488840000000096,37.472770000000196],[43.48890000000006,37.472380000000044],[43.48898000000014,37.47211000000027],[43.48918000000015,37.47186000000022],[43.48961000000003,37.47167000000013],[43.490610000000174,37.47168000000022],[43.49419000000006,37.47356000000019],[43.494980000000055,37.4736300000003],[43.49562000000009,37.47332000000023],[43.49618000000004,37.4728400000003],[43.49628000000018,37.47252000000009],[43.4960700000002,37.47099000000014],[43.4961600000002,37.47025000000042],[43.49660000000017,37.46986000000027],[43.50100000000009,37.469000000000165],[43.50172000000015,37.468440000000044],[43.50184000000013,37.46812000000017],[43.50252000000006,37.46718000000021],[43.503280000000075,37.466460000000325],[43.504240000000095,37.46609000000029],[43.50496000000015,37.465590000000134],[43.50542000000024,37.46541000000013],[43.50643000000014,37.46521000000064],[43.507150000000195,37.465190000000405],[43.50742000000014,37.46532000000036],[43.50844000000018,37.46490000000006],[43.508860000000084,37.46452000000039],[43.509350000000154,37.46403000000038],[43.5096200000001,37.463510000000156],[43.50849000000005,37.46117000000032],[43.50843000000003,37.46075000000042],[43.5096200000001,37.459090000000174],[43.50997000000012,37.458220000000665],[43.50998000000004,37.4576100000001],[43.509690000000035,37.457110000000114],[43.50797000000017,37.45570000000038],[43.507270000000176,37.45480000000049],[43.50729000000024,37.454780000000255],[43.531250000000114,37.45330000000018],[43.53517000000005,37.452430000000504],[43.54469000000012,37.45051000000012],[43.54960000000011,37.44887000000011],[43.55326000000008,37.44978000000009],[43.556340000000034,37.453170000000114],[43.559540000000084,37.45384000000013],[43.56239000000022,37.453690000000336],[43.56336000000016,37.458160000000134],[43.562130000000195,37.46015000000034],[43.564140000000236,37.46197000000029]]],"type":"Polygon"}},{"type":"Feature","properties":{"area_id":"TR-30-002-2015259","name_tr":"Üzümcü Köyü","area_level":"neighbourhood","parent_id":"TR-30-002","endeksa_id":2015259},"geometry":{"coordinates":[[[43.60827256400012,37.514170913999976],[43.591430125000045,37.527178722000144],[43.57882335800008,37.52242702400008],[43.57305483800013,37.51847344600003],[43.56597000000011,37.51901000000015],[43.56199000000015,37.51865000000004],[43.548205099968186,37.51712056584188],[43.54833448300013,37.51782407400009],[43.54820000000012,37.51712000000032],[43.549000000000035,37.50312000000031],[43.55355000000009,37.502390000000275],[43.55725000000018,37.50200000000018],[43.56031000000024,37.49990000000031],[43.562480000000164,37.495820000000265],[43.56242000000003,37.48759000000018],[43.563560000000166,37.4850400000002],[43.564460000000054,37.48370000000017],[43.56478000000004,37.48274000000015],[43.565540000000055,37.48185000000041],[43.56580000000008,37.480890000000045],[43.56586000000004,37.47942000000006],[43.564140000000236,37.46197000000029],[43.59192000000013,37.461600000000374],[43.601690000000076,37.45929000000041],[43.630280000000084,37.46384000000029],[43.61648000000008,37.470360000000426],[43.61025000000012,37.481610000000444],[43.60848000000004,37.48830000000032],[43.60679000000016,37.49728000000027],[43.605970000000184,37.50051000000036],[43.60434000000015,37.50460000000015],[43.603120000000104,37.50941000000006],[43.60913653885427,37.508200174652075],[43.609296594788816,37.508241396457095],[43.60827256400012,37.514170913999976]]],"type":"Polygon"}},{"type":"Feature","properties":{"area_id":"TR-30-002-2015249","name_tr":"Çimenli Köyü","area_level":"neighbourhood","parent_id":"TR-30-002","endeksa_id":2015249},"geometry":{"coordinates":[[[43.72044000000011,37.50526000000042],[43.71439000000015,37.5074800000001],[43.7077000000001,37.509050000000116],[43.703080000000114,37.514810000000466],[43.70156000000014,37.51488000000006],[43.6969900000002,37.52143000000041],[43.694090000000244,37.522490000000175],[43.69144000000017,37.52298000000019],[43.6885700000002,37.522800000000075],[43.68535000000003,37.521260000000154],[43.68274000000008,37.521160000000066],[43.679510000000164,37.52005000000008],[43.675380000000075,37.5188500000001],[43.67075294124652,37.51725101641347],[43.673253669000076,37.529101861000186],[43.67299842000017,37.529203210000674],[43.673088678,37.52963092900012],[43.671333909000055,37.53324827900008],[43.67037914399998,37.53056685100012],[43.670197197000164,37.530508079000185],[43.667874773000165,37.53166059600011],[43.66495658300016,37.53130314599997],[43.66487572200009,37.53123287000005],[43.664875911000195,37.531017778000034],[43.66268925400004,37.52942134100016],[43.649014761000046,37.52629852400014],[43.633407498,37.52124468900041],[43.62497920200008,37.51772098000009],[43.62484151700011,37.51781299400005],[43.62486455700008,37.519037818000186],[43.624697416000174,37.519132026000136],[43.608352278000154,37.51427767400014],[43.60827256400012,37.514170913999976],[43.609296594788816,37.508241396457095],[43.60913653885427,37.508200174652075],[43.603120000000104,37.50941000000006],[43.60434000000015,37.50460000000015],[43.605970000000184,37.50051000000036],[43.60679000000016,37.49728000000027],[43.60848000000004,37.48830000000032],[43.61025000000012,37.481610000000444],[43.61648000000008,37.470360000000426],[43.630280000000084,37.46384000000029],[43.64473000000015,37.464040000000466],[43.648750000000064,37.46420000000023],[43.65560000000022,37.46176000000014],[43.66364000000016,37.459370000000604],[43.6723800000002,37.46118000000007],[43.68752000000018,37.46358000000009],[43.69828000000018,37.463180000000364],[43.69568000000015,37.46625000000017],[43.694310000000144,37.46963000000028],[43.69348000000019,37.47315000000037],[43.69255000000015,37.476280000000145],[43.69896000000011,37.47981000000004],[43.7036700000001,37.4840300000003],[43.70448000000016,37.48875000000004],[43.70448000000016,37.492510000000095],[43.70556000000016,37.49293000000057],[43.7065300000001,37.49370000000033],[43.707010000000025,37.494430000000364],[43.708000000000084,37.494980000000396],[43.70882000000006,37.49574000000018],[43.708900000000085,37.49605000000008],[43.70926000000003,37.496690000000456],[43.70946000000009,37.49748000000045],[43.71015000000011,37.498360000000105],[43.71229000000011,37.50043000000011],[43.71484000000004,37.5012200000001],[43.71896000000004,37.50189000000012],[43.719740000000115,37.503720000000214],[43.72052000000019,37.50421000000023],[43.72044000000011,37.50526000000042]]],"type":"Polygon"}},{"type":"Feature","properties":{"area_id":"TR-30-002-31009","name_tr":"Biçenek","area_level":"neighbourhood","parent_id":"TR-30-002","endeksa_id":31009},"geometry":{"coordinates":[[[43.630066115000034,37.53654029900014],[43.62981478900019,37.536412719000054],[43.603451147000044,37.54015254700005],[43.60343964000009,37.54027854000009],[43.60634725200015,37.54353079900034],[43.59486581100009,37.5434890540007],[43.58392273900006,37.54297289400063],[43.57872325900007,37.54263389100038],[43.573835713000165,37.541595977000156],[43.5734605400001,37.541734302000464],[43.57342997600006,37.54185573400002],[43.57322599200006,37.541380127000025],[43.572741112000074,37.54135665900003],[43.5732017090001,37.54125695200008],[43.591430125000045,37.527178722000144],[43.60827256400012,37.514170913999976],[43.608352278000154,37.51427767400014],[43.624697416000174,37.519132026000136],[43.62486455700008,37.519037818000186],[43.62495790900016,37.52375157099999],[43.630400753,37.53621539400035],[43.630351566000115,37.53632845600015],[43.63005347500007,37.5364025290001],[43.630066115000034,37.53654029900014]]],"type":"Polygon"}},{"type":"Feature","properties":{"area_id":"TR-30-002-2015248","name_tr":"Çanaklı Köyü","area_level":"neighbourhood","parent_id":"TR-30-002","endeksa_id":2015248},"geometry":{"coordinates":[[[44.05191461600003,37.49090787800009],[44.051714845000106,37.49167758500005],[43.98924291100019,37.542318685000055],[43.98814180200014,37.543219917000044],[43.987866882000105,37.543688926000186],[43.98770403600014,37.54370592900011],[43.98755372800014,37.543647263000025],[43.98721884100007,37.54369767800006],[43.98707100399997,37.54360970000005],[43.98696000000024,37.54121000000009],[43.985610000000065,37.53782000000007],[43.98330888700019,37.53441461600039],[43.97943239199998,37.53191783200003],[43.97915209545329,37.530861245782944],[43.97871000000009,37.52614000000017],[43.97699000000006,37.52304000000004],[43.97440000000017,37.5197900000004],[43.97051000000016,37.51848000000018],[43.96881032886904,37.51806216418055],[43.95930144077806,37.515064434178726],[43.94668000000007,37.50944000000027],[43.94304000000017,37.50863000000004],[43.93869000000012,37.50857000000019],[43.9347053460001,37.509874666000144],[43.93401861400014,37.50993218400009],[43.9108700000001,37.50706000000014],[43.90310575732212,37.50782718112197],[43.89627710709681,37.50782761305169],[43.89394303777283,37.50757676480282],[43.88866798674485,37.50516761115773],[43.88180000000017,37.500870000000305],[43.87385571500005,37.497994816000414],[43.86778114877029,37.49305473291719],[43.864120000000185,37.48956000000027],[43.85852000000011,37.49214000000006],[43.83780000000007,37.49831000000023],[43.81807000000009,37.49131000000011],[43.80903000000012,37.487960000000044],[43.79911000000004,37.48043000000018],[43.781440000000146,37.47736000000015],[43.79392000000013,37.46307000000036],[43.79816000000011,37.4493200000004],[43.808020000000056,37.43828000000019],[43.80616000000015,37.42912000000024],[43.799600000000055,37.42041000000006],[43.80156000000005,37.40632000000028],[43.80108000000013,37.396290000000306],[43.800840000000164,37.384520000000066],[43.80077000000006,37.37099000000023],[43.80661000000009,37.369440000000054],[43.811710000000176,37.36849000000012],[43.82954000000018,37.36825000000016],[43.83419000000015,37.367890000000216],[43.85044000000016,37.366180000000156],[43.85358000000008,37.3635000000001],[43.85897000000023,37.36183000000045],[43.86716000000018,37.361100000000306],[43.87225000000012,37.36050000000017],[43.878550000000246,37.358720000000346],[43.89279000000022,37.353950000000054],[43.90088000000026,37.35098000000016],[43.90673000000021,37.34764000000018],[43.9095700000002,37.34538000000009],[43.91572000000008,37.33943000000016],[43.92232000000013,37.332050000000095],[43.929510000000164,37.33443000000017],[43.94734000000011,37.3357300000003],[43.956030000000055,37.33776000000017],[43.96023000000014,37.33918000000011],[43.97431000000017,37.350140000000295],[43.98405000000014,37.356800000000135],[43.98630000000014,37.35942000000017],[43.98839000000004,37.36359000000027],[43.98974000000004,37.36883000000017],[43.989889904000165,37.37350477600012],[43.99005577700012,37.38897570600011],[44.01173068500009,37.38899407400004],[44.01185120800005,37.388918502000024],[44.01183305000012,37.38907405800012],[44.037726748000125,37.43011126800019],[44.037874407706454,37.4301526378091],[44.03769000000011,37.430220000000304],[44.05191461600003,37.49090787800009]]],"type":"Polygon"}},{"type":"Feature","properties":{"area_id":"TR-30-002-2015275","name_tr":"Kavalköy Köyü","area_level":"neighbourhood","parent_id":"TR-30-002","endeksa_id":2015275},"geometry":{"coordinates":[[[43.54833448300013,37.51782407400009],[43.55000316200011,37.526904598000556],[43.54450000000003,37.53697000000011],[43.53377000000006,37.54422000000028],[43.533168106589926,37.54433248499828],[43.52517802400007,37.549524677000136],[43.52479000000011,37.54908000000023],[43.525000000000034,37.548140000000046],[43.52483000000018,37.54726000000028],[43.52436000000006,37.54645000000005],[43.52355000000017,37.54624000000041],[43.5231100000002,37.54558000000014],[43.52221000000014,37.545130000000256],[43.522020000000055,37.54467000000017],[43.520530000000065,37.54454000000044],[43.519300000000044,37.54455000000041],[43.51901000000004,37.54429000000039],[43.518990000000144,37.5438800000004],[43.51841000000013,37.54348000000016],[43.51783000000012,37.543370000000266],[43.51751000000013,37.543000000000234],[43.51637000000011,37.54308000000043],[43.51562000000024,37.5442500000006],[43.51541000000009,37.54415000000017],[43.51494000000008,37.544300000000476],[43.5147300000001,37.544210000000135],[43.514120000000105,37.54493000000019],[43.51362000000012,37.54491000000013],[43.51293000000004,37.54468000000065],[43.51260000000008,37.544510000000116],[43.51243000000005,37.54431000000005],[43.510680000000036,37.543740000000355],[43.51010000000019,37.54367000000025],[43.509170000000154,37.54371000000015],[43.508550000000184,37.5435700000001],[43.508240000000114,37.54320000000041],[43.507930000000044,37.54301000000032],[43.507490000000075,37.54379000000023],[43.50723000000005,37.543470000000184],[43.50663000000014,37.54305000000011],[43.50499000000019,37.54320000000041],[43.504890000000046,37.54332000000039],[43.50468000000012,37.544170000000406],[43.50441000000012,37.54440000000022],[43.50438000000014,37.54465000000033],[43.504120000000114,37.54480000000012],[43.50386000000009,37.54521000000045],[43.50397000000015,37.54596000000015],[43.503840000000025,37.54642000000041],[43.50398000000007,37.54754000000014],[43.503890000000126,37.54834000000011],[43.50395000000009,37.54901000000012],[43.503810000000044,37.54900000000015],[43.50327000000016,37.54887000000008],[43.50293000000005,37.5485300000002],[43.50258000000008,37.54836000000034],[43.50273000000004,37.54832000000056],[43.50260000000014,37.547990000000254],[43.50236000000018,37.5478200000004],[43.50247000000019,37.54698000000053],[43.50156000000004,37.54682000000008],[43.50142000000017,37.54693000000066],[43.5012000000001,37.54691000000042],[43.5008900000002,37.54667000000046],[43.500210000000095,37.54685000000029],[43.50004000000007,37.54633000000007],[43.499190000000056,37.545940000000314],[43.49870000000004,37.546100000000195],[43.49837000000008,37.54606000000007],[43.4983400000001,37.5461300000004],[43.49729000000008,37.545780000000036],[43.4960700000002,37.545780000000036],[43.49565000000007,37.54547000000014],[43.49567000000013,37.545390000000054],[43.49540000000019,37.5453100000002],[43.49449000000004,37.54460000000029],[43.49379000000022,37.54444000000069],[43.49311000000006,37.54442000000046],[43.49282000000005,37.544270000000154],[43.49257000000017,37.544270000000154],[43.49143000000015,37.5439200000003],[43.490920000000074,37.54394000000053],[43.49040000000019,37.54350000000039],[43.49006000000014,37.54309000000018],[43.489710000000116,37.54305000000011],[43.48936000000015,37.54289000000034],[43.48936000000015,37.542380000000094],[43.48967000000022,37.54206000000005],[43.490200000000186,37.54193000000049],[43.49027000000012,37.541730000000314],[43.490210000000104,37.54161000000033],[43.49040000000019,37.54155000000031],[43.4898300000001,37.54138000000046],[43.48978000000005,37.54094000000032],[43.489890000000116,37.540580000000375],[43.48973000000018,37.54017000000016],[43.48898000000014,37.54011000000054],[43.48802000000012,37.539470000000165],[43.48552000000018,37.538570000000334],[43.47088000000019,37.54194000000007],[43.46226000000013,37.542780000000334],[43.45281000000023,37.54075000000023],[43.43877000000009,37.547990000000254],[43.43115000000006,37.54711000000009],[43.43162000000018,37.535380000000146],[43.43332000000015,37.53418000000016],[43.43382000000014,37.5334100000004],[43.434260000000165,37.53292000000039],[43.43498000000005,37.53125000000006],[43.4348100000002,37.53100000000012],[43.434880000000135,37.53068000000047],[43.43552000000011,37.52997000000016],[43.43617000000006,37.52961000000005],[43.43616000000014,37.528600000000324],[43.43665000000021,37.52819000000051],[43.43739000000011,37.52840000000015],[43.43769000000009,37.528260000000614],[43.43834000000004,37.52831000000049],[43.43874000000011,37.527940000000285],[43.43937000000017,37.527760000000455],[43.43972000000019,37.52740000000051],[43.43972000000019,37.52709000000044],[43.43990000000014,37.52677000000028],[43.44073000000009,37.52632000000017],[43.44125000000014,37.52586000000031],[43.44138000000004,37.5250800000004],[43.44112000000018,37.5244000000003],[43.44164000000006,37.52426000000008],[43.44485000000009,37.52031000000011],[43.45390000000015,37.52005000000008],[43.46729000000016,37.512580000000185],[43.468710000000044,37.50817000000035],[43.469800000000134,37.50767000000019],[43.471030000000155,37.507620000000315],[43.47236000000004,37.50694000000016],[43.474530000000186,37.50655000000006],[43.47730000000007,37.50652000000025],[43.47743000000014,37.506380000000036],[43.477440000000115,37.50507000000033],[43.47768000000025,37.504800000000046],[43.47863000000012,37.50472000000036],[43.47938000000022,37.50408000000016],[43.48031000000026,37.50376000000011],[43.48405000000008,37.503720000000214],[43.48642000000007,37.50317000000018],[43.48716000000019,37.50280000000009],[43.488190000000145,37.50282000000033],[43.48975000000007,37.5021900000001],[43.49177000000003,37.50181000000009],[43.49405000000024,37.50160000000028],[43.49697000000003,37.50188000000071],[43.5025500000001,37.50324000000029],[43.50776000000019,37.50540000000012],[43.51472000000018,37.510910000000365],[43.52268000000015,37.51370000000031],[43.53451000000018,37.51656000000031],[43.54820000000012,37.51712000000032],[43.54833448300013,37.51782407400009]]],"type":"Polygon"}},{"type":"Feature","properties":{"area_id":"TR-30-002-2015245","name_tr":"Bayköy Köyü","area_level":"neighbourhood","parent_id":"TR-30-002","endeksa_id":2015245},"geometry":{"coordinates":[[[43.67369026000006,37.5584468350001],[43.673169506000136,37.55850413200017],[43.67273165700004,37.558768612000165],[43.67248926500008,37.559245347000115],[43.67100714899999,37.55950639600064],[43.670877129000075,37.559372897000344],[43.67468198300014,37.55142796300004],[43.67511275000015,37.543861040000024],[43.671333909000055,37.53324827900008],[43.673088678,37.52963092900012],[43.67299842000017,37.529203210000674],[43.673253669000076,37.529101861000186],[43.67075294124652,37.51725101641347],[43.675380000000075,37.5188500000001],[43.679510000000164,37.52005000000008],[43.68274000000008,37.521160000000066],[43.68535000000003,37.521260000000154],[43.6885700000002,37.522800000000075],[43.69144000000017,37.52298000000019],[43.694090000000244,37.522490000000175],[43.6969900000002,37.52143000000041],[43.70156000000014,37.51488000000006],[43.703080000000114,37.514810000000466],[43.7077000000001,37.509050000000116],[43.71439000000015,37.5074800000001],[43.72044000000011,37.50526000000042],[43.72208000000012,37.507630000000404],[43.722070000000144,37.50805000000037],[43.7222000000001,37.508740000000046],[43.722470000000044,37.509360000000186],[43.72397000000018,37.51074000000051],[43.72556000000009,37.5116400000004],[43.72613000000018,37.512240000000304],[43.72639000000004,37.512710000000084],[43.72652000000011,37.51422000000014],[43.72675000000015,37.51498000000032],[43.72713000000016,37.515680000000145],[43.72876000000019,37.51790000000034],[43.73056000000008,37.52010000000047],[43.73157000000015,37.52090000000004],[43.733440000000144,37.52208000000019],[43.734050000000195,37.522280000000364],[43.734480000000076,37.52276000000029],[43.73454000000021,37.524170000000424],[43.73508000000015,37.52539000000047],[43.735880000000066,37.526800000000094],[43.73695000000015,37.5283000000004],[43.737210000000175,37.528940000000034],[43.73716000000013,37.53047000000015],[43.737340000000074,37.53133000000025],[43.7376900000001,37.53218000000027],[43.73991000000012,37.53560000000027],[43.741080000000125,37.53667000000013],[43.743780000000186,37.54079000000013],[43.744370000000174,37.54131000000035],[43.74609000000004,37.54340000000008],[43.74628000000013,37.54401000000064],[43.74667000000005,37.54460000000029],[43.74810000000008,37.5457100000001],[43.749540000000195,37.546560000000056],[43.74999000000014,37.54735000000005],[43.75045506851785,37.54670093732818],[43.74891481600014,37.54890731100039],[43.74925949699997,37.55046902300029],[43.748013619871585,37.55343278980382],[43.747830984205734,37.553504495277195],[43.74771110603274,37.55336849605379],[43.74781016700018,37.55263601700017],[43.74519354300003,37.55355523900005],[43.742329839000035,37.55699271400067],[43.742051131000096,37.55693481100059],[43.74111643499998,37.55844923600057],[43.74060928900013,37.55905799300058],[43.7399998300001,37.558977996000124],[43.73884630900011,37.55826548500005],[43.738787422000144,37.557087667000076],[43.7386295550001,37.55660836800013],[43.738759864000144,37.556507206000106],[43.73856663100008,37.556487885000024],[43.73726495200009,37.555765161000124],[43.736611168000195,37.554959024000084],[43.7360710960001,37.552487548000045],[43.73614820800009,37.55206772100007],[43.73605855100004,37.55197259400012],[43.732729694,37.5518886640001],[43.728817352000135,37.55240364400004],[43.72780598200012,37.55295575800011],[43.72754599600012,37.55391411100004],[43.72801386800012,37.554280441000344],[43.728998207000075,37.5545120590005],[43.724902446000044,37.55462633900004],[43.72420202300009,37.55452480700012],[43.72343379000006,37.55466731700005],[43.72052145800012,37.55474857700017],[43.70582642200014,37.552030891000015],[43.70301832900009,37.552979891000064],[43.688920475000145,37.54941173800012],[43.67954386100007,37.55189774500019],[43.67926087100011,37.551263863000145],[43.67718429900003,37.55173401800005],[43.67375366800013,37.55726133000019],[43.67369026000006,37.5584468350001]]],"type":"Polygon"}},{"type":"Feature","properties":{"area_id":"TR-30-002-31008","name_tr":"Pınarbaşı","area_level":"neighbourhood","parent_id":"TR-30-002","endeksa_id":31008},"geometry":{"coordinates":[[[43.62865943700018,37.55850795500004],[43.628501711000126,37.55856952300013],[43.6276761420001,37.55824244800016],[43.624629380000044,37.559018164000065],[43.618827855999996,37.56092958600027],[43.61865934400009,37.560861556000134],[43.61818848200005,37.558666334000236],[43.61410463000004,37.55614154400041],[43.60768531000019,37.55905224400004],[43.604523406000055,37.555006354000454],[43.60453034300019,37.55489518800016],[43.610506015000055,37.54822582100013],[43.60634725200015,37.54353079900034],[43.60343964000009,37.54027854000009],[43.603451147000044,37.54015254700005],[43.62981478900019,37.536412719000054],[43.630066115000034,37.53654029900014],[43.634211737000044,37.539526794000096],[43.627791572000035,37.54267508000032],[43.63028111800014,37.54712373200016],[43.631122218000144,37.55279213500012],[43.62865943700018,37.55850795500004]]],"type":"Polygon"}},{"type":"Feature","properties":{"area_id":"TR-30-002-31011","name_tr":"Bağlarbaşı","area_level":"neighbourhood","parent_id":"TR-30-002","endeksa_id":31011},"geometry":{"coordinates":[[[43.60453034300019,37.55489518800016],[43.60439973900003,37.55493379300003],[43.600591880000025,37.55414876200001],[43.59469144000013,37.558075603000475],[43.594914509000034,37.56157251000053],[43.59484520600006,37.56166595800045],[43.586632470000154,37.56188207700012],[43.586528060000035,37.562026615000036],[43.57952716500017,37.55124532700006],[43.574065419000135,37.552561836000166],[43.57203332400013,37.54607655800021],[43.566163958000175,37.54324073900017],[43.56042824600007,37.546836039000254],[43.558451556000136,37.549966375999986],[43.55645102900007,37.55074834800007],[43.5447593290001,37.55449261100017],[43.538406615999975,37.5533666340005],[43.53329055600017,37.55422140600052],[43.532318832000044,37.55422291800011],[43.53177792200006,37.55290296900006],[43.53179000000017,37.55080000000004],[43.530565828000135,37.54994517000006],[43.53046000000012,37.54954000000009],[43.530303810000134,37.54930578200009],[43.52991622267257,37.5493223335028],[43.529400492335924,37.54912893462614],[43.52888000000013,37.54871000000014],[43.52790710108599,37.548984104120336],[43.52517802400007,37.549524677000136],[43.533168106589926,37.54433248499828],[43.53377000000006,37.54422000000028],[43.54450000000003,37.53697000000011],[43.55000316200011,37.526904598000556],[43.548205099968186,37.51712056584188],[43.56199000000015,37.51865000000004],[43.56597000000011,37.51901000000015],[43.57305483800013,37.51847344600003],[43.57882335800008,37.52242702400008],[43.591430125000045,37.527178722000144],[43.5732017090001,37.54125695200008],[43.572741112000074,37.54135665900003],[43.57322599200006,37.541380127000025],[43.57342997600006,37.54185573400002],[43.5734605400001,37.541734302000464],[43.573835713000165,37.541595977000156],[43.57872325900007,37.54263389100038],[43.58392273900006,37.54297289400063],[43.59486581100009,37.5434890540007],[43.60634725200015,37.54353079900034],[43.610506015000055,37.54822582100013],[43.60453034300019,37.55489518800016]]],"type":"Polygon"}},{"type":"Feature","properties":{"area_id":"TR-30-002-30993","name_tr":"Biçer","area_level":"neighbourhood","parent_id":"TR-30-002","endeksa_id":30993},"geometry":{"coordinates":[[[43.74163579547496,37.568775223262435],[43.74147420022365,37.568892858398385],[43.74117128900008,37.56876000200015],[43.7406850000001,37.568284000000006],[43.73612412600005,37.565064500999995],[43.73755559000017,37.562981469000135],[43.73885903900009,37.56201250700008],[43.73899356900006,37.56121091200009],[43.73884630900011,37.55826548500005],[43.7399998300001,37.558977996000124],[43.74060928900013,37.55905799300058],[43.74111643499998,37.55844923600057],[43.742051131000096,37.55693481100059],[43.742329839000035,37.55699271400067],[43.74519354300003,37.55355523900005],[43.74781016700018,37.55263601700017],[43.747369838000054,37.55589191199999],[43.74779199400018,37.55719021800013],[43.74744139300003,37.5573963920005],[43.74745898600014,37.55751560400006],[43.74727996200005,37.557457432000035],[43.74564801400004,37.558300183000085],[43.74337399600017,37.5612090700003],[43.743373012999996,37.56165263100013],[43.74380347900012,37.56210540900048],[43.74408877500008,37.56286741100047],[43.743571619000136,37.56431781000015],[43.74319346100009,37.56657281100013],[43.74369715600011,37.56805406800004],[43.743570846000125,37.56813588000006],[43.74187885200013,37.56798976100009],[43.741805365000175,37.56806875500024],[43.741782216000104,37.568701747000034],[43.74163579547496,37.568775223262435]]],"type":"Polygon"}},{"type":"Feature","properties":{"area_id":"TR-30-002-31003","name_tr":"Sümbül","area_level":"neighbourhood","parent_id":"TR-30-002","endeksa_id":31003},"geometry":{"coordinates":[[[43.78974379912472,37.57929805348704],[43.789520485000025,37.57929169500051],[43.7895401240001,37.579448976000094],[43.78358736000018,37.58383485200011],[43.78327877400005,37.58394763400054],[43.783018236000146,37.584205850000046],[43.78300676700019,37.58405357600009],[43.77630709800013,37.580164805000095],[43.766033406000076,37.57710220300004],[43.75920219800014,37.57359423600013],[43.75869699725877,37.57351309095333],[43.7573900000001,37.56481000000019],[43.75229000000019,37.561810000000094],[43.75202000000024,37.56234000000029],[43.75015000000025,37.5651900000002],[43.74817000000019,37.56705000000005],[43.74688000000003,37.569330000000264],[43.746470000000045,37.56984000000051],[43.746070000000145,37.57015000000058],[43.74484000000018,37.57061000000027],[43.74588000000006,37.570760000000064],[43.74600011755314,37.57099578630755],[43.74586972506876,37.57111743482295],[43.74441355900012,37.57099028500056],[43.74448945700004,37.57050178700047],[43.744907549000175,37.57038221900052],[43.74469195400019,37.57030058200007],[43.74465401700013,37.57019974899998],[43.74642535400005,37.56602593000059],[43.74736257300009,37.56569246800018],[43.74775181800004,37.565063523000276],[43.74749711100003,37.56335319699997],[43.747598337000056,37.5626017040006],[43.74845477500003,37.560148457000025],[43.74745898600014,37.55751560400006],[43.74744139300003,37.5573963920005],[43.74779199400018,37.55719021800013],[43.747369838000054,37.55589191199999],[43.74771110603274,37.55336849605379],[43.747830984205734,37.553504495277195],[43.748013619871585,37.55343278980382],[43.74925949699997,37.55046902300029],[43.74891481600014,37.54890731100039],[43.75045506851785,37.54670093732818],[43.75108000000006,37.548210000000154],[43.75575000000009,37.55035000000015],[43.75737000000021,37.55263000000048],[43.76321000000007,37.55565000000024],[43.76860000000016,37.559570000000576],[43.770850000000166,37.563130000000285],[43.771070000000066,37.56526000000031],[43.77174000000008,37.569360000000074],[43.775340000000085,37.57078000000013],[43.7757000000002,37.57171000000034],[43.77539000000013,37.574940000000424],[43.77713000000023,37.57434000000052],[43.77897000000024,37.57471000000004],[43.77976000000024,37.5753200000006],[43.782870000000116,37.57648000000012],[43.785350000000165,37.57758000000018],[43.78784000000013,37.57843000000071],[43.78974379912472,37.57929805348704]]],"type":"Polygon"}},{"type":"Feature","properties":{"area_id":"TR-30-002-30999","name_tr":"Medrese","area_level":"neighbourhood","parent_id":"TR-30-002","endeksa_id":30999},"geometry":{"coordinates":[[[43.74745898600014,37.55751560400006],[43.74845477500003,37.560148457000025],[43.747598337000056,37.5626017040006],[43.74749711100003,37.56335319699997],[43.74775181800004,37.565063523000276],[43.74736257300009,37.56569246800018],[43.74642535400005,37.56602593000059],[43.74465401700013,37.57019974899998],[43.74469195400019,37.57030058200007],[43.744907549000175,37.57038221900052],[43.74448945700004,37.57050178700047],[43.74444856299999,37.57037520300014],[43.74163579547496,37.568775223262435],[43.741782216000104,37.568701747000034],[43.741805365000175,37.56806875500024],[43.74187885200013,37.56798976100009],[43.743570846000125,37.56813588000006],[43.74369715600011,37.56805406800004],[43.74319346100009,37.56657281100013],[43.743571619000136,37.56431781000015],[43.74408877500008,37.56286741100047],[43.74380347900012,37.56210540900048],[43.743373012999996,37.56165263100013],[43.74337399600017,37.5612090700003],[43.74564801400004,37.558300183000085],[43.74727996200005,37.557457432000035],[43.74745898600014,37.55751560400006]]],"type":"Polygon"}},{"type":"Feature","properties":{"area_id":"TR-30-002-30992","name_tr":"Bağlar","area_level":"neighbourhood","parent_id":"TR-30-002","endeksa_id":30992},"geometry":{"coordinates":[[[43.73612412600005,37.565064500999995],[43.73600608200002,37.56523268800015],[43.73374018700002,37.567012536000334],[43.73364727000006,37.56749168800019],[43.73421333900012,37.568768891000104],[43.73415857900005,37.569357962000595],[43.73377733000018,37.570086184000274],[43.73211025300003,37.57088865300068],[43.73013290984005,37.571515161724676],[43.73109326700006,37.5701305150003],[43.73142263900013,37.568805638000185],[43.73002949800008,37.56836810200008],[43.72910666500019,37.567864615000076],[43.727391748000116,37.567468562000045],[43.727038199000106,37.56651033500026],[43.72658204500004,37.5659573800001],[43.72528826900009,37.56535459800011],[43.72524645800007,37.56408542800011],[43.72652469400015,37.56156205700029],[43.725942805000045,37.560130462000075],[43.72486929000013,37.55959871900001],[43.72434730800012,37.558789832000684],[43.72446197400018,37.55765483100015],[43.72455902900015,37.55757506200018],[43.7278069410001,37.557056227000146],[43.72890078700004,37.55571781100008],[43.72915024200017,37.55499190600017],[43.72947312200006,37.55469125400032],[43.728998207000075,37.5545120590005],[43.72801386800012,37.554280441000344],[43.72754599600012,37.55391411100004],[43.72780598200012,37.55295575800011],[43.728817352000135,37.55240364400004],[43.732729694,37.5518886640001],[43.73605855100004,37.55197259400012],[43.73614820800009,37.55206772100007],[43.7360710960001,37.552487548000045],[43.736611168000195,37.554959024000084],[43.73726495200009,37.555765161000124],[43.73856663100008,37.556487885000024],[43.738759864000144,37.556507206000106],[43.7386295550001,37.55660836800013],[43.738787422000144,37.557087667000076],[43.73899356900006,37.56121091200009],[43.73885903900009,37.56201250700008],[43.73755559000017,37.562981469000135],[43.73612412600005,37.565064500999995]]],"type":"Polygon"}},{"type":"Feature","properties":{"area_id":"TR-30-002-2015274","name_tr":"Kavaklı Köyü","area_level":"neighbourhood","parent_id":"TR-30-002","endeksa_id":2015274},"geometry":{"coordinates":[[[43.43115000000006,37.54711000000009],[43.43371000000013,37.55489000000006],[43.42633000000018,37.56069000000019],[43.41761000000008,37.56705000000005],[43.413980000000095,37.569880000000296],[43.4093400000001,37.57058000000063],[43.40302000000014,37.57138000000003],[43.39631000000003,37.57249000000024],[43.39001000000013,37.57390000000038],[43.381950000000074,37.569490000000144],[43.36577000000017,37.56467000000049],[43.34857000000011,37.55343000000005],[43.330990000000156,37.54426000000018],[43.3202500000001,37.53778000000034],[43.32006000000018,37.537120000000414],[43.31628000000006,37.53244000000029],[43.30830000000026,37.52879000000041],[43.31317000000013,37.51650000000035],[43.3200300000002,37.50878000000034],[43.32838000000021,37.50582000000003],[43.333780000000104,37.50507000000033],[43.34998000000007,37.50433000000021],[43.35650000000004,37.50312000000031],[43.361900000000105,37.50181000000009],[43.36527000000024,37.50064000000043],[43.412450000000206,37.502700000000345],[43.42437000000024,37.52185000000031],[43.43552000000011,37.52997000000016],[43.434880000000135,37.53068000000047],[43.4348100000002,37.53100000000012],[43.43498000000005,37.53125000000006],[43.434260000000165,37.53292000000039],[43.43382000000014,37.5334100000004],[43.43332000000015,37.53418000000016],[43.43162000000018,37.535380000000146],[43.43115000000006,37.54711000000009]]],"type":"Polygon"}},{"type":"Feature","properties":{"area_id":"TR-30-002-31000","name_tr":"Merzan","area_level":"neighbourhood","parent_id":"TR-30-002","endeksa_id":31000},"geometry":{"coordinates":[[[43.71442331445445,37.570277310061556],[43.71105000000017,37.57083000000017],[43.711310000000196,37.571370000000115],[43.71012000000013,37.57186000000013],[43.70848000000018,37.57205000000005],[43.70809000000003,37.57264000000055],[43.7064000000002,37.5729900000004],[43.705180000000155,37.57371000000029],[43.70333000000022,37.57452000000035],[43.70083000000011,37.57397000000009],[43.70020000000005,37.573570000000075],[43.70008000000007,37.572700000000395],[43.70012000000014,37.57186000000013],[43.70055000000019,37.57037000000031],[43.70055000000019,37.56978000000038],[43.70032000000003,37.56912000000011],[43.69922000000014,37.56850000000048],[43.69840000000016,37.56832000000014],[43.69808000000012,37.56776000000036],[43.69769000000019,37.56729000000041],[43.697060000000135,37.566980000000115],[43.696750000000236,37.56692000000049],[43.6962000000002,37.566540000000316],[43.696040000000096,37.566200000000094],[43.6962400000001,37.565890000000536],[43.696670000000154,37.56573000000009],[43.69840000000016,37.56542000000019],[43.69765000000007,37.564830000000256],[43.697100000000034,37.564650000000256],[43.69659000000013,37.56390000000005],[43.696910000000116,37.56325000000027],[43.69692000000009,37.562600000000316],[43.696760000000154,37.56247000000036],[43.696670000000154,37.562140000000056],[43.696360000000084,37.561810000000094],[43.6963300000001,37.561250000000314],[43.69655000000017,37.560940000000244],[43.6965100000001,37.5605800000003],[43.69687000000022,37.56035000000031],[43.69707000000005,37.55943000000036],[43.69696000000016,37.55946000000017],[43.696880000000135,37.55962000000045],[43.69611000000003,37.56003000000027],[43.69566000000009,37.56000000000063],[43.69401000000016,37.56067000000064],[43.693600000000174,37.56048000000055],[43.69345000000004,37.559980000000394],[43.693160000000205,37.559760000000665],[43.69259000000011,37.559760000000665],[43.69119000000006,37.559510000000046],[43.69020000000006,37.559440000000336],[43.68953000000005,37.559230000000184],[43.68936000000019,37.55927000000008],[43.68930000000017,37.55942000000027],[43.689570000000174,37.55977000000007],[43.68953000000005,37.56018000000006],[43.68989000000016,37.56051000000019],[43.68989000000016,37.56061000000011],[43.6895600000002,37.56092000000018],[43.689480000000174,37.56145000000038],[43.689630000000136,37.561590000000194],[43.69040000000007,37.56166000000013],[43.69052000000005,37.56176000000005],[43.69055000000026,37.5621500000002],[43.69088000000016,37.562300000000505],[43.69107000000008,37.562510000000145],[43.6910400000001,37.56278000000043],[43.69089000000014,37.562860000000114],[43.690350000000194,37.56265000000036],[43.68967000000009,37.56266000000045],[43.68831000000017,37.56206000000054],[43.687060000000145,37.561270000000036],[43.68682000000018,37.56080000000003],[43.68646000000007,37.5605400000004],[43.68596000000008,37.56043000000068],[43.68558000000007,37.55978000000022],[43.68544000000003,37.55971000000011],[43.68481000000014,37.559760000000665],[43.683370000000195,37.55921000000012],[43.683280000000195,37.559330000000614],[43.683500000000095,37.56000000000063],[43.68345000000005,37.560590000000275],[43.68369000000018,37.560840000000496],[43.683710000000076,37.56107000000037],[43.683590000000095,37.561460000000125],[43.68367000000012,37.56179000000026],[43.68389000000019,37.562140000000056],[43.68385000000012,37.56225000000063],[43.6837000000001,37.56225000000063],[43.68320000000017,37.5619700000002],[43.68290000000019,37.561710000000176],[43.68187000000006,37.561560000000384],[43.68131000000011,37.56136000000021],[43.68048000000016,37.5612900000001],[43.68029000000007,37.560940000000244],[43.67962000000006,37.56043000000068],[43.679160000000195,37.56045000000023],[43.67895000000004,37.56069000000019],[43.67914000000013,37.561460000000125],[43.67901000000023,37.56165000000004],[43.67880000000008,37.56175000000047],[43.67798000000005,37.56178000000011],[43.67741000000018,37.56147000000004],[43.67695000000009,37.56051000000019],[43.67691000000019,37.5599000000002],[43.67530000000022,37.55924000000027],[43.674670000000106,37.55876000000035],[43.67379000000011,37.55837000000008],[43.67369026000006,37.5584468350001],[43.67375366800013,37.55726133000019],[43.67718429900003,37.55173401800005],[43.67926087100011,37.551263863000145],[43.67954386100007,37.55189774500019],[43.688920475000145,37.54941173800012],[43.70301832900009,37.552979891000064],[43.70582642200014,37.552030891000015],[43.72052145800012,37.55474857700017],[43.72343379000006,37.55466731700005],[43.72420202300009,37.55452480700012],[43.724902446000044,37.55462633900004],[43.728998207000075,37.5545120590005],[43.72947312200006,37.55469125400032],[43.72915024200017,37.55499190600017],[43.72890078700004,37.55571781100008],[43.7278069410001,37.557056227000146],[43.72455902900015,37.55757506200018],[43.72446197400018,37.55765483100015],[43.72434730800012,37.558789832000684],[43.72486929000013,37.55959871900001],[43.725942805000045,37.560130462000075],[43.72652469400015,37.56156205700029],[43.72524645800007,37.56408542800011],[43.72528826900009,37.56535459800011],[43.72658204500004,37.5659573800001],[43.727038199000106,37.56651033500026],[43.727391748000116,37.567468562000045],[43.72910666500019,37.567864615000076],[43.73002949800008,37.56836810200008],[43.73142263900013,37.568805638000185],[43.73109326700006,37.5701305150003],[43.73013290984005,37.571515161724676],[43.73010162816661,37.5716750732567],[43.729650000000106,37.57185300000009],[43.72854592200008,37.57186818700001],[43.72689200000019,37.571288000000095],[43.72037300000011,37.57036000000005],[43.71442331445445,37.570277310061556]]],"type":"Polygon"}},{"type":"Feature","properties":{"area_id":"TR-30-002-30995","name_tr":"Dağgöl","area_level":"neighbourhood","parent_id":"TR-30-002","endeksa_id":30995},"geometry":{"coordinates":[[[43.734536000000105,37.575419000000124],[43.73270600000018,37.57559700000007],[43.7322630000001,37.575418000000184],[43.73201500000005,37.574086000000136],[43.73228200000011,37.57328300000046],[43.73200500000007,37.57266100000015],[43.73170500000015,37.57234300000016],[43.731417000000135,37.57218100000023],[43.730841000000055,37.57203600000031],[43.72989800000005,37.57207800000009],[43.729706000000135,37.57200600000067],[43.729650000000106,37.57185300000009],[43.73010162816661,37.5716750732567],[43.73013290984005,37.571515161724676],[43.73211025300003,37.57088865300068],[43.73377733000018,37.570086184000274],[43.73415857900005,37.569357962000595],[43.73421333900012,37.568768891000104],[43.73364727000006,37.56749168800019],[43.73374018700002,37.567012536000334],[43.73600608200002,37.56523268800015],[43.73612412600005,37.565064500999995],[43.73938600000008,37.56736699999999],[43.73933500000015,37.56928800000031],[43.73883600000005,37.57060800000011],[43.73888600000009,37.57117400000004],[43.73868100000004,37.57122500000003],[43.738729999999975,37.57173300000011],[43.73692300000005,37.57367900000054],[43.73666000000014,37.573722000000544],[43.73641700000013,37.574384000000066],[43.73429800000008,37.57428700000003],[43.734536000000105,37.575419000000124]]],"type":"Polygon"}},{"type":"Feature","properties":{"area_id":"TR-30-002-31006","name_tr":"Halife Derviş","area_level":"neighbourhood","parent_id":"TR-30-002","endeksa_id":31006},"geometry":{"coordinates":[[[43.74441355900012,37.57099028500056],[43.743301671000154,37.57265625900038],[43.74288700000005,37.57587100000018],[43.739847000000054,37.5746180000001],[43.73964300000006,37.57431800000012],[43.7386580000001,37.573604000000046],[43.73841200000015,37.57321300000035],[43.73886700000014,37.57237200000003],[43.738729999999975,37.57173300000011],[43.73868100000004,37.57122500000003],[43.73888600000009,37.57117400000004],[43.73883600000005,37.57060800000011],[43.73933500000015,37.56928800000031],[43.73938600000008,37.56736699999999],[43.7406850000001,37.568284000000006],[43.74117128900008,37.56876000200015],[43.74147420022365,37.568892858398385],[43.74163579547496,37.568775223262435],[43.74444856299999,37.57037520300014],[43.74448945700004,37.57050178700047],[43.74441355900012,37.57099028500056]]],"type":"Polygon"}},{"type":"Feature","properties":{"area_id":"TR-30-002-31007","name_tr":"Cumhuriyet","area_level":"neighbourhood","parent_id":"TR-30-002","endeksa_id":31007},"geometry":{"coordinates":[[[43.60952978500012,37.57567688400013],[43.609332920999975,37.57562426800001],[43.60408265060448,37.57901574297625],[43.60386360841426,37.57841633681812],[43.603887606897786,37.57823191912121],[43.60455000000013,37.57764000000003],[43.60402000000016,37.57725000000028],[43.60131000000007,37.57668000000018],[43.600875492008925,37.576705262093014],[43.59929370511435,37.57642996191532],[43.59931000000017,37.575990000000616],[43.59883000000008,37.57609000000036],[43.59740337226697,37.57610096123335],[43.59546715700009,37.575763975000655],[43.586528060000035,37.562026615000036],[43.586632470000154,37.56188207700012],[43.59484520600006,37.56166595800045],[43.594914509000034,37.56157251000053],[43.59469144000013,37.558075603000475],[43.600591880000025,37.55414876200001],[43.60439973900003,37.55493379300003],[43.60453034300019,37.55489518800016],[43.604523406000055,37.555006354000454],[43.60768531000019,37.55905224400004],[43.61410463000004,37.55614154400041],[43.61818848200005,37.558666334000236],[43.61865934400009,37.560861556000134],[43.618827855999996,37.56092958600027],[43.618698954000195,37.56105494800016],[43.62073276700016,37.57099917900041],[43.61338181800005,37.573010652000164],[43.609541314000126,37.57548961000009],[43.60952978500012,37.57567688400013]]],"type":"Polygon"}},{"type":"Feature","properties":{"area_id":"TR-30-002-2015243","name_tr":"Ağaçdibi Köyü","area_level":"neighbourhood","parent_id":"TR-30-002","endeksa_id":2015243},"geometry":{"coordinates":[[[43.849630000000104,37.55784000000028],[43.844730000000084,37.56157000000013],[43.83709000000016,37.565760000000296],[43.83344000000011,37.57259000000067],[43.82133000000016,37.578720000000544],[43.817160000000115,37.5822600000007],[43.81090000000012,37.58561000000009],[43.805730000000096,37.58815000000061],[43.80312000000015,37.59125000000006],[43.80184000000014,37.589800000000025],[43.801610000000096,37.5897300000006],[43.80134000000015,37.58944000000008],[43.80076000000014,37.58908000000014],[43.80011000000019,37.5887900000003],[43.79934000000026,37.58800000000031],[43.79936000000009,37.58781000000022],[43.799750000000245,37.58772000000056],[43.799970000000144,37.58786000000009],[43.80028000000004,37.58786000000009],[43.80032000000011,37.587080000000185],[43.79993000000019,37.58668000000034],[43.79953000000012,37.58659000000017],[43.79908000000023,37.586310000000424],[43.79878000000008,37.58626000000004],[43.79841000000022,37.585990000000265],[43.797980000000166,37.58548000000013],[43.79819000000009,37.58484000000033],[43.79608000000013,37.584110000000294],[43.79416000000009,37.58280000000008],[43.7936200000002,37.58217000000036],[43.792750000000126,37.58068000000071],[43.79208000000011,37.58008000000012],[43.79022000000003,37.57916000000017],[43.79005000000018,37.57911000000013],[43.78974379912472,37.57929805348704],[43.78784000000013,37.57843000000071],[43.785350000000165,37.57758000000018],[43.782870000000116,37.57648000000012],[43.77976000000024,37.5753200000006],[43.77897000000024,37.57471000000004],[43.77713000000023,37.57434000000052],[43.77539000000013,37.574940000000424],[43.7757000000002,37.57171000000034],[43.775340000000085,37.57078000000013],[43.77174000000008,37.569360000000074],[43.771070000000066,37.56526000000031],[43.770850000000166,37.563130000000285],[43.76860000000016,37.559570000000576],[43.76321000000007,37.55565000000024],[43.75737000000021,37.55263000000048],[43.75575000000009,37.55035000000015],[43.75108000000006,37.548210000000154],[43.75045506851785,37.54670093732818],[43.74999000000014,37.54735000000005],[43.749540000000195,37.546560000000056],[43.74810000000008,37.5457100000001],[43.74667000000005,37.54460000000029],[43.74628000000013,37.54401000000064],[43.74609000000004,37.54340000000008],[43.744370000000174,37.54131000000035],[43.743780000000186,37.54079000000013],[43.741080000000125,37.53667000000013],[43.73991000000012,37.53560000000027],[43.7376900000001,37.53218000000027],[43.737340000000074,37.53133000000025],[43.73716000000013,37.53047000000015],[43.737210000000175,37.528940000000034],[43.73695000000015,37.5283000000004],[43.735880000000066,37.526800000000094],[43.73508000000015,37.52539000000047],[43.73454000000021,37.524170000000424],[43.734480000000076,37.52276000000029],[43.734050000000195,37.522280000000364],[43.733440000000144,37.52208000000019],[43.73157000000015,37.52090000000004],[43.73056000000008,37.52010000000047],[43.72876000000019,37.51790000000034],[43.72713000000016,37.515680000000145],[43.72675000000015,37.51498000000032],[43.72652000000011,37.51422000000014],[43.72639000000004,37.512710000000084],[43.72613000000018,37.512240000000304],[43.72556000000009,37.5116400000004],[43.72397000000018,37.51074000000051],[43.722470000000044,37.509360000000186],[43.7222000000001,37.508740000000046],[43.722070000000144,37.50805000000037],[43.72208000000012,37.507630000000404],[43.72044000000011,37.50526000000042],[43.72266000000013,37.502360000000635],[43.729190000000074,37.498460000000534],[43.735350000000096,37.49492000000038],[43.738350000000196,37.49211000000025],[43.74324000000013,37.48821000000015],[43.746100000000126,37.485010000000386],[43.75786000000011,37.48321000000067],[43.771340000000066,37.480460000000505],[43.781440000000146,37.47736000000015],[43.79911000000004,37.48043000000018],[43.80903000000012,37.487960000000044],[43.81807000000009,37.49131000000011],[43.83780000000007,37.49831000000023],[43.84132000000017,37.509510000000375],[43.84363000000019,37.517530000000306],[43.85501000000011,37.535480000000064],[43.860590000000116,37.54099000000019],[43.863810000000115,37.54851000000065],[43.86243000000013,37.55030000000028],[43.858150000000194,37.55302000000006],[43.849630000000104,37.55784000000028]]],"type":"Polygon"}},{"type":"Feature","properties":{"area_id":"TR-30-002-31001","name_tr":"Pehlivan","area_level":"neighbourhood","parent_id":"TR-30-002","endeksa_id":31001},"geometry":{"coordinates":[[[43.72694700000011,37.5813730000005],[43.72643800000009,37.58116000000064],[43.72619199999997,37.58146400000021],[43.72518800000006,37.581866000000105],[43.72478100000012,37.58175100000051],[43.72454600000003,37.5807410000001],[43.72476300000005,37.58042500000022],[43.72555700000004,37.58019800000011],[43.726636000000155,37.578720000000544],[43.72676000000007,37.57769500000029],[43.72631000000018,37.577238000000136],[43.72691700000013,37.57627500000007],[43.72769900000014,37.575975000000085],[43.72822000000008,37.57540600000061],[43.72932000000014,37.573099000000184],[43.72937400000018,37.57249800000017],[43.729650000000106,37.57185300000009],[43.729706000000135,37.57200600000067],[43.72989800000005,37.57207800000009],[43.730841000000055,37.57203600000031],[43.731417000000135,37.57218100000023],[43.73170500000015,37.57234300000016],[43.73200500000007,37.57266100000015],[43.73228200000011,37.57328300000046],[43.73201500000005,37.574086000000136],[43.7322630000001,37.575418000000184],[43.73270600000018,37.57559700000007],[43.734536000000105,37.575419000000124],[43.73502600000012,37.57652100000013],[43.73507500000011,37.576774000000114],[43.734995000000026,37.57776200000018],[43.73514240000014,37.577953400000354],[43.734042000000045,37.578257000000065],[43.73356600000011,37.57802100000026],[43.73302400000006,37.57744400000013],[43.73196200000007,37.57727600000044],[43.73173200000008,37.577510000000075],[43.73158200000012,37.57806000000011],[43.73135300000013,37.57828000000001],[43.73067200000014,37.57865800000002],[43.72972900000008,37.578885000000696],[43.72945300000015,37.579072],[43.72836400000011,37.580794000000196],[43.72794399999998,37.58101700000003],[43.727031000000125,37.58086600000047],[43.72682300000014,37.58115400000014],[43.72694700000011,37.5813730000005]]],"type":"Polygon"}},{"type":"Feature","properties":{"area_id":"TR-30-002-2015253","name_tr":"Kırıkdağ Köyü","area_level":"neighbourhood","parent_id":"TR-30-002","endeksa_id":2015253},"geometry":{"coordinates":[[[43.98721884100007,37.54369767800006],[43.98708278200007,37.54380048700011],[43.98723853600018,37.54869007000008],[43.986740074000124,37.55123337800006],[43.98552017500003,37.55422737800012],[43.98552016400009,37.5567479270004],[43.98723648900011,37.558977409000306],[43.98732513346556,37.55928909080319],[43.98792000000009,37.559570000000576],[43.988960000000134,37.56069000000019],[43.98875000000015,37.56271000000032],[43.989390000000185,37.56365000000011],[43.99018000000018,37.56455000000051],[43.99173000000019,37.5656000000007],[43.99235000000016,37.56624000000039],[43.99312000000009,37.56649000000044],[43.99349000000012,37.56649000000044],[43.993690000000186,37.56675000000064],[43.99372000000017,37.56802000000005],[43.993940000000066,37.56822000000005],[43.994340000000136,37.568300000000306],[43.9941800000002,37.56950000000012],[43.9933200000001,37.570040000000176],[43.99284000000017,37.57118000000054],[43.9931900000002,37.57238000000035],[43.992430000000184,37.57474000000025],[43.99238000000014,37.57518000000039],[43.99291000000011,37.57721000000015],[43.993730000000085,37.57868000000008],[43.99380000000019,37.57935000000009],[43.99568000000016,37.58180000000033],[43.99603000000019,37.58303000000046],[43.99627000000015,37.58458000000013],[43.99709000000013,37.58620000000042],[43.996240000000114,37.58828000000017],[43.99123000000003,37.589280000000315],[43.988870000000134,37.59158000000019],[43.98470000000009,37.590430000000254],[43.980750000000114,37.592130000000225],[43.977370000000064,37.59611000000041],[43.974080000000185,37.600990000000195],[43.97216000000009,37.603220000000135],[43.94402000000008,37.5985100000002],[43.93495000000013,37.59722000000005],[43.931150000000116,37.59707000000043],[43.923350000000084,37.59793000000036],[43.91900000000004,37.59822000000037],[43.91410000000019,37.59635000000037],[43.908480000000054,37.59434000000033],[43.90050000000025,37.592190000000244],[43.89415000000008,37.5901800000002],[43.88907000000006,37.585000000000036],[43.88436000000007,37.58112000000017],[43.875650000000064,37.57753000000014],[43.86241000000007,37.56948000000057],[43.849630000000104,37.55784000000028],[43.858150000000194,37.55302000000006],[43.86243000000013,37.55030000000028],[43.863810000000115,37.54851000000065],[43.860590000000116,37.54099000000019],[43.85501000000011,37.535480000000064],[43.84363000000019,37.517530000000306],[43.84132000000017,37.509510000000375],[43.83780000000007,37.49831000000023],[43.85852000000011,37.49214000000006],[43.864120000000185,37.48956000000027],[43.86778114877029,37.49305473291719],[43.87385571500005,37.497994816000414],[43.88180000000017,37.500870000000305],[43.88866798674485,37.50516761115773],[43.89394303777283,37.50757676480282],[43.89627710709681,37.50782761305169],[43.90310575732212,37.50782718112197],[43.9108700000001,37.50706000000014],[43.93401861400014,37.50993218400009],[43.9347053460001,37.509874666000144],[43.93869000000012,37.50857000000019],[43.94304000000017,37.50863000000004],[43.94668000000007,37.50944000000027],[43.95930144077806,37.515064434178726],[43.96881032886904,37.51806216418055],[43.97051000000016,37.51848000000018],[43.97440000000017,37.5197900000004],[43.97699000000006,37.52304000000004],[43.97871000000009,37.52614000000017],[43.97915209545329,37.530861245782944],[43.97943239199998,37.53191783200003],[43.98330888700019,37.53441461600039],[43.985610000000065,37.53782000000007],[43.98696000000024,37.54121000000009],[43.98707100399997,37.54360970000005],[43.98721884100007,37.54369767800006]]],"type":"Polygon"}},{"type":"Feature","properties":{"area_id":"TR-30-002-30997","name_tr":"Keklikpınar","area_level":"neighbourhood","parent_id":"TR-30-002","endeksa_id":30997},"geometry":{"coordinates":[[[43.75869699725877,37.57351309095333],[43.75879000000009,37.573820000000126],[43.758400000000165,37.575270000000046],[43.75795000000005,37.576510000000326],[43.75742000000008,37.57637000000011],[43.75456000000008,37.57702000000006],[43.75393000000014,37.577440000000365],[43.753540000000044,37.577880000000164],[43.752480000000105,37.57842000000005],[43.75089000000014,37.576950000000465],[43.749880000000076,37.57544000000007],[43.74825000000004,37.57390000000038],[43.74615000000017,37.57129000000003],[43.74588000000006,37.570760000000064],[43.74484000000018,37.57061000000027],[43.746070000000145,37.57015000000058],[43.746470000000045,37.56984000000051],[43.74688000000003,37.569330000000264],[43.74817000000019,37.56705000000005],[43.75015000000025,37.5651900000002],[43.75202000000024,37.56234000000029],[43.75229000000019,37.561810000000094],[43.7573900000001,37.56481000000019],[43.75869699725877,37.57351309095333]]],"type":"Polygon"}},{"type":"Feature","properties":{"area_id":"TR-30-002-31004","name_tr":"Karşıyaka","area_level":"neighbourhood","parent_id":"TR-30-002","endeksa_id":31004},"geometry":{"coordinates":[[[43.72623977129035,37.59127284310421],[43.7261054591462,37.591347133193096],[43.72595781284605,37.59128436372936],[43.72477000000009,37.589150000000245],[43.72224000000023,37.58774000000011],[43.7190700000001,37.58764000000036],[43.718750000000114,37.587700000000325],[43.71818000000019,37.58763000000022],[43.717640000000074,37.58715000000029],[43.71783000000016,37.586430000000405],[43.71703000000008,37.58509000000038],[43.71715000000006,37.584190000000376],[43.71683000000024,37.58366000000018],[43.71683000000024,37.58307000000025],[43.71730000000019,37.58084000000031],[43.71545000000009,37.57829000000049],[43.71409000000017,37.57601000000017],[43.713820000000055,37.57415000000043],[43.71422000000007,37.57175000000012],[43.714557213690114,37.57038291747398],[43.71442331445445,37.570277310061556],[43.72037300000011,37.57036000000005],[43.72689200000019,37.571288000000095],[43.72854592200008,37.57186818700001],[43.729650000000106,37.57185300000009],[43.72937400000018,37.57249800000017],[43.72932000000014,37.573099000000184],[43.72822000000008,37.57540600000061],[43.72769900000014,37.575975000000085],[43.72691700000013,37.57627500000007],[43.72631000000018,37.577238000000136],[43.72676000000007,37.57769500000029],[43.726636000000155,37.578720000000544],[43.72555700000004,37.58019800000011],[43.72476300000005,37.58042500000022],[43.72454600000003,37.5807410000001],[43.72478100000012,37.58175100000051],[43.72518800000006,37.581866000000105],[43.72619199999997,37.58146400000021],[43.72643800000009,37.58116000000064],[43.72694700000011,37.5813730000005],[43.727643000000114,37.581680000000176],[43.72794399999998,37.58224500000017],[43.72791500000011,37.5823860000001],[43.72780300000005,37.58248400000008],[43.72726400000005,37.582423000000176],[43.72700800000018,37.58254600000021],[43.72661099999999,37.58253400000012],[43.72619300000008,37.582654000000616],[43.72594800000007,37.58327900000046],[43.725485000000106,37.58383900000007],[43.725356999999974,37.58448600000014],[43.725063000000034,37.58468700000043],[43.72430700000018,37.58494100000013],[43.723476000000176,37.58461700000032],[43.72303700000009,37.58538300000009],[43.7232308240001,37.58546028800009],[43.72334060500003,37.585369240000034],[43.72340817900016,37.58549524000051],[43.72478203100013,37.585964352000246],[43.72650207000004,37.58591413800053],[43.72714929800014,37.585628615000076],[43.72795883200018,37.58554898799997],[43.72874275900011,37.586069751000025],[43.72784113200004,37.58772319400015],[43.72737503600018,37.58925527000008],[43.72623977129035,37.59127284310421]]],"type":"Polygon"}},{"type":"Feature","properties":{"area_id":"TR-30-002-30996","name_tr":"Gazi","area_level":"neighbourhood","parent_id":"TR-30-002","endeksa_id":30996},"geometry":{"coordinates":[[[43.73514240000014,37.577953400000354],[43.735236500000156,37.5783306000003],[43.735385800000074,37.57855220000016],[43.73578370000013,37.57859500000018],[43.736150000000066,37.57927100000012],[43.73604300000005,37.579842000000156],[43.73610300000007,37.58043700000013],[43.73584500000004,37.58103800000049],[43.735799000000156,37.582138000000555],[43.73599400000012,37.583128000000045],[43.735473000000184,37.58417700000018],[43.73533700000007,37.5863920000001],[43.733823000000086,37.58572900000013],[43.73312500000003,37.585324000000014],[43.73284100000018,37.584928000000104],[43.73266800000005,37.58422100000024],[43.72883800000005,37.58615500000002],[43.72874275900011,37.586069751000025],[43.72795883200018,37.58554898799997],[43.72714929800014,37.585628615000076],[43.72650207000004,37.58591413800053],[43.72478203100013,37.585964352000246],[43.72340817900016,37.58549524000051],[43.72334060500003,37.585369240000034],[43.7232308240001,37.58546028800009],[43.72303700000009,37.58538300000009],[43.723476000000176,37.58461700000032],[43.72430700000018,37.58494100000013],[43.725063000000034,37.58468700000043],[43.725356999999974,37.58448600000014],[43.725485000000106,37.58383900000007],[43.72594800000007,37.58327900000046],[43.72619300000008,37.582654000000616],[43.72661099999999,37.58253400000012],[43.72700800000018,37.58254600000021],[43.72726400000005,37.582423000000176],[43.72780300000005,37.58248400000008],[43.72791500000011,37.5823860000001],[43.72794399999998,37.58224500000017],[43.727643000000114,37.581680000000176],[43.72694700000011,37.5813730000005],[43.72682300000014,37.58115400000014],[43.727031000000125,37.58086600000047],[43.72794399999998,37.58101700000003],[43.72836400000011,37.580794000000196],[43.72945300000015,37.579072],[43.72972900000008,37.578885000000696],[43.73067200000014,37.57865800000002],[43.73135300000013,37.57828000000001],[43.73158200000012,37.57806000000011],[43.73173200000008,37.577510000000075],[43.73196200000007,37.57727600000044],[43.73302400000006,37.57744400000013],[43.73356600000011,37.57802100000026],[43.734042000000045,37.578257000000065],[43.73514240000014,37.577953400000354]]],"type":"Polygon"}},{"type":"Feature","properties":{"area_id":"TR-30-002-30994","name_tr":"Bulak","area_level":"neighbourhood","parent_id":"TR-30-002","endeksa_id":30994},"geometry":{"coordinates":[[[43.73702600000007,37.58606900000001],[43.73617100000018,37.58609100000007],[43.73553900000013,37.586408000000176],[43.73533700000007,37.5863920000001],[43.735473000000184,37.58417700000018],[43.73599400000012,37.583128000000045],[43.735799000000156,37.582138000000555],[43.73584500000004,37.58103800000049],[43.73610300000007,37.58043700000013],[43.73604300000005,37.579842000000156],[43.736150000000066,37.57927100000012],[43.73578370000013,37.57859500000018],[43.735385800000074,37.57855220000016],[43.735236500000156,37.5783306000003],[43.73514240000014,37.577953400000354],[43.734995000000026,37.57776200000018],[43.73507500000011,37.576774000000114],[43.73502600000012,37.57652100000013],[43.734536000000105,37.575419000000124],[43.73429800000008,37.57428700000003],[43.73641700000013,37.574384000000066],[43.73666000000014,37.573722000000544],[43.73692300000005,37.57367900000054],[43.738729999999975,37.57173300000011],[43.73886700000014,37.57237200000003],[43.73841200000015,37.57321300000035],[43.7386580000001,37.573604000000046],[43.73964300000006,37.57431800000012],[43.739847000000054,37.5746180000001],[43.74288700000005,37.57587100000018],[43.74244547300003,37.5769489490001],[43.741994000000034,37.577683000000036],[43.741775000000075,37.577852001000224],[43.73975200000018,37.578555001000154],[43.73934600000018,37.5793250010006],[43.73923500000001,37.58053300099999],[43.73902600000014,37.580512001000045],[43.73866100000015,37.58020500000049],[43.738274000000104,37.580069000000094],[43.737598000000105,37.58012000000002],[43.73726500000009,37.58043500000019],[43.737340000000074,37.58164300100054],[43.737942000000146,37.58193300100038],[43.738274000000104,37.582307000000185],[43.73834999999997,37.582826001],[43.738846000000194,37.58284700000024],[43.738608,37.58340700000002],[43.73803800000013,37.58388700100005],[43.73726700000009,37.58540200099998],[43.73702600000007,37.58606900000001]]],"type":"Polygon"}},{"type":"Feature","properties":{"area_id":"TR-30-002-30998","name_tr":"Kıran","area_level":"neighbourhood","parent_id":"TR-30-002","endeksa_id":30998},"geometry":{"coordinates":[[[43.783018236000146,37.584205850000046],[43.77079355700005,37.5932611290001],[43.77062077451944,37.59321851817822],[43.76227200000011,37.58700200100003],[43.75393500000007,37.58399200000048],[43.75013700000005,37.581398999999976],[43.74922500000008,37.581099001000155],[43.74703900000003,37.581439001000035],[43.74667700000009,37.581398999999976],[43.74523099999999,37.580909000000474],[43.74207900000016,37.580141000000026],[43.742514000000085,37.57946600000008],[43.742638000000056,37.57894700000014],[43.74225100000018,37.5783650000003],[43.742188999999996,37.57801100100005],[43.741994000000034,37.577683000000036],[43.74244547300003,37.5769489490001],[43.74288700000005,37.57587100000018],[43.743301671000154,37.57265625900038],[43.74441355900012,37.57099028500056],[43.74586972506876,37.57111743482295],[43.74600011755314,37.57099578630755],[43.74615000000017,37.57129000000003],[43.74825000000004,37.57390000000038],[43.749880000000076,37.57544000000007],[43.75089000000014,37.576950000000465],[43.752480000000105,37.57842000000005],[43.753540000000044,37.577880000000164],[43.75393000000014,37.577440000000365],[43.75456000000008,37.57702000000006],[43.75742000000008,37.57637000000011],[43.75795000000005,37.576510000000326],[43.758400000000165,37.575270000000046],[43.75879000000009,37.573820000000126],[43.75869699725877,37.57351309095333],[43.75920219800014,37.57359423600013],[43.766033406000076,37.57710220300004],[43.77630709800013,37.580164805000095],[43.78300676700019,37.58405357600009],[43.783018236000146,37.584205850000046]]],"type":"Polygon"}},{"type":"Feature","properties":{"area_id":"TR-30-002-31002","name_tr":"Yeni","area_level":"neighbourhood","parent_id":"TR-30-002","endeksa_id":31002},"geometry":{"coordinates":[[[43.75639271859649,37.603830884458546],[43.752355913370934,37.61207513570395],[43.7520100000001,37.611860000000036],[43.751830000000155,37.61156000000062],[43.75114000000008,37.61098000000027],[43.74965000000009,37.61083000000008],[43.74912000000006,37.61085000000014],[43.74851000000007,37.61072000000007],[43.7478000000001,37.61073000000016],[43.74648000000013,37.6110800000007],[43.74588000000006,37.61104000000023],[43.745080000000144,37.610310000000254],[43.74264000000005,37.60906000000017],[43.741670000000056,37.607770000000414],[43.74150000000003,37.607430000000136],[43.741640000000075,37.60694000000012],[43.741830000000164,37.60668000000044],[43.741950000000145,37.60590000000019],[43.74169000000012,37.60497000000038],[43.740340000000174,37.60383000000053],[43.739190000000235,37.60405000000026],[43.738510000000076,37.6038800000004],[43.73812000000015,37.60369000000031],[43.7373800000002,37.60292000000004],[43.736410000000035,37.60228000000018],[43.73618000000005,37.60205000000036],[43.735880000000066,37.601270000000454],[43.735880000000066,37.60103000000049],[43.73632000000009,37.600310000000604],[43.733300000000156,37.60028000000028],[43.733000000000175,37.599590000000035],[43.73281993300009,37.59941949000029],[43.7299195010001,37.59758568700016],[43.72871479500009,37.595956636000324],[43.72772152200008,37.594870745000094],[43.7261307820001,37.591466537000485],[43.72737503600018,37.58925527000008],[43.72784113200004,37.58772319400015],[43.72874275900011,37.586069751000025],[43.72883800000005,37.58615500000002],[43.73266800000005,37.58422100000024],[43.73284100000018,37.584928000000104],[43.73312500000003,37.585324000000014],[43.733823000000086,37.58572900000013],[43.73533700000007,37.5863920000001],[43.73553900000013,37.586408000000176],[43.73617100000018,37.58609100000007],[43.73702600000007,37.58606900000001],[43.73774200000014,37.58842900000025],[43.73817900000006,37.59509900100011],[43.73900416700019,37.60028117400003],[43.740222012000174,37.60094502200002],[43.741954643999975,37.60139826200009],[43.74327414700019,37.60075863000009],[43.7434976720001,37.59967032499998],[43.743252046000066,37.59672183600037],[43.74335467800017,37.596630713000025],[43.74371993700015,37.59665900100009],[43.75639271859649,37.603830884458546]]],"type":"Polygon"}},{"type":"Feature","properties":{"area_id":"TR-30-002-2015271","name_tr":"Cevizdibi Köyü","area_level":"neighbourhood","parent_id":"TR-30-002","endeksa_id":2015271},"geometry":{"coordinates":[[[43.49040000000019,37.54350000000039],[43.48901000000012,37.54400000000015],[43.48867000000007,37.54403000000019],[43.487700000000075,37.54456000000016],[43.48651000000024,37.54488000000015],[43.48532000000017,37.545390000000054],[43.484190000000126,37.54541000000012],[43.48364000000009,37.54654000000039],[43.48405000000008,37.54725000000013],[43.48388000000023,37.547680000000184],[43.48383000000018,37.548390000000154],[43.48356000000018,37.54908000000023],[43.48359000000022,37.54937000000007],[43.48350000000005,37.549720000000036],[43.48332000000005,37.54998000000006],[43.48290000000014,37.55024000000026],[43.48288000000008,37.550500000000454],[43.482180000000085,37.551110000000335],[43.48199000000017,37.55141000000043],[43.48195000000004,37.551640000000305],[43.48205000000013,37.55191000000059],[43.48198000000019,37.55215000000055],[43.48151000000024,37.552540000000135],[43.48128000000003,37.55265000000003],[43.481040000000064,37.55256000000037],[43.48026000000016,37.55270000000007],[43.48006000000015,37.553120000000376],[43.47914000000026,37.55346000000026],[43.478870000000086,37.55332000000004],[43.477940000000046,37.553160000000275],[43.476300000000094,37.55343000000005],[43.475990000000195,37.5536000000003],[43.47404000000017,37.55665000000056],[43.47352000000012,37.55722000000014],[43.47330000000022,37.55770000000007],[43.472610000000145,37.558240000000126],[43.47285000000011,37.55879000000016],[43.472430000000145,37.55912000000029],[43.472210000000075,37.559690000000046],[43.47205000000014,37.55978000000022],[43.47188000000011,37.56024000000059],[43.47158000000019,37.56055000000015],[43.47154000000006,37.560840000000496],[43.47044000000017,37.561800000000346],[43.470510000000104,37.561900000000094],[43.47084000000007,37.56200000000018],[43.470850000000155,37.56212000000039],[43.470500000000186,37.562640000000215],[43.470380000000205,37.56299000000007],[43.47044000000017,37.56319000000025],[43.47014000000024,37.563320000000374],[43.468710000000044,37.564930000000686],[43.468800000000215,37.56544000000025],[43.46867000000009,37.56582000000043],[43.46819000000016,37.56578000000013],[43.46779000000009,37.5665800000001],[43.46743000000015,37.56683000000015],[43.466950000000054,37.56686000000036],[43.46653000000015,37.566760000000045],[43.46612000000016,37.56690000000026],[43.465020000000095,37.566910000000405],[43.46446000000009,37.567160000000456],[43.46429000000006,37.56740000000042],[43.464180000000226,37.56780000000015],[43.46399000000014,37.56790000000058],[43.463780000000156,37.56782000000038],[43.463140000000124,37.56790000000058],[43.46299000000016,37.56774000000013],[43.46234000000004,37.568030000000135],[43.46212000000014,37.56793000000022],[43.46157000000011,37.56792000000013],[43.46151000000009,37.56807000000043],[43.46102000000025,37.5682700000001],[43.46033000000017,37.567910000000154],[43.46003000000019,37.56793000000022],[43.45949000000013,37.56819000000041],[43.45865000000009,37.56842000000029],[43.45845000000003,37.568560000000105],[43.45950000000005,37.56941000000046],[43.45969000000014,37.56965000000042],[43.45974000000018,37.57006000000024],[43.460070000000144,37.57022000000018],[43.459320000000105,37.57061000000027],[43.45379000000014,37.57210000000009],[43.44917000000015,37.57192000000066],[43.44538000000006,37.57231000000024],[43.43896000000018,37.579670000000306],[43.43068000000005,37.58223000000038],[43.424080000000174,37.58626000000004],[43.42120000000011,37.588190000000395],[43.41251000000017,37.59082000000018],[43.407470000000046,37.59645000000029],[43.40067000000016,37.60090000000042],[43.397520000000156,37.59789000000006],[43.395910000000185,37.59409000000039],[43.3925900000001,37.593890000000215],[43.38998000000015,37.59385000000043],[43.38767000000013,37.59141000000034],[43.3861100000002,37.58886000000041],[43.384050000000116,37.587080000000185],[43.39001000000013,37.57390000000038],[43.39631000000003,37.57249000000024],[43.40302000000014,37.57138000000003],[43.4093400000001,37.57058000000063],[43.413980000000095,37.569880000000296],[43.41761000000008,37.56705000000005],[43.42633000000018,37.56069000000019],[43.43371000000013,37.55489000000006],[43.43115000000006,37.54711000000009],[43.43877000000009,37.547990000000254],[43.45281000000023,37.54075000000023],[43.46226000000013,37.542780000000334],[43.47088000000019,37.54194000000007],[43.48552000000018,37.538570000000334],[43.48802000000012,37.539470000000165],[43.48898000000014,37.54011000000054],[43.48973000000018,37.54017000000016],[43.489890000000116,37.540580000000375],[43.48978000000005,37.54094000000032],[43.4898300000001,37.54138000000046],[43.49040000000019,37.54155000000031],[43.490210000000104,37.54161000000033],[43.49027000000012,37.541730000000314],[43.490200000000186,37.54193000000049],[43.48967000000022,37.54206000000005],[43.48936000000015,37.542380000000094],[43.48936000000015,37.54289000000034],[43.489710000000116,37.54305000000011],[43.49006000000014,37.54309000000018],[43.49040000000019,37.54350000000039]]],"type":"Polygon"}},{"type":"Feature","properties":{"area_id":"TR-30-002-31012","name_tr":"Yeni Durankaya","area_level":"neighbourhood","parent_id":"TR-30-002","endeksa_id":31012},"geometry":{"coordinates":[[[43.65130843300011,37.59328817600016],[43.65128806700005,37.593165188000114],[43.65113519100015,37.59315310100004],[43.63232523400018,37.60294870299998],[43.63219242700012,37.602950484000075],[43.632133093000164,37.60285574200003],[43.632661326999994,37.59872376300018],[43.63355306500006,37.594116445],[43.635158420000096,37.58836568200019],[43.63428961400018,37.585169816000075],[43.636205985000004,37.581553539000424],[43.635419019000096,37.5793767100007],[43.633712961000185,37.57670791700042],[43.63571186899998,37.57223005800006],[43.63474706900013,37.569718072],[43.635927097000035,37.56511963200006],[43.63355162400006,37.560809115000154],[43.6287005800001,37.55865917800003],[43.62865943700018,37.55850795500004],[43.631122218000144,37.55279213500012],[43.63028111800014,37.54712373200016],[43.627791572000035,37.54267508000032],[43.634211737000044,37.539526794000096],[43.630066115000034,37.53654029900014],[43.63005347500007,37.5364025290001],[43.630351566000115,37.53632845600015],[43.630400753,37.53621539400035],[43.62495790900016,37.52375157099999],[43.62486455700008,37.519037818000186],[43.62484151700011,37.51781299400005],[43.62497920200008,37.51772098000009],[43.633407498,37.52124468900041],[43.649014761000046,37.52629852400014],[43.66268925400004,37.52942134100016],[43.664875911000195,37.531017778000034],[43.66487572200009,37.53123287000005],[43.66495658300016,37.53130314599997],[43.667874773000165,37.53166059600011],[43.670197197000164,37.530508079000185],[43.67037914399998,37.53056685100012],[43.671333909000055,37.53324827900008],[43.67511275000015,37.543861040000024],[43.67468198300014,37.55142796300004],[43.670877129000075,37.559372897000344],[43.66833450600012,37.5646977480003],[43.6689104542279,37.56879066725696],[43.66775000000007,37.57018000000022],[43.66908000000018,37.57956000000041],[43.669410000000084,37.579550000000324],[43.66951000000023,37.58015000000023],[43.66807393709979,37.584315533446556],[43.65161729100009,37.592902014000174],[43.65130843300011,37.59328817600016]]],"type":"Polygon"}},{"type":"Feature","properties":{"area_id":"TR-30-002-31005","name_tr":"Berçelan","area_level":"neighbourhood","parent_id":"TR-30-002","endeksa_id":31005},"geometry":{"coordinates":[[[43.77062077451944,37.59321851817822],[43.77072778916016,37.59330902863604],[43.77068179772817,37.59343137412992],[43.75661823139927,37.60383550752846],[43.75639271859649,37.603830884458546],[43.74371993700015,37.59665900100009],[43.74335467800017,37.596630713000025],[43.743252046000066,37.59672183600037],[43.7434976720001,37.59967032499998],[43.74327414700019,37.60075863000009],[43.741954643999975,37.60139826200009],[43.740222012000174,37.60094502200002],[43.73900416700019,37.60028117400003],[43.73817900000006,37.59509900100011],[43.73774200000014,37.58842900000025],[43.73702600000007,37.58606900000001],[43.73726700000009,37.58540200099998],[43.73803800000013,37.58388700100005],[43.738608,37.58340700000002],[43.738846000000194,37.58284700000024],[43.73834999999997,37.582826001],[43.738274000000104,37.582307000000185],[43.737942000000146,37.58193300100038],[43.737340000000074,37.58164300100054],[43.73726500000009,37.58043500000019],[43.737598000000105,37.58012000000002],[43.738274000000104,37.580069000000094],[43.73866100000015,37.58020500000049],[43.73902600000014,37.580512001000045],[43.73923500000001,37.58053300099999],[43.73934600000018,37.5793250010006],[43.73975200000018,37.578555001000154],[43.741775000000075,37.577852001000224],[43.741994000000034,37.577683000000036],[43.742188999999996,37.57801100100005],[43.74225100000018,37.5783650000003],[43.742638000000056,37.57894700000014],[43.742514000000085,37.57946600000008],[43.74207900000016,37.580141000000026],[43.74523099999999,37.580909000000474],[43.74667700000009,37.581398999999976],[43.74703900000003,37.581439001000035],[43.74922500000008,37.581099001000155],[43.75013700000005,37.581398999999976],[43.75393500000007,37.58399200000048],[43.76227200000011,37.58700200100003],[43.77062077451944,37.59321851817822]]],"type":"Polygon"}},{"type":"Feature","properties":{"area_id":"TR-30-002-31010","name_tr":"Çaylıca","area_level":"neighbourhood","parent_id":"TR-30-002","endeksa_id":31010},"geometry":{"coordinates":[[[43.632133093000164,37.60285574200003],[43.632056967000096,37.60308840800013],[43.62878001100006,37.60479491600006],[43.628623294000136,37.60477977000005],[43.61363950100019,37.58689896100003],[43.613669762000086,37.58676409700007],[43.61910852600016,37.58374743300004],[43.61915684900015,37.58363840200053],[43.60998963800006,37.57699819800018],[43.60952978500012,37.57567688400013],[43.609541314000126,37.57548961000009],[43.61338181800005,37.573010652000164],[43.62073276700016,37.57099917900041],[43.618698954000195,37.56105494800016],[43.618827855999996,37.56092958600027],[43.624629380000044,37.559018164000065],[43.6276761420001,37.55824244800016],[43.628501711000126,37.55856952300013],[43.62865943700018,37.55850795500004],[43.6287005800001,37.55865917800003],[43.63355162400006,37.560809115000154],[43.635927097000035,37.56511963200006],[43.63474706900013,37.569718072],[43.63571186899998,37.57223005800006],[43.633712961000185,37.57670791700042],[43.635419019000096,37.5793767100007],[43.636205985000004,37.581553539000424],[43.63428961400018,37.585169816000075],[43.635158420000096,37.58836568200019],[43.63355306500006,37.594116445],[43.632661326999994,37.59872376300018],[43.632133093000164,37.60285574200003]]],"type":"Polygon"}},{"type":"Feature","properties":{"area_id":"TR-30-002-2015278","name_tr":"Kamışlı Köyü","area_level":"neighbourhood","parent_id":"TR-30-002","endeksa_id":2015278},"geometry":{"coordinates":[[[43.50939000000005,37.587670000000685],[43.50069000000019,37.58626000000004],[43.4992000000002,37.58613000000008],[43.49268000000018,37.59333000000004],[43.48720000000009,37.59992000000034],[43.483890000000144,37.60342000000071],[43.476210000000094,37.60716000000036],[43.47587000000004,37.6001600000003],[43.4775800000001,37.58393000000035],[43.484380000000215,37.58102000000042],[43.49096000000014,37.57374000000061],[43.491880000000094,37.566760000000045],[43.49255000000011,37.563070000000266],[43.492840000000115,37.563040000000115],[43.4932500000001,37.56265000000036],[43.49388000000016,37.56104000000016],[43.49785000000003,37.56158000000062],[43.49948000000006,37.562300000000505],[43.49962000000011,37.56210000000033],[43.500000000000114,37.56039000000021],[43.50022000000018,37.559910000000286],[43.50029000000012,37.559230000000184],[43.50026000000014,37.558740000000114],[43.49994000000015,37.558180000000675],[43.49979000000013,37.55767000000043],[43.49980000000011,37.55742000000032],[43.50001000000003,37.55699000000027],[43.5003700000002,37.556530000000066],[43.501610000000085,37.55584000000033],[43.5011100000001,37.553500000000156],[43.50174000000004,37.5532900000004],[43.50180000000017,37.55300000000017],[43.5032300000002,37.55045000000007],[43.5032300000002,37.55008000000015],[43.5031400000002,37.549910000000125],[43.5032300000002,37.54959000000048],[43.50318000000016,37.549350000000516],[43.503810000000044,37.54900000000015],[43.50395000000009,37.54901000000012],[43.503890000000126,37.54834000000011],[43.50398000000007,37.54754000000014],[43.503840000000025,37.54642000000041],[43.50397000000015,37.54596000000015],[43.50386000000009,37.54521000000045],[43.504120000000114,37.54480000000012],[43.50438000000014,37.54465000000033],[43.50441000000012,37.54440000000022],[43.50468000000012,37.544170000000406],[43.504890000000046,37.54332000000039],[43.50499000000019,37.54320000000041],[43.50663000000014,37.54305000000011],[43.50723000000005,37.543470000000184],[43.507490000000075,37.54379000000023],[43.507930000000044,37.54301000000032],[43.508240000000114,37.54320000000041],[43.508550000000184,37.5435700000001],[43.509170000000154,37.54371000000015],[43.51010000000019,37.54367000000025],[43.510680000000036,37.543740000000355],[43.51243000000005,37.54431000000005],[43.51260000000008,37.544510000000116],[43.51293000000004,37.54468000000065],[43.51362000000012,37.54491000000013],[43.514120000000105,37.54493000000019],[43.5147300000001,37.544210000000135],[43.51494000000008,37.544300000000476],[43.51541000000009,37.54415000000017],[43.51562000000024,37.5442500000006],[43.51637000000011,37.54308000000043],[43.51751000000013,37.543000000000234],[43.51783000000012,37.543370000000266],[43.51841000000013,37.54348000000016],[43.518990000000144,37.5438800000004],[43.51901000000004,37.54429000000039],[43.519300000000044,37.54455000000041],[43.520530000000065,37.54454000000044],[43.522020000000055,37.54467000000017],[43.52221000000014,37.545130000000256],[43.5231100000002,37.54558000000014],[43.52355000000017,37.54624000000041],[43.52436000000006,37.54645000000005],[43.52483000000018,37.54726000000028],[43.525000000000034,37.548140000000046],[43.52479000000011,37.54908000000023],[43.52517802400007,37.549524677000136],[43.52790710108599,37.548984104120336],[43.52888000000013,37.54871000000014],[43.529400492335924,37.54912893462614],[43.52991622267257,37.5493223335028],[43.530303810000134,37.54930578200009],[43.53046000000012,37.54954000000009],[43.530565828000135,37.54994517000006],[43.53179000000017,37.55080000000004],[43.53177792200006,37.55290296900006],[43.532318832000044,37.55422291800011],[43.53329055600017,37.55422140600052],[43.538406615999975,37.5533666340005],[43.5447593290001,37.55449261100017],[43.55645102900007,37.55074834800007],[43.549931106000145,37.561195258000225],[43.54275232998651,37.56308982169833],[43.54244000000011,37.56308000000041],[43.540170000000046,37.56377000000009],[43.540570000000116,37.56430000000006],[43.54065000000014,37.564710000000275],[43.540420000000154,37.56634000000014],[43.54062000000016,37.566420000000335],[43.5405100000001,37.566910000000405],[43.540390000000116,37.56695000000013],[43.5406000000001,37.567190000000096],[43.540730000000224,37.56765000000013],[43.54068000000018,37.56808000000018],[43.540570000000116,37.56829000000016],[43.540010000000166,37.56880000000007],[43.53982000000025,37.56910000000039],[43.53959000000003,37.56920000000014],[43.539000000000044,37.569260000000156],[43.5386400000001,37.56946000000033],[43.536980000000085,37.5696200000001],[43.536770000000104,37.56978000000038],[43.53644000000014,37.570320000000436],[43.53607000000011,37.57038000000006],[43.535520000000076,37.57200000000017],[43.53511000000009,37.57264000000055],[43.53398000000021,37.573170000000346],[43.53071000000017,37.57417000000066],[43.53037000000012,37.57395000000025],[43.52913000000018,37.573790000000486],[43.52891000000011,37.5735200000002],[43.5285300000001,37.573360000000434],[43.52779000000015,37.57341000000031],[43.5269600000002,37.57316000000026],[43.52604000000014,37.572430000000224],[43.523290000000145,37.57279000000017],[43.5209000000001,37.57458000000048],[43.518610000000194,37.57516000000015],[43.5136500000001,37.577140000000554],[43.51216000000011,37.57849000000016],[43.50934000000018,37.57943000000034],[43.507620000000145,37.58022000000034],[43.5064900000001,37.58040000000028],[43.50549000000012,37.5819300000004],[43.50674000000021,37.58278000000041],[43.50714000000005,37.58345000000003],[43.507620000000145,37.58313000000021],[43.508020000000045,37.58356000000026],[43.50825000000009,37.584040000000186],[43.508510000000115,37.584350000000256],[43.50900000000013,37.58469000000014],[43.50914000000017,37.58496000000031],[43.50890000000004,37.58670000000018],[43.50939000000005,37.587670000000685]]],"type":"Polygon"}},{"type":"Feature","properties":{"area_id":"TR-30-002-98957","name_tr":"Köyiçi","area_level":"neighbourhood","parent_id":"TR-30-002","endeksa_id":98957},"geometry":{"coordinates":[[[43.65130843300011,37.59328817600016],[43.64624053896074,37.599934062181774],[43.644530000000145,37.599410000000034],[43.64176000000009,37.60283000000021],[43.63913000000008,37.6055300000005],[43.63130000000007,37.61007000000029],[43.63035000000019,37.609350000000404],[43.63014000000004,37.609010000000126],[43.62977000000012,37.60882000000004],[43.62931000000009,37.60875000000033],[43.6289000000001,37.60848000000016],[43.628860000000145,37.60788000000025],[43.62863000000016,37.60786000000019],[43.62775000000016,37.60747000000043],[43.62701000000004,37.60812000000021],[43.62646000000018,37.60801000000038],[43.62537000000009,37.60734000000036],[43.62500000000017,37.60723000000047],[43.62349000000012,37.607530000000054],[43.62209121138915,37.60727688587059],[43.62173361400011,37.60690695000005],[43.61975919400015,37.606722359000116],[43.617841973000054,37.60566215500069],[43.61621471000018,37.60428404400011],[43.61634000000004,37.60106000000013],[43.615999356731095,37.600974839182925],[43.60887661900006,37.593606339000075],[43.60924000000006,37.58608000000004],[43.608810000000176,37.58447000000024],[43.60867000000013,37.58345000000003],[43.60787000000022,37.58215000000013],[43.60676000000018,37.581290000000195],[43.60524000000021,37.580730000000585],[43.60362535700011,37.58044278700004],[43.604260000000124,37.579400000000135],[43.60408265060448,37.57901574297625],[43.609332920999975,37.57562426800001],[43.60952978500012,37.57567688400013],[43.60998963800006,37.57699819800018],[43.61915684900015,37.58363840200053],[43.61910852600016,37.58374743300004],[43.613669762000086,37.58676409700007],[43.61363950100019,37.58689896100003],[43.628623294000136,37.60477977000005],[43.62878001100006,37.60479491600006],[43.632056967000096,37.60308840800013],[43.632133093000164,37.60285574200003],[43.63219242700012,37.602950484000075],[43.63232523400018,37.60294870299998],[43.65113519100015,37.59315310100004],[43.65128806700005,37.593165188000114],[43.65130843300011,37.59328817600016]]],"type":"Polygon"}},{"type":"Feature","properties":{"area_id":"TR-30-002-2015272","name_tr":"Elmacık Köyü","area_level":"neighbourhood","parent_id":"TR-30-002","endeksa_id":2015272},"geometry":{"coordinates":[[[43.476210000000094,37.60716000000036],[43.465210000000184,37.609410000000366],[43.45058000000006,37.613130000000126],[43.44412000000011,37.61095000000006],[43.438160000000096,37.61733000000004],[43.431570000000136,37.61424000000068],[43.42797000000019,37.61229000000009],[43.42419000000007,37.61057000000028],[43.419550000000186,37.60877000000016],[43.41344000000004,37.6074100000003],[43.407620000000065,37.60357000000033],[43.40067000000016,37.60090000000042],[43.407470000000046,37.59645000000029],[43.41251000000017,37.59082000000018],[43.42120000000011,37.588190000000395],[43.424080000000174,37.58626000000004],[43.43068000000005,37.58223000000038],[43.43896000000018,37.579670000000306],[43.44538000000006,37.57231000000024],[43.44917000000015,37.57192000000066],[43.45379000000014,37.57210000000009],[43.459320000000105,37.57061000000027],[43.460070000000144,37.57022000000018],[43.45974000000018,37.57006000000024],[43.45969000000014,37.56965000000042],[43.45950000000005,37.56941000000046],[43.45845000000003,37.568560000000105],[43.45865000000009,37.56842000000029],[43.45949000000013,37.56819000000041],[43.46003000000019,37.56793000000022],[43.46033000000017,37.567910000000154],[43.46102000000025,37.5682700000001],[43.46151000000009,37.56807000000043],[43.46157000000011,37.56792000000013],[43.46212000000014,37.56793000000022],[43.46234000000004,37.568030000000135],[43.46299000000016,37.56774000000013],[43.463140000000124,37.56790000000058],[43.463780000000156,37.56782000000038],[43.46399000000014,37.56790000000058],[43.464180000000226,37.56780000000015],[43.46429000000006,37.56740000000042],[43.46446000000009,37.567160000000456],[43.465020000000095,37.566910000000405],[43.46612000000016,37.56690000000026],[43.46653000000015,37.566760000000045],[43.466950000000054,37.56686000000036],[43.46743000000015,37.56683000000015],[43.46779000000009,37.5665800000001],[43.46819000000016,37.56578000000013],[43.46867000000009,37.56582000000043],[43.468800000000215,37.56544000000025],[43.468710000000044,37.564930000000686],[43.47014000000024,37.563320000000374],[43.47044000000017,37.56319000000025],[43.470380000000205,37.56299000000007],[43.470500000000186,37.562640000000215],[43.470850000000155,37.56212000000039],[43.47084000000007,37.56200000000018],[43.470510000000104,37.561900000000094],[43.47044000000017,37.561800000000346],[43.47154000000006,37.560840000000496],[43.47158000000019,37.56055000000015],[43.47188000000011,37.56024000000059],[43.47205000000014,37.55978000000022],[43.472210000000075,37.559690000000046],[43.472430000000145,37.55912000000029],[43.47285000000011,37.55879000000016],[43.472610000000145,37.558240000000126],[43.47330000000022,37.55770000000007],[43.47352000000012,37.55722000000014],[43.47404000000017,37.55665000000056],[43.475990000000195,37.5536000000003],[43.476300000000094,37.55343000000005],[43.477940000000046,37.553160000000275],[43.478870000000086,37.55332000000004],[43.47914000000026,37.55346000000026],[43.48006000000015,37.553120000000376],[43.48026000000016,37.55270000000007],[43.481040000000064,37.55256000000037],[43.48128000000003,37.55265000000003],[43.48151000000024,37.552540000000135],[43.48198000000019,37.55215000000055],[43.48205000000013,37.55191000000059],[43.48195000000004,37.551640000000305],[43.48199000000017,37.55141000000043],[43.482180000000085,37.551110000000335],[43.48288000000008,37.550500000000454],[43.48290000000014,37.55024000000026],[43.48332000000005,37.54998000000006],[43.48350000000005,37.549720000000036],[43.48359000000022,37.54937000000007],[43.48356000000018,37.54908000000023],[43.48383000000018,37.548390000000154],[43.48388000000023,37.547680000000184],[43.48405000000008,37.54725000000013],[43.48364000000009,37.54654000000039],[43.484190000000126,37.54541000000012],[43.48532000000017,37.545390000000054],[43.48651000000024,37.54488000000015],[43.487700000000075,37.54456000000016],[43.48867000000007,37.54403000000019],[43.48901000000012,37.54400000000015],[43.49040000000019,37.54350000000039],[43.490920000000074,37.54394000000053],[43.49143000000015,37.5439200000003],[43.49257000000017,37.544270000000154],[43.49282000000005,37.544270000000154],[43.49311000000006,37.54442000000046],[43.49379000000022,37.54444000000069],[43.49449000000004,37.54460000000029],[43.49540000000019,37.5453100000002],[43.49567000000013,37.545390000000054],[43.49565000000007,37.54547000000014],[43.4960700000002,37.545780000000036],[43.49729000000008,37.545780000000036],[43.4983400000001,37.5461300000004],[43.49837000000008,37.54606000000007],[43.49870000000004,37.546100000000195],[43.499190000000056,37.545940000000314],[43.50004000000007,37.54633000000007],[43.500210000000095,37.54685000000029],[43.5008900000002,37.54667000000046],[43.5012000000001,37.54691000000042],[43.50142000000017,37.54693000000066],[43.50156000000004,37.54682000000008],[43.50247000000019,37.54698000000053],[43.50236000000018,37.5478200000004],[43.50260000000014,37.547990000000254],[43.50273000000004,37.54832000000056],[43.50258000000008,37.54836000000034],[43.50293000000005,37.5485300000002],[43.50327000000016,37.54887000000008],[43.503810000000044,37.54900000000015],[43.50318000000016,37.549350000000516],[43.5032300000002,37.54959000000048],[43.5031400000002,37.549910000000125],[43.5032300000002,37.55008000000015],[43.5032300000002,37.55045000000007],[43.50180000000017,37.55300000000017],[43.50174000000004,37.5532900000004],[43.5011100000001,37.553500000000156],[43.501610000000085,37.55584000000033],[43.5003700000002,37.556530000000066],[43.50001000000003,37.55699000000027],[43.49980000000011,37.55742000000032],[43.49979000000013,37.55767000000043],[43.49994000000015,37.558180000000675],[43.50026000000014,37.558740000000114],[43.50029000000012,37.559230000000184],[43.50022000000018,37.559910000000286],[43.500000000000114,37.56039000000021],[43.49962000000011,37.56210000000033],[43.49948000000006,37.562300000000505],[43.49785000000003,37.56158000000062],[43.49388000000016,37.56104000000016],[43.4932500000001,37.56265000000036],[43.492840000000115,37.563040000000115],[43.49255000000011,37.563070000000266],[43.491880000000094,37.566760000000045],[43.49096000000014,37.57374000000061],[43.484380000000215,37.58102000000042],[43.4775800000001,37.58393000000035],[43.47587000000004,37.6001600000003],[43.476210000000094,37.60716000000036]]],"type":"Polygon"}},{"type":"Feature","properties":{"area_id":"TR-30-002-2049495","name_tr":"Aşağı Derecik Köyü","area_level":"neighbourhood","parent_id":"TR-30-002","endeksa_id":2049495},"geometry":{"coordinates":[[[43.98144000000019,37.62778000000009],[43.96983000000006,37.62678000000017],[43.96530000000007,37.627500000000055],[43.957800000000134,37.63012000000009],[43.95497000000012,37.6357000000001],[43.93052000000006,37.64570000000026],[43.90812000000011,37.64752000000021],[43.88515000000007,37.64998000000054],[43.88316000000009,37.64831000000021],[43.88225000000011,37.64772000000028],[43.881710000000226,37.64724000000035],[43.881100000000174,37.64721000000014],[43.879980000000046,37.64656000000036],[43.879730000000166,37.646550000000275],[43.879550000000165,37.646360000000186],[43.87923000000018,37.64629000000008],[43.87839000000014,37.64569000000017],[43.87752000000012,37.64530000000019],[43.87695000000019,37.64469000000054],[43.87661000000014,37.64396000000016],[43.87641000000008,37.642710000000136],[43.87498000000005,37.64137000000011],[43.87383000000011,37.641000000000076],[43.87299000000007,37.64063000000016],[43.87207000000018,37.64050000000009],[43.87160000000017,37.63985000000014],[43.87136000000004,37.638250000000085],[43.87158000000011,37.637700000000564],[43.87306000000018,37.63703000000055],[43.87492000000009,37.63685000000004],[43.87748000000016,37.63638000000009],[43.877750000000106,37.63620000000009],[43.877750000000106,37.63590000000016],[43.877410000000054,37.635490000000345],[43.87652000000014,37.634910000000104],[43.8761600000002,37.63477000000006],[43.87575000000021,37.63474000000008],[43.874030000000175,37.634910000000104],[43.87295000000017,37.635310000000345],[43.872390000000166,37.63528000000019],[43.87195000000003,37.6348000000001],[43.871120000000076,37.63147000000026],[43.87097000000011,37.631100000000174],[43.87073000000015,37.630880000000445],[43.870470000000125,37.630750000000376],[43.86965000000015,37.63077000000004],[43.8693100000001,37.630450000000394],[43.868680000000154,37.62960000000004],[43.86776000000009,37.629080000000044],[43.86682000000013,37.629020000000025],[43.86624000000006,37.62956000000065],[43.86581000000018,37.62945000000008],[43.86558000000019,37.62929000000037],[43.86543000000023,37.62907000000007],[43.86528000000004,37.628220000000624],[43.86463000000009,37.62786000000017],[43.86439000000013,37.627630000000124],[43.86430000000013,37.62722000000031],[43.86380000000014,37.62659000000008],[43.86348000000015,37.625610000000165],[43.863410000000044,37.625120000000095],[43.86348000000015,37.624190000000056],[43.86343000000011,37.62300000000005],[43.86354000000017,37.62244000000004],[43.863130000000126,37.621990000000324],[43.86293000000012,37.62160000000017],[43.86262000000005,37.62139000000042],[43.86178000000018,37.62036000000006],[43.86057000000005,37.61918000000014],[43.85978000000006,37.61797000000024],[43.85933000000017,37.617530000000045],[43.85887000000008,37.61721000000057],[43.85806000000025,37.61699000000016],[43.85627000000011,37.617100000000164],[43.85577000000012,37.61698000000018],[43.85541000000018,37.61677000000003],[43.85470000000004,37.6159600000002],[43.852380000000096,37.61424000000068],[43.85217000000017,37.613780000000304],[43.85218000000009,37.61209000000042],[43.85180000000008,37.611580000000174],[43.85146000000003,37.61128000000019],[43.85115000000013,37.611090000000104],[43.85018000000014,37.61083000000008],[43.84843000000012,37.610780000000034],[43.84790000000015,37.61057000000028],[43.84745000000004,37.61032000000034],[43.847090000000094,37.6099600000004],[43.84633000000014,37.60869000000048],[43.84508000000005,37.60765000000026],[43.84381000000013,37.607250000000704],[43.8422700000001,37.60719000000017],[43.84057000000013,37.60733000000022],[43.839060000000075,37.6076700000001],[43.8376600000002,37.60816000000068],[43.83631000000008,37.6083100000003],[43.83513000000016,37.60826000000043],[43.832830000000115,37.60776000000027],[43.82793000000021,37.60568000000012],[43.82460000000003,37.604550000000415],[43.8234300000002,37.60382000000027],[43.822430000000054,37.60260000000039],[43.82200000000017,37.60239000000007],[43.81969000000021,37.6016300000004],[43.81911000000014,37.60152000000039],[43.81851000000006,37.6016300000004],[43.81615000000005,37.6030200000003],[43.81563000000017,37.60317000000009],[43.813940000000116,37.60338000000024],[43.81280000000015,37.60323000000062],[43.81343000000004,37.602840000000356],[43.812140000000056,37.602440000000115],[43.81163000000015,37.60212000000007],[43.81130000000019,37.60174000000029],[43.81059000000005,37.60036000000048],[43.81043000000017,37.59993000000043],[43.810410000000104,37.59936000000016],[43.80996000000016,37.59861000000012],[43.809920000000034,37.598130000000026],[43.810130000000186,37.59724000000028],[43.80984000000018,37.59587000000005],[43.809350000000165,37.595380000000546],[43.808830000000114,37.595200000000034],[43.808020000000056,37.59501000000034],[43.80736000000019,37.59501000000034],[43.8070800000001,37.59477000000038],[43.80625000000015,37.5946900000003],[43.80487000000022,37.59438000000023],[43.80450000000013,37.5941600000005],[43.804090000000144,37.59354000000036],[43.80385000000018,37.592930000000365],[43.80388000000016,37.59252000000038],[43.803370000000086,37.591570000000104],[43.80315000000019,37.59142000000031],[43.80312000000015,37.59125000000006],[43.805730000000096,37.58815000000061],[43.81090000000012,37.58561000000009],[43.817160000000115,37.5822600000007],[43.82133000000016,37.578720000000544],[43.83344000000011,37.57259000000067],[43.83709000000016,37.565760000000296],[43.844730000000084,37.56157000000013],[43.849630000000104,37.55784000000028],[43.86241000000007,37.56948000000057],[43.875650000000064,37.57753000000014],[43.88436000000007,37.58112000000017],[43.88907000000006,37.585000000000036],[43.89415000000008,37.5901800000002],[43.90050000000025,37.592190000000244],[43.908480000000054,37.59434000000033],[43.91410000000019,37.59635000000037],[43.91900000000004,37.59822000000037],[43.923350000000084,37.59793000000036],[43.931150000000116,37.59707000000043],[43.93495000000013,37.59722000000005],[43.94402000000008,37.5985100000002],[43.97216000000009,37.603220000000135],[43.97426000000013,37.60683000000006],[43.97471000000007,37.61225000000019],[43.97698000000014,37.614150000000336],[43.98235000000017,37.61355000000043],[43.98392000000024,37.613910000000374],[43.98469000000017,37.61488000000037],[43.98521000000022,37.61589000000009],[43.98333000000008,37.62049000000053],[43.985480000000166,37.625700000000336],[43.98144000000019,37.62778000000009]]],"type":"Polygon"}},{"type":"Feature","properties":{"area_id":"TR-30-002-2015268","name_tr":"Geçitli Köyü","area_level":"neighbourhood","parent_id":"TR-30-002","endeksa_id":2015268},"geometry":{"coordinates":[[[43.615999356731095,37.600974839182925],[43.61382000000009,37.600430000000074],[43.60853000000009,37.5999800000003],[43.589610000000164,37.60206000000045],[43.58905000000016,37.60175000000038],[43.58873000000017,37.60112000000015],[43.58164000000011,37.60050000000069],[43.579510000000084,37.60101000000026],[43.569910000000164,37.605420000000095],[43.56276000000008,37.6107100000001],[43.55787000000015,37.60722000000038],[43.55391000000003,37.60721000000024],[43.55294000000009,37.60660000000024],[43.55148000000008,37.60550000000018],[43.54318000000006,37.60054000000008],[43.54227000000009,37.60113000000024],[43.542120000000125,37.60150000000033],[43.54158000000018,37.60203000000013],[43.53954000000016,37.60228000000018],[43.538750000000164,37.60220000000015],[43.53845000000018,37.6023400000002],[43.53805000000017,37.60265000000027],[43.53767000000016,37.60348000000016],[43.53733000000011,37.60370000000006],[43.53663000000006,37.60389000000015],[43.53601000000009,37.60370000000006],[43.53483000000017,37.60385000000008],[43.534100000000194,37.60379000000006],[43.5332200000002,37.60397000000006],[43.532890000000066,37.60383000000053],[43.53291000000013,37.602790000000084],[43.53259000000014,37.60230000000041],[43.53133000000014,37.60135000000014],[43.53056000000021,37.60101000000026],[43.530140000000074,37.60093000000006],[43.52962000000025,37.600960000000384],[43.52883000000003,37.600640000000226],[43.522200000000225,37.60075000000006],[43.51185000000004,37.59257000000042],[43.50890000000004,37.58670000000018],[43.50914000000017,37.58496000000031],[43.50900000000013,37.58469000000014],[43.508510000000115,37.584350000000256],[43.50825000000009,37.584040000000186],[43.508020000000045,37.58356000000026],[43.507620000000145,37.58313000000021],[43.50714000000005,37.58345000000003],[43.50674000000021,37.58278000000041],[43.50549000000012,37.5819300000004],[43.5064900000001,37.58040000000028],[43.507620000000145,37.58022000000034],[43.50934000000018,37.57943000000034],[43.51216000000011,37.57849000000016],[43.5136500000001,37.577140000000554],[43.518610000000194,37.57516000000015],[43.5209000000001,37.57458000000048],[43.523290000000145,37.57279000000017],[43.52604000000014,37.572430000000224],[43.5269600000002,37.57316000000026],[43.52779000000015,37.57341000000031],[43.5285300000001,37.573360000000434],[43.52891000000011,37.5735200000002],[43.52913000000018,37.573790000000486],[43.53037000000012,37.57395000000025],[43.53071000000017,37.57417000000066],[43.53398000000021,37.573170000000346],[43.53511000000009,37.57264000000055],[43.535520000000076,37.57200000000017],[43.53607000000011,37.57038000000006],[43.53644000000014,37.570320000000436],[43.536770000000104,37.56978000000038],[43.536980000000085,37.5696200000001],[43.5386400000001,37.56946000000033],[43.539000000000044,37.569260000000156],[43.53959000000003,37.56920000000014],[43.53982000000025,37.56910000000039],[43.540010000000166,37.56880000000007],[43.540570000000116,37.56829000000016],[43.54068000000018,37.56808000000018],[43.540730000000224,37.56765000000013],[43.5406000000001,37.567190000000096],[43.540390000000116,37.56695000000013],[43.5405100000001,37.566910000000405],[43.54062000000016,37.566420000000335],[43.540420000000154,37.56634000000014],[43.54065000000014,37.564710000000275],[43.540570000000116,37.56430000000006],[43.540170000000046,37.56377000000009],[43.54244000000011,37.56308000000041],[43.54275232998651,37.56308982169833],[43.549931106000145,37.561195258000225],[43.55645102900007,37.55074834800007],[43.558451556000136,37.549966375999986],[43.56042824600007,37.546836039000254],[43.566163958000175,37.54324073900017],[43.57203332400013,37.54607655800021],[43.574065419000135,37.552561836000166],[43.57952716500017,37.55124532700006],[43.586528060000035,37.562026615000036],[43.59546715700009,37.575763975000655],[43.59740337226697,37.57610096123335],[43.59883000000008,37.57609000000036],[43.59931000000017,37.575990000000616],[43.59929370511435,37.57642996191532],[43.600875492008925,37.576705262093014],[43.60131000000007,37.57668000000018],[43.60402000000016,37.57725000000028],[43.60455000000013,37.57764000000003],[43.603887606897786,37.57823191912121],[43.60386360841426,37.57841633681812],[43.60408265060448,37.57901574297625],[43.604260000000124,37.579400000000135],[43.60362535700011,37.58044278700004],[43.60524000000021,37.580730000000585],[43.60676000000018,37.581290000000195],[43.60787000000022,37.58215000000013],[43.60867000000013,37.58345000000003],[43.608810000000176,37.58447000000024],[43.60924000000006,37.58608000000004],[43.60887661900006,37.593606339000075],[43.615999356731095,37.600974839182925]]],"type":"Polygon"}},{"type":"Feature","properties":{"area_id":"TR-30-002-2015273","name_tr":"Işık Köyü","area_level":"neighbourhood","parent_id":"TR-30-002","endeksa_id":2015273},"geometry":{"coordinates":[[[43.63130000000007,37.61007000000029],[43.62863000000016,37.611610000000496],[43.62658000000016,37.61514000000017],[43.62271000000004,37.62485000000032],[43.62432000000007,37.63102000000015],[43.62446000000011,37.63626000000011],[43.62556000000018,37.641160000000355],[43.62967000000003,37.645190000000184],[43.630310000000065,37.64986000000056],[43.62863000000016,37.653490000000374],[43.63315000000023,37.659350000000074],[43.62534000000005,37.65729000000016],[43.62203000000011,37.65641000000039],[43.617110000000196,37.653930000000514],[43.60139000000015,37.651850000000366],[43.60097000000019,37.6520500000002],[43.60003000000006,37.651720000000296],[43.599560000000054,37.65199000000007],[43.59885000000014,37.65193000000005],[43.5978300000001,37.65138000000019],[43.59097000000003,37.6504800000007],[43.58970000000011,37.65086000000019],[43.58847000000014,37.65065000000004],[43.58779000000021,37.650800000000174],[43.586610000000064,37.65055000000012],[43.58597000000009,37.65078000000011],[43.58474000000007,37.65096000000062],[43.583230000000185,37.65082000000041],[43.58114000000012,37.649750000000154],[43.58089000000018,37.64915000000008],[43.521590000000174,37.64130000000017],[43.52337000000017,37.60073000000017],[43.52883000000003,37.600640000000226],[43.52962000000025,37.600960000000384],[43.530140000000074,37.60093000000006],[43.53056000000021,37.60101000000026],[43.53133000000014,37.60135000000014],[43.53259000000014,37.60230000000041],[43.53291000000013,37.602790000000084],[43.532890000000066,37.60383000000053],[43.5332200000002,37.60397000000006],[43.534100000000194,37.60379000000006],[43.53483000000017,37.60385000000008],[43.53601000000009,37.60370000000006],[43.53663000000006,37.60389000000015],[43.53733000000011,37.60370000000006],[43.53767000000016,37.60348000000016],[43.53805000000017,37.60265000000027],[43.53845000000018,37.6023400000002],[43.538750000000164,37.60220000000015],[43.53954000000016,37.60228000000018],[43.54158000000018,37.60203000000013],[43.542120000000125,37.60150000000033],[43.54227000000009,37.60113000000024],[43.54318000000006,37.60054000000008],[43.55148000000008,37.60550000000018],[43.55294000000009,37.60660000000024],[43.55391000000003,37.60721000000024],[43.55787000000015,37.60722000000038],[43.56276000000008,37.6107100000001],[43.569910000000164,37.605420000000095],[43.579510000000084,37.60101000000026],[43.58164000000011,37.60050000000069],[43.58873000000017,37.60112000000015],[43.58905000000016,37.60175000000038],[43.589610000000164,37.60206000000045],[43.60853000000009,37.5999800000003],[43.61382000000009,37.600430000000074],[43.615999356731095,37.600974839182925],[43.61634000000004,37.60106000000013],[43.61621471000018,37.60428404400011],[43.617841973000054,37.60566215500069],[43.61975919400015,37.606722359000116],[43.62173361400011,37.60690695000005],[43.62209121138915,37.60727688587059],[43.62349000000012,37.607530000000054],[43.62500000000017,37.60723000000047],[43.62537000000009,37.60734000000036],[43.62646000000018,37.60801000000038],[43.62701000000004,37.60812000000021],[43.62775000000016,37.60747000000043],[43.62863000000016,37.60786000000019],[43.628860000000145,37.60788000000025],[43.6289000000001,37.60848000000016],[43.62931000000009,37.60875000000033],[43.62977000000012,37.60882000000004],[43.63014000000004,37.609010000000126],[43.63035000000019,37.609350000000404],[43.63130000000007,37.61007000000029]]],"type":"Polygon"}},{"type":"Feature","properties":{"area_id":"TR-30-002-2015269","name_tr":"Akkuş Köyü","area_level":"neighbourhood","parent_id":"TR-30-002","endeksa_id":2015269},"geometry":{"coordinates":[[[43.521590000000174,37.64130000000017],[43.4850100000001,37.66775000000018],[43.464900000000114,37.6468100000003],[43.44112000000018,37.621680000000254],[43.438160000000096,37.61733000000004],[43.44412000000011,37.61095000000006],[43.45058000000006,37.613130000000126],[43.465210000000184,37.609410000000366],[43.476210000000094,37.60716000000036],[43.483890000000144,37.60342000000071],[43.48720000000009,37.59992000000034],[43.49268000000018,37.59333000000004],[43.4992000000002,37.58613000000008],[43.50069000000019,37.58626000000004],[43.50939000000005,37.587670000000685],[43.51185000000004,37.59257000000042],[43.522200000000225,37.60075000000006],[43.52337000000017,37.60073000000017],[43.521590000000174,37.64130000000017]]],"type":"Polygon"}},{"type":"Feature","properties":{"area_id":"TR-30-002-2015256","name_tr":"Otluca Köyü","area_level":"neighbourhood","parent_id":"TR-30-002","endeksa_id":2015256},"geometry":{"coordinates":[[[43.7231500000002,37.67151000000007],[43.68386000000004,37.68668000000025],[43.65024000000011,37.69080000000008],[43.62534000000005,37.65729000000016],[43.63315000000023,37.659350000000074],[43.62863000000016,37.653490000000374],[43.630310000000065,37.64986000000056],[43.62967000000003,37.645190000000184],[43.62556000000018,37.641160000000355],[43.62446000000011,37.63626000000011],[43.62432000000007,37.63102000000015],[43.62271000000004,37.62485000000032],[43.62658000000016,37.61514000000017],[43.62863000000016,37.611610000000496],[43.63130000000007,37.61007000000029],[43.63913000000008,37.6055300000005],[43.64176000000009,37.60283000000021],[43.644530000000145,37.599410000000034],[43.64624053896074,37.599934062181774],[43.65130843300011,37.59328817600016],[43.65161729100009,37.592902014000174],[43.66807393709979,37.584315533446556],[43.66951000000023,37.58015000000023],[43.669410000000084,37.579550000000324],[43.66908000000018,37.57956000000041],[43.66775000000007,37.57018000000022],[43.6689104542279,37.56879066725696],[43.66833450600012,37.5646977480003],[43.670877129000075,37.559372897000344],[43.67100714899999,37.55950639600064],[43.67248926500008,37.559245347000115],[43.67273165700004,37.558768612000165],[43.673169506000136,37.55850413200017],[43.67369026000006,37.5584468350001],[43.67379000000011,37.55837000000008],[43.674670000000106,37.55876000000035],[43.67530000000022,37.55924000000027],[43.67691000000019,37.5599000000002],[43.67695000000009,37.56051000000019],[43.67741000000018,37.56147000000004],[43.67798000000005,37.56178000000011],[43.67880000000008,37.56175000000047],[43.67901000000023,37.56165000000004],[43.67914000000013,37.561460000000125],[43.67895000000004,37.56069000000019],[43.679160000000195,37.56045000000023],[43.67962000000006,37.56043000000068],[43.68029000000007,37.560940000000244],[43.68048000000016,37.5612900000001],[43.68131000000011,37.56136000000021],[43.68187000000006,37.561560000000384],[43.68290000000019,37.561710000000176],[43.68320000000017,37.5619700000002],[43.6837000000001,37.56225000000063],[43.68385000000012,37.56225000000063],[43.68389000000019,37.562140000000056],[43.68367000000012,37.56179000000026],[43.683590000000095,37.561460000000125],[43.683710000000076,37.56107000000037],[43.68369000000018,37.560840000000496],[43.68345000000005,37.560590000000275],[43.683500000000095,37.56000000000063],[43.683280000000195,37.559330000000614],[43.683370000000195,37.55921000000012],[43.68481000000014,37.559760000000665],[43.68544000000003,37.55971000000011],[43.68558000000007,37.55978000000022],[43.68596000000008,37.56043000000068],[43.68646000000007,37.5605400000004],[43.68682000000018,37.56080000000003],[43.687060000000145,37.561270000000036],[43.68831000000017,37.56206000000054],[43.68967000000009,37.56266000000045],[43.690350000000194,37.56265000000036],[43.69089000000014,37.562860000000114],[43.6910400000001,37.56278000000043],[43.69107000000008,37.562510000000145],[43.69088000000016,37.562300000000505],[43.69055000000026,37.5621500000002],[43.69052000000005,37.56176000000005],[43.69040000000007,37.56166000000013],[43.689630000000136,37.561590000000194],[43.689480000000174,37.56145000000038],[43.6895600000002,37.56092000000018],[43.68989000000016,37.56061000000011],[43.68989000000016,37.56051000000019],[43.68953000000005,37.56018000000006],[43.689570000000174,37.55977000000007],[43.68930000000017,37.55942000000027],[43.68936000000019,37.55927000000008],[43.68953000000005,37.559230000000184],[43.69020000000006,37.559440000000336],[43.69119000000006,37.559510000000046],[43.69259000000011,37.559760000000665],[43.693160000000205,37.559760000000665],[43.69345000000004,37.559980000000394],[43.693600000000174,37.56048000000055],[43.69401000000016,37.56067000000064],[43.69566000000009,37.56000000000063],[43.69611000000003,37.56003000000027],[43.696880000000135,37.55962000000045],[43.69696000000016,37.55946000000017],[43.69707000000005,37.55943000000036],[43.69687000000022,37.56035000000031],[43.6965100000001,37.5605800000003],[43.69655000000017,37.560940000000244],[43.6963300000001,37.561250000000314],[43.696360000000084,37.561810000000094],[43.696670000000154,37.562140000000056],[43.696760000000154,37.56247000000036],[43.69692000000009,37.562600000000316],[43.696910000000116,37.56325000000027],[43.69659000000013,37.56390000000005],[43.697100000000034,37.564650000000256],[43.69765000000007,37.564830000000256],[43.69840000000016,37.56542000000019],[43.696670000000154,37.56573000000009],[43.6962400000001,37.565890000000536],[43.696040000000096,37.566200000000094],[43.6962000000002,37.566540000000316],[43.696750000000236,37.56692000000049],[43.697060000000135,37.566980000000115],[43.69769000000019,37.56729000000041],[43.69808000000012,37.56776000000036],[43.69840000000016,37.56832000000014],[43.69922000000014,37.56850000000048],[43.70032000000003,37.56912000000011],[43.70055000000019,37.56978000000038],[43.70055000000019,37.57037000000031],[43.70012000000014,37.57186000000013],[43.70008000000007,37.572700000000395],[43.70020000000005,37.573570000000075],[43.70083000000011,37.57397000000009],[43.70333000000022,37.57452000000035],[43.705180000000155,37.57371000000029],[43.7064000000002,37.5729900000004],[43.70809000000003,37.57264000000055],[43.70848000000018,37.57205000000005],[43.71012000000013,37.57186000000013],[43.711310000000196,37.571370000000115],[43.71105000000017,37.57083000000017],[43.71442331445445,37.570277310061556],[43.714557213690114,37.57038291747398],[43.71422000000007,37.57175000000012],[43.713820000000055,37.57415000000043],[43.71409000000017,37.57601000000017],[43.71545000000009,37.57829000000049],[43.71730000000019,37.58084000000031],[43.71683000000024,37.58307000000025],[43.71683000000024,37.58366000000018],[43.71715000000006,37.584190000000376],[43.71703000000008,37.58509000000038],[43.71783000000016,37.586430000000405],[43.717640000000074,37.58715000000029],[43.71818000000019,37.58763000000022],[43.718750000000114,37.587700000000325],[43.7190700000001,37.58764000000036],[43.72224000000023,37.58774000000011],[43.72477000000009,37.589150000000245],[43.72595781284605,37.59128436372936],[43.7261054591462,37.591347133193096],[43.72623977129035,37.59127284310421],[43.7261307820001,37.591466537000485],[43.72772152200008,37.594870745000094],[43.72871479500009,37.595956636000324],[43.7299195010001,37.59758568700016],[43.73281993300009,37.59941949000029],[43.733000000000175,37.599590000000035],[43.733300000000156,37.60028000000028],[43.73632000000009,37.600310000000604],[43.735880000000066,37.60103000000049],[43.735880000000066,37.601270000000454],[43.73618000000005,37.60205000000036],[43.736410000000035,37.60228000000018],[43.7373800000002,37.60292000000004],[43.73812000000015,37.60369000000031],[43.738510000000076,37.6038800000004],[43.739190000000235,37.60405000000026],[43.740340000000174,37.60383000000053],[43.74169000000012,37.60497000000038],[43.741950000000145,37.60590000000019],[43.741830000000164,37.60668000000044],[43.741640000000075,37.60694000000012],[43.74150000000003,37.607430000000136],[43.741670000000056,37.607770000000414],[43.74264000000005,37.60906000000017],[43.745080000000144,37.610310000000254],[43.74588000000006,37.61104000000023],[43.74648000000013,37.6110800000007],[43.7478000000001,37.61073000000016],[43.74851000000007,37.61072000000007],[43.74912000000006,37.61085000000014],[43.74965000000009,37.61083000000008],[43.75114000000008,37.61098000000027],[43.751830000000155,37.61156000000062],[43.7520100000001,37.611860000000036],[43.752355913370934,37.61207513570395],[43.75243000000006,37.61211000000014],[43.7231500000002,37.67151000000007]]],"type":"Polygon"}},{"type":"Feature","properties":{"area_id":"TR-30-002-2015254","name_tr":"Konak Köyü","area_level":"neighbourhood","parent_id":"TR-30-002","endeksa_id":2015254},"geometry":{"coordinates":[[[43.81060000000019,37.727120000000355],[43.799570000000074,37.726600000000644],[43.78814000000011,37.72658000000041],[43.78757000000019,37.72705000000025],[43.7874700000001,37.727250000000424],[43.78663000000023,37.727680000000476],[43.78595000000007,37.72897000000012],[43.78537000000006,37.72921000000008],[43.784170000000074,37.7305200000003],[43.78316000000018,37.73095000000035],[43.78288000000009,37.731180000000165],[43.778690000000154,37.72930000000025],[43.77796000000012,37.72934000000015],[43.777880000000096,37.72912000000025],[43.77809000000008,37.72857000000022],[43.77728000000019,37.72803000000033],[43.77710000000019,37.728210000000274],[43.77698000000004,37.72862000000009],[43.77657000000005,37.72853000000032],[43.774720000000116,37.72626000000025],[43.7749300000001,37.72599000000008],[43.77497000000017,37.725790000000416],[43.77490000000006,37.72562000000005],[43.77418000000017,37.72516000000019],[43.774070000000165,37.72498000000019],[43.7739600000001,37.72509000000008],[43.77343000000013,37.724770000000035],[43.77383000000003,37.72449000000017],[43.773270000000196,37.723930000000166],[43.77242000000007,37.72345000000007],[43.772280000000194,37.72323000000034],[43.768400000000156,37.72259000000014],[43.767530000000136,37.722230000000195],[43.766910000000166,37.72214000000042],[43.766610000000185,37.721800000000144],[43.765830000000165,37.72163000000012],[43.765330000000176,37.720920000000376],[43.76408000000009,37.72097000000025],[43.7605200000001,37.713120000000174],[43.759540000000186,37.71019000000018],[43.75588000000005,37.703240000000505],[43.74832000000015,37.693360000000155],[43.7231500000002,37.67151000000007],[43.75243000000006,37.61211000000014],[43.752355913370934,37.61207513570395],[43.75639271859649,37.603830884458546],[43.75661823139927,37.60383550752846],[43.77068179772817,37.59343137412992],[43.77072778916016,37.59330902863604],[43.77062077451944,37.59321851817822],[43.77079355700005,37.5932611290001],[43.783018236000146,37.584205850000046],[43.78327877400005,37.58394763400054],[43.78358736000018,37.58383485200011],[43.7895401240001,37.579448976000094],[43.789520485000025,37.57929169500051],[43.78974379912472,37.57929805348704],[43.79005000000018,37.57911000000013],[43.79022000000003,37.57916000000017],[43.79208000000011,37.58008000000012],[43.792750000000126,37.58068000000071],[43.7936200000002,37.58217000000036],[43.79416000000009,37.58280000000008],[43.79608000000013,37.584110000000294],[43.79819000000009,37.58484000000033],[43.797980000000166,37.58548000000013],[43.79841000000022,37.585990000000265],[43.79878000000008,37.58626000000004],[43.79908000000023,37.586310000000424],[43.79953000000012,37.58659000000017],[43.79993000000019,37.58668000000034],[43.80032000000011,37.587080000000185],[43.80028000000004,37.58786000000009],[43.799970000000144,37.58786000000009],[43.799750000000245,37.58772000000056],[43.79936000000009,37.58781000000022],[43.79934000000026,37.58800000000031],[43.80011000000019,37.5887900000003],[43.80076000000014,37.58908000000014],[43.80134000000015,37.58944000000008],[43.801610000000096,37.5897300000006],[43.80184000000014,37.589800000000025],[43.80312000000015,37.59125000000006],[43.80315000000019,37.59142000000031],[43.803370000000086,37.591570000000104],[43.80388000000016,37.59252000000038],[43.80385000000018,37.592930000000365],[43.804090000000144,37.59354000000036],[43.80450000000013,37.5941600000005],[43.80487000000022,37.59438000000023],[43.80625000000015,37.5946900000003],[43.8070800000001,37.59477000000038],[43.80736000000019,37.59501000000034],[43.808020000000056,37.59501000000034],[43.808830000000114,37.595200000000034],[43.809350000000165,37.595380000000546],[43.80984000000018,37.59587000000005],[43.810130000000186,37.59724000000028],[43.809920000000034,37.598130000000026],[43.80996000000016,37.59861000000012],[43.810410000000104,37.59936000000016],[43.81043000000017,37.59993000000043],[43.81059000000005,37.60036000000048],[43.81130000000019,37.60174000000029],[43.81163000000015,37.60212000000007],[43.812140000000056,37.602440000000115],[43.81343000000004,37.602840000000356],[43.81280000000015,37.60323000000062],[43.813940000000116,37.60338000000024],[43.81563000000017,37.60317000000009],[43.81615000000005,37.6030200000003],[43.81851000000006,37.6016300000004],[43.81911000000014,37.60152000000039],[43.81969000000021,37.6016300000004],[43.82200000000017,37.60239000000007],[43.822430000000054,37.60260000000039],[43.8234300000002,37.60382000000027],[43.82460000000003,37.604550000000415],[43.82793000000021,37.60568000000012],[43.832830000000115,37.60776000000027],[43.83513000000016,37.60826000000043],[43.83631000000008,37.6083100000003],[43.8376600000002,37.60816000000068],[43.839060000000075,37.6076700000001],[43.84057000000013,37.60733000000022],[43.8422700000001,37.60719000000017],[43.84381000000013,37.607250000000704],[43.84508000000005,37.60765000000026],[43.84633000000014,37.60869000000048],[43.847090000000094,37.6099600000004],[43.84745000000004,37.61032000000034],[43.84790000000015,37.61057000000028],[43.84843000000012,37.610780000000034],[43.85018000000014,37.61083000000008],[43.85115000000013,37.611090000000104],[43.85146000000003,37.61128000000019],[43.85180000000008,37.611580000000174],[43.85218000000009,37.61209000000042],[43.85217000000017,37.613780000000304],[43.852380000000096,37.61424000000068],[43.85470000000004,37.6159600000002],[43.85541000000018,37.61677000000003],[43.85577000000012,37.61698000000018],[43.85627000000011,37.617100000000164],[43.85806000000025,37.61699000000016],[43.85887000000008,37.61721000000057],[43.85933000000017,37.617530000000045],[43.85978000000006,37.61797000000024],[43.86057000000005,37.61918000000014],[43.86178000000018,37.62036000000006],[43.86262000000005,37.62139000000042],[43.86293000000012,37.62160000000017],[43.863130000000126,37.621990000000324],[43.86354000000017,37.62244000000004],[43.86343000000011,37.62300000000005],[43.86348000000015,37.624190000000056],[43.863410000000044,37.625120000000095],[43.86348000000015,37.625610000000165],[43.86380000000014,37.62659000000008],[43.86430000000013,37.62722000000031],[43.86439000000013,37.627630000000124],[43.86463000000009,37.62786000000017],[43.86528000000004,37.628220000000624],[43.86543000000023,37.62907000000007],[43.86558000000019,37.62929000000037],[43.86581000000018,37.62945000000008],[43.86624000000006,37.62956000000065],[43.86682000000013,37.629020000000025],[43.86776000000009,37.629080000000044],[43.868680000000154,37.62960000000004],[43.8693100000001,37.630450000000394],[43.86965000000015,37.63077000000004],[43.870470000000125,37.630750000000376],[43.87073000000015,37.630880000000445],[43.87097000000011,37.631100000000174],[43.871120000000076,37.63147000000026],[43.87195000000003,37.6348000000001],[43.872390000000166,37.63528000000019],[43.87295000000017,37.635310000000345],[43.874030000000175,37.634910000000104],[43.87575000000021,37.63474000000008],[43.8761600000002,37.63477000000006],[43.87652000000014,37.634910000000104],[43.877410000000054,37.635490000000345],[43.877750000000106,37.63590000000016],[43.877750000000106,37.63620000000009],[43.87748000000016,37.63638000000009],[43.87492000000009,37.63685000000004],[43.87306000000018,37.63703000000055],[43.87158000000011,37.637700000000564],[43.87136000000004,37.638250000000085],[43.87160000000017,37.63985000000014],[43.87207000000018,37.64050000000009],[43.87299000000007,37.64063000000016],[43.87383000000011,37.641000000000076],[43.87498000000005,37.64137000000011],[43.87641000000008,37.642710000000136],[43.87661000000014,37.64396000000016],[43.87695000000019,37.64469000000054],[43.87752000000012,37.64530000000019],[43.87839000000014,37.64569000000017],[43.87923000000018,37.64629000000008],[43.879550000000165,37.646360000000186],[43.879730000000166,37.646550000000275],[43.879980000000046,37.64656000000036],[43.881100000000174,37.64721000000014],[43.881710000000226,37.64724000000035],[43.88225000000011,37.64772000000028],[43.88316000000009,37.64831000000021],[43.88515000000007,37.64998000000054],[43.884750000000224,37.65152000000006],[43.88572000000016,37.65274000000011],[43.887330000000134,37.65350000000046],[43.88862000000012,37.654390000000205],[43.888990000000206,37.65568000000036],[43.88839000000013,37.65776000000051],[43.88700000000023,37.65920000000028],[43.88673000000006,37.66007000000036],[43.88832000000019,37.66116000000045],[43.88894000000016,37.662480000000244],[43.888960000000225,37.664030000000594],[43.889090000000124,37.665440000000046],[43.88849000000005,37.66592000000014],[43.887260000000026,37.665910000000395],[43.88511000000017,37.665630000000135],[43.88172000000014,37.66493000000008],[43.87807000000015,37.664670000000285],[43.87579000000011,37.664610000000266],[43.871710000000064,37.66470000000061],[43.86980000000011,37.6653800000002],[43.86914000000024,37.666910000000144],[43.8676500000002,37.66821000000027],[43.86620000000016,37.66933000000017],[43.86410000000012,37.67029000000019],[43.86169000000018,37.67403000000024],[43.86023000000017,37.67859000000021],[43.85810000000015,37.68287000000049],[43.85404000000017,37.68680000000023],[43.854050000000086,37.68712000000028],[43.852870000000166,37.687230000000284],[43.85259000000008,37.68742000000037],[43.85243000000014,37.687840000000335],[43.85156000000012,37.68804000000051],[43.85075000000006,37.688430000000096],[43.84946000000008,37.68863000000033],[43.84852000000012,37.688530000000185],[43.84710000000007,37.68863000000033],[43.84669000000025,37.688400000000456],[43.84641000000016,37.6880800000003],[43.845910000000174,37.68807000000015],[43.84534000000008,37.68827000000039],[43.84499000000011,37.688100000000134],[43.844760000000065,37.68811000000062],[43.844050000000095,37.68867000000006],[43.84324000000004,37.68829000000005],[43.84286000000009,37.68830000000071],[43.84226000000018,37.68858000000006],[43.841600000000085,37.68866000000014],[43.84106000000014,37.68856000000022],[43.840540000000146,37.68823000000009],[43.84026000000006,37.68824000000018],[43.83976000000007,37.68856000000022],[43.83933000000019,37.68854000000067],[43.8389200000002,37.68833000000035],[43.83858000000015,37.68830000000071],[43.83836000000025,37.688430000000096],[43.8378400000002,37.68848000000014],[43.8373600000001,37.688280000000475],[43.83682000000016,37.688310000000115],[43.83595000000014,37.68877000000015],[43.83574000000016,37.689110000000255],[43.83523000000008,37.6895100000001],[43.83474000000018,37.6896200000005],[43.83421000000004,37.69009000000034],[43.833700000000135,37.690070000000105],[43.832930000000204,37.6896200000005],[43.83257000000009,37.68957000000012],[43.83121000000017,37.69023000000038],[43.83145000000013,37.690790000000675],[43.83109000000019,37.69115000000011],[43.83046000000013,37.691310000000385],[43.830010000000186,37.6915400000002],[43.82959000000005,37.692210000000216],[43.82907000000023,37.69263000000018],[43.82833000000011,37.69343000000026],[43.82819000000006,37.69378000000012],[43.82784000000004,37.69399000000004],[43.82746000000003,37.69375000000008],[43.82683000000014,37.69393000000042],[43.82616000000013,37.69442000000009],[43.825490000000116,37.69477000000029],[43.82467000000014,37.69579000000016],[43.82460000000003,37.69609000000008],[43.82414000000017,37.69628000000017],[43.82345000000009,37.6961500000001],[43.82303000000013,37.696170000000336],[43.82272000000006,37.69644000000062],[43.82236000000012,37.697260000000256],[43.82175000000012,37.69781000000029],[43.82112000000018,37.69792000000018],[43.820540000000165,37.69820000000004],[43.81941000000012,37.69855000000041],[43.81867000000017,37.69858000000005],[43.81806000000017,37.69895000000014],[43.81705000000005,37.69904000000031],[43.81671000000017,37.6992300000004],[43.81650000000019,37.69951000000026],[43.81622000000016,37.70016000000004],[43.81591000000009,37.701440000000105],[43.815580000000125,37.7017000000003],[43.814830000000256,37.70165000000003],[43.81764000000004,37.704230000000166],[43.818120000000135,37.7047800000002],[43.81825000000026,37.7058600000002],[43.81873000000019,37.70652000000047],[43.81993000000017,37.706740000000195],[43.821310000000096,37.70743000000044],[43.8235200000002,37.71034000000037],[43.82427000000007,37.71199000000007],[43.82276000000019,37.7126200000007],[43.81929000000014,37.71344000000033],[43.818300000000136,37.71378000000004],[43.8176600000001,37.714110000000346],[43.81669000000011,37.714240000000075],[43.816600000000165,37.714510000000075],[43.81668000000019,37.71488000000011],[43.816940000000045,37.71509000000043],[43.817160000000115,37.71543000000014],[43.816730000000064,37.71581000000032],[43.81695000000013,37.71629000000024],[43.81699000000009,37.716800000000376],[43.816910000000235,37.71708000000024],[43.816760000000045,37.717240000000174],[43.816790000000026,37.71739000000031],[43.81653000000023,37.717980000000125],[43.81690000000009,37.71813000000043],[43.81711000000007,37.718850000000316],[43.81696000000011,37.719600000000185],[43.817040000000134,37.719990000000166],[43.81699000000009,37.72011000000015],[43.817600000000084,37.720490000000325],[43.81764000000004,37.7206900000005],[43.819480000000055,37.7216600000001],[43.81950000000012,37.72222000000011],[43.820100000000195,37.723150000000146],[43.81814000000003,37.72397000000046],[43.81805000000003,37.72376000000014],[43.81780000000015,37.72369000000003],[43.8177500000001,37.72406000000012],[43.813570000000084,37.72603000000038],[43.81060000000019,37.727120000000355]]],"type":"Polygon"}},{"type":"Feature","properties":{"area_id":"TR-30-002-2015276","name_tr":"Pınarca Köyü","area_level":"neighbourhood","parent_id":"TR-30-002","endeksa_id":2015276},"geometry":{"coordinates":[[[43.65024000000011,37.69080000000008],[43.502310000000136,37.70960000000025],[43.50070000000011,37.7033100000001],[43.49574000000007,37.683910000000026],[43.49034000000023,37.67355000000032],[43.4850100000001,37.66775000000018],[43.521590000000174,37.64130000000017],[43.58089000000018,37.64915000000008],[43.58114000000012,37.649750000000154],[43.583230000000185,37.65082000000041],[43.58474000000007,37.65096000000062],[43.58597000000009,37.65078000000011],[43.586610000000064,37.65055000000012],[43.58779000000021,37.650800000000174],[43.58847000000014,37.65065000000004],[43.58970000000011,37.65086000000019],[43.59097000000003,37.6504800000007],[43.5978300000001,37.65138000000019],[43.59885000000014,37.65193000000005],[43.599560000000054,37.65199000000007],[43.60003000000006,37.651720000000296],[43.60097000000019,37.6520500000002],[43.60139000000015,37.651850000000366],[43.617110000000196,37.653930000000514],[43.62203000000011,37.65641000000039],[43.62534000000005,37.65729000000016],[43.65024000000011,37.69080000000008]]],"type":"Polygon"}},{"type":"Feature","properties":{"area_id":"TR-30-002-2015244","name_tr":"Akbulut Köyü","area_level":"neighbourhood","parent_id":"TR-30-002","endeksa_id":2015244},"geometry":{"coordinates":[[[43.92126000000019,37.71308000000039],[43.91500000000019,37.71261000000004],[43.90942000000018,37.71196000000009],[43.907460000000185,37.71330000000012],[43.90220000000022,37.71730000000014],[43.89616000000012,37.71807000000007],[43.891750000000116,37.7172800000003],[43.88632000000007,37.716840000000275],[43.87384000000009,37.71729000000005],[43.86962000000017,37.71709000000038],[43.86076000000014,37.7164600000001],[43.858420000000194,37.71531000000016],[43.85699000000017,37.71425000000056],[43.85553000000016,37.71278000000029],[43.858580000000075,37.708600000000615],[43.85764000000012,37.70402000000041],[43.85620000000017,37.69970000000035],[43.85382000000004,37.69535000000013],[43.854150000000175,37.69163000000054],[43.85404000000017,37.68680000000023],[43.85810000000015,37.68287000000049],[43.86023000000017,37.67859000000021],[43.86169000000018,37.67403000000024],[43.86410000000012,37.67029000000019],[43.86620000000016,37.66933000000017],[43.8676500000002,37.66821000000027],[43.86914000000024,37.666910000000144],[43.86980000000011,37.6653800000002],[43.871710000000064,37.66470000000061],[43.87579000000011,37.664610000000266],[43.87807000000015,37.664670000000285],[43.88172000000014,37.66493000000008],[43.88511000000017,37.665630000000135],[43.887260000000026,37.665910000000395],[43.88849000000005,37.66592000000014],[43.889640000000156,37.665940000000205],[43.89033000000006,37.66742000000005],[43.892770000000155,37.66874000000024],[43.89287000000007,37.669010000000526],[43.89358000000021,37.66971000000018],[43.89411000000018,37.67039000000034],[43.894040000000075,37.670960000000036],[43.89409000000012,37.67145000000062],[43.89444000000009,37.67175000000003],[43.89502000000016,37.67198000000042],[43.895440000000065,37.672690000000216],[43.8953800000001,37.673530000000085],[43.89623000000006,37.674740000000156],[43.89635000000004,37.67526000000038],[43.89619000000016,37.676010000000076],[43.89650000000023,37.67631000000006],[43.89743000000004,37.67654000000027],[43.89822000000004,37.67630000000031],[43.90012000000007,37.67842000000036],[43.90376000000015,37.680010000000095],[43.90403000000009,37.68271000000004],[43.90713000000011,37.68526000000003],[43.91100000000017,37.68698000000023],[43.913250000000176,37.685330000000135],[43.91465000000005,37.68351000000018],[43.91921000000019,37.684940000000154],[43.91928000000013,37.68603000000047],[43.92077000000012,37.68672000000004],[43.923560000000066,37.68879000000004],[43.926170000000184,37.6895100000001],[43.92741000000012,37.69040000000041],[43.930100000000095,37.690510000000245],[43.93442000000016,37.69288000000023],[43.938620000000185,37.694600000000435],[43.941750000000184,37.69656000000009],[43.94359000000003,37.696510000000046],[43.944910000000164,37.69542000000007],[43.94700000000006,37.6964100000003],[43.94730000000004,37.699240000000145],[43.947480000000155,37.70010000000008],[43.94688000000008,37.701720000000364],[43.94688000000008,37.703240000000505],[43.946640000000116,37.70405000000005],[43.94591000000014,37.70519000000019],[43.9459700000001,37.70771000000019],[43.9448900000001,37.70890000000003],[43.94146000000018,37.71019000000018],[43.93864000000008,37.71090000000049],[43.93653000000012,37.71171000000004],[43.93309000000005,37.713400000000036],[43.92736000000008,37.7128900000003],[43.92126000000019,37.71308000000039]]],"type":"Polygon"}},{"type":"Feature","properties":{"area_id":"TR-30-002-2015262","name_tr":"Akçalı Köyü","area_level":"neighbourhood","parent_id":"TR-30-002","endeksa_id":2015262},"geometry":{"coordinates":[[[44.000962449902886,37.73180411056535],[43.991798515000426,37.72893165400046],[43.98743666000041,37.732247630000415],[43.98728676200045,37.73225993600056],[43.978021036000484,37.725047462000475],[43.978024508000374,37.72494740500076],[43.97988568000039,37.722621768000806],[43.97934803600049,37.72056520500041],[43.975844079000524,37.71967483200069],[43.971277377000376,37.71975546800047],[43.96250524100037,37.71286694100047],[43.96183014800039,37.71260586400058],[43.961030192000464,37.71174024500033],[43.96054033400026,37.69874714100064],[43.9640767370002,37.696093807000295],[43.964045679000264,37.69620212800032],[43.964163855000265,37.69626530000073],[43.96918739200015,37.696017124000264],[43.98082996300025,37.6970072980003],[43.98119646300023,37.69648373600086],[43.983509332000324,37.69441496800022],[43.98627930300029,37.69227807400051],[43.99259276100025,37.68955924300053],[43.992657992000204,37.68944107000061],[43.992768145000355,37.68954435200027],[44.00986438500024,37.691150792000315],[44.00976057030044,37.69146007857751],[44.00932839605224,37.69218575202382],[44.008410000000254,37.69283000000053],[44.00808000000029,37.69347000000073],[44.00806227965546,37.69431171638371],[44.00723807956808,37.69569564918447],[44.00660000000022,37.695900000000336],[44.00619000000023,37.69708000000048],[44.00606000000033,37.697790000000225],[44.006550000000345,37.698160000000826],[44.00657000000024,37.69832000000059],[44.00635000000034,37.69879000000054],[44.00648000000024,37.69910000000061],[44.007070000000226,37.6996700000002],[44.007350000000315,37.7003500000003],[44.008040000000335,37.70129000000048],[44.008870000000286,37.70150000000024],[44.00956000000036,37.70202000000063],[44.009800000000325,37.702500000000555],[44.00917000000027,37.702590000000214],[44.00858000000028,37.7028200000002],[44.00966000000028,37.704600000000255],[44.010020000000225,37.70465000000064],[44.01032000000038,37.705310000000566],[44.01027000000033,37.70586000000043],[44.01003000000037,37.70665000000059],[44.01072000000039,37.706740000000366],[44.011970000000474,37.70750000000055],[44.01259000000044,37.70772000000062],[44.0154000000004,37.710280000000694],[44.01705524500068,37.71132650500073],[44.01698120000066,37.71144471300056],[44.016771977000644,37.71147896900055],[44.01026234700066,37.715533898000956],[44.00629195000067,37.72356299100102],[44.00598635186452,37.72504355113574],[44.000962449902886,37.73180411056535]]],"type":"Polygon"}},{"type":"Feature","properties":{"area_id":"TR-30-002-2015270","name_tr":"Aksu Köyü","area_level":"neighbourhood","parent_id":"TR-30-002","endeksa_id":2015270},"geometry":{"coordinates":[[[43.65024000000011,37.69080000000008],[43.62002000000007,37.766860000000065],[43.61779000000013,37.766210000000285],[43.60892000000018,37.76128000000023],[43.60853000000009,37.7610600000001],[43.594630000000166,37.75665000000009],[43.587220000000116,37.75297000000006],[43.577030000000036,37.750760000000184],[43.561290000000156,37.744870000000276],[43.537200000000155,37.73825000000039],[43.510340000000156,37.73825000000039],[43.50180000000017,37.73851000000019],[43.50383000000011,37.72807000000006],[43.502310000000136,37.70960000000025],[43.65024000000011,37.69080000000008]]],"type":"Polygon"}},{"type":"Feature","properties":{"area_id":"TR-30-002-2015261","name_tr":"Bağışlı Köyü","area_level":"neighbourhood","parent_id":"TR-30-002","endeksa_id":2015261},"geometry":{"coordinates":[[[44.01843000000048,37.79127000000108],[44.01254000000057,37.8040900000006],[43.993320000000494,37.79850000000101],[43.975510000000725,37.79332000000073],[43.96971000000042,37.79135000000059],[43.969100000000765,37.786970000000736],[43.95292554310549,37.773321254378175],[43.95353161315563,37.77183986758962],[43.98408978588975,37.75040687478918],[43.99292563574954,37.744996430568335],[43.998347817261106,37.740839424742546],[44.000083969000855,37.74217565800137],[44.00507362300084,37.74736776200109],[44.00527666400069,37.746622498001216],[44.005178101637796,37.74271907931143],[44.00746187407543,37.74199495634326],[44.010983476364174,37.73409514580385],[44.01305511388648,37.72612730917905],[44.01355329425047,37.7258146215035],[44.01736043185991,37.720389450410664],[44.0225952460728,37.72000873664916],[44.02297595983356,37.714298030235284],[44.030024128151354,37.711744174050125],[44.03392148046049,37.71172821234933],[44.04058397127676,37.70820661006047],[44.043721265461215,37.70581852045757],[44.044000000000494,37.70599000000067],[44.04531000000054,37.706250000000864],[44.04653000000059,37.706250000000864],[44.047070000000474,37.706590000000574],[44.04734000000042,37.70692000000088],[44.04745000000048,37.707420000001036],[44.04789000000045,37.70803000000069],[44.048120000000495,37.70828000000063],[44.04845000000046,37.708380000000886],[44.04922000000056,37.70822000000078],[44.049610000000484,37.70799000000045],[44.049920000000384,37.707730000000424],[44.050040000000365,37.70741000000038],[44.05372000000057,37.70881000000094],[44.06146000000041,37.71208000000041],[44.06205000000057,37.71189000000055],[44.0629100000005,37.71230000000071],[44.06358000000051,37.712500000000716],[44.06468000000058,37.712500000000716],[44.06628000000046,37.711880000000576],[44.06714000000056,37.71180000000106],[44.06755000000055,37.711420000000885],[44.06781000000058,37.711480000000506],[44.068220000000565,37.711850000000936],[44.06930000000057,37.71199000000047],[44.07139000000046,37.71342000000044],[44.071970000000476,37.71357000000046],[44.07211000000052,37.71444000000065],[44.072500000000446,37.71503000000064],[44.073390000000586,37.71614000000062],[44.07474000000036,37.717460000000585],[44.07618000000048,37.71934000000107],[44.07731000000052,37.721240000000876],[44.07791000000043,37.72175000000044],[44.07999000000041,37.722790000000884],[44.081820000000505,37.72472000000056],[44.08212000000043,37.72473000000082],[44.082570000000544,37.72495000000055],[44.08429000000041,37.72617000000059],[44.08514000000059,37.72719000000063],[44.08552000000037,37.727900000000545],[44.08610000000044,37.72968000000111],[44.08615000000049,37.730060000000435],[44.08567000000056,37.73065000000071],[44.085570000000416,37.73124000000087],[44.0856900000004,37.73157000000049],[44.086070000000404,37.73191000000088],[44.08645000000041,37.73243000000059],[44.086560000000475,37.73302000000069],[44.08620000000053,37.73352000000085],[44.085540000000435,37.73358000000053],[44.08473000000038,37.73389000000043],[44.08473000000038,37.73438000000061],[44.08493000000044,37.7348300000009],[44.08426000000043,37.735890000000836],[44.083920000000546,37.736600000000976],[44.083590000000584,37.73674000000051],[44.08305000000047,37.737160000000756],[44.08292000000057,37.73823000000084],[44.08249000000052,37.7392600000008],[44.082130000000575,37.73974000000072],[44.08206000000047,37.74011000000041],[44.08218000000045,37.7405600000007],[44.082440000000474,37.74104000000062],[44.08184000000057,37.741370000000586],[44.08159000000046,37.741840000001105],[44.08200000000045,37.74246000000073],[44.08214000000049,37.743140000000665],[44.08199000000053,37.74378000000104],[44.0812600000005,37.74482000000074],[44.08146000000056,37.74587000000059],[44.081730000000505,37.746580000001074],[44.08162000000044,37.74708000000055],[44.08161000000052,37.74826000000081],[44.08199000000053,37.75041000000107],[44.08205000000049,37.751320000001044],[44.08236000000039,37.75215000000043],[44.082260000000474,37.7538500000004],[44.08140000000054,37.75445000000053],[44.081200000000536,37.754690000000494],[44.08101000000045,37.75515000000104],[44.080980000000466,37.75572000000045],[44.08113000000043,37.75632000000053],[44.081540000000416,37.757200000000466],[44.081730000000505,37.75799000000046],[44.08162000000044,37.75845000000072],[44.08088000000055,37.75941000000108],[44.08088000000055,37.759680000000685],[44.081110000000535,37.76023000000072],[44.08110000000045,37.76090000000073],[44.080450000000496,37.76245000000108],[44.08026000000058,37.76311000000061],[44.080370000000414,37.763960000000964],[44.08060000000046,37.76444000000089],[44.08121000000045,37.76489000000049],[44.081420000000435,37.76646000000068],[44.08159000000046,37.76713000000069],[44.0817219324706,37.767243350433034],[44.08125881000058,37.767208503000745],[44.07604354100067,37.76761791000075],[44.07149572900062,37.76644448700074],[44.067406941000684,37.763463066000554],[44.06704556400069,37.762897141001076],[44.06622061300061,37.75992541500068],[44.064834830000564,37.75631955700112],[44.0619343740006,37.75388543500077],[44.05179622300062,37.75993060700057],[44.05135651841999,37.75998868541785],[44.05161071083927,37.76087835888552],[44.03999894113082,37.7669697790609],[44.026986362384605,37.7767152997273],[44.02076338989991,37.77534249537831],[44.018299033142114,37.78103814559523],[44.01696348612603,37.785686733720695],[44.01986004476822,37.79048922843208],[44.01843000000048,37.79127000000108]]],"type":"Polygon"}},{"type":"Feature","properties":{"area_id":"TR-30-002-2015265","name_tr":"Doğanyurt Köyü","area_level":"neighbourhood","parent_id":"TR-30-002","endeksa_id":2015265},"geometry":{"coordinates":[[[43.9385981980048,37.77128010730314],[43.93427000000014,37.77051000000006],[43.926070000000095,37.77059000000031],[43.92105000000021,37.77143000000018],[43.92190000000022,37.77032000000014],[43.92379000000011,37.760020000000395],[43.92971000000017,37.75281000000018],[43.93376000000006,37.746330000000285],[43.93212000000011,37.744500000000244],[43.93250000000006,37.74385000000029],[43.93271000000004,37.743130000000406],[43.931640000000186,37.74144000000069],[43.93126000000018,37.74113000000011],[43.931650000000104,37.74025000000029],[43.93170000000015,37.73985000000005],[43.93197000000009,37.73952000000031],[43.93263000000019,37.73912000000007],[43.93289000000004,37.73848000000021],[43.93250000000006,37.736980000000074],[43.93182000000013,37.736570000000086],[43.931400000000224,37.73597000000018],[43.93083000000013,37.735360000000696],[43.92819000000014,37.734000000000435],[43.92737000000017,37.73327000000029],[43.92709000000008,37.732760000000155],[43.92613000000006,37.73178000000007],[43.925420000000145,37.7312000000004],[43.9231200000001,37.72106000000042],[43.92204000000004,37.718760000000145],[43.92108000000019,37.715110000000664],[43.92126000000019,37.71308000000039],[43.92736000000008,37.7128900000003],[43.93309000000005,37.713400000000036],[43.93653000000012,37.71171000000004],[43.93864000000008,37.71090000000049],[43.94146000000018,37.71019000000018],[43.9448900000001,37.70890000000003],[43.9459700000001,37.70771000000019],[43.94591000000014,37.70519000000019],[43.946640000000116,37.70405000000005],[43.94688000000008,37.703240000000505],[43.94688000000008,37.701720000000364],[43.947480000000155,37.70010000000008],[43.94730000000004,37.699240000000145],[43.94700000000006,37.6964100000003],[43.94678445315907,37.69630789886526],[43.949202000000184,37.69623711700012],[43.95238694200009,37.69492556500046],[43.96518063100001,37.69516035600026],[43.965169985000045,37.695281344000136],[43.9640767370002,37.696093807000295],[43.96054033400026,37.69874714100064],[43.961030192000464,37.71174024500033],[43.958615102000294,37.716932155000336],[43.95697952600028,37.71978687600074],[43.9569806338107,37.71995417428832],[43.95134102600025,37.72023633400062],[43.951342337000256,37.720333545000756],[43.9524675200002,37.72179625000018],[43.951356875000215,37.72350788200026],[43.952802828000245,37.72465021600061],[43.95122255200022,37.72593222100022],[43.952224044000275,37.72701846400031],[43.950183168000365,37.72973012400081],[43.950197511000226,37.73270014800016],[43.94247821400023,37.73921228500035],[43.94295166500024,37.74313308800026],[43.94767816900031,37.749155406000284],[43.94072355800034,37.75753102000033],[43.93688940100026,37.75982246000024],[43.938695757000346,37.77118952400036],[43.9385981980048,37.77128010730314]]],"type":"Polygon"}},{"type":"Feature","properties":{"area_id":"TR-30-002-2015264","name_tr":"Demirtaş Köyü","area_level":"neighbourhood","parent_id":"TR-30-002","endeksa_id":2015264},"geometry":{"coordinates":[[[43.998347817261106,37.740839424742546],[43.99292563574954,37.744996430568335],[43.98408978588975,37.75040687478918],[43.95353161315563,37.77183986758962],[43.95292554310549,37.773321254378175],[43.95277000000033,37.773190000000284],[43.9385981980048,37.77128010730314],[43.938695757000346,37.77118952400036],[43.93688940100026,37.75982246000024],[43.94072355800034,37.75753102000033],[43.94767816900031,37.749155406000284],[43.94295166500024,37.74313308800026],[43.94247821400023,37.73921228500035],[43.950197511000226,37.73270014800016],[43.950183168000365,37.72973012400081],[43.952224044000275,37.72701846400031],[43.95122255200022,37.72593222100022],[43.952802828000245,37.72465021600061],[43.951356875000215,37.72350788200026],[43.9524675200002,37.72179625000018],[43.951342337000256,37.720333545000756],[43.95134102600025,37.72023633400062],[43.9569806338107,37.71995417428832],[43.95697952600028,37.71978687600074],[43.958615102000294,37.716932155000336],[43.961030192000464,37.71174024500033],[43.96183014800039,37.71260586400058],[43.96250524100037,37.71286694100047],[43.971277377000376,37.71975546800047],[43.975844079000524,37.71967483200069],[43.97934803600049,37.72056520500041],[43.97988568000039,37.722621768000806],[43.978024508000374,37.72494740500076],[43.978021036000484,37.725047462000475],[43.98728676200045,37.73225993600056],[43.98743666000041,37.732247630000415],[43.991798515000426,37.72893165400046],[44.00314145900069,37.732487126000706],[44.00315998800073,37.73260437200099],[43.99769038700066,37.740333432000796],[43.998347817261106,37.740839424742546]]],"type":"Polygon"}},{"type":"Feature","properties":{"area_id":"TR-30-002-2015267","name_tr":"Sarıtaş Köyü","area_level":"neighbourhood","parent_id":"TR-30-002","endeksa_id":2015267},"geometry":{"coordinates":[[[44.0853000000003,37.78647000000058],[44.084700000000225,37.78320000000059],[44.08377000000036,37.78290000000061],[44.08354000000037,37.78264000000058],[44.08301000000034,37.78234000000049],[44.082990000000336,37.782100000000526],[44.083120000000235,37.78207000000032],[44.0831800000002,37.78193000000027],[44.083130000000324,37.781640000000266],[44.08239000000043,37.78169000000031],[44.082280000000196,37.78137000000066],[44.081420000000264,37.78089000000057],[44.0810900000003,37.78095000000059],[44.081080000000384,37.780640000000346],[44.07989000000032,37.78081000000054],[44.07872000000032,37.78055000000086],[44.07793000000032,37.7802700000006],[44.077330000000245,37.78018000000026],[44.07678000000021,37.77995000000044],[44.07434000000029,37.77973000000037],[44.07382000000024,37.77958000000035],[44.07348000000036,37.779350000001045],[44.07252000000034,37.77944000000031],[44.072060000000306,37.77973000000037],[44.06065000000052,37.78169000000054],[44.06006000000059,37.781950000000506],[44.04943000000054,37.78447000000051],[44.04608000000047,37.78559000000041],[44.04587000000049,37.78572000000088],[44.04587000000049,37.78597000000059],[44.04514000000046,37.78616000000068],[44.04448000000059,37.78662000000037],[44.04384000000039,37.786760000000584],[44.04293000000041,37.78678000000082],[44.042880000000366,37.78691000000043],[44.04070000000047,37.78640000000064],[44.04027000000042,37.78603000000095],[44.039070000000606,37.78547000000043],[44.03773000000058,37.78594000000061],[44.03739000000053,37.78621000000055],[44.03668000000039,37.786000000000456],[44.0357800000005,37.78553000000079],[44.03536000000042,37.78494000000063],[44.03478000000058,37.78444000000047],[44.03435000000053,37.78374000000082],[44.03402000000057,37.78365000000048],[44.03386000000046,37.783690000000604],[44.03383000000048,37.78354000000098],[44.03366000000045,37.78354000000098],[44.030830000000435,37.78510000000074],[44.029250000000445,37.787070000000654],[44.02887000000044,37.787030000000755],[44.02865000000054,37.787310000000616],[44.028420000000494,37.78745000000083],[44.0274500000005,37.78751000000068],[44.02722000000051,37.78766000000081],[44.026310000000535,37.78774000000067],[44.026190000000554,37.78751000000068],[44.02347000000037,37.78739000000053],[44.02289000000053,37.787440000001084],[44.021910000000446,37.78937000000053],[44.01986004476822,37.79048922843208],[44.01696348612603,37.785686733720695],[44.018299033142114,37.78103814559523],[44.02076338989991,37.77534249537831],[44.026986362384605,37.7767152997273],[44.03999894113082,37.7669697790609],[44.05161071083927,37.76087835888552],[44.05135651841999,37.75998868541785],[44.05179622300062,37.75993060700057],[44.0619343740006,37.75388543500077],[44.064834830000564,37.75631955700112],[44.06622061300061,37.75992541500068],[44.06704556400069,37.762897141001076],[44.067406941000684,37.763463066000554],[44.07149572900062,37.76644448700074],[44.07604354100067,37.76761791000075],[44.08125881000058,37.767208503000745],[44.0817219324706,37.767243350433034],[44.08230000000026,37.76774000000057],[44.08240000000035,37.76816000000048],[44.08243000000033,37.76899000000026],[44.08288000000027,37.76964000000055],[44.08316000000036,37.76985000000036],[44.08636000000024,37.7702500000002],[44.08675000000039,37.77048000000059],[44.08677000000023,37.77064000000087],[44.08720000000028,37.77094000000028],[44.08757000000037,37.77174000000093],[44.08771000000041,37.7724300000005],[44.087640000000306,37.77292000000068],[44.08770000000027,37.77344000000039],[44.088480000000345,37.774460000000204],[44.08948000000032,37.77654000000035],[44.090370000000235,37.777490000000626],[44.090280000000234,37.77803000000057],[44.08979000000039,37.77872000000025],[44.089540000000284,37.780060000000276],[44.08925000000028,37.780620000000454],[44.088170000000275,37.78134000000034],[44.08798000000036,37.7816200000002],[44.08791000000025,37.782140000000425],[44.08794000000023,37.78299000000095],[44.088180000000364,37.78348000000045],[44.08807000000036,37.78386000000063],[44.087520000000325,37.78440000000057],[44.085980000000234,37.78487000000035],[44.08586000000025,37.78528000000034],[44.08601000000027,37.785520000000304],[44.08584000000042,37.78597000000042],[44.0853000000003,37.78647000000058]]],"type":"Polygon"}},{"type":"Feature","properties":{"area_id":"TR-30-002-2015252","name_tr":"Kaymaklı Köyü","area_level":"neighbourhood","parent_id":"TR-30-002","endeksa_id":2015252},"geometry":{"coordinates":[[[43.80112000000008,37.78227000000038],[43.7899300000002,37.78138000000007],[43.77876000000009,37.78300000000036],[43.76811000000015,37.78308000000004],[43.76549000000006,37.78114000000011],[43.76264000000015,37.777710000000354],[43.76253000000014,37.77267000000029],[43.763360000000034,37.766710000000046],[43.76510000000013,37.76248000000004],[43.76589000000013,37.75352000000032],[43.7657200000001,37.75271000000026],[43.76370000000014,37.748090000000275],[43.763480000000186,37.74521000000016],[43.764590000000055,37.74353000000025],[43.76489000000015,37.74321000000009],[43.76479000000006,37.74300000000045],[43.764810000000125,37.74265000000008],[43.763510000000224,37.742640000000506],[43.763350000000116,37.74250000000029],[43.76327000000026,37.74133000000012],[43.763980000000174,37.74153000000035],[43.764100000000155,37.74108000000007],[43.76498000000015,37.741190000000074],[43.76578000000006,37.74095000000011],[43.766260000000216,37.740570000000105],[43.766920000000084,37.739670000000615],[43.76767000000012,37.739260000000115],[43.76774000000006,37.73911000000032],[43.767720000000224,37.7390000000006],[43.766390000000115,37.73894000000007],[43.765460000000076,37.739240000000564],[43.76544000000018,37.73904000000039],[43.7662000000002,37.73808000000014],[43.76624000000015,37.73782000000034],[43.765460000000076,37.737840000000176],[43.76545000000016,37.73764000000034],[43.764630000000125,37.73742000000061],[43.76427000000018,37.73743000000019],[43.76349000000016,37.737250000000074],[43.76396000000011,37.732630000000086],[43.763450000000205,37.728020000000186],[43.76408000000009,37.72097000000025],[43.765330000000176,37.720920000000376],[43.765830000000165,37.72163000000012],[43.766610000000185,37.721800000000144],[43.766910000000166,37.72214000000042],[43.767530000000136,37.722230000000195],[43.768400000000156,37.72259000000014],[43.772280000000194,37.72323000000034],[43.77242000000007,37.72345000000007],[43.773270000000196,37.723930000000166],[43.77383000000003,37.72449000000017],[43.77343000000013,37.724770000000035],[43.7739600000001,37.72509000000008],[43.774070000000165,37.72498000000019],[43.77418000000017,37.72516000000019],[43.77490000000006,37.72562000000005],[43.77497000000017,37.725790000000416],[43.7749300000001,37.72599000000008],[43.774720000000116,37.72626000000025],[43.77657000000005,37.72853000000032],[43.77698000000004,37.72862000000009],[43.77710000000019,37.728210000000274],[43.77728000000019,37.72803000000033],[43.77809000000008,37.72857000000022],[43.777880000000096,37.72912000000025],[43.77796000000012,37.72934000000015],[43.778690000000154,37.72930000000025],[43.78288000000009,37.731180000000165],[43.78316000000018,37.73095000000035],[43.784170000000074,37.7305200000003],[43.78537000000006,37.72921000000008],[43.78595000000007,37.72897000000012],[43.78663000000023,37.727680000000476],[43.7874700000001,37.727250000000424],[43.78757000000019,37.72705000000025],[43.78814000000011,37.72658000000041],[43.799570000000074,37.726600000000644],[43.81060000000019,37.727120000000355],[43.81152000000009,37.728730000000155],[43.812120000000164,37.72931000000034],[43.81204000000014,37.731060000000184],[43.81227000000018,37.73150000000038],[43.81170000000009,37.732240000000104],[43.811900000000094,37.73275000000007],[43.811890000000176,37.73354000000006],[43.81123000000008,37.734250000000145],[43.81119000000018,37.734500000000594],[43.81151000000017,37.73504000000037],[43.81616000000014,37.736140000000034],[43.817500000000166,37.739880000000255],[43.81721000000016,37.74375000000015],[43.81804000000011,37.74380000000042],[43.81795000000011,37.7444900000001],[43.81807000000009,37.744710000000396],[43.8184500000001,37.74504000000013],[43.8182700000001,37.74502000000007],[43.81804000000011,37.74666000000059],[43.81810000000007,37.74776000000065],[43.81749000000008,37.749800000000334],[43.817250000000115,37.75118000000015],[43.82073000000008,37.758190000000354],[43.82065000000006,37.75809000000004],[43.81797000000017,37.7622300000001],[43.81563000000017,37.76681000000019],[43.81210000000016,37.77186000000023],[43.808110000000056,37.77515000000028],[43.80506000000008,37.77726000000007],[43.80112000000008,37.78227000000038]]],"type":"Polygon"}},{"type":"Feature","properties":{"area_id":"TR-30-002-2015266","name_tr":"Işıklar Köyü","area_level":"neighbourhood","parent_id":"TR-30-002","endeksa_id":2015266},"geometry":{"coordinates":[[[43.92105000000021,37.77143000000018],[43.92026000000004,37.77246000000014],[43.915630000000135,37.771850000000086],[43.90986000000021,37.77054000000004],[43.9056700000001,37.770680000000084],[43.90294000000017,37.77147000000008],[43.88432000000017,37.76592000000028],[43.87532000000016,37.763240000000394],[43.85679000000016,37.76177000000024],[43.85544000000016,37.76153000000028],[43.854420000000175,37.76180000000005],[43.85347000000007,37.76833000000016],[43.84880000000004,37.76716000000016],[43.84419000000014,37.76630000000006],[43.83864000000011,37.7621900000002],[43.83952000000011,37.759580000000255],[43.83953000000025,37.759360000000356],[43.83963000000017,37.757790000000114],[43.839400000000126,37.756270000000086],[43.839580000000126,37.75520000000023],[43.840270000000146,37.753580000000454],[43.840640000000064,37.75236000000041],[43.840980000000116,37.75047000000035],[43.84065000000015,37.7494300000003],[43.84195000000011,37.749090000000194],[43.84341000000012,37.74820000000011],[43.84602000000024,37.74795000000006],[43.8473400000002,37.747660000000224],[43.84803000000011,37.74765000000008],[43.848480000000166,37.74711000000019],[43.850520000000245,37.74640000000039],[43.85343000000012,37.745770000000164],[43.85609000000011,37.745400000000075],[43.85840000000013,37.74454000000014],[43.86091000000016,37.743350000000305],[43.85915000000017,37.74216000000058],[43.85733000000005,37.74113000000011],[43.85550000000018,37.73975000000013],[43.85460000000012,37.738640000000146],[43.85434000000009,37.73764000000034],[43.854050000000086,37.735330000000374],[43.85366000000016,37.734210000000076],[43.85788000000008,37.73188000000039],[43.85937000000007,37.72899000000018],[43.86041000000017,37.726600000000644],[43.86017000000004,37.72366000000039],[43.85971000000018,37.7225200000002],[43.86014000000023,37.72109000000023],[43.86061000000018,37.71884000000023],[43.86076000000014,37.7164600000001],[43.86962000000017,37.71709000000038],[43.87384000000009,37.71729000000005],[43.88632000000007,37.716840000000275],[43.891750000000116,37.7172800000003],[43.89616000000012,37.71807000000007],[43.90220000000022,37.71730000000014],[43.907460000000185,37.71330000000012],[43.90942000000018,37.71196000000009],[43.91500000000019,37.71261000000004],[43.92126000000019,37.71308000000039],[43.92108000000019,37.715110000000664],[43.92204000000004,37.718760000000145],[43.9231200000001,37.72106000000042],[43.925420000000145,37.7312000000004],[43.92613000000006,37.73178000000007],[43.92709000000008,37.732760000000155],[43.92737000000017,37.73327000000029],[43.92819000000014,37.734000000000435],[43.93083000000013,37.735360000000696],[43.931400000000224,37.73597000000018],[43.93182000000013,37.736570000000086],[43.93250000000006,37.736980000000074],[43.93289000000004,37.73848000000021],[43.93263000000019,37.73912000000007],[43.93197000000009,37.73952000000031],[43.93170000000015,37.73985000000005],[43.931650000000104,37.74025000000029],[43.93126000000018,37.74113000000011],[43.931640000000186,37.74144000000069],[43.93271000000004,37.743130000000406],[43.93250000000006,37.74385000000029],[43.93212000000011,37.744500000000244],[43.93376000000006,37.746330000000285],[43.92971000000017,37.75281000000018],[43.92379000000011,37.760020000000395],[43.92190000000022,37.77032000000014],[43.92105000000021,37.77143000000018]]],"type":"Polygon"}},{"type":"Feature","properties":{"area_id":"TR-30-002-2015257","name_tr":"Ördekli Köyü","area_level":"neighbourhood","parent_id":"TR-30-002","endeksa_id":2015257},"geometry":{"coordinates":[[[43.64934000000005,37.79080000000056],[43.6490800000002,37.79071000000022],[43.6487800000001,37.79082000000011],[43.648430000000076,37.79049000000049],[43.648250000000075,37.79057000000017],[43.64810000000011,37.79046000000017],[43.648090000000195,37.79021000000006],[43.64801000000011,37.790160000000185],[43.64784000000009,37.79027000000008],[43.647570000000144,37.790030000000115],[43.647440000000245,37.78967000000017],[43.64703000000003,37.789720000000045],[43.646940000000086,37.789600000000064],[43.64711000000011,37.78894000000014],[43.646980000000156,37.78840000000025],[43.64720000000011,37.78807000000063],[43.64710000000014,37.787810000000434],[43.647290000000055,37.787490000000275],[43.647170000000074,37.78735000000006],[43.647130000000175,37.78694000000024],[43.64688000000007,37.786880000000224],[43.646950000000174,37.78660000000036],[43.64672000000019,37.78631000000013],[43.64669000000015,37.78578000000016],[43.64693000000011,37.78538000000009],[43.64678000000015,37.78524000000027],[43.646510000000035,37.785300000000234],[43.646540000000186,37.7850100000004],[43.646290000000135,37.784800000000075],[43.64634000000018,37.784680000000094],[43.64668000000006,37.784490000000176],[43.646670000000086,37.78435000000036],[43.6464400000001,37.78429000000051],[43.64638000000008,37.78419000000008],[43.646420000000205,37.78388000000018],[43.64691000000005,37.78363000000007],[43.647040000000175,37.78302000000008],[43.64615000000009,37.782790000000034],[43.64573000000013,37.78219000000013],[43.64552000000015,37.78205000000008],[43.64465000000013,37.781920000000525],[43.644250000000056,37.781700000000114],[43.64364000000006,37.781550000000095],[43.6434000000001,37.781360000000404],[43.64315000000016,37.78079000000014],[43.64263000000017,37.780120000000124],[43.64237000000014,37.779940000000124],[43.641870000000154,37.77870000000041],[43.64133000000021,37.77798000000013],[43.64122000000003,37.77726000000007],[43.640130000000056,37.77449000000041],[43.638620000000174,37.774360000000286],[43.63757000000015,37.7741700000002],[43.63655000000017,37.7738200000004],[43.635460000000194,37.7736400000004],[43.63082000000014,37.77319000000011],[43.62984000000006,37.77183000000019],[43.629170000000045,37.771260000000325],[43.628640000000075,37.770580000000166],[43.62596000000019,37.768540000000485],[43.625570000000096,37.76796000000013],[43.62265000000008,37.76709000000005],[43.62182000000013,37.767390000000546],[43.62002000000007,37.766860000000065],[43.65024000000011,37.69080000000008],[43.68386000000004,37.68668000000025],[43.7231500000002,37.67151000000007],[43.74832000000015,37.693360000000155],[43.75588000000005,37.703240000000505],[43.759540000000186,37.71019000000018],[43.7605200000001,37.713120000000174],[43.76408000000009,37.72097000000025],[43.763450000000205,37.728020000000186],[43.76396000000011,37.732630000000086],[43.76349000000016,37.737250000000074],[43.76427000000018,37.73743000000019],[43.764630000000125,37.73742000000061],[43.76545000000016,37.73764000000034],[43.765460000000076,37.737840000000176],[43.76624000000015,37.73782000000034],[43.7662000000002,37.73808000000014],[43.76544000000018,37.73904000000039],[43.765460000000076,37.739240000000564],[43.766390000000115,37.73894000000007],[43.767720000000224,37.7390000000006],[43.76774000000006,37.73911000000032],[43.76767000000012,37.739260000000115],[43.766920000000084,37.739670000000615],[43.766260000000216,37.740570000000105],[43.76578000000006,37.74095000000011],[43.76498000000015,37.741190000000074],[43.764100000000155,37.74108000000007],[43.763980000000174,37.74153000000035],[43.76327000000026,37.74133000000012],[43.763350000000116,37.74250000000029],[43.763510000000224,37.742640000000506],[43.764810000000125,37.74265000000008],[43.76479000000006,37.74300000000045],[43.76489000000015,37.74321000000009],[43.764590000000055,37.74353000000025],[43.763480000000186,37.74521000000016],[43.76370000000014,37.748090000000275],[43.7657200000001,37.75271000000026],[43.76589000000013,37.75352000000032],[43.76510000000013,37.76248000000004],[43.763360000000034,37.766710000000046],[43.76253000000014,37.77267000000029],[43.76264000000015,37.777710000000354],[43.76549000000006,37.78114000000011],[43.76811000000015,37.78308000000004],[43.75232000000017,37.78690000000046],[43.737340000000074,37.79077000000024],[43.72322000000008,37.78869000000009],[43.71287000000012,37.781490000000474],[43.7077900000001,37.78092000000021],[43.70550000000014,37.78080000000023],[43.70033000000012,37.780330000000276],[43.69704000000007,37.78039000000041],[43.69117000000023,37.780860000000246],[43.686070000000086,37.78115000000008],[43.680900000000065,37.78039000000041],[43.67908000000011,37.78039000000041],[43.67691000000019,37.78080000000023],[43.67475000000019,37.78134000000017],[43.674760000000106,37.781480000000386],[43.6742900000001,37.78144000000009],[43.673460000000205,37.782140000000254],[43.6731200000001,37.781920000000525],[43.67236000000014,37.78206000000006],[43.671920000000114,37.78230000000019],[43.670740000000194,37.78265000000016],[43.67041000000006,37.7830900000007],[43.67025000000018,37.7830900000007],[43.66996000000012,37.782880000000375],[43.669560000000104,37.78301000000033],[43.6692700000001,37.78342000000032],[43.669310000000166,37.78316000000012],[43.668840000000216,37.78312000000034],[43.66847000000013,37.7835400000003],[43.667880000000196,37.78388000000018],[43.66762000000017,37.78385000000037],[43.66719000000012,37.784210000000314],[43.66689000000014,37.784210000000314],[43.66622000000012,37.784860000000094],[43.66523000000012,37.78484000000054],[43.66456000000011,37.7849700000001],[43.66412000000008,37.7849300000002],[43.66378000000003,37.785110000000145],[43.66369000000003,37.785390000000575],[43.66295000000014,37.78596000000016],[43.66221000000019,37.78633000000019],[43.66195000000016,37.786810000000116],[43.66205000000008,37.78717000000006],[43.661940000000186,37.7886500000003],[43.658870000000036,37.7888300000003],[43.65802000000025,37.78897000000012],[43.657850000000224,37.78887000000003],[43.65767000000005,37.788890000000265],[43.65719000000013,37.78958000000051],[43.656430000000114,37.789450000000045],[43.65626000000009,37.78968000000026],[43.655990000000145,37.78968000000026],[43.6558500000001,37.78948000000008],[43.65554000000003,37.7894400000003],[43.65554000000003,37.78931000000023],[43.65538000000009,37.789260000000354],[43.654690000000244,37.789450000000045],[43.654570000000035,37.78935000000013],[43.65478000000019,37.78913000000023],[43.65446000000003,37.7891800000001],[43.65415000000013,37.78959000000009],[43.65394000000015,37.78952000000038],[43.65363000000008,37.789600000000064],[43.65309000000019,37.790130000000545],[43.6524100000002,37.790070000000185],[43.65197000000006,37.790530000000274],[43.65143000000012,37.79058000000015],[43.650940000000105,37.7907400000002],[43.65055000000018,37.79055000000011],[43.6498600000001,37.79058000000015],[43.64934000000005,37.79080000000056]]],"type":"Polygon"}},{"type":"Feature","properties":{"area_id":"TR-30-002-2015247","name_tr":"Çaltıkoru Köyü","area_level":"neighbourhood","parent_id":"TR-30-002","endeksa_id":2015247},"geometry":{"coordinates":[[[43.86076000000014,37.7164600000001],[43.86061000000018,37.71884000000023],[43.86014000000023,37.72109000000023],[43.85971000000018,37.7225200000002],[43.86017000000004,37.72366000000039],[43.86041000000017,37.726600000000644],[43.85937000000007,37.72899000000018],[43.85788000000008,37.73188000000039],[43.85366000000016,37.734210000000076],[43.854050000000086,37.735330000000374],[43.85434000000009,37.73764000000034],[43.85460000000012,37.738640000000146],[43.85550000000018,37.73975000000013],[43.85733000000005,37.74113000000011],[43.85915000000017,37.74216000000058],[43.86091000000016,37.743350000000305],[43.85840000000013,37.74454000000014],[43.85609000000011,37.745400000000075],[43.85343000000012,37.745770000000164],[43.850520000000245,37.74640000000039],[43.848480000000166,37.74711000000019],[43.84803000000011,37.74765000000008],[43.8473400000002,37.747660000000224],[43.84602000000024,37.74795000000006],[43.84341000000012,37.74820000000011],[43.84195000000011,37.749090000000194],[43.84065000000015,37.7494300000003],[43.840980000000116,37.75047000000035],[43.840640000000064,37.75236000000041],[43.840270000000146,37.753580000000454],[43.839580000000126,37.75520000000023],[43.839400000000126,37.756270000000086],[43.83963000000017,37.757790000000114],[43.83953000000025,37.759360000000356],[43.83641000000017,37.75809000000004],[43.82068000000021,37.75809000000004],[43.817250000000115,37.75118000000015],[43.81749000000008,37.749800000000334],[43.81810000000007,37.74776000000065],[43.81804000000011,37.74666000000059],[43.8182700000001,37.74502000000007],[43.8184500000001,37.74504000000013],[43.81807000000009,37.744710000000396],[43.81795000000011,37.7444900000001],[43.81804000000011,37.74380000000042],[43.81721000000016,37.74375000000015],[43.817500000000166,37.739880000000255],[43.81616000000014,37.736140000000034],[43.81151000000017,37.73504000000037],[43.81119000000018,37.734500000000594],[43.81123000000008,37.734250000000145],[43.811890000000176,37.73354000000006],[43.811900000000094,37.73275000000007],[43.81170000000009,37.732240000000104],[43.81227000000018,37.73150000000038],[43.81204000000014,37.731060000000184],[43.812120000000164,37.72931000000034],[43.81152000000009,37.728730000000155],[43.81060000000019,37.727120000000355],[43.813570000000084,37.72603000000038],[43.8177500000001,37.72406000000012],[43.81780000000015,37.72369000000003],[43.81805000000003,37.72376000000014],[43.81814000000003,37.72397000000046],[43.820100000000195,37.723150000000146],[43.81950000000012,37.72222000000011],[43.819480000000055,37.7216600000001],[43.81764000000004,37.7206900000005],[43.817600000000084,37.720490000000325],[43.81699000000009,37.72011000000015],[43.817040000000134,37.719990000000166],[43.81696000000011,37.719600000000185],[43.81711000000007,37.718850000000316],[43.81690000000009,37.71813000000043],[43.81653000000023,37.717980000000125],[43.816790000000026,37.71739000000031],[43.816760000000045,37.717240000000174],[43.816910000000235,37.71708000000024],[43.81699000000009,37.716800000000376],[43.81695000000013,37.71629000000024],[43.816730000000064,37.71581000000032],[43.817160000000115,37.71543000000014],[43.816940000000045,37.71509000000043],[43.81668000000019,37.71488000000011],[43.816600000000165,37.714510000000075],[43.81669000000011,37.714240000000075],[43.8176600000001,37.714110000000346],[43.818300000000136,37.71378000000004],[43.81929000000014,37.71344000000033],[43.82276000000019,37.7126200000007],[43.82427000000007,37.71199000000007],[43.8235200000002,37.71034000000037],[43.821310000000096,37.70743000000044],[43.81993000000017,37.706740000000195],[43.81873000000019,37.70652000000047],[43.81825000000026,37.7058600000002],[43.818120000000135,37.7047800000002],[43.81764000000004,37.704230000000166],[43.814830000000256,37.70165000000003],[43.815580000000125,37.7017000000003],[43.81591000000009,37.701440000000105],[43.81622000000016,37.70016000000004],[43.81650000000019,37.69951000000026],[43.81671000000017,37.6992300000004],[43.81705000000005,37.69904000000031],[43.81806000000017,37.69895000000014],[43.81867000000017,37.69858000000005],[43.81941000000012,37.69855000000041],[43.820540000000165,37.69820000000004],[43.82112000000018,37.69792000000018],[43.82175000000012,37.69781000000029],[43.82236000000012,37.697260000000256],[43.82272000000006,37.69644000000062],[43.82303000000013,37.696170000000336],[43.82345000000009,37.6961500000001],[43.82414000000017,37.69628000000017],[43.82460000000003,37.69609000000008],[43.82467000000014,37.69579000000016],[43.825490000000116,37.69477000000029],[43.82616000000013,37.69442000000009],[43.82683000000014,37.69393000000042],[43.82746000000003,37.69375000000008],[43.82784000000004,37.69399000000004],[43.82819000000006,37.69378000000012],[43.82833000000011,37.69343000000026],[43.82907000000023,37.69263000000018],[43.82959000000005,37.692210000000216],[43.830010000000186,37.6915400000002],[43.83046000000013,37.691310000000385],[43.83109000000019,37.69115000000011],[43.83145000000013,37.690790000000675],[43.83121000000017,37.69023000000038],[43.83257000000009,37.68957000000012],[43.832930000000204,37.6896200000005],[43.833700000000135,37.690070000000105],[43.83421000000004,37.69009000000034],[43.83474000000018,37.6896200000005],[43.83523000000008,37.6895100000001],[43.83574000000016,37.689110000000255],[43.83595000000014,37.68877000000015],[43.83682000000016,37.688310000000115],[43.8373600000001,37.688280000000475],[43.8378400000002,37.68848000000014],[43.83836000000025,37.688430000000096],[43.83858000000015,37.68830000000071],[43.8389200000002,37.68833000000035],[43.83933000000019,37.68854000000067],[43.83976000000007,37.68856000000022],[43.84026000000006,37.68824000000018],[43.840540000000146,37.68823000000009],[43.84106000000014,37.68856000000022],[43.841600000000085,37.68866000000014],[43.84226000000018,37.68858000000006],[43.84286000000009,37.68830000000071],[43.84324000000004,37.68829000000005],[43.844050000000095,37.68867000000006],[43.844760000000065,37.68811000000062],[43.84499000000011,37.688100000000134],[43.84534000000008,37.68827000000039],[43.845910000000174,37.68807000000015],[43.84641000000016,37.6880800000003],[43.84669000000025,37.688400000000456],[43.84710000000007,37.68863000000033],[43.84852000000012,37.688530000000185],[43.84946000000008,37.68863000000033],[43.85075000000006,37.688430000000096],[43.85156000000012,37.68804000000051],[43.85243000000014,37.687840000000335],[43.85259000000008,37.68742000000037],[43.852870000000166,37.687230000000284],[43.854050000000086,37.68712000000028],[43.854150000000175,37.69163000000054],[43.85382000000004,37.69535000000013],[43.85620000000017,37.69970000000035],[43.85764000000012,37.70402000000041],[43.858580000000075,37.708600000000615],[43.85553000000016,37.71278000000029],[43.85699000000017,37.71425000000056],[43.858420000000194,37.71531000000016],[43.86076000000014,37.7164600000001]]],"type":"Polygon"}},{"type":"Feature","properties":{"area_id":"TR-30-002-2015263","name_tr":"Boybeyi Köyü","area_level":"neighbourhood","parent_id":"TR-30-002","endeksa_id":2015263},"geometry":{"coordinates":[[[44.08621000000011,37.803750000000036],[44.08310000000017,37.803260000000364],[44.07552000000004,37.803390000000604],[44.06880000000024,37.804380000000094],[44.063940000000116,37.800880000000404],[44.05864000000014,37.79912000000007],[44.04754000000008,37.79966000000036],[44.04238000000004,37.800260000000264],[44.03494000000012,37.8007700000004],[44.031200000000126,37.79827000000046],[44.02747000000005,37.79856000000029],[44.02363000000014,37.79565000000042],[44.01843000000048,37.79127000000108],[44.021910000000446,37.78937000000053],[44.02289000000053,37.787440000001084],[44.02347000000037,37.78739000000053],[44.026190000000554,37.78751000000068],[44.026310000000535,37.78774000000067],[44.02722000000051,37.78766000000081],[44.0274500000005,37.78751000000068],[44.028420000000494,37.78745000000083],[44.02865000000054,37.787310000000616],[44.02887000000044,37.787030000000755],[44.029250000000445,37.787070000000654],[44.030830000000435,37.78510000000074],[44.03366000000045,37.78354000000098],[44.03383000000048,37.78354000000098],[44.03386000000046,37.783690000000604],[44.03402000000057,37.78365000000048],[44.03435000000053,37.78374000000082],[44.03478000000058,37.78444000000047],[44.03536000000042,37.78494000000063],[44.0357800000005,37.78553000000079],[44.03668000000039,37.786000000000456],[44.03739000000053,37.78621000000055],[44.03773000000058,37.78594000000061],[44.039070000000606,37.78547000000043],[44.04027000000042,37.78603000000095],[44.04070000000047,37.78640000000064],[44.042880000000366,37.78691000000043],[44.04293000000041,37.78678000000082],[44.04384000000039,37.786760000000584],[44.04448000000059,37.78662000000037],[44.04514000000046,37.78616000000068],[44.04587000000049,37.78597000000059],[44.04587000000049,37.78572000000088],[44.04608000000047,37.78559000000041],[44.04943000000054,37.78447000000051],[44.06006000000059,37.781950000000506],[44.06065000000052,37.78169000000054],[44.072060000000306,37.77973000000037],[44.07252000000034,37.77944000000031],[44.07348000000036,37.779350000001045],[44.07382000000024,37.77958000000035],[44.07434000000029,37.77973000000037],[44.07678000000021,37.77995000000044],[44.077330000000245,37.78018000000026],[44.07793000000032,37.7802700000006],[44.07872000000032,37.78055000000086],[44.07989000000032,37.78081000000054],[44.081080000000384,37.780640000000346],[44.0810900000003,37.78095000000059],[44.081420000000264,37.78089000000057],[44.082280000000196,37.78137000000066],[44.08239000000043,37.78169000000031],[44.083130000000324,37.781640000000266],[44.0831800000002,37.78193000000027],[44.083120000000235,37.78207000000032],[44.082990000000336,37.782100000000526],[44.08301000000034,37.78234000000049],[44.08354000000037,37.78264000000058],[44.08377000000036,37.78290000000061],[44.084700000000225,37.78320000000059],[44.0853000000003,37.78647000000058],[44.08518000000015,37.786840000000325],[44.08534000000009,37.78757000000047],[44.086060000000145,37.78859000000034],[44.08590000000021,37.7894400000003],[44.08596000000023,37.790030000000115],[44.086220000000196,37.790350000000274],[44.08603000000011,37.79126000000025],[44.08615000000009,37.791830000000516],[44.086870000000204,37.792110000000264],[44.087110000000166,37.79210000000012],[44.08665000000008,37.792420000000334],[44.08603000000011,37.79263000000009],[44.085290000000214,37.79277000000013],[44.08429000000007,37.79277000000013],[44.083860000000186,37.793070000000114],[44.08381000000014,37.79360000000008],[44.08416000000011,37.79422000000005],[44.08450000000022,37.794560000000445],[44.08519000000007,37.79479000000032],[44.08562000000012,37.79580000000004],[44.085850000000164,37.79606000000024],[44.08627000000007,37.79616000000067],[44.087640000000135,37.79776000000021],[44.08812000000006,37.79800000000017],[44.08816000000013,37.79851000000042],[44.08787000000012,37.79922000000022],[44.08880000000016,37.80014000000028],[44.0887400000002,37.80052000000046],[44.088910000000055,37.80126000000007],[44.0886500000002,37.801930000000084],[44.08679000000012,37.802890000000446],[44.08630000000011,37.803410000000156],[44.08621000000011,37.803750000000036]]],"type":"Polygon"}}]}