{"type":"FeatureCollection","source_id":"endeksa","retrieved_at":null,"features":[{"type":"Feature","properties":{"area_id":"TR-37-006-2018369","name_tr":"Kazanlı Köyü","area_level":"neighbourhood","parent_id":"TR-37-006","endeksa_id":2018369},"geometry":{"coordinates":[[[32.829676,41.735829],[32.833702,41.735063],[32.836328,41.734893],[32.83644,41.734786],[32.836575,41.734883],[32.84624,41.734621],[32.855902,41.735789],[32.86577472310721,41.73971988977175],[32.86639028371595,41.73744062410451],[32.867062,41.734952],[32.867332,41.733953],[32.86733206674909,41.73395311959253],[32.86733213779405,41.73395285649275],[32.867380661961406,41.73404018607602],[32.867403920971356,41.734081858407514],[32.867584563265154,41.734084810861646],[32.86758663798547,41.73408172402921],[32.867587,41.734081],[32.867825,41.733727],[32.87540042119577,41.73666626528855],[32.87941554800011,41.738223537000124],[32.888321397000084,41.73678083100049],[32.89539113900008,41.741142916],[32.89580607007863,41.7423308464242],[32.895977,41.74282],[32.89602277158172,41.7429512357519],[32.896248353000146,41.74359703400006],[32.90498177723515,41.74654389907482],[32.904981798124574,41.74654393189446],[32.904982,41.746544],[32.904998,41.746569],[32.905049,41.746649],[32.90504835930349,41.74664964069642],[32.905047999999944,41.74665050837119],[32.905048,41.746652],[32.905029,41.746697],[32.904769,41.751676],[32.904045,41.75608],[32.90085810367171,41.758767293205494],[32.89615841900013,41.76273027700012],[32.892978119335986,41.76967301304771],[32.892843,41.769968],[32.89284297434142,41.769968005376136],[32.892842815999984,41.769968351000045],[32.89263263100008,41.770012111000256],[32.892163416400436,41.769637990920856],[32.891611048320044,41.7691980384867],[32.88926628917968,41.769858872353275],[32.885643,41.77088],[32.885342,41.770724],[32.88534212578735,41.770723920815094],[32.88534184400004,41.77072377500019],[32.88638510375534,41.77006734142562],[32.886392,41.770063],[32.88598129033905,41.7700127941093],[32.885394270999996,41.76994115999997],[32.88539469142571,41.769941084526266],[32.885394,41.769941],[32.88668974411924,41.76970859231385],[32.887060963826485,41.769641946711694],[32.885719,41.767665],[32.877271,41.767819],[32.871109,41.765288],[32.867194,41.766437],[32.86719393902451,41.766436967859164],[32.8671935910001,41.766437070000165],[32.8610525307842,41.763199421264595],[32.853625,41.759283],[32.842443,41.756632],[32.84176788398087,41.75647155910381],[32.841369567000186,41.75637710300043],[32.841418867000186,41.756261649000294],[32.84513797155406,41.75434468324296],[32.856724,41.74837],[32.854575,41.746642],[32.847314,41.744501],[32.840426,41.742173],[32.829676,41.735829]]],"type":"Polygon"}},{"type":"Feature","properties":{"area_id":"TR-37-006-2018404","name_tr":"Yaylaköy Köyü","area_level":"neighbourhood","parent_id":"TR-37-006","endeksa_id":2018404},"geometry":{"coordinates":[[[32.834030749000135,41.763422404000096],[32.834031362666984,41.763422132776896],[32.834031,41.763422],[32.83959957406438,41.760960914931665],[32.841587989395244,41.7600819000296],[32.84125198454638,41.7569142473254],[32.8411949610001,41.75637711700011],[32.84119501354672,41.756377127719794],[32.841195,41.756377],[32.84119771683487,41.75637767920878],[32.84244349700003,41.756631819000006],[32.853624726000135,41.75928251000022],[32.8610525307842,41.763199421264595],[32.86719393902451,41.766436967859164],[32.871108873000026,41.76528789300016],[32.87727072700005,41.76781883900014],[32.88571934700008,41.76766479800028],[32.88706126300008,41.76964189300003],[32.887060963826485,41.769641946711694],[32.887061,41.769642],[32.88668974411924,41.76970859231385],[32.88539469142571,41.769941084526266],[32.88598129033905,41.7700127941093],[32.88639212100014,41.770062926000094],[32.88638490559875,41.77006746617206],[32.885342,41.770724],[32.884585,41.7712],[32.884584979234745,41.77120000591584],[32.88458457700017,41.77120025900018],[32.88135225200017,41.77212127700051],[32.879978179000034,41.7733329390004],[32.880174799118834,41.773715538679994],[32.8801747681826,41.77371554931225],[32.880175,41.773716],[32.872547,41.776337],[32.872388,41.777326],[32.87238789214025,41.77732603927512],[32.87238781900015,41.77732649500007],[32.87220448600016,41.77739305000051],[32.87220417512855,41.777392936230754],[32.872204,41.777393],[32.87196500953108,41.77730540841982],[32.871349519000034,41.7770801530001],[32.85923971893132,41.77581160132559],[32.85833738705775,41.77571704056383],[32.85677998056502,41.77584178599231],[32.846639,41.776654],[32.84360884510374,41.775372975466205],[32.83927593400006,41.77354139500005],[32.839276350084404,41.7735411480305],[32.839276,41.773541],[32.842795,41.771452],[32.84218103945805,41.765665371928506],[32.840744103290575,41.76566288125411],[32.84015,41.765662],[32.83910879598262,41.76528087740293],[32.834030749000135,41.763422404000096]]],"type":"Polygon"}},{"type":"Feature","properties":{"area_id":"TR-37-006-2018388","name_tr":"Ortaca Köyü","area_level":"neighbourhood","parent_id":"TR-37-006","endeksa_id":2018388},"geometry":{"coordinates":[[[32.96823600415064,41.76562238805138],[32.96272524900013,41.771378378000236],[32.96238956700006,41.77853264800012],[32.95886732400004,41.78397883300016],[32.94432007800009,41.78851052900012],[32.94117070200008,41.78726167600013],[32.94008288900005,41.78958173500013],[32.94115983000006,41.793358293000495],[32.941107737000095,41.793455340000264],[32.937314248000064,41.79214599000011],[32.93725175600002,41.79201378700009],[32.940432463000036,41.78704259600045],[32.93650319700015,41.782411086000025],[32.934386714000084,41.78271343800054],[32.92745496800018,41.77894473500038],[32.92597315300003,41.77961037800014],[32.92569755500017,41.77820074600004],[32.925609774000065,41.778124185000195],[32.919035109000106,41.77808995700053],[32.918977426000026,41.777994748000026],[32.91967600716856,41.7740039934032],[32.91969196505994,41.77384686577318],[32.919587443107616,41.77375379472119],[32.918987031256165,41.77376690068638],[32.918846397000095,41.77366159200017],[32.919001766000065,41.77353919800032],[32.915319385000146,41.77191506000008],[32.91526559300013,41.771794927000144],[32.92332800700018,41.764328995000085],[32.92993347100014,41.75509542400016],[32.929903097000135,41.754970539000226],[32.93012652600004,41.755041361000224],[32.930104872000015,41.75486469499998],[32.930226625000046,41.7548405090003],[32.93014354000002,41.755038108000576],[32.93022968500014,41.75508565000007],[32.94113009600011,41.75976551700012],[32.95384802718684,41.76248858010507],[32.95378000000011,41.76255000000003],[32.96022592514419,41.76385416530627],[32.96823600415064,41.76562238805138]]],"type":"Polygon"}},{"type":"Feature","properties":{"area_id":"TR-37-006-2018358","name_tr":"Hamitli Köyü","area_level":"neighbourhood","parent_id":"TR-37-006","endeksa_id":2018358},"geometry":{"coordinates":[[[33.08865367943832,41.79301233951526],[33.08924947100019,41.79199057700066],[33.08786973600019,41.792082600000185],[33.08785222900008,41.791943079000134],[33.087447021000116,41.79211079300012],[33.08740296000008,41.791852946000006],[33.08726386800015,41.79187480600041],[33.087275034000186,41.792122264000454],[33.08452021600016,41.79230600000005],[33.08476964000016,41.79353049800011],[33.07697730000007,41.79743029700012],[33.06360283673149,41.799074993988995],[33.063407069082075,41.79895219662916],[33.063346964999994,41.79858863499999],[33.063477462000094,41.798615965000124],[33.063552976000096,41.79793084800019],[33.06361804400018,41.79794447500035],[33.06428264300018,41.79554875100018],[33.06376864800018,41.79429206000003],[33.062029333000055,41.792381571000135],[33.049376655000174,41.78551092400005],[33.045252757000185,41.785093112000084],[33.04300840800005,41.78029836000002],[33.04289377800012,41.78023544400014],[33.04276755300009,41.78028880600016],[33.042908456000134,41.78008457600009],[33.04282437400008,41.779904938000186],[33.03861401500012,41.77715666200049],[33.037856306000094,41.772534867000445],[33.03610283400013,41.77086691900013],[33.039352252000015,41.76444073199997],[33.03819931800001,41.7598997970004],[33.04518465164398,41.75982168334497],[33.045327923384775,41.75975867333085],[33.04532968955118,41.75963503583665],[33.04519644331492,41.75957011357406],[33.03847343500007,41.75929081000004],[33.0415715530001,41.75244126400014],[33.048405436000166,41.74591099000003],[33.05786471100009,41.74063815300008],[33.05938088100015,41.73225682000003],[33.07215006202114,41.72817986355432],[33.07592000000017,41.731100000000026],[33.07710000000009,41.73145000000039],[33.088040000000035,41.73796000000044],[33.09029000000004,41.7403800000003],[33.09206000000012,41.74269000000032],[33.09176000000019,41.745170000000144],[33.088750000000175,41.748360000000105],[33.08526000000006,41.75162000000023],[33.08301000000006,41.75398000000007],[33.08100000000019,41.75717000000003],[33.07767000000018,41.761980000000335],[33.07395000000008,41.76613000000066],[33.076950000000124,41.783170000000155],[33.08338000000015,41.78603000000015],[33.08490000000012,41.785620000000335],[33.08598000000012,41.78545000000048],[33.086920000000134,41.78552000000059],[33.08903000000009,41.786020000000065],[33.09242000000006,41.78746000000052],[33.09372000000019,41.788740000000416],[33.09263000000004,41.78965000000039],[33.09053000000017,41.79110000000043],[33.09015000000022,41.791790000000674],[33.08939000000004,41.79260000000022],[33.08865367943832,41.79301233951526]]],"type":"Polygon"}},{"type":"Feature","properties":{"area_id":"TR-37-006-2018333","name_tr":"Başköy Köyü","area_level":"neighbourhood","parent_id":"TR-37-006","endeksa_id":2018333},"geometry":{"coordinates":[[[32.82293000000014,41.79615999999998],[32.82304,41.79511],[32.823670000000014,41.79324000000015],[32.82438,41.79073],[32.824539844921276,41.78927141509456],[32.82453995939199,41.78927137030172],[32.82454,41.789271],[32.83435545145518,41.78542987149398],[32.834837746000176,41.785241082000425],[32.838865547000125,41.77897799300047],[32.83927593400006,41.77354139500005],[32.83927596909717,41.77354140983711],[32.839276,41.773541],[32.84360884510374,41.775372975466205],[32.84663866100004,41.77665356100016],[32.85677998056502,41.77584178599231],[32.858337,41.775717],[32.85833738705775,41.77571704056383],[32.85833746900005,41.775717034000024],[32.85923971893132,41.77581160132559],[32.87135,41.77708],[32.87196500953108,41.77730540841982],[32.87220417512855,41.777392936230754],[32.87238789214025,41.77732603927512],[32.872546651000164,41.776336820000154],[32.880174799118834,41.773715538679994],[32.880974883332414,41.77527198123284],[32.881216,41.775741],[32.875266,41.779295],[32.87478450410522,41.78062764664633],[32.873932142000115,41.78298714200008],[32.87322657064019,41.78315051746177],[32.87121417005058,41.78361696058673],[32.87381144200009,41.78783122700008],[32.87198308331575,41.79085114830348],[32.87206391103003,41.79099502258661],[32.87228328900005,41.791384795000454],[32.87285198699999,41.79239592300013],[32.8728519726873,41.792395951471676],[32.872852,41.792396],[32.872793,41.792514],[32.872657,41.792512],[32.87041299327231,41.791471076479105],[32.8625516491168,41.78782405094795],[32.86000260248085,41.788194141375946],[32.85587687058516,41.78879313130148],[32.846493,41.798312],[32.83931825815019,41.797886082826544],[32.83453748300013,41.79760231600005],[32.82972534173723,41.80149549712206],[32.82972505201054,41.80149495792605],[32.829725,41.801495],[32.82868000000013,41.79955000000041],[32.82868,41.79955],[32.82861,41.79862],[32.82799000000002,41.79733000000001],[32.827210000000036,41.79716000000019],[32.82537000000019,41.79701000000057],[32.82342000000011,41.7967000000005],[32.82293000000014,41.79615999999998]]],"type":"Polygon"}},{"type":"Feature","properties":{"area_id":"TR-37-006-2018346","name_tr":"Derebucağı Köyü","area_level":"neighbourhood","parent_id":"TR-37-006","endeksa_id":2018346},"geometry":{"coordinates":[[[33.002506454667696,41.80473909883142],[33.00210968100009,41.804796123000244],[32.99884727200009,41.80261662700002],[32.99707356700014,41.797076212000036],[33.000202696000144,41.79415452200038],[33.000435562000064,41.79203362700014],[33.00029632600007,41.791152344000125],[33.00045035500011,41.78627831400013],[33.00246035900017,41.77329418400012],[33.00250456800018,41.773168459000146],[33.01504452900008,41.77601623400028],[33.024205703999996,41.77220892900016],[33.02983540400004,41.76328464500051],[33.03819931800001,41.7598997970004],[33.039352252000015,41.76444073199997],[33.03610283400013,41.77086691900013],[33.037856306000094,41.772534867000445],[33.03861401500012,41.77715666200049],[33.04282437400008,41.779904938000186],[33.042908456000134,41.78008457600009],[33.03994173200016,41.7843930680001],[33.03651876000009,41.80243166299999],[33.03223259300006,41.802175516000034],[33.03211947300014,41.802226882000014],[33.03208032400016,41.80246983600006],[33.031971850000104,41.80253426700017],[33.025823901437775,41.80263315017561],[33.021930000000225,41.80114000000037],[33.017440000000136,41.801290000000165],[33.01303000000013,41.802660000000515],[33.00878000000017,41.80320000000029],[33.0054300000001,41.80429000000038],[33.002506454667696,41.80473909883142]]],"type":"Polygon"}},{"type":"Feature","properties":{"area_id":"TR-37-006-2018383","name_tr":"Menük Köyü","area_level":"neighbourhood","parent_id":"TR-37-006","endeksa_id":2018383},"geometry":{"coordinates":[[[32.97114870836697,41.803876354835324],[32.96883000000014,41.804610000000196],[32.964350000000195,41.80635000000029],[32.96305000000012,41.807150000000036],[32.96276000000012,41.807240000000036],[32.96266000000014,41.807150000000036],[32.96213000000017,41.8072800000005],[32.961810000000185,41.80791000000005],[32.96169000000003,41.80850000000055],[32.961530000000096,41.808510000000126],[32.96034000000003,41.80733000000038],[32.95922000000013,41.80689000000024],[32.95884000000012,41.806650000000275],[32.95780000000019,41.80571000000009],[32.95703000000009,41.80593000000039],[32.956640000000164,41.804080000000056],[32.95805000000013,41.80261000000064],[32.95753000000008,41.80183000000005],[32.95553000000018,41.802530000000274],[32.95458000000008,41.80229000000031],[32.947680000000105,41.80201000000005],[32.94559000000015,41.801720000000216],[32.94460000000015,41.801290000000165],[32.942480000000046,41.800770000000455],[32.93756000000013,41.79985000000039],[32.93539990803049,41.79424002780513],[32.9354497481861,41.79408005880214],[32.93600470500013,41.79392265600006],[32.937140965000026,41.79218736600069],[32.937314248000064,41.79214599000011],[32.941107737000095,41.793455340000264],[32.94115983000006,41.793358293000495],[32.94008288900005,41.78958173500013],[32.94117070200008,41.78726167600013],[32.94432007800009,41.78851052900012],[32.95886732400004,41.78397883300016],[32.96238956700006,41.77853264800012],[32.96272524900013,41.771378378000236],[32.96823600415064,41.76562238805138],[32.96845064503884,41.76551902955629],[32.985290000000134,41.769260000000315],[32.98531047356272,41.76918026962318],[32.98542751024331,41.769323304542695],[32.985165267000184,41.76939934400008],[32.97960492600009,41.77541987900008],[32.97823801700008,41.78764826000014],[32.97880579300016,41.794301235000034],[32.97636833600018,41.79823551000004],[32.97114870836697,41.803876354835324]]],"type":"Polygon"}},{"type":"Feature","properties":{"area_id":"TR-37-006-2018407","name_tr":"Yıldızalan Köyü","area_level":"neighbourhood","parent_id":"TR-37-006","endeksa_id":2018407},"geometry":{"coordinates":[[[32.892842815999984,41.769968351000045],[32.89282229000008,41.77016455600017],[32.896905962999995,41.77342768500006],[32.89688647600008,41.78403554000033],[32.88304905000001,41.79892387900003],[32.88024991200007,41.80869956300012],[32.87980560700015,41.80615912500008],[32.87971859000015,41.80617157900036],[32.87977321800008,41.80597249300041],[32.87945335700016,41.80413921800016],[32.87950073100018,41.80118556000019],[32.87814596600009,41.798880026000575],[32.876115413000036,41.79759370400001],[32.87656759900011,41.79626265200005],[32.87470733500004,41.79309864100014],[32.8724953360001,41.791273824000086],[32.872331747000146,41.79126402200018],[32.87228328900005,41.791384795000454],[32.871983006000164,41.790851276000126],[32.87381144200009,41.78783122700008],[32.87121390100003,41.78361652400048],[32.873932142000115,41.78298714200008],[32.875266013999976,41.779294659000016],[32.88121582200006,41.77574067500012],[32.879978179000034,41.7733329390004],[32.88135225200017,41.77212127700051],[32.88458457700017,41.77120025900018],[32.88534184400004,41.77072377500019],[32.88564338500004,41.7708798110001],[32.89161149000006,41.7691979140003],[32.89263263100008,41.770012111000256],[32.892842815999984,41.769968351000045]]],"type":"Polygon"}},{"type":"Feature","properties":{"area_id":"TR-37-006-2018370","name_tr":"Kethüda Köyü","area_level":"neighbourhood","parent_id":"TR-37-006","endeksa_id":2018370},"geometry":{"coordinates":[[[32.896385370202324,41.81050088129109],[32.896222432777165,41.810549690974995],[32.89615605057753,41.8104477849227],[32.895816459000116,41.81154515200012],[32.89565624300019,41.81161531300012],[32.88024991200007,41.80869956300012],[32.88304905000001,41.79892387900003],[32.89688647600008,41.78403554000033],[32.896905962999995,41.77342768500006],[32.89282229000008,41.77016455600017],[32.892842815999984,41.769968351000045],[32.89615841900013,41.76273027700012],[32.90404477300007,41.756079764000106],[32.90476887000017,41.75167606700012],[32.90502878800004,41.74669690300027],[32.905047726602334,41.74665155748323],[32.90504531613567,41.74665840057253],[32.9052350184553,41.74658127486191],[32.905984637490235,41.74688302959123],[32.91926094900015,41.75240961500043],[32.929903097000135,41.754970539000226],[32.92993347100014,41.75509542400016],[32.92332800700018,41.764328995000085],[32.91526559300013,41.771794927000144],[32.915319385000146,41.77191506000008],[32.919001766000065,41.77353919800032],[32.918846397000095,41.77366159200017],[32.918987031256165,41.77376690068638],[32.919587443107616,41.77375379472119],[32.91969196505994,41.77384686577318],[32.91967600716856,41.7740039934032],[32.91912554445622,41.777147714074715],[32.91902187468901,41.77728495237653],[32.91880892576529,41.777337077037885],[32.918615281688005,41.777271176955026],[32.91869440000005,41.77733091100043],[32.91868632699999,41.7774676370002],[32.91241575800012,41.77847774800006],[32.91213049800018,41.7797540840001],[32.915024925000125,41.78109537600005],[32.911861726000154,41.78578591100012],[32.91250684200003,41.78738730700013],[32.90294662200006,41.79369509300011],[32.899379920123636,41.80212339989731],[32.899300000000096,41.80219000000017],[32.8975200000001,41.80833000000018],[32.896385370202324,41.81050088129109]]],"type":"Polygon"}},{"type":"Feature","properties":{"area_id":"TR-37-006-2018327","name_tr":"Akça Köyü","area_level":"neighbourhood","parent_id":"TR-37-006","endeksa_id":2018327},"geometry":{"coordinates":[[[32.93539990803049,41.79424002780513],[32.93339000000026,41.79487000000046],[32.93308000000019,41.794910000000186],[32.932530000000156,41.794760000000565],[32.93137000000007,41.7955400000003],[32.930370000000096,41.7955400000003],[32.92940000000016,41.79597000000035],[32.92803000000015,41.79610000000059],[32.928010000000086,41.79650000000032],[32.928230000000156,41.79694000000046],[32.92818000000011,41.79706000000044],[32.92723000000018,41.79706000000044],[32.926960000000065,41.79727000000008],[32.92692000000011,41.797420000000386],[32.927140000000236,41.79778000000033],[32.92701000000011,41.79796000000033],[32.92615000000018,41.798540000000685],[32.92576000000008,41.7985300000002],[32.92577000000017,41.79865000000041],[32.925660000000164,41.798750000000325],[32.925130000000195,41.79898000000014],[32.92475000000019,41.799530000000175],[32.92458000000016,41.79957000000013],[32.92458000000016,41.799800000000346],[32.9241600000002,41.80016000000006],[32.92376000000013,41.80016000000006],[32.92404000000005,41.800330000000315],[32.92403000000013,41.80051000000026],[32.92388000000011,41.80063000000024],[32.92344000000014,41.80071000000032],[32.92302000000018,41.80065000000047],[32.921920000000114,41.80070000000035],[32.92069000000015,41.80236000000019],[32.91995000000003,41.80297000000007],[32.919650000000104,41.80311000000012],[32.918940000000134,41.80295000000035],[32.91742000000011,41.80329000000006],[32.91737000000006,41.80345000000051],[32.91701000000012,41.80347000000006],[32.91668000000021,41.80376000000058],[32.91593000000012,41.803990000000056],[32.91554000000019,41.80395000000067],[32.91493000000014,41.80422000000027],[32.9146600000002,41.80422000000027],[32.9141800000001,41.804540000000316],[32.91434000000004,41.80481000000009],[32.91430000000008,41.80494000000016],[32.91378000000003,41.80500000000018],[32.91368000000011,41.804800000000114],[32.913580000000195,41.80491000000052],[32.91363000000007,41.80518000000012],[32.91352000000023,41.80534000000057],[32.913240000000144,41.80524000000014],[32.912990000000036,41.80544000000032],[32.91273000000024,41.80522000000008],[32.91221000000019,41.80539000000044],[32.91128000000015,41.805290000000696],[32.910980000000166,41.80515000000048],[32.91097000000008,41.8050300000005],[32.91077000000024,41.804980000000114],[32.91046000000017,41.80514000000039],[32.91007000000019,41.804670000000556],[32.909710000000075,41.804610000000196],[32.90945000000005,41.80472000000043],[32.90921000000009,41.80471000000034],[32.909120000000144,41.804800000000114],[32.90870000000018,41.80468000000013],[32.90824000000015,41.80381000000045],[32.907970000000205,41.803620000000365],[32.90764000000007,41.803060000000244],[32.905990000000145,41.80288000000024],[32.90564000000012,41.803000000000225],[32.90542000000005,41.802910000000054],[32.90531000000021,41.802680000000066],[32.90483000000006,41.8027000000003],[32.90418000000011,41.802470000000426],[32.90400000000017,41.80221000000023],[32.90374000000014,41.80221000000023],[32.90372000000008,41.8020600000001],[32.903230000000235,41.80214000000012],[32.90285000000006,41.801760000000115],[32.90245000000016,41.80196000000018],[32.90166000000016,41.80190000000016],[32.9016000000002,41.802070000000185],[32.90149000000014,41.80205000000035],[32.90145000000018,41.80218000000059],[32.90039000000007,41.802030000000286],[32.90037000000018,41.802220000000375],[32.899760000000185,41.80200000000008],[32.899379920123636,41.80212339989731],[32.90294662200006,41.79369509300011],[32.91250684200003,41.78738730700013],[32.911861726000154,41.78578591100012],[32.915024925000125,41.78109537600005],[32.91213049800018,41.7797540840001],[32.91241575800012,41.77847774800006],[32.91868632699999,41.7774676370002],[32.91869440000005,41.77733091100043],[32.918615281688005,41.777271176955026],[32.91880892576529,41.777337077037885],[32.91902187468901,41.77728495237653],[32.91912554445622,41.777147714074715],[32.91967600716856,41.7740039934032],[32.918977426000026,41.777994748000026],[32.919035109000106,41.77808995700053],[32.925609774000065,41.778124185000195],[32.92569755500017,41.77820074600004],[32.92597315300003,41.77961037800014],[32.92745496800018,41.77894473500038],[32.934386714000084,41.78271343800054],[32.93650319700015,41.782411086000025],[32.940432463000036,41.78704259600045],[32.93725175600002,41.79201378700009],[32.937314248000064,41.79214599000011],[32.937140965000026,41.79218736600069],[32.93600470500013,41.79392265600006],[32.9354497481861,41.79408005880214],[32.93539990803049,41.79424002780513]]],"type":"Polygon"}},{"type":"Feature","properties":{"area_id":"TR-37-006-2018390","name_tr":"Öveçler Köyü","area_level":"neighbourhood","parent_id":"TR-37-006","endeksa_id":2018390},"geometry":{"coordinates":[[[33.002506454667696,41.80473909883142],[33.00211000000024,41.804800000000114],[32.993220000000065,41.80841000000021],[32.98666000000014,41.80891000000037],[32.98426000000018,41.81014000000039],[32.98125000000016,41.81193000000013],[32.980580000000145,41.81447000000014],[32.979840000000195,41.814050000000066],[32.97912000000014,41.8129400000002],[32.9791400000002,41.81079000000034],[32.976020000000176,41.81192000000004],[32.97356000000019,41.80955000000006],[32.97322000000014,41.8085200000001],[32.972380000000044,41.80760000000015],[32.9709000000002,41.80510000000061],[32.97114870836697,41.803876354835324],[32.97636833600018,41.79823551000004],[32.97880579300016,41.794301235000034],[32.97823801700008,41.78764826000014],[32.97960492600009,41.77541987900008],[32.985165267000184,41.76939934400008],[32.98542751024331,41.769323304542695],[33.00237263500003,41.77315260800049],[33.00246035900017,41.77329418400012],[33.00045035500011,41.78627831400013],[33.00029632600007,41.791152344000125],[33.000435562000064,41.79203362700014],[33.000202696000144,41.79415452200038],[32.99707356700014,41.797076212000036],[32.99884727200009,41.80261662700002],[33.00210968100009,41.804796123000244],[33.002506454667696,41.80473909883142]]],"type":"Polygon"}},{"type":"Feature","properties":{"area_id":"TR-37-006-2018397","name_tr":"Şenköy Köyü","area_level":"neighbourhood","parent_id":"TR-37-006","endeksa_id":2018397},"geometry":{"coordinates":[[[33.11756000000025,41.779480000000376],[33.115330000000085,41.78727000000043],[33.113930000000096,41.79583000000031],[33.10927000000015,41.79872000000012],[33.099280000000135,41.80381000000045],[33.09511000000009,41.80054000000007],[33.09160215012798,41.797062131751034],[33.09063000000015,41.79645000000028],[33.08975000000015,41.79626000000036],[33.08896000000016,41.7955400000003],[33.08816000000019,41.79536000000047],[33.08789000000007,41.795190000000616],[33.08737000000019,41.795220000000256],[33.08733000000012,41.79465000000016],[33.08780000000007,41.79376000000025],[33.08811000000014,41.79341000000005],[33.08865367943832,41.79301233951526],[33.08939000000004,41.79260000000022],[33.09015000000022,41.791790000000674],[33.09053000000017,41.79110000000043],[33.09263000000004,41.78965000000039],[33.09372000000019,41.788740000000416],[33.09242000000006,41.78746000000052],[33.08903000000009,41.786020000000065],[33.086920000000134,41.78552000000059],[33.08598000000012,41.78545000000048],[33.08490000000012,41.785620000000335],[33.08338000000015,41.78603000000015],[33.076950000000124,41.783170000000155],[33.07395000000008,41.76613000000066],[33.07767000000018,41.761980000000335],[33.08100000000019,41.75717000000003],[33.08301000000006,41.75398000000007],[33.08526000000006,41.75162000000023],[33.088750000000175,41.748360000000105],[33.09176000000019,41.745170000000144],[33.09206000000012,41.74269000000032],[33.09768000000008,41.74375000000009],[33.10010000000011,41.7449900000002],[33.106780000000185,41.74618000000004],[33.116070000000036,41.74878000000041],[33.1188200000002,41.75016000000022],[33.13455000000016,41.75533000000024],[33.13263000000012,41.76246000000026],[33.12353000000019,41.77136000000013],[33.1191300000001,41.77581000000009],[33.11756000000025,41.779480000000376]]],"type":"Polygon"}},{"type":"Feature","properties":{"area_id":"TR-37-006-2018356","name_tr":"Güzelyayla Köyü","area_level":"neighbourhood","parent_id":"TR-37-006","endeksa_id":2018356},"geometry":{"coordinates":[[[32.87971859000015,41.80617157900036],[32.87965417700008,41.806124725000075],[32.87690791900002,41.80896304000049],[32.870869218000166,41.80953064100015],[32.86964076700008,41.812354655000036],[32.86422222000016,41.814566026000136],[32.858451693999996,41.82112145200017],[32.85844134500013,41.82121620800001],[32.84563695200001,41.81381508400017],[32.83924872099999,41.80956757700051],[32.83903749000001,41.80961137300022],[32.83904737400013,41.80942634500019],[32.829663812625824,41.80191589328541],[32.82972534173723,41.80149549712206],[32.83453748300013,41.79760231600005],[32.84649266500003,41.798311549000346],[32.855876604000116,41.78879317000019],[32.86255153500002,41.78782399800008],[32.872656903000006,41.79251189400054],[32.872792871000115,41.79251351900041],[32.87285198699999,41.79239592300013],[32.87228328900005,41.791384795000454],[32.872331747000146,41.79126402200018],[32.8724953360001,41.791273824000086],[32.87470733500004,41.79309864100014],[32.87656759900011,41.79626265200005],[32.876115413000036,41.79759370400001],[32.87814596600009,41.798880026000575],[32.87950073100018,41.80118556000019],[32.87945335700016,41.80413921800016],[32.87977321800008,41.80597249300041],[32.87971859000015,41.80617157900036]]],"type":"Polygon"}},{"type":"Feature","properties":{"area_id":"TR-37-006-2018348","name_tr":"Döngelce Köyü","area_level":"neighbourhood","parent_id":"TR-37-006","endeksa_id":2018348},"geometry":{"coordinates":[[[32.76863,41.79448],[32.768497,41.794088],[32.76822000000008,41.79327000000021],[32.76802000000007,41.79307000000008],[32.768370000000175,41.79230000000013],[32.76941000000008,41.79173000000008],[32.769584,41.791562],[32.769979999999926,41.79118000000007],[32.77148,41.79055],[32.77036999999994,41.78684999999998],[32.77062,41.78617],[32.77303,41.78196],[32.77369,41.78062],[32.7743926422386,41.77721325567603],[32.774342,41.777391],[32.774339,41.777399],[32.774318,41.777346],[32.7743,41.7773],[32.774249,41.777279],[32.769347,41.775256],[32.767947,41.773216],[32.76605,41.772018],[32.765945,41.77199],[32.765734,41.771934],[32.766689,41.76862],[32.767777,41.76546],[32.771032,41.759916],[32.776943,41.752933],[32.788233,41.749421],[32.788665,41.748935],[32.788761,41.749058],[32.789247,41.749048],[32.809621,41.741247],[32.810027,41.741407],[32.810179,41.741329],[32.810317,41.740973],[32.813192,41.739943],[32.823434,41.737017],[32.829676,41.735829],[32.840426,41.742173],[32.847314,41.744501],[32.854575,41.746642],[32.856724,41.74837],[32.841419,41.756262],[32.84137,41.756377],[32.842443,41.756632],[32.841199,41.756378],[32.841195,41.756377],[32.841588,41.760082],[32.834031,41.763422],[32.84015,41.765662],[32.842181,41.765665],[32.842795,41.771452],[32.839276,41.773541],[32.838866,41.778978],[32.834838,41.785241],[32.82454,41.789271],[32.82438000000019,41.790730000000394],[32.823670000000014,41.79324000000015],[32.82304000000016,41.79511000000042],[32.82293000000014,41.79615999999998],[32.82342,41.7967],[32.82537,41.79701],[32.82721,41.79716],[32.82799000000002,41.79733000000001],[32.8286100000002,41.7986200000002],[32.82868000043853,41.7995500008163],[32.82972534173723,41.80149549712206],[32.82968405313896,41.80177760108122],[32.829664,41.801916],[32.82945999999998,41.802669999999914],[32.82663000000019,41.803710000000706],[32.822440000000256,41.805510000000424],[32.82033000000007,41.80670000000015],[32.81906000000015,41.80815000000018],[32.81804999999997,41.80977999999988],[32.81701000000021,41.811200000000156],[32.815640000000144,41.81352000000027],[32.81440000000009,41.81590000000034],[32.81148793606519,41.82231837913838],[32.80781000000013,41.81943000000041],[32.80241999999998,41.81689999999997],[32.80132999999997,41.81649000000006],[32.79843000000011,41.815170000000364],[32.7928899999999,41.81207999999992],[32.7907,41.81125],[32.78822999999999,41.81044999999993],[32.78414000000002,41.80857000000006],[32.78105,41.806270000000055],[32.77721057122651,41.80385028561321],[32.77721,41.80385],[32.777199,41.803843],[32.776750031532316,41.803560019874574],[32.776750000000106,41.8035600000004],[32.776660000000064,41.80339999999995],[32.77665000000011,41.80265000000012],[32.77573000000007,41.80149000000034],[32.775562,41.801045],[32.77553000000006,41.80096000000054],[32.774492,41.799761],[32.77405000000016,41.799250000000086],[32.7732400000001,41.798560000000236],[32.771270000000186,41.797300000000405],[32.77020000000014,41.79683000000004],[32.76983,41.79644],[32.76978,41.79591],[32.769809,41.795839],[32.769899999999865,41.795620000000305],[32.76863,41.79448]]],"type":"Polygon"}},{"type":"Feature","properties":{"area_id":"TR-37-006-2018366","name_tr":"Karakadı Köyü","area_level":"neighbourhood","parent_id":"TR-37-006","endeksa_id":2018366},"geometry":{"coordinates":[[[33.03436164569172,41.82578277809222],[33.03429846661095,41.82594709992037],[33.03407579659728,41.82591450132401],[33.033300000000224,41.82510000000019],[33.032400000000166,41.82381000000004],[33.03160000000025,41.822260000000085],[33.03050000000019,41.81978000000021],[33.03053000000017,41.81962000000033],[33.030300000000125,41.819570000000056],[33.03015000000016,41.819290000000194],[33.029770000000156,41.81894000000034],[33.02917000000008,41.818020000000274],[33.029330000000186,41.817870000000084],[33.02919000000014,41.81770000000006],[33.02910000000014,41.81710000000015],[33.02846000000011,41.817000000000405],[33.02867000000009,41.815140000000156],[33.02897000000024,41.813720000000444],[33.027660000000026,41.81332000000003],[33.0261000000001,41.81202000000047],[33.02560000000011,41.811080000000175],[33.02569000000011,41.80977000000047],[33.02563000000009,41.80831000000046],[33.02569000000011,41.80676000000011],[33.0258300000001,41.805500000000336],[33.02569000000011,41.804450000000145],[33.02589000000012,41.803400000000124],[33.0259200000001,41.80267000000009],[33.025823901437775,41.80263315017561],[33.031971850000104,41.80253426700017],[33.03208032400016,41.80246983600006],[33.03211947300014,41.802226882000014],[33.03223259300006,41.802175516000034],[33.03651876000009,41.80243166299999],[33.03994173200016,41.7843930680001],[33.04276755300009,41.78028880600016],[33.04289377800012,41.78023544400014],[33.04300840800005,41.78029836000002],[33.045252757000185,41.785093112000084],[33.049376655000174,41.78551092400005],[33.062029333000055,41.792381571000135],[33.06376864800018,41.79429206000003],[33.06428264300018,41.79554875100018],[33.06361804400018,41.79794447500035],[33.063552976000096,41.79793084800019],[33.063477462000094,41.798615965000124],[33.063346964999994,41.79858863499999],[33.063407069082075,41.79895219662916],[33.06318431300008,41.79910798000043],[33.06286806500003,41.800117756000134],[33.063175031000185,41.8000683930004],[33.06328365000019,41.800176269000076],[33.06147218700016,41.80818498800005],[33.05620167400008,41.81169928600008],[33.05217347600001,41.819920616000104],[33.04824257400003,41.819796821000125],[33.04726847400008,41.82229885300052],[33.043459457000154,41.82362375800045],[33.036902127000076,41.82325960500043],[33.03375062900011,41.82487314800062],[33.03436164569172,41.82578277809222]]],"type":"Polygon"}},{"type":"Feature","properties":{"area_id":"TR-37-006-2018371","name_tr":"Kezağzı Köyü","area_level":"neighbourhood","parent_id":"TR-37-006","endeksa_id":2018371},"geometry":{"coordinates":[[[32.944250000000125,41.83211000000006],[32.9423900000001,41.83315000000016],[32.94132000000019,41.83317000000039],[32.94077000000016,41.83353000000034],[32.94059000000016,41.83400000000012],[32.939350000000104,41.83389000000028],[32.938760000000116,41.83374000000009],[32.93766000000005,41.83327000000014],[32.935040000000186,41.833540000000426],[32.93186000000014,41.83325000000059],[32.92666000000008,41.83195000000035],[32.92397000000011,41.831120000000055],[32.91989000000024,41.8296900000002],[32.91199000000012,41.82615000000004],[32.908840000000055,41.82429000000036],[32.90570000000014,41.82105000000013],[32.90765000000016,41.817460000000096],[32.907040000000165,41.81239000000039],[32.89579000000015,41.811640000000295],[32.8975200000001,41.80833000000018],[32.899300000000096,41.80219000000017],[32.899379920123636,41.80212339989731],[32.899760000000185,41.80200000000008],[32.90037000000018,41.802220000000375],[32.90039000000007,41.802030000000286],[32.90145000000018,41.80218000000059],[32.90149000000014,41.80205000000035],[32.9016000000002,41.802070000000185],[32.90166000000016,41.80190000000016],[32.90245000000016,41.80196000000018],[32.90285000000006,41.801760000000115],[32.903230000000235,41.80214000000012],[32.90372000000008,41.8020600000001],[32.90374000000014,41.80221000000023],[32.90400000000017,41.80221000000023],[32.90418000000011,41.802470000000426],[32.90483000000006,41.8027000000003],[32.90531000000021,41.802680000000066],[32.90542000000005,41.802910000000054],[32.90564000000012,41.803000000000225],[32.905990000000145,41.80288000000024],[32.90764000000007,41.803060000000244],[32.907970000000205,41.803620000000365],[32.90824000000015,41.80381000000045],[32.90870000000018,41.80468000000013],[32.909120000000144,41.804800000000114],[32.90921000000009,41.80471000000034],[32.90945000000005,41.80472000000043],[32.909710000000075,41.804610000000196],[32.91007000000019,41.804670000000556],[32.91046000000017,41.80514000000039],[32.91077000000024,41.804980000000114],[32.91097000000008,41.8050300000005],[32.910980000000166,41.80515000000048],[32.91128000000015,41.805290000000696],[32.91221000000019,41.80539000000044],[32.91273000000024,41.80522000000008],[32.912990000000036,41.80544000000032],[32.913240000000144,41.80524000000014],[32.91352000000023,41.80534000000057],[32.91363000000007,41.80518000000012],[32.913580000000195,41.80491000000052],[32.91368000000011,41.804800000000114],[32.91378000000003,41.80500000000018],[32.91430000000008,41.80494000000016],[32.91434000000004,41.80481000000009],[32.9141800000001,41.804540000000316],[32.9146600000002,41.80422000000027],[32.91493000000014,41.80422000000027],[32.91554000000019,41.80395000000067],[32.91593000000012,41.803990000000056],[32.91668000000021,41.80376000000058],[32.91701000000012,41.80347000000006],[32.91737000000006,41.80345000000051],[32.91742000000011,41.80329000000006],[32.918940000000134,41.80295000000035],[32.919650000000104,41.80311000000012],[32.91995000000003,41.80297000000007],[32.92069000000015,41.80236000000019],[32.921920000000114,41.80070000000035],[32.92302000000018,41.80065000000047],[32.92344000000014,41.80071000000032],[32.92388000000011,41.80063000000024],[32.92403000000013,41.80051000000026],[32.92404000000005,41.800330000000315],[32.92376000000013,41.80016000000006],[32.9241600000002,41.80016000000006],[32.92458000000016,41.799800000000346],[32.92458000000016,41.79957000000013],[32.92475000000019,41.799530000000175],[32.925130000000195,41.79898000000014],[32.925660000000164,41.798750000000325],[32.92577000000017,41.79865000000041],[32.92576000000008,41.7985300000002],[32.92615000000018,41.798540000000685],[32.92701000000011,41.79796000000033],[32.927140000000236,41.79778000000033],[32.92692000000011,41.797420000000386],[32.926960000000065,41.79727000000008],[32.92723000000018,41.79706000000044],[32.92818000000011,41.79706000000044],[32.928230000000156,41.79694000000046],[32.928010000000086,41.79650000000032],[32.92803000000015,41.79610000000059],[32.92940000000016,41.79597000000035],[32.930370000000096,41.7955400000003],[32.93137000000007,41.7955400000003],[32.932530000000156,41.794760000000565],[32.93308000000019,41.794910000000186],[32.93339000000026,41.79487000000046],[32.93539990803049,41.79424002780513],[32.93756000000013,41.79985000000039],[32.942480000000046,41.800770000000455],[32.94460000000015,41.801290000000165],[32.94559000000015,41.801720000000216],[32.947680000000105,41.80201000000005],[32.95458000000008,41.80229000000031],[32.95553000000018,41.802530000000274],[32.95753000000008,41.80183000000005],[32.95805000000013,41.80261000000064],[32.956640000000164,41.804080000000056],[32.95703000000009,41.80593000000039],[32.95672000000019,41.806470000000274],[32.95644000000016,41.80667000000011],[32.95573000000019,41.806690000000174],[32.95555000000019,41.80694000000011],[32.95533000000012,41.80707000000018],[32.95491000000021,41.80771000000004],[32.953420000000165,41.80829000000023],[32.951960000000156,41.80915000000033],[32.95104000000009,41.80987000000022],[32.94921000000022,41.811830000000384],[32.94733000000008,41.81299000000007],[32.94537000000008,41.81465000000014],[32.9423000000001,41.814180000000135],[32.93921000000006,41.81439000000046],[32.93654000000009,41.81478000000004],[32.928730000000144,41.81534000000022],[32.92450000000008,41.81450000000035],[32.93177000000014,41.82137000000034],[32.93513000000013,41.82309000000015],[32.937000000000126,41.824150000000145],[32.93887000000018,41.82537000000019],[32.9395600000002,41.82596000000012],[32.94030000000015,41.826390000000174],[32.941480000000126,41.82727000000034],[32.941360000000145,41.827810000000284],[32.942140000000165,41.82839000000013],[32.943290000000104,41.82879000000037],[32.94462000000004,41.82977000000028],[32.94458000000009,41.83062000000041],[32.944310000000144,41.83123000000006],[32.944250000000125,41.83211000000006]]],"type":"Polygon"}},{"type":"Feature","properties":{"area_id":"TR-37-006-2018357","name_tr":"Hacıahmet Köyü","area_level":"neighbourhood","parent_id":"TR-37-006","endeksa_id":2018357},"geometry":{"coordinates":[[[32.77279847200015,41.83732525600027],[32.77110433100006,41.83809385000012],[32.77022474,41.83922835100026],[32.76826602600016,41.83815481800019],[32.76174341000012,41.8376464050001],[32.759536825000055,41.83465805600002],[32.75292585000011,41.83806004800067],[32.7525790790001,41.83807023200012],[32.75161330300011,41.83726584600015],[32.751606700000025,41.83699569999999],[32.752416901000174,41.83607280000001],[32.75186420000017,41.83475750000008],[32.75173540000003,41.83412600000008],[32.75109580000003,41.833224800000096],[32.750202947000105,41.83281169600002],[32.74897049700013,41.83174923200005],[32.74832594891569,41.83204801756949],[32.748830049086564,41.831811084861044],[32.74886125638534,41.83165944237862],[32.74704470293136,41.83009002885649],[32.74687129683463,41.83006315373245],[32.746761011971216,41.83017092524756],[32.74678940000007,41.82992110000049],[32.74744907572068,41.8293153932313],[32.74745064014053,41.82947602024575],[32.747664005728154,41.82950415864633],[32.75186359500003,41.82749124999998],[32.751864474,41.82740941400033],[32.75204290000005,41.82738780000017],[32.751971701000116,41.82401980000003],[32.75225157500017,41.823432742000136],[32.75845486400016,41.819426453000176],[32.76233067000004,41.81220007200045],[32.76178772900016,41.81117177300018],[32.76219600100018,41.81031600000017],[32.76120964199998,41.80865549000009],[32.7631760659641,41.805242980539674],[32.769856301000175,41.807165300000065],[32.774469802000056,41.80570960000006],[32.77700379000015,41.803869852000105],[32.77721003126811,41.80385001937475],[32.77850669000014,41.81239859600004],[32.77816205400006,41.81433098800005],[32.77918929800012,41.81687027800018],[32.77922946600006,41.817134762000364],[32.78132592400016,41.82215188800035],[32.77449811200012,41.82939108600016],[32.77354435100017,41.83226916600012],[32.77617544300006,41.83403924400017],[32.77279847200015,41.83732525600027]]],"type":"Polygon"}},{"type":"Feature","properties":{"area_id":"TR-37-006-2018343","name_tr":"Çukurçal Köyü","area_level":"neighbourhood","parent_id":"TR-37-006","endeksa_id":2018343},"geometry":{"coordinates":[[[32.980580000000145,41.81447000000014],[32.98109000000005,41.818330000000344],[32.98202000000009,41.820840000000146],[32.982780000000105,41.824190000000044],[32.98403000000013,41.82584000000014],[32.98282000000023,41.827120000000036],[32.97981000000004,41.829200000000185],[32.979650000000106,41.829640000000325],[32.97843000000006,41.83006000000029],[32.977830000000154,41.83042000000023],[32.9773100000001,41.830820000000074],[32.97566000000023,41.83241000000004],[32.97046000000017,41.838280000000395],[32.970050000000185,41.83991000000026],[32.970270000000085,41.84133000000014],[32.96341000000007,41.84024000000056],[32.96269000000018,41.83947000000012],[32.96235000000007,41.83935000000014],[32.948830000000214,41.835120000000416],[32.948770000000195,41.83442000000008],[32.94893000000013,41.83431000000019],[32.94904000000014,41.83390000000037],[32.94873000000007,41.83346000000023],[32.94875000000013,41.83319000000006],[32.94861000000009,41.83319000000006],[32.94773000000015,41.83257000000009],[32.94792000000024,41.832300000000146],[32.94792000000024,41.83197000000041],[32.94783000000007,41.83176000000026],[32.94572000000011,41.83219000000031],[32.94498000000016,41.83207000000033],[32.944250000000125,41.83211000000006],[32.944310000000144,41.83123000000006],[32.94458000000009,41.83062000000041],[32.94462000000004,41.82977000000028],[32.943290000000104,41.82879000000037],[32.942140000000165,41.82839000000013],[32.941360000000145,41.827810000000284],[32.941480000000126,41.82727000000034],[32.94030000000015,41.826390000000174],[32.9395600000002,41.82596000000012],[32.93887000000018,41.82537000000019],[32.937000000000126,41.824150000000145],[32.93513000000013,41.82309000000015],[32.93177000000014,41.82137000000034],[32.92450000000008,41.81450000000035],[32.928730000000144,41.81534000000022],[32.93654000000009,41.81478000000004],[32.93921000000006,41.81439000000046],[32.9423000000001,41.814180000000135],[32.94537000000008,41.81465000000014],[32.94733000000008,41.81299000000007],[32.94921000000022,41.811830000000384],[32.95104000000009,41.80987000000022],[32.951960000000156,41.80915000000033],[32.953420000000165,41.80829000000023],[32.95491000000021,41.80771000000004],[32.95533000000012,41.80707000000018],[32.95555000000019,41.80694000000011],[32.95573000000019,41.806690000000174],[32.95644000000016,41.80667000000011],[32.95672000000019,41.806470000000274],[32.95703000000009,41.80593000000039],[32.95780000000019,41.80571000000009],[32.95884000000012,41.806650000000275],[32.95922000000013,41.80689000000024],[32.96034000000003,41.80733000000038],[32.961530000000096,41.808510000000126],[32.96169000000003,41.80850000000055],[32.961810000000185,41.80791000000005],[32.96213000000017,41.8072800000005],[32.96266000000014,41.807150000000036],[32.96276000000012,41.807240000000036],[32.96305000000012,41.807150000000036],[32.964350000000195,41.80635000000029],[32.96883000000014,41.804610000000196],[32.97114870836697,41.803876354835324],[32.9709000000002,41.80510000000061],[32.972380000000044,41.80760000000015],[32.97322000000014,41.8085200000001],[32.97356000000019,41.80955000000006],[32.976020000000176,41.81192000000004],[32.9791400000002,41.81079000000034],[32.97912000000014,41.8129400000002],[32.979840000000195,41.814050000000066],[32.980580000000145,41.81447000000014]]],"type":"Polygon"}},{"type":"Feature","properties":{"area_id":"TR-37-006-2018389","name_tr":"Ovacık Köyü","area_level":"neighbourhood","parent_id":"TR-37-006","endeksa_id":2018389},"geometry":{"coordinates":[[[32.90299451217135,41.83188504301546],[32.903277102000004,41.83630871300045],[32.897720918000005,41.8375192850001],[32.89548209000009,41.83751014600011],[32.89400586919777,41.837739858641896],[32.88612000000012,41.83747000000017],[32.880190000000084,41.83606000000003],[32.8768300000001,41.83509000000009],[32.86836716891173,41.83223482646389],[32.86265269100005,41.828286127000126],[32.85844134500013,41.82121620800001],[32.858451693999996,41.82112145200017],[32.86422222000016,41.814566026000136],[32.86964076700008,41.812354655000036],[32.870869218000166,41.80953064100015],[32.87690791900002,41.80896304000049],[32.87965417700008,41.806124725000075],[32.87971859000015,41.80617157900036],[32.87980560700015,41.80615912500008],[32.88024991200007,41.80869956300012],[32.89565624300019,41.81161531300012],[32.895816459000116,41.81154515200012],[32.89615605057753,41.8104477849227],[32.896222432777165,41.810549690974995],[32.896385370202324,41.81050088129109],[32.89579000000015,41.811640000000295],[32.907040000000165,41.81239000000039],[32.90765000000016,41.817460000000096],[32.90570000000014,41.82105000000013],[32.908840000000055,41.82429000000036],[32.91199000000012,41.82615000000004],[32.911250000000166,41.8291200000001],[32.91040000000015,41.83043000000032],[32.9085800000002,41.83146000000028],[32.90807000000012,41.83170000000024],[32.90756000000022,41.83154000000036],[32.90737000000013,41.83132000000006],[32.90703000000019,41.831220000000314],[32.90554000000003,41.830320000000086],[32.90523000000013,41.83021000000008],[32.905150000000106,41.830070000000376],[32.9029900000001,41.82897000000031],[32.89996000000019,41.83192000000014],[32.90299451217135,41.83188504301546]]],"type":"Polygon"}},{"type":"Feature","properties":{"area_id":"TR-37-006-2018350","name_tr":"Emirler Köyü","area_level":"neighbourhood","parent_id":"TR-37-006","endeksa_id":2018350},"geometry":{"coordinates":[[[32.81148793606519,41.82231837913838],[32.8170441310001,41.83063901000003],[32.81549478300013,41.83151351900017],[32.81486869600013,41.83811168400018],[32.80853201800005,41.84579952000013],[32.804861023000115,41.845724144000144],[32.802926618000015,41.84572360500033],[32.79384715600003,41.83953446700036],[32.790646056000185,41.83832287800021],[32.78396442000013,41.837424583000086],[32.77279847200015,41.83732525600027],[32.77617544300006,41.83403924400017],[32.77354435100017,41.83226916600012],[32.77449811200012,41.82939108600016],[32.78132592400016,41.82215188800035],[32.77922946600006,41.817134762000364],[32.77918929800012,41.81687027800018],[32.77816205400006,41.81433098800005],[32.77850669000014,41.81239859600004],[32.77721213208645,41.80385132110894],[32.78105000000005,41.8062700000001],[32.78414000000009,41.808570000000145],[32.78823000000011,41.81045000000006],[32.79070000000024,41.81125000000003],[32.79289000000006,41.812080000000094],[32.79843000000011,41.815170000000364],[32.80133000000012,41.81649000000016],[32.80242000000004,41.816900000000146],[32.80781000000013,41.81943000000041],[32.81148793606519,41.82231837913838]]],"type":"Polygon"}},{"type":"Feature","properties":{"area_id":"TR-37-006-2018385","name_tr":"Nanepınarı Köyü","area_level":"neighbourhood","parent_id":"TR-37-006","endeksa_id":2018385},"geometry":{"coordinates":[[[32.82586306000013,41.84590783800002],[32.81960955799997,41.846167745000116],[32.81917704700015,41.84559021800004],[32.80853201800005,41.84579952000013],[32.81486869600013,41.83811168400018],[32.81549478300013,41.83151351900017],[32.8170441310001,41.83063901000003],[32.81148793606519,41.82231837913838],[32.81440000000009,41.81590000000034],[32.815640000000144,41.81352000000027],[32.81701000000021,41.811200000000156],[32.818050000000085,41.809780000000046],[32.81906000000015,41.80815000000018],[32.82033000000007,41.80670000000015],[32.822440000000256,41.805510000000424],[32.82663000000019,41.803710000000706],[32.82946000000004,41.80267000000009],[32.829663812625824,41.80191589328541],[32.83579925100008,41.806826600000136],[32.835486398,41.80797373100012],[32.83407427500015,41.807161092000115],[32.83313486200012,41.81093890700009],[32.83657659199997,41.816978365000125],[32.83661183400005,41.818103741000186],[32.83615947300001,41.82161851400008],[32.836770019000085,41.82346463600061],[32.841259839000145,41.82328085200032],[32.84032474700007,41.82544614700015],[32.84226749400011,41.830268585000056],[32.838045460000046,41.832882947000144],[32.83781633000007,41.83456758599999],[32.83464396800014,41.833900518000235],[32.830041433000076,41.83563303400041],[32.83078149300019,41.839425784000696],[32.82490471100016,41.84547756100022],[32.826247033000186,41.84546565000039],[32.82586306000013,41.84590783800002]]],"type":"Polygon"}},{"type":"Feature","properties":{"area_id":"TR-37-006-2018387","name_tr":"Olucak Köyü","area_level":"neighbourhood","parent_id":"TR-37-006","endeksa_id":2018387},"geometry":{"coordinates":[[[32.96690000000018,41.850360000000194],[32.96511000000004,41.85069000000033],[32.964480000000094,41.85069000000033],[32.96267000000012,41.85127000000017],[32.96113000000025,41.852500000000305],[32.96072000000004,41.852620000000286],[32.95971000000014,41.852560000000324],[32.95926613675283,41.8523869685647],[32.958560000000034,41.852370000000235],[32.95613000000026,41.85152000000022],[32.9545700000001,41.85069000000033],[32.9523200000001,41.84976000000029],[32.94954000000013,41.848780000000204],[32.94748000000004,41.84741000000014],[32.943940000000055,41.84698000000009],[32.94240000000019,41.84706000000017],[32.93835000000013,41.846610000000396],[32.93645000000009,41.84650000000016],[32.934730000000116,41.846300000000326],[32.929470000000094,41.845220000000495],[32.92692000000011,41.84484000000032],[32.92160005557241,41.84450000161871],[32.920510000000206,41.843520000000524],[32.917890000000114,41.84182000000055],[32.91754000000009,41.84094000000022],[32.917390000000125,41.840780000000336],[32.917350000000226,41.8405300000004],[32.91721000000018,41.84055000000012],[32.91721000000018,41.84014000000013],[32.91650000000004,41.83938000000046],[32.91632000000004,41.83858000000038],[32.91639000000015,41.838030000000344],[32.91657000000015,41.83752000000004],[32.914540000000045,41.83714000000003],[32.913140000000226,41.83667000000008],[32.912090000000035,41.83643000000012],[32.911750000000154,41.836260000000266],[32.91127000000023,41.83578000000034],[32.909060000000125,41.83519000000052],[32.9077200000001,41.83448000000004],[32.90679000000006,41.83426000000031],[32.90614000000011,41.83421000000044],[32.90547000000009,41.8337700000003],[32.90530000000007,41.83317000000039],[32.904100000000085,41.832700000000045],[32.903670000000034,41.832640000000026],[32.90299451217135,41.83188504301546],[32.89996000000019,41.83192000000014],[32.9029900000001,41.82897000000031],[32.905150000000106,41.830070000000376],[32.90523000000013,41.83021000000008],[32.90554000000003,41.830320000000086],[32.90703000000019,41.831220000000314],[32.90737000000013,41.83132000000006],[32.90756000000022,41.83154000000036],[32.90807000000012,41.83170000000024],[32.9085800000002,41.83146000000028],[32.91040000000015,41.83043000000032],[32.911250000000166,41.8291200000001],[32.91199000000012,41.82615000000004],[32.91989000000024,41.8296900000002],[32.92397000000011,41.831120000000055],[32.92666000000008,41.83195000000035],[32.93186000000014,41.83325000000059],[32.935040000000186,41.833540000000426],[32.93766000000005,41.83327000000014],[32.938760000000116,41.83374000000009],[32.939350000000104,41.83389000000028],[32.94059000000016,41.83400000000012],[32.94077000000016,41.83353000000034],[32.94132000000019,41.83317000000039],[32.9423900000001,41.83315000000016],[32.944250000000125,41.83211000000006],[32.94498000000016,41.83207000000033],[32.94572000000011,41.83219000000031],[32.94783000000007,41.83176000000026],[32.94792000000024,41.83197000000041],[32.94792000000024,41.832300000000146],[32.94773000000015,41.83257000000009],[32.94861000000009,41.83319000000006],[32.94875000000013,41.83319000000006],[32.94873000000007,41.83346000000023],[32.94904000000014,41.83390000000037],[32.94893000000013,41.83431000000019],[32.948770000000195,41.83442000000008],[32.948830000000214,41.835120000000416],[32.96235000000007,41.83935000000014],[32.96269000000018,41.83947000000012],[32.96341000000007,41.84024000000056],[32.970270000000085,41.84133000000014],[32.97034000000019,41.84186000000034],[32.97019000000006,41.84485000000029],[32.96985000000018,41.84532000000024],[32.969180000000165,41.84561000000008],[32.967600000000175,41.84722000000005],[32.96690000000018,41.850360000000194]]],"type":"Polygon"}},{"type":"Feature","properties":{"area_id":"TR-37-006-2018338","name_tr":"Çamdibi Köyü","area_level":"neighbourhood","parent_id":"TR-37-006","endeksa_id":2018338},"geometry":{"coordinates":[[[33.13204000000019,41.83742000000029],[33.12814000000026,41.84094000000022],[33.124650000000145,41.84760000000006],[33.12492027152723,41.855581357635344],[33.11633003100019,41.852226893000534],[33.105011782000076,41.85217903500012],[33.090632835000065,41.85536454800035],[33.08504689900013,41.851490382000065],[33.074278518000085,41.851027735000116],[33.06834577100011,41.85277010000027],[33.06821318600004,41.85268971200037],[33.06557604400018,41.84477473700019],[33.065780398000186,41.83980218300013],[33.0626899240001,41.83839440400027],[33.046669939000026,41.83992899700013],[33.03465038342006,41.83702794246824],[33.03487000000007,41.83585000000028],[33.03491191972233,41.83487481488237],[33.03576436800017,41.8278711210001],[33.03375062900011,41.82487314800062],[33.036902127000076,41.82325960500043],[33.043459457000154,41.82362375800045],[33.04726847400008,41.82229885300052],[33.04824257400003,41.819796821000125],[33.05217347600001,41.819920616000104],[33.05620167400008,41.81169928600008],[33.06147218700016,41.80818498800005],[33.06328365000019,41.800176269000076],[33.063175031000185,41.8000683930004],[33.06286806500003,41.800117756000134],[33.06318431300008,41.79910798000043],[33.063407069082075,41.79895219662916],[33.06360283673149,41.799074993988995],[33.07697730000007,41.79743029700012],[33.08476964000016,41.79353049800011],[33.08452021600016,41.79230600000005],[33.087275034000186,41.792122264000454],[33.08726386800015,41.79187480600041],[33.08740296000008,41.791852946000006],[33.087447021000116,41.79211079300012],[33.08785222900008,41.791943079000134],[33.08786973600019,41.792082600000185],[33.08924947100019,41.79199057700066],[33.08865367943832,41.79301233951526],[33.08811000000014,41.79341000000005],[33.08780000000007,41.79376000000025],[33.08733000000012,41.79465000000016],[33.08737000000019,41.795220000000256],[33.08789000000007,41.795190000000616],[33.08816000000019,41.79536000000047],[33.08896000000016,41.7955400000003],[33.08975000000015,41.79626000000036],[33.09063000000015,41.79645000000028],[33.09160215012798,41.797062131751034],[33.09362515000015,41.80237450200019],[33.10021075800006,41.807523533000165],[33.09811195100019,41.81709555600014],[33.10198631000003,41.820699772000125],[33.10204287300019,41.82137739800004],[33.10168145300014,41.82298711200053],[33.101782157000116,41.82373730500052],[33.10290983699997,41.82564373000025],[33.10788501300004,41.826515910000296],[33.107934869000076,41.826649302000135],[33.10750253800012,41.8270513810001],[33.10760663700012,41.82717662099998],[33.11924427900004,41.82776826200018],[33.13204833896879,41.8374111075608],[33.13204000000019,41.83742000000029]]],"type":"Polygon"}},{"type":"Feature","properties":{"area_id":"TR-37-006-2018352","name_tr":"Gökçeler Köyü","area_level":"neighbourhood","parent_id":"TR-37-006","endeksa_id":2018352},"geometry":{"coordinates":[[[33.02356026813544,41.84429806755935],[33.020040000000165,41.84424000000041],[33.017040000000065,41.84474000000057],[33.014590000000055,41.84536000000071],[33.01211000000018,41.84495000000021],[33.00826000000012,41.84548000000018],[33.00433000000004,41.845430000000135],[33.000680000000045,41.846180000000345],[32.997680000000116,41.8474700000005],[32.993530000000135,41.848280000000045],[32.991520000000094,41.85009000000019],[32.988390000000095,41.8509600000001],[32.9863900000002,41.85199000000006],[32.9823100000001,41.85354000000041],[32.97876000000019,41.85427000000038],[32.9762300000001,41.855040000000145],[32.97442000000012,41.85585000000037],[32.97351000000015,41.8543300000004],[32.972680000000025,41.853420000000426],[32.96690000000018,41.850360000000194],[32.967600000000175,41.84722000000005],[32.969180000000165,41.84561000000008],[32.96985000000018,41.84532000000024],[32.97019000000006,41.84485000000029],[32.97034000000019,41.84186000000034],[32.970270000000085,41.84133000000014],[32.970050000000185,41.83991000000026],[32.97046000000017,41.838280000000395],[32.97566000000023,41.83241000000004],[32.9773100000001,41.830820000000074],[32.977830000000154,41.83042000000023],[32.97843000000006,41.83006000000029],[32.979650000000106,41.829640000000325],[32.97981000000004,41.829200000000185],[32.98282000000023,41.827120000000036],[32.98403000000013,41.82584000000014],[32.982780000000105,41.824190000000044],[32.98202000000009,41.820840000000146],[32.98109000000005,41.818330000000344],[32.980580000000145,41.81447000000014],[32.98125000000016,41.81193000000013],[32.98426000000018,41.81014000000039],[32.98666000000014,41.80891000000037],[32.993220000000065,41.80841000000021],[33.00211000000024,41.804800000000114],[33.0054300000001,41.80429000000038],[33.00878000000017,41.80320000000029],[33.01303000000013,41.802660000000515],[33.017440000000136,41.801290000000165],[33.021930000000225,41.80114000000037],[33.0259200000001,41.80267000000009],[33.02589000000012,41.803400000000124],[33.02569000000011,41.804450000000145],[33.0258300000001,41.805500000000336],[33.02569000000011,41.80676000000011],[33.02563000000009,41.80831000000046],[33.02569000000011,41.80977000000047],[33.02560000000011,41.811080000000175],[33.0261000000001,41.81202000000047],[33.027660000000026,41.81332000000003],[33.02897000000024,41.813720000000444],[33.02867000000009,41.815140000000156],[33.02846000000011,41.817000000000405],[33.02910000000014,41.81710000000015],[33.02919000000014,41.81770000000006],[33.029330000000186,41.817870000000084],[33.02917000000008,41.818020000000274],[33.029770000000156,41.81894000000034],[33.03015000000016,41.819290000000194],[33.030300000000125,41.819570000000056],[33.03053000000017,41.81962000000033],[33.03050000000019,41.81978000000021],[33.03160000000025,41.822260000000085],[33.032400000000166,41.82381000000004],[33.033300000000224,41.82510000000019],[33.03407579659728,41.82591450132401],[33.03429846661095,41.82594709992037],[33.03436164569172,41.82578277809222],[33.03576436800017,41.8278711210001],[33.03491191972233,41.83487481488237],[33.03487000000007,41.83585000000028],[33.03465038342006,41.83702794246824],[33.03164000000015,41.83867000000015],[33.02558000000005,41.841500000000394],[33.02356026813544,41.84429806755935]]],"type":"Polygon"}},{"type":"Feature","properties":{"area_id":"TR-37-006-2018359","name_tr":"Himmetbeşe Köyü","area_level":"neighbourhood","parent_id":"TR-37-006","endeksa_id":2018359},"geometry":{"coordinates":[[[32.84481810688993,41.84176906809705],[32.84435856800013,41.841572573000064],[32.838152518000186,41.84357167400003],[32.83326132900004,41.845403412000394],[32.83244350600012,41.845410669000046],[32.83164626500019,41.84566747700012],[32.82586306000013,41.84590783800002],[32.826247033000186,41.84546565000039],[32.82490471100016,41.84547756100022],[32.83078149300019,41.839425784000696],[32.830041433000076,41.83563303400041],[32.83464396800014,41.833900518000235],[32.83781633000007,41.83456758599999],[32.838045460000046,41.832882947000144],[32.84226749400011,41.830268585000056],[32.84032474700007,41.82544614700015],[32.841259839000145,41.82328085200032],[32.836770019000085,41.82346463600061],[32.83615947300001,41.82161851400008],[32.83661183400005,41.818103741000186],[32.83657659199997,41.816978365000125],[32.83313486200012,41.81093890700009],[32.83407427500015,41.807161092000115],[32.835486398,41.80797373100012],[32.83579925100008,41.806826600000136],[32.83904737400013,41.80942634500019],[32.83903749000001,41.80961137300022],[32.83924872099999,41.80956757700051],[32.84563695200001,41.81381508400017],[32.85844134500013,41.82121620800001],[32.86265269100005,41.828286127000126],[32.86836716891173,41.83223482646389],[32.863995973365036,41.83391885558484],[32.85791000000012,41.83647000000042],[32.851880000000165,41.83811000000054],[32.84360000000004,41.84125000000029],[32.84476000000012,41.84145000000035],[32.84504806375287,41.84159675502889],[32.845023819289395,41.84174692019843],[32.84481810688993,41.84176906809705]]],"type":"Polygon"}},{"type":"Feature","properties":{"area_id":"TR-37-006-2018365","name_tr":"Kapısuyu Köyü","area_level":"neighbourhood","parent_id":"TR-37-006","endeksa_id":2018365},"geometry":{"coordinates":[[[32.801724665000165,41.85777637400042],[32.80170534200005,41.85787698500013],[32.80226181500018,41.85861894700008],[32.80084182400003,41.85865401800021],[32.7985807770001,41.85912043400043],[32.79693937500019,41.85896810100053],[32.79571783400007,41.85901982200028],[32.79475499000017,41.859325651999995],[32.79142269300007,41.85938321500009],[32.784882278000055,41.86025935500061],[32.775643770000045,41.85924191000004],[32.77458435300002,41.858328127000334],[32.77715695500012,41.85654001900053],[32.775508358000025,41.8554477870004],[32.770578481000086,41.853265645000135],[32.76862713800017,41.85147784700001],[32.768350680000026,41.850705663999975],[32.767614563000166,41.85021797000013],[32.76704612100019,41.850060486000075],[32.766921345000185,41.849758697000084],[32.76603730100004,41.84917299900013],[32.765338916000076,41.849252514],[32.76389501200015,41.84974210600001],[32.76241500800006,41.85000055000012],[32.76104546700003,41.85005033700003],[32.760329613000124,41.84982284400013],[32.7577725430001,41.85011397700015],[32.7584834970001,41.848894174000066],[32.75807354900013,41.84857369600019],[32.75767363199998,41.84843716500018],[32.757759300000146,41.848597900000016],[32.756315203000156,41.8478324780001],[32.75673575400003,41.84730851300037],[32.75621343000017,41.84674272000018],[32.75559642900015,41.84578392000026],[32.75516332900003,41.84546852000045],[32.752654224000025,41.84492102000013],[32.75222982400004,41.84426081999999],[32.75241702400007,41.84292382000058],[32.75277742500015,41.84226882100012],[32.755270328999984,41.84088742100022],[32.75544833000009,41.840446021000105],[32.75549460000019,41.83982340000006],[32.75499020000018,41.83876150000009],[32.753305400000045,41.8380489000001],[32.75292585000011,41.83806004800067],[32.759536825000055,41.83465805600002],[32.76174341000012,41.8376464050001],[32.76826602600016,41.83815481800019],[32.77022474,41.83922835100026],[32.77110433100006,41.83809385000012],[32.77279847200015,41.83732525600027],[32.78396442000013,41.837424583000086],[32.790646056000185,41.83832287800021],[32.79384715600003,41.83953446700036],[32.802926618000015,41.84572360500033],[32.804861023000115,41.845724144000144],[32.80459685500011,41.84926928400051],[32.80388633500013,41.849913190000166],[32.8019279990001,41.85662787100034],[32.801724665000165,41.85777637400042]]],"type":"Polygon"}},{"type":"Feature","properties":{"area_id":"TR-37-006-2018405","name_tr":"Yenice Köyü","area_level":"neighbourhood","parent_id":"TR-37-006","endeksa_id":2018405},"geometry":{"coordinates":[[[32.84772004100017,41.86026443800023],[32.84766412300013,41.86036257100011],[32.847100790000184,41.86034672100004],[32.842352764000054,41.86097761899998],[32.841836329000046,41.860765453000056],[32.83876555600011,41.8606505100002],[32.83822387700013,41.86032985200012],[32.837529353000036,41.860226136999984],[32.836152743000184,41.8606434400005],[32.835580874000186,41.86067498500017],[32.831830114000184,41.862275476000036],[32.82817212400005,41.8615516430001],[32.826935444000014,41.86118904500012],[32.82392337100015,41.860520479],[32.81755639100004,41.855847574000165],[32.814018322000095,41.85791148000004],[32.810134382000115,41.85767460700026],[32.80575917700003,41.85809531000052],[32.80353588600019,41.85822609900009],[32.80271566100009,41.85848898300014],[32.80226740500012,41.858500026000115],[32.801724665000165,41.85777637400042],[32.8019279990001,41.85662787100034],[32.80388633500013,41.849913190000166],[32.80459685500011,41.84926928400051],[32.804861023000115,41.845724144000144],[32.80853201800005,41.84579952000013],[32.81917704700015,41.84559021800004],[32.81960955799997,41.846167745000116],[32.83164626500019,41.84566747700012],[32.83244350600012,41.845410669000046],[32.83326132900004,41.845403412000394],[32.838152518000186,41.84357167400003],[32.84435856800013,41.841572573000064],[32.846534056000166,41.84250279400038],[32.848909630000094,41.84391618699999],[32.84913133698387,41.84419964646389],[32.84916594497628,41.8440415450699],[32.84937671472568,41.84403466398271],[32.850353292693285,41.8447797402236],[32.851350000000195,41.84773000000018],[32.85279000000014,41.85137000000009],[32.8525200000002,41.852060000000165],[32.85186000000016,41.85328000000021],[32.85043000000013,41.8548600000002],[32.84963000000016,41.85616000000044],[32.850077854869994,41.85612657799504],[32.84772004100017,41.86026443800023]]],"type":"Polygon"}},{"type":"Feature","properties":{"area_id":"TR-37-006-2018386","name_tr":"Okçular Köyü","area_level":"neighbourhood","parent_id":"TR-37-006","endeksa_id":2018386},"geometry":{"coordinates":[[[32.94375907762077,41.861120045339874],[32.94139565500012,41.85975461200013],[32.94123195300011,41.85975606200009],[32.93559701400005,41.86314316800002],[32.92904870000007,41.86342199900008],[32.928763854000124,41.863708534000125],[32.928879918999996,41.86383493000005],[32.912681772000155,41.86280272700037],[32.911868267000045,41.86169955500003],[32.91170906400009,41.86134464700052],[32.91088831700017,41.86097965699997],[32.91353941400001,41.854687202000264],[32.91675066700009,41.85167844300008],[32.92160005557241,41.84450000161871],[32.92692000000011,41.84484000000032],[32.929470000000094,41.845220000000495],[32.934730000000116,41.846300000000326],[32.93645000000009,41.84650000000016],[32.93835000000013,41.846610000000396],[32.94240000000019,41.84706000000017],[32.943940000000055,41.84698000000009],[32.94748000000004,41.84741000000014],[32.94954000000013,41.848780000000204],[32.9523200000001,41.84976000000029],[32.9545700000001,41.85069000000033],[32.95613000000026,41.85152000000022],[32.958560000000034,41.852370000000235],[32.95926613675283,41.8523869685647],[32.958411079000086,41.852433937000114],[32.94798933900017,41.85660232700036],[32.94747402400009,41.85946987100016],[32.943834369955425,41.860970204382625],[32.94375907762077,41.861120045339874]]],"type":"Polygon"}},{"type":"Feature","properties":{"area_id":"TR-37-006-2018362","name_tr":"İsaköy Köyü","area_level":"neighbourhood","parent_id":"TR-37-006","endeksa_id":2018362},"geometry":{"coordinates":[[[32.91353941400001,41.854687202000264],[32.911284651000074,41.85306722399997],[32.90873163400016,41.856114554000044],[32.907762845000036,41.86166517000015],[32.904076259000135,41.86435666700015],[32.89676182000005,41.86274175400007],[32.895580000000166,41.86129000000017],[32.89497000000017,41.86075000000011],[32.89504000000005,41.86028000000027],[32.89530000000008,41.85988000000003],[32.89548000000008,41.85983000000016],[32.89516000000003,41.85934000000066],[32.89520000000016,41.859130000000334],[32.89585000000011,41.858910000000606],[32.89596000000017,41.8585400000004],[32.89592000000005,41.858380000000125],[32.896540000000186,41.85811000000035],[32.89672000000019,41.85777000000007],[32.89666000000017,41.85762000000045],[32.89680000000004,41.85744000000034],[32.89670000000012,41.857230000000186],[32.896940000000086,41.856900000000564],[32.89684000000017,41.85675000000026],[32.89690000000013,41.85645000000028],[32.89670000000012,41.85639000000032],[32.89656000000008,41.85681000000022],[32.89641000000012,41.856220000000064],[32.89646000000016,41.85567000000043],[32.896170000000154,41.85533000000015],[32.89592000000005,41.85483000000016],[32.89639000000005,41.85410000000053],[32.89674000000025,41.853770000000225],[32.89718000000005,41.85297000000014],[32.897780000000125,41.85127000000017],[32.897780000000125,41.85105000000004],[32.896290000000135,41.85071000000016],[32.891370000000165,41.84994000000023],[32.8914400000001,41.84849000000037],[32.891370000000165,41.84808000000015],[32.89139000000006,41.84676000000019],[32.89160000000004,41.84499000000011],[32.89209000000005,41.84319000000022],[32.89400586919777,41.837739858641896],[32.89548209000009,41.83751014600011],[32.897720918000005,41.8375192850001],[32.903277102000004,41.83630871300045],[32.90299451217135,41.83188504301546],[32.903670000000034,41.832640000000026],[32.904100000000085,41.832700000000045],[32.90530000000007,41.83317000000039],[32.90547000000009,41.8337700000003],[32.90614000000011,41.83421000000044],[32.90679000000006,41.83426000000031],[32.9077200000001,41.83448000000004],[32.909060000000125,41.83519000000052],[32.91127000000023,41.83578000000034],[32.911750000000154,41.836260000000266],[32.912090000000035,41.83643000000012],[32.913140000000226,41.83667000000008],[32.914540000000045,41.83714000000003],[32.91657000000015,41.83752000000004],[32.91639000000015,41.838030000000344],[32.91632000000004,41.83858000000038],[32.91650000000004,41.83938000000046],[32.91721000000018,41.84014000000013],[32.91721000000018,41.84055000000012],[32.917350000000226,41.8405300000004],[32.917390000000125,41.840780000000336],[32.91754000000009,41.84094000000022],[32.917890000000114,41.84182000000055],[32.920510000000206,41.843520000000524],[32.92160005557241,41.84450000161871],[32.91675066700009,41.85167844300008],[32.91353941400001,41.854687202000264]]],"type":"Polygon"}},{"type":"Feature","properties":{"area_id":"TR-37-006-2018324","name_tr":"Abdulkadir Köyü","area_level":"neighbourhood","parent_id":"TR-37-006","endeksa_id":2018324},"geometry":{"coordinates":[[[32.896757699013506,41.862737172516574],[32.89482000000015,41.863220000000524],[32.89231000000012,41.86329000000012],[32.89030000000008,41.86315000000042],[32.88994000000014,41.8634500000004],[32.889580000000194,41.86350000000027],[32.88941000000017,41.86346000000049],[32.888730000000066,41.86280000000005],[32.88810000000018,41.86287000000016],[32.887870000000134,41.86267000000049],[32.8869200000002,41.86245000000008],[32.88652000000019,41.862260000000674],[32.8849400000002,41.86220000000014],[32.88420000000025,41.86235000000033],[32.88425000000012,41.86280000000005],[32.883690000000115,41.86305000000016],[32.88340000000011,41.86338000000029],[32.88014000000004,41.86465000000021],[32.877020000000186,41.86423000000025],[32.87383000000017,41.86438000000004],[32.87025000000011,41.863430000000164],[32.868730000000085,41.862440000000106],[32.86899000000011,41.86173000000019],[32.87002000000007,41.86195000000009],[32.87019000000009,41.86177000000009],[32.869620000000225,41.861450000000445],[32.869690000000105,41.86129000000017],[32.8691800000002,41.85803000000027],[32.86162000000013,41.856270000000336],[32.85529000000008,41.855440000000044],[32.852310000000045,41.855960000000266],[32.84963000000016,41.85616000000044],[32.85043000000013,41.8548600000002],[32.85186000000016,41.85328000000021],[32.8525200000002,41.852060000000165],[32.85279000000014,41.85137000000009],[32.851350000000195,41.84773000000018],[32.850353292693285,41.8447797402236],[32.84937671472568,41.84403466398271],[32.84916594497628,41.8440415450699],[32.84913133698387,41.84419964646389],[32.848909630000094,41.84391618699999],[32.846534056000166,41.84250279400038],[32.84481810688993,41.84176906809705],[32.845023819289395,41.84174692019843],[32.84504806375287,41.84159675502889],[32.84476000000012,41.84145000000035],[32.84360000000004,41.84125000000029],[32.851880000000165,41.83811000000054],[32.85791000000012,41.83647000000042],[32.863995973365036,41.83391885558484],[32.86836716891173,41.83223482646389],[32.8768300000001,41.83509000000009],[32.880190000000084,41.83606000000003],[32.88612000000012,41.83747000000017],[32.89400586919777,41.837739858641896],[32.89209000000005,41.84319000000022],[32.89160000000004,41.84499000000011],[32.89139000000006,41.84676000000019],[32.891370000000165,41.84808000000015],[32.8914400000001,41.84849000000037],[32.891370000000165,41.84994000000023],[32.896290000000135,41.85071000000016],[32.897780000000125,41.85105000000004],[32.897780000000125,41.85127000000017],[32.89718000000005,41.85297000000014],[32.89674000000025,41.853770000000225],[32.89639000000005,41.85410000000053],[32.89592000000005,41.85483000000016],[32.896170000000154,41.85533000000015],[32.89646000000016,41.85567000000043],[32.89641000000012,41.856220000000064],[32.89656000000008,41.85681000000022],[32.89670000000012,41.85639000000032],[32.89690000000013,41.85645000000028],[32.89684000000017,41.85675000000026],[32.896940000000086,41.856900000000564],[32.89670000000012,41.857230000000186],[32.89680000000004,41.85744000000034],[32.89666000000017,41.85762000000045],[32.89672000000019,41.85777000000007],[32.896540000000186,41.85811000000035],[32.89592000000005,41.858380000000125],[32.89596000000017,41.8585400000004],[32.89585000000011,41.858910000000606],[32.89520000000016,41.859130000000334],[32.89516000000003,41.85934000000066],[32.89548000000008,41.85983000000016],[32.89530000000008,41.85988000000003],[32.89504000000005,41.86028000000027],[32.89497000000017,41.86075000000011],[32.895580000000166,41.86129000000017],[32.896757699013506,41.862737172516574]]],"type":"Polygon"}},{"type":"Feature","properties":{"area_id":"TR-37-006-183740","name_tr":"Kalafat","area_level":"neighbourhood","parent_id":"TR-37-006","endeksa_id":183740},"geometry":{"coordinates":[[[32.89447234800019,41.868837732000145],[32.89433180899999,41.86892872999999],[32.89015407400012,41.86813131600013],[32.88703031600011,41.86799636500007],[32.88684512400005,41.86806812900011],[32.88265008800005,41.86806794100028],[32.88135588900019,41.86775122099999],[32.879298282000036,41.86796917600054],[32.87845506200006,41.867797080000514],[32.87639420000011,41.86819227500007],[32.87268608000005,41.86756567700013],[32.87242887800011,41.8673655610001],[32.86473155700014,41.86402677400031],[32.86180913800018,41.863070124000046],[32.86177306400003,41.862954377000165],[32.8619009360001,41.86279094600019],[32.85955820900017,41.86176812900021],[32.86097894700015,41.86140456900068],[32.86142487400019,41.861130367000555],[32.86285757100012,41.86084596400002],[32.86284626800017,41.86070063200026],[32.86201126700013,41.859146068000086],[32.86185937200008,41.859004443000515],[32.860920097000076,41.85884851600014],[32.85882361400007,41.858680959000026],[32.8581331900001,41.85870324300009],[32.85791776800005,41.85881106900018],[32.85700241900008,41.85967611300049],[32.85825100000011,41.860616804000074],[32.858208090999995,41.8607365230003],[32.857914409000045,41.86081634300018],[32.85801557700006,41.86089707100007],[32.85349030900011,41.85977017500028],[32.85046250500005,41.860783607000144],[32.84849544600013,41.8601614050005],[32.84772004100017,41.86026443800023],[32.850077854869994,41.85612657799504],[32.852310000000045,41.855960000000266],[32.85529000000008,41.855440000000044],[32.86162000000013,41.856270000000336],[32.8691800000002,41.85803000000027],[32.869690000000105,41.86129000000017],[32.869620000000225,41.861450000000445],[32.87019000000009,41.86177000000009],[32.87002000000007,41.86195000000009],[32.86899000000011,41.86173000000019],[32.868730000000085,41.862440000000106],[32.87025000000011,41.863430000000164],[32.87383000000017,41.86438000000004],[32.877020000000186,41.86423000000025],[32.88014000000004,41.86465000000021],[32.88340000000011,41.86338000000029],[32.883690000000115,41.86305000000016],[32.88425000000012,41.86280000000005],[32.88420000000025,41.86235000000033],[32.8849400000002,41.86220000000014],[32.88652000000019,41.862260000000674],[32.8869200000002,41.86245000000008],[32.887870000000134,41.86267000000049],[32.88810000000018,41.86287000000016],[32.888730000000066,41.86280000000005],[32.88941000000017,41.86346000000049],[32.889580000000194,41.86350000000027],[32.88994000000014,41.8634500000004],[32.89030000000008,41.86315000000042],[32.89231000000012,41.86329000000012],[32.89482000000015,41.863220000000524],[32.896757699013506,41.862737172516574],[32.897184340000024,41.867815564000125],[32.89437458600008,41.86881269000003],[32.89447234800019,41.868837732000145]]],"type":"Polygon"}},{"type":"Feature","properties":{"area_id":"TR-37-006-183738","name_tr":"Gebeş","area_level":"neighbourhood","parent_id":"TR-37-006","endeksa_id":183738},"geometry":{"coordinates":[[[32.928879918999996,41.86383493000005],[32.93229133700004,41.86404945300018],[32.932299132000026,41.86423250600012],[32.93251872600007,41.86418531100037],[32.932526975000144,41.86437903400014],[32.93227786100016,41.86429748800015],[32.93226153300003,41.86443541800037],[32.92721735900011,41.865506872000026],[32.91909395400006,41.87504703500008],[32.91853641300003,41.87500003600019],[32.91126417400005,41.87291103900043],[32.9104978900001,41.872721724000485],[32.91041996500013,41.87292263200004],[32.89437458600008,41.86881269000003],[32.897184340000024,41.867815564000125],[32.89676182000005,41.86274175400007],[32.904076259000135,41.86435666700015],[32.907762845000036,41.86166517000015],[32.90873163400016,41.856114554000044],[32.911284651000074,41.85306722399997],[32.91353941400001,41.854687202000264],[32.91088831700017,41.86097965699997],[32.91170906400009,41.86134464700052],[32.911868267000045,41.86169955500003],[32.912681772000155,41.86280272700037],[32.928879918999996,41.86383493000005]]],"type":"Polygon"}},{"type":"Feature","properties":{"area_id":"TR-37-006-2018393","name_tr":"Sırakaya Köyü","area_level":"neighbourhood","parent_id":"TR-37-006","endeksa_id":2018393},"geometry":{"coordinates":[[[33.008571675999974,41.871560127000066],[32.99966148600015,41.87723595299997],[32.999187090000135,41.876943789000165],[32.999050152000166,41.876965332000054],[32.99901671400005,41.87706961300006],[32.998855521000166,41.87672595700042],[32.997971715000006,41.87616670500017],[32.99243288900004,41.875358787000096],[32.99119258500008,41.87390325200005],[32.991265351000095,41.87338551900007],[32.99047561100008,41.87192168100046],[32.99158548500009,41.87110921200065],[32.99161618200009,41.87089093999998],[32.989366800000084,41.86494458500016],[32.97828971900009,41.86023189800005],[32.9743563830001,41.8557792790001],[32.97438021509316,41.85578354608958],[32.97442000000012,41.85585000000037],[32.9762300000001,41.855040000000145],[32.97876000000019,41.85427000000038],[32.9823100000001,41.85354000000041],[32.9863900000002,41.85199000000006],[32.988390000000095,41.8509600000001],[32.991520000000094,41.85009000000019],[32.993530000000135,41.848280000000045],[32.997680000000116,41.8474700000005],[33.000680000000045,41.846180000000345],[33.00433000000004,41.845430000000135],[33.00826000000012,41.84548000000018],[33.01211000000018,41.84495000000021],[33.014590000000055,41.84536000000071],[33.017040000000065,41.84474000000057],[33.020040000000165,41.84424000000041],[33.02356026813544,41.84429806755935],[33.02518444100008,41.85592978600005],[33.02229172900019,41.858101654000336],[33.01296649900007,41.86273266500007],[33.01176527900003,41.86838102600018],[33.01007160900019,41.86993883299999],[33.009712164000064,41.87083339300011],[33.008571675999974,41.871560127000066]]],"type":"Polygon"}},{"type":"Feature","properties":{"area_id":"TR-37-006-183742","name_tr":"Sipahi","area_level":"neighbourhood","parent_id":"TR-37-006","endeksa_id":183742},"geometry":{"coordinates":[[[33.05055632300008,41.871561350000036],[33.04829278700004,41.8681303260002],[33.0430265920001,41.8680640220004],[33.03822631500003,41.868733121000105],[33.033456405000095,41.87332808200006],[33.02032256200005,41.87588724600039],[33.01902848900005,41.87729253900022],[33.01867968500011,41.877313512000114],[33.01879456900019,41.87724263800027],[33.01874656500013,41.87713551500019],[33.008733530000086,41.871558078000305],[33.008571675999974,41.871560127000066],[33.009712164000064,41.87083339300011],[33.01007160900019,41.86993883299999],[33.01176527900003,41.86838102600018],[33.01296649900007,41.86273266500007],[33.02229172900019,41.858101654000336],[33.02518444100008,41.85592978600005],[33.02356026813544,41.84429806755935],[33.02558000000005,41.841500000000394],[33.03164000000015,41.83867000000015],[33.03465038342006,41.83702794246824],[33.046669939000026,41.83992899700013],[33.0626899240001,41.83839440400027],[33.065780398000186,41.83980218300013],[33.06557604400018,41.84477473700019],[33.06824315500012,41.85277869600009],[33.06809510300013,41.852681281000116],[33.06664960300009,41.853226127000255],[33.06656566700008,41.85318765100027],[33.06576259400015,41.853560463000065],[33.062254252000116,41.85485911500018],[33.0592795770001,41.858542878000094],[33.05197325900008,41.86142703100023],[33.05055632300008,41.871561350000036]]],"type":"Polygon"}},{"type":"Feature","properties":{"area_id":"TR-37-006-140841","name_tr":"Kumluca","area_level":"neighbourhood","parent_id":"TR-37-006","endeksa_id":140841},"geometry":{"coordinates":[[[32.9360826460001,41.88086706300004],[32.93576449600005,41.88102866600053],[32.928712699000016,41.87821667900016],[32.919096022000076,41.87510542300009],[32.91909395400006,41.87504703500008],[32.92721735900011,41.865506872000026],[32.93226153300003,41.86443541800037],[32.93227786100016,41.86429748800015],[32.932526975000144,41.86437903400014],[32.93251872600007,41.86418531100037],[32.932299132000026,41.86423250600012],[32.93229133700004,41.86404945300018],[32.928879918999996,41.86383493000005],[32.928763854000124,41.863708534000125],[32.92904870000007,41.86342199900008],[32.93559701400005,41.86314316800002],[32.94123195300011,41.85975606200009],[32.94139565500012,41.85975461200013],[32.94375907762077,41.861120045339874],[32.944327971999996,41.863889021000546],[32.94232117800004,41.86760942000012],[32.942366985000035,41.86802964200007],[32.93633151100016,41.88061409199997],[32.9360826460001,41.88086706300004]]],"type":"Polygon"}},{"type":"Feature","properties":{"area_id":"TR-37-006-140839","name_tr":"Kırcı","area_level":"neighbourhood","parent_id":"TR-37-006","endeksa_id":140839},"geometry":{"coordinates":[[[33.007392031000165,41.881564199000024],[33.00723773300001,41.881636328000184],[33.005431631000135,41.88126751500016],[33.00310693400013,41.881246492000116],[33.001680543000134,41.881601423000404],[33.00160976100011,41.88174202600004],[33.00147862900013,41.88165731000032],[33.001127833000055,41.88174019500019],[33.00096004300019,41.88167817000027],[33.00093513500008,41.88115961300008],[32.99901671400005,41.87706961300006],[32.999050152000166,41.876965332000054],[32.999187090000135,41.876943789000165],[32.99966148600015,41.87723595299997],[33.008571675999974,41.871560127000066],[33.008733530000086,41.871558078000305],[33.01874656500013,41.87713551500019],[33.01879456900019,41.87724263800027],[33.01867968500011,41.877313512000114],[33.00870828700005,41.87792123700001],[33.007392031000165,41.881564199000024]]],"type":"Polygon"}},{"type":"Feature","properties":{"area_id":"TR-37-006-2018402","name_tr":"Velioğlu Köyü","area_level":"neighbourhood","parent_id":"TR-37-006","endeksa_id":2018402},"geometry":{"coordinates":[[[33.12492072262114,41.85558361310507],[33.086558359000094,41.85833967900004],[33.08301774900008,41.861766152000314],[33.083904552000035,41.86545551900031],[33.08184627100013,41.86707766600017],[33.08314316400009,41.87034906300005],[33.08201904400016,41.87163958900021],[33.079207039000096,41.871206345000246],[33.07941144900013,41.87334384900004],[33.07602402300017,41.87398690399999],[33.06698108700016,41.881810635000306],[33.05637756800007,41.87953478800006],[33.05372758200019,41.87070492800024],[33.05055632300008,41.871561350000036],[33.05197325900008,41.86142703100023],[33.0592795770001,41.858542878000094],[33.062254252000116,41.85485911500018],[33.06576259400015,41.853560463000065],[33.06656566700008,41.85318765100027],[33.06664960300009,41.853226127000255],[33.06809510300013,41.852681281000116],[33.06824315500012,41.85277869600009],[33.06821318600004,41.85268971200037],[33.06834577100011,41.85277010000027],[33.074278518000085,41.851027735000116],[33.08504689900013,41.851490382000065],[33.090632835000065,41.85536454800035],[33.105011782000076,41.85217903500012],[33.11633003100019,41.852226893000534],[33.12492072262114,41.85558361310507]]],"type":"Polygon"}},{"type":"Feature","properties":{"area_id":"TR-37-006-183752","name_tr":"Sofular","area_level":"neighbourhood","parent_id":"TR-37-006","endeksa_id":183752},"geometry":{"coordinates":[[[33.001127833000055,41.88174019500019],[33.000960271000054,41.88185138800003],[33.00105810700012,41.884662346000084],[32.99808406300008,41.883105299000135],[32.99298171900017,41.88551701100005],[32.99183318000007,41.88567957700013],[32.99161772700012,41.88558886200019],[32.98970761100014,41.885985727000104],[32.98802850200002,41.88669615600014],[32.98730196300005,41.88807783699997],[32.982624486005875,41.88809692582987],[32.983220000000074,41.88805000000008],[32.98345000000012,41.88776000000024],[32.98327000000012,41.887840000000324],[32.983310000000074,41.88741000000027],[32.98284000000007,41.88728000000032],[32.98241000000024,41.88692000000037],[32.98233000000016,41.886720000000196],[32.98230000000018,41.8870500000001],[32.981760000000065,41.88710000000037],[32.981450000000166,41.887030000000266],[32.98125000000016,41.88693000000035],[32.981450000000166,41.88655000000034],[32.98087000000015,41.88594000000029],[32.98023000000012,41.885920000000056],[32.97972000000004,41.88612000000029],[32.979590000000144,41.885800000000074],[32.97946000000019,41.88583000000028],[32.97873000000004,41.885450000000276],[32.977700000000084,41.88523000000015],[32.97768000000019,41.88495000000012],[32.977290000000096,41.88399000000027],[32.97741000000025,41.883690000000286],[32.97737000000012,41.88359000000054],[32.97714000000008,41.8835000000002],[32.976900000000114,41.8827100000002],[32.976580000000126,41.88241000000028],[32.97678000000013,41.882170000000315],[32.97716000000014,41.88216000000017],[32.9780600000002,41.882600000000366],[32.978130000000135,41.88235000000026],[32.97853000000015,41.88192000000021],[32.97849000000008,41.88163000000037],[32.97820000000024,41.8815800000005],[32.977860000000135,41.88120000000032],[32.97738000000004,41.88020000000017],[32.97596000000016,41.879230000000064],[32.97167000000013,41.87961000000024],[32.96838028202387,41.87807816098547],[32.96504089100006,41.87644139200023],[32.964341729000125,41.87363126900016],[32.964454684000145,41.871494900000584],[32.96418040700013,41.86918307299999],[32.95860187100004,41.85249733300003],[32.958411079000086,41.852433937000114],[32.95926613675283,41.8523869685647],[32.95971000000014,41.852560000000324],[32.96072000000004,41.852620000000286],[32.96113000000025,41.852500000000305],[32.96267000000012,41.85127000000017],[32.964480000000094,41.85069000000033],[32.96511000000004,41.85069000000033],[32.96690000000018,41.850360000000194],[32.972680000000025,41.853420000000426],[32.97351000000015,41.8543300000004],[32.97438021509316,41.85578354608958],[32.9743563830001,41.8557792790001],[32.97828971900009,41.86023189800005],[32.989366800000084,41.86494458500016],[32.99161618200009,41.87089093999998],[32.99158548500009,41.87110921200065],[32.99047561100008,41.87192168100046],[32.991265351000095,41.87338551900007],[32.99119258500008,41.87390325200005],[32.99243288900004,41.875358787000096],[32.997971715000006,41.87616670500017],[32.998855521000166,41.87672595700042],[33.00093513500008,41.88115961300008],[33.00096004300019,41.88167817000027],[33.001127833000055,41.88174019500019]]],"type":"Polygon"}},{"type":"Feature","properties":{"area_id":"TR-37-006-140837","name_tr":"Irmak","area_level":"neighbourhood","parent_id":"TR-37-006","endeksa_id":140837},"geometry":{"coordinates":[[[32.96838028202387,41.87807816098547],[32.967510000000175,41.87873000000059],[32.967690000000175,41.87879000000004],[32.967320000000086,41.8792500000003],[32.96801000000016,41.881370000000175],[32.96758000000011,41.881400000000156],[32.96724000000006,41.881650000000604],[32.96702000000016,41.88166000000018],[32.96675000000016,41.88219000000038],[32.96642000000003,41.88247000000024],[32.96647000000013,41.884560000000135],[32.96679000000012,41.88461000000041],[32.96662000000009,41.885060000000124],[32.96675000000016,41.88653000000011],[32.96656000000007,41.88690000000014],[32.966360000000066,41.88689000000005],[32.965085645223155,41.88869653216619],[32.953079914000114,41.88513982000052],[32.93893171200011,41.88199558700069],[32.93624993200007,41.881185189000064],[32.9360826460001,41.88086706300004],[32.93633151100016,41.88061409199997],[32.942366985000035,41.86802964200007],[32.94232117800004,41.86760942000012],[32.944327971999996,41.863889021000546],[32.94375907762077,41.861120045339874],[32.943834369955425,41.860970204382625],[32.94747402400009,41.85946987100016],[32.94798933900017,41.85660232700036],[32.958411079000086,41.852433937000114],[32.95860187100004,41.85249733300003],[32.96418040700013,41.86918307299999],[32.964454684000145,41.871494900000584],[32.964341729000125,41.87363126900016],[32.96504089100006,41.87644139200023],[32.96838028202387,41.87807816098547]]],"type":"Polygon"}},{"type":"Feature","properties":{"area_id":"TR-37-006-41839","name_tr":"Ece","area_level":"neighbourhood","parent_id":"TR-37-006","endeksa_id":41839},"geometry":{"coordinates":[[[33.01271798482071,41.892150208252986],[33.011503524124976,41.89256572084412],[33.011130000000094,41.89253000000042],[33.01076000000006,41.89275000000032],[33.010660000000144,41.892920000000174],[33.010350000000074,41.89303000000018],[33.00887000000017,41.893290000000206],[33.00873000000013,41.8928700000003],[33.00854000000004,41.892730000000086],[33.0084700000001,41.89276000000041],[33.00777000000011,41.89217000000008],[33.007014111098044,41.892907224978956],[33.005864676000044,41.89217060500005],[33.00578190200008,41.89163587600012],[33.00679385800015,41.891373436000436],[33.007191831000114,41.89099641100006],[33.00719150400005,41.89089405700065],[33.00457640100012,41.8894513650003],[33.00368045700003,41.889196772000105],[33.00357029100019,41.88925177700048],[33.00348670000011,41.8894979050001],[33.00330289800013,41.88950343699997],[33.00267788100007,41.889059453000016],[33.002680358000134,41.88721662200004],[33.00160976100011,41.88174202600004],[33.001680543000134,41.881601423000404],[33.00310693400013,41.881246492000116],[33.005431631000135,41.88126751500016],[33.00723773300001,41.881636328000184],[33.007392031000165,41.881564199000024],[33.00746026100012,41.88169145100039],[33.01093104600017,41.88272409400048],[33.01596203000008,41.88513682300004],[33.02082130500003,41.88918142200043],[33.02081162800005,41.88936178300003],[33.01271798482071,41.892150208252986]]],"type":"Polygon"}},{"type":"Feature","properties":{"area_id":"TR-37-006-41842","name_tr":"Memiş","area_level":"neighbourhood","parent_id":"TR-37-006","endeksa_id":41842},"geometry":{"coordinates":[[[32.982624486005875,41.88809692582987],[32.98239000000018,41.88813000000033],[32.98223000000007,41.88825000000031],[32.98224000000016,41.88833000000051],[32.98150000000004,41.888920000000326],[32.981480000000204,41.889110000000414],[32.981140000000096,41.88931000000059],[32.98038000000014,41.88952000000023],[32.98008000000016,41.88947000000036],[32.97966000000025,41.88971000000032],[32.9790500000002,41.88954000000007],[32.97865000000013,41.889920000000075],[32.978480000000104,41.89021000000008],[32.97850000000017,41.89033000000029],[32.97809000000018,41.891000000000304],[32.97809000000018,41.89109000000008],[32.9781900000001,41.89112000000006],[32.9781900000001,41.89136000000042],[32.9781000000001,41.89133000000004],[32.9781900000001,41.891430000000355],[32.97814000000005,41.89164000000011],[32.97741000000025,41.89245000000034],[32.97723000000008,41.892890000000136],[32.97765000000021,41.89310000000012],[32.97737000000012,41.89372000000026],[32.977129497200565,41.893594520279066],[32.97534991600031,41.892523079000284],[32.97294274100034,41.89150855900016],[32.965085645223155,41.88869653216619],[32.966360000000066,41.88689000000005],[32.96656000000007,41.88690000000014],[32.96675000000016,41.88653000000011],[32.96662000000009,41.885060000000124],[32.96679000000012,41.88461000000041],[32.96647000000013,41.884560000000135],[32.96642000000003,41.88247000000024],[32.96675000000016,41.88219000000038],[32.96702000000016,41.88166000000018],[32.96724000000006,41.881650000000604],[32.96758000000011,41.881400000000156],[32.96801000000016,41.881370000000175],[32.967320000000086,41.8792500000003],[32.967690000000175,41.87879000000004],[32.967510000000175,41.87873000000059],[32.96838028202387,41.87807816098547],[32.97167000000013,41.87961000000024],[32.97596000000016,41.879230000000064],[32.97738000000004,41.88020000000017],[32.977860000000135,41.88120000000032],[32.97820000000024,41.8815800000005],[32.97849000000008,41.88163000000037],[32.97853000000015,41.88192000000021],[32.978130000000135,41.88235000000026],[32.9780600000002,41.882600000000366],[32.97716000000014,41.88216000000017],[32.97678000000013,41.882170000000315],[32.976580000000126,41.88241000000028],[32.976900000000114,41.8827100000002],[32.97714000000008,41.8835000000002],[32.97737000000012,41.88359000000054],[32.97741000000025,41.883690000000286],[32.977290000000096,41.88399000000027],[32.97768000000019,41.88495000000012],[32.977700000000084,41.88523000000015],[32.97873000000004,41.885450000000276],[32.97946000000019,41.88583000000028],[32.979590000000144,41.885800000000074],[32.97972000000004,41.88612000000029],[32.98023000000012,41.885920000000056],[32.98087000000015,41.88594000000029],[32.981450000000166,41.88655000000034],[32.98125000000016,41.88693000000035],[32.981450000000166,41.887030000000266],[32.981760000000065,41.88710000000037],[32.98230000000018,41.8870500000001],[32.98233000000016,41.886720000000196],[32.98241000000024,41.88692000000037],[32.98284000000007,41.88728000000032],[32.983310000000074,41.88741000000027],[32.98327000000012,41.887840000000324],[32.98345000000012,41.88776000000024],[32.983220000000074,41.88805000000008],[32.982624486005875,41.88809692582987]]],"type":"Polygon"}},{"type":"Feature","properties":{"area_id":"TR-37-006-183754","name_tr":"Tarakçı","area_level":"neighbourhood","parent_id":"TR-37-006","endeksa_id":183754},"geometry":{"coordinates":[[[33.06925510489344,41.88645818722853],[33.064620000000104,41.88974000000064],[33.05956000000015,41.89121000000006],[33.052705158211324,41.89337514823785],[33.04349724200017,41.88626850900005],[33.035607954,41.88842810000045],[33.035036969000146,41.88831268600018],[33.03411908400011,41.88853446600001],[33.03377263500016,41.88805712400017],[33.03299946000004,41.88790084300007],[33.03192906300018,41.88729507900041],[33.0302093360001,41.88733687300049],[33.02990971100007,41.88727631100028],[33.02930721100017,41.887358798000264],[33.023559250000176,41.887498494000454],[33.02238867200015,41.88830601300003],[33.020139353000104,41.88861396600038],[33.01596203000008,41.88513682300004],[33.01093104600017,41.88272409400048],[33.00746026100012,41.88169145100039],[33.007392031000165,41.881564199000024],[33.00870828700005,41.87792123700001],[33.01902848900005,41.87729253900022],[33.02032256200005,41.87588724600039],[33.033456405000095,41.87332808200006],[33.03822631500003,41.868733121000105],[33.0430265920001,41.8680640220004],[33.04829278700004,41.8681303260002],[33.05055632300008,41.871561350000036],[33.05372758200019,41.87070492800024],[33.05637756800007,41.87953478800006],[33.06698108700016,41.881810635000306],[33.067195691000165,41.88188200899998],[33.06965739100008,41.884832238000115],[33.069527635000156,41.88495860300003],[33.06959837900018,41.886215684000035],[33.06925510489344,41.88645818722853]]],"type":"Polygon"}},{"type":"Feature","properties":{"area_id":"TR-37-006-2018378","name_tr":"Kumköy Köyü","area_level":"neighbourhood","parent_id":"TR-37-006","endeksa_id":2018378},"geometry":{"coordinates":[[[33.13187892904625,41.894357779033044],[33.131310000000155,41.8943400000004],[33.12439000000012,41.89563000000055],[33.12386000000015,41.895560000000444],[33.123500000000035,41.895280000000184],[33.1232100000002,41.895280000000184],[33.12219000000016,41.894810000000234],[33.10807000000017,41.89049000000017],[33.10773000000012,41.89026000000035],[33.10760000000022,41.890040000000056],[33.107143312605444,41.88975208838178],[33.1091100000001,41.88889000000012],[33.10949000000005,41.887660000000494],[33.11106000000012,41.8871400000001],[33.11187000000018,41.885550000000194],[33.113530000000026,41.88442000000032],[33.11388000000005,41.88404000000014],[33.11450000000019,41.882760000000076],[33.1143100000001,41.88110000000006],[33.11664000000013,41.88116000000019],[33.1188200000002,41.881430000000194],[33.11884000000009,41.880750000000205],[33.11918000000014,41.879910000000166],[33.11928000000006,41.879140000000405],[33.11928000000006,41.876690000000224],[33.118980000000136,41.87578000000025],[33.120340000000056,41.872380000000305],[33.121090000000095,41.86618000000033],[33.12175000000019,41.86581000000024],[33.12175000000019,41.86565000000013],[33.12265000000019,41.865140000000224],[33.122880000000066,41.864800000000514],[33.12280000000021,41.86425000000048],[33.12234000000012,41.86285000000032],[33.12228000000016,41.8621500000001],[33.122390000000166,41.861050000000034],[33.12172000000015,41.85930000000019],[33.121890000000235,41.858820000000264],[33.122850000000085,41.85774000000043],[33.12326000000007,41.85706000000033],[33.12463000000008,41.85638000000017],[33.12501000000009,41.85603000000037],[33.12492027152723,41.855581357635344],[33.124650000000145,41.84760000000006],[33.12814000000026,41.84094000000022],[33.13204000000019,41.83742000000029],[33.16020000000009,41.847790000000145],[33.165010000000166,41.84866000000022],[33.16705000000019,41.848870000000375],[33.17139000000009,41.84814000000051],[33.17082000000022,41.851750000000095],[33.169750000000136,41.85348000000039],[33.17119000000008,41.85591000000039],[33.175240000000144,41.857020000000546],[33.17794000000009,41.85827000000023],[33.177750000000174,41.86077000000034],[33.178631022615775,41.86182711642954],[33.16496000000012,41.87258000000048],[33.16051000000016,41.881990000000314],[33.15689094306231,41.888518298841234],[33.1518607740432,41.89152131226473],[33.151120697894214,41.892279882306354],[33.15110620000331,41.89211850025396],[33.15088670198389,41.892102897904465],[33.14635000000004,41.894810000000234],[33.13187892904625,41.894357779033044]]],"type":"Polygon"}},{"type":"Feature","properties":{"area_id":"TR-37-006-41843","name_tr":"Nasuh","area_level":"neighbourhood","parent_id":"TR-37-006","endeksa_id":41843},"geometry":{"coordinates":[[[33.00330289800013,41.88950343699997],[33.00343401100008,41.889644253000085],[33.003142088000175,41.89115751300005],[33.00305689100014,41.89123337900048],[32.99938743900009,41.891146336000475],[32.998427068000126,41.89094056100009],[32.99582819700015,41.89161254800018],[32.99260175899997,41.89298316300017],[32.98973165900003,41.893039016000046],[32.984604041000125,41.892723959000534],[32.98198582200013,41.89579911400051],[32.980298367000046,41.894835209000064],[32.979361948000076,41.894911975000014],[32.979305035000095,41.89481245200005],[32.97946883100013,41.89448523300007],[32.978806790000135,41.894378500000016],[32.97856982600007,41.894641213],[32.9784119090001,41.8946554610003],[32.978263115000004,41.894231370000114],[32.97793174500015,41.89390002400023],[32.97734334900014,41.89389096500014],[32.977129497200565,41.893594520279066],[32.97737000000012,41.89372000000026],[32.97765000000021,41.89310000000012],[32.97723000000008,41.892890000000136],[32.97741000000025,41.89245000000034],[32.97814000000005,41.89164000000011],[32.9781900000001,41.891430000000355],[32.9781000000001,41.89133000000004],[32.9781900000001,41.89136000000042],[32.9781900000001,41.89112000000006],[32.97809000000018,41.89109000000008],[32.97809000000018,41.891000000000304],[32.97850000000017,41.89033000000029],[32.978480000000104,41.89021000000008],[32.97865000000013,41.889920000000075],[32.9790500000002,41.88954000000007],[32.97966000000025,41.88971000000032],[32.98008000000016,41.88947000000036],[32.98038000000014,41.88952000000023],[32.981140000000096,41.88931000000059],[32.981480000000204,41.889110000000414],[32.98150000000004,41.888920000000326],[32.98224000000016,41.88833000000051],[32.98223000000007,41.88825000000031],[32.98239000000018,41.88813000000033],[32.982624486005875,41.88809692582987],[32.98730196300005,41.88807783699997],[32.98802850200002,41.88669615600014],[32.98970761100014,41.885985727000104],[32.99161772700012,41.88558886200019],[32.99183318000007,41.88567957700013],[32.99298171900017,41.88551701100005],[32.99808406300008,41.883105299000135],[33.00105810700012,41.884662346000084],[33.000960271000054,41.88185138800003],[33.001127833000055,41.88174019500019],[33.00147862900013,41.88165731000032],[33.00160976100011,41.88174202600004],[33.002680358000134,41.88721662200004],[33.00267788100007,41.889059453000016],[33.00330289800013,41.88950343699997]]],"type":"Polygon"}},{"type":"Feature","properties":{"area_id":"TR-37-006-2018384","name_tr":"Musaköy Köyü","area_level":"neighbourhood","parent_id":"TR-37-006","endeksa_id":2018384},"geometry":{"coordinates":[[[33.10376081000015,41.892845903000136],[33.09246168100009,41.89292560100034],[33.08949926800017,41.895955930000696],[33.08867273200019,41.896305704000326],[33.08358483000001,41.894074645000046],[33.08187945900005,41.89449050200005],[33.080479499000035,41.89114442000016],[33.07532820916623,41.89058127916735],[33.06960000000004,41.88622000000004],[33.06925510489344,41.88645818722853],[33.06959837900018,41.886215684000035],[33.069527635000156,41.88495860300003],[33.06965739100008,41.884832238000115],[33.067195691000165,41.88188200899998],[33.06698108700016,41.881810635000306],[33.07602402300017,41.87398690399999],[33.07941144900013,41.87334384900004],[33.079207039000096,41.871206345000246],[33.08201904400016,41.87163958900021],[33.08314316400009,41.87034906300005],[33.08184627100013,41.86707766600017],[33.083904552000035,41.86545551900031],[33.08301774900008,41.861766152000314],[33.086558359000094,41.85833967900004],[33.12492072262114,41.85558361310507],[33.12501000000009,41.85603000000037],[33.12463000000008,41.85638000000017],[33.12326000000007,41.85706000000033],[33.122850000000085,41.85774000000043],[33.121890000000235,41.858820000000264],[33.12172000000015,41.85930000000019],[33.122390000000166,41.861050000000034],[33.12228000000016,41.8621500000001],[33.12234000000012,41.86285000000032],[33.12280000000021,41.86425000000048],[33.122880000000066,41.864800000000514],[33.12265000000019,41.865140000000224],[33.12175000000019,41.86565000000013],[33.12175000000019,41.86581000000024],[33.121090000000095,41.86618000000033],[33.120340000000056,41.872380000000305],[33.118980000000136,41.87578000000025],[33.11928000000006,41.876690000000224],[33.11928000000006,41.879140000000405],[33.11918000000014,41.879910000000166],[33.11884000000009,41.880750000000205],[33.1188200000002,41.881430000000194],[33.11664000000013,41.88116000000019],[33.1143100000001,41.88110000000006],[33.11450000000019,41.882760000000076],[33.11388000000005,41.88404000000014],[33.113530000000026,41.88442000000032],[33.11187000000018,41.885550000000194],[33.11106000000012,41.8871400000001],[33.10949000000005,41.887660000000494],[33.1091100000001,41.88889000000012],[33.107143312605444,41.88975208838178],[33.106780389000164,41.89021920500005],[33.10376081000015,41.892845903000136]]],"type":"Polygon"}},{"type":"Feature","properties":{"area_id":"TR-37-006-2018353","name_tr":"Gökçeören Köyü","area_level":"neighbourhood","parent_id":"TR-37-006","endeksa_id":2018353},"geometry":{"coordinates":[[[33.20832451700011,41.887731702000565],[33.20761405300016,41.8879822290001],[33.2063832930001,41.891624780000086],[33.209797959000184,41.89566563300002],[33.20957439600005,41.89860478200012],[33.20578726600007,41.89712393900044],[33.206146389000025,41.89809545200012],[33.2060675190001,41.898179605000564],[33.20592799000019,41.898164243],[33.197286752000025,41.89262965500001],[33.18264457500004,41.895588568000676],[33.176335642000026,41.88939785300016],[33.169868556000154,41.88738386000006],[33.15689094306231,41.888518298841234],[33.16051000000016,41.881990000000314],[33.16496000000012,41.87258000000048],[33.178631022615775,41.86182711642954],[33.17858697100007,41.86186493900004],[33.19080572400003,41.85930955300017],[33.202713846000165,41.85977553400028],[33.202847593000115,41.85970524900006],[33.20283107500018,41.85981444400011],[33.20293595300012,41.85987848400009],[33.20643255000016,41.86009620000016],[33.20581483600006,41.86173957100016],[33.20801526100013,41.863809565],[33.20686970100019,41.86426286000011],[33.21174101200012,41.86824967100006],[33.19868905000004,41.87739346300003],[33.198666396000135,41.87750304700023],[33.19569954900004,41.87960279100059],[33.1982228330001,41.88238549900012],[33.19637800300006,41.8841027790001],[33.19993078900018,41.88704942800007],[33.201106653000124,41.888761578000185],[33.20761769600017,41.887958150000145],[33.20832451700011,41.887731702000565]]],"type":"Polygon"}},{"type":"Feature","properties":{"area_id":"TR-37-006-183750","name_tr":"Kasım","area_level":"neighbourhood","parent_id":"TR-37-006","endeksa_id":183750},"geometry":{"coordinates":[[[33.05231000270999,41.8930701193475],[33.04480000000012,41.89510000000007],[33.043160000000114,41.8957300000003],[33.042100000000175,41.89723000000009],[33.04171000000008,41.89750000000038],[33.03995000000009,41.89787000000007],[33.039430000000095,41.89789000000013],[33.03932000000003,41.89812000000052],[33.03932000000003,41.89839000000012],[33.038690000000145,41.898830000000316],[33.03782000000007,41.898840000000405],[33.03699000000017,41.89925000000022],[33.03555000000023,41.89911000000018],[33.032930000000135,41.89920000000035],[33.03176000000013,41.898840000000405],[33.02901000000014,41.898500000000695],[33.02644000000015,41.89777000000015],[33.02273000000014,41.897690000000466],[33.019770000000165,41.897260000000415],[33.01573000000025,41.89618000000007],[33.01262000000014,41.896050000000116],[33.01251000000008,41.89592000000039],[33.012580000000185,41.89586000000003],[33.013760000000104,41.89521000000008],[33.01342000000005,41.89479000000017],[33.013850000000105,41.894220000000416],[33.014160000000174,41.89405000000056],[33.01454000000018,41.89361000000042],[33.01391000000007,41.89345000000014],[33.01390000000015,41.893360000000314],[33.0126479807883,41.892334822483065],[33.012626295441464,41.89222954937742],[33.01271798482071,41.892150208252986],[33.02081162800005,41.88936178300003],[33.02082130500003,41.88918142200043],[33.020139353000104,41.88861396600038],[33.02238867200015,41.88830601300003],[33.023559250000176,41.887498494000454],[33.02930721100017,41.887358798000264],[33.02990971100007,41.88727631100028],[33.0302093360001,41.88733687300049],[33.03192906300018,41.88729507900041],[33.03299946000004,41.88790084300007],[33.03377263500016,41.88805712400017],[33.03411908400011,41.88853446600001],[33.035036969000146,41.88831268600018],[33.035607954,41.88842810000045],[33.04349724200017,41.88626850900005],[33.05231000270999,41.8930701193475]]],"type":"Polygon"}},{"type":"Feature","properties":{"area_id":"TR-37-006-41840","name_tr":"Kasaba","area_level":"neighbourhood","parent_id":"TR-37-006","endeksa_id":41840},"geometry":{"coordinates":[[[32.98470069984177,41.899155217834846],[32.9832051460001,41.89877211400011],[32.980761500000085,41.90009642400008],[32.980777551000074,41.89991010200015],[32.98038351500014,41.90030126900007],[32.980133610000166,41.900228810000385],[32.98015175700016,41.90009097000035],[32.983006901000124,41.89835854900008],[32.98494698700006,41.898786189000305],[32.98297732200007,41.89823724600012],[32.98165558100004,41.89887789700043],[32.981482426000014,41.898850677000155],[32.98159233000007,41.89857138900015],[32.98221476600003,41.89816709800033],[32.982509940000114,41.89751431500008],[32.98198582200013,41.89579911400051],[32.984604041000125,41.892723959000534],[32.98973165900003,41.893039016000046],[32.99260175899997,41.89298316300017],[32.99582819700015,41.89161254800018],[32.998427068000126,41.89094056100009],[32.99938743900009,41.891146336000475],[33.00305689100014,41.89123337900048],[33.003142088000175,41.89115751300005],[33.00343401100008,41.889644253000085],[33.00330289800013,41.88950343699997],[33.00348670000011,41.8894979050001],[33.00357029100019,41.88925177700048],[33.00368045700003,41.889196772000105],[33.00457640100012,41.8894513650003],[33.00719150400005,41.89089405700065],[33.007191831000114,41.89099641100006],[33.00679385800015,41.891373436000436],[33.00578190200008,41.89163587600012],[33.005864676000044,41.89217060500005],[33.007014111098044,41.892907224978956],[33.00696000000005,41.89296000000007],[33.00655000000006,41.89278000000013],[33.005950000000155,41.89299000000028],[33.004930000000115,41.89312000000035],[33.00378000000018,41.89359000000019],[33.00345833442071,41.89364000000006],[33.003490764445246,41.89312228391492],[33.00340881812156,41.89293361961438],[33.00202054277213,41.8924324577834],[32.99878404712939,41.8930366537428],[32.99628731800004,41.89450766100015],[32.99580185372287,41.89433006352158],[32.995339308376515,41.89447290292924],[32.98707613717073,41.898384414567204],[32.986201198,41.899040299000035],[32.98552315950212,41.89893814231317],[32.98473217895423,41.89898051376156],[32.984631578992094,41.899032266167296],[32.98470069984177,41.899155217834846]]],"type":"Polygon"}},{"type":"Feature","properties":{"area_id":"TR-37-006-41841","name_tr":"Kemerli","area_level":"neighbourhood","parent_id":"TR-37-006","endeksa_id":41841},"geometry":{"coordinates":[[[33.01262000000014,41.896050000000116],[33.012520000000166,41.89638000000008],[33.01265000000012,41.896670000000086],[33.01265000000012,41.89721000000054],[33.01245000000006,41.89815000000016],[33.012360000000115,41.89814000000007],[33.012090000000114,41.89849000000021],[33.01186000000013,41.89909000000034],[33.01163000000008,41.89919000000026],[33.01124000000016,41.899710000000084],[33.01045000000016,41.90021000000007],[33.01017000000007,41.900200000000154],[33.00990000000013,41.899790000000166],[33.00994112596925,41.89948381299229],[33.009487075630204,41.89913169747973],[33.008150694121866,41.898818292642204],[33.00795000000005,41.898840000000405],[33.00738000000018,41.89868000000013],[33.00715000000014,41.89846000000023],[33.00705191038173,41.89764859671823],[33.006880000000194,41.8973000000002],[33.006910000000175,41.89699412309983],[33.00674000000015,41.89675000000017],[33.0064000000001,41.896820000000275],[33.00606000000022,41.897010000000364],[33.005300000000034,41.89690000000047],[33.00478334064417,41.89659615822774],[33.00448000000023,41.89658000000031],[33.00371132236347,41.89625359171748],[33.002820000000156,41.896300000000565],[33.00222402978386,41.89573118884647],[33.00172000000009,41.895490000000336],[33.001330000000166,41.89519000000041],[33.001300000000185,41.89513000000039],[33.00159000000019,41.894840000000045],[33.00326414429327,41.893859427718155],[33.00345833442071,41.89364000000006],[33.00378000000018,41.89359000000019],[33.004930000000115,41.89312000000035],[33.005950000000155,41.89299000000028],[33.00655000000006,41.89278000000013],[33.00696000000005,41.89296000000007],[33.00777000000011,41.89217000000008],[33.0084700000001,41.89276000000041],[33.00854000000004,41.892730000000086],[33.00873000000013,41.8928700000003],[33.00887000000017,41.893290000000206],[33.010350000000074,41.89303000000018],[33.010660000000144,41.892920000000174],[33.01076000000006,41.89275000000032],[33.011130000000094,41.89253000000042],[33.011503524124976,41.89256572084412],[33.01271798482071,41.892150208252986],[33.012626295441464,41.89222954937742],[33.0126479807883,41.892334822483065],[33.01390000000015,41.893360000000314],[33.01391000000007,41.89345000000014],[33.01454000000018,41.89361000000042],[33.014160000000174,41.89405000000056],[33.013850000000105,41.894220000000416],[33.01342000000005,41.89479000000017],[33.013760000000104,41.89521000000008],[33.012580000000185,41.89586000000003],[33.01251000000008,41.89592000000039],[33.01262000000014,41.896050000000116]]],"type":"Polygon"}},{"type":"Feature","properties":{"area_id":"TR-37-006-41838","name_tr":"Cumhuriyet","area_level":"neighbourhood","parent_id":"TR-37-006","endeksa_id":41838},"geometry":{"coordinates":[[[33.01070000000004,41.904840000000206],[33.01033974234525,41.90508947074983],[33.0096556135685,41.90520984015103],[33.00817000000018,41.90513000000004],[33.007340000000056,41.905250000000706],[33.00646000000006,41.90504000000038],[33.00609000000003,41.90505000000013],[33.00519673266666,41.905423685370806],[33.0032700000001,41.90591000000006],[33.0023758534266,41.90643876705582],[33.00126000000006,41.906180000000234],[33.000117758957515,41.90608300761488],[32.99967000000015,41.90583000000038],[32.9991500000001,41.905720000000144],[32.99912180344779,41.905843720762505],[32.99882496039152,41.90593093997586],[32.99864010896334,41.9059080871707],[32.99855000000019,41.90576000000027],[32.998300000000086,41.90576000000027],[32.99597146989339,41.90600321237673],[32.99552000000011,41.905930000000126],[32.992469629769744,41.905930000000296],[32.992130000000145,41.9058500000001],[32.99052470938784,41.90591710755109],[32.990270000000066,41.90584000000035],[32.989803134269266,41.90592979178143],[32.988820000000146,41.90594000000027],[32.98847795302311,41.90607220469809],[32.987650000000144,41.90614000000045],[32.98609446790874,41.90681494771451],[32.98486000000008,41.90698000000032],[32.98416000000009,41.907260000000065],[32.98509000000007,41.908230000000174],[32.98595907204822,41.90886332134488],[32.9858804986373,41.909277955587584],[32.980977533999976,41.90622818200046],[32.982051160000026,41.9044236310001],[32.98203074800011,41.90418058400019],[32.980550996000034,41.90307541200019],[32.98047511000016,41.9029111480001],[32.97919426400006,41.902046169000016],[32.977703624000185,41.90041576500016],[32.98071954900007,41.90274714400039],[32.982176456000104,41.90308236300018],[32.98351633600009,41.902022564000106],[32.985476658000096,41.90191632800003],[32.98562607100013,41.90174844600017],[32.9856131250001,41.899395732000016],[32.98470069984177,41.899155217834846],[32.984631578992094,41.899032266167296],[32.98473217895423,41.89898051376156],[32.98552315950212,41.89893814231317],[32.986201198,41.899040299000035],[32.98707613717073,41.898384414567204],[32.995339308376515,41.89447290292924],[32.99580185372287,41.89433006352158],[32.99628731800004,41.89450766100015],[32.99878404712939,41.8930366537428],[33.00202054277213,41.8924324577834],[33.00340881812156,41.89293361961438],[33.003490764445246,41.89312228391492],[33.00345833442071,41.89364000000006],[33.00326414429327,41.893859427718155],[33.00159000000019,41.894840000000045],[33.001300000000185,41.89513000000039],[33.001330000000166,41.89519000000041],[33.00172000000009,41.895490000000336],[33.00222402978386,41.89573118884647],[33.002820000000156,41.896300000000565],[33.00371132236347,41.89625359171748],[33.00448000000023,41.89658000000031],[33.00478334064417,41.89659615822774],[33.005300000000034,41.89690000000047],[33.00606000000022,41.897010000000364],[33.0064000000001,41.896820000000275],[33.00674000000015,41.89675000000017],[33.006910000000175,41.89699412309983],[33.006880000000194,41.8973000000002],[33.00705191038173,41.89764859671823],[33.00715000000014,41.89846000000023],[33.00738000000018,41.89868000000013],[33.00795000000005,41.898840000000405],[33.008150694121866,41.898818292642204],[33.009487075630204,41.89913169747973],[33.00994112596925,41.89948381299229],[33.00990000000013,41.899790000000166],[33.01017000000007,41.900200000000154],[33.01045000000016,41.90021000000007],[33.01096692901638,41.89996334652358],[33.01111704354906,41.89996620917947],[33.011170565406815,41.90025234717774],[33.01111000000026,41.90046000000018],[33.01118272617538,41.900609483028404],[33.01064570617427,41.901836957316846],[33.010440000000244,41.902060000000404],[33.009820000000104,41.90419000000003],[33.00998626460944,41.90423881725002],[33.00997000000007,41.90443000000039],[33.01011000000011,41.9045900000001],[33.01070000000004,41.904840000000206]]],"type":"Polygon"}},{"type":"Feature","properties":{"area_id":"TR-37-006-2018400","name_tr":"Üçağıl Köyü","area_level":"neighbourhood","parent_id":"TR-37-006","endeksa_id":2018400},"geometry":{"coordinates":[[[33.23167565557134,41.90588555787389],[33.22999972026969,41.905283081813366],[33.220429262000096,41.90719114300015],[33.21671790400012,41.9058901570001],[33.21509453800013,41.9027831410001],[33.213469424000095,41.90326835800016],[33.21332834500009,41.903243765000354],[33.20957439600005,41.89860478200012],[33.209797959000184,41.89566563300002],[33.2063832930001,41.891624780000086],[33.20761405300016,41.8879822290001],[33.20832451700011,41.887731702000565],[33.21100169062123,41.88682741120596],[33.21510417100012,41.88555967899998],[33.21852412800018,41.88501352300028],[33.22084147800007,41.88431502400016],[33.23994383600018,41.88325138300013],[33.25413352900017,41.87873097200031],[33.25420183400007,41.87859829900026],[33.25479381100007,41.87942468500006],[33.253485685000044,41.88085570099997],[33.25375507600006,41.88103672700004],[33.25375062400019,41.881110469000134],[33.2542787590001,41.88138863200015],[33.263869070000055,41.88783314000011],[33.266657157000054,41.888289535000126],[33.260399959000154,41.891333226000484],[33.26033744500012,41.894395094000515],[33.242501982000135,41.900434426000345],[33.24227148500012,41.90283642900005],[33.23711069500018,41.903865748000214],[33.23667262700019,41.9044479480001],[33.23167565557134,41.90588555787389]]],"type":"Polygon"}},{"type":"Feature","properties":{"area_id":"TR-37-006-140835","name_tr":"Bağyurdu","area_level":"neighbourhood","parent_id":"TR-37-006","endeksa_id":140835},"geometry":{"coordinates":[[[33.04673000000014,41.91059000000007],[33.03713000000022,41.91069000000033],[33.01747000000012,41.907360000000494],[33.01070000000004,41.904840000000206],[33.01011000000011,41.9045900000001],[33.00997000000007,41.90443000000039],[33.00998626460944,41.90423881725002],[33.009820000000104,41.90419000000003],[33.010440000000244,41.902060000000404],[33.01064570617427,41.901836957316846],[33.01118272617538,41.900609483028404],[33.01111000000026,41.90046000000018],[33.011170565406815,41.90025234717774],[33.01111704354906,41.89996620917947],[33.01096692901638,41.89996334652358],[33.01045000000016,41.90021000000007],[33.01124000000016,41.899710000000084],[33.01163000000008,41.89919000000026],[33.01186000000013,41.89909000000034],[33.012090000000114,41.89849000000021],[33.012360000000115,41.89814000000007],[33.01245000000006,41.89815000000016],[33.01265000000012,41.89721000000054],[33.01265000000012,41.896670000000086],[33.012520000000166,41.89638000000008],[33.01262000000014,41.896050000000116],[33.01573000000025,41.89618000000007],[33.019770000000165,41.897260000000415],[33.02273000000014,41.897690000000466],[33.02644000000015,41.89777000000015],[33.02901000000014,41.898500000000695],[33.03176000000013,41.898840000000405],[33.032930000000135,41.89920000000035],[33.03555000000023,41.89911000000018],[33.03699000000017,41.89925000000022],[33.03782000000007,41.898840000000405],[33.038690000000145,41.898830000000316],[33.03932000000003,41.89839000000012],[33.03932000000003,41.89812000000052],[33.039430000000095,41.89789000000013],[33.03995000000009,41.89787000000007],[33.04171000000008,41.89750000000038],[33.042100000000175,41.89723000000009],[33.043160000000114,41.8957300000003],[33.04480000000012,41.89510000000007],[33.05231000270999,41.8930701193475],[33.052705158211324,41.89337514823785],[33.05956000000015,41.89121000000006],[33.064620000000104,41.88974000000064],[33.06925510489344,41.88645818722853],[33.06960000000004,41.88622000000004],[33.07532820916623,41.89058127916735],[33.07417000000015,41.891280000000165],[33.073290000000156,41.891930000000116],[33.072520000000054,41.892580000000294],[33.07135000000005,41.893910000000346],[33.071150000000046,41.8952000000005],[33.07092000000017,41.8960600000006],[33.07062000000025,41.896420000000035],[33.07031000000018,41.89658000000031],[33.06991000000011,41.89753000000019],[33.069300000000055,41.89820000000003],[33.06922000000003,41.89845000000014],[33.06919000000005,41.89880000000011],[33.069580000000144,41.899580000000526],[33.069540000000245,41.900360000000035],[33.06964000000016,41.901380000000245],[33.06951000000004,41.901720000000125],[33.06888000000015,41.90236000000033],[33.06875000000025,41.90301000000011],[33.06847000000016,41.90332000000018],[33.06847000000016,41.90378000000004],[33.06825000000009,41.90412000000032],[33.0676600000001,41.904690000000414],[33.0676600000001,41.90536000000003],[33.066410000000076,41.90557000000018],[33.06574000000006,41.905810000000145],[33.064000000000135,41.90663000000012],[33.063380000000166,41.90678000000014],[33.06305000000003,41.90715000000017],[33.06193000000013,41.90656000000041],[33.061150000000055,41.90641000000005],[33.05927000000008,41.90676000000008],[33.05831000000006,41.907110000000046],[33.05648000000019,41.90759000000037],[33.05532000000011,41.90765000000033],[33.05467000000016,41.907850000000394],[33.05384000000009,41.90826000000038],[33.05315000000019,41.90872000000007],[33.0520800000001,41.909090000000106],[33.0495200000002,41.909710000000246],[33.04673000000014,41.91059000000007]]],"type":"Polygon"}},{"type":"Feature","properties":{"area_id":"TR-37-006-2018325","name_tr":"Ağaçbükü Köyü","area_level":"neighbourhood","parent_id":"TR-37-006","endeksa_id":2018325},"geometry":{"coordinates":[[[33.20592799000019,41.898164243],[33.20626087500011,41.898377451000044],[33.20660429800017,41.89928639700048],[33.20430258800013,41.90317497700016],[33.2060548450001,41.90833427900037],[33.20458836000017,41.9097400120001],[33.20128226300011,41.90907854900013],[33.20168886699997,41.91271632500002],[33.197741428355585,41.915135967971025],[33.197672789265425,41.914973599422694],[33.19744425665397,41.915004063923845],[33.19374690900014,41.91336191100015],[33.191673885,41.914401982000186],[33.191368523000165,41.913872625000124],[33.190437346000124,41.90694832900027],[33.18036046599997,41.909257737000075],[33.175282258000095,41.910336945000154],[33.175003427000036,41.91053584400004],[33.16532328800014,41.909664251000095],[33.16416710500016,41.909961850000116],[33.16291378800008,41.90941345500016],[33.157372742999996,41.90883670800014],[33.155790259000185,41.90925118100006],[33.15559299600011,41.90926093200039],[33.1551525800802,41.908834996980715],[33.154975575000265,41.90858719600027],[33.15434833800032,41.908521909000285],[33.15424456000028,41.90756448300044],[33.15362576100034,41.90669876300058],[33.154060411000216,41.90586557200032],[33.15397621300036,41.90508878200086],[33.15645876400032,41.901268117000484],[33.15396605200033,41.90159839500063],[33.15327876700036,41.897721717000195],[33.154730785000254,41.8963391700006],[33.15241063985155,41.8911931665408],[33.15689094306231,41.888518298841234],[33.169868556000154,41.88738386000006],[33.176335642000026,41.88939785300016],[33.18264457500004,41.895588568000676],[33.197286752000025,41.89262965500001],[33.20592799000019,41.898164243]]],"type":"Polygon"}},{"type":"Feature","properties":{"area_id":"TR-37-006-2018382","name_tr":"Mencekli Köyü","area_level":"neighbourhood","parent_id":"TR-37-006","endeksa_id":2018382},"geometry":{"coordinates":[[[33.11798222400017,41.914930581000135],[33.110413711000035,41.91776032100029],[33.09996604000003,41.913634964000096],[33.09495127200006,41.91460360100007],[33.09533511100011,41.91376638100007],[33.095272871000134,41.91366667600005],[33.09512586800014,41.913671357],[33.09546712900004,41.91348510000017],[33.09937484300008,41.90501325200012],[33.098983549000025,41.903692775000025],[33.10376081000015,41.892845903000136],[33.106780389000164,41.89021920500005],[33.107143312605444,41.88975208838178],[33.10760000000022,41.890040000000056],[33.10773000000012,41.89026000000035],[33.10807000000017,41.89049000000017],[33.12219000000016,41.894810000000234],[33.1232100000002,41.895280000000184],[33.123500000000035,41.895280000000184],[33.12386000000015,41.895560000000444],[33.12439000000012,41.89563000000055],[33.131310000000155,41.8943400000004],[33.13187892904625,41.894357779033044],[33.13473207100009,41.895503818000236],[33.13610010700012,41.89838773800011],[33.13009383499997,41.90660950400007],[33.118284240000094,41.90854464100005],[33.11672108900018,41.91110153000045],[33.11836498200006,41.91186926200038],[33.11834070300006,41.91192126500033],[33.11868056600002,41.91201869600013],[33.11841921900003,41.91269356900028],[33.11850422100014,41.91271369700053],[33.11798222400017,41.914930581000135]]],"type":"Polygon"}},{"type":"Feature","properties":{"area_id":"TR-37-006-2018363","name_tr":"İshakça Köyü","area_level":"neighbourhood","parent_id":"TR-37-006","endeksa_id":2018363},"geometry":{"coordinates":[[[33.27970335000009,41.910186130000056],[33.27988420500003,41.91065149399998],[33.276960566000184,41.9100222240005],[33.273139892000074,41.9125696860001],[33.27392192800011,41.91451302500019],[33.26969098600017,41.91735904400002],[33.26959793800012,41.917308999000056],[33.26783763100019,41.92228974799997],[33.267710252000086,41.922361342000215],[33.26758230100006,41.9222883190003],[33.26484399800006,41.914745805999985],[33.24873645900004,41.913183850999985],[33.24681396600005,41.911630446000515],[33.23761526200008,41.912390022000125],[33.2378784870001,41.90937293600007],[33.23148258123456,41.90607869847588],[33.2314825815518,41.90592967072058],[33.23167565557134,41.90588555787389],[33.23667262700019,41.9044479480001],[33.23711069500018,41.903865748000214],[33.24227148500012,41.90283642900005],[33.242501982000135,41.900434426000345],[33.26033744500012,41.894395094000515],[33.260399959000154,41.891333226000484],[33.266657157000054,41.888289535000126],[33.27648724400012,41.88989866700018],[33.28361853700011,41.88753370799998],[33.28042042400011,41.89192069899997],[33.281386575,41.896495678000235],[33.27720710000017,41.903811277000045],[33.27970335000009,41.910186130000056]]],"type":"Polygon"}},{"type":"Feature","properties":{"area_id":"TR-37-006-2018340","name_tr":"Çayüstü Köyü","area_level":"neighbourhood","parent_id":"TR-37-006","endeksa_id":2018340},"geometry":{"coordinates":[[[33.08646288500006,41.92333107800016],[33.08498846300006,41.923962189000065],[33.085142396000094,41.92663098100007],[33.05861915900016,41.922508101000005],[33.05049808185555,41.91436492986918],[33.05022716692929,41.914368146394224],[33.05036000000007,41.91423000000049],[33.04673000000014,41.91059000000007],[33.0495200000002,41.909710000000246],[33.0520800000001,41.909090000000106],[33.05315000000019,41.90872000000007],[33.05384000000009,41.90826000000038],[33.05467000000016,41.907850000000394],[33.05532000000011,41.90765000000033],[33.05648000000019,41.90759000000037],[33.05831000000006,41.907110000000046],[33.05927000000008,41.90676000000008],[33.061150000000055,41.90641000000005],[33.06193000000013,41.90656000000041],[33.06305000000003,41.90715000000017],[33.063380000000166,41.90678000000014],[33.064000000000135,41.90663000000012],[33.06574000000006,41.905810000000145],[33.066410000000076,41.90557000000018],[33.0676600000001,41.90536000000003],[33.0676600000001,41.904690000000414],[33.06825000000009,41.90412000000032],[33.06847000000016,41.90378000000004],[33.06847000000016,41.90332000000018],[33.06875000000025,41.90301000000011],[33.06888000000015,41.90236000000033],[33.06951000000004,41.901720000000125],[33.06964000000016,41.901380000000245],[33.069540000000245,41.900360000000035],[33.069580000000144,41.899580000000526],[33.06919000000005,41.89880000000011],[33.06922000000003,41.89845000000014],[33.069300000000055,41.89820000000003],[33.06991000000011,41.89753000000019],[33.07031000000018,41.89658000000031],[33.07062000000025,41.896420000000035],[33.07092000000017,41.8960600000006],[33.071150000000046,41.8952000000005],[33.07135000000005,41.893910000000346],[33.072520000000054,41.892580000000294],[33.073290000000156,41.891930000000116],[33.07417000000015,41.891280000000165],[33.07532820916623,41.89058127916735],[33.080479499000035,41.89114442000016],[33.08187945900005,41.89449050200005],[33.08358483000001,41.894074645000046],[33.08867273200019,41.896305704000326],[33.08949926800017,41.895955930000696],[33.09246168100009,41.89292560100034],[33.10376081000015,41.892845903000136],[33.098983549000025,41.903692775000025],[33.09937484300008,41.90501325200012],[33.09546712900004,41.91348510000017],[33.092646073000026,41.91503228300019],[33.08770933700015,41.92273328200008],[33.08646288500006,41.92333107800016]]],"type":"Polygon"}},{"type":"Feature","properties":{"area_id":"TR-37-006-2018391","name_tr":"Pehlivanlı Köyü","area_level":"neighbourhood","parent_id":"TR-37-006","endeksa_id":2018391},"geometry":{"coordinates":[[[33.191673885,41.914401982000186],[33.19379755000011,41.91808354800014],[33.19113313300005,41.91871505200032],[33.192253218000076,41.92114065900006],[33.19128163400018,41.925623709000035],[33.18809190400003,41.92711872900014],[33.182122727000035,41.92584362000002],[33.181379343000174,41.92617842900012],[33.18139514900008,41.92592722900065],[33.18113846400007,41.92585373300011],[33.18147059600017,41.92472740000005],[33.18039074600017,41.924017246999995],[33.18274776400017,41.92250883500043],[33.18278671400003,41.92240728300055],[33.17888627000008,41.91826788200012],[33.16606296400005,41.91672035200048],[33.16224771500015,41.91226250900013],[33.15629681200005,41.909965563000696],[33.15561921800014,41.909295979000035],[33.157372742999996,41.90883670800014],[33.16291378800008,41.90941345500016],[33.16416710500016,41.909961850000116],[33.16532328800014,41.909664251000095],[33.175003427000036,41.91053584400004],[33.175282258000095,41.910336945000154],[33.18036046599997,41.909257737000075],[33.190437346000124,41.90694832900027],[33.191368523000165,41.913872625000124],[33.191673885,41.914401982000186]]],"type":"Polygon"}},{"type":"Feature","properties":{"area_id":"TR-37-006-2018347","name_tr":"Doğankaya Köyü","area_level":"neighbourhood","parent_id":"TR-37-006","endeksa_id":2018347},"geometry":{"coordinates":[[[33.23777241900001,41.91237704500003],[33.237609767000095,41.91246213500017],[33.23747403200014,41.91400880900039],[33.23725754800017,41.91441845400027],[33.23030497100018,41.91738096000006],[33.229202682000164,41.92131008400008],[33.216980826000054,41.92900453499999],[33.213868075000164,41.9283531440002],[33.21073905000014,41.92724352600004],[33.21258482000013,41.92298594300047],[33.209624715000075,41.922865880000074],[33.20977066100005,41.921527291000075],[33.20847752800012,41.92180985400006],[33.208191218000024,41.92158555100042],[33.20470567000012,41.921715981000375],[33.202926575000106,41.92304218300018],[33.202355709000074,41.92316854000006],[33.201960696000185,41.92069994600024],[33.19815842600019,41.91869672200005],[33.19808969500008,41.91837661400007],[33.19974258500008,41.916971997000076],[33.200528105000046,41.916492173000165],[33.20038558100015,41.9164255820001],[33.200474500000155,41.91635002100048],[33.197741428355585,41.915135967971025],[33.20168886699997,41.91271632500002],[33.20128226300011,41.90907854900013],[33.20458836000017,41.9097400120001],[33.2060548450001,41.90833427900037],[33.20430258800013,41.90317497700016],[33.20660429800017,41.89928639700048],[33.20626087500011,41.898377451000044],[33.20592799000019,41.898164243],[33.2060675190001,41.898179605000564],[33.206146389000025,41.89809545200012],[33.20578726600007,41.89712393900044],[33.20957439600005,41.89860478200012],[33.21332834500009,41.903243765000354],[33.213469424000095,41.90326835800016],[33.21509453800013,41.9027831410001],[33.21671790400012,41.9058901570001],[33.220429262000096,41.90719114300015],[33.22999972026969,41.905283081813366],[33.23167565557134,41.90588555787389],[33.2314825815518,41.90592967072058],[33.23148258123456,41.90607869847588],[33.2378784870001,41.90937293600007],[33.23761526200008,41.912390022000125],[33.23777241900001,41.91237704500003]]],"type":"Polygon"}},{"type":"Feature","properties":{"area_id":"TR-37-006-2018377","name_tr":"Köseli Köyü","area_level":"neighbourhood","parent_id":"TR-37-006","endeksa_id":2018377},"geometry":{"coordinates":[[[33.05022716692929,41.914368146394224],[33.04861000000005,41.91605000000044],[33.0436600000001,41.91944000000029],[33.035130000000095,41.92351000000025],[33.03517000000022,41.923590000000445],[33.03468000000015,41.92395000000039],[33.03478000000007,41.92414000000048],[33.034540000000106,41.92450000000042],[33.03366000000017,41.92465000000004],[33.02740000000017,41.92668000000032],[33.02731000000017,41.92660000000012],[33.02718217705063,41.92612814471636],[33.027428571000144,41.924746966999976],[33.02744219200031,41.92367189200047],[33.02739681600025,41.92348235700035],[33.02701317600014,41.92327146600002],[33.0274529940001,41.922819330000095],[33.02746635400018,41.92176492200025],[33.0272036890002,41.921265481000034],[33.02684613100024,41.92089220800034],[33.025116277000336,41.91976848000007],[33.02438207200021,41.919950884000286],[33.02429849200024,41.919885678000185],[33.02424848300029,41.91955886800014],[33.02387882600033,41.91931448600036],[33.02280569400017,41.91934143900005],[33.022582627000304,41.91828827100045],[33.02213389700029,41.91796781400035],[33.02062697600019,41.91724253000052],[33.018752453000275,41.91677089900031],[33.014990573000034,41.91639947200008],[33.01321678100004,41.916455951000046],[33.011848788000066,41.916043698000124],[33.01132733100019,41.91553120900005],[33.00683393899999,41.911971479000044],[33.00558829400006,41.91137977400001],[33.005184621000126,41.91133673200005],[33.00411303700014,41.911456706000195],[33.00265576700019,41.91106708900003],[32.9858804986373,41.909277955587584],[32.98595907204822,41.90886332134488],[32.98509000000007,41.908230000000174],[32.98416000000009,41.907260000000065],[32.98486000000008,41.90698000000032],[32.98609446790874,41.90681494771451],[32.987650000000144,41.90614000000045],[32.98847795302311,41.90607220469809],[32.988820000000146,41.90594000000027],[32.989803134269266,41.90592979178143],[32.990270000000066,41.90584000000035],[32.99052470938784,41.90591710755109],[32.992130000000145,41.9058500000001],[32.992469629769744,41.905930000000296],[32.99552000000011,41.905930000000126],[32.99597146989339,41.90600321237673],[32.998300000000086,41.90576000000027],[32.99855000000019,41.90576000000027],[32.99864010896334,41.9059080871707],[32.99882496039152,41.90593093997586],[32.99912180344779,41.905843720762505],[32.9991500000001,41.905720000000144],[32.99967000000015,41.90583000000038],[33.000117758957515,41.90608300761488],[33.00126000000006,41.906180000000234],[33.0023758534266,41.90643876705582],[33.0032700000001,41.90591000000006],[33.00519673266666,41.905423685370806],[33.00609000000003,41.90505000000013],[33.00646000000006,41.90504000000038],[33.007340000000056,41.905250000000706],[33.00817000000018,41.90513000000004],[33.0096556135685,41.90520984015103],[33.01033974234525,41.90508947074983],[33.01070000000004,41.904840000000206],[33.01747000000012,41.907360000000494],[33.03713000000022,41.91069000000033],[33.04673000000014,41.91059000000007],[33.05036000000007,41.91423000000049],[33.05022716692929,41.914368146394224]]],"type":"Polygon"}},{"type":"Feature","properties":{"area_id":"TR-37-006-2018349","name_tr":"Düzköy Köyü","area_level":"neighbourhood","parent_id":"TR-37-006","endeksa_id":2018349},"geometry":{"coordinates":[[[33.11798222400017,41.914930581000135],[33.12001475000011,41.917184413000086],[33.119741465000175,41.91796116300003],[33.11568991500013,41.9214314890001],[33.11974209700003,41.92362637000008],[33.11979483700014,41.92372373800032],[33.11882759000014,41.9267139870002],[33.11627208100015,41.92801969900023],[33.112809838000146,41.93354749300005],[33.11271503600011,41.933447960000024],[33.10907767400005,41.93269402100009],[33.10334414000016,41.92789017299998],[33.094833677000054,41.92508482800014],[33.08864317200005,41.924824677000004],[33.08728935900001,41.92495760700018],[33.08646288500006,41.92333107800016],[33.08770933700015,41.92273328200008],[33.092646073000026,41.91503228300019],[33.09512586800014,41.913671357],[33.095272871000134,41.91366667600005],[33.09533511100011,41.91376638100007],[33.09495127200006,41.91460360100007],[33.09996604000003,41.913634964000096],[33.110413711000035,41.91776032100029],[33.11798222400017,41.914930581000135]]],"type":"Polygon"}},{"type":"Feature","properties":{"area_id":"TR-37-006-2018334","name_tr":"Beltepe Köyü","area_level":"neighbourhood","parent_id":"TR-37-006","endeksa_id":2018334},"geometry":{"coordinates":[[[33.24376169300018,41.93205032500066],[33.23926345500013,41.93033913800002],[33.234356659000014,41.9339812570002],[33.23100123400013,41.9347758100003],[33.23078640000011,41.9347134150002],[33.22743521900003,41.93537592000007],[33.227527217000045,41.93269522700001],[33.22149856800007,41.93180804800005],[33.22152725200016,41.9305851830004],[33.220368732000054,41.93146567100007],[33.216980826000054,41.92900453499999],[33.229202682000164,41.92131008400008],[33.23030497100018,41.91738096000006],[33.23725754800017,41.91441845400027],[33.23747403200014,41.91400880900039],[33.237609767000095,41.91246213500017],[33.23777241900001,41.91237704500003],[33.24681396600005,41.911630446000515],[33.24873645900004,41.913183850999985],[33.26484399800006,41.914745805999985],[33.268456641000114,41.92469664600003],[33.26836763400007,41.92485010000007],[33.26818549800015,41.92479385400003],[33.26366526300012,41.926416669000105],[33.26361871000012,41.926503314000115],[33.263684199000124,41.92657830100052],[33.264789014000144,41.926900585],[33.261653503000105,41.928517272000136],[33.26132451200016,41.93078334500012],[33.24376169300018,41.93205032500066]]],"type":"Polygon"}},{"type":"Feature","properties":{"area_id":"TR-37-006-2018376","name_tr":"Kovanören Köyü","area_level":"neighbourhood","parent_id":"TR-37-006","endeksa_id":2018376},"geometry":{"coordinates":[[[33.213868075000164,41.9283531440002],[33.20567087400002,41.93223362900005],[33.203668828000104,41.93482200600022],[33.199921173999996,41.93380736400013],[33.19846450200009,41.935257568000054],[33.193317630000024,41.935726848000115],[33.19330009800018,41.93560696100042],[33.19101763599997,41.935570769000265],[33.19025227000009,41.93610774200005],[33.19017334600011,41.936024006000196],[33.19036754200005,41.93490119400019],[33.18661998700003,41.93225400900013],[33.182419207000066,41.934763649000274],[33.182065924000085,41.93011456400063],[33.1818162830001,41.93013672600051],[33.18159633900018,41.93032915500004],[33.1816167290001,41.93022506800003],[33.18150403100003,41.93016614600009],[33.18020691600009,41.930279554000094],[33.180624286000125,41.92651902800014],[33.18095805900015,41.92581239500021],[33.18113846400007,41.92585373300011],[33.18139514900008,41.92592722900065],[33.181379343000174,41.92617842900012],[33.182122727000035,41.92584362000002],[33.18809190400003,41.92711872900014],[33.19128163400018,41.925623709000035],[33.192253218000076,41.92114065900006],[33.19113313300005,41.91871505200032],[33.19379755000011,41.91808354800014],[33.191673885,41.914401982000186],[33.19374690900014,41.91336191100015],[33.19744425665397,41.915004063923845],[33.197672789265425,41.914973599422694],[33.197741428355585,41.915135967971025],[33.200474500000155,41.91635002100048],[33.20038558100015,41.9164255820001],[33.200528105000046,41.916492173000165],[33.19974258500008,41.916971997000076],[33.19808969500008,41.91837661400007],[33.19815842600019,41.91869672200005],[33.201960696000185,41.92069994600024],[33.202355709000074,41.92316854000006],[33.202926575000106,41.92304218300018],[33.20470567000012,41.921715981000375],[33.208191218000024,41.92158555100042],[33.20847752800012,41.92180985400006],[33.20977066100005,41.921527291000075],[33.209624715000075,41.922865880000074],[33.21258482000013,41.92298594300047],[33.21073905000014,41.92724352600004],[33.213868075000164,41.9283531440002]]],"type":"Polygon"}},{"type":"Feature","properties":{"area_id":"TR-37-006-2018406","name_tr":"Yeniköy Köyü","area_level":"neighbourhood","parent_id":"TR-37-006","endeksa_id":2018406},"geometry":{"coordinates":[[[33.30072393800015,41.93253873500004],[33.3006261590001,41.93262835400026],[33.28047611300019,41.9366934410001],[33.278809503000105,41.93689646299998],[33.27871412700006,41.936986777000186],[33.27869647600011,41.93688000200018],[33.26940674000008,41.92604172699998],[33.269361669000034,41.925138963999984],[33.269228154000075,41.92509247100014],[33.26869400100003,41.9252059610003],[33.26836763400007,41.92485010000007],[33.268456641000114,41.92469664600003],[33.26758230100006,41.9222883190003],[33.267710252000086,41.922361342000215],[33.26783763100019,41.92228974799997],[33.26959793800012,41.917308999000056],[33.26969098600017,41.91735904400002],[33.27392192800011,41.91451302500019],[33.273139892000074,41.9125696860001],[33.276960566000184,41.9100222240005],[33.27988420500003,41.91065149399998],[33.27970335000009,41.910186130000056],[33.27978517700001,41.910065070000314],[33.279951849000156,41.91011825600009],[33.28108247300008,41.91271359899997],[33.28128071800006,41.91276204799999],[33.28137662400019,41.91237472400013],[33.283848073000115,41.911305459000175],[33.286344093000025,41.90935244700006],[33.289956532000076,41.90449337600012],[33.29917522500017,41.9008797840001],[33.30182371400019,41.8989346900006],[33.30202803200018,41.898949271000106],[33.30277977600002,41.89935147600045],[33.302540782000165,41.89972445100017],[33.3025806280001,41.89982659700041],[33.30402626500006,41.90010255300018],[33.304580242000156,41.90047013800046],[33.3045975010001,41.90069676800056],[33.30445124100004,41.90079149700017],[33.30238687900015,41.90053324400003],[33.30225155500011,41.90063223700014],[33.30768251500007,41.90511489500045],[33.30633446000019,41.90936287100021],[33.30782143400012,41.91097454200025],[33.30801268500005,41.91098924300013],[33.307963034000124,41.91112500700035],[33.30887550900019,41.91207579100018],[33.31161873500014,41.91230312000022],[33.311724470000115,41.9124241790002],[33.306572758000186,41.91439692600011],[33.30309707800018,41.9210175770005],[33.30291239100012,41.92105876500017],[33.302294816000085,41.920668397000384],[33.30212321200008,41.92072478799997],[33.301896415000044,41.92260703100038],[33.303745971000126,41.924271054000485],[33.30137588400004,41.92674245300009],[33.301071431000025,41.928935066000065],[33.30154596000011,41.92949999300032],[33.300914493000164,41.93020419800041],[33.30072393800015,41.93253873500004]]],"type":"Polygon"}},{"type":"Feature","properties":{"area_id":"TR-37-006-2018396","name_tr":"Soğucak Köyü","area_level":"neighbourhood","parent_id":"TR-37-006","endeksa_id":2018396},"geometry":{"coordinates":[[[33.18159633900018,41.93032915500004],[33.17829231000013,41.93319104700004],[33.17189631200006,41.933574702000044],[33.17178872800008,41.933494370000176],[33.17157201300017,41.93221689800032],[33.16821069700006,41.9345419980005],[33.16858018500005,41.93574036500007],[33.16853255700005,41.93583478500011],[33.16471453900016,41.93517549400019],[33.16268368800007,41.93741469800051],[33.15464781900016,41.93301341300008],[33.15448018700033,41.933518324000204],[33.1537282820002,41.93188960200041],[33.146280650000335,41.92278740100022],[33.14628792300033,41.922305950000066],[33.14676317700025,41.91421490400012],[33.1551525800802,41.908834996980715],[33.15559299600011,41.90926093200039],[33.155790259000185,41.90925118100006],[33.15561921800014,41.909295979000035],[33.15629681200005,41.909965563000696],[33.16224771500015,41.91226250900013],[33.16606296400005,41.91672035200048],[33.17888627000008,41.91826788200012],[33.18278671400003,41.92240728300055],[33.18274776400017,41.92250883500043],[33.18039074600017,41.924017246999995],[33.18147059600017,41.92472740000005],[33.18113846400007,41.92585373300011],[33.18095805900015,41.92581239500021],[33.180624286000125,41.92651902800014],[33.18020691600009,41.930279554000094],[33.18150403100003,41.93016614600009],[33.1816167290001,41.93022506800003],[33.18159633900018,41.93032915500004]]],"type":"Polygon"}},{"type":"Feature","properties":{"area_id":"TR-37-006-2018342","name_tr":"Çilekçe Köyü","area_level":"neighbourhood","parent_id":"TR-37-006","endeksa_id":2018342},"geometry":{"coordinates":[[[33.33600327300013,41.91724924000005],[33.33602297700003,41.917493371000035],[33.33670399200014,41.9187940770002],[33.306453050000016,41.938551195000116],[33.30641285000007,41.93865304700006],[33.30072393800015,41.93253873500004],[33.300914493000164,41.93020419800041],[33.30154596000011,41.92949999300032],[33.301071431000025,41.928935066000065],[33.30137588400004,41.92674245300009],[33.303745971000126,41.924271054000485],[33.301896415000044,41.92260703100038],[33.30212321200008,41.92072478799997],[33.302294816000085,41.920668397000384],[33.30291239100012,41.92105876500017],[33.30309707800018,41.9210175770005],[33.306572758000186,41.91439692600011],[33.311724470000115,41.9124241790002],[33.31161873500014,41.91230312000022],[33.30887550900019,41.91207579100018],[33.307963034000124,41.91112500700035],[33.30801268500005,41.91098924300013],[33.311536163000085,41.90955782000009],[33.31161006000008,41.90964445700024],[33.3115968890001,41.91121512900003],[33.31836815500009,41.91324715300061],[33.31926062400015,41.91451316400014],[33.323254405000114,41.916563972000176],[33.330048575000035,41.91586159800016],[33.33390901700005,41.91514837000011],[33.33581470000007,41.917151459000024],[33.33600327300013,41.91724924000005]]],"type":"Polygon"}},{"type":"Feature","properties":{"area_id":"TR-37-006-2018380","name_tr":"Kuşçu Köyü","area_level":"neighbourhood","parent_id":"TR-37-006","endeksa_id":2018380},"geometry":{"coordinates":[[[33.08728935900001,41.92495760700018],[33.08947890700017,41.94000079100016],[33.081621017000145,41.939036532000046],[33.07809863600011,41.93801968000014],[33.07230130800008,41.937059204000036],[33.07092519000008,41.937011282000526],[33.07042817800016,41.93606349700053],[33.069443490000026,41.935576078999986],[33.06398765800003,41.93435411000007],[33.060780360000024,41.934084268000106],[33.05909954700013,41.933715093000046],[33.05715501000009,41.93371898600026],[33.05672155000008,41.93393661500005],[33.05632787800005,41.93356339500008],[33.05064896599998,41.932618194000156],[33.05005777300005,41.93290120500018],[33.04984531800011,41.933325331000106],[33.04903030500009,41.93334514400004],[33.04862911300012,41.933012174000396],[33.04889572300016,41.93191841100008],[33.04744923600009,41.93111530200048],[33.04643222900006,41.93101513700009],[33.04543310800011,41.93152713300003],[33.04530448700001,41.93146902100017],[33.04518827600009,41.93165840400047],[33.043897425000125,41.93201120700007],[33.04320445500019,41.93172128100008],[33.04272751300016,41.93067107700023],[33.042176891000054,41.93024111800008],[33.04034151700006,41.929786222000644],[33.03909493200007,41.92968466000059],[33.0387273230001,41.92910188999997],[33.03816181700006,41.92893749000041],[33.037443378000034,41.92904233100029],[33.03708196400015,41.929330011000104],[33.0369504140001,41.92976093100009],[33.03681495900014,41.92981359099997],[33.03603481500011,41.92936548500006],[33.031281009000054,41.92758653999999],[33.02987315800016,41.927562855000076],[33.02912409600003,41.92773958100014],[33.02776427500004,41.92737033600008],[33.02729277500009,41.92693706600045],[33.02714064400004,41.926360961000114],[33.02718217705063,41.92612814471636],[33.02731000000017,41.92660000000012],[33.02740000000017,41.92668000000032],[33.03366000000017,41.92465000000004],[33.034540000000106,41.92450000000042],[33.03478000000007,41.92414000000048],[33.03468000000015,41.92395000000039],[33.03517000000022,41.923590000000445],[33.035130000000095,41.92351000000025],[33.0436600000001,41.91944000000029],[33.04861000000005,41.91605000000044],[33.05022716692929,41.914368146394224],[33.05049808185555,41.91436492986918],[33.05861915900016,41.922508101000005],[33.085142396000094,41.92663098100007],[33.08498846300006,41.923962189000065],[33.08646288500006,41.92333107800016],[33.08728935900001,41.92495760700018]]],"type":"Polygon"}},{"type":"Feature","properties":{"area_id":"TR-37-006-2018392","name_tr":"Sakallı Köyü","area_level":"neighbourhood","parent_id":"TR-37-006","endeksa_id":2018392},"geometry":{"coordinates":[[[33.10499835200005,41.94366997100053],[33.10488427100012,41.943823609000276],[33.1038140980001,41.94361367600004],[33.10188382600012,41.9436117420006],[33.09944206500012,41.942959646000645],[33.096778680000114,41.943005384000344],[33.09361153300017,41.94184196200018],[33.09211053100012,41.940997568000114],[33.09007288800001,41.94046487200046],[33.08947890700017,41.94000079100016],[33.08728935900001,41.92495760700018],[33.08864317200005,41.924824677000004],[33.094833677000054,41.92508482800014],[33.10334414000016,41.92789017299998],[33.10907767400005,41.93269402100009],[33.11271503600011,41.933447960000024],[33.112809838000146,41.93354749300005],[33.11254411900006,41.93775163700059],[33.10946759000018,41.941567346000056],[33.10455714500006,41.94344148000005],[33.10499835200005,41.94366997100053]]],"type":"Polygon"}},{"type":"Feature","properties":{"area_id":"TR-37-006-2018372","name_tr":"Kıranlıkoz Köyü","area_level":"neighbourhood","parent_id":"TR-37-006","endeksa_id":2018372},"geometry":{"coordinates":[[[33.27832475700018,41.94305217000016],[33.27382647200005,41.944750564000174],[33.27276248200013,41.94465830900009],[33.26246569900019,41.94738636300036],[33.262272246000066,41.94774356199997],[33.26205588100004,41.94762975800052],[33.26177457099999,41.94838720400048],[33.2616602098002,41.94835726360009],[33.26248833000017,41.94359853000003],[33.26081192600003,41.94348077100051],[33.26065977100012,41.94154419000006],[33.26153960200003,41.93740314600012],[33.26376666200008,41.9353304390001],[33.26398402700005,41.93059160600012],[33.26147927400018,41.930740814000046],[33.26133399000008,41.93068610000017],[33.261653503000105,41.928517272000136],[33.264789014000144,41.926900585],[33.263684199000124,41.92657830100052],[33.26361871000012,41.926503314000115],[33.26366526300012,41.926416669000105],[33.26818549800015,41.92479385400003],[33.26836763400007,41.92485010000007],[33.26869400100003,41.9252059610003],[33.269228154000075,41.92509247100014],[33.269361669000034,41.925138963999984],[33.26940674000008,41.92604172699998],[33.27869647600011,41.93688000200018],[33.27871412700006,41.936986777000186],[33.27832475700018,41.94305217000016]]],"type":"Polygon"}},{"type":"Feature","properties":{"area_id":"TR-37-006-2018375","name_tr":"Konuklar Köyü","area_level":"neighbourhood","parent_id":"TR-37-006","endeksa_id":2018375},"geometry":{"coordinates":[[[33.18558920590823,41.94713809237106],[33.18564519600011,41.947093087999974],[33.17176524700017,41.94455849800005],[33.16848913400008,41.94548349200039],[33.16946891500004,41.949058699000034],[33.16945223500011,41.9492288230004],[33.169139868000286,41.94923540600013],[33.1663394170003,41.94876006200042],[33.166472197000246,41.946673121000345],[33.15674067200018,41.94860601800082],[33.153174865000324,41.94577163200029],[33.153721371000245,41.93766266400041],[33.1556984030002,41.936157138000226],[33.154163803000245,41.93447125200032],[33.15464781900016,41.93301341300008],[33.16268368800007,41.93741469800051],[33.16471453900016,41.93517549400019],[33.16853255700005,41.93583478500011],[33.16858018500005,41.93574036500007],[33.16821069700006,41.9345419980005],[33.17157201300017,41.93221689800032],[33.17178872800008,41.933494370000176],[33.17189631200006,41.933574702000044],[33.17829231000013,41.93319104700004],[33.1818162830001,41.93013672600051],[33.182065924000085,41.93011456400063],[33.182419207000066,41.934763649000274],[33.18661998700003,41.93225400900013],[33.19036754200005,41.93490119400019],[33.19017334600011,41.936024006000196],[33.19025227000009,41.93610774200005],[33.190145949000055,41.93618235400015],[33.190000693000115,41.937021116000096],[33.18685118800005,41.93887575800011],[33.1869032460001,41.939000067000165],[33.192569326000125,41.94159316500014],[33.193447890000186,41.94369275300011],[33.191681356000174,41.944396010000105],[33.18903828599997,41.944365809000374],[33.186689914,41.947270189000164],[33.185742239090985,41.94709973763656],[33.18558920590823,41.94713809237106]]],"type":"Polygon"}},{"type":"Feature","properties":{"area_id":"TR-37-006-2018374","name_tr":"Koçlar Köyü","area_level":"neighbourhood","parent_id":"TR-37-006","endeksa_id":2018374},"geometry":{"coordinates":[[[33.151120697894214,41.892279882306354],[33.14270318100023,41.9009077460006],[33.14026155900035,41.910257320000255],[33.13477045800033,41.91614352500062],[33.135836196000355,41.92023111399999],[33.13108630200031,41.92510331400024],[33.13340995100026,41.93044852300028],[33.1333598840003,41.93048104100035],[33.1348592180002,41.934169694000275],[33.134254965000196,41.93771564800022],[33.130969178000214,41.93796417100026],[33.12759353900026,41.941152080000336],[33.13191186100033,41.946546455000316],[33.13228781100031,41.94980497200021],[33.12454228200011,41.94911780800004],[33.12201173400018,41.94926131900024],[33.11787959300011,41.94789075900053],[33.115691165000044,41.947631271000375],[33.11120290200006,41.94630763300046],[33.10895176300005,41.9458820710006],[33.10710344000012,41.944329639000046],[33.10499835200005,41.94366997100053],[33.10455714500006,41.94344148000005],[33.10946759000018,41.941567346000056],[33.11254411900006,41.93775163700059],[33.112809838000146,41.93354749300005],[33.11627208100015,41.92801969900023],[33.11882759000014,41.9267139870002],[33.11979483700014,41.92372373800032],[33.11974209700003,41.92362637000008],[33.11568991500013,41.9214314890001],[33.119741465000175,41.91796116300003],[33.12001475000011,41.917184413000086],[33.11798222400017,41.914930581000135],[33.11850422100014,41.91271369700053],[33.11841921900003,41.91269356900028],[33.11868056600002,41.91201869600013],[33.11834070300006,41.91192126500033],[33.11836498200006,41.91186926200038],[33.11672108900018,41.91110153000045],[33.118284240000094,41.90854464100005],[33.13009383499997,41.90660950400007],[33.13610010700012,41.89838773800011],[33.13473207100009,41.895503818000236],[33.13187892904625,41.894357779033044],[33.14635000000004,41.894810000000234],[33.15088670198389,41.892102897904465],[33.15110620000331,41.89211850025396],[33.151120697894214,41.892279882306354]]],"type":"Polygon"}},{"type":"Feature","properties":{"area_id":"TR-37-006-2018337","name_tr":"Çamaltı Köyü","area_level":"neighbourhood","parent_id":"TR-37-006","endeksa_id":2018337},"geometry":{"coordinates":[[[33.14277866415449,41.94899317206216],[33.141954098000326,41.94880246600019],[33.1412957400002,41.948854727000366],[33.14014501700029,41.9493717010003],[33.139740094000274,41.949350897000386],[33.139628796000295,41.948912386000586],[33.138087091000216,41.9495057500003],[33.13796559000036,41.949420775000476],[33.13804205700035,41.94902574100064],[33.13755082700021,41.948964994000676],[33.13545264800024,41.94930387900024],[33.13481861600036,41.94986406400028],[33.13398218800029,41.94997097400028],[33.13244240300031,41.949940717000345],[33.13228781100031,41.94980497200021],[33.13191186100033,41.946546455000316],[33.12759353900026,41.941152080000336],[33.130969178000214,41.93796417100026],[33.134254965000196,41.93771564800022],[33.1348592180002,41.934169694000275],[33.1333598840003,41.93048104100035],[33.13340995100026,41.93044852300028],[33.13108630200031,41.92510331400024],[33.135836196000355,41.92023111399999],[33.13477045800033,41.91614352500062],[33.14026155900035,41.910257320000255],[33.14270318100023,41.9009077460006],[33.1518607740432,41.89152131226473],[33.15241063985155,41.8911931665408],[33.154730785000254,41.8963391700006],[33.15327876700036,41.897721717000195],[33.15396605200033,41.90159839500063],[33.15645876400032,41.901268117000484],[33.15397621300036,41.90508878200086],[33.154060411000216,41.90586557200032],[33.15362576100034,41.90669876300058],[33.15424456000028,41.90756448300044],[33.15434833800032,41.908521909000285],[33.154975575000265,41.90858719600027],[33.1551525800802,41.908834996980715],[33.14676317700025,41.91421490400012],[33.14628792300033,41.922305950000066],[33.146280650000335,41.92278740100022],[33.1537282820002,41.93188960200041],[33.15448018700033,41.933518324000204],[33.154163803000245,41.93447125200032],[33.1556984030002,41.936157138000226],[33.153721371000245,41.93766266400041],[33.15321911300026,41.945115082000314],[33.15252329900022,41.94668873800032],[33.14789160900034,41.94874775100055],[33.14572569500035,41.94829287300075],[33.14551655600036,41.94859014400021],[33.142686478000314,41.94840232600035],[33.14296504751621,41.94860222159605],[33.14277866415449,41.94899317206216]]],"type":"Polygon"}},{"type":"Feature","properties":{"area_id":"TR-37-006-2018345","name_tr":"Derebağ Köyü","area_level":"neighbourhood","parent_id":"TR-37-006","endeksa_id":2018345},"geometry":{"coordinates":[[[33.36926986100019,41.941119447000176],[33.369194890000074,41.941064243000085],[33.367079878000084,41.94297699900039],[33.362234779000005,41.94670626100003],[33.35442742999999,41.94856343600014],[33.348868451000044,41.95146005000004],[33.347816169,41.94916386600062],[33.34767173200004,41.94910620900038],[33.34756265200008,41.94919475900042],[33.34760034000004,41.94884088800018],[33.347447223000074,41.9487626790002],[33.33911249400012,41.95022355900028],[33.335834299,41.94928501400034],[33.33357323100017,41.946343140000465],[33.33067766500005,41.94581169500009],[33.330668340000045,41.94570552200014],[33.331406365000134,41.94481422100017],[33.33137024000007,41.944698483000366],[33.32732768200009,41.943745001000025],[33.327455315000066,41.941586069000095],[33.32537531800017,41.939660879000144],[33.31901676700011,41.94090026099997],[33.31779810500018,41.94073363700005],[33.315143876000036,41.93986995300003],[33.31499317300012,41.939900497000394],[33.31423543600005,41.94329839800025],[33.3116706080001,41.94587180800005],[33.31596067500004,41.9488508120001],[33.315909701000066,41.94896700900023],[33.315626904000055,41.94901089300015],[33.31530617600015,41.94892868199997],[33.31504999200013,41.94917861200008],[33.31080777100004,41.950197545000435],[33.30641285000007,41.93865304700006],[33.306453050000016,41.938551195000116],[33.33670399200014,41.9187940770002],[33.33602297700003,41.917493371000035],[33.33600327300013,41.91724924000005],[33.33741612200009,41.916582583000036],[33.33744858699998,41.91664875900051],[33.33818325600015,41.91634352700015],[33.338139116000036,41.91624175200013],[33.34064186100005,41.91513751300016],[33.345498851000116,41.91993327500012],[33.35129467100006,41.922832325],[33.35497472800017,41.926142857],[33.35541518700012,41.92908446400031],[33.360319634999996,41.9328138080005],[33.36049013900009,41.9328138080005],[33.36311293200009,41.930964910000114],[33.36326887000007,41.930952128000115],[33.36333512100009,41.93103573700006],[33.36333093200005,41.93257977300004],[33.368906486000014,41.936667914],[33.369029990000115,41.936635039000066],[33.3718594340001,41.93418392700045],[33.37205606500015,41.934189328000116],[33.373793984000145,41.93689155300012],[33.36984788687181,41.94047179465423],[33.36957729300019,41.940922094000086],[33.36926986100019,41.941119447000176]]],"type":"Polygon"}},{"type":"Feature","properties":{"area_id":"TR-37-006-2018399","name_tr":"Toygarlı Köyü","area_level":"neighbourhood","parent_id":"TR-37-006","endeksa_id":2018399},"geometry":{"coordinates":[[[33.22743521900003,41.93537592000007],[33.22509557799998,41.93617424900009],[33.223253097000054,41.94504676000014],[33.221236329000135,41.94656659700007],[33.21789216200011,41.95244917600013],[33.21134106400007,41.95176349900015],[33.211970764000114,41.95120657799998],[33.21186913500014,41.95107517600013],[33.21021463300019,41.951483949000135],[33.20648294434932,41.94481407718206],[33.206323872912776,41.944810215949474],[33.206230738386864,41.94490951572624],[33.206341330999976,41.945949363000125],[33.19921001400013,41.946859030000155],[33.19845494600003,41.9466409470005],[33.19821530899998,41.94666196200001],[33.19444906600006,41.94548394900016],[33.19360320500016,41.94373314100011],[33.193210580000084,41.94378755400004],[33.193447890000186,41.94369275300011],[33.192569326000125,41.94159316500014],[33.1869032460001,41.939000067000165],[33.18685118800005,41.93887575800011],[33.190000693000115,41.937021116000096],[33.190145949000055,41.93618235400015],[33.19101763599997,41.935570769000265],[33.19330009800018,41.93560696100042],[33.193317630000024,41.935726848000115],[33.19846450200009,41.935257568000054],[33.199921173999996,41.93380736400013],[33.203668828000104,41.93482200600022],[33.20567087400002,41.93223362900005],[33.213868075000164,41.9283531440002],[33.216980826000054,41.92900453499999],[33.220368732000054,41.93146567100007],[33.22152725200016,41.9305851830004],[33.22149856800007,41.93180804800005],[33.227527217000045,41.93269522700001],[33.22743521900003,41.93537592000007]]],"type":"Polygon"}},{"type":"Feature","properties":{"area_id":"TR-37-006-2018344","name_tr":"Denizkonak Köyü","area_level":"neighbourhood","parent_id":"TR-37-006","endeksa_id":2018344},"geometry":{"coordinates":[[[33.169139868000286,41.94923540600013],[33.16984568400022,41.95350904400027],[33.167771680000214,41.954966000000354],[33.157671871000275,41.95401474700043],[33.15758814500026,41.953993596000544],[33.15710519500027,41.95311108400017],[33.15425411300026,41.95281710400036],[33.152684138000325,41.95284421900021],[33.15158787300027,41.95334875700041],[33.14981007700027,41.95324126900056],[33.14845143400021,41.952649178000684],[33.14740388000024,41.953150145000336],[33.14731280600034,41.95307044500032],[33.14726844100028,41.95184184700042],[33.14602102800035,41.950996438000175],[33.145624735000354,41.95051075800052],[33.14500635500036,41.95006702100028],[33.144581754000455,41.94996859100053],[33.14384824900043,41.949814202000766],[33.14361961100053,41.949672461000546],[33.143273924000425,41.94910771600075],[33.14277866415449,41.94899317206216],[33.14296504751621,41.94860222159605],[33.142686478000314,41.94840232600035],[33.14551655600036,41.94859014400021],[33.14572569500035,41.94829287300075],[33.14789160900034,41.94874775100055],[33.15252329900022,41.94668873800032],[33.15321911300026,41.945115082000314],[33.153174865000324,41.94577163200029],[33.15674067200018,41.94860601800082],[33.166472197000246,41.946673121000345],[33.1663394170003,41.94876006200042],[33.169139868000286,41.94923540600013]]],"type":"Polygon"}},{"type":"Feature","properties":{"area_id":"TR-37-006-2018408","name_tr":"Yurtbaşı Köyü","area_level":"neighbourhood","parent_id":"TR-37-006","endeksa_id":2018408},"geometry":{"coordinates":[[[33.31080777100004,41.950197545000435],[33.30975213600016,41.95322019300005],[33.307469358000105,41.95405764500043],[33.300501231000055,41.95394030600005],[33.30041814500015,41.95400868900015],[33.29998288000007,41.95555008800005],[33.29934947800007,41.955788447000145],[33.299222543000155,41.955514574999995],[33.29881596100006,41.95574020200047],[33.298777611000105,41.95564974900003],[33.2992130130001,41.95548925200012],[33.29917162600009,41.95539163700016],[33.29925856,41.95535477900029],[33.298453173999974,41.95202737100067],[33.29199789100011,41.95049301100005],[33.283490310000104,41.94570572000066],[33.278766327000085,41.94523457000008],[33.27832475700018,41.94305217000016],[33.27871412700006,41.936986777000186],[33.278809503000105,41.93689646299998],[33.28047611300019,41.9366934410001],[33.3006261590001,41.93262835400026],[33.30072393800015,41.93253873500004],[33.30641285000007,41.93865304700006],[33.31080777100004,41.950197545000435]]],"type":"Polygon"}},{"type":"Feature","properties":{"area_id":"TR-37-006-2018403","name_tr":"Yalçınköy Köyü","area_level":"neighbourhood","parent_id":"TR-37-006","endeksa_id":2018403},"geometry":{"coordinates":[[[33.22773289700018,41.95872655900001],[33.225476658000105,41.959006404000036],[33.22401308600013,41.957454888000086],[33.22300007500007,41.95756899100053],[33.222923063999986,41.95631442000001],[33.21940854799999,41.95268661900013],[33.21789216200011,41.95244917600013],[33.221236329000135,41.94656659700007],[33.223253097000054,41.94504676000014],[33.22509557799998,41.93617424900009],[33.22743521900003,41.93537592000007],[33.23078640000011,41.9347134150002],[33.23100123400013,41.9347758100003],[33.234356659000014,41.9339812570002],[33.23926345500013,41.93033913800002],[33.24376169300018,41.93205032500066],[33.24640136800019,41.94063937300007],[33.25206823100018,41.947283395],[33.24773139500019,41.94886193700006],[33.24495407800015,41.95010741700008],[33.24179806700005,41.951166270000385],[33.24126838100011,41.951760257000046],[33.23972880700006,41.95245067400043],[33.23754989700012,41.955930141000465],[33.231008008000174,41.956667000000095],[33.23090785200003,41.95682078400017],[33.22754260700003,41.957272068000066],[33.22773289700018,41.95872655900001]]],"type":"Polygon"}},{"type":"Feature","properties":{"area_id":"TR-37-006-2018401","name_tr":"Uğurlu Köyü","area_level":"neighbourhood","parent_id":"TR-37-006","endeksa_id":2018401},"geometry":{"coordinates":[[[33.18602834500007,41.966992659000425],[33.18589802200006,41.967085814000086],[33.18243990100018,41.966871803000004],[33.18215333300009,41.967019053000115],[33.17952396100014,41.96679413300052],[33.17946019600009,41.96668739900002],[33.17924037300014,41.96667379500019],[33.17640023800004,41.96357695900025],[33.17526663700016,41.96327434199998],[33.17409637300011,41.96218472500016],[33.17378606000011,41.9612793040003],[33.17310652200001,41.96101716700019],[33.17281437700012,41.96059576100032],[33.172687145000054,41.95952826400037],[33.17204159500011,41.95882436700015],[33.17038047500017,41.95851071700014],[33.16996196300016,41.95832083700003],[33.16882769800003,41.95809024900012],[33.169601748000105,41.95573659100012],[33.16899097100014,41.955479410000066],[33.16695313800034,41.95488783900055],[33.167771680000214,41.954966000000354],[33.16984568400022,41.95350904400027],[33.169139868000286,41.94923540600013],[33.16945223500011,41.9492288230004],[33.16946891500004,41.949058699000034],[33.16848913400008,41.94548349200039],[33.17176524700017,41.94455849800005],[33.18564519600011,41.947093087999974],[33.18307700200006,41.94915738100019],[33.18485228300011,41.95016126700045],[33.18483412800015,41.95251912800023],[33.18241184699997,41.95439250200019],[33.18242011700016,41.95741943100023],[33.18249357100018,41.95758749300046],[33.18749827200014,41.959599010000034],[33.187080257000105,41.963208143000145],[33.18983003100004,41.96422362200019],[33.18602834500007,41.966992659000425]]],"type":"Polygon"}},{"type":"Feature","properties":{"area_id":"TR-37-006-2018335","name_tr":"Beşevler Köyü","area_level":"neighbourhood","parent_id":"TR-37-006","endeksa_id":2018335},"geometry":{"coordinates":[[[33.23722034000008,41.96802338100008],[33.236994487000175,41.96806207800017],[33.23673436600001,41.96846789800054],[33.23655333900007,41.968463680000184],[33.22818553400003,41.96123711800004],[33.22773289700018,41.95872655900001],[33.22754260700003,41.957272068000066],[33.23090785200003,41.95682078400017],[33.231008008000174,41.956667000000095],[33.23754989700012,41.955930141000465],[33.23972880700006,41.95245067400043],[33.24126838100011,41.951760257000046],[33.24179806700005,41.951166270000385],[33.24495407800015,41.95010741700008],[33.24773139500019,41.94886193700006],[33.25005692600013,41.956153959000176],[33.24468780200016,41.962770035999995],[33.239660800000024,41.96356175000017],[33.23709347699997,41.96788583300025],[33.23710536700008,41.967979416000446],[33.23722034000008,41.96802338100008]]],"type":"Polygon"}},{"type":"Feature","properties":{"area_id":"TR-37-006-2018329","name_tr":"Alayüz Köyü","area_level":"neighbourhood","parent_id":"TR-37-006","endeksa_id":2018329},"geometry":{"coordinates":[[[33.19822703600016,41.971932425000034],[33.19786672900011,41.97211821600041],[33.19610402200004,41.9715216080001],[33.19334674700008,41.97098930300035],[33.19228561900019,41.97035210300021],[33.190916087000005,41.96985984200006],[33.19043761600011,41.96872607300014],[33.187294319000046,41.96704749600008],[33.18602834500007,41.966992659000425],[33.18983003100004,41.96422362200019],[33.187080257000105,41.963208143000145],[33.18749827200014,41.959599010000034],[33.18249357100018,41.95758749300046],[33.18242011700016,41.95741943100023],[33.18241184699997,41.95439250200019],[33.18483412800015,41.95251912800023],[33.18485228300011,41.95016126700045],[33.18307700200006,41.94915738100019],[33.18558920590823,41.94713809237106],[33.185742239090985,41.94709973763656],[33.186689914,41.947270189000164],[33.18903828599997,41.944365809000374],[33.191681356000174,41.944396010000105],[33.193210580000084,41.94378755400004],[33.19360320500016,41.94373314100011],[33.19444906600006,41.94548394900016],[33.19821530899998,41.94666196200001],[33.19845494600003,41.9466409470005],[33.19921001400013,41.946859030000155],[33.206341330999976,41.945949363000125],[33.206230738386864,41.94490951572624],[33.206323872912776,41.944810215949474],[33.20648294434932,41.94481407718206],[33.21016102800013,41.95138715600018],[33.21008751800008,41.9518161270006],[33.20593793400013,41.95202297700013],[33.200375277000035,41.956148150000104],[33.199083446000145,41.96563992400013],[33.199296783000136,41.96689290800043],[33.19891239500015,41.96689673000003],[33.19822703600016,41.971932425000034]]],"type":"Polygon"}},{"type":"Feature","properties":{"area_id":"TR-37-006-2018339","name_tr":"Çataloluk Köyü","area_level":"neighbourhood","parent_id":"TR-37-006","endeksa_id":2018339},"geometry":{"coordinates":[[[33.27352279200011,41.968548191000025],[33.26416205500004,41.96791815500012],[33.26294479500001,41.969367216000194],[33.26073512500017,41.969025105000185],[33.24698703300004,41.97440557900006],[33.24661518700003,41.97397405100003],[33.245754121000175,41.971979442000475],[33.24544910100013,41.9717366320001],[33.24545521600004,41.971620299000335],[33.244662850000054,41.97112133100012],[33.24098433600011,41.96795140699999],[33.23722034000008,41.96802338100008],[33.23710536700008,41.967979416000446],[33.23709347699997,41.96788583300025],[33.239660800000024,41.96356175000017],[33.24468780200016,41.962770035999995],[33.25005692600013,41.956153959000176],[33.24773139500019,41.94886193700006],[33.25206823100018,41.947283395],[33.24640136800019,41.94063937300007],[33.24376169300018,41.93205032500066],[33.26132451200016,41.93078334500012],[33.26133399000008,41.93068610000017],[33.26147927400018,41.930740814000046],[33.26398402700005,41.93059160600012],[33.26376666200008,41.9353304390001],[33.26153960200003,41.93740314600012],[33.26065977100012,41.94154419000006],[33.26081192600003,41.94348077100051],[33.26248833000017,41.94359853000003],[33.26144933900008,41.949568992000025],[33.26419624200008,41.95194322200018],[33.267205119000096,41.96220963100012],[33.27382716400007,41.968568902000186],[33.27352279200011,41.968548191000025]]],"type":"Polygon"}},{"type":"Feature","properties":{"area_id":"TR-37-006-2018336","name_tr":"Çakırlı Köyü","area_level":"neighbourhood","parent_id":"TR-37-006","endeksa_id":2018336},"geometry":{"coordinates":[[[33.28267589300009,41.97568097700008],[33.282499368000174,41.975600843000166],[33.282348943000045,41.976292443000375],[33.28220558999999,41.97622736700032],[33.2822900220001,41.97630686500014],[33.282161294000105,41.976324987000226],[33.28208312700008,41.97649725500008],[33.27917844800004,41.973707952000495],[33.27895520100009,41.97373190600052],[33.27899759800016,41.97353421300005],[33.27386252399998,41.968602857000064],[33.27352279200011,41.968548191000025],[33.27382716400007,41.968568902000186],[33.267205119000096,41.96220963100012],[33.26419624200008,41.95194322200018],[33.26144933900008,41.949568992000025],[33.2616602098002,41.94835726360009],[33.26177457099999,41.94838720400048],[33.26205588100004,41.94762975800052],[33.262272246000066,41.94774356199997],[33.26246569900019,41.94738636300036],[33.27276248200013,41.94465830900009],[33.27382647200005,41.944750564000174],[33.27832475700018,41.94305217000016],[33.278766327000085,41.94523457000008],[33.283490310000104,41.94570572000066],[33.29199789100011,41.95049301100005],[33.298453173999974,41.95202737100067],[33.29925856,41.95535477900029],[33.29917162600009,41.95539163700016],[33.2992130130001,41.95548925200012],[33.298777611000105,41.95564974900003],[33.29660018100009,41.95660662300048],[33.296570734000056,41.95653716900006],[33.29643701900005,41.95659020000028],[33.29646496000015,41.95666445000006],[33.29587129600009,41.95691832900019],[33.295838470000035,41.95684090500015],[33.295726667999986,41.95688568600002],[33.29575729800007,41.9569670800002],[33.29438384800011,41.95755443200011],[33.29445161800004,41.95763158300019],[33.29416379600019,41.95777518400013],[33.28988996800007,41.96879115000013],[33.28515962500012,41.96976106800042],[33.2837974360001,41.97333635400048],[33.28367971400013,41.973304896],[33.28336415100006,41.9740940330002],[33.283269949000044,41.97405901700017],[33.28267589300009,41.97568097700008]]],"type":"Polygon"}},{"type":"Feature","properties":{"area_id":"TR-37-006-2018368","name_tr":"Kayaardı Köyü","area_level":"neighbourhood","parent_id":"TR-37-006","endeksa_id":2018368},"geometry":{"coordinates":[[[33.33528857900018,41.9748219520003],[33.32800179300017,41.976849892000075],[33.327634035000074,41.97676778300013],[33.31961224800011,41.97443207600037],[33.32056043600005,41.97296255600014],[33.31742259800012,41.9713361850001],[33.31916029100012,41.969416393000415],[33.31739811900013,41.967779751000535],[33.3173784170001,41.96768534700004],[33.321115475000056,41.96338932000009],[33.31754894500017,41.96173176800011],[33.3204945440001,41.958376298000076],[33.31863808200018,41.9577904370002],[33.31882034400013,41.95757853500061],[33.31934200800015,41.95616716300003],[33.316424576000145,41.95198108600016],[33.31712895900006,41.94967455800008],[33.315626904000055,41.94901089300015],[33.315909701000066,41.94896700900023],[33.31596067500004,41.9488508120001],[33.3116706080001,41.94587180800005],[33.31423543600005,41.94329839800025],[33.31499317300012,41.939900497000394],[33.315143876000036,41.93986995300003],[33.31779810500018,41.94073363700005],[33.31901676700011,41.94090026099997],[33.32537531800017,41.939660879000144],[33.327455315000066,41.941586069000095],[33.32732768200009,41.943745001000025],[33.33137024000007,41.944698483000366],[33.331406365000134,41.94481422100017],[33.330668340000045,41.94570552200014],[33.33067766500005,41.94581169500009],[33.33357323100017,41.946343140000465],[33.335834299,41.94928501400034],[33.33911249400012,41.95022355900028],[33.347447223000074,41.9487626790002],[33.34760034000004,41.94884088800018],[33.34756265200008,41.94919475900042],[33.34541622000012,41.96675018200017],[33.341463218000115,41.969999879000056],[33.33984268600011,41.973625109000125],[33.335549049000065,41.97438556300034],[33.33528857900018,41.9748219520003]]],"type":"Polygon"}},{"type":"Feature","properties":{"area_id":"TR-37-006-2018341","name_tr":"Çayyaka Köyü","area_level":"neighbourhood","parent_id":"TR-37-006","endeksa_id":2018341},"geometry":{"coordinates":[[[33.21423183000013,41.978452335000384],[33.21347212800015,41.97952311500052],[33.21276766100004,41.97941752100013],[33.212594488000036,41.9788198550001],[33.21305909600011,41.97851787800039],[33.21300747000009,41.97789258700061],[33.211659476000136,41.977267305000055],[33.2086829430001,41.97677813800033],[33.208320240000035,41.97545430400004],[33.207597512999996,41.97478024900016],[33.20439632600011,41.97407747400018],[33.20148460100012,41.97399433600003],[33.19823822200004,41.9722411840001],[33.19822703600016,41.971932425000034],[33.19891239500015,41.96689673000003],[33.199296783000136,41.96689290800043],[33.199083446000145,41.96563992400013],[33.200375277000035,41.956148150000104],[33.20593793400013,41.95202297700013],[33.21008751800008,41.9518161270006],[33.21016102800013,41.95138715600018],[33.21021463300019,41.951483949000135],[33.21186913500014,41.95107517600013],[33.211970764000114,41.95120657799998],[33.21134106400007,41.95176349900015],[33.21789216200011,41.95244917600013],[33.21940854799999,41.95268661900013],[33.222923063999986,41.95631442000001],[33.22300007500007,41.95756899100053],[33.22401308600013,41.957454888000086],[33.225476658000105,41.959006404000036],[33.21423183000013,41.978452335000384]]],"type":"Polygon"}},{"type":"Feature","properties":{"area_id":"TR-37-006-2018326","name_tr":"Akbayır Köyü","area_level":"neighbourhood","parent_id":"TR-37-006","endeksa_id":2018326},"geometry":{"coordinates":[[[33.24698703300004,41.97440557900006],[33.24259561300016,41.98531506200004],[33.24180089600003,41.98523347200057],[33.23946225800012,41.984217752000006],[33.23894504400016,41.98390043000023],[33.23834232200005,41.9826773260001],[33.236323199000026,41.981770935000156],[33.22873279200019,41.98018739300005],[33.227475743000184,41.98023490700007],[33.22705054700003,41.98055175200045],[33.2254169200001,41.98049476000017],[33.2229308580001,41.979979393000065],[33.220437037000124,41.97891379200064],[33.21935763400006,41.97902321200013],[33.21878294200013,41.979481989000135],[33.218132583000056,41.97948148500012],[33.21755407000006,41.979120266000166],[33.21565231300019,41.978483533000144],[33.21423183000013,41.978452335000384],[33.225476658000105,41.959006404000036],[33.22773289700018,41.95872655900001],[33.22818553400003,41.96123711800004],[33.23655333900007,41.968463680000184],[33.23673436600001,41.96846789800054],[33.236994487000175,41.96806207800017],[33.23722034000008,41.96802338100008],[33.24098433600011,41.96795140699999],[33.244662850000054,41.97112133100012],[33.24545521600004,41.971620299000335],[33.24544910100013,41.9717366320001],[33.245754121000175,41.971979442000475],[33.24661518700003,41.97397405100003],[33.24698703300004,41.97440557900006]]],"type":"Polygon"}},{"type":"Feature","properties":{"area_id":"TR-37-006-2018381","name_tr":"Kuşkayası Köyü","area_level":"neighbourhood","parent_id":"TR-37-006","endeksa_id":2018381},"geometry":{"coordinates":[[[33.27895520100009,41.97373190600052],[33.278926511000066,41.973780812000484],[33.27877789299998,41.97365289200002],[33.276244007000116,41.9751256680002],[33.275482673,41.97695457500009],[33.27505766200011,41.98037595800065],[33.26820247000012,41.99210108400018],[33.26757829300004,41.99188119600029],[33.26654562400017,41.990909915000486],[33.263417877999984,41.990067540000155],[33.26188145200007,41.98936092800017],[33.25781961100017,41.98829389600013],[33.256477263000136,41.988320670000064],[33.25582308200006,41.98808730100018],[33.25256303100008,41.987723028000175],[33.25108786900006,41.98721800300001],[33.24843955900013,41.98580110400064],[33.247068753000065,41.98548902300013],[33.246434431000125,41.98515281400012],[33.24536266000018,41.98532962799999],[33.245040338000024,41.98473973400007],[33.24446375800005,41.98468525900006],[33.2433795180001,41.985250098000165],[33.24259561300016,41.98531506200004],[33.24698703300004,41.97440557900006],[33.26073512500017,41.969025105000185],[33.26294479500001,41.969367216000194],[33.26416205500004,41.96791815500012],[33.27352279200011,41.968548191000025],[33.27386252399998,41.968602857000064],[33.27899759800016,41.97353421300005],[33.27895520100009,41.97373190600052]]],"type":"Polygon"}},{"type":"Feature","properties":{"area_id":"TR-37-006-2018328","name_tr":"Alayazı Köyü","area_level":"neighbourhood","parent_id":"TR-37-006","endeksa_id":2018328},"geometry":{"coordinates":[[[33.29839202200009,42.00728071899999],[33.298219343000085,42.00739159400007],[33.29789390600007,42.00726729500013],[33.29608567500014,42.00592871100008],[33.29451550100009,42.005022982000696],[33.290252237999994,42.0031051590002],[33.28678540000004,42.00227338100012],[33.279245100000026,41.999634547000085],[33.27871458100009,41.99933327400015],[33.27817365400017,41.99840461700012],[33.27600798300017,41.996049156000026],[33.27005920100015,41.993153052000366],[33.26965038600002,41.99233756300066],[33.26820247000012,41.99210108400018],[33.27505766200011,41.98037595800065],[33.275482673,41.97695457500009],[33.276244007000116,41.9751256680002],[33.27877789299998,41.97365289200002],[33.278926511000066,41.973780812000484],[33.27895520100009,41.97373190600052],[33.27917844800004,41.973707952000495],[33.28208312700008,41.97649725500008],[33.282161294000105,41.976324987000226],[33.2822900220001,41.97630686500014],[33.28220558999999,41.97622736700032],[33.282348943000045,41.976292443000375],[33.282499368000174,41.975600843000166],[33.282787522000035,41.97573165100016],[33.28246413500017,41.97634473500011],[33.28265306600008,41.9764149640003],[33.28150313100008,41.9795085410002],[33.28728422700004,41.99010115200008],[33.294288103999975,41.99493254100025],[33.29839202200009,42.00728071899999]]],"type":"Polygon"}},{"type":"Feature","properties":{"area_id":"TR-37-006-2018355","name_tr":"Günebakan Köyü","area_level":"neighbourhood","parent_id":"TR-37-006","endeksa_id":2018355},"geometry":{"coordinates":[[[33.327634035000074,41.97676778300013],[33.32771693500001,41.97684497800003],[33.327668847000155,41.9769372580007],[33.32694991700015,41.977161345000184],[33.324461055000086,41.98015225900019],[33.32852841500005,41.985312579000095],[33.32612186200015,41.991255613000135],[33.31868308000014,41.99347316800021],[33.31679877800019,41.99586577000014],[33.31725472500017,41.99814248800004],[33.3171215160001,41.99825088900019],[33.31311974900018,41.99822329200015],[33.31299087000008,41.998298105],[33.309113044000014,42.00962365200019],[33.308902337999996,42.00958097500012],[33.308795632000056,42.009296402000075],[33.30817536500018,42.00906771399997],[33.30385206700004,42.00880981900008],[33.301860101000045,42.008284175000256],[33.30176180100011,42.0081295840007],[33.29839202200009,42.00728071899999],[33.294288103999975,41.99493254100025],[33.28728422700004,41.99010115200008],[33.28150313100008,41.9795085410002],[33.28265306600008,41.9764149640003],[33.28246413500017,41.97634473500011],[33.282787522000035,41.97573165100016],[33.28267589300009,41.97568097700008],[33.283269949000044,41.97405901700017],[33.28336415100006,41.9740940330002],[33.28367971400013,41.973304896],[33.2837974360001,41.97333635400048],[33.28515962500012,41.96976106800042],[33.28988996800007,41.96879115000013],[33.29416379600019,41.95777518400013],[33.29445161800004,41.95763158300019],[33.29438384800011,41.95755443200011],[33.29575729800007,41.9569670800002],[33.295726667999986,41.95688568600002],[33.295838470000035,41.95684090500015],[33.29587129600009,41.95691832900019],[33.29646496000015,41.95666445000006],[33.29643701900005,41.95659020000028],[33.296570734000056,41.95653716900006],[33.29660018100009,41.95660662300048],[33.298777611000105,41.95564974900003],[33.29881596100006,41.95574020200047],[33.299222543000155,41.955514574999995],[33.29934947800007,41.955788447000145],[33.29998288000007,41.95555008800005],[33.30041814500015,41.95400868900015],[33.300501231000055,41.95394030600005],[33.307469358000105,41.95405764500043],[33.30975213600016,41.95322019300005],[33.31080777100004,41.950197545000435],[33.31504999200013,41.94917861200008],[33.31530617600015,41.94892868199997],[33.315626904000055,41.94901089300015],[33.31712895900006,41.94967455800008],[33.316424576000145,41.95198108600016],[33.31934200800015,41.95616716300003],[33.31882034400013,41.95757853500061],[33.31863808200018,41.9577904370002],[33.3204945440001,41.958376298000076],[33.31754894500017,41.96173176800011],[33.321115475000056,41.96338932000009],[33.3173784170001,41.96768534700004],[33.31739811900013,41.967779751000535],[33.31916029100012,41.969416393000415],[33.31742259800012,41.9713361850001],[33.32056043600005,41.97296255600014],[33.31961224800011,41.97443207600037],[33.327634035000074,41.97676778300013]]],"type":"Polygon"}},{"type":"Feature","properties":{"area_id":"TR-37-006-2018354","name_tr":"Gündoğan Köyü","area_level":"neighbourhood","parent_id":"TR-37-006","endeksa_id":2018354},"geometry":{"coordinates":[[[33.3698527570001,42.00258540700054],[33.369659521000074,42.00255351600015],[33.36563878800001,42.00470850099998],[33.364568307000184,42.006818194000004],[33.362520397000026,42.00559393300006],[33.356356838000124,42.01055744400014],[33.35695971600012,42.00995669100007],[33.353352007000126,42.005339338000226],[33.35251518400008,42.0049635460004],[33.35157783100004,42.004993402000025],[33.350243075000094,42.00394320999999],[33.34754442799999,42.00273132900003],[33.34661806899999,42.001683747000186],[33.34661159000012,42.00108801800019],[33.34489536100011,41.999735607000105],[33.348507946000154,41.99587168000005],[33.351931621000176,41.995689685],[33.35287787400006,41.99304936400017],[33.35097015000014,41.99066400000015],[33.35727139800014,41.987372488999995],[33.36747447100015,41.98712539600007],[33.37190345000005,41.98948350900059],[33.37153215200004,41.98709482600003],[33.37680364700003,41.98580186200053],[33.37671146300005,41.985853789000146],[33.37658862700016,41.987021343000265],[33.37273836600019,41.98779756200008],[33.37277102200005,41.98790004300014],[33.37760320100011,41.99144037500014],[33.370805081000185,42.00194003399997],[33.369859567000105,42.00244756100017],[33.3698527570001,42.00258540700054]]],"type":"Polygon"}},{"type":"Feature","properties":{"area_id":"TR-37-006-2018332","name_tr":"Baltacı Köyü","area_level":"neighbourhood","parent_id":"TR-37-006","endeksa_id":2018332},"geometry":{"coordinates":[[[33.34703965000017,41.982146455000134],[33.34373192600003,41.98668819700009],[33.33983569800006,41.98932359900033],[33.34051769400003,41.994781585000055],[33.33672627900012,41.99763668300017],[33.33857387600011,41.99837312200009],[33.338598896000065,41.9985149420001],[33.33341927300006,42.00021348000013],[33.324973567000086,41.99810905000027],[33.32281611800016,41.99934167200047],[33.32413398000011,42.000833396000075],[33.322177812999996,42.00191049800003],[33.322551747000034,42.00324941000014],[33.32575381300012,42.005187642000465],[33.32211485400006,42.015332504000526],[33.32197088300012,42.015357549000555],[33.32202485400006,42.01562997299999],[33.320755844000075,42.01527846200014],[33.32015003300012,42.01556304700068],[33.319659448000095,42.015425452000045],[33.31876451300002,42.014586190000045],[33.31830184200004,42.01441338500024],[33.31631618200004,42.01314671300008],[33.31437590300004,42.01232028800018],[33.313364222000075,42.011643341000195],[33.31235189500006,42.01014211700033],[33.311256186000094,42.009767689000114],[33.30966746200011,42.01007962500012],[33.309075588000155,42.00998821200011],[33.30902794400009,42.00987660400011],[33.31299087000008,41.998298105],[33.31311974900018,41.99822329200015],[33.3171215160001,41.99825088900019],[33.31725472500017,41.99814248800004],[33.31679877800019,41.99586577000014],[33.31868308000014,41.99347316800021],[33.32612186200015,41.991255613000135],[33.32852841500005,41.985312579000095],[33.324461055000086,41.98015225900019],[33.32694991700015,41.977161345000184],[33.327668847000155,41.9769372580007],[33.32771693500001,41.97684497800003],[33.327634035000074,41.97676778300013],[33.32800179300017,41.976849892000075],[33.33528857900018,41.9748219520003],[33.335505426000054,41.97477618300019],[33.335614276,41.974862931000075],[33.3357028960001,41.97802500000029],[33.336296863000086,41.978345489000105],[33.33627321500012,41.9790769280001],[33.34701273700017,41.98199489500007],[33.34703965000017,41.982146455000134]]],"type":"Polygon"}},{"type":"Feature","properties":{"area_id":"TR-37-006-2018361","name_tr":"İlyasbey Köyü","area_level":"neighbourhood","parent_id":"TR-37-006","endeksa_id":2018361},"geometry":{"coordinates":[[[33.3834063490001,42.014971106000644],[33.38266674100004,42.015608880000116],[33.38197954800006,42.01667681800001],[33.381318494000084,42.01717654000015],[33.37952759700016,42.017722345000095],[33.378546970000116,42.01766938900016],[33.3774548130001,42.01712544600019],[33.37642996000011,42.01738876300004],[33.37568087000011,42.01736188300015],[33.37472678300014,42.01639971200018],[33.37360814900012,42.01590631200003],[33.369544712000106,42.01579729300016],[33.36255849200006,42.01603251800003],[33.36065962100008,42.01689308300024],[33.36099750000005,42.018356808000135],[33.360913635000145,42.018438307000054],[33.360466529000064,42.01851436700008],[33.36031172100007,42.01843636700039],[33.35999836000019,42.01690313900036],[33.35935726700012,42.01681272400043],[33.356677558,42.01757339900007],[33.35457260400011,42.01762168800008],[33.353916343000094,42.01829610500033],[33.35338911600007,42.01850697500004],[33.35325072100011,42.018469596000386],[33.352920285000096,42.01805193600029],[33.35147816300014,42.018872437000084],[33.35067532700015,42.018548786],[33.35051071800012,42.017855772000075],[33.34990837300012,42.01809781300062],[33.349392907000095,42.01874678900032],[33.349339519000125,42.0183129980004],[33.3508666140001,42.016638385000306],[33.35089420400004,42.01600081700013],[33.356356838000124,42.01055744400014],[33.362520397000026,42.00559393300006],[33.364568307000184,42.006818194000004],[33.36563878800001,42.00470850099998],[33.369659521000074,42.00255351600015],[33.3698527570001,42.00258540700054],[33.37321368100015,42.00535136500042],[33.38278793400019,42.01406274800013],[33.3834063490001,42.014971106000644]]],"type":"Polygon"}},{"type":"Feature","properties":{"area_id":"TR-37-006-2018330","name_tr":"Aydıncık Köyü","area_level":"neighbourhood","parent_id":"TR-37-006","endeksa_id":2018330},"geometry":{"coordinates":[[[33.349392907000095,42.01874678900032],[33.3488937300001,42.01874219000001],[33.348437317000105,42.01858022700003],[33.34729854800008,42.017962835000105],[33.347294408000096,42.01788487300041],[33.34678625300006,42.018088266999996],[33.34671253400012,42.01859878400006],[33.34553190200012,42.01921565600014],[33.345147533000045,42.01961071900007],[33.344221188000006,42.01994829400019],[33.343010314000026,42.01979432100012],[33.341948715,42.019352559000026],[33.34140297200008,42.01894943100007],[33.3409789750001,42.01815208600004],[33.34037522000011,42.01813237300064],[33.33917286700006,42.01877900900013],[33.338767598000175,42.019272510000064],[33.33758552200004,42.01944718499999],[33.33592683300003,42.01877382300006],[33.332500143000004,42.018028259000005],[33.33099863300015,42.01822552499999],[33.32973316000016,42.01784262200056],[33.329055799000116,42.0173981210001],[33.32708184100005,42.01729666000017],[33.32571455400017,42.016860374000146],[33.3242235080001,42.01608878900015],[33.32374978300004,42.01593782599997],[33.32325490800008,42.01596545200016],[33.323045178000086,42.015713288000086],[33.32275213500009,42.01561990300041],[33.32238092800003,42.01572864800062],[33.32202485400006,42.01562997299999],[33.32197088300012,42.015357549000555],[33.32211485400006,42.015332504000526],[33.32575381300012,42.005187642000465],[33.322551747000034,42.00324941000014],[33.322177812999996,42.00191049800003],[33.32413398000011,42.000833396000075],[33.32281611800016,41.99934167200047],[33.324973567000086,41.99810905000027],[33.33341927300006,42.00021348000013],[33.338598896000065,41.9985149420001],[33.33857387600011,41.99837312200009],[33.33672627900012,41.99763668300017],[33.34051769400003,41.994781585000055],[33.33983569800006,41.98932359900033],[33.34373192600003,41.98668819700009],[33.347129225,41.98202346400018],[33.35164481400017,41.98578462100011],[33.35097015000014,41.99066400000015],[33.35287787400006,41.99304936400017],[33.351931621000176,41.995689685],[33.348507946000154,41.99587168000005],[33.34489536100011,41.999735607000105],[33.34661159000012,42.00108801800019],[33.34661806899999,42.001683747000186],[33.34754442799999,42.00273132900003],[33.350243075000094,42.00394320999999],[33.35157783100004,42.004993402000025],[33.35251518400008,42.0049635460004],[33.353352007000126,42.005339338000226],[33.35695971600012,42.00995669100007],[33.35089420400004,42.01600081700013],[33.3508666140001,42.016638385000306],[33.349339519000125,42.0183129980004],[33.349392907000095,42.01874678900032]]],"type":"Polygon"}}]}