{"type":"FeatureCollection","source_id":"endeksa","retrieved_at":"2026-08-23","features":[{"type":"Feature","properties":{"area_id":"TR-38-002-180949","name_tr":"Yünören","area_level":"neighbourhood","parent_id":"TR-38-002","endeksa_id":180949},"geometry":{"coordinates":[[[35.977237500000115,38.62561110000007],[35.97509580000019,38.625045000000114],[35.97503330000018,38.62516170000015],[35.97416420000019,38.6248092000003],[35.97408280000019,38.62580860000003],[35.97263940000016,38.62581970000042],[35.972720300000105,38.62643810000043],[35.97287470000009,38.62668640000004],[35.96955220000018,38.62859220000013],[35.96928280000009,38.628987200000665],[35.968955800000174,38.628048900000124],[35.97022470000019,38.62743330000035],[35.969770800000106,38.626411400000165],[35.97101170000013,38.62596970000004],[35.970724700000176,38.62540330000007],[35.971306700000184,38.62513780000012],[35.971233300000165,38.62429420000018],[35.970806100000175,38.623976400000174],[35.971020000000124,38.62364140000017],[35.968891900000074,38.62250830000016],[35.96705860000009,38.62140440000013],[35.96452640000018,38.61941610000065],[35.96106580000003,38.61741140000015],[35.9589019,38.61582670000013],[35.95764330000014,38.61512110000001],[35.95674080000009,38.61477500000069],[35.95088750000019,38.61312310000011],[35.94802610000005,38.61241170000005],[35.94643060000004,38.61183500000044],[35.941048900000055,38.61045750000051],[35.94079810000011,38.61095999999998],[35.94076060000003,38.61176310000053],[35.94091390000011,38.61327970000025],[35.93951140000007,38.61309690000007],[35.93865360000012,38.61289140000008],[35.93867580000017,38.61271220000003],[35.936688100000026,38.61228360000007],[35.93647720000018,38.613571900000125],[35.93523640000018,38.61344690000004],[35.93525360000018,38.61314420000008],[35.93373080000015,38.613229400000705],[35.93357940000004,38.61369750000017],[35.93270890000014,38.615461900000184],[35.932086700000184,38.615250800000126],[35.93180280000013,38.61575330000028],[35.93129030000017,38.6163567000001],[35.93098000000009,38.61745720000022],[35.93067810000014,38.61738750000012],[35.9304092000001,38.617641700000206],[35.92922390000007,38.617201900000055],[35.930123900000126,38.615607800000134],[35.92696190000015,38.61466690000009],[35.926578600000084,38.615210000000445],[35.924683600000094,38.61414860000019],[35.92519940000017,38.61379060000024],[35.924658900000054,38.61314890000011],[35.924213900000154,38.61243810000025],[35.924902800000154,38.61205719999998],[35.924086900000134,38.610765300000025],[35.92296330000005,38.61143190000013],[35.92276110000006,38.61098080000011],[35.92281190000017,38.61068830000005],[35.92262610000006,38.60987750000015],[35.92098640000012,38.60974830000009],[35.92096190000001,38.609925600000054],[35.919666100000086,38.610217500000545],[35.919555300000184,38.6098372000007],[35.91937830000012,38.609744400000125],[35.91954940000005,38.609091900000124],[35.91848140000013,38.609435600000154],[35.91685690000003,38.609783900000195],[35.91052330000019,38.61056670000016],[35.910806700000194,38.61041170000027],[35.910869400000024,38.610142199999984],[35.91105750000014,38.60999030000022],[35.911041700000055,38.60954440000012],[35.911224400000094,38.60825920000019],[35.911381400000096,38.60764560000001],[35.91173970000011,38.60717140000003],[35.91189610000009,38.606969400000025],[35.91216440000005,38.607032200000106],[35.91214720000005,38.60754920000039],[35.91232470000017,38.607680300000084],[35.91259030000015,38.607686700000045],[35.91284030000003,38.6075522000001],[35.912957800000186,38.60737440000014],[35.91298169999999,38.60694560000019],[35.91277190000005,38.60609390000042],[35.91284280000008,38.60543830000017],[35.91229780000009,38.604273900000464],[35.91189390000005,38.60248440000055],[35.91278440000019,38.602172800000346],[35.91270670000017,38.60179280000017],[35.91368310000013,38.60153640000027],[35.91329310000003,38.60119280000026],[35.913746100000026,38.600886900000035],[35.91232250000019,38.59898940000005],[35.91220780000009,38.59851780000008],[35.91224280000017,38.59804920000022],[35.91247780000009,38.59745500000008],[35.91306330000003,38.597504400000616],[35.91303280000017,38.596989700000165],[35.91292000000004,38.596761900000104],[35.91256440000012,38.59676280000036],[35.912651100000176,38.596070600000644],[35.91349440000016,38.59591780000011],[35.91372110000009,38.59573419999998],[35.91378420000018,38.59535440000036],[35.91426030000014,38.59533640000029],[35.91426830000006,38.59520780000031],[35.91471330000013,38.59520810000015],[35.914800000000184,38.594607800000404],[35.91895810000017,38.59585440000052],[35.918480000000045,38.59489780000024],[35.91822580000013,38.59358670000012],[35.91778030000006,38.59217530000058],[35.91675970000017,38.590598600000135],[35.915953100000024,38.58990390000008],[35.91681420000003,38.589410300000054],[35.917605300000105,38.588711100000296],[35.91809140000004,38.588443300000165],[35.918796400000076,38.588326400000085],[35.91921310000009,38.58794530000017],[35.91984890000015,38.5876064000002],[35.92001670000013,38.587613300000044],[35.93416420000011,38.57466080000006],[35.94799500000016,38.562146700000085],[35.95041830000008,38.559889399999975],[35.95142610000016,38.557359200000064],[35.95537060000004,38.55597530000017],[35.964200000000176,38.55334220000009],[35.968058900000074,38.552290600000106],[35.972320300000035,38.55240140000001],[35.97724060000019,38.55136859999999],[35.98295810000019,38.551150000000064],[35.98322860000019,38.556085800000574],[35.985589200000106,38.5590256000001],[35.98576970000016,38.56139640000015],[35.98621330000009,38.56521440000006],[35.986871100000144,38.568586900000184],[35.997181100000034,38.582464200000345],[35.99603670000016,38.590520300000094],[35.996028300000035,38.59397000000007],[35.99448030000019,38.60242000000005],[35.99368940000011,38.606121700000585],[35.99586310000001,38.6095133],[35.997328300000106,38.61208470000014],[35.99540170000006,38.6131828000004],[35.990132800000026,38.61486860000008],[35.99003310000012,38.61462310000002],[35.989217800000176,38.61429360000011],[35.98795000000007,38.61351830000012],[35.98715920000018,38.61442920000013],[35.98734220000006,38.614520600000105],[35.9872153,38.61484750000011],[35.98685440000003,38.61479080000004],[35.98645080000017,38.61554000000007],[35.98635190000016,38.61601170000034],[35.9857583000001,38.615913900000066],[35.98510310000006,38.61563060000043],[35.98463920000006,38.616644700000165],[35.98379110000019,38.61628280000002],[35.98239970000003,38.61594670000011],[35.982316900000114,38.61694140000003],[35.982341400000166,38.61803970000045],[35.982094400000165,38.618123600000104],[35.98203669999998,38.6186211000001],[35.98150940000005,38.619176700000025],[35.98175640000005,38.62008750000007],[35.98058500000013,38.62036030000007],[35.97849580000013,38.62125170000047],[35.97905470000018,38.62201219999997],[35.97782330000007,38.622580300000266],[35.97716940000015,38.622106900000176],[35.97625440000013,38.62323920000006],[35.97698720000017,38.62385310000042],[35.97651750000006,38.62481560000015],[35.977237500000115,38.62561110000007]]],"type":"Polygon"}},{"type":"Feature","properties":{"area_id":"TR-38-002-180899","name_tr":"Akmescit","area_level":"neighbourhood","parent_id":"TR-38-002","endeksa_id":180899},"geometry":{"coordinates":[[[35.87469060000012,38.65257530000014],[35.87393580000003,38.65289139999999],[35.873365300000046,38.6536028000001],[35.87256780000013,38.65392720000011],[35.87171390000003,38.654050600000346],[35.870114400000034,38.65392830000053],[35.870011900000065,38.65321690000064],[35.87023080000006,38.6525656000004],[35.86905420000005,38.65245640000006],[35.8690153,38.65318470000011],[35.86836249999999,38.65332059999997],[35.86673610000008,38.65299830000032],[35.86690750000008,38.65191000000016],[35.86669780000011,38.651865600000065],[35.866838100000166,38.65016330000009],[35.864583900000184,38.64882940000035],[35.86477750000006,38.648536900000124],[35.86362610000015,38.64778310000014],[35.86334890000012,38.647510600000146],[35.86624280000012,38.646189700000434],[35.86582440000012,38.64568500000024],[35.86596940000004,38.64531860000011],[35.86530670000013,38.6449808000001],[35.86496250000005,38.64525810000009],[35.86475999999999,38.644983100000104],[35.8650358000001,38.64464640000028],[35.86450720000005,38.64424670000011],[35.86456940000005,38.644071700000154],[35.86415720000002,38.643841900000155],[35.86431580000004,38.643586100000164],[35.86401919999997,38.64343780000047],[35.86420720000012,38.64306140000008],[35.8632947000001,38.64269250000012],[35.86328440000011,38.642511100000036],[35.862516100000164,38.64227440000013],[35.862389700000165,38.642563600000074],[35.86148170000018,38.64226140000011],[35.860663100000124,38.64186030000019],[35.859738100000186,38.64167779999997],[35.859496900000124,38.640534400000035],[35.85755860000012,38.64017810000041],[35.85575750000015,38.63968390000019],[35.854215800000134,38.63957610000034],[35.852516700000024,38.63902610000031],[35.85000080000009,38.63911220000068],[35.84792750000014,38.638632500000426],[35.84619560000016,38.63888830000013],[35.844524700000136,38.63938890000048],[35.84304970000011,38.639559700000405],[35.83954890000018,38.63864970000043],[35.838097800000185,38.6381286000003],[35.83892690000005,38.635463900000445],[35.83989170000012,38.635692800000015],[35.83996720000016,38.635424400000375],[35.83992530000006,38.63463560000048],[35.839752500000145,38.634334700000124],[35.84024170000015,38.634304400000076],[35.840186700000004,38.634214400000076],[35.84050639999998,38.63403250000067],[35.84062110000008,38.633846900000094],[35.84070890000004,38.6334047000006],[35.84061500000013,38.63314810000014],[35.840272500000026,38.63282890000005],[35.83978780000007,38.63263330000018],[35.839927200000034,38.63174360000011],[35.84345670000005,38.63278080000049],[35.843270600000096,38.63213420000028],[35.844011700000124,38.63210440000012],[35.844203900000025,38.63187220000009],[35.84431830000011,38.63131500000003],[35.84471170000012,38.630939400000045],[35.84486360000011,38.63122690000017],[35.845022200000074,38.631325800000184],[35.84549220000008,38.631108300000164],[35.84589030000012,38.63129640000005],[35.846258900000066,38.63096190000027],[35.84654250000011,38.630832500000224],[35.846896900000104,38.63077640000006],[35.847257500000126,38.63083330000029],[35.84766440000004,38.630068100000074],[35.84772640000017,38.62963030000009],[35.84762670000009,38.62944920000052],[35.84750030000015,38.62940110000045],[35.847760600000186,38.628009700000064],[35.84793940000003,38.626019400000246],[35.84826810000004,38.625857800000006],[35.849256100000105,38.62583220000039],[35.84936940000006,38.62509940000018],[35.84965140000014,38.625107200000116],[35.85205060000004,38.62400810000008],[35.852280800000074,38.62339330000003],[35.854105300000015,38.6247039000001],[35.85627500000015,38.62576420000045],[35.85679670000013,38.625990000000115],[35.857089700000074,38.625523600000065],[35.85693780000008,38.62514500000037],[35.856798300000094,38.62507940000012],[35.85703110000003,38.62268690000002],[35.85663970000013,38.62267390000005],[35.8565339000001,38.621988100000294],[35.85665860000012,38.62133640000019],[35.85341579999999,38.62097500000016],[35.85372940000019,38.61968000000013],[35.85131250000006,38.6197681000001],[35.85002470000012,38.620024400000034],[35.84981690000012,38.61938920000006],[35.84831220000018,38.6185797],[35.848431700000106,38.617839700000104],[35.84941809999998,38.61787890000011],[35.84984970000016,38.61646220000017],[35.85023060000009,38.61375000000044],[35.85098640000007,38.61389970000039],[35.851133600000026,38.61388080000006],[35.851124700000184,38.61375190000024],[35.851841400000126,38.613582500000064],[35.851652500000114,38.613525300000674],[35.851438599999994,38.61302330000035],[35.85090560000015,38.612862200000166],[35.85081720000011,38.61263220000018],[35.85090360000015,38.61238000000009],[35.850989400000174,38.61230890000007],[35.85120360000013,38.612405600000045],[35.8512267000001,38.61274330000009],[35.85137970000011,38.61283890000004],[35.85164780000008,38.61276780000003],[35.85164940000004,38.61196440000049],[35.85256110000017,38.611755300000596],[35.85263110000011,38.61158720000003],[35.85319390000012,38.611634200000026],[35.85467360000018,38.61135860000013],[35.854850800000065,38.611278900000116],[35.85510890000012,38.61081640000003],[35.85519060000013,38.61014360000047],[35.85505750000016,38.60968080000055],[35.8551169000001,38.60952970000011],[35.85526690000006,38.60950890000004],[35.85521390000008,38.60906610000012],[35.85463220000014,38.60794780000015],[35.85566030000007,38.60681470000037],[35.85431890000012,38.6059281000002],[35.85417920000009,38.60600690000018],[35.85359720000008,38.60533390000006],[35.853903100000025,38.60439500000018],[35.85387560000004,38.60295500000041],[35.854089200000146,38.60243080000038],[35.85403609999997,38.601658100000066],[35.854543600000056,38.60133500000012],[35.85523830000017,38.60105810000016],[35.85653500000018,38.600893600000006],[35.85722360000011,38.60146470000001],[35.85792500000008,38.60175829999997],[35.858272800000066,38.601005300000054],[35.85994470000003,38.60051610000005],[35.85964220000005,38.599853100000075],[35.858712800000035,38.59973750000029],[35.858829400000104,38.59908920000015],[35.857171400000084,38.59868670000003],[35.85722030000005,38.59859610000035],[35.85647940000018,38.59834250000017],[35.856638299999986,38.5978992000006],[35.85780420000003,38.59829170000006],[35.85913860000011,38.59629060000037],[35.85938829999998,38.59602860000018],[35.859073100000046,38.5956800000003],[35.85951360000007,38.59511140000018],[35.85959500000007,38.594826900000044],[35.8593489000001,38.59356080000009],[35.8614831000001,38.59368500000011],[35.86290060000016,38.592704400000116],[35.862919200000135,38.592461400000445],[35.86228249999999,38.591745300000525],[35.86166470000006,38.59086250000013],[35.861616400000116,38.59067640000001],[35.861714400000096,38.5902761000001],[35.861613100000056,38.58916500000055],[35.86169219999999,38.589074400000186],[35.861492800000065,38.588630600000386],[35.86056360000009,38.58834830000012],[35.85982940000008,38.58796580000012],[35.860109200000124,38.587718300000574],[35.860918100000106,38.58730920000011],[35.86274810000015,38.586562800000024],[35.863238600000045,38.58747420000009],[35.864205300000094,38.58707470000007],[35.864126699999986,38.586879200000055],[35.86438220000019,38.586664700000085],[35.864364200000125,38.58655500000009],[35.86420030000005,38.586454700000104],[35.864547200000175,38.58612140000025],[35.865249200000164,38.58708940000008],[35.8655169000001,38.58733360000036],[35.86623970000005,38.586851400000114],[35.867406100000096,38.587507500000186],[35.86727189999999,38.587712200000055],[35.867885300000125,38.58792750000015],[35.868312200000105,38.58696500000042],[35.86898170000006,38.58633140000006],[35.869435300000134,38.58612470000003],[35.8687061,38.58496109999999],[35.86769030000016,38.583771900000045],[35.86958690000006,38.58331470000019],[35.86964720000009,38.5823931000005],[35.869948300000146,38.58163830000058],[35.8703536000001,38.581185000000005],[35.871027200000015,38.58103000000034],[35.87112560000003,38.58116250000029],[35.872002200000054,38.58095720000017],[35.87213060000005,38.58121640000013],[35.87268060000008,38.581046700000115],[35.87339810000009,38.58232280000004],[35.87468560000002,38.58186060000014],[35.875297200000034,38.58171250000032],[35.87576530000001,38.5817272000001],[35.87588030000012,38.58243470000002],[35.87729940000014,38.58558530000016],[35.87793440000007,38.5884006],[35.87837890000009,38.58916170000009],[35.87892060000013,38.58975560000039],[35.87937420000003,38.590965600000175],[35.87932560000007,38.59113280000065],[35.87948530000017,38.59162000000009],[35.879901700000175,38.59265920000047],[35.88016829999998,38.5926247000001],[35.88186220000017,38.591913300000215],[35.88258940000014,38.594589200000144],[35.88231610000008,38.59568970000004],[35.88428060000007,38.59654810000018],[35.88496810000015,38.5970061000001],[35.88601640000019,38.5961939],[35.887001100000134,38.59683470000027],[35.88683780000008,38.59706560000001],[35.88730390000012,38.59742080000012],[35.886130800000046,38.598242800000094],[35.88806440000019,38.60015030000034],[35.88768860000016,38.60076060000006],[35.88775080000016,38.60088860000013],[35.88823390000016,38.60078809999999],[35.888894200000095,38.601290800000015],[35.889210300000116,38.60165330000035],[35.88934170000016,38.601441400000226],[35.891271700000175,38.60245670000006],[35.89177670000004,38.6030897],[35.89226640000004,38.60300940000013],[35.89271220000012,38.604087500000674],[35.89363920000011,38.60589110000069],[35.893086400000186,38.60607640000006],[35.89357530000012,38.607015300000626],[35.89378140000014,38.60694440000009],[35.89433559999998,38.60763780000008],[35.89493220000014,38.60732610000008],[35.89626940000011,38.60854220000016],[35.895620600000086,38.60885470000005],[35.89653080000011,38.60979030000004],[35.896896700000184,38.60954500000014],[35.89759420000013,38.61009560000008],[35.89719969999999,38.61073000000067],[35.89728560000003,38.61080610000022],[35.89845170000001,38.61099610000031],[35.89839890000013,38.61117220000017],[35.89899530000008,38.611301100000674],[35.901436900000135,38.61135310000003],[35.90929440000008,38.610583900000165],[35.91045000000014,38.61056920000016],[35.910415300000125,38.61112360000004],[35.91028110000019,38.61130250000008],[35.90836810000019,38.61154360000012],[35.90772080000011,38.61146360000026],[35.907098900000165,38.61169280000007],[35.90615859999997,38.611695000000225],[35.906258600000115,38.61178669999998],[35.90626110000011,38.61199469999997],[35.90610690000017,38.61216220000051],[35.904456700000026,38.61237330000006],[35.90440390000009,38.612597500000106],[35.90468310000011,38.61305390000007],[35.90470110000018,38.61349970000015],[35.905046700000185,38.614797800000076],[35.90514969999998,38.61501060000029],[35.90573670000009,38.61550080000035],[35.90607610000012,38.61613640000036],[35.90467940000019,38.616670600000134],[35.90497750000014,38.6172322000001],[35.905910000000006,38.618051400000354],[35.906216900000004,38.61866940000033],[35.906604700000116,38.61878750000051],[35.90728890000008,38.61947280000004],[35.90753780000006,38.61933440000064],[35.90837860000016,38.62023360000006],[35.90877580000017,38.621093300000155],[35.90934750000008,38.62188940000016],[35.909163900000124,38.6233867000002],[35.90890560000008,38.6240142000006],[35.90860970000011,38.6241981],[35.908605800000146,38.62428810000017],[35.90808060000006,38.62456890000067],[35.907631400000184,38.62412140000009],[35.90767810000011,38.62406250000015],[35.90754220000008,38.623931700000526],[35.90728030000008,38.62402140000012],[35.90723890000004,38.62431220000002],[35.90738890000017,38.62455140000014],[35.90850500000016,38.62532720000053],[35.90940140000009,38.62628190000015],[35.909381900000085,38.626549400000044],[35.90949440000014,38.62677810000014],[35.909358300000065,38.62683750000008],[35.90939720000006,38.62749080000049],[35.91013560000005,38.628796900000054],[35.908684400000084,38.629218300000105],[35.909172500000125,38.63011390000008],[35.9101639000001,38.62967030000016],[35.910110800000155,38.62955500000004],[35.91074690000005,38.62944360000006],[35.911035600000105,38.63009310000018],[35.9107542000001,38.63026560000003],[35.91123250000004,38.630888600000105],[35.91156860000018,38.63120690000011],[35.91252970000011,38.631686700000046],[35.91187670000005,38.63233530000008],[35.911317200000155,38.633041400000025],[35.91099000000008,38.63399080000005],[35.906545300000175,38.632084200000406],[35.904315600000075,38.6306672000004],[35.90327860000008,38.63246440000006],[35.90400390000008,38.63287280000014],[35.90526750000015,38.63312640000015],[35.90717030000002,38.633860000000254],[35.906177200000116,38.63558919999997],[35.90549140000002,38.6364583000003],[35.90472530000005,38.63609640000004],[35.903733300000056,38.637106100000096],[35.90358190000012,38.63743860000005],[35.90277170000007,38.6383850000002],[35.90415690000009,38.63930810000005],[35.905021900000065,38.640013900000326],[35.90469190000016,38.640327500000694],[35.90398330000011,38.642225800000006],[35.90413000000018,38.64226420000017],[35.90372080000009,38.64343110000027],[35.90299720000007,38.64483110000015],[35.901708299999996,38.64446330000004],[35.90164420000002,38.6444269000001],[35.90181170000005,38.64412330000016],[35.90111110000015,38.64379560000009],[35.900727500000016,38.64369720000008],[35.90066640000015,38.64381860000003],[35.90004670000019,38.64370310000004],[35.89988330000017,38.64390750000007],[35.899318900000026,38.64517970000003],[35.89775220000007,38.64465030000025],[35.895268300000055,38.64356140000007],[35.893920000000094,38.64538610000005],[35.89376940000005,38.64521640000055],[35.89219810000009,38.646235000000274],[35.89182330000011,38.64606530000009],[35.89156190000017,38.64637500000049],[35.890808600000184,38.64617500000014],[35.89086830000019,38.64660780000003],[35.890320800000154,38.64725640000023],[35.88981360000014,38.64740280000012],[35.88950890000012,38.64761390000018],[35.889333900000054,38.6474889000001],[35.88865970000006,38.6483422],[35.88834110000016,38.648232200000166],[35.88819890000008,38.64830969999997],[35.887570000000096,38.64892000000003],[35.88735330000014,38.64929690000031],[35.88697690000009,38.649300800000276],[35.88654670000017,38.64949750000005],[35.886239400000136,38.64980440000005],[35.88601970000008,38.649506700000074],[35.88578640000014,38.65008530000017],[35.885258599999986,38.64987220000012],[35.88493000000017,38.65015170000015],[35.88465280000014,38.65012580000018],[35.884692800000096,38.650640600000145],[35.88458640000016,38.650739700000315],[35.88437500000009,38.65037500000034],[35.88411000000019,38.65033310000007],[35.88382810000013,38.6506303000005],[35.88364140000016,38.65067470000008],[35.88334830000002,38.65056000000004],[35.882358099999976,38.65041500000012],[35.88190780000002,38.65044920000008],[35.881867200000045,38.65030830000018],[35.88148000000018,38.650278600000036],[35.88078669999999,38.650342500000136],[35.88076610000007,38.65047670000058],[35.88019080000009,38.650445000000445],[35.88066690000005,38.649262800000145],[35.880042800000126,38.648976400000436],[35.87982669999997,38.64903060000012],[35.879734200000144,38.648205300000086],[35.87916060000009,38.648250800000085],[35.87807640000011,38.64853250000016],[35.87733190000017,38.648452200000406],[35.877254200000095,38.648666400000366],[35.87599469999998,38.6482486000001],[35.87586080000011,38.648790000000645],[35.87586170000003,38.649433600000066],[35.875466700000175,38.65005720000033],[35.87526720000005,38.6506303000005],[35.87479920000004,38.65083560000011],[35.87469110000012,38.65101170000008],[35.87470310000009,38.65113360000004],[35.875553900000114,38.65196579999997],[35.874975600000084,38.652503300000035],[35.87469060000012,38.65257530000014]]],"type":"Polygon"}},{"type":"Feature","properties":{"area_id":"TR-38-002-180947","name_tr":"Samağır","area_level":"neighbourhood","parent_id":"TR-38-002","endeksa_id":180947},"geometry":{"coordinates":[[[36.084685600000114,38.65376670000012],[36.08355690000013,38.65515310000012],[36.083364200000176,38.65495390000012],[36.083017200000086,38.65479110000018],[36.082491400000094,38.65535530000011],[36.08245310000012,38.6555206000001],[36.082568900000126,38.65577610000014],[36.08299560000006,38.65598110000002],[36.083005800000194,38.65605360000052],[36.08278810000013,38.65650080000057],[36.08238250000011,38.65664420000036],[36.082264400000156,38.65681140000015],[36.0827556000001,38.6571917],[36.082129700000166,38.657977500000186],[36.081377800000155,38.65871220000008],[36.081133900000054,38.6585692000001],[36.08037250000007,38.658521900000096],[36.0773767,38.65783140000053],[36.074709200000086,38.657793900000115],[36.07405970000019,38.65746420000016],[36.07359780000019,38.65773690000003],[36.07220080000002,38.657016900000144],[36.07183310000016,38.65673140000047],[36.07156530000003,38.6569133000001],[36.07132780000012,38.65669390000005],[36.07083110000002,38.65653470000018],[36.07043690000012,38.656548300000054],[36.06993560000001,38.65698310000033],[36.06978170000008,38.65696190000017],[36.06780970000017,38.65532250000007],[36.06768860000011,38.65502580000003],[36.06657810000007,38.65536110000005],[36.06642220000009,38.65531250000015],[36.065975600000115,38.65539000000018],[36.065201900000034,38.65582220000056],[36.06433110000012,38.655726100000095],[36.06346140000011,38.655066900000236],[36.06343780000009,38.65454030000018],[36.06479690000009,38.65466890000016],[36.066680300000144,38.65460580000013],[36.06656330000004,38.65415500000046],[36.06714219999998,38.65421140000018],[36.06743170000016,38.65404530000012],[36.06728440000006,38.65276330000006],[36.06499560000003,38.65267080000058],[36.064936900000134,38.65236140000002],[36.06295280000012,38.652431400000125],[36.06292220000006,38.65234280000044],[36.06190220000008,38.6527339000001],[36.05901610000018,38.65304920000062],[36.05909250000008,38.65336830000001],[36.058316400000024,38.653471900000056],[36.056585800000164,38.65328310000007],[36.056013300000075,38.65338670000011],[36.05522000000013,38.652928100000054],[36.0516578000001,38.65346170000015],[36.04919360000014,38.65365220000007],[36.047476400000164,38.654065600000024],[36.04719670000014,38.65446140000023],[36.04690000000011,38.65471080000026],[36.046679200000085,38.654474700000264],[36.046428900000194,38.654594700000246],[36.04631493081621,38.65532235591837],[36.0461075280578,38.65535309774111],[36.04617470000011,38.65492390000048],[36.044893900000034,38.65494440000003],[36.044825600000024,38.65425940000057],[36.04525030000019,38.65419859999997],[36.04583080000009,38.65431220000016],[36.046076700000185,38.65401940000061],[36.04621190000017,38.65360360000017],[36.046163300000046,38.651943300000426],[36.04676420000004,38.652016700000104],[36.047201900000175,38.65216780000003],[36.04756750000007,38.651681100000076],[36.04709750000006,38.65100250000006],[36.04718560000009,38.65097140000012],[36.04715750000008,38.65088470000023],[36.04854860000006,38.65070530000031],[36.04852530000011,38.65003810000053],[36.04717420000003,38.650026400000115],[36.04721310000008,38.64974310000014],[36.04564810000005,38.649722200000326],[36.045586700000115,38.650442200000214],[36.04503670000008,38.650439200000164],[36.045059200000026,38.6509161000007],[36.04453500000017,38.65096330000034],[36.04338780000012,38.650858100000164],[36.043421900000055,38.65069360000041],[36.04316720000014,38.650623100000075],[36.042455800000084,38.64903530000015],[36.04256360000011,38.64898080000012],[36.04229030000005,38.64808610000017],[36.03981640000018,38.648064200000135],[36.04053560000017,38.64677560000024],[36.03973689999998,38.646665300000166],[36.0396161000001,38.646993100000145],[36.039163600000165,38.647600800000305],[36.03852360000013,38.6473339000006],[36.03770030000004,38.64872310000044],[36.036821900000064,38.64853780000038],[36.037213900000154,38.647961900000155],[36.036746900000026,38.647850000000176],[36.036597200000074,38.647854200000666],[36.03654560000007,38.64795500000048],[36.03613530000007,38.64790610000034],[36.036187200000086,38.647510600000146],[36.03542920000007,38.6459267000007],[36.033981100000176,38.645756400000096],[36.03394720000006,38.64590610000005],[36.031919700000174,38.64593890000015],[36.0319578000001,38.644660600000066],[36.03089530000011,38.64477940000063],[36.03030250000012,38.644959200000585],[36.029868100000044,38.64487860000031],[36.02941500000003,38.644585600000084],[36.02927140000003,38.64548360000009],[36.02818860000019,38.6452900000001],[36.02848970000019,38.644320800000344],[36.02862830000015,38.64433220000058],[36.028648299999986,38.642797200000075],[36.028729999999996,38.64281110000013],[36.02882940000006,38.64267580000012],[36.02905390000018,38.64205920000012],[36.027327500000126,38.64204640000008],[36.02722330000006,38.64139060000019],[36.02597969999999,38.641406900000106],[36.025995300000034,38.64155670000008],[36.02536060000011,38.64155390000002],[36.02552220000018,38.640155600000185],[36.025311100000124,38.63836940000033],[36.025361900000064,38.63574580000068],[36.02525440000005,38.63367890000001],[36.021899200000064,38.63385220000032],[36.02066890000009,38.633688100000086],[36.01972690000008,38.63336780000003],[36.02010970000015,38.632370000000606],[36.01758360000002,38.631299200000115],[36.01761720000019,38.63063560000012],[36.017779200000064,38.630528300000094],[36.017978100000164,38.63053860000042],[36.017785000000174,38.63029280000069],[36.01783219999999,38.62953060000018],[36.017931900000065,38.62952940000008],[36.01797190000019,38.62925190000004],[36.01788860000005,38.62895610000004],[36.017763900000034,38.628947800000105],[36.01802170000008,38.62704970000004],[36.0178461000001,38.62701940000056],[36.01789500000007,38.626211900000044],[36.017321700000025,38.626200600000175],[36.01748720000006,38.625456900000245],[36.01711330000006,38.62538670000015],[36.01719220000018,38.625096100000235],[36.01608920000001,38.624903300000085],[36.016180600000155,38.6245258000003],[36.01635940000017,38.6242228000001],[36.016303300000175,38.62413440000006],[36.015948600000115,38.624186900000325],[36.015500600000166,38.62407999999999],[36.014551900000185,38.62431330000015],[36.01442580000008,38.62397530000004],[36.013002200000074,38.62440580000032],[36.0124206000001,38.62355060000061],[36.013252200000125,38.62314970000011],[36.01333000000017,38.622871700000076],[36.011865000000114,38.61835750000046],[36.02466440000006,38.61229500000013],[36.02743080000016,38.6109089000002],[36.035480600000085,38.60786690000003],[36.03760670000014,38.605817200000615],[36.03964640000015,38.60541610000047],[36.041096100000175,38.604537500000106],[36.04236390000011,38.60459940000004],[36.04474970000018,38.603211400000305],[36.04747030000004,38.599717800000064],[36.04755250000005,38.599777200000005],[36.048331099999984,38.599323100000106],[36.048341900000025,38.599578900000665],[36.0487356000001,38.59984140000017],[36.048828100000094,38.60028780000016],[36.04904170000003,38.60037560000018],[36.04902500000003,38.60057330000052],[36.049224700000025,38.600649400000066],[36.05343420000003,38.599193600000035],[36.05350720000018,38.599157500000615],[36.05345890000007,38.59888810000035],[36.05399310000007,38.598763599999984],[36.054202200000134,38.59958080000047],[36.055318900000145,38.59941690000005],[36.05576530000013,38.600412800000015],[36.05733890000016,38.60006219999997],[36.058301100000165,38.599380600000245],[36.05868250000009,38.59892640000032],[36.05930420000004,38.59893110000036],[36.05938940000016,38.598299400000315],[36.05934940000003,38.59792920000024],[36.0594789000001,38.59749250000016],[36.059923300000094,38.59749500000055],[36.06081440000008,38.5972814000001],[36.06134780000019,38.59798860000018],[36.06203360000006,38.59774280000045],[36.062427800000194,38.59708920000037],[36.06332580000009,38.5975069000001],[36.064142500000116,38.59653279999998],[36.063973900000065,38.59620970000043],[36.063971400000185,38.59570330000008],[36.06438920000011,38.59479720000007],[36.06451170000014,38.59429610000001],[36.06768310000018,38.59457500000053],[36.070804400000156,38.595089200000075],[36.07093830000019,38.59459890000005],[36.07243560000012,38.59477750000008],[36.07238530000001,38.59531640000006],[36.076763300000096,38.59551329999999],[36.08268920000012,38.595443600000635],[36.08302890000016,38.59395500000039],[36.084965600000146,38.59404469999998],[36.084567500000105,38.59541080000008],[36.08531470000008,38.59566690000014],[36.08632890000018,38.596235300000046],[36.08917330000014,38.59754580000049],[36.08888690000009,38.59798530000012],[36.089148600000044,38.59815060000011],[36.08863000000014,38.59877530000011],[36.0889064000001,38.59902310000018],[36.08726560000002,38.600367200000164],[36.0889636,38.6013756000001],[36.08829940000015,38.60194610000042],[36.08949190000004,38.60247830000003],[36.08929970000014,38.602826400000424],[36.09055030000002,38.60323330000034],[36.09064860000018,38.60335580000003],[36.09048920000015,38.60379780000051],[36.091434400000026,38.60425330000004],[36.090810300000044,38.60472720000013],[36.09137750000008,38.605137200000115],[36.091723300000126,38.60552470000022],[36.09226440000009,38.60526500000003],[36.09292330000011,38.60622530000012],[36.09354059999998,38.605956700000434],[36.0939800000001,38.6056569000005],[36.09463890000012,38.606665800000485],[36.0938144000001,38.60693170000013],[36.09244530000018,38.607620000000566],[36.09247440000007,38.60769420000031],[36.092067800000166,38.60795669999999],[36.092435600000044,38.60846670000012],[36.092762500000106,38.60836110000042],[36.09308280000016,38.608757200000184],[36.09425940000017,38.60820030000008],[36.09470720000007,38.60883560000025],[36.0958864000001,38.61012640000047],[36.09624580000019,38.609900800000275],[36.0970842000001,38.609113100000116],[36.09778720000003,38.610255800000516],[36.09621830000003,38.611015600000144],[36.096732800000154,38.61162360000003],[36.09785560000017,38.61251110000006],[36.0975433000001,38.61281360000004],[36.09839810000011,38.6133033000001],[36.09826030000005,38.613480300000504],[36.09918750000003,38.613864400000125],[36.09914750000013,38.613927200000035],[36.099675300000115,38.61437440000009],[36.101189200000135,38.61336390000014],[36.10159190000002,38.61283030000004],[36.101948100000186,38.61296390000041],[36.10226310000013,38.612131100000056],[36.10391940000005,38.612670300000275],[36.105513300000155,38.61360110000055],[36.106765000000166,38.61406310000041],[36.10680920000004,38.61449640000001],[36.10722720000018,38.6144561000001],[36.10849220000006,38.61474580000004],[36.10853920000005,38.61457750000034],[36.109302500000126,38.61469080000012],[36.109661700000174,38.61415440000013],[36.110254199999986,38.61433920000019],[36.110391900000025,38.61406530000005],[36.110831700000176,38.61418190000029],[36.111756400000104,38.61507920000014],[36.1122519000001,38.61605110000005],[36.11276170000019,38.6164083000001],[36.11304860000013,38.61649500000004],[36.11370970000007,38.61864720000062],[36.11375060000012,38.61910060000048],[36.11365310000019,38.61951390000007],[36.114285800000175,38.61981280000043],[36.11454360000016,38.61964720000009],[36.11464190000015,38.61972110000016],[36.11477610000003,38.61954140000017],[36.11477560000003,38.61922190000007],[36.11453560000007,38.61915110000007],[36.11456080000016,38.61905389999998],[36.11434280000009,38.619025800000145],[36.1143775000001,38.61798220000031],[36.11596110000005,38.61734190000027],[36.11618580000015,38.61698810000013],[36.11649080000018,38.616759700000046],[36.11660720000003,38.616865000000246],[36.11724670000018,38.61671890000059],[36.11728310000018,38.61687580000006],[36.11743580000018,38.616898300000514],[36.11804140000004,38.618195300000025],[36.11933810000005,38.6177861000001],[36.119643600000074,38.61847920000008],[36.11916170000018,38.61878999999999],[36.11917280000006,38.618989399999975],[36.118773600000054,38.619269400000235],[36.119498300000146,38.62024080000032],[36.119743100000164,38.620879400000035],[36.119931900000154,38.62083920000009],[36.12002080000019,38.62188830000002],[36.12050060000013,38.621876700000314],[36.12063720000003,38.62311110000013],[36.121138600000165,38.62309060000007],[36.121292800000106,38.623996900000236],[36.120940300000086,38.62403440000014],[36.1209922000001,38.624519200000464],[36.12065060000009,38.62678060000019],[36.11991280000018,38.62680140000015],[36.11983420000007,38.62756830000018],[36.11971810000006,38.62779389999997],[36.12072890000019,38.62788690000008],[36.12080610000015,38.62853690000003],[36.12103280000008,38.62921530000017],[36.122101400000076,38.629273900000044],[36.12217190000018,38.63007810000033],[36.12111420000008,38.630064700000105],[36.1203675000001,38.63138580000003],[36.12007690000007,38.63157420000016],[36.11957560000013,38.63170310000049],[36.11883110000019,38.63204890000014],[36.11867060000003,38.63388220000013],[36.11897190000013,38.635971900000015],[36.118794700000194,38.6375489000003],[36.11744170000014,38.63713110000003],[36.11666890000015,38.63810420000004],[36.11637110000004,38.63825560000015],[36.11568080000012,38.63738810000012],[36.11444890000013,38.637733100000105],[36.1145236000001,38.63786390000007],[36.11431829999998,38.637919700000054],[36.11419440000003,38.63774310000019],[36.1137786000001,38.63800030000016],[36.11342170000006,38.637537200000395],[36.11301470000012,38.637735800000485],[36.11237580000005,38.63825110000016],[36.11157750000007,38.63810360000036],[36.1115286000001,38.63824890000012],[36.11093940000001,38.638069400000006],[36.10977670000011,38.63838170000014],[36.108949700000096,38.63841970000004],[36.10879390000014,38.63801690000014],[36.10811920000009,38.638211100000376],[36.10800419999998,38.63801750000016],[36.10658640000008,38.63840920000007],[36.106096900000125,38.63892390000001],[36.10468440000011,38.639625800000545],[36.104628600000126,38.63973940000017],[36.102992500000084,38.64025110000006],[36.101613300000054,38.64039500000024],[36.0995683000001,38.64095750000024],[36.099967200000094,38.641235800000175],[36.10014190000015,38.64160690000017],[36.100837500000125,38.64247780000062],[36.10114780000009,38.64305780000029],[36.101267200000166,38.64318309999999],[36.10159610000005,38.643227200000126],[36.1018567000001,38.6433744000002],[36.10196970000004,38.64359810000008],[36.102501700000175,38.643029700000454],[36.10316360000007,38.64331169999997],[36.104121400000054,38.642526700000076],[36.10468690000016,38.6433744000002],[36.10443310000011,38.643475300000375],[36.10419780000018,38.64336750000018],[36.10380360000005,38.64372920000005],[36.1041603000001,38.644019700000115],[36.10524940000016,38.64443810000046],[36.104773900000055,38.6450753000006],[36.10579640000009,38.64551670000003],[36.10755530000017,38.6458961000003],[36.107449200000076,38.64622560000021],[36.10710440000014,38.646184200000334],[36.106587500000046,38.646341900000095],[36.10436250000015,38.646656100000655],[36.10504670000006,38.64727970000001],[36.10426970000009,38.647595300000205],[36.10372500000017,38.64802580000014],[36.1041517000001,38.648332800000105],[36.10377640000013,38.64876330000021],[36.10234580000008,38.64796060000009],[36.101459700000134,38.648925300000144],[36.10097140000005,38.64888810000059],[36.10090780000013,38.64921610000005],[36.100349200000096,38.64926170000024],[36.10051940000011,38.64992250000006],[36.101105000000075,38.64975140000007],[36.10141360000006,38.65012690000009],[36.10153906857141,38.650038239476146],[36.10138350862974,38.650214331157486],[36.10151946025803,38.65035758901962],[36.10134330000005,38.65018970000028],[36.0992050000001,38.65081250000014],[36.09971970000004,38.651302799999996],[36.09944220000017,38.65134310000013],[36.09887110000017,38.6516539000001],[36.099050000000034,38.65186920000019],[36.09869920000017,38.65215250000017],[36.099188300000094,38.652572500000076],[36.09837780000004,38.652921400000025],[36.09817000000004,38.652726099999995],[36.09639250000009,38.65350640000008],[36.096171900000115,38.653261100000066],[36.09603470000013,38.65336640000004],[36.09579190000011,38.65323640000048],[36.09540310000011,38.6535947000001],[36.09522860000004,38.65347750000018],[36.09349440000011,38.65425720000002],[36.09266170000012,38.6547714000003],[36.092530800000134,38.654941699999995],[36.09240940000001,38.65474720000043],[36.09199110000003,38.6547142],[36.091898300000025,38.65455420000012],[36.09131690000004,38.65442310000026],[36.09135500000019,38.65428170000064],[36.089978300000155,38.65384690000019],[36.08968190000013,38.65431030000019],[36.088491900000065,38.65391360000001],[36.088308900000015,38.65377640000003],[36.088250800000026,38.65384080000007],[36.08765390000019,38.653848600000174],[36.08764420000011,38.653716100000054],[36.08712360000004,38.65360390000069],[36.08673330000005,38.65296810000012],[36.084685600000114,38.65376670000012]]],"type":"Polygon"}},{"type":"Feature","properties":{"area_id":"TR-38-002-180943","name_tr":"Karatay","area_level":"neighbourhood","parent_id":"TR-38-002","endeksa_id":180943},"geometry":{"coordinates":[[[35.913602500000025,38.681788600000345],[35.91265170000008,38.68274330000014],[35.912170000000174,38.68385440000003],[35.91177690000018,38.68509970000002],[35.911571100000174,38.68535110000005],[35.91090080000015,38.685799700000075],[35.91175250000009,38.69183310000045],[35.89843030000003,38.697103600000105],[35.89148030000018,38.69412250000016],[35.886335800000154,38.69200999999998],[35.885927800000104,38.69137810000046],[35.88549500000005,38.69033670000027],[35.885265600000025,38.690076100000056],[35.88522360000013,38.68965560000004],[35.884621100000174,38.68843360000005],[35.884094200000106,38.68786580000011],[35.88367030000006,38.686697500000435],[35.88306890000018,38.685505600000226],[35.88275670000013,38.68512170000008],[35.88219970000006,38.68466250000046],[35.88138440000006,38.68413940000016],[35.88104580000015,38.68327560000046],[35.88038030000013,38.68278440000017],[35.88016310000012,38.682528300000115],[35.87991920000019,38.68199500000037],[35.87824810000012,38.680969700000446],[35.8781944000001,38.68050060000036],[35.87797720000009,38.68025530000017],[35.87775360000006,38.67969030000046],[35.87727000000018,38.67885780000017],[35.877033300000164,38.678710600000045],[35.877036700000076,38.678363300000115],[35.87631970000007,38.67716920000004],[35.87641810000002,38.676368300000036],[35.87627170000019,38.67251920000007],[35.876043900000184,38.67120830000067],[35.87554330000012,38.67071640000012],[35.87566920000006,38.670536400000174],[35.87564890000016,38.67011030000009],[35.87539920000012,38.669553100000144],[35.87575610000016,38.66853779999997],[35.87575750000008,38.66778419999997],[35.87623920000016,38.66711310000005],[35.87626060000014,38.666834400000084],[35.87613560000011,38.666621400000224],[35.87622000000016,38.66585810000015],[35.87688220000007,38.66508970000018],[35.87733030000004,38.66493970000016],[35.87797670000003,38.66454890000034],[35.87886750000018,38.66453170000034],[35.87918000000013,38.66444860000007],[35.879947500000014,38.66313140000011],[35.87998310000012,38.66284439999998],[35.879757800000164,38.66263970000011],[35.87947440000016,38.66255720000004],[35.87924330000004,38.66198940000015],[35.879226900000106,38.661428900000146],[35.8785228000001,38.6603006000002],[35.878698100000065,38.65983610000012],[35.87794080000009,38.65898810000067],[35.878030300000034,38.65875220000015],[35.87751110000005,38.65873810000005],[35.87651000000017,38.65894920000011],[35.87603390000004,38.658955300000116],[35.87593390000012,38.65864030000017],[35.87610219999999,38.65806250000014],[35.87586890000006,38.65745830000003],[35.875737200000174,38.656171400000176],[35.87443420000005,38.65430530000009],[35.87469060000012,38.65257530000014],[35.874975600000084,38.652503300000035],[35.875553900000114,38.65196579999997],[35.87470310000009,38.65113360000004],[35.87469110000012,38.65101170000008],[35.87479920000004,38.65083560000011],[35.87526720000005,38.6506303000005],[35.875466700000175,38.65005720000033],[35.87586170000003,38.649433600000066],[35.87586080000011,38.648790000000645],[35.87599469999998,38.6482486000001],[35.877254200000095,38.648666400000366],[35.87733190000017,38.648452200000406],[35.87807640000011,38.64853250000016],[35.87916060000009,38.648250800000085],[35.879734200000144,38.648205300000086],[35.87982669999997,38.64903060000012],[35.880042800000126,38.648976400000436],[35.88066690000005,38.649262800000145],[35.88019080000009,38.650445000000445],[35.88076610000007,38.65047670000058],[35.88078669999999,38.650342500000136],[35.88148000000018,38.650278600000036],[35.881867200000045,38.65030830000018],[35.88190780000002,38.65044920000008],[35.882358099999976,38.65041500000012],[35.88334830000002,38.65056000000004],[35.88364140000016,38.65067470000008],[35.88382810000013,38.6506303000005],[35.88411000000019,38.65033310000007],[35.88437500000009,38.65037500000034],[35.88458640000016,38.650739700000315],[35.884692800000096,38.650640600000145],[35.88465280000014,38.65012580000018],[35.88493000000017,38.65015170000015],[35.885258599999986,38.64987220000012],[35.88578640000014,38.65008530000017],[35.88601970000008,38.649506700000074],[35.886239400000136,38.64980440000005],[35.88654670000017,38.64949750000005],[35.88697690000009,38.649300800000276],[35.88735330000014,38.64929690000031],[35.887570000000096,38.64892000000003],[35.88819890000008,38.64830969999997],[35.88834110000016,38.648232200000166],[35.88865970000006,38.6483422],[35.889333900000054,38.6474889000001],[35.88950890000012,38.64761390000018],[35.88981360000014,38.64740280000012],[35.890320800000154,38.64725640000023],[35.89086830000019,38.64660780000003],[35.890808600000184,38.64617500000014],[35.89156190000017,38.64637500000049],[35.89182330000011,38.64606530000009],[35.89219810000009,38.646235000000274],[35.89376940000005,38.64521640000055],[35.893920000000094,38.64538610000005],[35.895268300000055,38.64356140000007],[35.89775220000007,38.64465030000025],[35.899318900000026,38.64517970000003],[35.89988330000017,38.64390750000007],[35.90004670000019,38.64370310000004],[35.90066640000015,38.64381860000003],[35.900727500000016,38.64369720000008],[35.90111110000015,38.64379560000009],[35.90181170000005,38.64412330000016],[35.90164420000002,38.6444269000001],[35.901708299999996,38.64446330000004],[35.90299720000007,38.64483110000015],[35.90372080000009,38.64343110000027],[35.90413000000018,38.64226420000017],[35.90398330000011,38.642225800000006],[35.90469190000016,38.640327500000694],[35.905021900000065,38.640013900000326],[35.90415690000009,38.63930810000005],[35.90277170000007,38.6383850000002],[35.90358190000012,38.63743860000005],[35.903733300000056,38.637106100000096],[35.90472530000005,38.63609640000004],[35.90549140000002,38.6364583000003],[35.906177200000116,38.63558919999997],[35.90717030000002,38.633860000000254],[35.90526750000015,38.63312640000015],[35.90400390000008,38.63287280000014],[35.90327860000008,38.63246440000006],[35.904315600000075,38.6306672000004],[35.906545300000175,38.632084200000406],[35.91099000000008,38.63399080000005],[35.911317200000155,38.633041400000025],[35.91187670000005,38.63233530000008],[35.91252970000011,38.631686700000046],[35.91156860000018,38.63120690000011],[35.91123250000004,38.630888600000105],[35.9107542000001,38.63026560000003],[35.911035600000105,38.63009310000018],[35.91074690000005,38.62944360000006],[35.910110800000155,38.62955500000004],[35.9101639000001,38.62967030000016],[35.909172500000125,38.63011390000008],[35.908684400000084,38.629218300000105],[35.91013560000005,38.628796900000054],[35.90939720000006,38.62749080000049],[35.909358300000065,38.62683750000008],[35.90949440000014,38.62677810000014],[35.909381900000085,38.626549400000044],[35.90940140000009,38.62628190000015],[35.90850500000016,38.62532720000053],[35.90738890000017,38.62455140000014],[35.90723890000004,38.62431220000002],[35.90728030000008,38.62402140000012],[35.90754220000008,38.623931700000526],[35.90767810000011,38.62406250000015],[35.907631400000184,38.62412140000009],[35.90808060000006,38.62456890000067],[35.908605800000146,38.62428810000017],[35.90860970000011,38.6241981],[35.90890560000008,38.6240142000006],[35.909163900000124,38.6233867000002],[35.90934750000008,38.62188940000016],[35.90877580000017,38.621093300000155],[35.90837860000016,38.62023360000006],[35.90753780000006,38.61933440000064],[35.90728890000008,38.61947280000004],[35.906604700000116,38.61878750000051],[35.906216900000004,38.61866940000033],[35.905910000000006,38.618051400000354],[35.90497750000014,38.6172322000001],[35.90467940000019,38.616670600000134],[35.90607610000012,38.61613640000036],[35.90573670000009,38.61550080000035],[35.90514969999998,38.61501060000029],[35.905046700000185,38.614797800000076],[35.90470110000018,38.61349970000015],[35.90468310000011,38.61305390000007],[35.90440390000009,38.612597500000106],[35.904456700000026,38.61237330000006],[35.90610690000017,38.61216220000051],[35.90626110000011,38.61199469999997],[35.906258600000115,38.61178669999998],[35.90615859999997,38.611695000000225],[35.907098900000165,38.61169280000007],[35.90772080000011,38.61146360000026],[35.90836810000019,38.61154360000012],[35.91028110000019,38.61130250000008],[35.910415300000125,38.61112360000004],[35.91045000000014,38.61056920000016],[35.91052330000019,38.61056670000016],[35.91685690000003,38.609783900000195],[35.91848140000013,38.609435600000154],[35.91954940000005,38.609091900000124],[35.91937830000012,38.609744400000125],[35.919555300000184,38.6098372000007],[35.919666100000086,38.610217500000545],[35.92096190000001,38.609925600000054],[35.92098640000012,38.60974830000009],[35.92262610000006,38.60987750000015],[35.92281190000017,38.61068830000005],[35.92276110000006,38.61098080000011],[35.92296330000005,38.61143190000013],[35.924086900000134,38.610765300000025],[35.924902800000154,38.61205719999998],[35.924213900000154,38.61243810000025],[35.924658900000054,38.61314890000011],[35.92519940000017,38.61379060000024],[35.924683600000094,38.61414860000019],[35.926578600000084,38.615210000000445],[35.92696190000015,38.61466690000009],[35.930123900000126,38.615607800000134],[35.92922390000007,38.617201900000055],[35.9304092000001,38.617641700000206],[35.93067810000014,38.61738750000012],[35.93098000000009,38.61745720000022],[35.93129030000017,38.6163567000001],[35.93180280000013,38.61575330000028],[35.932086700000184,38.615250800000126],[35.93270890000014,38.615461900000184],[35.93357940000004,38.61369750000017],[35.93373080000015,38.613229400000705],[35.93525360000018,38.61314420000008],[35.93523640000018,38.61344690000004],[35.93647720000018,38.613571900000125],[35.936688100000026,38.61228360000007],[35.93867580000017,38.61271220000003],[35.93865360000012,38.61289140000008],[35.93951140000007,38.61309690000007],[35.94091390000011,38.61327970000025],[35.94076060000003,38.61176310000053],[35.94079810000011,38.61095999999998],[35.941048900000055,38.61045750000051],[35.94643060000004,38.61183500000044],[35.94802610000005,38.61241170000005],[35.95088750000019,38.61312310000011],[35.95674080000009,38.61477500000069],[35.95764330000014,38.61512110000001],[35.9589019,38.61582670000013],[35.96106580000003,38.61741140000015],[35.96452640000018,38.61941610000065],[35.96705860000009,38.62140440000013],[35.968891900000074,38.62250830000016],[35.971020000000124,38.62364140000017],[35.970806100000175,38.623976400000174],[35.971233300000165,38.62429420000018],[35.971306700000184,38.62513780000012],[35.970724700000176,38.62540330000007],[35.97101170000013,38.62596970000004],[35.969770800000106,38.626411400000165],[35.97022470000019,38.62743330000035],[35.968955800000174,38.628048900000124],[35.96928280000009,38.628987200000665],[35.96762940000002,38.63005249999998],[35.967781400000035,38.63068330000067],[35.96736390000012,38.631933600000025],[35.96712280000003,38.63368000000014],[35.96679890000007,38.63368750000001],[35.96653360000016,38.63502640000013],[35.96648890000017,38.63584190000046],[35.96532750000017,38.63607830000012],[35.96449030000019,38.63595920000057],[35.9625506000001,38.63586610000033],[35.96241170000019,38.635941900000205],[35.96207470000019,38.63591359999998],[35.96204560000007,38.63545580000016],[35.96156000000002,38.63552500000003],[35.961344400000144,38.63465170000006],[35.95991190000012,38.63533580000018],[35.95803330000007,38.63572360000012],[35.95805280000013,38.636023900000055],[35.95826330000011,38.63658170000002],[35.958831700000076,38.637347500000146],[35.958709200000044,38.63751279999997],[35.959160000000054,38.63806310000007],[35.95977220000009,38.639833100000146],[35.95923250000004,38.6397558000001],[35.95925690000007,38.640252200000134],[35.95910440000006,38.64077530000009],[35.95936890000013,38.641506400000026],[35.958795000000066,38.64158690000045],[35.95880000000011,38.64168310000059],[35.95801500000016,38.64178280000067],[35.95867610000016,38.643498900000054],[35.95926420000018,38.64457220000054],[35.95968470000014,38.64629640000038],[35.956156400000054,38.64609640000003],[35.953731100000084,38.645786400000134],[35.953616400000044,38.646710000000496],[35.95334750000018,38.646987200000694],[35.95315110000007,38.64781440000007],[35.953206400000056,38.64816500000012],[35.95268110000012,38.65136640000014],[35.95167000000009,38.65133470000052],[35.95165670000006,38.65127560000025],[35.950459200000125,38.651368900000136],[35.94897420000018,38.651146100000005],[35.947516700000165,38.65073780000051],[35.946493100000055,38.65067000000005],[35.94609529999997,38.65190970000049],[35.944608900000105,38.65165640000049],[35.944500300000186,38.65224580000023],[35.94426170000014,38.65281190000053],[35.94360720000003,38.6522250000001],[35.94294030000009,38.652933900000676],[35.94249690000015,38.65358470000052],[35.94240719999999,38.65404580000012],[35.94291310000011,38.65431750000005],[35.943139700000074,38.65481080000018],[35.94267030000009,38.65533610000011],[35.94287860000014,38.655490800000166],[35.942785600000036,38.65559000000053],[35.94159030000009,38.65619360000005],[35.94132940000003,38.656057800000156],[35.93989970000018,38.65639830000026],[35.93633610000006,38.65767360000012],[35.93643170000013,38.658528600000125],[35.93584830000003,38.65824170000019],[35.9352717000001,38.65769470000009],[35.9333678000001,38.656304200000136],[35.93278970000006,38.657420300000126],[35.930833900000096,38.65691110000006],[35.93091110000006,38.65663969999997],[35.92973140000015,38.656291900000156],[35.92939030000019,38.65736310000051],[35.928978100000165,38.65915310000014],[35.92715060000012,38.65887030000016],[35.92721920000014,38.6606306000005],[35.92643670000007,38.66061000000008],[35.926152200000104,38.66280250000011],[35.926305600000035,38.66352670000032],[35.92495280000003,38.664081400000384],[35.92524530000003,38.66449749999998],[35.924575300000015,38.66482530000047],[35.9247797000001,38.665025800000365],[35.92034500000017,38.66741720000016],[35.920072800000185,38.66777310000066],[35.91970720000012,38.66870060000031],[35.920036400000185,38.66881110000003],[35.9178050000001,38.67238309999999],[35.917069200000185,38.67392470000004],[35.91638970000008,38.675075600000014],[35.916491400000154,38.6752178000001],[35.91645580000005,38.67548860000011],[35.91556280000003,38.676643100000035],[35.914916900000094,38.67726690000018],[35.91467470000009,38.677711400000135],[35.9150183000001,38.678498900000136],[35.9150719000001,38.67925330000003],[35.914998600000104,38.67941580000013],[35.914755300000024,38.679567500000246],[35.91408640000009,38.680322500000045],[35.913854400000105,38.68081000000001],[35.913816699999984,38.68122440000002],[35.91355279999999,38.68147750000003],[35.913602500000025,38.681788600000345]]],"type":"Polygon"}},{"type":"Feature","properties":{"area_id":"TR-38-002-180945","name_tr":"Köprübaşı","area_level":"neighbourhood","parent_id":"TR-38-002","endeksa_id":180945},"geometry":{"coordinates":[[[36.02051890000007,38.724545300000614],[36.01680280000011,38.727220000000045],[36.01582940000003,38.72781690000005],[36.012523300000055,38.7309044000001],[36.01152080000003,38.73167560000047],[36.00906360000016,38.732818100000145],[36.008254200000124,38.73310080000044],[36.006285600000126,38.73427190000035],[36.005527200000074,38.73361580000005],[36.00567860000018,38.73347170000022],[36.00490280000014,38.73272940000027],[36.00623220000017,38.731906400000014],[36.00593920000006,38.73152190000019],[36.00645250000008,38.73116420000008],[36.004260000000045,38.7294186000006],[36.00405190000009,38.72975250000019],[36.00324780000017,38.72945030000005],[36.003239699999995,38.72933780000017],[36.00262330000015,38.729157500000156],[36.002894200000185,38.72880610000004],[36.001898100000005,38.72838670000016],[36.002267800000084,38.72809690000031],[36.00157860000007,38.727833299999986],[36.001840300000026,38.72739580000007],[36.00080000000014,38.727078300000585],[36.001138900000115,38.72661030000023],[36.0021675000001,38.72586810000064],[36.00331669999997,38.724811900000645],[36.00366220000018,38.72418250000044],[36.00360439999997,38.724153600000534],[36.00376860000006,38.723776100000066],[36.00473280000011,38.72242250000011],[36.005739400000095,38.72013060000006],[36.00587280000008,38.72016750000006],[36.006152200000145,38.719520800000055],[36.005515600000024,38.71940330000007],[36.005560600000024,38.71909920000013],[36.00521170000013,38.719052800000554],[36.00523000000004,38.718628100000046],[36.00495080000019,38.71829310000004],[36.00475140000003,38.71819530000016],[36.00482330000011,38.71797000000049],[36.00451750000002,38.716825000000256],[36.00392080000006,38.71532810000002],[36.00282670000013,38.713794400000324],[36.00299720000004,38.713719400000514],[36.00293390000013,38.7135394],[36.002601100000106,38.7134772],[36.002745800000184,38.71254940000034],[36.002589700000044,38.71251390000009],[36.00278920000005,38.7119483000007],[36.00272670000004,38.711311900000624],[36.002799400000185,38.71043670000017],[36.00240330000008,38.710310300000174],[36.00238310000003,38.71003750000034],[36.00279830000011,38.710011100000145],[36.00277390000019,38.70959000000062],[36.00285030000015,38.70950860000028],[36.003726700000186,38.70923360000012],[36.00520170000016,38.709041900000386],[36.00551060000015,38.70887310000012],[36.00710310000011,38.70841190000016],[36.007085600000096,38.7079389000001],[36.00722060000004,38.707905600000515],[36.007251100000076,38.70757390000006],[36.007118600000126,38.706906400000264],[36.00696390000013,38.70655030000029],[36.005948100000126,38.70738610000052],[36.00541500000003,38.70768030000016],[36.00401720000002,38.708058600000015],[36.003212500000075,38.708224200000586],[36.00290030000019,38.70756920000002],[36.00133220000009,38.7081872],[36.00052110000013,38.707668100000035],[36.000395000000026,38.70778420000005],[35.999975300000074,38.70766060000017],[35.99985560000016,38.707561700000156],[35.999946900000054,38.70742830000046],[35.998252800000046,38.706686700000205],[35.99556750000011,38.70578780000011],[35.994927500000074,38.70439220000043],[35.99448580000012,38.703860600000496],[35.99474140000012,38.70349220000003],[35.99415440000007,38.70324750000003],[35.99462470000003,38.70220920000014],[35.99558080000014,38.699516900000276],[35.996028900000056,38.69860000000011],[35.99276690000016,38.6973933000001],[35.9933822000001,38.69608060000053],[35.99460000000016,38.694664200000034],[35.9977578000001,38.69165560000033],[36.00122440000007,38.68786060000002],[36.00353030000008,38.68577890000046],[36.00175750000011,38.68502500000011],[36.00063780000005,38.684686400000146],[36.00112530000001,38.68333280000007],[36.00143440000005,38.68341190000018],[36.00233560000015,38.68160670000003],[36.00066810000004,38.681030000000135],[36.000215300000036,38.68079140000026],[36.001593100000036,38.677783300000044],[36.001632200000074,38.67703390000008],[36.001866900000095,38.67585060000005],[36.005238299999974,38.67601250000013],[36.00548390000006,38.67271030000006],[36.00605360000014,38.67267110000006],[36.00596250000007,38.67144780000024],[36.00607190000005,38.67026780000015],[36.00614560000008,38.66709309999999],[36.00511829999999,38.6669983000005],[36.00521170000013,38.66687440000055],[36.00527640000013,38.666423099999975],[36.00539390000006,38.666406900000084],[36.005677800000115,38.6660478],[36.00648860000007,38.66577780000006],[36.00714140000008,38.665682200000674],[36.00741690000012,38.665434400000095],[36.007525600000065,38.66509720000005],[36.00739440000007,38.66497060000006],[36.00738470000016,38.66483310000041],[36.00697030000015,38.66481140000002],[36.00656640000011,38.66466280000003],[36.00647060000017,38.66449170000004],[36.00634780000013,38.663656400000036],[36.006204200000184,38.66333000000003],[36.00589690000015,38.66297140000006],[36.00589030000015,38.66316419999998],[36.0056689000001,38.66315440000005],[36.0050892000001,38.6628383000002],[36.004774400000144,38.662762800000166],[36.00474690000004,38.662666400000035],[36.00374360000012,38.6625506000002],[36.00204940000009,38.66200860000015],[36.00122030000006,38.661986700000114],[36.001677800000095,38.66049310000017],[36.00152060000005,38.66049310000017],[36.00176110000007,38.65912810000003],[36.003143600000044,38.65955640000044],[36.00342360000013,38.658881099999974],[36.00178810000017,38.65837140000008],[36.00188810000009,38.65798440000003],[36.002327800000046,38.65810440000001],[36.002319200000045,38.657168100000035],[36.00174500000014,38.657122800000025],[36.00182220000016,38.656631900000036],[36.00163360000016,38.65662860000049],[36.001695600000176,38.65585690000023],[36.00107670000011,38.65586810000008],[36.00093920000012,38.654649200000165],[36.00062920000005,38.65364190000014],[36.000546400000076,38.65305560000007],[36.00053530000008,38.65277250000014],[36.000687800000094,38.65277250000014],[36.00087530000013,38.65140420000023],[36.00052640000007,38.65124000000014],[36.00053940000004,38.65043969999999],[36.00113690000012,38.64763860000005],[36.00095810000005,38.64760780000017],[36.0010061000001,38.64749470000004],[36.00047830000017,38.64746750000029],[36.000648600000034,38.647046700000146],[35.99924420000019,38.64663640000009],[35.999135000000024,38.64682780000015],[35.99853330000013,38.64661580000052],[35.99879500000014,38.64603440000019],[35.99869469999999,38.6459317000004],[35.99746920000007,38.64558970000053],[35.99702420000017,38.646400300000096],[35.99522310000003,38.64548360000009],[35.994289700000024,38.64522690000035],[35.994433600000036,38.64488170000021],[35.99354830000016,38.644399200000066],[35.99415470000008,38.64353750000055],[35.994839400000046,38.642169200000126],[35.994625800000165,38.64199830000001],[35.994172200000094,38.64187500000048],[35.99398030000003,38.641598100000124],[35.993989200000044,38.641437200000496],[35.991695300000174,38.64045560000028],[35.991656100000114,38.64026060000049],[35.991538300000116,38.6403325000004],[35.991455299999984,38.64054780000009],[35.99064000000004,38.64029810000039],[35.99108060000009,38.639237800000046],[35.99113720000014,38.638783100000126],[35.990984700000126,38.63872140000018],[35.990967200000114,38.63857080000014],[35.99063140000004,38.63852970000045],[35.990731700000026,38.63824940000035],[35.98988170000018,38.63624830000015],[35.989907800000026,38.63604310000005],[35.98975530000001,38.63592000000017],[35.9898075000001,38.63574890000007],[35.98925390000011,38.634931400000085],[35.98927140000012,38.6348322000004],[35.98795060000009,38.63250970000007],[35.98773250000016,38.63255779999997],[35.98747530000003,38.631853100000114],[35.987353100000064,38.631702500000074],[35.98713940000016,38.63169560000023],[35.98703920000003,38.6314289],[35.98609310000006,38.63155860000012],[35.98587080000016,38.63123720000067],[35.985788100000036,38.63075500000002],[35.986128100000144,38.6305086000001],[35.98599750000017,38.62916110000049],[35.98515170000019,38.62906860000015],[35.98526530000015,38.628367500000195],[35.98504280000003,38.62830920000016],[35.985278300000175,38.62768330000006],[35.98279170000012,38.62704500000001],[35.98057000000017,38.62662140000032],[35.9799986000001,38.626389700000686],[35.97937920000004,38.62626940000018],[35.97846580000015,38.62587110000004],[35.977237500000115,38.62561110000007],[35.97651750000006,38.62481560000015],[35.97698720000017,38.62385310000042],[35.97625440000013,38.62323920000006],[35.97716940000015,38.622106900000176],[35.97782330000007,38.622580300000266],[35.97905470000018,38.62201219999997],[35.97849580000013,38.62125170000047],[35.98058500000013,38.62036030000007],[35.98175640000005,38.62008750000007],[35.98150940000005,38.619176700000025],[35.98203669999998,38.6186211000001],[35.982094400000165,38.618123600000104],[35.982341400000166,38.61803970000045],[35.982316900000114,38.61694140000003],[35.98239970000003,38.61594670000011],[35.98379110000019,38.61628280000002],[35.98463920000006,38.616644700000165],[35.98510310000006,38.61563060000043],[35.9857583000001,38.615913900000066],[35.98635190000016,38.61601170000034],[35.98645080000017,38.61554000000007],[35.98685440000003,38.61479080000004],[35.9872153,38.61484750000011],[35.98734220000006,38.614520600000105],[35.98715920000018,38.61442920000013],[35.98795000000007,38.61351830000012],[35.989217800000176,38.61429360000011],[35.99003310000012,38.61462310000002],[35.990132800000026,38.61486860000008],[35.99540170000006,38.6131828000004],[35.997328300000106,38.61208470000014],[35.99918080000009,38.6140256000005],[36.000991400000146,38.61366810000004],[36.00754690000008,38.61658390000008],[36.011865000000114,38.61835750000046],[36.01333000000017,38.622871700000076],[36.013252200000125,38.62314970000011],[36.0124206000001,38.62355060000061],[36.013002200000074,38.62440580000032],[36.01442580000008,38.62397530000004],[36.014551900000185,38.62431330000015],[36.015500600000166,38.62407999999999],[36.015948600000115,38.624186900000325],[36.016303300000175,38.62413440000006],[36.01635940000017,38.6242228000001],[36.016180600000155,38.6245258000003],[36.01608920000001,38.624903300000085],[36.01719220000018,38.625096100000235],[36.01711330000006,38.62538670000015],[36.01748720000006,38.625456900000245],[36.017321700000025,38.626200600000175],[36.01789500000007,38.626211900000044],[36.0178461000001,38.62701940000056],[36.01802170000008,38.62704970000004],[36.017763900000034,38.628947800000105],[36.01788860000005,38.62895610000004],[36.01797190000019,38.62925190000004],[36.017931900000065,38.62952940000008],[36.01783219999999,38.62953060000018],[36.017785000000174,38.63029280000069],[36.017978100000164,38.63053860000042],[36.017779200000064,38.630528300000094],[36.01761720000019,38.63063560000012],[36.01758360000002,38.631299200000115],[36.02010970000015,38.632370000000606],[36.01972690000008,38.63336780000003],[36.02066890000009,38.633688100000086],[36.021899200000064,38.63385220000032],[36.02525440000005,38.63367890000001],[36.025361900000064,38.63574580000068],[36.025311100000124,38.63836940000033],[36.02552220000018,38.640155600000185],[36.02536060000011,38.64155390000002],[36.025995300000034,38.64155670000008],[36.02597969999999,38.641406900000106],[36.02722330000006,38.64139060000019],[36.027327500000126,38.64204640000008],[36.02905390000018,38.64205920000012],[36.02882940000006,38.64267580000012],[36.028729999999996,38.64281110000013],[36.028648299999986,38.642797200000075],[36.02862830000015,38.64433220000058],[36.02848970000019,38.644320800000344],[36.02818860000019,38.6452900000001],[36.02927140000003,38.64548360000009],[36.02941500000003,38.644585600000084],[36.029868100000044,38.64487860000031],[36.03030250000012,38.644959200000585],[36.03089530000011,38.64477940000063],[36.0319578000001,38.644660600000066],[36.031919700000174,38.64593890000015],[36.03394720000006,38.64590610000005],[36.033981100000176,38.645756400000096],[36.03542920000007,38.6459267000007],[36.036187200000086,38.647510600000146],[36.03613530000007,38.64790610000034],[36.03654560000007,38.64795500000048],[36.036597200000074,38.647854200000666],[36.036746900000026,38.647850000000176],[36.037213900000154,38.647961900000155],[36.036821900000064,38.64853780000038],[36.03770030000004,38.64872310000044],[36.03852360000013,38.6473339000006],[36.039163600000165,38.647600800000305],[36.0396161000001,38.646993100000145],[36.03973689999998,38.646665300000166],[36.04053560000017,38.64677560000024],[36.03981640000018,38.648064200000135],[36.04229030000005,38.64808610000017],[36.04256360000011,38.64898080000012],[36.042455800000084,38.64903530000015],[36.04316720000014,38.650623100000075],[36.043421900000055,38.65069360000041],[36.04338780000012,38.650858100000164],[36.04453500000017,38.65096330000034],[36.045059200000026,38.6509161000007],[36.04503670000008,38.650439200000164],[36.045586700000115,38.650442200000214],[36.04564810000005,38.649722200000326],[36.04721310000008,38.64974310000014],[36.04717420000003,38.650026400000115],[36.04852530000011,38.65003810000053],[36.04854860000006,38.65070530000031],[36.04715750000008,38.65088470000023],[36.04718560000009,38.65097140000012],[36.04709750000006,38.65100250000006],[36.04756750000007,38.651681100000076],[36.047201900000175,38.65216780000003],[36.04676420000004,38.652016700000104],[36.046163300000046,38.651943300000426],[36.04621190000017,38.65360360000017],[36.046076700000185,38.65401940000061],[36.04583080000009,38.65431220000016],[36.04525030000019,38.65419859999997],[36.044825600000024,38.65425940000057],[36.044893900000034,38.65494440000003],[36.04617470000011,38.65492390000048],[36.0461075280578,38.65535309774111],[36.04631493081621,38.65532235591837],[36.046428900000194,38.654594700000246],[36.046679200000085,38.654474700000264],[36.04690000000011,38.65471080000026],[36.04719670000014,38.65446140000023],[36.047476400000164,38.654065600000024],[36.04919360000014,38.65365220000007],[36.0516578000001,38.65346170000015],[36.05522000000013,38.652928100000054],[36.056013300000075,38.65338670000011],[36.056585800000164,38.65328310000007],[36.058316400000024,38.653471900000056],[36.05909250000008,38.65336830000001],[36.05901610000018,38.65304920000062],[36.06190220000008,38.6527339000001],[36.06292220000006,38.65234280000044],[36.06295280000012,38.652431400000125],[36.064936900000134,38.65236140000002],[36.06499560000003,38.65267080000058],[36.06728440000006,38.65276330000006],[36.06743170000016,38.65404530000012],[36.06714219999998,38.65421140000018],[36.06656330000004,38.65415500000046],[36.066680300000144,38.65460580000013],[36.06479690000009,38.65466890000016],[36.06343780000009,38.65454030000018],[36.06346140000011,38.655066900000236],[36.06433110000012,38.655726100000095],[36.065201900000034,38.65582220000056],[36.065975600000115,38.65539000000018],[36.06642220000009,38.65531250000015],[36.06657810000007,38.65536110000005],[36.06768860000011,38.65502580000003],[36.06780970000017,38.65532250000007],[36.06978170000008,38.65696190000017],[36.06993560000001,38.65698310000033],[36.07043690000012,38.656548300000054],[36.07083110000002,38.65653470000018],[36.07132780000012,38.65669390000005],[36.07156530000003,38.6569133000001],[36.07183310000016,38.65673140000047],[36.07220080000002,38.657016900000144],[36.07359780000019,38.65773690000003],[36.07405970000019,38.65746420000016],[36.074709200000086,38.657793900000115],[36.0773767,38.65783140000053],[36.08037250000007,38.658521900000096],[36.081133900000054,38.6585692000001],[36.081377800000155,38.65871220000008],[36.082129700000166,38.657977500000186],[36.0827556000001,38.6571917],[36.082264400000156,38.65681140000015],[36.08238250000011,38.65664420000036],[36.08278810000013,38.65650080000057],[36.083005800000194,38.65605360000052],[36.08299560000006,38.65598110000002],[36.082568900000126,38.65577610000014],[36.08245310000012,38.6555206000001],[36.082491400000094,38.65535530000011],[36.083017200000086,38.65479110000018],[36.083364200000176,38.65495390000012],[36.08355690000013,38.65515310000012],[36.084685600000114,38.65376670000012],[36.085043299999995,38.654104399999994],[36.08605830000016,38.65452470000014],[36.0868756000001,38.65499719999997],[36.0872275000001,38.654976900000065],[36.08806970000012,38.655262500000106],[36.09060110000013,38.65651330000003],[36.09041140000011,38.65751920000014],[36.092007200000126,38.65811830000047],[36.09311280000014,38.658802200000025],[36.09297170000019,38.65899860000047],[36.09352860000007,38.65934560000005],[36.094607800000006,38.659675600000355],[36.09499970000013,38.65987470000016],[36.09511530000009,38.659768900000074],[36.09528220000004,38.659792500000435],[36.09580750000015,38.66051530000004],[36.09638170000005,38.66080390000013],[36.097044400000186,38.661793900000475],[36.098878300000024,38.66333610000004],[36.0992356000001,38.66403389999999],[36.099421900000095,38.66469080000036],[36.09930610000009,38.66483640000018],[36.09878310000016,38.66463000000016],[36.09963500000015,38.66538030000021],[36.097027500000024,38.66501810000011],[36.09664170000008,38.66680969999999],[36.09678859999997,38.666999400000236],[36.09643310000007,38.66797440000062],[36.09665250000012,38.66810140000047],[36.09707810000015,38.66889810000066],[36.09671780000019,38.6697267000003],[36.0970317,38.67076860000003],[36.09792920000001,38.6714486000003],[36.09774720000007,38.671797200000185],[36.09843890000013,38.67220140000006],[36.10000919999999,38.67254890000004],[36.10064220000015,38.67313580000064],[36.10134690000018,38.67348940000005],[36.10185440000009,38.67461470000006],[36.10217780000005,38.67482580000012],[36.10235560000018,38.67481420000024],[36.10231060000018,38.67449440000007],[36.10245889999999,38.67446530000018],[36.10245860000015,38.67429080000028],[36.10315580000014,38.67434860000009],[36.10492030000012,38.67424219999998],[36.10495750000018,38.67434690000016],[36.1060025000001,38.674096100000156],[36.106136400000025,38.67441560000066],[36.10755670000009,38.67390060000014],[36.107984700000145,38.67454470000018],[36.10661810000005,38.677300800000125],[36.10584280000006,38.67820060000048],[36.10526610000011,38.6791994000007],[36.10415720000003,38.680729700000484],[36.10381750000016,38.68302390000008],[36.10343030000007,38.68386690000017],[36.103331900000114,38.68456080000021],[36.10267330000016,38.68512780000009],[36.10201330000007,38.68541170000009],[36.099859200000026,38.686050600000044],[36.09944860000019,38.687693900000454],[36.09934940000011,38.68841780000031],[36.09761529999997,38.68921860000012],[36.09752890000016,38.68917470000008],[36.09677280000011,38.68936140000022],[36.09571720000014,38.6897450000007],[36.09576940000005,38.68991500000004],[36.093855000000076,38.69034280000005],[36.09321189999997,38.69058860000018],[36.093223300000034,38.69073170000013],[36.090119700000116,38.691541900000516],[36.08707580000015,38.692541700000106],[36.08697780000006,38.692403300000194],[36.08553610000013,38.69281080000019],[36.08549470000008,38.69294780000013],[36.0847986,38.69316500000019],[36.08448190000013,38.69301470000016],[36.08443420000009,38.69304360000007],[36.08458810000019,38.69322280000017],[36.084419700000126,38.6932769],[36.083692500000154,38.69337109999998],[36.08361720000016,38.69310640000015],[36.083957500000054,38.69267530000013],[36.084398600000156,38.69238140000016],[36.084198100000094,38.69187670000014],[36.08283030000007,38.69229080000031],[36.08229470000015,38.69262780000048],[36.08096940000007,38.69270640000059],[36.07986220000015,38.6932061],[36.079241700000125,38.69281470000067],[36.07878810000011,38.69322220000009],[36.07856830000003,38.69318970000006],[36.07780670000005,38.69332580000014],[36.077335800000185,38.693537500000105],[36.07739190000001,38.69379060000006],[36.07673890000018,38.694042200000126],[36.076330800000164,38.6940692],[36.07622420000007,38.69434330000013],[36.07627060000016,38.69457940000012],[36.076193100000125,38.69460220000042],[36.07582610000014,38.69456250000019],[36.07566529999997,38.694176100000334],[36.074965300000144,38.69400360000009],[36.0749239000001,38.694046100000094],[36.075903300000164,38.696310600000004],[36.07395890000004,38.69730580000015],[36.07383470000008,38.69720190000004],[36.07180440000013,38.698163600000214],[36.07108110000013,38.69887920000008],[36.06976580000003,38.69870560000015],[36.06885440000008,38.698135800000045],[36.06845310000011,38.69760190000028],[36.0677831000001,38.697203600000364],[36.066811900000005,38.69726780000019],[36.0659864000001,38.69712030000022],[36.06544220000001,38.69773779999997],[36.065145600000164,38.6977758000001],[36.06497220000006,38.69770060000013],[36.06478440000012,38.69743970000036],[36.06475530000006,38.696369700000105],[36.064480300000184,38.69611060000017],[36.06382750000017,38.6960686000001],[36.06288330000007,38.69627830000019],[36.06156170000014,38.69591330000003],[36.06098940000004,38.69562190000005],[36.06024310000009,38.693423900000084],[36.05965110000011,38.69503920000034],[36.05828810000014,38.69737780000003],[36.05823970000006,38.69769920000016],[36.058394200000066,38.69828060000066],[36.05800310000001,38.69859560000043],[36.05750420000015,38.69854080000016],[36.05715890000016,38.698752500000126],[36.05702420000006,38.69874000000016],[36.05690030000011,38.69859889999998],[36.05701440000013,38.698338100000115],[36.05693470000011,38.6982706],[36.05588250000005,38.69812530000024],[36.05577750000009,38.698248100000455],[36.05556170000017,38.698235300000135],[36.055178100000035,38.697688100000164],[36.05460360000012,38.69780670000017],[36.05451750000009,38.69798000000014],[36.054155800000046,38.697796400000016],[36.05388190000008,38.69788530000028],[36.05359220000008,38.69771830000013],[36.05338440000014,38.69771830000013],[36.05310080000015,38.697111900000095],[36.05215390000012,38.69701310000005],[36.05187310000014,38.696772200000055],[36.05185420000004,38.696598900000424],[36.051665300000025,38.69658420000013],[36.05148420000012,38.69672750000041],[36.05113110000002,38.696694700000535],[36.051042800000005,38.69645310000044],[36.05090140000004,38.69640530000004],[36.05095280000006,38.69614890000014],[36.05039890000006,38.69609390000005],[36.049656900000116,38.69545580000016],[36.04948470000005,38.69519330000014],[36.0493467,38.69524309999997],[36.049266700000146,38.695496700000035],[36.04915920000013,38.695551700000465],[36.04904920000007,38.695448900000486],[36.04897560000006,38.69508280000002],[36.04862140000006,38.69505360000011],[36.04851580000019,38.69471420000008],[36.048141400000134,38.69468330000001],[36.04821280000016,38.69450250000034],[36.048134400000095,38.6943553000001],[36.04747330000009,38.69450780000005],[36.047325300000125,38.6946983000002],[36.04662560000014,38.694937800000105],[36.04656440000019,38.69473670000053],[36.046711400000106,38.69456190000028],[36.046360300000174,38.69448220000044],[36.046250799999996,38.694272200000114],[36.04575330000006,38.69425610000002],[36.04548470000003,38.694422500000144],[36.04528920000001,38.69442810000004],[36.04523810000006,38.69436530000036],[36.04531580000008,38.6942125000005],[36.04521420000003,38.69410110000052],[36.044842500000186,38.69393860000008],[36.04440810000011,38.69397580000009],[36.04416670000006,38.69382030000003],[36.04384970000012,38.693808600000125],[36.04366440000007,38.69357220000046],[36.04349470000005,38.6935603],[36.04328470000007,38.693763300000285],[36.043009700000084,38.69363310000017],[36.04235250000005,38.69354780000003],[36.042170000000056,38.693847800000526],[36.041562200000044,38.69377420000012],[36.04152420000008,38.69362030000053],[36.04176030000008,38.69364080000008],[36.04174690000002,38.69347360000012],[36.04196780000018,38.69329920000007],[36.041858100000184,38.69309940000005],[36.04196720000016,38.69275030000017],[36.041742800000065,38.692658600000186],[36.04159360000017,38.69270470000009],[36.041429400000084,38.69289830000048],[36.04107640000018,38.69259080000012],[36.041240600000094,38.69237330000038],[36.041716100000144,38.69252110000053],[36.04183110000008,38.692251900000144],[36.04177440000018,38.69207890000018],[36.041498600000125,38.69187030000069],[36.04123250000009,38.6918556],[36.04115330000013,38.69161610000026],[36.040566100000035,38.691428299999984],[36.04052280000019,38.691245000000094],[36.04026220000014,38.69122530000061],[36.04009610000003,38.69132220000046],[36.04001640000001,38.69162470000026],[36.03951390000003,38.69153500000016],[36.03914780000008,38.692005600000186],[36.03955720000005,38.692866700000025],[36.03969420000004,38.693050000000085],[36.040000300000145,38.69321720000022],[36.04018780000018,38.69349080000012],[36.04012420000009,38.69396810000018],[36.040213900000026,38.69432860000052],[36.04084440000014,38.69478580000015],[36.04138610000001,38.69596720000038],[36.04148000000015,38.69633780000049],[36.04133110000009,38.69637110000008],[36.0413592000001,38.69706030000009],[36.04167830000006,38.697239400000115],[36.04192890000019,38.69785970000015],[36.04223140000016,38.698016700000494],[36.04228030000013,38.69825860000026],[36.04246750000016,38.69841670000005],[36.04289470000015,38.6987094000001],[36.043341699999985,38.698614400000565],[36.043843300000106,38.698743900000125],[36.04392000000007,38.69898970000003],[36.043638600000065,38.699073100000135],[36.04353970000005,38.69932670000003],[36.04333000000008,38.69945060000015],[36.043298900000025,38.699306900000124],[36.04233670000019,38.699694700000066],[36.04197420000003,38.69922080000015],[36.04024220000008,38.700098600000445],[36.03971080000014,38.69944140000007],[36.03943920000006,38.69963690000026],[36.039185000000145,38.699656400000094],[36.03874170000006,38.69995440000059],[36.03905780000014,38.70129220000007],[36.039112500000044,38.70192670000017],[36.0377117000001,38.702710600000046],[36.03745750000007,38.70292250000068],[36.037502800000084,38.70331750000014],[36.037204700000075,38.70341720000005],[36.036921100000086,38.703670800000054],[36.03666360000011,38.704823600000054],[36.036151700000175,38.705960800000184],[36.03614830000009,38.70603530000017],[36.036512500000185,38.70621250000005],[36.03541440000009,38.707348600000614],[36.03496530000007,38.707950300000164],[36.03487030000019,38.70790390000019],[36.03112610000005,38.711492500000645],[36.030752500000006,38.71201940000003],[36.02988060000018,38.7129475000001],[36.029473900000085,38.713081100000636],[36.02839499999999,38.71402190000032],[36.02753890000008,38.713755000000106],[36.02704060000002,38.71456720000032],[36.025951899999995,38.71591920000009],[36.02495530000016,38.71702190000002],[36.02465330000007,38.71698330000021],[36.024201100000084,38.717818600000044],[36.02219750000006,38.72011920000068],[36.02176500000019,38.72161750000066],[36.021555000000035,38.72196190000005],[36.021106700000075,38.72185030000003],[36.02043970000011,38.72298140000004],[36.02078250000005,38.723118300000124],[36.020410800000036,38.723795300000006],[36.02040390000019,38.72442360000014],[36.02051890000007,38.724545300000614]]],"type":"Polygon"}},{"type":"Feature","properties":{"area_id":"TR-38-002-180907","name_tr":"Dağardı","area_level":"neighbourhood","parent_id":"TR-38-002","endeksa_id":180907},"geometry":{"coordinates":[[[35.81266220000009,38.694428900000105],[35.820157800000175,38.7025100000003],[35.82050530000015,38.70276060000043],[35.819520000000125,38.70349170000003],[35.820750000000146,38.704356700000176],[35.8210203000001,38.704833100000315],[35.821280000000115,38.70505330000009],[35.82102560000004,38.70514470000052],[35.82119060000019,38.70544830000006],[35.82137190000009,38.70545860000004],[35.82143030000009,38.70554860000004],[35.821601900000076,38.70633190000069],[35.821882200000005,38.70643360000008],[35.82185690000006,38.7069178000005],[35.8217092000001,38.70703140000012],[35.821764700000074,38.70749330000018],[35.82108000000011,38.70754280000034],[35.82075810000009,38.70823750000011],[35.82106280000011,38.70867610000016],[35.820298900000125,38.70829500000008],[35.81975640000019,38.7076297000001],[35.81946810000011,38.70774080000001],[35.81939330000017,38.71009250000009],[35.81886640000005,38.71086190000034],[35.819288100000165,38.71114280000012],[35.81900420000011,38.711995000000115],[35.818149700000106,38.71250420000018],[35.8169817000001,38.71305110000014],[35.81607810000014,38.7133125000006],[35.81439999999998,38.71430560000016],[35.81251470000018,38.71511420000013],[35.81164830000006,38.71535920000048],[35.81101690000003,38.715416400000095],[35.810326100000054,38.71578469999997],[35.808725000000095,38.716136100000085],[35.80075190000014,38.71747000000033],[35.80385170000011,38.72344170000025],[35.80387530000013,38.7238189000002],[35.8093133000001,38.72881170000011],[35.81204440000016,38.73819720000006],[35.806230300000095,38.739962500000104],[35.79620110000002,38.743828300000075],[35.79524970000017,38.74076330000014],[35.79276920000012,38.738656400000025],[35.78888310000008,38.73560110000005],[35.78215860000006,38.72479640000006],[35.77976560000013,38.722308900000314],[35.77609390000009,38.71950390000006],[35.77558250000004,38.71823720000003],[35.77297940000017,38.71572750000007],[35.759473900000046,38.71448220000002],[35.74924420000008,38.71721140000011],[35.74731750000018,38.71764609999997],[35.747671400000115,38.71729859999999],[35.74729000000019,38.7168056000001],[35.747352500000034,38.716445600000156],[35.74807390000001,38.71612280000005],[35.74829060000019,38.7155589000003],[35.74761560000013,38.7157256000001],[35.74681940000016,38.71544750000032],[35.747219400000006,38.71507639999999],[35.747051400000146,38.714859700000034],[35.74663720000018,38.71502690000034],[35.74608670000009,38.71462940000049],[35.746716900000024,38.714090600000134],[35.746350000000064,38.713897500000144],[35.74377580000004,38.71368780000006],[35.74550030000006,38.70506530000034],[35.744526100000144,38.695620000000076],[35.74371500000018,38.69330560000043],[35.74376890000019,38.693098599999985],[35.743705300000045,38.692969200000164],[35.74235470000002,38.69252780000005],[35.738843600000166,38.69064670000034],[35.73893610000016,38.68541170000009],[35.741462500000125,38.68480030000012],[35.743241700000056,38.68313110000008],[35.743659700000194,38.682866700000375],[35.74401190000003,38.68311250000011],[35.74444000000011,38.68278670000018],[35.74469000000016,38.68244720000013],[35.74257190000009,38.68201310000012],[35.74268280000018,38.68152310000005],[35.74199170000003,38.68111030000017],[35.7461469000001,38.679829200000086],[35.74676110000013,38.679528300000015],[35.746883100000105,38.679426700000135],[35.74686940000004,38.679256900000155],[35.74645720000001,38.678830000000175],[35.74600440000006,38.67853780000013],[35.74625720000017,38.67831330000007],[35.746454400000175,38.67830250000003],[35.74656190000019,38.677816400000665],[35.746427800000106,38.67766530000006],[35.74578440000016,38.67741140000055],[35.74592170000011,38.67662000000007],[35.74600920000006,38.67640920000008],[35.74615810000017,38.67645470000008],[35.74642030000018,38.675682800000345],[35.74975920000003,38.67496720000014],[35.75166860000007,38.67451670000014],[35.751460300000076,38.67421220000017],[35.75187420000003,38.674008300000025],[35.752021900000045,38.67383970000026],[35.75189810000006,38.67373610000021],[35.751974400000165,38.673659700000144],[35.75286720000014,38.67406750000009],[35.75452000000013,38.67327360000013],[35.754614400000094,38.67306359999998],[35.75511140000003,38.673254200000486],[35.756161700000064,38.672374700000546],[35.7566197000001,38.67183310000013],[35.75870220000013,38.67111970000008],[35.75873500000017,38.67078690000062],[35.75829610000011,38.670431100000314],[35.75829330000005,38.670273300000076],[35.75851920000008,38.66956610000051],[35.75880720000009,38.66930420000051],[35.759004700000105,38.669346900000164],[35.75912640000007,38.66924970000008],[35.75950860000006,38.669378100000586],[35.75980610000016,38.669116100000224],[35.75994970000016,38.6690964],[35.76010080000003,38.66924970000008],[35.76037969999999,38.66932000000003],[35.760743600000126,38.66925310000005],[35.76224750000017,38.66930750000006],[35.763076900000044,38.66978560000001],[35.76426610000004,38.66896170000024],[35.76467560000003,38.66822310000009],[35.76666420000004,38.668103900000176],[35.76778720000004,38.66829250000029],[35.7681611000001,38.66849170000006],[35.768517200000076,38.66887890000049],[35.76879310000015,38.66943670000046],[35.769041100000095,38.67071830000009],[35.77162440000012,38.67032810000018],[35.7723003000001,38.670325300000115],[35.773592800000074,38.670638900000085],[35.77458860000007,38.670646900000406],[35.77467860000007,38.670439700000315],[35.775012200000106,38.6702269000001],[35.775777200000164,38.669251100000054],[35.77719640000004,38.66684000000055],[35.7776247000001,38.66640360000014],[35.77817830000009,38.66611220000004],[35.77905310000017,38.66529280000043],[35.77935940000009,38.665071400000045],[35.78053970000008,38.66518140000045],[35.781530800000155,38.66487640000008],[35.78197170000004,38.66463060000035],[35.78225780000008,38.66457030000015],[35.78232670000011,38.66445190000013],[35.78254610000016,38.66447030000023],[35.78249390000008,38.664391400000454],[35.78272080000005,38.664180300000396],[35.783137200000056,38.66408780000006],[35.78352250000012,38.66369420000018],[35.78358940000015,38.66352390000009],[35.78435000000019,38.66307530000063],[35.785091100000045,38.663096100000075],[35.785985000000096,38.663704400000086],[35.78657060000006,38.66456420000054],[35.78688690000013,38.66533249999998],[35.78689250000008,38.66572280000048],[35.78699330000006,38.66580030000017],[35.78674750000016,38.66675110000011],[35.78709110000017,38.666931100000625],[35.78695330000011,38.667096400000446],[35.786902200000156,38.667382500000315],[35.786481700000024,38.66797810000003],[35.78609940000018,38.66806420000023],[35.786168900000064,38.668368900000075],[35.786108300000194,38.66845030000002],[35.78596110000012,38.66837640000011],[35.78595390000004,38.6685131000001],[35.78585000000015,38.66851560000009],[35.785853100000054,38.66866530000004],[35.785668300000054,38.668727800000056],[35.785705000000064,38.668811900000094],[35.7852572000001,38.669578300000126],[35.785093300000085,38.66946220000011],[35.7851131000001,38.66962000000035],[35.78439384773827,38.669806010879086],[35.7846889585519,38.6699391151098],[35.7847050509522,38.670083310378175],[35.7846113125654,38.670201932180476],[35.78513559999999,38.66989330000058],[35.78524560000005,38.67009310000009],[35.78500530000008,38.678331400000104],[35.78430640000016,38.680895000000305],[35.78308440000012,38.682905300000186],[35.782804200000044,38.68482360000064],[35.78672060000008,38.68576889999997],[35.79197860000005,38.686824200000615],[35.795790000000125,38.685987500000124],[35.797619200000156,38.68536190000009],[35.79826830000019,38.68526580000014],[35.79956170000008,38.684733100000074],[35.80169580000012,38.684015800000054],[35.80295689999997,38.684127200000034],[35.80453140000009,38.6840572000001],[35.80561110000002,38.6842736000001],[35.80660720000003,38.684277800000245],[35.815121900000065,38.6858433000001],[35.81336750000003,38.689800300000115],[35.81266220000009,38.694428900000105]]],"type":"Polygon"}},{"type":"Feature","properties":{"area_id":"TR-38-002-180941","name_tr":"Girveli","area_level":"neighbourhood","parent_id":"TR-38-002","endeksa_id":180941},"geometry":{"coordinates":[[[36.08764720000016,38.744610800000146],[36.0872761,38.745394200000135],[36.08490920000014,38.74509360000013],[36.08094190000014,38.745078600000284],[36.08103000000011,38.744762800000444],[36.08028250000012,38.74443220000012],[36.081398900000124,38.743530800000144],[36.08097280000004,38.74276250000014],[36.080700300000046,38.74286420000038],[36.08053920000003,38.74258970000005],[36.08016780000003,38.74236470000062],[36.079938900000116,38.74182060000004],[36.08023670000006,38.74157140000017],[36.07949250000013,38.74118190000013],[36.079773900000134,38.740783900000565],[36.08001610000008,38.74061940000013],[36.079898100000094,38.74048110000001],[36.08009360000011,38.74034390000003],[36.079671700000176,38.74007750000038],[36.079719400000045,38.74002830000006],[36.07947470000005,38.73977310000009],[36.07890140000006,38.739935300000184],[36.07848970000009,38.73977060000021],[36.07747360000002,38.738944700000445],[36.077248600000075,38.73840690000003],[36.07813280000005,38.73810360000016],[36.07781440000019,38.73754940000009],[36.07723060000018,38.7368881000001],[36.07733220000006,38.736810800000455],[36.07608280000005,38.735649400000284],[36.07513140000003,38.73448250000018],[36.074530800000105,38.73354890000007],[36.07398720000003,38.73381080000007],[36.07342970000013,38.73310560000016],[36.074274400000036,38.73253280000034],[36.073520300000155,38.73187390000004],[36.07378190000014,38.73150420000013],[36.07369670000003,38.731393900000114],[36.07631809999998,38.72896750000007],[36.076704200000165,38.72870560000058],[36.075262200000054,38.7273783],[36.07625580000018,38.726721900000086],[36.07662440000013,38.727060000000165],[36.07749060000003,38.72641720000024],[36.07717500000001,38.725824200000204],[36.0779467000001,38.7254794000001],[36.07722860000018,38.72481360000006],[36.07589860000013,38.72382140000008],[36.07410890000017,38.722778100000085],[36.074944200000175,38.72207170000058],[36.074085800000034,38.721652500000175],[36.073993099999996,38.721691700000406],[36.073504700000115,38.72143580000005],[36.07343500000019,38.72150610000017],[36.07253470000012,38.72099940000032],[36.07218780000005,38.72094250000009],[36.07117360000012,38.72042560000045],[36.070922500000165,38.72039580000012],[36.070838300000105,38.72064060000048],[36.070640000000026,38.720574699999986],[36.07032420000019,38.72029060000011],[36.07062610000014,38.71998780000047],[36.068990799999995,38.71916829999998],[36.06886220000001,38.719350000000134],[36.06759580000005,38.71838470000034],[36.067613100000074,38.718146400000194],[36.06785690000015,38.71775280000014],[36.068028100000106,38.71713170000004],[36.06846860000013,38.71633580000014],[36.06899250000015,38.71641720000008],[36.069828099999995,38.7151475],[36.070308899999986,38.71521640000003],[36.07034329999999,38.715100800000414],[36.071570300000076,38.715446100000065],[36.07164780000011,38.714465800000085],[36.0709511,38.714435600000115],[36.07173080000007,38.71423890000051],[36.07211830000017,38.713927200000114],[36.07206860000014,38.71331610000004],[36.07082250000002,38.71344000000016],[36.070934400000056,38.71258640000002],[36.07029080000012,38.71247310000007],[36.07056280000006,38.712174700000105],[36.07148030000013,38.71158360000004],[36.071482800000126,38.71129830000007],[36.071334999999976,38.710863900000504],[36.07139360000002,38.71045250000003],[36.071090800000036,38.71009330000015],[36.07154329999997,38.70981440000003],[36.07285580000007,38.70944170000007],[36.073899200000085,38.708882500000186],[36.0746683000001,38.70771720000005],[36.074206700000104,38.70744440000004],[36.073873100000014,38.70739470000052],[36.073683100000096,38.70718140000014],[36.07248060000012,38.706890800000394],[36.072222200000056,38.707113900000024],[36.07231830000018,38.70733920000055],[36.07219640000005,38.70747220000004],[36.07193530000012,38.707438300000035],[36.07166940000013,38.707216700000174],[36.07154720000017,38.70681080000003],[36.07108560000012,38.70668140000015],[36.070724200000086,38.70673280000011],[36.07038060000008,38.70696140000001],[36.06949109999999,38.70678360000005],[36.06908470000013,38.70678390000006],[36.068936400000155,38.70640970000005],[36.068533900000034,38.70604470000001],[36.067919400000164,38.705863300000146],[36.07196890000006,38.70205220000008],[36.07269420000017,38.70117140000002],[36.073125600000026,38.700859700000535],[36.07225140000014,38.69998390000001],[36.07247220000011,38.69986440000025],[36.072413100000006,38.6997300000005],[36.07205560000011,38.69950470000015],[36.07170780000013,38.69943000000001],[36.07108110000013,38.69887920000008],[36.07180440000013,38.698163600000214],[36.07383470000008,38.69720190000004],[36.07395890000004,38.69730580000015],[36.075903300000164,38.696310600000004],[36.0749239000001,38.694046100000094],[36.074965300000144,38.69400360000009],[36.07566529999997,38.694176100000334],[36.07582610000014,38.69456250000019],[36.076193100000125,38.69460220000042],[36.07627060000016,38.69457940000012],[36.07622420000007,38.69434330000013],[36.076330800000164,38.6940692],[36.07673890000018,38.694042200000126],[36.07739190000001,38.69379060000006],[36.077335800000185,38.693537500000105],[36.07780670000005,38.69332580000014],[36.07856830000003,38.69318970000006],[36.07878810000011,38.69322220000009],[36.079241700000125,38.69281470000067],[36.07986220000015,38.6932061],[36.08096940000007,38.69270640000059],[36.08229470000015,38.69262780000048],[36.08283030000007,38.69229080000031],[36.084198100000094,38.69187670000014],[36.084398600000156,38.69238140000016],[36.083957500000054,38.69267530000013],[36.08361720000016,38.69310640000015],[36.083692500000154,38.69337109999998],[36.084419700000126,38.6932769],[36.08458810000019,38.69322280000017],[36.08443420000009,38.69304360000007],[36.08448190000013,38.69301470000016],[36.0847986,38.69316500000019],[36.08549470000008,38.69294780000013],[36.08553610000013,38.69281080000019],[36.08697780000006,38.692403300000194],[36.08707580000015,38.692541700000106],[36.090119700000116,38.691541900000516],[36.093223300000034,38.69073170000013],[36.09321189999997,38.69058860000018],[36.093855000000076,38.69034280000005],[36.09576940000005,38.68991500000004],[36.09571720000014,38.6897450000007],[36.09677280000011,38.68936140000022],[36.09752890000016,38.68917470000008],[36.09761529999997,38.68921860000012],[36.09934940000011,38.68841780000031],[36.09944860000019,38.687693900000454],[36.099859200000026,38.686050600000044],[36.10201330000007,38.68541170000009],[36.10267330000016,38.68512780000009],[36.10126780000007,38.68767060000016],[36.10097060000015,38.688364700000534],[36.10067390000012,38.68939860000046],[36.099527500000136,38.69149060000018],[36.09845560000008,38.694407800000135],[36.098432200000104,38.694972500000176],[36.09973060000004,38.693194400000095],[36.101291400000036,38.69167810000005],[36.102464700000155,38.69089110000016],[36.102639400000044,38.69081830000033],[36.10281440000011,38.69087220000017],[36.10309060000003,38.69113530000027],[36.10371280000004,38.69074969999997],[36.104400300000066,38.690588300000115],[36.10437250000007,38.69077690000046],[36.104500599999994,38.690748100000064],[36.105592500000114,38.690411400000414],[36.10652330000005,38.69023000000033],[36.10651190000016,38.690110000000345],[36.10700500000013,38.69084360000011],[36.10747780000014,38.69250670000008],[36.11139639999999,38.69481140000016],[36.114382200000136,38.69548750000013],[36.116839200000015,38.69618720000011],[36.119221900000184,38.69693080000053],[36.12169330000006,38.697853600000144],[36.12235750000008,38.700197800000126],[36.13086970000006,38.70180170000032],[36.13647140000012,38.70258610000002],[36.12583720000009,38.713105600000176],[36.117738299999985,38.71717610000053],[36.11592030000003,38.71785330000006],[36.11544860000009,38.7176336],[36.11469780000016,38.718091700000116],[36.11421000000013,38.71853280000016],[36.11432720000005,38.718694200000186],[36.113864700000136,38.71896390000012],[36.114211400000045,38.71928470000006],[36.11404390000001,38.71947780000005],[36.11356220000016,38.71971280000008],[36.11325190000008,38.71941529999998],[36.11200640000004,38.719850600000484],[36.110858900000096,38.72064030000013],[36.11093360000007,38.72113360000009],[36.11018080000014,38.721516700000166],[36.1102681000001,38.72168750000009],[36.1084467,38.72232830000013],[36.10846250000009,38.72242970000036],[36.106536900000094,38.72290500000025],[36.10665220000004,38.7233147000004],[36.105625300000156,38.72364440000018],[36.10283080000005,38.725257800000236],[36.101499200000035,38.726281100000165],[36.10166530000009,38.72667030000008],[36.09992890000012,38.727713300000005],[36.09699640000014,38.7305111000004],[36.095699700000125,38.73158560000013],[36.094280600000104,38.73267940000039],[36.09382860000005,38.73293080000008],[36.093125800000166,38.73305610000011],[36.092723300000046,38.73356720000015],[36.09160530000008,38.73465810000033],[36.09157330000011,38.734964200000434],[36.091826400000116,38.73558080000015],[36.09018920000017,38.73536690000003],[36.08899080000015,38.73554530000001],[36.08729970000019,38.73602470000043],[36.08717330000002,38.73635280000008],[36.087234200000125,38.737211100000536],[36.086945300000025,38.73867280000019],[36.08732330000004,38.7424122000001],[36.08731940000007,38.743287800000076],[36.08764720000016,38.744610800000146]]],"type":"Polygon"}},{"type":"Feature","properties":{"area_id":"TR-38-002-180897","name_tr":"Elbaşı","area_level":"neighbourhood","parent_id":"TR-38-002","endeksa_id":180897},"geometry":{"coordinates":[[[35.99065640000015,38.75196890000018],[35.98909750000013,38.75181190000069],[35.987196100000006,38.751386400000115],[35.98701310000018,38.751829199999975],[35.98658720000009,38.75240310000004],[35.98754080000015,38.75250440000008],[35.987051700000166,38.75378360000008],[35.98645610000011,38.75364360000003],[35.98408940000019,38.752686100000005],[35.98396170000012,38.75266310000006],[35.983858300000065,38.75274780000018],[35.98262860000011,38.75241640000007],[35.98238440000017,38.75283280000025],[35.981770300000164,38.752731400000016],[35.98071470000002,38.75280890000005],[35.97985860000006,38.75300920000063],[35.9795453000001,38.752963100000045],[35.97965310000012,38.752743600000144],[35.978929200000096,38.75251580000031],[35.978255000000104,38.75246940000005],[35.97768110000004,38.75232140000003],[35.97843610000018,38.75003920000006],[35.97810640000006,38.749930300000074],[35.97781110000011,38.74992080000004],[35.977644199999986,38.75025000000005],[35.97677670000019,38.75001780000002],[35.976339700000096,38.751443600000414],[35.975693300000046,38.75133390000008],[35.97560170000014,38.751683900000046],[35.97407920000006,38.75147470000013],[35.973448300000086,38.75124220000009],[35.97356500000018,38.75090970000065],[35.97260580000005,38.75048560000005],[35.972126900000035,38.75080140000057],[35.97154580000006,38.75040920000009],[35.971224700000164,38.750353300000086],[35.971130800000026,38.7502111000004],[35.97144560000015,38.749766900000054],[35.970755,38.74946720000031],[35.97027860000003,38.74943420000005],[35.96882940000006,38.7495550000001],[35.968720800000085,38.74931750000036],[35.968458600000076,38.749273300000254],[35.96741860000003,38.74969060000018],[35.96695530000005,38.74970720000027],[35.96705780000019,38.749188300000185],[35.967715600000076,38.747796400000084],[35.972076700000116,38.741304400000104],[35.97111250000012,38.741021699999976],[35.97132830000004,38.740561700000114],[35.96989000000002,38.7404264000001],[35.969976400000064,38.74000030000002],[35.97087060000018,38.74007220000016],[35.97109720000009,38.73894580000018],[35.969648100000086,38.73902560000039],[35.96934690000006,38.73762470000065],[35.969530300000145,38.73762920000013],[35.970586100000105,38.737262200000146],[35.970586100000105,38.73710190000003],[35.970274200000006,38.73641000000015],[35.969929400000126,38.735836100000085],[35.96821110000002,38.736236399999996],[35.968200300000035,38.73635470000005],[35.966993600000194,38.73656530000039],[35.967020600000126,38.73666220000024],[35.96551189999997,38.73718500000018],[35.96537220000016,38.736699700000145],[35.96508690000019,38.736185000000546],[35.96688110000014,38.735253100000534],[35.966671100000156,38.73478060000019],[35.96573390000009,38.735092500000064],[35.96223750000013,38.73565669999999],[35.96166110000007,38.73570720000009],[35.96154280000002,38.73558890000061],[35.96111720000016,38.735715600000105],[35.96097190000006,38.73528080000034],[35.958641100000136,38.73578000000043],[35.95858030000005,38.73563860000013],[35.957787200000155,38.73575860000011],[35.95793060000011,38.73667419999998],[35.95717390000004,38.73667170000067],[35.956859400000155,38.7349356000002],[35.956704200000104,38.73338720000015],[35.95612220000004,38.73346860000032],[35.955599700000164,38.73345970000014],[35.95556220000009,38.733374200000185],[35.95433670000011,38.73337970000006],[35.9542656000001,38.73284670000038],[35.95563000000004,38.73283390000006],[35.95559830000008,38.732053600000484],[35.9541306000001,38.73208250000039],[35.954103900000064,38.73156360000007],[35.95306690000007,38.731529400000454],[35.95291890000004,38.7316072000005],[35.952553600000044,38.73062440000018],[35.95233560000008,38.73068330000007],[35.95208060000016,38.73004420000012],[35.951926900000046,38.72924610000018],[35.94623530000001,38.73002280000014],[35.940775300000155,38.7314497000001],[35.936253300000146,38.73225940000009],[35.932077500000105,38.73029500000064],[35.92706280000016,38.72870830000045],[35.92664000000019,38.724575300000254],[35.92453189999998,38.72057000000018],[35.921688300000085,38.71843690000003],[35.91820919999998,38.71628830000026],[35.91463830000015,38.714348300000324],[35.91604500000017,38.71072890000016],[35.91600560000012,38.70698830000015],[35.91277920000016,38.703643900000145],[35.91281920000006,38.70139500000005],[35.91428610000014,38.69580190000056],[35.915723600000035,38.69210360000045],[35.918681900000024,38.68839190000011],[35.91698560000003,38.68436170000007],[35.915595300000064,38.683317199999976],[35.91510140000008,38.68279860000007],[35.91480110000009,38.682693300000096],[35.914676400000076,38.68255190000008],[35.91423720000017,38.68245030000003],[35.913602500000025,38.681788600000345],[35.91355279999999,38.68147750000003],[35.913816699999984,38.68122440000002],[35.913854400000105,38.68081000000001],[35.91408640000009,38.680322500000045],[35.914755300000024,38.679567500000246],[35.914998600000104,38.67941580000013],[35.9150719000001,38.67925330000003],[35.9150183000001,38.678498900000136],[35.91467470000009,38.677711400000135],[35.914916900000094,38.67726690000018],[35.91556280000003,38.676643100000035],[35.91645580000005,38.67548860000011],[35.916491400000154,38.6752178000001],[35.91638970000008,38.675075600000014],[35.917069200000185,38.67392470000004],[35.9178050000001,38.67238309999999],[35.920036400000185,38.66881110000003],[35.91970720000012,38.66870060000031],[35.920072800000185,38.66777310000066],[35.92034500000017,38.66741720000016],[35.9247797000001,38.665025800000365],[35.924575300000015,38.66482530000047],[35.92524530000003,38.66449749999998],[35.92495280000003,38.664081400000384],[35.926305600000035,38.66352670000032],[35.926152200000104,38.66280250000011],[35.92643670000007,38.66061000000008],[35.92721920000014,38.6606306000005],[35.92715060000012,38.65887030000016],[35.928978100000165,38.65915310000014],[35.92939030000019,38.65736310000051],[35.92973140000015,38.656291900000156],[35.93091110000006,38.65663969999997],[35.930833900000096,38.65691110000006],[35.93278970000006,38.657420300000126],[35.9333678000001,38.656304200000136],[35.9352717000001,38.65769470000009],[35.93584830000003,38.65824170000019],[35.93643170000013,38.658528600000125],[35.93633610000006,38.65767360000012],[35.93989970000018,38.65639830000026],[35.94132940000003,38.656057800000156],[35.94159030000009,38.65619360000005],[35.942785600000036,38.65559000000053],[35.94287860000014,38.655490800000166],[35.94267030000009,38.65533610000011],[35.943139700000074,38.65481080000018],[35.94291310000011,38.65431750000005],[35.94240719999999,38.65404580000012],[35.94249690000015,38.65358470000052],[35.94294030000009,38.652933900000676],[35.94360720000003,38.6522250000001],[35.94426170000014,38.65281190000053],[35.944500300000186,38.65224580000023],[35.944608900000105,38.65165640000049],[35.94609529999997,38.65190970000049],[35.946493100000055,38.65067000000005],[35.947516700000165,38.65073780000051],[35.94897420000018,38.651146100000005],[35.950459200000125,38.651368900000136],[35.95165670000006,38.65127560000025],[35.95167000000009,38.65133470000052],[35.95268110000012,38.65136640000014],[35.953206400000056,38.64816500000012],[35.95315110000007,38.64781440000007],[35.95334750000018,38.646987200000694],[35.953616400000044,38.646710000000496],[35.953731100000084,38.645786400000134],[35.956156400000054,38.64609640000003],[35.95968470000014,38.64629640000038],[35.95926420000018,38.64457220000054],[35.95867610000016,38.643498900000054],[35.95801500000016,38.64178280000067],[35.95880000000011,38.64168310000059],[35.958795000000066,38.64158690000045],[35.95936890000013,38.641506400000026],[35.95910440000006,38.64077530000009],[35.95925690000007,38.640252200000134],[35.95923250000004,38.6397558000001],[35.95977220000009,38.639833100000146],[35.959160000000054,38.63806310000007],[35.958709200000044,38.63751279999997],[35.958831700000076,38.637347500000146],[35.95826330000011,38.63658170000002],[35.95805280000013,38.636023900000055],[35.95803330000007,38.63572360000012],[35.95991190000012,38.63533580000018],[35.961344400000144,38.63465170000006],[35.96156000000002,38.63552500000003],[35.96204560000007,38.63545580000016],[35.96207470000019,38.63591359999998],[35.96241170000019,38.635941900000205],[35.9625506000001,38.63586610000033],[35.96449030000019,38.63595920000057],[35.96532750000017,38.63607830000012],[35.96648890000017,38.63584190000046],[35.96653360000016,38.63502640000013],[35.96679890000007,38.63368750000001],[35.96712280000003,38.63368000000014],[35.96736390000012,38.631933600000025],[35.967781400000035,38.63068330000067],[35.96762940000002,38.63005249999998],[35.96928280000009,38.628987200000665],[35.96955220000018,38.62859220000013],[35.97287470000009,38.62668640000004],[35.972720300000105,38.62643810000043],[35.97263940000016,38.62581970000042],[35.97408280000019,38.62580860000003],[35.97416420000019,38.6248092000003],[35.97503330000018,38.62516170000015],[35.97509580000019,38.625045000000114],[35.977237500000115,38.62561110000007],[35.97846580000015,38.62587110000004],[35.97937920000004,38.62626940000018],[35.9799986000001,38.626389700000686],[35.98057000000017,38.62662140000032],[35.98279170000012,38.62704500000001],[35.985278300000175,38.62768330000006],[35.98504280000003,38.62830920000016],[35.98526530000015,38.628367500000195],[35.98515170000019,38.62906860000015],[35.98599750000017,38.62916110000049],[35.986128100000144,38.6305086000001],[35.985788100000036,38.63075500000002],[35.98587080000016,38.63123720000067],[35.98609310000006,38.63155860000012],[35.98703920000003,38.6314289],[35.98713940000016,38.63169560000023],[35.987353100000064,38.631702500000074],[35.98747530000003,38.631853100000114],[35.98773250000016,38.63255779999997],[35.98795060000009,38.63250970000007],[35.98927140000012,38.6348322000004],[35.98925390000011,38.634931400000085],[35.9898075000001,38.63574890000007],[35.98975530000001,38.63592000000017],[35.989907800000026,38.63604310000005],[35.98988170000018,38.63624830000015],[35.990731700000026,38.63824940000035],[35.99063140000004,38.63852970000045],[35.990967200000114,38.63857080000014],[35.990984700000126,38.63872140000018],[35.99113720000014,38.638783100000126],[35.99108060000009,38.639237800000046],[35.99064000000004,38.64029810000039],[35.991455299999984,38.64054780000009],[35.991538300000116,38.6403325000004],[35.991656100000114,38.64026060000049],[35.991695300000174,38.64045560000028],[35.993989200000044,38.641437200000496],[35.99398030000003,38.641598100000124],[35.994172200000094,38.64187500000048],[35.994625800000165,38.64199830000001],[35.994839400000046,38.642169200000126],[35.99415470000008,38.64353750000055],[35.99354830000016,38.644399200000066],[35.994433600000036,38.64488170000021],[35.994289700000024,38.64522690000035],[35.99522310000003,38.64548360000009],[35.99702420000017,38.646400300000096],[35.99746920000007,38.64558970000053],[35.99869469999999,38.6459317000004],[35.99879500000014,38.64603440000019],[35.99853330000013,38.64661580000052],[35.999135000000024,38.64682780000015],[35.99924420000019,38.64663640000009],[36.000648600000034,38.647046700000146],[36.00047830000017,38.64746750000029],[36.0010061000001,38.64749470000004],[36.00095810000005,38.64760780000017],[36.00113690000012,38.64763860000005],[36.00053940000004,38.65043969999999],[36.00052640000007,38.65124000000014],[36.00087530000013,38.65140420000023],[36.000687800000094,38.65277250000014],[36.00053530000008,38.65277250000014],[36.000546400000076,38.65305560000007],[36.00062920000005,38.65364190000014],[36.00093920000012,38.654649200000165],[36.00107670000011,38.65586810000008],[36.001695600000176,38.65585690000023],[36.00163360000016,38.65662860000049],[36.00182220000016,38.656631900000036],[36.00174500000014,38.657122800000025],[36.002319200000045,38.657168100000035],[36.002327800000046,38.65810440000001],[36.00188810000009,38.65798440000003],[36.00178810000017,38.65837140000008],[36.00342360000013,38.658881099999974],[36.003143600000044,38.65955640000044],[36.00176110000007,38.65912810000003],[36.00152060000005,38.66049310000017],[36.001677800000095,38.66049310000017],[36.00122030000006,38.661986700000114],[36.00204940000009,38.66200860000015],[36.00374360000012,38.6625506000002],[36.00474690000004,38.662666400000035],[36.004774400000144,38.662762800000166],[36.0050892000001,38.6628383000002],[36.0056689000001,38.66315440000005],[36.00589030000015,38.66316419999998],[36.00589690000015,38.66297140000006],[36.006204200000184,38.66333000000003],[36.00634780000013,38.663656400000036],[36.00647060000017,38.66449170000004],[36.00656640000011,38.66466280000003],[36.00697030000015,38.66481140000002],[36.00738470000016,38.66483310000041],[36.00739440000007,38.66497060000006],[36.007525600000065,38.66509720000005],[36.00741690000012,38.665434400000095],[36.00714140000008,38.665682200000674],[36.00648860000007,38.66577780000006],[36.005677800000115,38.6660478],[36.00539390000006,38.666406900000084],[36.00527640000013,38.666423099999975],[36.00521170000013,38.66687440000055],[36.00511829999999,38.6669983000005],[36.00614560000008,38.66709309999999],[36.00607190000005,38.67026780000015],[36.00596250000007,38.67144780000024],[36.00605360000014,38.67267110000006],[36.00548390000006,38.67271030000006],[36.005238299999974,38.67601250000013],[36.001866900000095,38.67585060000005],[36.001632200000074,38.67703390000008],[36.001593100000036,38.677783300000044],[36.000215300000036,38.68079140000026],[36.00066810000004,38.681030000000135],[36.00233560000015,38.68160670000003],[36.00143440000005,38.68341190000018],[36.00112530000001,38.68333280000007],[36.00063780000005,38.684686400000146],[36.00175750000011,38.68502500000011],[36.00353030000008,38.68577890000046],[36.00122440000007,38.68786060000002],[35.9977578000001,38.69165560000033],[35.99460000000016,38.694664200000034],[35.9933822000001,38.69608060000053],[35.99276690000016,38.6973933000001],[35.996028900000056,38.69860000000011],[35.99558080000014,38.699516900000276],[35.99462470000003,38.70220920000014],[35.99415440000007,38.70324750000003],[35.99474140000012,38.70349220000003],[35.99448580000012,38.703860600000496],[35.994927500000074,38.70439220000043],[35.99556750000011,38.70578780000011],[35.998252800000046,38.706686700000205],[35.999946900000054,38.70742830000046],[35.99985560000016,38.707561700000156],[35.999975300000074,38.70766060000017],[36.000395000000026,38.70778420000005],[36.00052110000013,38.707668100000035],[36.00133220000009,38.7081872],[36.00290030000019,38.70756920000002],[36.003212500000075,38.708224200000586],[36.00401720000002,38.708058600000015],[36.00541500000003,38.70768030000016],[36.005948100000126,38.70738610000052],[36.00696390000013,38.70655030000029],[36.007118600000126,38.706906400000264],[36.007251100000076,38.70757390000006],[36.00722060000004,38.707905600000515],[36.007085600000096,38.7079389000001],[36.00710310000011,38.70841190000016],[36.00551060000015,38.70887310000012],[36.00520170000016,38.709041900000386],[36.003726700000186,38.70923360000012],[36.00285030000015,38.70950860000028],[36.00277390000019,38.70959000000062],[36.00279830000011,38.710011100000145],[36.00238310000003,38.71003750000034],[36.00240330000008,38.710310300000174],[36.002799400000185,38.71043670000017],[36.00272670000004,38.711311900000624],[36.00278920000005,38.7119483000007],[36.002589700000044,38.71251390000009],[36.002745800000184,38.71254940000034],[36.002601100000106,38.7134772],[36.00293390000013,38.7135394],[36.00299720000004,38.713719400000514],[36.00282670000013,38.713794400000324],[36.00392080000006,38.71532810000002],[36.00451750000002,38.716825000000256],[36.00482330000011,38.71797000000049],[36.00475140000003,38.71819530000016],[36.00495080000019,38.71829310000004],[36.00523000000004,38.718628100000046],[36.00521170000013,38.719052800000554],[36.005560600000024,38.71909920000013],[36.005515600000024,38.71940330000007],[36.006152200000145,38.719520800000055],[36.00587280000008,38.72016750000006],[36.005739400000095,38.72013060000006],[36.00473280000011,38.72242250000011],[36.00376860000006,38.723776100000066],[36.00360439999997,38.724153600000534],[36.00366220000018,38.72418250000044],[36.00331669999997,38.724811900000645],[36.0021675000001,38.72586810000064],[36.001138900000115,38.72661030000023],[36.00080000000014,38.727078300000585],[36.001840300000026,38.72739580000007],[36.00157860000007,38.727833299999986],[36.002267800000084,38.72809690000031],[36.001898100000005,38.72838670000016],[36.002894200000185,38.72880610000004],[36.00262330000015,38.729157500000156],[36.003239699999995,38.72933780000017],[36.00324780000017,38.72945030000005],[36.00405190000009,38.72975250000019],[36.004260000000045,38.7294186000006],[36.00645250000008,38.73116420000008],[36.00593920000006,38.73152190000019],[36.00623220000017,38.731906400000014],[36.00490280000014,38.73272940000027],[36.00567860000018,38.73347170000022],[36.005527200000074,38.73361580000005],[36.006285600000126,38.73427190000035],[36.00448080000001,38.73550110000008],[36.00206720000017,38.736690800000474],[36.00430970000008,38.73882970000017],[36.00324860000006,38.739429400000404],[36.00302610000011,38.739203900000575],[36.00224220000007,38.73962940000007],[36.00188140000006,38.739152500000046],[36.00148390000004,38.73935250000011],[36.00072920000014,38.73982080000013],[36.001425600000175,38.74047190000033],[36.000455600000066,38.741185800000096],[36.000116400000024,38.74092890000048],[36.00025860000011,38.7407917000005],[35.999678900000106,38.74024920000005],[35.998803900000155,38.740886100000125],[35.99934330000019,38.7413714000005],[35.99919390000008,38.741542800000104],[35.999252200000114,38.74163690000012],[35.99841720000012,38.742399400000295],[35.99970080000014,38.743678900000646],[35.99913190000012,38.74441860000002],[35.998738100000025,38.74476420000002],[35.999095600000146,38.74494110000012],[35.99862140000016,38.74548940000017],[35.99820940000018,38.74528390000057],[35.99782640000012,38.74571500000036],[35.99820190000008,38.7459606000001],[35.99770610000013,38.74676890000052],[35.99790669999999,38.74688310000005],[35.99750190000009,38.74746280000005],[35.99658640000018,38.74694580000005],[35.996291100000064,38.74745420000005],[35.99686000000008,38.747714200000075],[35.997009400000024,38.74789970000029],[35.99666310000015,38.74869360000025],[35.996079400000156,38.749667500000044],[35.995568900000194,38.75010440000045],[35.99518220000016,38.75026140000011],[35.99572190000009,38.75203190000042],[35.99498890000018,38.75241749999998],[35.99433250000004,38.75258890000032],[35.99065640000015,38.75196890000018]]],"type":"Polygon"}},{"type":"Feature","properties":{"area_id":"TR-38-002-180939","name_tr":"Ekinciler","area_level":"neighbourhood","parent_id":"TR-38-002","endeksa_id":180939},"geometry":{"coordinates":[[[36.055083300000035,38.7564761000001],[36.05342999999999,38.75731310000003],[36.051886900000056,38.75848640000049],[36.05060470000018,38.759132200000636],[36.04995500000007,38.75961860000001],[36.04957190000016,38.75978690000045],[36.0493158000001,38.75877830000013],[36.04946690000003,38.75872830000026],[36.049344400000166,38.75805109999999],[36.049721700000134,38.75794640000004],[36.049610600000165,38.75669220000054],[36.04933190000003,38.75665140000018],[36.048947500000054,38.75470670000004],[36.048761700000114,38.75447940000009],[36.04739250000017,38.755102500000135],[36.04646280000014,38.754200000000026],[36.04548720000008,38.75253580000003],[36.04519110000007,38.75263580000029],[36.04461220000013,38.751555600000074],[36.04376890000003,38.751859200000695],[36.0403692000001,38.75361470000064],[36.04017170000009,38.753305800000305],[36.03981140000013,38.752451400000155],[36.04089060000007,38.75209190000004],[36.04097780000018,38.75243280000001],[36.04158109999997,38.75216920000008],[36.04151000000013,38.749742500000025],[36.04124860000019,38.748942500000055],[36.04143810000005,38.74803250000008],[36.04216500000018,38.74604310000018],[36.04147860000006,38.74544330000026],[36.04063170000012,38.74591170000065],[36.04101640000016,38.746550300000195],[36.03946360000015,38.74709560000019],[36.03822890000009,38.745058099999994],[36.03754420000013,38.745371900000066],[36.03659780000015,38.74447690000005],[36.035518900000056,38.74504080000003],[36.03484000000003,38.745504400000186],[36.03335360000011,38.74360530000024],[36.03418310000018,38.74308719999999],[36.033683900000085,38.74259190000009],[36.03415390000009,38.742246400000056],[36.033776400000136,38.74187389999997],[36.03254670000018,38.74291500000032],[36.03142060000005,38.7420881000001],[36.03072420000018,38.74171560000002],[36.03089810000017,38.74148390000022],[36.03011470000018,38.741138600000056],[36.03146030000016,38.73963860000015],[36.03053749999998,38.73921610000019],[36.02973140000012,38.740666100000055],[36.02907390000007,38.74044690000039],[36.02859470000004,38.74085970000044],[36.027755600000035,38.74035720000006],[36.02695470000003,38.74020330000013],[36.0248514000001,38.74011830000006],[36.024787200000105,38.73979560000015],[36.02384670000009,38.73998500000005],[36.023598600000184,38.73926310000013],[36.02397584268027,38.739187635076405],[36.02370740100696,38.73913195102068],[36.02362202781006,38.738933798293886],[36.023598600000184,38.73904920000007],[36.022461100000044,38.73946749999999],[36.02253810000019,38.739624700000036],[36.02160780000014,38.7401000000001],[36.021073899999976,38.73953640000019],[36.02072610000016,38.73902470000013],[36.02021110000004,38.738561900000036],[36.01999470000004,38.7379897000003],[36.019626100000096,38.737471900000116],[36.01866920000015,38.73770920000004],[36.018401100000176,38.73765529999997],[36.017727500000035,38.737235600000076],[36.017570800000044,38.73698390000021],[36.01794810000018,38.73656640000013],[36.02054060000012,38.73550580000011],[36.01991780000009,38.73476920000064],[36.02024810000006,38.73431110000007],[36.02048310000015,38.73365920000009],[36.02054670000007,38.73382330000004],[36.0208133000001,38.733624200000406],[36.02141690000013,38.7327678000006],[36.02232500000014,38.73120470000009],[36.02221220000001,38.7296444000001],[36.020608100000175,38.729708300000084],[36.02023530000008,38.72814440000019],[36.020396400000095,38.727376100000356],[36.02033140000003,38.726986900000156],[36.02154860000019,38.72640170000005],[36.0207628,38.725448100000165],[36.02060670000009,38.72495720000023],[36.02060000000006,38.72458080000035],[36.02051890000007,38.724545300000614],[36.02040390000019,38.72442360000014],[36.020410800000036,38.723795300000006],[36.02078250000005,38.723118300000124],[36.02043970000011,38.72298140000004],[36.021106700000075,38.72185030000003],[36.021555000000035,38.72196190000005],[36.02176500000019,38.72161750000066],[36.02219750000006,38.72011920000068],[36.024201100000084,38.717818600000044],[36.02465330000007,38.71698330000021],[36.02495530000016,38.71702190000002],[36.025951899999995,38.71591920000009],[36.02704060000002,38.71456720000032],[36.02753890000008,38.713755000000106],[36.02839499999999,38.71402190000032],[36.029473900000085,38.713081100000636],[36.02988060000018,38.7129475000001],[36.030752500000006,38.71201940000003],[36.03112610000005,38.711492500000645],[36.03487030000019,38.70790390000019],[36.03496530000007,38.707950300000164],[36.03541440000009,38.707348600000614],[36.036512500000185,38.70621250000005],[36.03614830000009,38.70603530000017],[36.036151700000175,38.705960800000184],[36.03666360000011,38.704823600000054],[36.036921100000086,38.703670800000054],[36.037204700000075,38.70341720000005],[36.037502800000084,38.70331750000014],[36.03745750000007,38.70292250000068],[36.0377117000001,38.702710600000046],[36.039112500000044,38.70192670000017],[36.03905780000014,38.70129220000007],[36.03874170000006,38.69995440000059],[36.039185000000145,38.699656400000094],[36.03943920000006,38.69963690000026],[36.03971080000014,38.69944140000007],[36.04024220000008,38.700098600000445],[36.04197420000003,38.69922080000015],[36.04233670000019,38.699694700000066],[36.043298900000025,38.699306900000124],[36.04333000000008,38.69945060000015],[36.04353970000005,38.69932670000003],[36.043638600000065,38.699073100000135],[36.04392000000007,38.69898970000003],[36.043843300000106,38.698743900000125],[36.043341699999985,38.698614400000565],[36.04289470000015,38.6987094000001],[36.04246750000016,38.69841670000005],[36.04228030000013,38.69825860000026],[36.04223140000016,38.698016700000494],[36.04192890000019,38.69785970000015],[36.04167830000006,38.697239400000115],[36.0413592000001,38.69706030000009],[36.04133110000009,38.69637110000008],[36.04148000000015,38.69633780000049],[36.04138610000001,38.69596720000038],[36.04084440000014,38.69478580000015],[36.040213900000026,38.69432860000052],[36.04012420000009,38.69396810000018],[36.04018780000018,38.69349080000012],[36.040000300000145,38.69321720000022],[36.03969420000004,38.693050000000085],[36.03955720000005,38.692866700000025],[36.03914780000008,38.692005600000186],[36.03951390000003,38.69153500000016],[36.04001640000001,38.69162470000026],[36.04009610000003,38.69132220000046],[36.04026220000014,38.69122530000061],[36.04052280000019,38.691245000000094],[36.040566100000035,38.691428299999984],[36.04115330000013,38.69161610000026],[36.04123250000009,38.6918556],[36.041498600000125,38.69187030000069],[36.04177440000018,38.69207890000018],[36.04183110000008,38.692251900000144],[36.041716100000144,38.69252110000053],[36.041240600000094,38.69237330000038],[36.04107640000018,38.69259080000012],[36.041429400000084,38.69289830000048],[36.04159360000017,38.69270470000009],[36.041742800000065,38.692658600000186],[36.04196720000016,38.69275030000017],[36.041858100000184,38.69309940000005],[36.04196780000018,38.69329920000007],[36.04174690000002,38.69347360000012],[36.04176030000008,38.69364080000008],[36.04152420000008,38.69362030000053],[36.041562200000044,38.69377420000012],[36.042170000000056,38.693847800000526],[36.04235250000005,38.69354780000003],[36.043009700000084,38.69363310000017],[36.04328470000007,38.693763300000285],[36.04349470000005,38.6935603],[36.04366440000007,38.69357220000046],[36.04384970000012,38.693808600000125],[36.04416670000006,38.69382030000003],[36.04440810000011,38.69397580000009],[36.044842500000186,38.69393860000008],[36.04521420000003,38.69410110000052],[36.04531580000008,38.6942125000005],[36.04523810000006,38.69436530000036],[36.04528920000001,38.69442810000004],[36.04548470000003,38.694422500000144],[36.04575330000006,38.69425610000002],[36.046250799999996,38.694272200000114],[36.046360300000174,38.69448220000044],[36.046711400000106,38.69456190000028],[36.04656440000019,38.69473670000053],[36.04662560000014,38.694937800000105],[36.047325300000125,38.6946983000002],[36.04747330000009,38.69450780000005],[36.048134400000095,38.6943553000001],[36.04821280000016,38.69450250000034],[36.048141400000134,38.69468330000001],[36.04851580000019,38.69471420000008],[36.04862140000006,38.69505360000011],[36.04897560000006,38.69508280000002],[36.04904920000007,38.695448900000486],[36.04915920000013,38.695551700000465],[36.049266700000146,38.695496700000035],[36.0493467,38.69524309999997],[36.04948470000005,38.69519330000014],[36.049656900000116,38.69545580000016],[36.05039890000006,38.69609390000005],[36.05095280000006,38.69614890000014],[36.05090140000004,38.69640530000004],[36.051042800000005,38.69645310000044],[36.05113110000002,38.696694700000535],[36.05148420000012,38.69672750000041],[36.051665300000025,38.69658420000013],[36.05185420000004,38.696598900000424],[36.05187310000014,38.696772200000055],[36.05215390000012,38.69701310000005],[36.05310080000015,38.697111900000095],[36.05338440000014,38.69771830000013],[36.05359220000008,38.69771830000013],[36.05388190000008,38.69788530000028],[36.054155800000046,38.697796400000016],[36.05451750000009,38.69798000000014],[36.05460360000012,38.69780670000017],[36.055178100000035,38.697688100000164],[36.05556170000017,38.698235300000135],[36.05577750000009,38.698248100000455],[36.05588250000005,38.69812530000024],[36.05693470000011,38.6982706],[36.05701440000013,38.698338100000115],[36.05690030000011,38.69859889999998],[36.05702420000006,38.69874000000016],[36.05715890000016,38.698752500000126],[36.05750420000015,38.69854080000016],[36.05800310000001,38.69859560000043],[36.058394200000066,38.69828060000066],[36.05823970000006,38.69769920000016],[36.05828810000014,38.69737780000003],[36.05965110000011,38.69503920000034],[36.06024310000009,38.693423900000084],[36.06098940000004,38.69562190000005],[36.06156170000014,38.69591330000003],[36.06288330000007,38.69627830000019],[36.06382750000017,38.6960686000001],[36.064480300000184,38.69611060000017],[36.06475530000006,38.696369700000105],[36.06478440000012,38.69743970000036],[36.06497220000006,38.69770060000013],[36.065145600000164,38.6977758000001],[36.06544220000001,38.69773779999997],[36.0659864000001,38.69712030000022],[36.066811900000005,38.69726780000019],[36.0677831000001,38.697203600000364],[36.06845310000011,38.69760190000028],[36.06885440000008,38.698135800000045],[36.06976580000003,38.69870560000015],[36.07108110000013,38.69887920000008],[36.07170780000013,38.69943000000001],[36.07205560000011,38.69950470000015],[36.072413100000006,38.6997300000005],[36.07247220000011,38.69986440000025],[36.07225140000014,38.69998390000001],[36.073125600000026,38.700859700000535],[36.07269420000017,38.70117140000002],[36.07196890000006,38.70205220000008],[36.067919400000164,38.705863300000146],[36.068533900000034,38.70604470000001],[36.068936400000155,38.70640970000005],[36.06908470000013,38.70678390000006],[36.06949109999999,38.70678360000005],[36.07038060000008,38.70696140000001],[36.070724200000086,38.70673280000011],[36.07108560000012,38.70668140000015],[36.07154720000017,38.70681080000003],[36.07166940000013,38.707216700000174],[36.07193530000012,38.707438300000035],[36.07219640000005,38.70747220000004],[36.07231830000018,38.70733920000055],[36.072222200000056,38.707113900000024],[36.07248060000012,38.706890800000394],[36.073683100000096,38.70718140000014],[36.073873100000014,38.70739470000052],[36.074206700000104,38.70744440000004],[36.0746683000001,38.70771720000005],[36.073899200000085,38.708882500000186],[36.07285580000007,38.70944170000007],[36.07154329999997,38.70981440000003],[36.071090800000036,38.71009330000015],[36.07139360000002,38.71045250000003],[36.071334999999976,38.710863900000504],[36.071482800000126,38.71129830000007],[36.07148030000013,38.71158360000004],[36.07056280000006,38.712174700000105],[36.07029080000012,38.71247310000007],[36.070934400000056,38.71258640000002],[36.07082250000002,38.71344000000016],[36.07206860000014,38.71331610000004],[36.07211830000017,38.713927200000114],[36.07173080000007,38.71423890000051],[36.0709511,38.714435600000115],[36.07164780000011,38.714465800000085],[36.071570300000076,38.715446100000065],[36.07034329999999,38.715100800000414],[36.070308899999986,38.71521640000003],[36.069828099999995,38.7151475],[36.06899250000015,38.71641720000008],[36.06846860000013,38.71633580000014],[36.068028100000106,38.71713170000004],[36.06785690000015,38.71775280000014],[36.067613100000074,38.718146400000194],[36.06759580000005,38.71838470000034],[36.06886220000001,38.719350000000134],[36.068990799999995,38.71916829999998],[36.07062610000014,38.71998780000047],[36.07032420000019,38.72029060000011],[36.070640000000026,38.720574699999986],[36.070838300000105,38.72064060000048],[36.070922500000165,38.72039580000012],[36.07117360000012,38.72042560000045],[36.07218780000005,38.72094250000009],[36.07253470000012,38.72099940000032],[36.07343500000019,38.72150610000017],[36.073504700000115,38.72143580000005],[36.073993099999996,38.721691700000406],[36.074085800000034,38.721652500000175],[36.074944200000175,38.72207170000058],[36.07410890000017,38.722778100000085],[36.07589860000013,38.72382140000008],[36.07722860000018,38.72481360000006],[36.0779467000001,38.7254794000001],[36.07717500000001,38.725824200000204],[36.07749060000003,38.72641720000024],[36.07662440000013,38.727060000000165],[36.07625580000018,38.726721900000086],[36.075262200000054,38.7273783],[36.076704200000165,38.72870560000058],[36.07631809999998,38.72896750000007],[36.07369670000003,38.731393900000114],[36.07378190000014,38.73150420000013],[36.073520300000155,38.73187390000004],[36.074274400000036,38.73253280000034],[36.07342970000013,38.73310560000016],[36.07398720000003,38.73381080000007],[36.074530800000105,38.73354890000007],[36.07513140000003,38.73448250000018],[36.07608280000005,38.735649400000284],[36.07733220000006,38.736810800000455],[36.07723060000018,38.7368881000001],[36.07781440000019,38.73754940000009],[36.07813280000005,38.73810360000016],[36.077248600000075,38.73840690000003],[36.07747360000002,38.738944700000445],[36.07848970000009,38.73977060000021],[36.07890140000006,38.739935300000184],[36.07947470000005,38.73977310000009],[36.079719400000045,38.74002830000006],[36.079671700000176,38.74007750000038],[36.08009360000011,38.74034390000003],[36.079898100000094,38.74048110000001],[36.08001610000008,38.74061940000013],[36.079773900000134,38.740783900000565],[36.07949250000013,38.74118190000013],[36.08023670000006,38.74157140000017],[36.079938900000116,38.74182060000004],[36.08016780000003,38.74236470000062],[36.08053920000003,38.74258970000005],[36.080700300000046,38.74286420000038],[36.08097280000004,38.74276250000014],[36.081398900000124,38.743530800000144],[36.08028250000012,38.74443220000012],[36.08103000000011,38.744762800000444],[36.08094190000014,38.745078600000284],[36.079929400000026,38.74513060000032],[36.07415360000016,38.74601060000066],[36.073421700000154,38.746341900000175],[36.06985640000005,38.747305300000164],[36.06887190000015,38.74767440000011],[36.06699140000012,38.7486808000001],[36.06684610000019,38.748549200000014],[36.063685600000156,38.75080939999998],[36.06214830000016,38.751800800000126],[36.06159190000011,38.752523900000085],[36.06040280000013,38.753215300000136],[36.0576767,38.755093300000055],[36.05606940000007,38.7557986000005],[36.055083300000035,38.7564761000001]]],"type":"Polygon"}},{"type":"Feature","properties":{"area_id":"TR-38-002-180871","name_tr":"Güllüce","area_level":"neighbourhood","parent_id":"TR-38-002","endeksa_id":180871},"geometry":{"coordinates":[[[35.86067359040692,38.76491892912975],[35.860120000000165,38.76496000000037],[35.85939000000013,38.765190000000246],[35.858890000000144,38.76560000000006],[35.85864000000009,38.765200000000334],[35.85820000000007,38.76487000000003],[35.857830000000206,38.764850000000365],[35.857710000000054,38.76497000000012],[35.857710000000054,38.76614000000012],[35.85759000000007,38.76718000000005],[35.85574000000014,38.767610000000104],[35.85524000000015,38.76812000000035],[35.85505000000006,38.76821000000018],[35.85404000000017,38.767580000000294],[35.85236000000003,38.76589000000058],[35.85199000000017,38.76570000000049],[35.85171000000008,38.765820000000474],[35.85254000000003,38.76682000000011],[35.853190000000154,38.76799000000028],[35.85348000000016,38.768260000000055],[35.85382000000021,38.76880000000011],[35.8558000000001,38.76985000000013],[35.85674000000006,38.77044000000046],[35.85566000000006,38.77029000000016],[35.85466000000008,38.770490000000336],[35.852560000000096,38.771170000000325],[35.850550000000055,38.771020000000135],[35.84979000000004,38.77075000000053],[35.84946000000008,38.77078000000017],[35.849100000000135,38.770990000000495],[35.84841000000006,38.77097000000026],[35.8471600000002,38.770490000000336],[35.84653000000014,38.7704700000001],[35.84438000000006,38.77134000000035],[35.841480000000104,38.771920000000705],[35.84087687778356,38.7718364127324],[35.84081360000005,38.77027500000031],[35.84113810000002,38.768994200000066],[35.840991900000006,38.76799530000034],[35.84106920000005,38.76764720000017],[35.84067360000017,38.76649810000009],[35.840552500000115,38.7653433000001],[35.8397389000001,38.76513330000017],[35.838783900000124,38.7643936000004],[35.83786060000011,38.763815299999976],[35.83520690000012,38.762696400000664],[35.83431060000004,38.76247530000012],[35.832754400000056,38.76146830000016],[35.83230690000016,38.76145780000013],[35.83210250000013,38.76153580000005],[35.831388600000025,38.76230190000035],[35.83081670000013,38.76239890000056],[35.83040860000011,38.76240830000063],[35.82954610000013,38.76220360000002],[35.82926860000009,38.76197330000019],[35.82896720000002,38.76185690000011],[35.828241100000184,38.762315],[35.82784750000013,38.76239030000056],[35.82739470000013,38.762385300000176],[35.82699640000004,38.762220300000024],[35.82645750000006,38.76221530000015],[35.827030800000045,38.766677200000345],[35.82417580000009,38.76611360000061],[35.82239470000013,38.75995530000017],[35.820734400000106,38.759159200000056],[35.81977690000008,38.75926860000004],[35.819426400000054,38.75910499999998],[35.818673900000135,38.75849530000016],[35.818393600000036,38.758097800000314],[35.81839580000002,38.75754030000019],[35.8154186000001,38.75589500000012],[35.807465800000045,38.76065810000006],[35.80250060000009,38.75802140000002],[35.8009914000001,38.75399080000017],[35.798733100000106,38.74906000000004],[35.79620110000002,38.743828300000075],[35.806230300000095,38.739962500000104],[35.81204440000016,38.73819720000006],[35.8093133000001,38.72881170000011],[35.80387530000013,38.7238189000002],[35.80385170000011,38.72344170000025],[35.80075190000014,38.71747000000033],[35.808725000000095,38.716136100000085],[35.810326100000054,38.71578469999997],[35.81101690000003,38.715416400000095],[35.81164830000006,38.71535920000048],[35.81251470000018,38.71511420000013],[35.81439999999998,38.71430560000016],[35.81607810000014,38.7133125000006],[35.8169817000001,38.71305110000014],[35.818149700000106,38.71250420000018],[35.81900420000011,38.711995000000115],[35.819288100000165,38.71114280000012],[35.81886640000005,38.71086190000034],[35.81939330000017,38.71009250000009],[35.81946810000011,38.70774080000001],[35.81975640000019,38.7076297000001],[35.820298900000125,38.70829500000008],[35.82106280000011,38.70867610000016],[35.82075810000009,38.70823750000011],[35.82108000000011,38.70754280000034],[35.821764700000074,38.70749330000018],[35.8217092000001,38.70703140000012],[35.82185690000006,38.7069178000005],[35.821882200000005,38.70643360000008],[35.821601900000076,38.70633190000069],[35.82143030000009,38.70554860000004],[35.82137190000009,38.70545860000004],[35.82119060000019,38.70544830000006],[35.82102560000004,38.70514470000052],[35.821280000000115,38.70505330000009],[35.8210203000001,38.704833100000315],[35.820750000000146,38.704356700000176],[35.819520000000125,38.70349170000003],[35.82050530000015,38.70276060000043],[35.820157800000175,38.7025100000003],[35.81266220000009,38.694428900000105],[35.83581810000004,38.69497440000066],[35.842933300000084,38.69093280000021],[35.86324920000004,38.68931440000006],[35.87835750000011,38.690405000000055],[35.886335800000154,38.69200999999998],[35.89148030000018,38.69412250000016],[35.871561900000074,38.71235310000009],[35.86811310000013,38.71443670000053],[35.864330800000005,38.71791000000013],[35.86429610000016,38.72181390000003],[35.864870300000064,38.72398220000002],[35.86565170000006,38.726253900000074],[35.86419970000003,38.72864440000012],[35.863959700000066,38.730572200000154],[35.86400170000013,38.733015799999976],[35.86433170000009,38.734574699999996],[35.86408560000018,38.73568690000019],[35.86471690000019,38.737555300000054],[35.864891700000044,38.73930470000039],[35.86548000000005,38.74134890000005],[35.863924200000156,38.74523670000008],[35.863187200000084,38.74805830000008],[35.863084700000115,38.74892249999999],[35.862663600000076,38.7499339000002],[35.861883600000056,38.75279000000012],[35.861453900000186,38.7548900000001],[35.86073940000006,38.756715799999995],[35.86027250000012,38.7589986000001],[35.860029700000155,38.76142420000002],[35.859954400000106,38.764020300000425],[35.85977560000009,38.76505420000035],[35.86031720000011,38.76489940000033],[35.86067359040692,38.76491892912975]]],"type":"Polygon"}},{"type":"Feature","properties":{"area_id":"TR-38-002-180937","name_tr":"Ağcalı","area_level":"neighbourhood","parent_id":"TR-38-002","endeksa_id":180937},"geometry":{"coordinates":[[[36.055083300000035,38.7564761000001],[36.05556110000015,38.7577069000003],[36.05522500000001,38.75784830000009],[36.055062200000066,38.75938280000008],[36.057157200000006,38.75952610000019],[36.05973640000008,38.76001280000031],[36.05954830000013,38.760655000000156],[36.059257800000125,38.76119110000013],[36.05939780000011,38.76198080000006],[36.05838690000019,38.76224610000003],[36.05728920000013,38.76225860000068],[36.05743190000004,38.76354580000009],[36.057102800000166,38.76358560000034],[36.0570378000001,38.763872800000115],[36.05684390000005,38.763960300000065],[36.05714389999997,38.764215000000036],[36.0572097000001,38.76500500000054],[36.05739080000018,38.765361900000585],[36.05698720000015,38.7657497000007],[36.05706580000009,38.76631859999998],[36.05621940000003,38.766764400000454],[36.056507200000055,38.767074400000524],[36.05691060000004,38.76701780000013],[36.05755610000017,38.76832060000061],[36.05640110000019,38.768525000000466],[36.05625640000011,38.768705300000136],[36.05635250000006,38.76885250000021],[36.056236700000056,38.76927030000013],[36.05508220000013,38.76892060000051],[36.05430190000004,38.76862440000019],[36.0539917000001,38.768423100000064],[36.05358810000013,38.768981900000256],[36.052935000000105,38.76965890000014],[36.050281400000074,38.76856940000005],[36.05001500000009,38.76890280000009],[36.049860300000034,38.76947580000012],[36.05025140000009,38.769946100000084],[36.05063280000019,38.77070530000003],[36.04982170000005,38.77038170000026],[36.04998189999998,38.77085890000012],[36.04986390000016,38.771242500000426],[36.05030310000012,38.77171390000035],[36.0497792000001,38.77221890000021],[36.049450000000036,38.77270940000011],[36.049256900000046,38.77259920000006],[36.048740300000134,38.77350560000008],[36.04854940000013,38.77364440000002],[36.0482303,38.77450310000006],[36.048216700000125,38.77511970000006],[36.048574200000076,38.775287800000115],[36.04828750000013,38.7759758000002],[36.048767800000064,38.776172500000484],[36.04896500000007,38.77591280000013],[36.04992750000014,38.776322200000436],[36.049453900000174,38.777511400000094],[36.05051810000015,38.77780690000003],[36.05034830000011,38.778178300000036],[36.050884400000086,38.77826110000012],[36.05081250000018,38.77904140000004],[36.04970440000011,38.77891470000003],[36.04848640000006,38.77862810000045],[36.04566249999999,38.777779200000055],[36.045399400000065,38.77837360000035],[36.04978830000016,38.77960250000007],[36.051459700000066,38.77971250000064],[36.051734200000055,38.779843300000095],[36.0512844000001,38.78010310000013],[36.05169060000014,38.78052580000008],[36.05168029999999,38.78146780000003],[36.05004140000011,38.781161900000484],[36.05003579999999,38.78213830000027],[36.05043890000013,38.78218080000005],[36.050518599999975,38.782756100000086],[36.05069970000005,38.78275170000006],[36.05076580000019,38.78314670000003],[36.05084250000016,38.783165800000006],[36.050870799999984,38.784339699999975],[36.050498100000084,38.784421399999985],[36.050610800000186,38.78516830000018],[36.04946190000015,38.78515810000005],[36.04930780000018,38.78400310000001],[36.04961780000008,38.78391940000006],[36.04956670000013,38.78362110000006],[36.04898110000016,38.78221669999999],[36.04866560000016,38.78177110000007],[36.04841640000012,38.781568300000174],[36.048147200000074,38.78190280000018],[36.04774030000016,38.78167190000005],[36.04817220000018,38.781158600000026],[36.04806530000002,38.78097559999998],[36.047750000000065,38.78078470000003],[36.047638300000074,38.78110310000005],[36.047114700000066,38.780995800000596],[36.04711970000017,38.780788900000175],[36.04731280000016,38.78066940000008],[36.047012500000164,38.780343300000254],[36.04664140000017,38.78013670000007],[36.04625360000006,38.780595800000185],[36.045886400000086,38.780670800000166],[36.045508100000006,38.78099440000011],[36.04550420000004,38.78084170000028],[36.04528970000007,38.780715800000166],[36.04547329999997,38.7805992000001],[36.045652800000084,38.78025170000012],[36.04590140000005,38.78000920000068],[36.04528140000008,38.77976390000009],[36.045342500000174,38.77962000000008],[36.04506720000012,38.779533300000026],[36.04518940000014,38.779332800000134],[36.04531940000004,38.77937750000012],[36.04536140000016,38.77920690000019],[36.04568670000003,38.77919170000018],[36.04487940000007,38.77920420000015],[36.044749400000114,38.77929690000036],[36.044635000000085,38.779587500000105],[36.04464670000016,38.779901700000664],[36.043743900000095,38.77996190000067],[36.04387000000003,38.779662500000086],[36.04317750000013,38.779528100000164],[36.04324610000009,38.77917780000013],[36.04219670000015,38.779153600000086],[36.04186890000017,38.779079400000114],[36.04189190000011,38.77887280000044],[36.041784700000164,38.77886390000009],[36.04175420000013,38.778983600000004],[36.04141360000017,38.778983600000004],[36.04132190000007,38.77911560000064],[36.040618100000074,38.77889110000018],[36.04070580000007,38.77878030000011],[36.03992360000018,38.778663900000026],[36.039049400000124,38.77840360000016],[36.03915640000008,38.778256900000144],[36.03897670000015,38.778098300000124],[36.0390567,38.77784670000045],[36.038532499999974,38.777526700000124],[36.03803530000005,38.77742190000015],[36.037514999999985,38.777652500000045],[36.03719780000006,38.77794310000007],[36.03662030000004,38.77787440000026],[36.0362214000001,38.77792310000001],[36.03607610000017,38.77807860000013],[36.03554560000015,38.778219200000365],[36.0351156000001,38.778025800000705],[36.034539200000154,38.77818640000049],[36.03378860000004,38.77814890000059],[36.03322170000007,38.777697800000055],[36.033463600000175,38.77752720000012],[36.032753300000024,38.77700690000006],[36.03319940000017,38.7767472000001],[36.0329450000001,38.77664080000051],[36.03283390000013,38.77674609999997],[36.03268940000004,38.776696100000095],[36.03214780000019,38.77691470000008],[36.03227920000006,38.77698060000006],[36.03212440000004,38.77721750000012],[36.031892500000026,38.77717030000008],[36.03170720000014,38.77698080000022],[36.03185580000019,38.776825600000166],[36.03142530000008,38.776457200000095],[36.03039640000003,38.7762881000001],[36.03037720000009,38.776112200000114],[36.03011580000009,38.775871100000415],[36.02874970000005,38.77554390000034],[36.02611420000011,38.77307670000016],[36.02595720000011,38.772735600000146],[36.02476470000005,38.77100030000014],[36.02365060000005,38.77132360000002],[36.02348970000003,38.77085890000012],[36.02303940000007,38.77019440000004],[36.02202310000018,38.7702031000004],[36.02194610000004,38.77026890000019],[36.02049330000011,38.76962940000004],[36.01980920000017,38.770116100000166],[36.019370300000105,38.76988860000017],[36.019222800000136,38.76970690000002],[36.01687440000018,38.77021109999998],[36.015042500000106,38.771115800000246],[36.013130800000056,38.77170080000019],[36.011843600000134,38.77191060000064],[36.009715800000095,38.772024700000486],[36.008846700000106,38.77229690000013],[36.007907200000034,38.77211310000018],[36.007780600000046,38.772223600000245],[36.00766310000006,38.77218310000012],[36.00758310000003,38.77229690000013],[36.00725890000001,38.77218310000012],[36.007274700000096,38.77270779999998],[36.00654500000013,38.77339670000032],[36.00618330000003,38.77301780000005],[36.00596250000007,38.77330110000008],[36.0053425000001,38.77313920000017],[36.00499500000012,38.7733856000001],[36.00437470000014,38.77331940000067],[36.00380360000014,38.77277280000021],[36.003125600000146,38.77190830000012],[36.00264140000007,38.771491900000456],[36.00218220000011,38.771488900000065],[36.00160110000013,38.77178420000013],[36.001455000000135,38.77173310000052],[36.00106310000007,38.77125390000015],[35.99982640000002,38.770781900000145],[35.99973080000012,38.77065220000026],[36.00005060000012,38.7704619000005],[35.99976310000011,38.77006830000062],[35.99979670000005,38.76946000000038],[36.00016750000003,38.768288100000404],[36.00032440000001,38.768272500000535],[36.00034860000005,38.76790280000017],[36.00024140000011,38.76792720000003],[35.99971610000017,38.76771140000011],[35.998950800000046,38.76782970000016],[35.998234700000125,38.76844189999997],[35.99804080000007,38.76845810000026],[35.99749080000004,38.76876940000011],[35.997343600000136,38.768657500000415],[35.997388300000125,38.768464400000425],[35.99772060000004,38.76812219999999],[35.99706220000013,38.76770560000017],[35.99705830000016,38.76751280000002],[35.99768810000006,38.76694420000041],[35.99832780000003,38.76658279999998],[35.99845280000005,38.76608580000044],[35.99870329999999,38.76557530000048],[35.99817220000011,38.76532170000013],[35.997494200000176,38.765311700000154],[35.99672970000012,38.765605800000515],[35.99673830000012,38.76505810000032],[35.99685060000019,38.764898900000105],[35.99760220000002,38.76436140000004],[35.99788720000015,38.76385420000054],[35.9979692,38.76389140000009],[35.99813780000011,38.76364810000018],[35.99817220000011,38.76323559999997],[35.99795190000003,38.762735000000305],[35.998051400000065,38.76257940000022],[35.9988072000001,38.762373300000036],[35.99963190000011,38.76188309999998],[36.000858300000175,38.76184250000017],[36.00125140000017,38.76170719999999],[36.00142420000009,38.76144670000065],[36.00160139999997,38.761507800000004],[36.002300800000114,38.76080080000014],[36.00245190000004,38.7604494000002],[36.00257280000005,38.76044920000004],[36.00258330000008,38.760024200000544],[36.002348300000165,38.75971220000031],[36.0012847000001,38.759388900000204],[36.00047440000003,38.75879000000003],[36.00029250000006,38.75817030000013],[35.99995280000019,38.75772280000001],[36.000133900000094,38.757050300000174],[35.99992750000007,38.756541400000174],[35.99925420000011,38.75683500000014],[35.99711390000016,38.75724940000009],[35.99689140000004,38.757691100000045],[35.996555800000124,38.75778670000051],[35.99641720000005,38.75836360000028],[35.99642170000004,38.7586917000001],[35.99652830000019,38.75882530000047],[35.996333100000186,38.7593078000001],[35.99553110000011,38.75940810000037],[35.99501280000004,38.75971110000057],[35.99479610000003,38.760153100000196],[35.99445750000007,38.76028190000005],[35.99408719999997,38.76018940000017],[35.99387640000015,38.759814700000106],[35.993828900000096,38.759323100000074],[35.993921899999975,38.75839420000068],[35.99380530000013,38.75823360000004],[35.99389420000017,38.75816470000052],[35.99343000000016,38.75768640000001],[35.993329400000164,38.75771970000011],[35.993049400000075,38.75747390000021],[35.99264190000014,38.757275800000514],[35.99240780000014,38.75719500000008],[35.991140800000096,38.7571444000003],[35.991346100000044,38.756358100000114],[35.99158830000016,38.75633000000005],[35.99171940000019,38.75616060000061],[35.99149060000008,38.756072800000084],[35.99124530000006,38.75579080000057],[35.99140720000014,38.75506420000016],[35.99039000000016,38.75415360000011],[35.990630600000145,38.75393940000015],[35.99271940000017,38.753104400000154],[35.99267310000005,38.75285420000006],[35.991075600000045,38.75313110000042],[35.99104640000013,38.753005600000336],[35.990473900000154,38.75303110000016],[35.99051780000008,38.75236580000069],[35.99065640000015,38.75196890000018],[35.99433250000004,38.75258890000032],[35.99498890000018,38.75241749999998],[35.99572190000009,38.75203190000042],[35.99518220000016,38.75026140000011],[35.995568900000194,38.75010440000045],[35.996079400000156,38.749667500000044],[35.99666310000015,38.74869360000025],[35.997009400000024,38.74789970000029],[35.99686000000008,38.747714200000075],[35.996291100000064,38.74745420000005],[35.99658640000018,38.74694580000005],[35.99750190000009,38.74746280000005],[35.99790669999999,38.74688310000005],[35.99770610000013,38.74676890000052],[35.99820190000008,38.7459606000001],[35.99782640000012,38.74571500000036],[35.99820940000018,38.74528390000057],[35.99862140000016,38.74548940000017],[35.999095600000146,38.74494110000012],[35.998738100000025,38.74476420000002],[35.99913190000012,38.74441860000002],[35.99970080000014,38.743678900000646],[35.99841720000012,38.742399400000295],[35.999252200000114,38.74163690000012],[35.99919390000008,38.741542800000104],[35.99934330000019,38.7413714000005],[35.998803900000155,38.740886100000125],[35.999678900000106,38.74024920000005],[36.00025860000011,38.7407917000005],[36.000116400000024,38.74092890000048],[36.000455600000066,38.741185800000096],[36.001425600000175,38.74047190000033],[36.00072920000014,38.73982080000013],[36.00148390000004,38.73935250000011],[36.00188140000006,38.739152500000046],[36.00224220000007,38.73962940000007],[36.00302610000011,38.739203900000575],[36.00324860000006,38.739429400000404],[36.00430970000008,38.73882970000017],[36.00206720000017,38.736690800000474],[36.00448080000001,38.73550110000008],[36.006285600000126,38.73427190000035],[36.008254200000124,38.73310080000044],[36.00906360000016,38.732818100000145],[36.01152080000003,38.73167560000047],[36.012523300000055,38.7309044000001],[36.01582940000003,38.72781690000005],[36.01680280000011,38.727220000000045],[36.02051890000007,38.724545300000614],[36.02060000000006,38.72458080000035],[36.02060670000009,38.72495720000023],[36.0207628,38.725448100000165],[36.02154860000019,38.72640170000005],[36.02033140000003,38.726986900000156],[36.020396400000095,38.727376100000356],[36.02023530000008,38.72814440000019],[36.020608100000175,38.729708300000084],[36.02221220000001,38.7296444000001],[36.02232500000014,38.73120470000009],[36.02141690000013,38.7327678000006],[36.0208133000001,38.733624200000406],[36.02054670000007,38.73382330000004],[36.02048310000015,38.73365920000009],[36.02024810000006,38.73431110000007],[36.01991780000009,38.73476920000064],[36.02054060000012,38.73550580000011],[36.01794810000018,38.73656640000013],[36.017570800000044,38.73698390000021],[36.017727500000035,38.737235600000076],[36.018401100000176,38.73765529999997],[36.01866920000015,38.73770920000004],[36.019626100000096,38.737471900000116],[36.01999470000004,38.7379897000003],[36.02021110000004,38.738561900000036],[36.02072610000016,38.73902470000013],[36.021073899999976,38.73953640000019],[36.02160780000014,38.7401000000001],[36.02253810000019,38.739624700000036],[36.022461100000044,38.73946749999999],[36.023598600000184,38.73904920000007],[36.02362202781006,38.738933798293886],[36.02370740100696,38.73913195102068],[36.02397584268027,38.739187635076405],[36.023598600000184,38.73926310000013],[36.02384670000009,38.73998500000005],[36.024787200000105,38.73979560000015],[36.0248514000001,38.74011830000006],[36.02695470000003,38.74020330000013],[36.027755600000035,38.74035720000006],[36.02859470000004,38.74085970000044],[36.02907390000007,38.74044690000039],[36.02973140000012,38.740666100000055],[36.03053749999998,38.73921610000019],[36.03146030000016,38.73963860000015],[36.03011470000018,38.741138600000056],[36.03089810000017,38.74148390000022],[36.03072420000018,38.74171560000002],[36.03142060000005,38.7420881000001],[36.03254670000018,38.74291500000032],[36.033776400000136,38.74187389999997],[36.03415390000009,38.742246400000056],[36.033683900000085,38.74259190000009],[36.03418310000018,38.74308719999999],[36.03335360000011,38.74360530000024],[36.03484000000003,38.745504400000186],[36.035518900000056,38.74504080000003],[36.03659780000015,38.74447690000005],[36.03754420000013,38.745371900000066],[36.03822890000009,38.745058099999994],[36.03946360000015,38.74709560000019],[36.04101640000016,38.746550300000195],[36.04063170000012,38.74591170000065],[36.04147860000006,38.74544330000026],[36.04216500000018,38.74604310000018],[36.04143810000005,38.74803250000008],[36.04124860000019,38.748942500000055],[36.04151000000013,38.749742500000025],[36.04158109999997,38.75216920000008],[36.04097780000018,38.75243280000001],[36.04089060000007,38.75209190000004],[36.03981140000013,38.752451400000155],[36.04017170000009,38.753305800000305],[36.0403692000001,38.75361470000064],[36.04376890000003,38.751859200000695],[36.04461220000013,38.751555600000074],[36.04519110000007,38.75263580000029],[36.04548720000008,38.75253580000003],[36.04646280000014,38.754200000000026],[36.04739250000017,38.755102500000135],[36.048761700000114,38.75447940000009],[36.048947500000054,38.75470670000004],[36.04933190000003,38.75665140000018],[36.049610600000165,38.75669220000054],[36.049721700000134,38.75794640000004],[36.049344400000166,38.75805109999999],[36.04946690000003,38.75872830000026],[36.0493158000001,38.75877830000013],[36.04957190000016,38.75978690000045],[36.04995500000007,38.75961860000001],[36.05060470000018,38.759132200000636],[36.051886900000056,38.75848640000049],[36.05342999999999,38.75731310000003],[36.055083300000035,38.7564761000001]]],"type":"Polygon"}},{"type":"Feature","properties":{"area_id":"TR-38-002-180895","name_tr":"Yeni Süksün","area_level":"neighbourhood","parent_id":"TR-38-002","endeksa_id":180895},"geometry":{"coordinates":[[[35.92663530000016,38.78807330000035],[35.926500000000146,38.78835000000015],[35.92582000000016,38.789050000000145],[35.92563000000007,38.78950000000009],[35.92561000000023,38.789850000000115],[35.9271500000001,38.79034000000013],[35.92728000000017,38.78997000000061],[35.927350000000104,38.78991000000008],[35.92748000000023,38.79003000000006],[35.92772000000019,38.789850000000115],[35.92817000000008,38.79048000000017],[35.92859000000004,38.79082000000005],[35.929320000000246,38.79192000000012],[35.92876000000007,38.791990000000055],[35.92779000000013,38.792330000000334],[35.92730000000006,38.79228000000006],[35.925110000000245,38.79266000000007],[35.9198100000001,38.79297000000014],[35.916750000000036,38.7928600000003],[35.91174000000012,38.793760000000134],[35.91180000000014,38.79362000000009],[35.9127400000001,38.792890000000625],[35.913120000000106,38.792360000000144],[35.912540000000035,38.79228000000006],[35.91168000000016,38.7920000000002],[35.91118000000017,38.791650000000345],[35.91036000000014,38.791710000000364],[35.91008000000011,38.79126000000008],[35.909560000000056,38.7914700000004],[35.909620000000245,38.79174000000069],[35.90846000000016,38.79198000000065],[35.90846000000016,38.792180000000144],[35.907841422007095,38.79207041475206],[35.907878100000175,38.791676900000084],[35.9077400000001,38.791430000000105],[35.90686000000011,38.7914700000004],[35.90686000000011,38.79126000000008],[35.90568000000019,38.79098000000033],[35.904529200000184,38.790497200000175],[35.903830000000085,38.79048000000017],[35.90257000000008,38.79064000000062],[35.902630000000045,38.7908700000001],[35.90189000000015,38.79076000000009],[35.90191000000016,38.790280000000166],[35.90155000000004,38.79022000000015],[35.901450000000125,38.78991000000008],[35.9009700000002,38.78965000000028],[35.90060000000017,38.78956000000011],[35.90045000000015,38.78931000000017],[35.899740000000065,38.78991000000008],[35.89951000000019,38.78999000000016],[35.89886000000007,38.78988000000027],[35.898320000000126,38.789670000000115],[35.89805000000018,38.78978000000052],[35.89779000000016,38.78972000000016],[35.896580000000085,38.788360000000296],[35.89559000000003,38.78755000000007],[35.89502000000016,38.78869000000003],[35.89449000000013,38.78946000000036],[35.89384000000018,38.790070000000355],[35.89220000000006,38.792300000000125],[35.891620000000216,38.791840000000434],[35.89191000000022,38.79158000000024],[35.8909500000002,38.79101000000014],[35.891401700000074,38.789807500000165],[35.891450000000134,38.789360000000045],[35.891100000000165,38.78885000000031],[35.88984000000016,38.78977000000003],[35.88914000000017,38.789110000000505],[35.88922000000019,38.78884000000022],[35.88998000000004,38.78804000000008],[35.88990000000018,38.78789000000046],[35.88976000000014,38.78795000000008],[35.889560000000074,38.78769000000028],[35.88908000000015,38.7868600000005],[35.88833000000011,38.78673000000026],[35.888030000000185,38.78652000000011],[35.887970000000166,38.78623000000027],[35.88839000000013,38.78602000000012],[35.88844000000017,38.785640000000456],[35.88831000000005,38.78507000000019],[35.88801000000012,38.78448000000043],[35.88805000000019,38.78417000000036],[35.88781000000006,38.78385000000014],[35.88750000000016,38.7836700000002],[35.8856100000001,38.78374000000031],[35.88558000000012,38.78365000000065],[35.88476000000014,38.78426000000013],[35.88439000000005,38.784770000000265],[35.88424000000009,38.784590000000264],[35.8838300000001,38.78482000000014],[35.883640000000185,38.784090000000106],[35.88285000000019,38.7840800000007],[35.88265000000018,38.78480000000059],[35.88207000000017,38.7859600000001],[35.881810000000144,38.786790000000394],[35.881530000000055,38.787000000000035],[35.881310000000155,38.78692000000035],[35.88071000000008,38.7865300000002],[35.88084000000015,38.78579000000008],[35.881130000000155,38.78535000000011],[35.87842000000012,38.7845300000003],[35.87474000000009,38.782380000000046],[35.87296000000009,38.78151000000037],[35.872610000000066,38.78105000000011],[35.87201000000016,38.779970000000276],[35.87074000000007,38.778880000000356],[35.869330000000105,38.77640000000048],[35.86338000000006,38.774680000000274],[35.86256000000026,38.77401000000026],[35.86154000000005,38.77304000000032],[35.861120000000085,38.77134000000035],[35.8605800000002,38.770560000000444],[35.860680000000116,38.770590000000084],[35.860770000000116,38.770460000000185],[35.860369998937756,38.770290003042874],[35.85955000000007,38.769100000000435],[35.859410000000196,38.768170000000225],[35.85957000000013,38.76619000000039],[35.85937000000007,38.76593000000037],[35.85958000000005,38.765660000000196],[35.86075000000005,38.76506000000012],[35.86067359040692,38.76491892912975],[35.86031720000011,38.76489940000033],[35.85977560000009,38.76505420000035],[35.859954400000106,38.764020300000425],[35.860029700000155,38.76142420000002],[35.86027250000012,38.7589986000001],[35.86073940000006,38.756715799999995],[35.861453900000186,38.7548900000001],[35.861883600000056,38.75279000000012],[35.862663600000076,38.7499339000002],[35.863084700000115,38.74892249999999],[35.863187200000084,38.74805830000008],[35.863924200000156,38.74523670000008],[35.86548000000005,38.74134890000005],[35.864891700000044,38.73930470000039],[35.86471690000019,38.737555300000054],[35.86408560000018,38.73568690000019],[35.86433170000009,38.734574699999996],[35.86400170000013,38.733015799999976],[35.863959700000066,38.730572200000154],[35.86419970000003,38.72864440000012],[35.86565170000006,38.726253900000074],[35.864870300000064,38.72398220000002],[35.86429610000016,38.72181390000003],[35.864330800000005,38.71791000000013],[35.86811310000013,38.71443670000053],[35.871561900000074,38.71235310000009],[35.89148030000018,38.69412250000016],[35.89843030000003,38.697103600000105],[35.91175250000009,38.69183310000045],[35.91090080000015,38.685799700000075],[35.911571100000174,38.68535110000005],[35.91177690000018,38.68509970000002],[35.912170000000174,38.68385440000003],[35.91265170000008,38.68274330000014],[35.913602500000025,38.681788600000345],[35.91423720000017,38.68245030000003],[35.914676400000076,38.68255190000008],[35.91480110000009,38.682693300000096],[35.91510140000008,38.68279860000007],[35.915595300000064,38.683317199999976],[35.91698560000003,38.68436170000007],[35.918681900000024,38.68839190000011],[35.915723600000035,38.69210360000045],[35.91428610000014,38.69580190000056],[35.91281920000006,38.70139500000005],[35.91277920000016,38.703643900000145],[35.91600560000012,38.70698830000015],[35.91604500000017,38.71072890000016],[35.91463830000015,38.714348300000324],[35.91820919999998,38.71628830000026],[35.921688300000085,38.71843690000003],[35.92453189999998,38.72057000000018],[35.92664000000019,38.724575300000254],[35.92706280000016,38.72870830000045],[35.932077500000105,38.73029500000064],[35.936253300000146,38.73225940000009],[35.940775300000155,38.7314497000001],[35.94623530000001,38.73002280000014],[35.951926900000046,38.72924610000018],[35.95208060000016,38.73004420000012],[35.95233560000008,38.73068330000007],[35.952553600000044,38.73062440000018],[35.95291890000004,38.7316072000005],[35.95306690000007,38.731529400000454],[35.954103900000064,38.73156360000007],[35.9541306000001,38.73208250000039],[35.95559830000008,38.732053600000484],[35.95563000000004,38.73283390000006],[35.9542656000001,38.73284670000038],[35.95433670000011,38.73337970000006],[35.95556220000009,38.733374200000185],[35.955599700000164,38.73345970000014],[35.95612220000004,38.73346860000032],[35.956704200000104,38.73338720000015],[35.956859400000155,38.7349356000002],[35.95717390000004,38.73667170000067],[35.95793060000011,38.73667419999998],[35.957787200000155,38.73575860000011],[35.95858030000005,38.73563860000013],[35.958641100000136,38.73578000000043],[35.96097190000006,38.73528080000034],[35.96111720000016,38.735715600000105],[35.96154280000002,38.73558890000061],[35.96166110000007,38.73570720000009],[35.96223750000013,38.73565669999999],[35.96573390000009,38.735092500000064],[35.966671100000156,38.73478060000019],[35.96688110000014,38.735253100000534],[35.96508690000019,38.736185000000546],[35.96537220000016,38.736699700000145],[35.96551189999997,38.73718500000018],[35.967020600000126,38.73666220000024],[35.966993600000194,38.73656530000039],[35.968200300000035,38.73635470000005],[35.96821110000002,38.736236399999996],[35.969929400000126,38.735836100000085],[35.970274200000006,38.73641000000015],[35.970586100000105,38.73710190000003],[35.970586100000105,38.737262200000146],[35.969530300000145,38.73762920000013],[35.96934690000006,38.73762470000065],[35.969648100000086,38.73902560000039],[35.97109720000009,38.73894580000018],[35.97087060000018,38.74007220000016],[35.969976400000064,38.74000030000002],[35.96989000000002,38.7404264000001],[35.97132830000004,38.740561700000114],[35.97111250000012,38.741021699999976],[35.972076700000116,38.741304400000104],[35.967715600000076,38.747796400000084],[35.96705780000019,38.749188300000185],[35.96695530000005,38.74970720000027],[35.96681500000017,38.75095720000013],[35.966854700000056,38.75134920000005],[35.96643920000014,38.75139610000002],[35.96622890000015,38.75100000000066],[35.966018600000154,38.75116470000006],[35.96602860000013,38.75134500000007],[35.96546250000017,38.751595800000075],[35.96585580000004,38.75223890000012],[35.96603830000004,38.7540183000001],[35.965630600000054,38.75396310000019],[35.96606530000014,38.75424029999999],[35.966028100000074,38.75443640000009],[35.96534690000004,38.7548422000001],[35.96607810000012,38.75610860000006],[35.967294400000014,38.75720690000014],[35.96730500000001,38.75757690000006],[35.96637140000007,38.757671900000105],[35.965843900000095,38.757576700000186],[35.964426700000104,38.757766400000605],[35.9644358000001,38.75783360000048],[35.96533670000008,38.75807889999999],[35.96625560000007,38.75915810000015],[35.965760600000124,38.759596400000135],[35.96538140000001,38.7606447],[35.96578440000013,38.762305300000094],[35.96528000000018,38.762542499999995],[35.96478470000005,38.76326250000011],[35.963113300000146,38.76326580000017],[35.96218440000018,38.7627061000004],[35.96056940000017,38.76223420000008],[35.958954700000106,38.7606689000001],[35.95862860000017,38.759418600000174],[35.957573900000114,38.759008900000026],[35.9551694000001,38.7590656000001],[35.952156700000046,38.76041220000013],[35.95149860000015,38.7610131000003],[35.94991830000009,38.76142940000028],[35.9478936000001,38.76067940000007],[35.94797470000009,38.76053250000018],[35.94779999999997,38.76014140000029],[35.94754810000012,38.76015140000004],[35.94769310000004,38.76031169999999],[35.94744110000016,38.7605022000003],[35.946227800000145,38.76009810000062],[35.94126580000005,38.75927860000013],[35.941494200000136,38.75915560000044],[35.94132530000019,38.75887470000015],[35.94042420000005,38.75890440000012],[35.940080300000034,38.75900640000003],[35.93973,38.759423900000115],[35.939866400000085,38.759495800000025],[35.94045060000013,38.759508900000185],[35.9402611000001,38.76034580000015],[35.93979639999998,38.761170600000185],[35.939733300000114,38.761521400000106],[35.94035440000016,38.761675600000046],[35.9402439000001,38.76215580000019],[35.94146000000018,38.76234530000039],[35.94160140000014,38.76214970000001],[35.94332560000015,38.76259440000007],[35.94282860000004,38.76467500000024],[35.943841700000064,38.764965000000075],[35.94373830000018,38.765203100000235],[35.94428000000005,38.7653706000001],[35.946240000000046,38.76628330000011],[35.946507200000156,38.766264999999976],[35.94825250000014,38.76686280000007],[35.947858600000075,38.76765060000059],[35.94659110000015,38.76971220000064],[35.94712560000016,38.770038900000316],[35.94600780000002,38.7715833000002],[35.94627500000013,38.77171890000005],[35.945881700000086,38.77216810000027],[35.944166400000086,38.773478599999976],[35.943718100000126,38.77365080000038],[35.94348970000004,38.773896900000125],[35.9437650000001,38.77395250000012],[35.943685600000094,38.774826400000165],[35.94269670000017,38.774796900000354],[35.94158279999999,38.77496860000019],[35.938633100000004,38.776093600000024],[35.937750300000175,38.776560600000266],[35.93327140000014,38.777999200000636],[35.93263860000019,38.77808170000003],[35.93129830000015,38.777965300000176],[35.93038780000012,38.777989700000205],[35.92848110000011,38.77861060000009],[35.92735420000008,38.77873750000026],[35.92610250000013,38.778534700000534],[35.925765800000136,38.778381700000125],[35.924878900000124,38.777658300000496],[35.92378780000007,38.77800060000004],[35.92290640000016,38.77929190000066],[35.92153420000011,38.78073310000053],[35.9224883,38.78113330000025],[35.92285280000016,38.780581700000084],[35.924209400000166,38.78059080000048],[35.924319200000184,38.78041970000004],[35.9247125,38.78041690000066],[35.925706400000024,38.78069000000016],[35.92568420000015,38.78077750000011],[35.926129400000036,38.780968900000175],[35.92653750000005,38.780974400000105],[35.927108900000064,38.781630800000016],[35.92677440000011,38.781838900000366],[35.92704610000004,38.78209170000014],[35.92654750000014,38.782392800000366],[35.9269367,38.782914200000164],[35.92705360000008,38.784075300000154],[35.92697170000008,38.78561670000016],[35.927226399999995,38.78552330000002],[35.927430300000026,38.78625500000004],[35.926966900000025,38.78632360000017],[35.9269625,38.787111400000185],[35.92663530000016,38.78807330000035]]],"type":"Polygon"}},{"type":"Feature","properties":{"area_id":"TR-38-002-180929","name_tr":"Sıvgın","area_level":"neighbourhood","parent_id":"TR-38-002","endeksa_id":180929},"geometry":{"coordinates":[[[36.118851400000096,38.81414330000018],[36.1188772000001,38.81397310000017],[36.118312800000126,38.81371640000003],[36.11809060000019,38.81352279999999],[36.11735780000015,38.81468310000008],[36.116970800000104,38.81458060000011],[36.11568190000003,38.813926100000685],[36.11620640000007,38.81328720000005],[36.11568470000009,38.81300390000041],[36.11521110000018,38.81327830000038],[36.11453470000015,38.81322110000008],[36.113037800000086,38.813399700000105],[36.1103789,38.81380110000015],[36.1098386000001,38.81407890000003],[36.108974400000136,38.81311060000036],[36.10835830000019,38.81260060000011],[36.10961780000008,38.81201690000046],[36.109065300000054,38.81113190000042],[36.109419400000036,38.81087080000049],[36.10892310000003,38.810300000000154],[36.10708690000013,38.81146310000014],[36.10696280000019,38.81140500000009],[36.10631080000002,38.81194530000022],[36.105785600000104,38.811525600000664],[36.104184200000134,38.81263580000018],[36.10330000000016,38.812575000000095],[36.10380530000003,38.813315000000216],[36.102095300000144,38.813594400000056],[36.100929700000165,38.81330780000019],[36.10046470000003,38.81468190000015],[36.099621700000114,38.81446280000068],[36.0995764000001,38.81461470000011],[36.09906030000019,38.81473470000009],[36.09807560000007,38.81453470000008],[36.096465300000034,38.814539700000296],[36.09601140000018,38.81488280000008],[36.09573440000014,38.81477639999997],[36.095663900000034,38.81446280000068],[36.09596110000007,38.81430080000007],[36.09650970000018,38.81369920000003],[36.09670360000007,38.81360219999999],[36.096608300000184,38.81342780000017],[36.09706280000012,38.813272200000085],[36.09719469999999,38.81308780000006],[36.09719440000015,38.81299080000002],[36.09695080000006,38.812936100000115],[36.09735030000007,38.8120856000001],[36.09729610000005,38.81174640000046],[36.09784470000017,38.81114470000006],[36.09797280000009,38.81118670000069],[36.09809670000004,38.81104110000018],[36.09760890000018,38.81072470000015],[36.09738080000011,38.81035000000003],[36.09672390000014,38.810276100000124],[36.097069999999974,38.809525800000074],[36.095640300000184,38.80915860000022],[36.09589940000012,38.808431100000064],[36.09709810000004,38.808788900000536],[36.09745250000003,38.80828780000013],[36.09808890000011,38.808493900000144],[36.098769700000105,38.807753300000115],[36.09916030000011,38.80643720000029],[36.09855280000011,38.80624390000014],[36.09821390000013,38.80625060000011],[36.09785560000017,38.807059200000595],[36.09762830000017,38.806962200000385],[36.09757890000003,38.807052800000065],[36.09658310000003,38.806759400000146],[36.096800800000096,38.8060061000005],[36.09768080000009,38.806079700000055],[36.098068900000044,38.80580810000009],[36.09795889999998,38.8057122000007],[36.097998300000086,38.80558830000007],[36.09779580000003,38.805517200000054],[36.096506700000134,38.805301700000484],[36.09689360000016,38.80430280000007],[36.096945600000026,38.80304530000012],[36.095362800000146,38.802926700000114],[36.0954119000001,38.80329470000015],[36.095152500000154,38.803543900000705],[36.09485530000006,38.80443059999999],[36.09462190000011,38.804666699999984],[36.09454030000012,38.8043217000004],[36.09476030000019,38.80384920000006],[36.094856050365365,38.80320437711657],[36.094767854647614,38.803352078528576],[36.09456888408454,38.803414641442714],[36.094370106581835,38.803352216452936],[36.094281904331524,38.80320643094143],[36.09427970000007,38.803618300000096],[36.09409810000011,38.80384940000005],[36.09394707037717,38.80433812478867],[36.09378501327842,38.80440769326731],[36.09364383329341,38.80430425909731],[36.09347360000015,38.80287080000011],[36.093183300000135,38.802427500000704],[36.09280360000014,38.802513900000065],[36.09198250000003,38.80308580000013],[36.09181970000009,38.80295190000004],[36.091639400000076,38.80304920000009],[36.091080600000055,38.80285530000003],[36.09122890000003,38.802559400000064],[36.09195170000015,38.80211440000005],[36.09267440000008,38.80105670000012],[36.089741100000026,38.800452800000016],[36.089483099999995,38.80208860000005],[36.08805500000017,38.80198780000006],[36.088040800000044,38.80248530000051],[36.087529399999994,38.80239080000018],[36.08726250000012,38.80173390000016],[36.08710560000014,38.801638600000445],[36.08703440000011,38.80145640000029],[36.08670610000013,38.8012903000004],[36.087044700000035,38.79999440000012],[36.086890800000106,38.79985810000005],[36.08596250000005,38.799794200000065],[36.08402830000006,38.79925420000018],[36.08358280000016,38.79992080000005],[36.08328810000012,38.799821099999974],[36.08297860000005,38.80042810000015],[36.08263610000017,38.80066280000017],[36.08234250000004,38.80101330000008],[36.082298300000105,38.80120080000046],[36.08254140000014,38.801788300000396],[36.08190500000006,38.8009744000002],[36.08150580000006,38.80099330000019],[36.08140390000017,38.79975330000042],[36.08124940000016,38.799048100000334],[36.082226400000025,38.79901360000014],[36.0820106000001,38.79807330000017],[36.08214170000008,38.79789280000017],[36.082858600000066,38.79769030000011],[36.082749400000125,38.79740030000005],[36.082955600000105,38.797015800000224],[36.0821997000001,38.797493300000156],[36.08194810000009,38.79731720000029],[36.0812153,38.7975328],[36.08128890000006,38.79734750000017],[36.08023560000015,38.79653670000005],[36.08009750000008,38.796196700000166],[36.07928220000014,38.79634920000012],[36.07983690000003,38.796966900000086],[36.07956560000014,38.797448300000156],[36.07886830000018,38.797696400000405],[36.07892470000019,38.79808250000019],[36.07727750000015,38.79797330000008],[36.076286100000004,38.79774280000015],[36.0751489000001,38.797076400000265],[36.07436940000008,38.79623530000015],[36.07422030000015,38.79623779999997],[36.07352780000008,38.7957267000005],[36.073179700000026,38.79527530000013],[36.07328690000003,38.794779400000095],[36.07359940000015,38.794199200000094],[36.07415811667448,38.79368589320103],[36.07398282326784,38.793762386888716],[36.07377661463613,38.79372569816587],[36.073660356105904,38.793595759278844],[36.07368389313916,38.79343575378505],[36.073505300000136,38.79370110000059],[36.073255300000085,38.79378250000008],[36.07309670000012,38.79360580000019],[36.073059700000044,38.79312890000017],[36.07248080000011,38.79342970000016],[36.07246859999998,38.793539399999986],[36.07271250000008,38.79365860000013],[36.072749400000134,38.79376360000043],[36.07242000000008,38.793778100000054],[36.072011900000064,38.79415060000048],[36.072012200000074,38.79426970000003],[36.07216780000016,38.79433170000004],[36.07269500000007,38.79440310000041],[36.07254920000008,38.794794400000455],[36.07200140000009,38.794836900000064],[36.07214970000007,38.795255600000246],[36.07204360000003,38.795584200000064],[36.071951900000045,38.795669700000076],[36.07154420000006,38.795727800000236],[36.07150580000007,38.795929200000046],[36.07172780000019,38.79623190000001],[36.071469400000126,38.79640580000006],[36.07160779999998,38.79661560000051],[36.071591400000045,38.796784200000104],[36.07173080000007,38.796820600000046],[36.071623300000056,38.79689530000002],[36.071903300000145,38.79725190000022],[36.071693600000174,38.797554200000036],[36.07216530000011,38.79813860000007],[36.072479200000146,38.79793720000043],[36.07277420000008,38.797985600000175],[36.07265530000018,38.79815690000049],[36.07203690000017,38.79840310000026],[36.071837500000186,38.7986825000001],[36.07199920000005,38.79875670000001],[36.07260330000014,38.79851060000027],[36.07289360000016,38.79855500000002],[36.07369890000018,38.799093100000505],[36.07444000000004,38.8000158000001],[36.07476080000009,38.80020940000014],[36.075071900000125,38.80056360000032],[36.07520720000008,38.80054030000019],[36.075250000000096,38.800695800000085],[36.0744792000001,38.80087310000016],[36.074444200000016,38.80055860000061],[36.07379220000007,38.799932200000114],[36.07300940000016,38.79993580000024],[36.07267029999997,38.800236400000244],[36.072376100000156,38.80008810000004],[36.071879700000125,38.80025580000006],[36.072145000000035,38.799380800000506],[36.07198940000012,38.79921810000019],[36.07168860000013,38.79913560000011],[36.070978100000104,38.79915390000002],[36.07078310000014,38.798923900000034],[36.071208900000045,38.798571900000184],[36.0710658000001,38.79777060000015],[36.07079829999998,38.79771140000008],[36.07028109999999,38.79741140000027],[36.06965170000018,38.79756249999997],[36.06920969999999,38.79755560000012],[36.06907720000004,38.79737030000007],[36.068425300000115,38.797299200000225],[36.068508300000076,38.798298100000125],[36.06845030000005,38.799528600000144],[36.06774390000004,38.79968940000009],[36.06775220000003,38.798929700000485],[36.066872500000045,38.798887500000546],[36.06662670000014,38.7992622000001],[36.066384700000015,38.798926900000254],[36.06652140000017,38.79881640000019],[36.06661220000001,38.79837390000068],[36.06654720000017,38.79731810000004],[36.06728580000015,38.79724640000012],[36.06675140000016,38.79614080000016],[36.06625000000008,38.79610560000009],[36.066505600000085,38.796554700000115],[36.066450800000155,38.796576100000436],[36.066158900000175,38.79624110000043],[36.066063100000065,38.796287500000176],[36.06590360000018,38.79611280000012],[36.06565690000019,38.79556360000015],[36.06581580000005,38.79503920000013],[36.0660208000001,38.79478220000016],[36.06620750000013,38.794685800000025],[36.06650830000012,38.79472470000019],[36.06758310000009,38.79357560000051],[36.06761720000003,38.793464400000005],[36.06664830000017,38.793076700000086],[36.06649810000016,38.79325530000011],[36.06643360000015,38.79360750000012],[36.066206700000066,38.79362280000015],[36.06568500000003,38.793377200000066],[36.06499220000012,38.79364250000003],[36.064886400000034,38.79374530000018],[36.06477580000012,38.79415500000016],[36.06428860000017,38.794776100000036],[36.06354220000003,38.79474890000006],[36.06345890000006,38.79531970000022],[36.06367940000018,38.79657780000008],[36.06361440000012,38.797422200000085],[36.0635281000001,38.79769140000019],[36.06275970000013,38.79759250000018],[36.06245580000001,38.79827830000005],[36.06185419999997,38.79880140000017],[36.06216920000014,38.799118600000156],[36.06184970000015,38.7992869000002],[36.061993300000154,38.799791100000164],[36.06068000000016,38.800013600000284],[36.06038580000018,38.799740000000384],[36.05928810000012,38.80000860000007],[36.05787500000008,38.80058670000045],[36.05791560000006,38.80090060000049],[36.05802580000011,38.80088080000013],[36.058169200000066,38.80131920000031],[36.05889890000009,38.80237830000004],[36.05882390000011,38.802609700000176],[36.05848860000003,38.80299420000034],[36.05827310000018,38.803155300000526],[36.05816470000008,38.80314360000011],[36.057906900000035,38.80266920000008],[36.05659420000018,38.80316390000053],[36.05476560000005,38.80365500000016],[36.05418060000011,38.80301610000038],[36.05245170000006,38.80220000000003],[36.051116900000125,38.80190610000005],[36.04777610000008,38.80162720000021],[36.04671000000019,38.80131920000031],[36.04581420000011,38.800955300000396],[36.0423833000001,38.79906720000014],[36.04324220000012,38.79892000000007],[36.043488300000035,38.79840830000069],[36.04335140000012,38.79829890000019],[36.043174700000066,38.79831750000028],[36.043188100000066,38.798156100000426],[36.04339420000008,38.79803690000051],[36.04341190000014,38.797844200000554],[36.04347889999997,38.79777060000015],[36.04393140000013,38.79781250000042],[36.04498310000008,38.79676780000017],[36.045668100000114,38.79646970000016],[36.04585610000004,38.796676400000024],[36.04655030000009,38.79669720000015],[36.048703600000124,38.79571860000004],[36.048089400000094,38.79490220000014],[36.05197970000012,38.79334470000009],[36.05233830000009,38.794083900000146],[36.05305030000005,38.793918900000165],[36.053049999999985,38.79380329999998],[36.05356060000014,38.793641900000125],[36.053524400000185,38.79352970000008],[36.053699200000096,38.79335810000009],[36.05430359999997,38.79327360000002],[36.05439280000007,38.793052800000055],[36.05494810000005,38.793031400000245],[36.054988100000116,38.792582800000105],[36.05434810000014,38.79252030000009],[36.0540206,38.7923136],[36.05432030000014,38.7918403000001],[36.05445000000003,38.791710600000386],[36.05490810000009,38.79188420000003],[36.05555190000007,38.79199390000019],[36.05645530000004,38.79057080000007],[36.05690250000009,38.79010440000036],[36.057193300000165,38.78961360000011],[36.05720170000018,38.789049400000465],[36.056835300000046,38.78865940000003],[36.05403830000006,38.78813940000049],[36.051030300000036,38.78793810000053],[36.05011580000007,38.787057200000106],[36.04972060000006,38.78620530000069],[36.04946190000015,38.78515810000005],[36.050610800000186,38.78516830000018],[36.050498100000084,38.784421399999985],[36.050870799999984,38.784339699999975],[36.05084250000016,38.783165800000006],[36.05076580000019,38.78314670000003],[36.05069970000005,38.78275170000006],[36.050518599999975,38.782756100000086],[36.05043890000013,38.78218080000005],[36.05003579999999,38.78213830000027],[36.05004140000011,38.781161900000484],[36.05168029999999,38.78146780000003],[36.05169060000014,38.78052580000008],[36.0512844000001,38.78010310000013],[36.051734200000055,38.779843300000095],[36.051459700000066,38.77971250000064],[36.04978830000016,38.77960250000007],[36.045399400000065,38.77837360000035],[36.04566249999999,38.777779200000055],[36.04848640000006,38.77862810000045],[36.04970440000011,38.77891470000003],[36.05081250000018,38.77904140000004],[36.050884400000086,38.77826110000012],[36.05034830000011,38.778178300000036],[36.05051810000015,38.77780690000003],[36.049453900000174,38.777511400000094],[36.04992750000014,38.776322200000436],[36.04896500000007,38.77591280000013],[36.048767800000064,38.776172500000484],[36.04828750000013,38.7759758000002],[36.048574200000076,38.775287800000115],[36.048216700000125,38.77511970000006],[36.0482303,38.77450310000006],[36.04854940000013,38.77364440000002],[36.048740300000134,38.77350560000008],[36.049256900000046,38.77259920000006],[36.049450000000036,38.77270940000011],[36.0497792000001,38.77221890000021],[36.05030310000012,38.77171390000035],[36.04986390000016,38.771242500000426],[36.04998189999998,38.77085890000012],[36.04982170000005,38.77038170000026],[36.05063280000019,38.77070530000003],[36.05025140000009,38.769946100000084],[36.049860300000034,38.76947580000012],[36.05001500000009,38.76890280000009],[36.050281400000074,38.76856940000005],[36.052935000000105,38.76965890000014],[36.05358810000013,38.768981900000256],[36.0539917000001,38.768423100000064],[36.05430190000004,38.76862440000019],[36.05508220000013,38.76892060000051],[36.056236700000056,38.76927030000013],[36.05635250000006,38.76885250000021],[36.05625640000011,38.768705300000136],[36.05640110000019,38.768525000000466],[36.05755610000017,38.76832060000061],[36.05691060000004,38.76701780000013],[36.056507200000055,38.767074400000524],[36.05621940000003,38.766764400000454],[36.05706580000009,38.76631859999998],[36.05698720000015,38.7657497000007],[36.05739080000018,38.765361900000585],[36.0572097000001,38.76500500000054],[36.05714389999997,38.764215000000036],[36.05684390000005,38.763960300000065],[36.0570378000001,38.763872800000115],[36.057102800000166,38.76358560000034],[36.05743190000004,38.76354580000009],[36.05728920000013,38.76225860000068],[36.05838690000019,38.76224610000003],[36.05939780000011,38.76198080000006],[36.059257800000125,38.76119110000013],[36.05954830000013,38.760655000000156],[36.05973640000008,38.76001280000031],[36.057157200000006,38.75952610000019],[36.055062200000066,38.75938280000008],[36.05522500000001,38.75784830000009],[36.05556110000015,38.7577069000003],[36.055083300000035,38.7564761000001],[36.05606940000007,38.7557986000005],[36.0576767,38.755093300000055],[36.06040280000013,38.753215300000136],[36.06159190000011,38.752523900000085],[36.06214830000016,38.751800800000126],[36.063685600000156,38.75080939999998],[36.06684610000019,38.748549200000014],[36.06699140000012,38.7486808000001],[36.06887190000015,38.74767440000011],[36.06985640000005,38.747305300000164],[36.073421700000154,38.746341900000175],[36.07415360000016,38.74601060000066],[36.079929400000026,38.74513060000032],[36.08094190000014,38.745078600000284],[36.08490920000014,38.74509360000013],[36.0872761,38.745394200000135],[36.08764720000016,38.744610800000146],[36.08793690000016,38.74443190000005],[36.08847579999997,38.74447500000008],[36.08879830000001,38.744814200000064],[36.089188100000115,38.74490110000016],[36.08968560000005,38.74481109999999],[36.09002560000016,38.74498750000021],[36.090500000000134,38.74503780000009],[36.09082250000017,38.745280600000115],[36.09145220000005,38.74538080000042],[36.091610600000024,38.745474700000045],[36.091415000000154,38.7460597000001],[36.09191310000017,38.74612810000008],[36.09317390000007,38.7474275000003],[36.093461100000184,38.74765190000039],[36.094026700000086,38.74777560000018],[36.09422890000013,38.74798390000018],[36.09486440000012,38.74876810000001],[36.094850800000074,38.74905920000015],[36.09507030000009,38.749438300000406],[36.094986700000106,38.74969420000008],[36.095428900000115,38.74964110000013],[36.09568390000004,38.74978610000005],[36.09565810000004,38.74995610000008],[36.09526080000006,38.750291100000084],[36.09528640000002,38.75047830000011],[36.09552360000015,38.75049420000005],[36.09572250000008,38.75026220000018],[36.096115600000076,38.75071390000011],[36.096455300000116,38.75069280000014],[36.09687190000011,38.751343900000336],[36.096861100000126,38.75157860000007],[36.09666780000009,38.751960800000575],[36.096957800000155,38.7518414000001],[36.09720670000013,38.751910000000635],[36.09723610000009,38.75202690000003],[36.097075300000085,38.752277200000094],[36.09712250000007,38.75236640000003],[36.09767560000017,38.75218470000027],[36.0978839,38.75231780000013],[36.09792780000009,38.75241390000008],[36.09749470000014,38.7525864000001],[36.097538600000064,38.75271030000005],[36.09791060000009,38.75272360000008],[36.09767670000008,38.75292780000029],[36.09806639999999,38.75311810000005],[36.098477200000104,38.753661100000215],[36.0985419000001,38.753881100000115],[36.098395800000105,38.75404860000015],[36.0978889000001,38.753913899999986],[36.097842200000116,38.75403560000029],[36.09810000000016,38.754193600000576],[36.0980886000001,38.75431500000013],[36.09755310000003,38.75464580000033],[36.09739220000017,38.754877500000134],[36.09759170000018,38.75504690000048],[36.09792250000004,38.75500310000041],[36.097791100000165,38.755328899999995],[36.09818390000015,38.75543500000026],[36.09795860000014,38.75563140000003],[36.098146100000065,38.75574140000003],[36.09832560000012,38.75625500000007],[36.09871780000009,38.756165300000134],[36.09887920000011,38.756311900000696],[36.0990261,38.756674200000475],[36.09930140000006,38.75664420000015],[36.09937250000007,38.75720810000024],[36.09950440000017,38.75722190000067],[36.09989109999998,38.75696330000005],[36.10000470000017,38.757008100000064],[36.100136700000064,38.75729970000003],[36.09997920000018,38.75748750000008],[36.10023110000009,38.75757440000035],[36.100322200000164,38.75771640000005],[36.100020800000095,38.757982800000036],[36.10005330000013,38.75808580000006],[36.100314200000184,38.75818190000052],[36.10058610000016,38.75801220000034],[36.10087940000005,38.7582000000001],[36.1003836000001,38.75852329999998],[36.10054030000009,38.75877610000066],[36.100764700000184,38.75900170000017],[36.10118190000003,38.758966100000066],[36.10122940000008,38.75902470000062],[36.10114220000014,38.759177500000476],[36.101415000000145,38.75934330000018],[36.10124310000015,38.759725300000184],[36.10130579999998,38.75990690000043],[36.10188560000017,38.75989280000033],[36.102168100000085,38.76005110000028],[36.10188360000018,38.760366400000066],[36.10202190000007,38.761008100000595],[36.102501700000175,38.760896100000025],[36.10265670000001,38.7609508000001],[36.102711900000145,38.76108170000015],[36.10217280000012,38.76158690000017],[36.10263030000016,38.761600300000055],[36.10276560000017,38.761968100000445],[36.102396399999975,38.7623322],[36.10252920000016,38.762658900000076],[36.103066700000056,38.76282860000009],[36.10308690000011,38.76297169999998],[36.102769700000124,38.763036400000374],[36.10305640000007,38.76371780000011],[36.10370610000018,38.76390440000006],[36.10376750000012,38.764005000000225],[36.1034186,38.76414920000008],[36.103811399999984,38.76462860000015],[36.10379970000008,38.76494029999998],[36.10417360000014,38.765136700000426],[36.10468830000008,38.76524170000005],[36.10481169999997,38.76575500000007],[36.10494060000019,38.765879400000415],[36.10573690000018,38.76589330000013],[36.105871900000125,38.7660369000003],[36.10592809999997,38.76659810000001],[36.10624080000014,38.76682330000017],[36.10641920000012,38.76730750000013],[36.10654190000014,38.76739390000017],[36.10707500000001,38.767465300000026],[36.107099700000106,38.76763810000011],[36.106836900000076,38.76810830000045],[36.10689830000018,38.768185000000074],[36.10718639999999,38.768146400000035],[36.10740720000018,38.768275600000436],[36.107329200000095,38.768849999999986],[36.10750140000016,38.76886970000021],[36.107788300000095,38.768723900000225],[36.10794000000004,38.768736100000524],[36.10801390000012,38.76883690000034],[36.107851900000185,38.76979390000065],[36.10794420000019,38.76997390000008],[36.10827970000008,38.769975300000056],[36.10814720000013,38.770466399999975],[36.10831970000015,38.77051500000027],[36.10900860000015,38.77040280000023],[36.108935800000154,38.77087420000015],[36.10899170000016,38.77122830000013],[36.109056099999975,38.77134170000011],[36.109435600000154,38.771483300000455],[36.109079700000166,38.77178220000013],[36.10910999999999,38.771980000000156],[36.109491900000194,38.77238640000007],[36.10920750000008,38.77260610000013],[36.10941220000012,38.77284500000013],[36.10906060000019,38.77310080000035],[36.10905140000011,38.773160300000654],[36.10946780000012,38.773322800000244],[36.10919890000008,38.77379310000043],[36.10923220000018,38.77395610000042],[36.109582500000045,38.774174200000346],[36.11010750000014,38.77423280000022],[36.110301700000036,38.77440670000004],[36.110202800000025,38.77465830000011],[36.109876900000074,38.77492890000008],[36.110250800000074,38.77521360000037],[36.10992970000018,38.77543610000066],[36.10992970000018,38.77552860000014],[36.11062810000004,38.77589440000003],[36.11034470000004,38.77619280000039],[36.11048440000002,38.77635190000041],[36.11051330000015,38.77667580000002],[36.110834200000056,38.777628900000195],[36.110680800000125,38.77791580000013],[36.11066470000003,38.77820830000053],[36.11085670000011,38.77857640000008],[36.11084030000018,38.778672800000095],[36.1107128000001,38.778715600000226],[36.11003890000012,38.77870500000006],[36.1097764000001,38.77882920000002],[36.10976250000016,38.778920000000085],[36.110126900000125,38.77907690000063],[36.10999940000005,38.779214200000126],[36.11026000000015,38.77951750000017],[36.109993100000054,38.77981189999997],[36.11040030000004,38.78007640000055],[36.10996330000012,38.78030640000003],[36.11018580000001,38.78054670000006],[36.11020750000006,38.780765000000144],[36.109763600000065,38.78117280000032],[36.109789700000135,38.78125970000008],[36.11049689999999,38.78141080000012],[36.11059920000014,38.78166060000018],[36.11049530000008,38.78182000000004],[36.10994220000015,38.782016700000156],[36.10977940000015,38.782353600000135],[36.11038970000004,38.782329200000106],[36.110118300000124,38.782760600000245],[36.11013750000012,38.7828550000001],[36.110461700000144,38.78297500000008],[36.1103394000001,38.78353220000014],[36.1103844000001,38.78360080000016],[36.110956900000076,38.78368720000003],[36.11102810000011,38.783803600000056],[36.11095030000007,38.78400750000003],[36.11061250000017,38.78424110000003],[36.11059140000003,38.78438720000054],[36.11131310000002,38.78456810000023],[36.11110310000009,38.78495500000008],[36.11121500000007,38.78545830000019],[36.11159110000011,38.78553030000012],[36.11177170000013,38.785898300000156],[36.11215500000009,38.78616080000006],[36.11182220000006,38.78650190000036],[36.11235000000005,38.78680500000007],[36.112345600000026,38.78687690000015],[36.11191310000015,38.7871164000004],[36.11230110000008,38.78735470000004],[36.112313100000165,38.787434200000405],[36.11206750000014,38.78764360000014],[36.11153530000013,38.787581100000125],[36.11140780000005,38.78761670000023],[36.111393600000156,38.787721900000406],[36.11145280000005,38.787818300000026],[36.112053900000035,38.78796190000037],[36.111995800000045,38.78860250000008],[36.112062200000025,38.788691400000175],[36.11225110000004,38.78850610000063],[36.11240000000009,38.78850220000015],[36.112661100000025,38.78906110000037],[36.11292830000008,38.789086699999984],[36.11305170000003,38.78922920000042],[36.113149200000066,38.78969720000009],[36.11287749999997,38.78981420000014],[36.11277360000008,38.790025300000025],[36.1128614000001,38.79010310000007],[36.113095600000065,38.79008610000062],[36.11312860000015,38.7901600000007],[36.11277690000003,38.79056220000007],[36.11273470000009,38.79078970000057],[36.11276560000016,38.79087500000003],[36.11317470000006,38.79080780000015],[36.11323170000014,38.790889200000095],[36.11263860000014,38.791252800000166],[36.112589200000116,38.79154530000005],[36.11278610000005,38.79187080000014],[36.112925800000085,38.791887800000154],[36.11327780000005,38.7917111000001],[36.1134411000001,38.791775800000096],[36.11293780000017,38.79208360000018],[36.11296420000008,38.792386900000565],[36.11373970000011,38.792210600000544],[36.11405000000019,38.79250640000015],[36.11406670000014,38.792585800000325],[36.11380670000011,38.79265640000011],[36.113882800000056,38.792946900000175],[36.11402030000005,38.79307280000012],[36.114588100000105,38.79315360000004],[36.11412500000017,38.79343],[36.11405670000005,38.79365220000045],[36.11477329999997,38.79356610000008],[36.114891700000044,38.79361610000012],[36.114972500000135,38.793925300000126],[36.11490170000013,38.7940631000007],[36.11458860000016,38.79425140000029],[36.11453560000007,38.794394700000055],[36.11472390000017,38.794478900000286],[36.11508530000003,38.79423060000016],[36.11553970000017,38.79438170000009],[36.115313100000094,38.79458190000014],[36.115613600000074,38.79475000000019],[36.1156481000001,38.79482500000017],[36.11547580000001,38.79509359999997],[36.115619400000185,38.795409200000165],[36.1157922000001,38.795523600000024],[36.116516100000126,38.794807500000104],[36.116848100000084,38.79531810000009],[36.116965300000174,38.795369700000094],[36.117290000000025,38.79511030000015],[36.11761970000015,38.79499690000051],[36.1181378,38.79499390000012],[36.118355600000086,38.795104700000195],[36.118111400000146,38.79544720000047],[36.11815530000007,38.79550080000013],[36.11831810000018,38.795363900000325],[36.11855030000004,38.79556060000061],[36.11928970000014,38.7957506000007],[36.11937110000008,38.79560250000003],[36.119652200000075,38.79553750000048],[36.1198308000001,38.79558810000003],[36.119773100000145,38.795740000000535],[36.120058900000174,38.795909200000324],[36.12005970000007,38.79632470000024],[36.12023170000009,38.79653420000017],[36.1203256,38.796537800000465],[36.12034750000004,38.79634560000005],[36.12050579999999,38.79623690000011],[36.120967500000006,38.79614420000007],[36.121244400000194,38.79619080000003],[36.12104640000018,38.79647580000017],[36.12104440000019,38.79678140000004],[36.12130140000011,38.79689640000015],[36.12139940000003,38.79682640000004],[36.12136889999999,38.79714440000021],[36.121433600000046,38.79724560000005],[36.12153860000001,38.79727860000014],[36.12164310000014,38.7970725000003],[36.121750300000144,38.797033900000656],[36.121939700000155,38.79822470000005],[36.12205580000017,38.79835059999999],[36.122241400000064,38.7984883000002],[36.12314110000011,38.79865140000004],[36.12320560000012,38.799158300000215],[36.12375420000001,38.79915750000015],[36.12401060000008,38.799631700000305],[36.12417560000006,38.79967330000005],[36.12462890000012,38.79953109999997],[36.124674700000185,38.7998278],[36.124976700000104,38.80037610000011],[36.12559140000013,38.80051420000012],[36.125744199999986,38.800630000000126],[36.125951100000066,38.801117200000135],[36.126640000000066,38.80128109999998],[36.12682189999998,38.80142920000003],[36.126785600000005,38.80196169999999],[36.127315599999974,38.80313250000006],[36.12750530000005,38.803206400000136],[36.127901100000145,38.803073600000516],[36.12806220000016,38.80331219999999],[36.12948580000017,38.803886700000135],[36.129273900000044,38.80410470000021],[36.129524200000105,38.80441110000015],[36.12941310000019,38.80455940000053],[36.12945670000005,38.8047742],[36.12915170000002,38.805075600000066],[36.12891610000008,38.8058592000001],[36.12957390000014,38.80642690000013],[36.12968190000004,38.80661220000002],[36.129515600000104,38.80690310000011],[36.12974780000013,38.807311400000174],[36.129343100000085,38.80775060000025],[36.12928419999997,38.80797310000003],[36.1293778000001,38.808102200000064],[36.12956000000008,38.80815500000017],[36.13002640000013,38.80818780000004],[36.12998030000006,38.808572500000025],[36.13004000000018,38.80870830000026],[36.12986250000006,38.80907670000005],[36.12966810000012,38.809242800000106],[36.12921030000007,38.809306100000185],[36.12903250000011,38.80942250000038],[36.129041400000176,38.809624700000086],[36.129436100000135,38.80988310000015],[36.12939829999999,38.810091899999975],[36.12872440000001,38.81014920000047],[36.12872080000011,38.81046080000067],[36.12850530000003,38.81089560000004],[36.128081700000166,38.81099560000018],[36.127925000000175,38.811115000000086],[36.12791720000001,38.8114233],[36.12807500000014,38.81204329999997],[36.12801170000006,38.81217940000005],[36.12742690000016,38.81228940000062],[36.12695310000004,38.81276420000012],[36.12639830000012,38.81312970000016],[36.1258689,38.813209700000016],[36.12513220000017,38.8137411000003],[36.124170600000184,38.814115300000026],[36.12354920000013,38.8139336000001],[36.12322860000006,38.813625600000194],[36.122707500000104,38.813697200000036],[36.12249720000011,38.813462200000174],[36.12246690000012,38.81306750000016],[36.12219329999999,38.81295500000027],[36.121899700000085,38.81352250000015],[36.1216725000001,38.81326890000031],[36.12152190000006,38.81321780000019],[36.12106030000007,38.8134189000001],[36.12056860000007,38.81336140000013],[36.12036330000012,38.813678300000106],[36.12014720000019,38.81369500000039],[36.11985250000015,38.81350140000018],[36.11965329999998,38.813541400000474],[36.1194953000001,38.814103900000475],[36.118851400000096,38.81414330000018]]],"type":"Polygon"}},{"type":"Feature","properties":{"area_id":"TR-38-002-180901","name_tr":"Akçatı","area_level":"neighbourhood","parent_id":"TR-38-002","endeksa_id":180901},"geometry":{"coordinates":[[[36.04284999999999,38.8175397],[36.03544780000004,38.81964360000018],[36.032636700000126,38.81981330000036],[36.03053110000019,38.8198364000005],[36.03007360000015,38.81964360000018],[36.029725800000165,38.819219400000065],[36.02865530000008,38.81941860000006],[36.028991899999994,38.82055250000042],[36.028949400000045,38.820718900000145],[36.0284853,38.82071780000024],[36.02831220000007,38.82059080000039],[36.02809690000004,38.82062610000014],[36.027800000000184,38.82052809999999],[36.02709470000008,38.82065610000046],[36.02666750000009,38.820607500000165],[36.02661059999997,38.82065640000013],[36.02678140000006,38.82109250000019],[36.02471580000008,38.82147580000043],[36.02402750000016,38.821689700000036],[36.022371400000054,38.82194830000009],[36.02260640000014,38.82235440000011],[36.02204720000009,38.82254940000007],[36.02160920000006,38.82286560000017],[36.020931900000164,38.82234250000005],[36.02033140000003,38.822380600000145],[36.02000690000017,38.82172830000036],[36.018100600000025,38.821904399999994],[36.0179639000001,38.82184220000005],[36.01793530000003,38.821604200000024],[36.01749140000004,38.821553100000074],[36.01681140000011,38.82152420000017],[36.01669190000018,38.821715600000005],[36.01395190000011,38.82145780000036],[36.012973100000124,38.821720600000106],[36.01284500000003,38.821455600000036],[36.0123756000001,38.82153580000005],[36.01163560000015,38.82120420000069],[36.01153890000012,38.82141780000006],[36.01145080000015,38.82140440000006],[36.011371100000076,38.82152690000004],[36.01121250000011,38.82188640000015],[36.00955220000009,38.82090420000003],[36.00838970000018,38.82056780000062],[36.00793250000015,38.82032530000009],[36.006570800000134,38.81873080000014],[36.00650440000015,38.81832360000038],[36.00614690000003,38.81745750000016],[36.005303900000115,38.817198100000155],[36.00517830000018,38.81702530000007],[36.003983100000085,38.81612280000019],[36.00392219999998,38.816045299999985],[36.00414610000007,38.81591940000004],[36.00332529999997,38.81487529999998],[36.003344700000184,38.81446000000045],[36.00317500000017,38.81366250000019],[36.003203299999996,38.81313030000007],[36.00246860000016,38.812743600000545],[36.002104700000075,38.81200810000007],[36.00118560000004,38.81168310000055],[35.999755300000174,38.80987970000001],[35.99957610000013,38.809475300000486],[35.999373100000184,38.8097686000001],[35.99879580000004,38.810164999999984],[35.99817360000009,38.809680300000025],[35.99811610000012,38.80960890000017],[35.998237200000176,38.809376400000474],[35.99745940000014,38.80868420000007],[35.99675940000009,38.80843860000033],[35.99654750000019,38.80866970000011],[35.996176400000024,38.80847330000017],[35.99562920000005,38.80777580000006],[35.99547690000003,38.80734580000018],[35.99540220000006,38.80675310000049],[35.994596700000045,38.806718300000455],[35.994470000000035,38.80756310000004],[35.993991700000095,38.8075831000001],[35.99392610000018,38.80682080000008],[35.994143099999974,38.80583500000006],[35.994096100000036,38.80485940000011],[35.99442310000006,38.80323530000004],[35.994692200000145,38.803251700000146],[35.99473420000004,38.803112800000065],[35.99486220000017,38.80252780000012],[35.994911900000034,38.80162780000012],[35.995385000000056,38.80028190000013],[35.99540330000019,38.799439199999995],[35.99556810000013,38.798643900000286],[35.9956150000001,38.79790830000053],[35.99580190000012,38.79752640000004],[35.99540720000016,38.796648600000026],[35.99592140000004,38.79623420000007],[35.996278600000096,38.796155300000066],[35.99682750000005,38.79583170000012],[35.997112500000185,38.79660060000015],[35.99743500000005,38.79704060000017],[35.99750060000014,38.79792640000011],[35.998286700000165,38.798135300000126],[35.998397500000124,38.79784220000039],[35.99845890000006,38.796877800000175],[35.99854060000007,38.79679780000015],[35.99909750000012,38.796925800000054],[35.99913330000004,38.79649780000017],[35.99926110000018,38.796537800000465],[35.999302800000066,38.79599560000037],[35.99831110000008,38.79519140000008],[35.99712640000013,38.794542200000194],[35.99695110000016,38.79426390000026],[35.99693280000008,38.79377780000004],[35.997675000000186,38.79431170000066],[35.99792780000013,38.79365860000013],[35.99759440000008,38.793482500000266],[35.997981900000184,38.79253690000019],[35.99855000000014,38.792772200000115],[35.99864000000008,38.7925206000001],[35.99936420000017,38.79153750000012],[36.000296700000035,38.79171080000003],[36.00028329999998,38.79106720000044],[36.0011325000001,38.79094360000016],[36.001003600000104,38.79038170000007],[36.00014360000017,38.788998900000195],[36.00259779999999,38.78705220000006],[36.002740300000085,38.78646560000004],[36.00409000000019,38.786618100000055],[36.00404860000015,38.7857142000002],[36.00331750000004,38.78367190000017],[36.00369250000017,38.783586900000046],[36.004678600000034,38.78564080000052],[36.004997200000105,38.78656500000011],[36.00630560000019,38.78658860000007],[36.00614940000008,38.7857056000002],[36.00742640000004,38.78500420000006],[36.007301900000016,38.78472030000006],[36.0077275000001,38.784433300000444],[36.007301900000016,38.78374860000014],[36.00684080000008,38.78401220000006],[36.00603110000003,38.78285110000013],[36.007290000000125,38.782536400000026],[36.00745394220729,38.782796642845426],[36.00732569354301,38.7825891482708],[36.00735548031747,38.782502136835944],[36.007982698632816,38.78231741114041],[36.00734920000002,38.782494700000086],[36.00724860000008,38.78204140000042],[36.00669310000012,38.78213860000011],[36.00663970000011,38.781763900000556],[36.00576500000005,38.781763900000556],[36.0058772000001,38.78221720000005],[36.00523890000005,38.78235610000053],[36.005126700000176,38.78193970000018],[36.00438780000013,38.78209250000003],[36.004157200000066,38.78150940000046],[36.00374360000012,38.7817594],[36.00335920000015,38.7809683000001],[36.00431140000006,38.78024830000021],[36.00502310000013,38.7793747000004],[36.00524720000004,38.77842420000013],[36.004840600000136,38.77747390000019],[36.004909999999995,38.77732610000004],[36.00528940000015,38.77684499999998],[36.006025800000145,38.77700780000032],[36.00709060000014,38.7769856000001],[36.00787470000017,38.77715500000005],[36.00789670000006,38.777270600000065],[36.009469400000114,38.777524200000414],[36.01109939999998,38.777087200000494],[36.01108610000017,38.777021700000034],[36.0117231000001,38.776767200000165],[36.01210530000009,38.776364700000045],[36.012276700000086,38.775931400000104],[36.01183000000003,38.77523919999999],[36.01162920000013,38.774725600000124],[36.01162220000009,38.77367220000019],[36.01026310000009,38.773273900000106],[36.00950640000019,38.77320060000011],[36.00932670000003,38.772660000000144],[36.009397200000194,38.77256890000007],[36.00876970000013,38.77233810000013],[36.008846700000106,38.77229690000013],[36.009715800000095,38.772024700000486],[36.011843600000134,38.77191060000064],[36.013130800000056,38.77170080000019],[36.015042500000106,38.771115800000246],[36.01687440000018,38.77021109999998],[36.019222800000136,38.76970690000002],[36.019370300000105,38.76988860000017],[36.01980920000017,38.770116100000166],[36.02049330000011,38.76962940000004],[36.02194610000004,38.77026890000019],[36.02202310000018,38.7702031000004],[36.02303940000007,38.77019440000004],[36.02348970000003,38.77085890000012],[36.02365060000005,38.77132360000002],[36.02476470000005,38.77100030000014],[36.02595720000011,38.772735600000146],[36.02611420000011,38.77307670000016],[36.02874970000005,38.77554390000034],[36.03011580000009,38.775871100000415],[36.03037720000009,38.776112200000114],[36.03039640000003,38.7762881000001],[36.03142530000008,38.776457200000095],[36.03185580000019,38.776825600000166],[36.03170720000014,38.77698080000022],[36.031892500000026,38.77717030000008],[36.03212440000004,38.77721750000012],[36.03227920000006,38.77698060000006],[36.03214780000019,38.77691470000008],[36.03268940000004,38.776696100000095],[36.03283390000013,38.77674609999997],[36.0329450000001,38.77664080000051],[36.03319940000017,38.7767472000001],[36.032753300000024,38.77700690000006],[36.033463600000175,38.77752720000012],[36.03322170000007,38.777697800000055],[36.03378860000004,38.77814890000059],[36.034539200000154,38.77818640000049],[36.0351156000001,38.778025800000705],[36.03554560000015,38.778219200000365],[36.03607610000017,38.77807860000013],[36.0362214000001,38.77792310000001],[36.03662030000004,38.77787440000026],[36.03719780000006,38.77794310000007],[36.037514999999985,38.777652500000045],[36.03803530000005,38.77742190000015],[36.038532499999974,38.777526700000124],[36.0390567,38.77784670000045],[36.03897670000015,38.778098300000124],[36.03915640000008,38.778256900000144],[36.039049400000124,38.77840360000016],[36.03992360000018,38.778663900000026],[36.04070580000007,38.77878030000011],[36.040618100000074,38.77889110000018],[36.04132190000007,38.77911560000064],[36.04141360000017,38.778983600000004],[36.04175420000013,38.778983600000004],[36.041784700000164,38.77886390000009],[36.04189190000011,38.77887280000044],[36.04186890000017,38.779079400000114],[36.04219670000015,38.779153600000086],[36.04324610000009,38.77917780000013],[36.04317750000013,38.779528100000164],[36.04387000000003,38.779662500000086],[36.043743900000095,38.77996190000067],[36.04464670000016,38.779901700000664],[36.044635000000085,38.779587500000105],[36.044749400000114,38.77929690000036],[36.04487940000007,38.77920420000015],[36.04568670000003,38.77919170000018],[36.04536140000016,38.77920690000019],[36.04531940000004,38.77937750000012],[36.04518940000014,38.779332800000134],[36.04506720000012,38.779533300000026],[36.045342500000174,38.77962000000008],[36.04528140000008,38.77976390000009],[36.04590140000005,38.78000920000068],[36.045652800000084,38.78025170000012],[36.04547329999997,38.7805992000001],[36.04528970000007,38.780715800000166],[36.04550420000004,38.78084170000028],[36.045508100000006,38.78099440000011],[36.045886400000086,38.780670800000166],[36.04625360000006,38.780595800000185],[36.04664140000017,38.78013670000007],[36.047012500000164,38.780343300000254],[36.04731280000016,38.78066940000008],[36.04711970000017,38.780788900000175],[36.047114700000066,38.780995800000596],[36.047638300000074,38.78110310000005],[36.047750000000065,38.78078470000003],[36.04806530000002,38.78097559999998],[36.04817220000018,38.781158600000026],[36.04774030000016,38.78167190000005],[36.048147200000074,38.78190280000018],[36.04841640000012,38.781568300000174],[36.04866560000016,38.78177110000007],[36.04898110000016,38.78221669999999],[36.04956670000013,38.78362110000006],[36.04961780000008,38.78391940000006],[36.04930780000018,38.78400310000001],[36.04946190000015,38.78515810000005],[36.04972060000006,38.78620530000069],[36.05011580000007,38.787057200000106],[36.051030300000036,38.78793810000053],[36.05403830000006,38.78813940000049],[36.056835300000046,38.78865940000003],[36.05720170000018,38.789049400000465],[36.057193300000165,38.78961360000011],[36.05690250000009,38.79010440000036],[36.05645530000004,38.79057080000007],[36.05555190000007,38.79199390000019],[36.05490810000009,38.79188420000003],[36.05445000000003,38.791710600000386],[36.05432030000014,38.7918403000001],[36.0540206,38.7923136],[36.05434810000014,38.79252030000009],[36.054988100000116,38.792582800000105],[36.05494810000005,38.793031400000245],[36.05439280000007,38.793052800000055],[36.05430359999997,38.79327360000002],[36.053699200000096,38.79335810000009],[36.053524400000185,38.79352970000008],[36.05356060000014,38.793641900000125],[36.053049999999985,38.79380329999998],[36.05305030000005,38.793918900000165],[36.05233830000009,38.794083900000146],[36.05197970000012,38.79334470000009],[36.048089400000094,38.79490220000014],[36.048703600000124,38.79571860000004],[36.04655030000009,38.79669720000015],[36.04585610000004,38.796676400000024],[36.045668100000114,38.79646970000016],[36.04498310000008,38.79676780000017],[36.04393140000013,38.79781250000042],[36.04347889999997,38.79777060000015],[36.04341190000014,38.797844200000554],[36.04339420000008,38.79803690000051],[36.043188100000066,38.798156100000426],[36.043174700000066,38.79831750000028],[36.04335140000012,38.79829890000019],[36.043488300000035,38.79840830000069],[36.04324220000012,38.79892000000007],[36.0423833000001,38.79906720000014],[36.04581420000011,38.800955300000396],[36.04671000000019,38.80131920000031],[36.04777610000008,38.80162720000021],[36.051116900000125,38.80190610000005],[36.05245170000006,38.80220000000003],[36.05418060000011,38.80301610000038],[36.05476560000005,38.80365500000016],[36.05597920000008,38.80488170000001],[36.05692190000008,38.80560670000017],[36.05682170000017,38.805665600000395],[36.05662860000018,38.805619400000126],[36.056230300000095,38.80540690000066],[36.055238100000054,38.80566640000046],[36.055027199999984,38.80534110000019],[36.05469670000019,38.80540780000001],[36.05392530000012,38.80582000000038],[36.053343900000186,38.80591420000036],[36.05301250000008,38.805243900000164],[36.05249110000011,38.80467560000005],[36.05249500000008,38.80338919999997],[36.052399700000024,38.80339720000029],[36.051870300000076,38.803874699999994],[36.05173389999999,38.8041894000001],[36.05078720000017,38.8048136000001],[36.04949420000014,38.8050181000001],[36.049945800000046,38.805566700000384],[36.049504700000114,38.80579829999999],[36.04933440000008,38.8056964000001],[36.04839250000009,38.806347800000026],[36.04866330000016,38.80661440000006],[36.048267800000076,38.806893100000025],[36.048863600000175,38.80743110000009],[36.04940610000011,38.80777080000013],[36.047752500000115,38.80847749999998],[36.04765750000007,38.80859890000045],[36.046392800000035,38.808743300000174],[36.045323900000085,38.80911190000012],[36.03668080000011,38.81330830000019],[36.03919690000009,38.815226100000245],[36.04284999999999,38.8175397]]],"type":"Polygon"}},{"type":"Feature","properties":{"area_id":"TR-38-002-184208","name_tr":"Yakutiye","area_level":"neighbourhood","parent_id":"TR-38-002","endeksa_id":184208},"geometry":{"coordinates":[[[35.8909500000002,38.79101000000014],[35.88988000000012,38.79284000000007],[35.8868700000001,38.79956000000027],[35.8826600000001,38.80347000000063],[35.88085000000012,38.8075300000001],[35.878650000000164,38.81273000000016],[35.87694000000005,38.81749000000036],[35.87714000000011,38.82140000000004],[35.87624000000005,38.82468000000051],[35.874340000000245,38.8275000000001],[35.86892000000012,38.83109000000013],[35.86742000000021,38.83351000000016],[35.86185000000012,38.83307000000036],[35.85947000000016,38.8327900000001],[35.85590000000019,38.83264000000031],[35.85311000000013,38.83271000000019],[35.85230000000007,38.831050000000346],[35.8520700000002,38.82909000000018],[35.85233000000005,38.82748000000004],[35.852470000000096,38.82515000000035],[35.8535500000001,38.819250000000295],[35.852790000000084,38.81698000000006],[35.85261000000014,38.81481000000031],[35.85428000000013,38.811970000000485],[35.85407000000015,38.8094500000002],[35.8535500000001,38.80799000000019],[35.85293000000013,38.80449000000033],[35.85237000000018,38.80374000000023],[35.85181000000017,38.80349000000018],[35.85154000000006,38.80276000000015],[35.85115000000013,38.80203000000017],[35.85081000000025,38.80086000000017],[35.85107000000005,38.797200000000544],[35.84886000000017,38.79525000000035],[35.846160000000054,38.78563000000037],[35.84375000000017,38.78196000000008],[35.84325000000018,38.779690000000414],[35.84094000000016,38.77828000000005],[35.840140000000076,38.77571000000023],[35.84087687778356,38.7718364127324],[35.841480000000104,38.771920000000705],[35.84438000000006,38.77134000000035],[35.84653000000014,38.7704700000001],[35.8471600000002,38.770490000000336],[35.84841000000006,38.77097000000026],[35.849100000000135,38.770990000000495],[35.84946000000008,38.77078000000017],[35.84979000000004,38.77075000000053],[35.850550000000055,38.771020000000135],[35.852560000000096,38.771170000000325],[35.85466000000008,38.770490000000336],[35.85566000000006,38.77029000000016],[35.85674000000006,38.77044000000046],[35.8558000000001,38.76985000000013],[35.85382000000021,38.76880000000011],[35.85348000000016,38.768260000000055],[35.853190000000154,38.76799000000028],[35.85254000000003,38.76682000000011],[35.85171000000008,38.765820000000474],[35.85199000000017,38.76570000000049],[35.85236000000003,38.76589000000058],[35.85404000000017,38.767580000000294],[35.85505000000006,38.76821000000018],[35.85524000000015,38.76812000000035],[35.85574000000014,38.767610000000104],[35.85759000000007,38.76718000000005],[35.857710000000054,38.76614000000012],[35.857710000000054,38.76497000000012],[35.857830000000206,38.764850000000365],[35.85820000000007,38.76487000000003],[35.85864000000009,38.765200000000334],[35.858890000000144,38.76560000000006],[35.85939000000013,38.765190000000246],[35.860120000000165,38.76496000000037],[35.86067359040692,38.76491892912975],[35.86075000000005,38.76506000000012],[35.85958000000005,38.765660000000196],[35.85937000000007,38.76593000000037],[35.85957000000013,38.76619000000039],[35.859410000000196,38.768170000000225],[35.85955000000007,38.769100000000435],[35.860369998937756,38.770290003042874],[35.860770000000116,38.770460000000185],[35.860680000000116,38.770590000000084],[35.8605800000002,38.770560000000444],[35.861120000000085,38.77134000000035],[35.86154000000005,38.77304000000032],[35.86256000000026,38.77401000000026],[35.86338000000006,38.774680000000274],[35.869330000000105,38.77640000000048],[35.87074000000007,38.778880000000356],[35.87201000000016,38.779970000000276],[35.872610000000066,38.78105000000011],[35.87296000000009,38.78151000000037],[35.87474000000009,38.782380000000046],[35.87842000000012,38.7845300000003],[35.881130000000155,38.78535000000011],[35.88084000000015,38.78579000000008],[35.88071000000008,38.7865300000002],[35.881310000000155,38.78692000000035],[35.881530000000055,38.787000000000035],[35.881810000000144,38.786790000000394],[35.88207000000017,38.7859600000001],[35.88265000000018,38.78480000000059],[35.88285000000019,38.7840800000007],[35.883640000000185,38.784090000000106],[35.8838300000001,38.78482000000014],[35.88424000000009,38.784590000000264],[35.88439000000005,38.784770000000265],[35.88476000000014,38.78426000000013],[35.88558000000012,38.78365000000065],[35.8856100000001,38.78374000000031],[35.88750000000016,38.7836700000002],[35.88781000000006,38.78385000000014],[35.88805000000019,38.78417000000036],[35.88801000000012,38.78448000000043],[35.88831000000005,38.78507000000019],[35.88844000000017,38.785640000000456],[35.88839000000013,38.78602000000012],[35.887970000000166,38.78623000000027],[35.888030000000185,38.78652000000011],[35.88833000000011,38.78673000000026],[35.88908000000015,38.7868600000005],[35.889560000000074,38.78769000000028],[35.88976000000014,38.78795000000008],[35.88990000000018,38.78789000000046],[35.88998000000004,38.78804000000008],[35.88922000000019,38.78884000000022],[35.88914000000017,38.789110000000505],[35.88984000000016,38.78977000000003],[35.891100000000165,38.78885000000031],[35.891450000000134,38.789360000000045],[35.891401700000074,38.789807500000165],[35.8909500000002,38.79101000000014]]],"type":"Polygon"}},{"type":"Feature","properties":{"area_id":"TR-38-002-180911","name_tr":"Hazarşah","area_level":"neighbourhood","parent_id":"TR-38-002","endeksa_id":180911},"geometry":{"coordinates":[[[36.01121250000011,38.82188640000015],[36.01091190000011,38.82278420000068],[36.00962610000016,38.82378220000015],[36.00926670000007,38.824269400000105],[36.01053000000013,38.82423170000004],[36.01040110000014,38.82490860000024],[36.012196400000164,38.82518110000041],[36.01195110000015,38.825474200000144],[36.012241700000175,38.825509400000215],[36.01282920000011,38.825888300000656],[36.01203500000014,38.826716700000134],[36.01215690000009,38.82712140000018],[36.01189110000013,38.82725390000013],[36.011716900000124,38.827720800000066],[36.01156000000009,38.82774190000055],[36.01127310000015,38.828096900000105],[36.010820600000045,38.82772610000012],[36.01010580000002,38.82807530000042],[36.00982810000016,38.82773470000012],[36.009327800000165,38.82741610000005],[36.00877610000015,38.8276003000002],[36.00835750000016,38.82741140000002],[36.007858300000066,38.82770110000018],[36.00773780000003,38.82824890000006],[36.00825280000004,38.82865829999997],[36.0078908000001,38.82908640000005],[36.00736750000016,38.82901080000005],[36.00701330000015,38.82882190000038],[36.005950800000164,38.82957780000004],[36.007142200000146,38.8306606000001],[36.00704560000014,38.83083690000012],[36.00796280000003,38.83136640000009],[36.00729140000004,38.83196080000039],[36.007907200000034,38.83222860000052],[36.00787890000015,38.83232310000017],[36.008100600000034,38.832738600000084],[36.007979700000135,38.83295580000015],[36.00766170000014,38.83282670000062],[36.006534700000145,38.832738600000084],[36.00643810000014,38.83285190000004],[36.00664750000004,38.83312890000008],[36.006558900000186,38.833298900000614],[36.00780690000005,38.835609700000134],[36.007766700000104,38.83610080000045],[36.007871400000056,38.83671810000004],[36.008225800000105,38.837076900000056],[36.008298300000035,38.8378828000001],[36.00817749999999,38.83878970000018],[36.00852390000006,38.83941310000006],[36.00840310000018,38.83946330000049],[36.008693100000016,38.840987200000086],[36.00860469999998,38.8417742000002],[36.0082728000001,38.842086100000074],[36.00780250000008,38.842315300000564],[36.007435300000054,38.842626900000084],[36.005800300000146,38.841890600000056],[36.00595610000005,38.84107690000042],[36.004939700000136,38.84097939999998],[36.00489670000013,38.841075000000615],[36.004136700000174,38.84032140000011],[36.0034189000001,38.839009400000236],[36.00359220000007,38.838657800000135],[36.00371940000008,38.8385803000001],[36.0032192000001,38.83815390000018],[36.00291420000008,38.83799940000051],[36.00233920000011,38.83790390000007],[36.00201080000011,38.837944700000094],[36.000272800000005,38.83781390000007],[36.00054170000004,38.836651399999994],[36.00197140000006,38.8345286000004],[36.00262580000003,38.832555300000195],[36.002218900000116,38.83201830000053],[36.00134860000003,38.83127940000014],[36.000916700000175,38.83068440000011],[36.0004603000001,38.83038560000011],[36.00000890000001,38.828982200000496],[35.99955110000019,38.828730300000075],[35.99815170000005,38.82820360000005],[35.99768690000013,38.8270083000001],[35.99740810000014,38.826616900000545],[35.99685860000017,38.82640750000013],[35.99682810000013,38.82592920000013],[35.99649780000016,38.82609719999999],[35.995599200000015,38.82590580000033],[35.9956150000001,38.82565250000033],[35.995092800000066,38.82534030000011],[35.99502720000015,38.82485890000004],[35.99402670000012,38.82514330000015],[35.99204220000007,38.82489780000009],[35.990654200000165,38.82454720000004],[35.98986310000009,38.82468330000006],[35.98989080000007,38.82450810000017],[35.989464400000145,38.82443110000003],[35.988584200000105,38.8229433000007],[35.98859970000018,38.821716900000126],[35.98765560000004,38.82165030000016],[35.98715720000018,38.82104440000012],[35.98692360000007,38.82031670000009],[35.98671560000008,38.82016940000034],[35.986127500000066,38.82132830000012],[35.98520220000006,38.82119190000003],[35.98494360000018,38.82124250000015],[35.98493830000007,38.82190030000038],[35.98464060000015,38.8222358000001],[35.98372110000008,38.82205830000066],[35.983304400000065,38.82239780000015],[35.98210560000018,38.821840800000075],[35.981625300000076,38.8217908000002],[35.98162030000003,38.82127330000037],[35.98094720000012,38.821155600000225],[35.98048610000012,38.820950000000266],[35.980048599999975,38.82022610000041],[35.97977000000003,38.820074400000294],[35.97937220000017,38.820023600000354],[35.978934400000185,38.8201131000003],[35.978212800000165,38.82059940000039],[35.97737690000008,38.82101940000018],[35.97648420000013,38.819496400000105],[35.9764967000001,38.81924720000006],[35.975455800000134,38.81982360000018],[35.97533140000013,38.8197608000001],[35.975059199999976,38.820209700000476],[35.97477640000005,38.82039110000005],[35.973733600000116,38.81972780000007],[35.97325360000019,38.81915750000013],[35.972799200000054,38.81891559999997],[35.97316750000016,38.818561100000124],[35.97231440000007,38.81811780000004],[35.97237970000015,38.81801280000025],[35.97170890000007,38.81778920000022],[35.971339200000045,38.81815220000004],[35.97117920000011,38.818442200000106],[35.97008220000015,38.818021900000645],[35.969782800000075,38.81813250000005],[35.96946030000004,38.818045800000164],[35.96800360000009,38.817291700000624],[35.96752779999997,38.81695610000003],[35.967155800000114,38.81650060000004],[35.96651920000005,38.81603330000024],[35.965783300000055,38.81587970000032],[35.96455440000017,38.816182800000036],[35.96386250000012,38.81709719999998],[35.96344110000007,38.81671810000006],[35.96312780000011,38.81656310000005],[35.96217640000003,38.816321100000096],[35.96147030000009,38.816283100000305],[35.96095220000018,38.81599190000037],[35.960085800000115,38.81577610000028],[35.959936700000185,38.816222500000265],[35.959926900000085,38.816492800000105],[35.96004920000007,38.81649470000008],[35.95992530000012,38.816944400000125],[35.959767500000055,38.817169400000125],[35.95820000000003,38.816938600000185],[35.957375000000184,38.81704330000014],[35.95749440000009,38.81805670000017],[35.95703860000003,38.818037800000184],[35.95684720000003,38.81727969999997],[35.95559060000011,38.81736170000005],[35.955058100000144,38.817471700000056],[35.95467420000017,38.81765030000008],[35.95398830000005,38.81763890000008],[35.95399640000005,38.81723060000019],[35.95376720000007,38.816325000000575],[35.95341280000008,38.81575390000057],[35.95288220000003,38.815170800000146],[35.95264359999999,38.81473970000013],[35.952695000000176,38.814245600000106],[35.953065300000105,38.81379250000015],[35.953291100000115,38.81328690000038],[35.953030300000194,38.81212440000047],[35.9526403000001,38.811540000000434],[35.952544699999976,38.81124860000011],[35.9526039000001,38.81080000000031],[35.95251250000018,38.80981860000014],[35.95200920000008,38.808840000000146],[35.95275890000016,38.80759000000046],[35.952842800000155,38.80682310000009],[35.95277219999997,38.80648610000043],[35.952779400000054,38.805470000000014],[35.95297360000012,38.80401360000013],[35.952803300000085,38.8033794000001],[35.95276060000009,38.8026533000002],[35.952403300000185,38.802194400000246],[35.95202060000014,38.80115000000052],[35.95169219999997,38.80066140000008],[35.95156140000017,38.79996810000006],[35.951331900000184,38.7997883000001],[35.950274700000136,38.79796080000011],[35.94949780000013,38.79691560000009],[35.9485861,38.79634250000015],[35.948196100000075,38.79595890000053],[35.94827280000004,38.795809200000576],[35.94663500000007,38.79528110000058],[35.94560140000016,38.79546060000018],[35.944713300000046,38.79537610000011],[35.94335060000009,38.7956511000001],[35.942141400000025,38.79545890000037],[35.942104700000016,38.79532360000019],[35.94301351153575,38.7945095479696],[35.9435900000002,38.794380000000274],[35.94355000000007,38.79411000000016],[35.943790000000035,38.79383000000024],[35.943760000000054,38.79361000000051],[35.94393000000008,38.79324000000031],[35.943890000000124,38.79269000000005],[35.943980000000124,38.79254000000009],[35.94424000000015,38.79240000000004],[35.94425000000007,38.792180000000144],[35.94529000000017,38.78991000000008],[35.94490000000019,38.789140000000145],[35.943020000000104,38.78854000000024],[35.94267000000008,38.78838000000013],[35.94242000000003,38.78813000000042],[35.942000000000064,38.78842000000026],[35.94233000000003,38.78865000000013],[35.942340000000115,38.78881000000018],[35.94224000000003,38.78891000000033],[35.94193000000013,38.78894000000014],[35.941746972098315,38.78909100930082],[35.94118000000009,38.78928000000036],[35.94099470000003,38.78865580000058],[35.94127060000011,38.78847029999997],[35.941160000000195,38.788150000000655],[35.940410000000156,38.78854000000024],[35.93948000000012,38.787930000000244],[35.93814000000009,38.78664000000009],[35.937470000000076,38.786630000000116],[35.936080000000175,38.7867500000001],[35.93541000000016,38.787000000000035],[35.93513000000007,38.786940000000186],[35.93468000000013,38.78752000000003],[35.934220000000096,38.787250000000085],[35.933750000000146,38.78723000000019],[35.93374000000017,38.7873900000003],[35.933910000000196,38.78763000000026],[35.93319000000014,38.787840000000074],[35.93257000000017,38.78767000000005],[35.93054810000007,38.787416100000144],[35.93076839359088,38.78744591960134],[35.93056000000013,38.78742000000011],[35.92890000000011,38.788210000000106],[35.92856000000006,38.78794000000033],[35.928000000000054,38.788080000000036],[35.927310000000205,38.78785000000016],[35.9270600000001,38.78822000000008],[35.92663530000016,38.78807330000035],[35.9269625,38.787111400000185],[35.926966900000025,38.78632360000017],[35.927430300000026,38.78625500000004],[35.927226399999995,38.78552330000002],[35.92697170000008,38.78561670000016],[35.92705360000008,38.784075300000154],[35.9269367,38.782914200000164],[35.92654750000014,38.782392800000366],[35.92704610000004,38.78209170000014],[35.92677440000011,38.781838900000366],[35.927108900000064,38.781630800000016],[35.92653750000005,38.780974400000105],[35.926129400000036,38.780968900000175],[35.92568420000015,38.78077750000011],[35.925706400000024,38.78069000000016],[35.9247125,38.78041690000066],[35.924319200000184,38.78041970000004],[35.924209400000166,38.78059080000048],[35.92285280000016,38.780581700000084],[35.9224883,38.78113330000025],[35.92153420000011,38.78073310000053],[35.92290640000016,38.77929190000066],[35.92378780000007,38.77800060000004],[35.924878900000124,38.777658300000496],[35.925765800000136,38.778381700000125],[35.92610250000013,38.778534700000534],[35.92735420000008,38.77873750000026],[35.92848110000011,38.77861060000009],[35.93038780000012,38.777989700000205],[35.93129830000015,38.777965300000176],[35.93263860000019,38.77808170000003],[35.93327140000014,38.777999200000636],[35.937750300000175,38.776560600000266],[35.938633100000004,38.776093600000024],[35.94158279999999,38.77496860000019],[35.94269670000017,38.774796900000354],[35.943685600000094,38.774826400000165],[35.9437650000001,38.77395250000012],[35.94348970000004,38.773896900000125],[35.943718100000126,38.77365080000038],[35.944166400000086,38.773478599999976],[35.945881700000086,38.77216810000027],[35.94627500000013,38.77171890000005],[35.94600780000002,38.7715833000002],[35.94712560000016,38.770038900000316],[35.94659110000015,38.76971220000064],[35.947858600000075,38.76765060000059],[35.94825250000014,38.76686280000007],[35.946507200000156,38.766264999999976],[35.946240000000046,38.76628330000011],[35.94428000000005,38.7653706000001],[35.94373830000018,38.765203100000235],[35.943841700000064,38.764965000000075],[35.94282860000004,38.76467500000024],[35.94332560000015,38.76259440000007],[35.94160140000014,38.76214970000001],[35.94146000000018,38.76234530000039],[35.9402439000001,38.76215580000019],[35.94035440000016,38.761675600000046],[35.939733300000114,38.761521400000106],[35.93979639999998,38.761170600000185],[35.9402611000001,38.76034580000015],[35.94045060000013,38.759508900000185],[35.939866400000085,38.759495800000025],[35.93973,38.759423900000115],[35.940080300000034,38.75900640000003],[35.94042420000005,38.75890440000012],[35.94132530000019,38.75887470000015],[35.941494200000136,38.75915560000044],[35.94126580000005,38.75927860000013],[35.946227800000145,38.76009810000062],[35.94744110000016,38.7605022000003],[35.94769310000004,38.76031169999999],[35.94754810000012,38.76015140000004],[35.94779999999997,38.76014140000029],[35.94797470000009,38.76053250000018],[35.9478936000001,38.76067940000007],[35.94991830000009,38.76142940000028],[35.95149860000015,38.7610131000003],[35.952156700000046,38.76041220000013],[35.9551694000001,38.7590656000001],[35.957573900000114,38.759008900000026],[35.95862860000017,38.759418600000174],[35.958954700000106,38.7606689000001],[35.96056940000017,38.76223420000008],[35.96218440000018,38.7627061000004],[35.963113300000146,38.76326580000017],[35.96478470000005,38.76326250000011],[35.96528000000018,38.762542499999995],[35.96578440000013,38.762305300000094],[35.96538140000001,38.7606447],[35.965760600000124,38.759596400000135],[35.96625560000007,38.75915810000015],[35.96533670000008,38.75807889999999],[35.9644358000001,38.75783360000048],[35.964426700000104,38.757766400000605],[35.965843900000095,38.757576700000186],[35.96637140000007,38.757671900000105],[35.96730500000001,38.75757690000006],[35.967294400000014,38.75720690000014],[35.96607810000012,38.75610860000006],[35.96534690000004,38.7548422000001],[35.966028100000074,38.75443640000009],[35.96606530000014,38.75424029999999],[35.965630600000054,38.75396310000019],[35.96603830000004,38.7540183000001],[35.96585580000004,38.75223890000012],[35.96546250000017,38.751595800000075],[35.96602860000013,38.75134500000007],[35.966018600000154,38.75116470000006],[35.96622890000015,38.75100000000066],[35.96643920000014,38.75139610000002],[35.966854700000056,38.75134920000005],[35.96681500000017,38.75095720000013],[35.96695530000005,38.74970720000027],[35.96741860000003,38.74969060000018],[35.968458600000076,38.749273300000254],[35.968720800000085,38.74931750000036],[35.96882940000006,38.7495550000001],[35.97027860000003,38.74943420000005],[35.970755,38.74946720000031],[35.97144560000015,38.749766900000054],[35.971130800000026,38.7502111000004],[35.971224700000164,38.750353300000086],[35.97154580000006,38.75040920000009],[35.972126900000035,38.75080140000057],[35.97260580000005,38.75048560000005],[35.97356500000018,38.75090970000065],[35.973448300000086,38.75124220000009],[35.97407920000006,38.75147470000013],[35.97560170000014,38.751683900000046],[35.975693300000046,38.75133390000008],[35.976339700000096,38.751443600000414],[35.97677670000019,38.75001780000002],[35.977644199999986,38.75025000000005],[35.97781110000011,38.74992080000004],[35.97810640000006,38.749930300000074],[35.97843610000018,38.75003920000006],[35.97768110000004,38.75232140000003],[35.978255000000104,38.75246940000005],[35.978929200000096,38.75251580000031],[35.97965310000012,38.752743600000144],[35.9795453000001,38.752963100000045],[35.97985860000006,38.75300920000063],[35.98071470000002,38.75280890000005],[35.981770300000164,38.752731400000016],[35.98238440000017,38.75283280000025],[35.98262860000011,38.75241640000007],[35.983858300000065,38.75274780000018],[35.98396170000012,38.75266310000006],[35.98408940000019,38.752686100000005],[35.98645610000011,38.75364360000003],[35.987051700000166,38.75378360000008],[35.98754080000015,38.75250440000008],[35.98658720000009,38.75240310000004],[35.98701310000018,38.751829199999975],[35.987196100000006,38.751386400000115],[35.98909750000013,38.75181190000069],[35.99065640000015,38.75196890000018],[35.99051780000008,38.75236580000069],[35.990473900000154,38.75303110000016],[35.99104640000013,38.753005600000336],[35.991075600000045,38.75313110000042],[35.99267310000005,38.75285420000006],[35.99271940000017,38.753104400000154],[35.990630600000145,38.75393940000015],[35.99039000000016,38.75415360000011],[35.99140720000014,38.75506420000016],[35.99124530000006,38.75579080000057],[35.99149060000008,38.756072800000084],[35.99171940000019,38.75616060000061],[35.99158830000016,38.75633000000005],[35.991346100000044,38.756358100000114],[35.991140800000096,38.7571444000003],[35.99240780000014,38.75719500000008],[35.99264190000014,38.757275800000514],[35.993049400000075,38.75747390000021],[35.993329400000164,38.75771970000011],[35.99343000000016,38.75768640000001],[35.99389420000017,38.75816470000052],[35.99380530000013,38.75823360000004],[35.993921899999975,38.75839420000068],[35.993828900000096,38.759323100000074],[35.99387640000015,38.759814700000106],[35.99408719999997,38.76018940000017],[35.99445750000007,38.76028190000005],[35.99479610000003,38.760153100000196],[35.99501280000004,38.75971110000057],[35.99553110000011,38.75940810000037],[35.996333100000186,38.7593078000001],[35.99652830000019,38.75882530000047],[35.99642170000004,38.7586917000001],[35.99641720000005,38.75836360000028],[35.996555800000124,38.75778670000051],[35.99689140000004,38.757691100000045],[35.99711390000016,38.75724940000009],[35.99925420000011,38.75683500000014],[35.99992750000007,38.756541400000174],[36.000133900000094,38.757050300000174],[35.99995280000019,38.75772280000001],[36.00029250000006,38.75817030000013],[36.00047440000003,38.75879000000003],[36.0012847000001,38.759388900000204],[36.002348300000165,38.75971220000031],[36.00258330000008,38.760024200000544],[36.00257280000005,38.76044920000004],[36.00245190000004,38.7604494000002],[36.002300800000114,38.76080080000014],[36.00160139999997,38.761507800000004],[36.00142420000009,38.76144670000065],[36.00125140000017,38.76170719999999],[36.000858300000175,38.76184250000017],[35.99963190000011,38.76188309999998],[35.9988072000001,38.762373300000036],[35.998051400000065,38.76257940000022],[35.99795190000003,38.762735000000305],[35.99817220000011,38.76323559999997],[35.99813780000011,38.76364810000018],[35.9979692,38.76389140000009],[35.99788720000015,38.76385420000054],[35.99760220000002,38.76436140000004],[35.99685060000019,38.764898900000105],[35.99673830000012,38.76505810000032],[35.99672970000012,38.765605800000515],[35.997494200000176,38.765311700000154],[35.99817220000011,38.76532170000013],[35.99870329999999,38.76557530000048],[35.99845280000005,38.76608580000044],[35.99832780000003,38.76658279999998],[35.99768810000006,38.76694420000041],[35.99705830000016,38.76751280000002],[35.99706220000013,38.76770560000017],[35.99772060000004,38.76812219999999],[35.997388300000125,38.768464400000425],[35.997343600000136,38.768657500000415],[35.99749080000004,38.76876940000011],[35.99804080000007,38.76845810000026],[35.998234700000125,38.76844189999997],[35.998950800000046,38.76782970000016],[35.99971610000017,38.76771140000011],[36.00024140000011,38.76792720000003],[36.00034860000005,38.76790280000017],[36.00032440000001,38.768272500000535],[36.00016750000003,38.768288100000404],[35.99979670000005,38.76946000000038],[35.99976310000011,38.77006830000062],[36.00005060000012,38.7704619000005],[35.99973080000012,38.77065220000026],[35.99982640000002,38.770781900000145],[36.00106310000007,38.77125390000015],[36.001455000000135,38.77173310000052],[36.00160110000013,38.77178420000013],[36.00218220000011,38.771488900000065],[36.00264140000007,38.771491900000456],[36.003125600000146,38.77190830000012],[36.00380360000014,38.77277280000021],[36.00437470000014,38.77331940000067],[36.00499500000012,38.7733856000001],[36.0053425000001,38.77313920000017],[36.00596250000007,38.77330110000008],[36.00618330000003,38.77301780000005],[36.00654500000013,38.77339670000032],[36.007274700000096,38.77270779999998],[36.00725890000001,38.77218310000012],[36.00758310000003,38.77229690000013],[36.00766310000006,38.77218310000012],[36.007780600000046,38.772223600000245],[36.007907200000034,38.77211310000018],[36.008846700000106,38.77229690000013],[36.00876970000013,38.77233810000013],[36.009397200000194,38.77256890000007],[36.00932670000003,38.772660000000144],[36.00950640000019,38.77320060000011],[36.01026310000009,38.773273900000106],[36.01162220000009,38.77367220000019],[36.01162920000013,38.774725600000124],[36.01183000000003,38.77523919999999],[36.012276700000086,38.775931400000104],[36.01210530000009,38.776364700000045],[36.0117231000001,38.776767200000165],[36.01108610000017,38.777021700000034],[36.01109939999998,38.777087200000494],[36.009469400000114,38.777524200000414],[36.00789670000006,38.777270600000065],[36.00787470000017,38.77715500000005],[36.00709060000014,38.7769856000001],[36.006025800000145,38.77700780000032],[36.00528940000015,38.77684499999998],[36.004909999999995,38.77732610000004],[36.004840600000136,38.77747390000019],[36.00524720000004,38.77842420000013],[36.00502310000013,38.7793747000004],[36.00431140000006,38.78024830000021],[36.00335920000015,38.7809683000001],[36.00374360000012,38.7817594],[36.004157200000066,38.78150940000046],[36.00438780000013,38.78209250000003],[36.005126700000176,38.78193970000018],[36.00523890000005,38.78235610000053],[36.0058772000001,38.78221720000005],[36.00576500000005,38.781763900000556],[36.00663970000011,38.781763900000556],[36.00669310000012,38.78213860000011],[36.00724860000008,38.78204140000042],[36.00734920000002,38.782494700000086],[36.007982698632816,38.78231741114041],[36.00735548031747,38.782502136835944],[36.00732569354301,38.7825891482708],[36.00745394220729,38.782796642845426],[36.007290000000125,38.782536400000026],[36.00603110000003,38.78285110000013],[36.00684080000008,38.78401220000006],[36.007301900000016,38.78374860000014],[36.0077275000001,38.784433300000444],[36.007301900000016,38.78472030000006],[36.00742640000004,38.78500420000006],[36.00614940000008,38.7857056000002],[36.00630560000019,38.78658860000007],[36.004997200000105,38.78656500000011],[36.004678600000034,38.78564080000052],[36.00369250000017,38.783586900000046],[36.00331750000004,38.78367190000017],[36.00404860000015,38.7857142000002],[36.00409000000019,38.786618100000055],[36.002740300000085,38.78646560000004],[36.00259779999999,38.78705220000006],[36.00014360000017,38.788998900000195],[36.001003600000104,38.79038170000007],[36.0011325000001,38.79094360000016],[36.00028329999998,38.79106720000044],[36.000296700000035,38.79171080000003],[35.99936420000017,38.79153750000012],[35.99864000000008,38.7925206000001],[35.99855000000014,38.792772200000115],[35.997981900000184,38.79253690000019],[35.99759440000008,38.793482500000266],[35.99792780000013,38.79365860000013],[35.997675000000186,38.79431170000066],[35.99693280000008,38.79377780000004],[35.99695110000016,38.79426390000026],[35.99712640000013,38.794542200000194],[35.99831110000008,38.79519140000008],[35.999302800000066,38.79599560000037],[35.99926110000018,38.796537800000465],[35.99913330000004,38.79649780000017],[35.99909750000012,38.796925800000054],[35.99854060000007,38.79679780000015],[35.99845890000006,38.796877800000175],[35.998397500000124,38.79784220000039],[35.998286700000165,38.798135300000126],[35.99750060000014,38.79792640000011],[35.99743500000005,38.79704060000017],[35.997112500000185,38.79660060000015],[35.99682750000005,38.79583170000012],[35.996278600000096,38.796155300000066],[35.99592140000004,38.79623420000007],[35.99540720000016,38.796648600000026],[35.99580190000012,38.79752640000004],[35.9956150000001,38.79790830000053],[35.99556810000013,38.798643900000286],[35.99540330000019,38.799439199999995],[35.995385000000056,38.80028190000013],[35.994911900000034,38.80162780000012],[35.99486220000017,38.80252780000012],[35.99473420000004,38.803112800000065],[35.994692200000145,38.803251700000146],[35.99442310000006,38.80323530000004],[35.994096100000036,38.80485940000011],[35.994143099999974,38.80583500000006],[35.99392610000018,38.80682080000008],[35.993991700000095,38.8075831000001],[35.994470000000035,38.80756310000004],[35.994596700000045,38.806718300000455],[35.99540220000006,38.80675310000049],[35.99547690000003,38.80734580000018],[35.99562920000005,38.80777580000006],[35.996176400000024,38.80847330000017],[35.99654750000019,38.80866970000011],[35.99675940000009,38.80843860000033],[35.99745940000014,38.80868420000007],[35.998237200000176,38.809376400000474],[35.99811610000012,38.80960890000017],[35.99817360000009,38.809680300000025],[35.99879580000004,38.810164999999984],[35.999373100000184,38.8097686000001],[35.99957610000013,38.809475300000486],[35.999755300000174,38.80987970000001],[36.00118560000004,38.81168310000055],[36.002104700000075,38.81200810000007],[36.00246860000016,38.812743600000545],[36.003203299999996,38.81313030000007],[36.00317500000017,38.81366250000019],[36.003344700000184,38.81446000000045],[36.00332529999997,38.81487529999998],[36.00414610000007,38.81591940000004],[36.00392219999998,38.816045299999985],[36.003983100000085,38.81612280000019],[36.00517830000018,38.81702530000007],[36.005303900000115,38.817198100000155],[36.00614690000003,38.81745750000016],[36.00650440000015,38.81832360000038],[36.006570800000134,38.81873080000014],[36.00793250000015,38.82032530000009],[36.00838970000018,38.82056780000062],[36.00955220000009,38.82090420000003],[36.01121250000011,38.82188640000015]]],"type":"Polygon"}},{"type":"Feature","properties":{"area_id":"TR-38-002-42139","name_tr":"Camiikebir","area_level":"neighbourhood","parent_id":"TR-38-002","endeksa_id":42139},"geometry":{"coordinates":[[[35.85844000000003,38.844000000000335],[35.85809000000006,38.84405000000021],[35.85727000000003,38.84439000000009],[35.857090000000085,38.84428000000008],[35.85673000000014,38.844500000000494],[35.856349383768475,38.84439197681223],[35.856250000000045,38.844250000000045],[35.85636000000005,38.84395000000046],[35.85666000000003,38.84367000000003],[35.85674000000006,38.84342000000015],[35.85654000000005,38.84320000000025],[35.8565900000001,38.84308000000027],[35.856190000000026,38.84246000000013],[35.85587000000004,38.842670000000055],[35.855730000000165,38.842290000000276],[35.85534000000007,38.84194000000042],[35.8554000000002,38.84101000000021],[35.85423000000026,38.8383400000003],[35.85411000000005,38.83773000000025],[35.85351000000014,38.836630000000184],[35.85338000000007,38.83594000000011],[35.85354000000018,38.83465000000035],[35.85351000000014,38.834210000000326],[35.85311000000013,38.83271000000019],[35.85590000000019,38.83264000000031],[35.85947000000016,38.8327900000001],[35.86185000000012,38.83307000000036],[35.86742000000021,38.83351000000016],[35.867620000000045,38.83572000000021],[35.86624000000006,38.83676000000031],[35.86556000000013,38.83702000000011],[35.86460000000011,38.83713000000034],[35.863310000000126,38.83764000000008],[35.862700000000075,38.838180000000534],[35.8616600000002,38.83863000000014],[35.86054000000007,38.83949000000024],[35.86076000000014,38.83953000000014],[35.86107000000004,38.840280000000234],[35.860990000000186,38.84101000000021],[35.861210000000085,38.84174000000024],[35.860120000000165,38.84218000000038],[35.85899000000006,38.84327000000036],[35.8587500000001,38.84331000000009],[35.858240000000194,38.84318000000019],[35.85825000000011,38.8436300000003],[35.85853000000003,38.843880000000354],[35.85844000000003,38.844000000000335]]],"type":"Polygon"}},{"type":"Feature","properties":{"area_id":"TR-38-002-42138","name_tr":"Camiicedit","area_level":"neighbourhood","parent_id":"TR-38-002","endeksa_id":42138},"geometry":{"coordinates":[[[35.856349383768475,38.84439197681223],[35.85617669999999,38.844598600000154],[35.855910300000176,38.84457220000007],[35.85489560000008,38.84406780000012],[35.85443940000016,38.84404110000003],[35.85430720000005,38.84392279999997],[35.854547200000184,38.843696100000045],[35.85469310000019,38.843341400000554],[35.85356530000013,38.8430886000001],[35.85325530000006,38.843581100000165],[35.85258750000003,38.843328900000074],[35.852423100000124,38.84360470000013],[35.85229720000018,38.84355530000016],[35.85210110000014,38.84381139999999],[35.85175420000019,38.8439886000001],[35.85136360000001,38.843810600000154],[35.85111720000009,38.84405190000018],[35.84922080000018,38.84355640000058],[35.84848310000007,38.8436097],[35.848489200000074,38.84372309999998],[35.84760690000007,38.843623300000104],[35.84760640000019,38.843825600000116],[35.847215800000015,38.84373610000017],[35.84718470000013,38.84346000000005],[35.84694640000015,38.842892800000016],[35.84698640000005,38.8419464000001],[35.84753470000015,38.84195189999997],[35.84761080000004,38.841685800000164],[35.84756080000017,38.841483600000174],[35.8473092000001,38.8412564000007],[35.846830300000136,38.841216400000235],[35.84678640000004,38.841046900000094],[35.846592200000146,38.84091580000023],[35.846162200000094,38.84092440000023],[35.84559560000008,38.840095800000086],[35.845581900000184,38.83978890000043],[35.84542920000018,38.83956560000007],[35.84539830000011,38.839151700000286],[35.84555030000007,38.83885030000022],[35.84569940000017,38.838113900000394],[35.84549560000016,38.8379244000007],[35.845484400000146,38.83781190000013],[35.84567030000005,38.83762580000018],[35.84564030000007,38.83753690000026],[35.845364400000165,38.83732970000017],[35.84518640000016,38.8374922000001],[35.84496330000019,38.83752140000007],[35.84497500000009,38.83733810000018],[35.84440580000006,38.83699560000059],[35.84442780000012,38.83678140000063],[35.84407250000004,38.83678080000004],[35.84389920000007,38.83669780000014],[35.843814700000166,38.83659810000006],[35.843959400000074,38.83649390000011],[35.84388139999999,38.836245300000144],[35.8437383000001,38.836095800000066],[35.84376000000009,38.83593830000018],[35.84361310000003,38.83588810000026],[35.84374610000003,38.83551170000038],[35.8440222000001,38.835479400000054],[35.84426890000009,38.83516030000044],[35.84406190000004,38.83467810000019],[35.844134699999984,38.834240299999976],[35.84476360000019,38.83372060000033],[35.844778899999994,38.83355190000009],[35.84457110000005,38.83345110000005],[35.84463280000017,38.83299280000051],[35.84516190000011,38.83310310000007],[35.845449700000074,38.83289639999998],[35.84595690000015,38.83271060000061],[35.845931699999994,38.83214560000005],[35.84576560000011,38.83197390000004],[35.845822500000054,38.83185560000021],[35.846189200000026,38.831980300000225],[35.846397500000194,38.831815000000404],[35.84615190000011,38.83169060000006],[35.845993300000146,38.831492200000184],[35.84619390000006,38.83145390000004],[35.84648220000008,38.83099580000015],[35.84634670000008,38.830803300000184],[35.84655470000007,38.83070310000005],[35.846608100000026,38.83056420000014],[35.84621470000013,38.830373100000145],[35.84634780000016,38.83021190000028],[35.84663860000006,38.83038970000007],[35.84678640000004,38.83029220000003],[35.84679030000018,38.830162200000075],[35.84662440000011,38.82999060000009],[35.846602500000074,38.82966500000015],[35.847022200000026,38.82958280000008],[35.847098300000084,38.82943190000003],[35.846623100000045,38.82939390000013],[35.846656100000075,38.82934280000012],[35.84559830000012,38.82890060000017],[35.84515060000007,38.82938189999999],[35.843017800000155,38.83064250000001],[35.842803600000025,38.830984200000046],[35.842705000000024,38.83135360000006],[35.841419700000074,38.831010300000116],[35.84076080000011,38.83065360000023],[35.836363900000094,38.83048030000009],[35.83533580000011,38.83079420000013],[35.834900800000185,38.8305850000001],[35.834623300000146,38.82968190000048],[35.8332092,38.82945810000007],[35.83125860000007,38.828163600000266],[35.826977500000055,38.827239700000064],[35.82669190000007,38.82710580000014],[35.82593310000016,38.82709690000047],[35.82402310000003,38.816059400000086],[35.81763030000013,38.80770690000054],[35.81593330000004,38.80567580000053],[35.80093440000019,38.810832500000515],[35.799804400000085,38.80252280000042],[35.80017140000007,38.80207640000043],[35.80082420000008,38.801524200000074],[35.80239390000014,38.79945000000055],[35.803418900000054,38.79910830000034],[35.80429310000005,38.79911530000021],[35.805122200000085,38.79901560000013],[35.80640030000018,38.798614200000316],[35.806775600000094,38.79859220000009],[35.80728140000002,38.79832190000013],[35.80758470000012,38.798288600000376],[35.80843809999999,38.7975672],[35.80803610000015,38.796787500000164],[35.80715829999997,38.796281700000236],[35.80603280000014,38.795778900000016],[35.80551500000007,38.795134400000165],[35.80452420000017,38.7933936],[35.8035594000001,38.79262420000066],[35.80317360000015,38.7913022000007],[35.80274610000015,38.79061860000013],[35.80218653903739,38.78927313238046],[35.802020000000084,38.78907500000008],[35.8013375000001,38.788498600000366],[35.800942718241174,38.78799240236066],[35.800930719714586,38.78782422873593],[35.80106062149724,38.78770096742403],[35.80127149778167,38.78767790447904],[35.801443027255345,38.78777226016871],[35.80109640000006,38.7873328],[35.800914400000124,38.78642330000025],[35.80143940000005,38.78606530000047],[35.801408300000105,38.78571610000017],[35.802107200000194,38.785700300000144],[35.80318000000017,38.78552330000002],[35.80408670000003,38.78508890000069],[35.80517170000013,38.784810300000004],[35.80554470000004,38.78453030000014],[35.80611780000004,38.784297200000196],[35.80693390000005,38.78418560000006],[35.807117800000185,38.78400170000026],[35.80858580000017,38.78324830000008],[35.80973140000009,38.78247220000003],[35.810291900000095,38.781658600000185],[35.810394700000074,38.781420000000026],[35.81040750000005,38.7804081000001],[35.81025250000005,38.779775599999994],[35.810418900000116,38.779503600000055],[35.810440300000096,38.77927280000017],[35.81034080000006,38.77852110000015],[35.81003750000019,38.77797170000014],[35.8101544000001,38.77753940000025],[35.80990250000019,38.77684470000014],[35.80830220000013,38.775146700000164],[35.80756500000007,38.77326720000008],[35.81066110000006,38.77090420000013],[35.81672000000009,38.768780000000106],[35.81753889999999,38.76816530000019],[35.819765800000084,38.76690330000008],[35.82417580000009,38.76611360000061],[35.827030800000045,38.766677200000345],[35.82645750000006,38.76221530000015],[35.82699640000004,38.762220300000024],[35.82739470000013,38.762385300000176],[35.82784750000013,38.76239030000056],[35.828241100000184,38.762315],[35.82896720000002,38.76185690000011],[35.82926860000009,38.76197330000019],[35.82954610000013,38.76220360000002],[35.83040860000011,38.76240830000063],[35.83081670000013,38.76239890000056],[35.831388600000025,38.76230190000035],[35.83210250000013,38.76153580000005],[35.83230690000016,38.76145780000013],[35.832754400000056,38.76146830000016],[35.83431060000004,38.76247530000012],[35.83520690000012,38.762696400000664],[35.83786060000011,38.763815299999976],[35.838783900000124,38.7643936000004],[35.8397389000001,38.76513330000017],[35.840552500000115,38.7653433000001],[35.84067360000017,38.76649810000009],[35.84106920000005,38.76764720000017],[35.840991900000006,38.76799530000034],[35.84113810000002,38.768994200000066],[35.84081360000005,38.77027500000031],[35.84087687778356,38.7718364127324],[35.840140000000076,38.77571000000023],[35.84094000000016,38.77828000000005],[35.84325000000018,38.779690000000414],[35.84375000000017,38.78196000000008],[35.846160000000054,38.78563000000037],[35.84886000000017,38.79525000000035],[35.85107000000005,38.797200000000544],[35.85081000000025,38.80086000000017],[35.85115000000013,38.80203000000017],[35.85154000000006,38.80276000000015],[35.85181000000017,38.80349000000018],[35.85237000000018,38.80374000000023],[35.85293000000013,38.80449000000033],[35.8535500000001,38.80799000000019],[35.85407000000015,38.8094500000002],[35.85428000000013,38.811970000000485],[35.85261000000014,38.81481000000031],[35.852790000000084,38.81698000000006],[35.8535500000001,38.819250000000295],[35.852470000000096,38.82515000000035],[35.85233000000005,38.82748000000004],[35.8520700000002,38.82909000000018],[35.85230000000007,38.831050000000346],[35.85311000000013,38.83271000000019],[35.85351000000014,38.834210000000326],[35.85354000000018,38.83465000000035],[35.85338000000007,38.83594000000011],[35.85351000000014,38.836630000000184],[35.85411000000005,38.83773000000025],[35.85423000000026,38.8383400000003],[35.8554000000002,38.84101000000021],[35.85534000000007,38.84194000000042],[35.855730000000165,38.842290000000276],[35.85587000000004,38.842670000000055],[35.856190000000026,38.84246000000013],[35.8565900000001,38.84308000000027],[35.85654000000005,38.84320000000025],[35.85674000000006,38.84342000000015],[35.85666000000003,38.84367000000003],[35.85636000000005,38.84395000000046],[35.856250000000045,38.844250000000045],[35.856349383768475,38.84439197681223]]],"type":"Polygon"}},{"type":"Feature","properties":{"area_id":"TR-38-002-42141","name_tr":"Dervişağa","area_level":"neighbourhood","parent_id":"TR-38-002","endeksa_id":42141},"geometry":{"coordinates":[[[35.86031582503222,38.84625271871022],[35.859891700000105,38.8461506000001],[35.85939610000008,38.84581390000017],[35.85911420000008,38.84607420000003],[35.85832830000004,38.84633389999999],[35.857795000000124,38.84637970000006],[35.857692199999974,38.84576470000019],[35.857288600000174,38.84576390000012],[35.85669060000009,38.846173100000044],[35.85612190000012,38.846732200000076],[35.855708600000185,38.84696890000049],[35.854293600000176,38.84748670000016],[35.854171100000144,38.847271400000295],[35.85359780000016,38.84696830000007],[35.854423900000086,38.84680000000037],[35.8542369000001,38.84661640000013],[35.85462030000019,38.846268900000155],[35.85497360000011,38.84613000000036],[35.854956400000106,38.845895800000164],[35.85506920000006,38.845678600000156],[35.855711400000075,38.84532000000013],[35.85617669999999,38.844598600000154],[35.856349383768475,38.84439197681223],[35.85673000000014,38.844500000000494],[35.857090000000085,38.84428000000008],[35.85727000000003,38.84439000000009],[35.85809000000006,38.84405000000021],[35.85844000000003,38.844000000000335],[35.85857000000016,38.84407000000044],[35.85930000000013,38.84377000000012],[35.85953000000018,38.8442400000003],[35.85958000000005,38.84478000000024],[35.85971000000012,38.845140000000185],[35.860000000000184,38.84550000000013],[35.86044000000015,38.84553000000045],[35.86031582503222,38.84625271871022]]],"type":"Polygon"}},{"type":"Feature","properties":{"area_id":"TR-38-002-42146","name_tr":"Sümer","area_level":"neighbourhood","parent_id":"TR-38-002","endeksa_id":42146},"geometry":{"coordinates":[[[35.94301351153575,38.7945095479696],[35.93988000000019,38.795740000000535],[35.93842000000018,38.797350000000165],[35.93299000000013,38.80527000000035],[35.93008000000003,38.809680000000185],[35.91818000000006,38.82130000000012],[35.909220000000175,38.82853000000006],[35.90026000000006,38.83550000000048],[35.891540000000134,38.83761000000027],[35.88773000000003,38.84027000000009],[35.88662000000022,38.84145000000041],[35.878550000000246,38.84485000000035],[35.87780000000015,38.84553000000045],[35.87052000000017,38.844180000000335],[35.8690000000002,38.844960000000185],[35.86636000000004,38.847280000000296],[35.86602000000016,38.84733000000017],[35.86535000000015,38.84726000000006],[35.86246829391149,38.847825623553376],[35.861120000000085,38.84659000000005],[35.86072000000024,38.84633000000042],[35.86031582503222,38.84625271871022],[35.86044000000015,38.84553000000045],[35.860000000000184,38.84550000000013],[35.85971000000012,38.845140000000185],[35.85958000000005,38.84478000000024],[35.85953000000018,38.8442400000003],[35.85930000000013,38.84377000000012],[35.85857000000016,38.84407000000044],[35.85844000000003,38.844000000000335],[35.85853000000003,38.843880000000354],[35.85825000000011,38.8436300000003],[35.858240000000194,38.84318000000019],[35.8587500000001,38.84331000000009],[35.85899000000006,38.84327000000036],[35.860120000000165,38.84218000000038],[35.861210000000085,38.84174000000024],[35.860990000000186,38.84101000000021],[35.86107000000004,38.840280000000234],[35.86076000000014,38.83953000000014],[35.86054000000007,38.83949000000024],[35.8616600000002,38.83863000000014],[35.862700000000075,38.838180000000534],[35.863310000000126,38.83764000000008],[35.86460000000011,38.83713000000034],[35.86556000000013,38.83702000000011],[35.86624000000006,38.83676000000031],[35.867620000000045,38.83572000000021],[35.86742000000021,38.83351000000016],[35.86892000000012,38.83109000000013],[35.874340000000245,38.8275000000001],[35.87624000000005,38.82468000000051],[35.87714000000011,38.82140000000004],[35.87694000000005,38.81749000000036],[35.878650000000164,38.81273000000016],[35.88085000000012,38.8075300000001],[35.8826600000001,38.80347000000063],[35.8868700000001,38.79956000000027],[35.88988000000012,38.79284000000007],[35.8909500000002,38.79101000000014],[35.89191000000022,38.79158000000024],[35.891620000000216,38.791840000000434],[35.89220000000006,38.792300000000125],[35.89384000000018,38.790070000000355],[35.89449000000013,38.78946000000036],[35.89502000000016,38.78869000000003],[35.89559000000003,38.78755000000007],[35.896580000000085,38.788360000000296],[35.89779000000016,38.78972000000016],[35.89805000000018,38.78978000000052],[35.898320000000126,38.789670000000115],[35.89886000000007,38.78988000000027],[35.89951000000019,38.78999000000016],[35.899740000000065,38.78991000000008],[35.90045000000015,38.78931000000017],[35.90060000000017,38.78956000000011],[35.9009700000002,38.78965000000028],[35.901450000000125,38.78991000000008],[35.90155000000004,38.79022000000015],[35.90191000000016,38.790280000000166],[35.90189000000015,38.79076000000009],[35.902630000000045,38.7908700000001],[35.90257000000008,38.79064000000062],[35.903830000000085,38.79048000000017],[35.904529200000184,38.790497200000175],[35.90568000000019,38.79098000000033],[35.90686000000011,38.79126000000008],[35.90686000000011,38.7914700000004],[35.9077400000001,38.791430000000105],[35.907878100000175,38.791676900000084],[35.907841422007095,38.79207041475206],[35.90846000000016,38.792180000000144],[35.90846000000016,38.79198000000065],[35.909620000000245,38.79174000000069],[35.909560000000056,38.7914700000004],[35.91008000000011,38.79126000000008],[35.91036000000014,38.791710000000364],[35.91118000000017,38.791650000000345],[35.91168000000016,38.7920000000002],[35.912540000000035,38.79228000000006],[35.913120000000106,38.792360000000144],[35.9127400000001,38.792890000000625],[35.91180000000014,38.79362000000009],[35.91174000000012,38.793760000000134],[35.916750000000036,38.7928600000003],[35.9198100000001,38.79297000000014],[35.925110000000245,38.79266000000007],[35.92730000000006,38.79228000000006],[35.92779000000013,38.792330000000334],[35.92876000000007,38.791990000000055],[35.929320000000246,38.79192000000012],[35.92859000000004,38.79082000000005],[35.92817000000008,38.79048000000017],[35.92772000000019,38.789850000000115],[35.92748000000023,38.79003000000006],[35.927350000000104,38.78991000000008],[35.92728000000017,38.78997000000061],[35.9271500000001,38.79034000000013],[35.92561000000023,38.789850000000115],[35.92563000000007,38.78950000000009],[35.92582000000016,38.789050000000145],[35.926500000000146,38.78835000000015],[35.92663530000016,38.78807330000035],[35.9270600000001,38.78822000000008],[35.927310000000205,38.78785000000016],[35.928000000000054,38.788080000000036],[35.92856000000006,38.78794000000033],[35.92890000000011,38.788210000000106],[35.93056000000013,38.78742000000011],[35.93076839359088,38.78744591960134],[35.93054810000007,38.787416100000144],[35.93257000000017,38.78767000000005],[35.93319000000014,38.787840000000074],[35.933910000000196,38.78763000000026],[35.93374000000017,38.7873900000003],[35.933750000000146,38.78723000000019],[35.934220000000096,38.787250000000085],[35.93468000000013,38.78752000000003],[35.93513000000007,38.786940000000186],[35.93541000000016,38.787000000000035],[35.936080000000175,38.7867500000001],[35.937470000000076,38.786630000000116],[35.93814000000009,38.78664000000009],[35.93948000000012,38.787930000000244],[35.940410000000156,38.78854000000024],[35.941160000000195,38.788150000000655],[35.94127060000011,38.78847029999997],[35.94099470000003,38.78865580000058],[35.94118000000009,38.78928000000036],[35.941746972098315,38.78909100930082],[35.94193000000013,38.78894000000014],[35.94224000000003,38.78891000000033],[35.942340000000115,38.78881000000018],[35.94233000000003,38.78865000000013],[35.942000000000064,38.78842000000026],[35.94242000000003,38.78813000000042],[35.94267000000008,38.78838000000013],[35.943020000000104,38.78854000000024],[35.94490000000019,38.789140000000145],[35.94529000000017,38.78991000000008],[35.94425000000007,38.792180000000144],[35.94424000000015,38.79240000000004],[35.943980000000124,38.79254000000009],[35.943890000000124,38.79269000000005],[35.94393000000008,38.79324000000031],[35.943760000000054,38.79361000000051],[35.943790000000035,38.79383000000024],[35.94355000000007,38.79411000000016],[35.9435900000002,38.794380000000274],[35.94301351153575,38.7945095479696]]],"type":"Polygon"}},{"type":"Feature","properties":{"area_id":"TR-38-002-42144","name_tr":"İbrahimbey","area_level":"neighbourhood","parent_id":"TR-38-002","endeksa_id":42144},"geometry":{"coordinates":[[[35.854293600000176,38.84748670000016],[35.85366110000007,38.847476700000584],[35.85292190000018,38.848080300000106],[35.851691700000174,38.848159200000055],[35.851246700000104,38.84829810000019],[35.8509542000001,38.84819690000012],[35.85035500000009,38.84827110000009],[35.84857810000011,38.847433600000215],[35.84782920000015,38.84716689999999],[35.84763470000007,38.846748100000696],[35.847715300000175,38.84643610000046],[35.84773530000001,38.84502720000006],[35.84735720000003,38.84493440000006],[35.84703030000014,38.8447225000001],[35.847610599999996,38.8445081000001],[35.84760690000007,38.843623300000104],[35.848489200000074,38.84372309999998],[35.84848310000007,38.8436097],[35.84922080000018,38.84355640000058],[35.85111720000009,38.84405190000018],[35.85136360000001,38.843810600000154],[35.85175420000019,38.8439886000001],[35.85210110000014,38.84381139999999],[35.85229720000018,38.84355530000016],[35.852423100000124,38.84360470000013],[35.85258750000003,38.843328900000074],[35.85325530000006,38.843581100000165],[35.85356530000013,38.8430886000001],[35.85469310000019,38.843341400000554],[35.854547200000184,38.843696100000045],[35.85430720000005,38.84392279999997],[35.85443940000016,38.84404110000003],[35.85489560000008,38.84406780000012],[35.855910300000176,38.84457220000007],[35.85617669999999,38.844598600000154],[35.855711400000075,38.84532000000013],[35.85506920000006,38.845678600000156],[35.854956400000106,38.845895800000164],[35.85497360000011,38.84613000000036],[35.85462030000019,38.846268900000155],[35.8542369000001,38.84661640000013],[35.854423900000086,38.84680000000037],[35.85359780000016,38.84696830000007],[35.854171100000144,38.847271400000295],[35.854293600000176,38.84748670000016]]],"type":"Polygon"}},{"type":"Feature","properties":{"area_id":"TR-38-002-42137","name_tr":"Bayramlı","area_level":"neighbourhood","parent_id":"TR-38-002","endeksa_id":42137},"geometry":{"coordinates":[[[35.862593900000036,38.84789110000008],[35.85991170000011,38.84779670000006],[35.85946440000009,38.8480608000001],[35.85913140000008,38.84850580000011],[35.857924200000184,38.849092799999994],[35.857237199999986,38.84968280000015],[35.85697810000005,38.84943000000055],[35.856971900000076,38.84911250000022],[35.85625110000012,38.84827500000006],[35.85546190000019,38.847806700000035],[35.854293600000176,38.84748670000016],[35.855708600000185,38.84696890000049],[35.85612190000012,38.846732200000076],[35.85669060000009,38.846173100000044],[35.857288600000174,38.84576390000012],[35.857692199999974,38.84576470000019],[35.857795000000124,38.84637970000006],[35.85832830000004,38.84633389999999],[35.85911420000008,38.84607420000003],[35.85939610000008,38.84581390000017],[35.859891700000105,38.8461506000001],[35.86031582503222,38.84625271871022],[35.86072000000024,38.84633000000042],[35.861120000000085,38.84659000000005],[35.86246829391149,38.847825623553376],[35.862593900000036,38.84789110000008]]],"type":"Polygon"}},{"type":"Feature","properties":{"area_id":"TR-38-002-42149","name_tr":"Yenice","area_level":"neighbourhood","parent_id":"TR-38-002","endeksa_id":42149},"geometry":{"coordinates":[[[35.855968100000155,38.85097750000034],[35.85455140000016,38.85031580000066],[35.85332360000018,38.850078600000074],[35.85287250000016,38.84978030000008],[35.85272859999998,38.849527800000146],[35.85248640000003,38.84951170000056],[35.85159560000005,38.85036390000005],[35.851796700000136,38.85084580000046],[35.851543600000184,38.85104310000008],[35.850069200000064,38.85076470000013],[35.8487578000001,38.8499731],[35.848374400000125,38.84960920000009],[35.84851859999998,38.848369200000036],[35.8477319000001,38.84779140000069],[35.84782920000015,38.84716689999999],[35.84857810000011,38.847433600000215],[35.85035500000009,38.84827110000009],[35.8509542000001,38.84819690000012],[35.851246700000104,38.84829810000019],[35.851691700000174,38.848159200000055],[35.85292190000018,38.848080300000106],[35.85366110000007,38.847476700000584],[35.854293600000176,38.84748670000016],[35.85546190000019,38.847806700000035],[35.85625110000012,38.84827500000006],[35.856971900000076,38.84911250000022],[35.85697810000005,38.84943000000055],[35.857237199999986,38.84968280000015],[35.85633969999998,38.85048780000068],[35.855968100000155,38.85097750000034]]],"type":"Polygon"}},{"type":"Feature","properties":{"area_id":"TR-38-002-42140","name_tr":"Cumhuriyet","area_level":"neighbourhood","parent_id":"TR-38-002","endeksa_id":42140},"geometry":{"coordinates":[[[35.855968100000155,38.85097750000034],[35.856419200000175,38.85125750000009],[35.85673830000013,38.851647800000194],[35.85890720000015,38.85154390000031],[35.858953100000065,38.852062500000045],[35.85913580000005,38.85249670000013],[35.85938920000007,38.85279500000007],[35.86001580000004,38.85289280000018],[35.86065190000011,38.85383610000025],[35.86098610000005,38.85399000000001],[35.86178610000013,38.8538375],[35.86198440000004,38.8539631000001],[35.86185810000006,38.854235300000596],[35.861893600000144,38.85457080000015],[35.86213280000004,38.85497470000013],[35.86243420000011,38.8552792000001],[35.86308250000013,38.855002800000136],[35.86342890000003,38.85555500000004],[35.862492799999984,38.85582860000011],[35.86138890000012,38.85601940000009],[35.85918029999999,38.856161100000065],[35.84836940000008,38.85451000000023],[35.84658330000008,38.85448310000049],[35.8451836000001,38.85457080000015],[35.84452970000018,38.85245689999999],[35.84405640000011,38.85172750000004],[35.84406190000004,38.851345800000104],[35.844199400000036,38.85131810000013],[35.84410970000005,38.85035060000018],[35.84421580000014,38.85013310000011],[35.84517902677902,38.84946201104805],[35.8458533000001,38.84900890000017],[35.84649440000004,38.84834440000026],[35.846873100000096,38.848113900000044],[35.84732466110273,38.84804471818063],[35.8477319000001,38.84779140000069],[35.84851859999998,38.848369200000036],[35.848374400000125,38.84960920000009],[35.8487578000001,38.8499731],[35.850069200000064,38.85076470000013],[35.851543600000184,38.85104310000008],[35.851796700000136,38.85084580000046],[35.85159560000005,38.85036390000005],[35.85248640000003,38.84951170000056],[35.85272859999998,38.849527800000146],[35.85287250000016,38.84978030000008],[35.85332360000018,38.850078600000074],[35.85455140000016,38.85031580000066],[35.855968100000155,38.85097750000034]]],"type":"Polygon"}},{"type":"Feature","properties":{"area_id":"TR-38-002-42142","name_tr":"Doğanlar","area_level":"neighbourhood","parent_id":"TR-38-002","endeksa_id":42142},"geometry":{"coordinates":[[[35.84517902677902,38.84946201104805],[35.84491828286207,38.84959568467116],[35.84466029284266,38.8495295975718],[35.84458860835463,38.84932039194831],[35.8447759065636,38.849131209644895],[35.844241900000156,38.849531400000046],[35.84391530000016,38.84960220000005],[35.84396580000009,38.84874420000011],[35.84311919999999,38.847921100000406],[35.84158830000018,38.848128300000496],[35.84094830000015,38.8484700000007],[35.840579400000024,38.84890420000039],[35.84057030000014,38.849591100000055],[35.840899200000024,38.85023720000004],[35.84007059999999,38.85139860000004],[35.839782500000126,38.85144000000059],[35.839441900000054,38.85131690000003],[35.83963640000013,38.85085220000013],[35.83906190000005,38.85061330000008],[35.83869560000011,38.85062530000033],[35.83833750000014,38.85078000000016],[35.838119199999994,38.85103780000003],[35.83718830000009,38.85102499999999],[35.837061700000106,38.85058440000017],[35.83725060000012,38.84999170000049],[35.83707830000003,38.849850600000536],[35.8361172000001,38.84990190000019],[35.83559080000009,38.85015940000051],[35.83553810000018,38.850335600000165],[35.83604079999998,38.850377500000434],[35.836107800000036,38.85071810000005],[35.835855600000116,38.85096310000006],[35.83502440000012,38.8509353000004],[35.8328992000001,38.850639200000046],[35.83233250000012,38.850078600000074],[35.82993420000014,38.848961900000006],[35.82981830000011,38.848992500000236],[35.82973580000004,38.84928280000008],[35.830080300000134,38.84990500000009],[35.829996400000084,38.85005830000017],[35.82850000000013,38.85048500000045],[35.8282069,38.85041530000018],[35.82804420000008,38.85014860000018],[35.82846830000017,38.84940610000035],[35.828578600000014,38.848931900000196],[35.828544400000055,38.84846440000024],[35.827097800000104,38.8475461000001],[35.825207200000136,38.8469444000001],[35.82440390000011,38.84683780000012],[35.823798300000135,38.84693500000003],[35.823519999999974,38.84729640000023],[35.82327390000006,38.84797810000015],[35.822718300000076,38.84815810000015],[35.821885600000144,38.84819810000005],[35.82055000000008,38.8484081000002],[35.818989400000135,38.84882940000006],[35.818565800000044,38.84900940000057],[35.817090800000074,38.84993610000015],[35.8167969000001,38.849826400000666],[35.81637170000005,38.84931420000021],[35.8146589000001,38.84915610000013],[35.81372470000008,38.849217800000076],[35.81286750000004,38.84946670000039],[35.811741900000186,38.849663300000316],[35.811577200000045,38.849384200000316],[35.81140080000017,38.84929470000037],[35.81099890000013,38.84983440000008],[35.809915800000056,38.849214700000175],[35.809088900000006,38.84913560000035],[35.80833110000003,38.84929250000005],[35.80751170000008,38.849124400000164],[35.80742280000004,38.849354200000676],[35.80777669999998,38.850338100000045],[35.807629200000065,38.850487500000156],[35.80611610000011,38.84984670000006],[35.80574110000015,38.84985170000027],[35.8056739000001,38.85024830000003],[35.80625220000013,38.85119810000015],[35.80592690000009,38.85185890000008],[35.80559670000008,38.85163420000032],[35.80526690000016,38.85119640000033],[35.80492860000004,38.85117860000014],[35.80456720000018,38.85154610000012],[35.803102200000126,38.85214170000006],[35.80203640000002,38.85206500000044],[35.801197800000125,38.85211559999999],[35.80032000000011,38.85177470000008],[35.80009170000005,38.851918100000034],[35.7996581000001,38.85180220000018],[35.79873170000019,38.85177470000008],[35.798395800000094,38.852182500000026],[35.79824060000004,38.852547200000004],[35.797785600000054,38.852872800000114],[35.7974253000001,38.8528694000002],[35.79680280000008,38.85262530000011],[35.7967450000001,38.8528264000002],[35.79695920000006,38.85322220000012],[35.79595310000013,38.85396940000027],[35.79520280000003,38.854117500000086],[35.79469390000003,38.854553600000145],[35.79377890000018,38.85571809999999],[35.79290920000017,38.85506940000033],[35.792233099999976,38.85495330000032],[35.79260670000019,38.855442800000674],[35.79234830000013,38.855778600000065],[35.791657800000166,38.85551580000032],[35.79077440000009,38.85585060000017],[35.790188600000135,38.85623470000047],[35.78986470000012,38.85628580000008],[35.78954890000011,38.85614750000036],[35.789276900000175,38.85618140000014],[35.78878310000016,38.856536900000606],[35.78878140000006,38.85711190000006],[35.7885586000001,38.85778440000007],[35.78725670000017,38.857931399999984],[35.78701720000009,38.858063300000424],[35.786969200000044,38.85816110000019],[35.787446900000134,38.858205000000055],[35.78735360000019,38.85874250000012],[35.78690500000005,38.85873310000005],[35.787120600000094,38.859216400000264],[35.78710060000003,38.85968500000013],[35.786586100000136,38.859603600000185],[35.78639610000005,38.85923220000018],[35.78585580000009,38.8590617000001],[35.78565810000009,38.85880830000025],[35.78531190000001,38.85898030000027],[35.78516360000003,38.85937080000025],[35.78530610000007,38.85970470000052],[35.785143100000084,38.860121400000025],[35.78494000000018,38.860362500000235],[35.78463780000004,38.86049420000012],[35.78478860000007,38.860171900000125],[35.78478170000005,38.8597233000001],[35.784131100000025,38.859360000000095],[35.78281470000019,38.85838030000036],[35.78234280000004,38.85863920000014],[35.78122860000002,38.857160000000135],[35.781675600000085,38.85698780000007],[35.781434700000034,38.85668310000062],[35.781229400000086,38.85555170000009],[35.78081220000007,38.8553136000001],[35.78031890000011,38.85445420000008],[35.78073810000012,38.854063900000085],[35.77967190000004,38.85298860000012],[35.779126100000155,38.8533144000001],[35.7789858000001,38.853618600000004],[35.77790220000014,38.85420610000017],[35.77781030000017,38.85348810000005],[35.777515800000174,38.85361220000004],[35.77685500000018,38.854153300000064],[35.776369699999975,38.85422220000004],[35.77616860000006,38.85300440000003],[35.77654780000017,38.85293139999999],[35.776304200000084,38.85260690000018],[35.777227200000084,38.852119400000674],[35.77932390000018,38.851520600000185],[35.77952220000009,38.85161580000022],[35.780104400000084,38.85152190000008],[35.780711900000085,38.852672200000086],[35.782391400000165,38.85210640000031],[35.78189360000016,38.851559399999985],[35.78289860000018,38.85113670000004],[35.78243470000018,38.85065060000011],[35.78221280000014,38.850290000000655],[35.78198640000005,38.84976250000017],[35.78194420000011,38.84935669999999],[35.781524700000034,38.84857470000048],[35.78570440000016,38.848540800000194],[35.785617500000114,38.84840780000053],[35.78128920000006,38.84630690000006],[35.77997640000018,38.84589110000013],[35.779011700000126,38.845862800000134],[35.77823610000007,38.84571720000031],[35.77922940000019,38.845657200000176],[35.779781900000046,38.84536920000011],[35.77956470000004,38.84514920000021],[35.77911470000009,38.84539110000014],[35.778659400000095,38.845276700000454],[35.778640800000176,38.84375530000034],[35.77769060000003,38.84358830000019],[35.77764750000006,38.842550000000074],[35.77789110000009,38.841670000000136],[35.77777920000011,38.841556100000275],[35.77947940000007,38.84173750000036],[35.78668330000016,38.832395000000076],[35.8001867000001,38.828109700000425],[35.800469200000066,38.82405280000012],[35.80075720000008,38.823125800000525],[35.800740000000076,38.82277670000042],[35.800235600000065,38.82189330000051],[35.80017640000017,38.82148720000066],[35.80062220000008,38.8195247000001],[35.80072530000007,38.819364399999984],[35.80139530000008,38.819280600000184],[35.8043019000001,38.81748720000013],[35.80504580000019,38.816766400000176],[35.805130800000086,38.81655890000002],[35.80510750000013,38.816303900000094],[35.804800600000135,38.81595890000011],[35.80448170000005,38.81568470000053],[35.803770799999995,38.81530580000009],[35.80275250000011,38.81490309999998],[35.80121500000013,38.814579400000014],[35.80107670000001,38.81441890000025],[35.801108100000135,38.81403670000009],[35.80181970000007,38.81188080000021],[35.801765800000055,38.8117486000001],[35.80071220000008,38.811024700000075],[35.80093440000019,38.810832500000515],[35.81593330000004,38.80567580000053],[35.81763030000013,38.80770690000054],[35.82402310000003,38.816059400000086],[35.82593310000016,38.82709690000047],[35.82669190000007,38.82710580000014],[35.826977500000055,38.827239700000064],[35.83125860000007,38.828163600000266],[35.8332092,38.82945810000007],[35.834623300000146,38.82968190000048],[35.834900800000185,38.8305850000001],[35.83533580000011,38.83079420000013],[35.836363900000094,38.83048030000009],[35.84076080000011,38.83065360000023],[35.841419700000074,38.831010300000116],[35.842705000000024,38.83135360000006],[35.842803600000025,38.830984200000046],[35.843017800000155,38.83064250000001],[35.84515060000007,38.82938189999999],[35.84559830000012,38.82890060000017],[35.846656100000075,38.82934280000012],[35.846623100000045,38.82939390000013],[35.847098300000084,38.82943190000003],[35.847022200000026,38.82958280000008],[35.846602500000074,38.82966500000015],[35.84662440000011,38.82999060000009],[35.84679030000018,38.830162200000075],[35.84678640000004,38.83029220000003],[35.84663860000006,38.83038970000007],[35.84634780000016,38.83021190000028],[35.84621470000013,38.830373100000145],[35.846608100000026,38.83056420000014],[35.84655470000007,38.83070310000005],[35.84634670000008,38.830803300000184],[35.84648220000008,38.83099580000015],[35.84619390000006,38.83145390000004],[35.845993300000146,38.831492200000184],[35.84615190000011,38.83169060000006],[35.846397500000194,38.831815000000404],[35.846189200000026,38.831980300000225],[35.845822500000054,38.83185560000021],[35.84576560000011,38.83197390000004],[35.845931699999994,38.83214560000005],[35.84595690000015,38.83271060000061],[35.845449700000074,38.83289639999998],[35.84516190000011,38.83310310000007],[35.84463280000017,38.83299280000051],[35.84457110000005,38.83345110000005],[35.844778899999994,38.83355190000009],[35.84476360000019,38.83372060000033],[35.844134699999984,38.834240299999976],[35.84406190000004,38.83467810000019],[35.84426890000009,38.83516030000044],[35.8440222000001,38.835479400000054],[35.84374610000003,38.83551170000038],[35.84361310000003,38.83588810000026],[35.84376000000009,38.83593830000018],[35.8437383000001,38.836095800000066],[35.84388139999999,38.836245300000144],[35.843959400000074,38.83649390000011],[35.843814700000166,38.83659810000006],[35.84389920000007,38.83669780000014],[35.84407250000004,38.83678080000004],[35.84442780000012,38.83678140000063],[35.84440580000006,38.83699560000059],[35.84497500000009,38.83733810000018],[35.84496330000019,38.83752140000007],[35.84518640000016,38.8374922000001],[35.845364400000165,38.83732970000017],[35.84564030000007,38.83753690000026],[35.84567030000005,38.83762580000018],[35.845484400000146,38.83781190000013],[35.84549560000016,38.8379244000007],[35.84569940000017,38.838113900000394],[35.84555030000007,38.83885030000022],[35.84539830000011,38.839151700000286],[35.84542920000018,38.83956560000007],[35.845581900000184,38.83978890000043],[35.84559560000008,38.840095800000086],[35.846162200000094,38.84092440000023],[35.846592200000146,38.84091580000023],[35.84678640000004,38.841046900000094],[35.846830300000136,38.841216400000235],[35.8473092000001,38.8412564000007],[35.84756080000017,38.841483600000174],[35.84761080000004,38.841685800000164],[35.84753470000015,38.84195189999997],[35.84698640000005,38.8419464000001],[35.84694640000015,38.842892800000016],[35.84718470000013,38.84346000000005],[35.847215800000015,38.84373610000017],[35.84760640000019,38.843825600000116],[35.847610599999996,38.8445081000001],[35.84703030000014,38.8447225000001],[35.84735720000003,38.84493440000006],[35.84773530000001,38.84502720000006],[35.847715300000175,38.84643610000046],[35.84763470000007,38.846748100000696],[35.84782920000015,38.84716689999999],[35.8477319000001,38.84779140000069],[35.84732466110273,38.84804471818063],[35.846873100000096,38.848113900000044],[35.84649440000004,38.84834440000026],[35.8458533000001,38.84900890000017],[35.84517902677902,38.84946201104805]]],"type":"Polygon"}},{"type":"Feature","properties":{"area_id":"TR-38-002-180903","name_tr":"Asmakaya","area_level":"neighbourhood","parent_id":"TR-38-002","endeksa_id":180903},"geometry":{"coordinates":[[[36.004943100000105,38.85102310000002],[36.00480470000019,38.85110970000062],[35.99842670000004,38.84975720000011],[35.992781400000126,38.853024400000095],[35.98251390000007,38.85761610000037],[35.97517220000009,38.861293100000125],[35.97086070962439,38.863801833813],[35.970659572882425,38.86378172975077],[35.97064286053751,38.86362342073687],[35.97228170000005,38.86174720000008],[35.97299920000006,38.85830280000016],[35.97277890000015,38.85564530000005],[35.97045420000018,38.85352360000019],[35.97014610000008,38.85262690000002],[35.96861810000013,38.85100250000028],[35.96708690000008,38.8490239000007],[35.96668890000001,38.84807080000036],[35.96566420000016,38.84660690000038],[35.96540670000019,38.84666560000062],[35.965163300000086,38.84633580000019],[35.965461400000095,38.846227800000634],[35.9652617000001,38.84600890000013],[35.96454440000008,38.84367830000036],[35.96288140000013,38.84124890000044],[35.961923100000035,38.84071940000018],[35.961221700000124,38.84087750000026],[35.960851700000035,38.84064310000008],[35.96027690000011,38.839103900000055],[35.96027110000017,38.838883300000134],[35.960665600000084,38.83738610000057],[35.96020440000012,38.83508890000007],[35.960263900000086,38.83463920000031],[35.96140030000015,38.83452139999997],[35.96151470000018,38.83442810000025],[35.96164530000016,38.83426530000014],[35.961710800000105,38.83385690000006],[35.963794699999994,38.831706400000144],[35.96396810000016,38.83076830000016],[35.964218600000095,38.828449400000466],[35.9641567000001,38.82787920000004],[35.96425280000011,38.82750390000007],[35.9633417,38.8271028000006],[35.9619211000001,38.82583890000012],[35.95991360000005,38.82433610000015],[35.95921280000016,38.82413610000009],[35.95907390000002,38.82401610000011],[35.959064200000114,38.82376830000004],[35.95827310000004,38.82356170000003],[35.95817690000007,38.82373060000015],[35.95764560000015,38.82350690000044],[35.956968900000106,38.82249560000025],[35.95651390000012,38.82140720000007],[35.95561470000018,38.821793100000036],[35.955683900000054,38.82156830000008],[35.956053300000065,38.82113310000017],[35.95564030000014,38.82063890000046],[35.95584830000013,38.82000360000012],[35.95560389999997,38.81893780000007],[35.95499940000008,38.81903890000024],[35.95496610000015,38.818674700000656],[35.954218100000105,38.81885440000025],[35.954004699999984,38.81811330000039],[35.95398830000005,38.81763890000008],[35.95467420000017,38.81765030000008],[35.955058100000144,38.817471700000056],[35.95559060000011,38.81736170000005],[35.95684720000003,38.81727969999997],[35.95703860000003,38.818037800000184],[35.95749440000009,38.81805670000017],[35.957375000000184,38.81704330000014],[35.95820000000003,38.816938600000185],[35.959767500000055,38.817169400000125],[35.95992530000012,38.816944400000125],[35.96004920000007,38.81649470000008],[35.959926900000085,38.816492800000105],[35.959936700000185,38.816222500000265],[35.960085800000115,38.81577610000028],[35.96095220000018,38.81599190000037],[35.96147030000009,38.816283100000305],[35.96217640000003,38.816321100000096],[35.96312780000011,38.81656310000005],[35.96344110000007,38.81671810000006],[35.96386250000012,38.81709719999998],[35.96455440000017,38.816182800000036],[35.965783300000055,38.81587970000032],[35.96651920000005,38.81603330000024],[35.967155800000114,38.81650060000004],[35.96752779999997,38.81695610000003],[35.96800360000009,38.817291700000624],[35.96946030000004,38.818045800000164],[35.969782800000075,38.81813250000005],[35.97008220000015,38.818021900000645],[35.97117920000011,38.818442200000106],[35.971339200000045,38.81815220000004],[35.97170890000007,38.81778920000022],[35.97237970000015,38.81801280000025],[35.97231440000007,38.81811780000004],[35.97316750000016,38.818561100000124],[35.972799200000054,38.81891559999997],[35.97325360000019,38.81915750000013],[35.973733600000116,38.81972780000007],[35.97477640000005,38.82039110000005],[35.975059199999976,38.820209700000476],[35.97533140000013,38.8197608000001],[35.975455800000134,38.81982360000018],[35.9764967000001,38.81924720000006],[35.97648420000013,38.819496400000105],[35.97737690000008,38.82101940000018],[35.978212800000165,38.82059940000039],[35.978934400000185,38.8201131000003],[35.97937220000017,38.820023600000354],[35.97977000000003,38.820074400000294],[35.980048599999975,38.82022610000041],[35.98048610000012,38.820950000000266],[35.98094720000012,38.821155600000225],[35.98162030000003,38.82127330000037],[35.981625300000076,38.8217908000002],[35.98210560000018,38.821840800000075],[35.983304400000065,38.82239780000015],[35.98372110000008,38.82205830000066],[35.98464060000015,38.8222358000001],[35.98493830000007,38.82190030000038],[35.98494360000018,38.82124250000015],[35.98520220000006,38.82119190000003],[35.986127500000066,38.82132830000012],[35.98671560000008,38.82016940000034],[35.98692360000007,38.82031670000009],[35.98715720000018,38.82104440000012],[35.98765560000004,38.82165030000016],[35.98859970000018,38.821716900000126],[35.988584200000105,38.8229433000007],[35.989464400000145,38.82443110000003],[35.98989080000007,38.82450810000017],[35.98986310000009,38.82468330000006],[35.990654200000165,38.82454720000004],[35.99204220000007,38.82489780000009],[35.99402670000012,38.82514330000015],[35.99502720000015,38.82485890000004],[35.995092800000066,38.82534030000011],[35.9956150000001,38.82565250000033],[35.995599200000015,38.82590580000033],[35.99649780000016,38.82609719999999],[35.99682810000013,38.82592920000013],[35.99685860000017,38.82640750000013],[35.99740810000014,38.826616900000545],[35.99768690000013,38.8270083000001],[35.99815170000005,38.82820360000005],[35.99955110000019,38.828730300000075],[36.00000890000001,38.828982200000496],[36.0004603000001,38.83038560000011],[36.000916700000175,38.83068440000011],[36.00134860000003,38.83127940000014],[36.002218900000116,38.83201830000053],[36.00262580000003,38.832555300000195],[36.00197140000006,38.8345286000004],[36.00054170000004,38.836651399999994],[36.000272800000005,38.83781390000007],[36.00201080000011,38.837944700000094],[36.00233920000011,38.83790390000007],[36.00291420000008,38.83799940000051],[36.0032192000001,38.83815390000018],[36.00371940000008,38.8385803000001],[36.00359220000007,38.838657800000135],[36.0034189000001,38.839009400000236],[36.004136700000174,38.84032140000011],[36.00489670000013,38.841075000000615],[36.004939700000136,38.84097939999998],[36.00595610000005,38.84107690000042],[36.005800300000146,38.841890600000056],[36.007435300000054,38.842626900000084],[36.00729390000009,38.84324000000015],[36.007305300000155,38.84373140000014],[36.00855580000007,38.84395440000014],[36.009038900000064,38.84426280000008],[36.00582310000004,38.847295300000496],[36.004943100000105,38.85102310000002]]],"type":"Polygon"}},{"type":"Feature","properties":{"area_id":"TR-38-002-180933","name_tr":"Topsöğüt","area_level":"neighbourhood","parent_id":"TR-38-002","endeksa_id":180933},"geometry":{"coordinates":[[[36.11665420000003,38.86687830000005],[36.10748220000016,38.86788780000012],[36.08428670000012,38.86332860000016],[36.072330800000145,38.86477190000005],[36.07080970000004,38.86247420000052],[36.070938100000035,38.861333300000126],[36.06786140000003,38.860585300000196],[36.06724170000007,38.861403600000074],[36.05380640000004,38.86098890000005],[36.05170580000015,38.860479400000315],[36.05044779999997,38.861370000000136],[36.04916720000011,38.859667800000125],[36.04976440000013,38.85884470000042],[36.0459019000001,38.85420170000066],[36.04593000000011,38.85353580000009],[36.045212500000105,38.85310330000004],[36.04468250000008,38.851891400000284],[36.04467060000019,38.85131720000038],[36.04492580000016,38.85108780000007],[36.0452600000001,38.84964140000028],[36.04608810000008,38.84936390000041],[36.04504750000012,38.84928280000008],[36.045263900000066,38.847888300000534],[36.04493970000004,38.847337800000105],[36.045225600000094,38.84663470000055],[36.044998300000145,38.8461094000001],[36.04487500000005,38.84548810000018],[36.045168100000126,38.84517720000002],[36.04402250000004,38.84359470000004],[36.04687890000014,38.843371700000034],[36.0478447000001,38.8431353000002],[36.047776700000156,38.842269200000146],[36.04828720000012,38.842128300000184],[36.04901580000018,38.842216900000096],[36.04933720000014,38.84213530000005],[36.04959280000014,38.8417625000003],[36.04969580000011,38.84084810000013],[36.05116110000006,38.83967140000016],[36.049720800000046,38.838814400000444],[36.04895690000012,38.83906560000008],[36.04962390000003,38.83749919999997],[36.04863830000005,38.83688440000009],[36.04818940000018,38.837216700000056],[36.04790220000007,38.83628500000009],[36.047736900000075,38.83631220000018],[36.04759780000006,38.83587690000007],[36.04780560000006,38.83481640000008],[36.048074700000086,38.83415000000019],[36.048290800000075,38.83272220000015],[36.04848220000008,38.83276970000003],[36.04854280000012,38.83259970000017],[36.04823000000016,38.83256580000017],[36.04823830000015,38.83221250000025],[36.04873310000005,38.830872800000066],[36.04823670000019,38.82979890000007],[36.047747200000174,38.82937500000031],[36.047698300000036,38.82839360000014],[36.04796500000009,38.82778080000003],[36.04867390000015,38.826987800000325],[36.04970330000003,38.82660310000011],[36.04922500000009,38.82616140000016],[36.04961580000008,38.82560360000019],[36.0476592,38.824814200000105],[36.04603440000005,38.824721400000385],[36.04606030000008,38.82408220000008],[36.04572970000004,38.82381030000067],[36.045736700000134,38.82371580000017],[36.045189200000095,38.8234642000001],[36.04475420000017,38.82305500000035],[36.04443420000018,38.8228931000001],[36.044529700000055,38.82275720000007],[36.04339970000018,38.82241750000003],[36.043495000000064,38.821880599999986],[36.04216500000018,38.821377800000164],[36.042399200000034,38.82052809999999],[36.04226860000006,38.81995030000019],[36.04318970000003,38.8199906000001],[36.04325000000006,38.81920860000042],[36.04392810000002,38.819195000000036],[36.04319720000012,38.81794420000011],[36.04362279999998,38.817760600000156],[36.04338250000018,38.817495600000086],[36.04302330000013,38.81767220000012],[36.04284999999999,38.8175397],[36.03919690000009,38.815226100000245],[36.03668080000011,38.81330830000019],[36.045323900000085,38.80911190000012],[36.046392800000035,38.808743300000174],[36.04765750000007,38.80859890000045],[36.047752500000115,38.80847749999998],[36.04940610000011,38.80777080000013],[36.048863600000175,38.80743110000009],[36.048267800000076,38.806893100000025],[36.04866330000016,38.80661440000006],[36.04839250000009,38.806347800000026],[36.04933440000008,38.8056964000001],[36.049504700000114,38.80579829999999],[36.049945800000046,38.805566700000384],[36.04949420000014,38.8050181000001],[36.05078720000017,38.8048136000001],[36.05173389999999,38.8041894000001],[36.051870300000076,38.803874699999994],[36.052399700000024,38.80339720000029],[36.05249500000008,38.80338919999997],[36.05249110000011,38.80467560000005],[36.05301250000008,38.805243900000164],[36.053343900000186,38.80591420000036],[36.05392530000012,38.80582000000038],[36.05469670000019,38.80540780000001],[36.055027199999984,38.80534110000019],[36.055238100000054,38.80566640000046],[36.056230300000095,38.80540690000066],[36.05662860000018,38.805619400000126],[36.05682170000017,38.805665600000395],[36.05692190000008,38.80560670000017],[36.05597920000008,38.80488170000001],[36.05476560000005,38.80365500000016],[36.05659420000018,38.80316390000053],[36.057906900000035,38.80266920000008],[36.05816470000008,38.80314360000011],[36.05827310000018,38.803155300000526],[36.05848860000003,38.80299420000034],[36.05882390000011,38.802609700000176],[36.05889890000009,38.80237830000004],[36.058169200000066,38.80131920000031],[36.05802580000011,38.80088080000013],[36.05791560000006,38.80090060000049],[36.05787500000008,38.80058670000045],[36.05928810000012,38.80000860000007],[36.06038580000018,38.799740000000384],[36.06068000000016,38.800013600000284],[36.061993300000154,38.799791100000164],[36.06184970000015,38.7992869000002],[36.06216920000014,38.799118600000156],[36.06185419999997,38.79880140000017],[36.06245580000001,38.79827830000005],[36.06275970000013,38.79759250000018],[36.0635281000001,38.79769140000019],[36.06361440000012,38.797422200000085],[36.06367940000018,38.79657780000008],[36.06345890000006,38.79531970000022],[36.06354220000003,38.79474890000006],[36.06428860000017,38.794776100000036],[36.06477580000012,38.79415500000016],[36.064886400000034,38.79374530000018],[36.06499220000012,38.79364250000003],[36.06568500000003,38.793377200000066],[36.066206700000066,38.79362280000015],[36.06643360000015,38.79360750000012],[36.06649810000016,38.79325530000011],[36.06664830000017,38.793076700000086],[36.06761720000003,38.793464400000005],[36.06758310000009,38.79357560000051],[36.06650830000012,38.79472470000019],[36.06620750000013,38.794685800000025],[36.0660208000001,38.79478220000016],[36.06581580000005,38.79503920000013],[36.06565690000019,38.79556360000015],[36.06590360000018,38.79611280000012],[36.066063100000065,38.796287500000176],[36.066158900000175,38.79624110000043],[36.066450800000155,38.796576100000436],[36.066505600000085,38.796554700000115],[36.06625000000008,38.79610560000009],[36.06675140000016,38.79614080000016],[36.06728580000015,38.79724640000012],[36.06654720000017,38.79731810000004],[36.06661220000001,38.79837390000068],[36.06652140000017,38.79881640000019],[36.066384700000015,38.798926900000254],[36.06662670000014,38.7992622000001],[36.066872500000045,38.798887500000546],[36.06775220000003,38.798929700000485],[36.06774390000004,38.79968940000009],[36.06845030000005,38.799528600000144],[36.068508300000076,38.798298100000125],[36.068425300000115,38.797299200000225],[36.06907720000004,38.79737030000007],[36.06920969999999,38.79755560000012],[36.06965170000018,38.79756249999997],[36.07028109999999,38.79741140000027],[36.07079829999998,38.79771140000008],[36.0710658000001,38.79777060000015],[36.071208900000045,38.798571900000184],[36.07078310000014,38.798923900000034],[36.070978100000104,38.79915390000002],[36.07168860000013,38.79913560000011],[36.07198940000012,38.79921810000019],[36.072145000000035,38.799380800000506],[36.071879700000125,38.80025580000006],[36.072376100000156,38.80008810000004],[36.07267029999997,38.800236400000244],[36.07300940000016,38.79993580000024],[36.07379220000007,38.799932200000114],[36.074444200000016,38.80055860000061],[36.0744792000001,38.80087310000016],[36.075250000000096,38.800695800000085],[36.07520720000008,38.80054030000019],[36.075071900000125,38.80056360000032],[36.07476080000009,38.80020940000014],[36.07444000000004,38.8000158000001],[36.07369890000018,38.799093100000505],[36.07289360000016,38.79855500000002],[36.07260330000014,38.79851060000027],[36.07199920000005,38.79875670000001],[36.071837500000186,38.7986825000001],[36.07203690000017,38.79840310000026],[36.07265530000018,38.79815690000049],[36.07277420000008,38.797985600000175],[36.072479200000146,38.79793720000043],[36.07216530000011,38.79813860000007],[36.071693600000174,38.797554200000036],[36.071903300000145,38.79725190000022],[36.071623300000056,38.79689530000002],[36.07173080000007,38.796820600000046],[36.071591400000045,38.796784200000104],[36.07160779999998,38.79661560000051],[36.071469400000126,38.79640580000006],[36.07172780000019,38.79623190000001],[36.07150580000007,38.795929200000046],[36.07154420000006,38.795727800000236],[36.071951900000045,38.795669700000076],[36.07204360000003,38.795584200000064],[36.07214970000007,38.795255600000246],[36.07200140000009,38.794836900000064],[36.07254920000008,38.794794400000455],[36.07269500000007,38.79440310000041],[36.07216780000016,38.79433170000004],[36.072012200000074,38.79426970000003],[36.072011900000064,38.79415060000048],[36.07242000000008,38.793778100000054],[36.072749400000134,38.79376360000043],[36.07271250000008,38.79365860000013],[36.07246859999998,38.793539399999986],[36.07248080000011,38.79342970000016],[36.073059700000044,38.79312890000017],[36.07309670000012,38.79360580000019],[36.073255300000085,38.79378250000008],[36.073505300000136,38.79370110000059],[36.07368389313916,38.79343575378505],[36.073660356105904,38.793595759278844],[36.07377661463613,38.79372569816587],[36.07398282326784,38.793762386888716],[36.07415811667448,38.79368589320103],[36.07359940000015,38.794199200000094],[36.07328690000003,38.794779400000095],[36.073179700000026,38.79527530000013],[36.07352780000008,38.7957267000005],[36.07422030000015,38.79623779999997],[36.07436940000008,38.79623530000015],[36.0751489000001,38.797076400000265],[36.076286100000004,38.79774280000015],[36.07727750000015,38.79797330000008],[36.07892470000019,38.79808250000019],[36.07886830000018,38.797696400000405],[36.07956560000014,38.797448300000156],[36.07983690000003,38.796966900000086],[36.07928220000014,38.79634920000012],[36.08009750000008,38.796196700000166],[36.08023560000015,38.79653670000005],[36.08128890000006,38.79734750000017],[36.0812153,38.7975328],[36.08194810000009,38.79731720000029],[36.0821997000001,38.797493300000156],[36.082955600000105,38.797015800000224],[36.082749400000125,38.79740030000005],[36.082858600000066,38.79769030000011],[36.08214170000008,38.79789280000017],[36.0820106000001,38.79807330000017],[36.082226400000025,38.79901360000014],[36.08124940000016,38.799048100000334],[36.08140390000017,38.79975330000042],[36.08150580000006,38.80099330000019],[36.08190500000006,38.8009744000002],[36.08254140000014,38.801788300000396],[36.082298300000105,38.80120080000046],[36.08234250000004,38.80101330000008],[36.08263610000017,38.80066280000017],[36.08297860000005,38.80042810000015],[36.08328810000012,38.799821099999974],[36.08358280000016,38.79992080000005],[36.08402830000006,38.79925420000018],[36.08596250000005,38.799794200000065],[36.086890800000106,38.79985810000005],[36.087044700000035,38.79999440000012],[36.08670610000013,38.8012903000004],[36.08703440000011,38.80145640000029],[36.08710560000014,38.801638600000445],[36.08726250000012,38.80173390000016],[36.087529399999994,38.80239080000018],[36.088040800000044,38.80248530000051],[36.08805500000017,38.80198780000006],[36.089483099999995,38.80208860000005],[36.089741100000026,38.800452800000016],[36.09267440000008,38.80105670000012],[36.09195170000015,38.80211440000005],[36.09122890000003,38.802559400000064],[36.091080600000055,38.80285530000003],[36.091639400000076,38.80304920000009],[36.09181970000009,38.80295190000004],[36.09198250000003,38.80308580000013],[36.09280360000014,38.802513900000065],[36.093183300000135,38.802427500000704],[36.09347360000015,38.80287080000011],[36.09364383329341,38.80430425909731],[36.09378501327842,38.80440769326731],[36.09394707037717,38.80433812478867],[36.09409810000011,38.80384940000005],[36.09427970000007,38.803618300000096],[36.094281904331524,38.80320643094143],[36.094370106581835,38.803352216452936],[36.09456888408454,38.803414641442714],[36.094767854647614,38.803352078528576],[36.094856050365365,38.80320437711657],[36.09476030000019,38.80384920000006],[36.09454030000012,38.8043217000004],[36.09462190000011,38.804666699999984],[36.09485530000006,38.80443059999999],[36.095152500000154,38.803543900000705],[36.0954119000001,38.80329470000015],[36.095362800000146,38.802926700000114],[36.096945600000026,38.80304530000012],[36.09689360000016,38.80430280000007],[36.096506700000134,38.805301700000484],[36.09779580000003,38.805517200000054],[36.097998300000086,38.80558830000007],[36.09795889999998,38.8057122000007],[36.098068900000044,38.80580810000009],[36.09768080000009,38.806079700000055],[36.096800800000096,38.8060061000005],[36.09658310000003,38.806759400000146],[36.09757890000003,38.807052800000065],[36.09762830000017,38.806962200000385],[36.09785560000017,38.807059200000595],[36.09821390000013,38.80625060000011],[36.09855280000011,38.80624390000014],[36.09916030000011,38.80643720000029],[36.098769700000105,38.807753300000115],[36.09808890000011,38.808493900000144],[36.09745250000003,38.80828780000013],[36.09709810000004,38.808788900000536],[36.09589940000012,38.808431100000064],[36.095640300000184,38.80915860000022],[36.097069999999974,38.809525800000074],[36.09672390000014,38.810276100000124],[36.09738080000011,38.81035000000003],[36.09760890000018,38.81072470000015],[36.09809670000004,38.81104110000018],[36.09797280000009,38.81118670000069],[36.09784470000017,38.81114470000006],[36.09729610000005,38.81174640000046],[36.09735030000007,38.8120856000001],[36.09695080000006,38.812936100000115],[36.09719440000015,38.81299080000002],[36.09719469999999,38.81308780000006],[36.09706280000012,38.813272200000085],[36.096608300000184,38.81342780000017],[36.09670360000007,38.81360219999999],[36.09650970000018,38.81369920000003],[36.09596110000007,38.81430080000007],[36.095663900000034,38.81446280000068],[36.09573440000014,38.81477639999997],[36.09601140000018,38.81488280000008],[36.096465300000034,38.814539700000296],[36.09807560000007,38.81453470000008],[36.09906030000019,38.81473470000009],[36.0995764000001,38.81461470000011],[36.099621700000114,38.81446280000068],[36.10046470000003,38.81468190000015],[36.100929700000165,38.81330780000019],[36.102095300000144,38.813594400000056],[36.10380530000003,38.813315000000216],[36.10330000000016,38.812575000000095],[36.104184200000134,38.81263580000018],[36.105785600000104,38.811525600000664],[36.10631080000002,38.81194530000022],[36.10696280000019,38.81140500000009],[36.10708690000013,38.81146310000014],[36.10892310000003,38.810300000000154],[36.109419400000036,38.81087080000049],[36.109065300000054,38.81113190000042],[36.10961780000008,38.81201690000046],[36.10835830000019,38.81260060000011],[36.108974400000136,38.81311060000036],[36.1098386000001,38.81407890000003],[36.1103789,38.81380110000015],[36.113037800000086,38.813399700000105],[36.11453470000015,38.81322110000008],[36.11521110000018,38.81327830000038],[36.11568470000009,38.81300390000041],[36.11620640000007,38.81328720000005],[36.11568190000003,38.813926100000685],[36.116970800000104,38.81458060000011],[36.11735780000015,38.81468310000008],[36.11809060000019,38.81352279999999],[36.118312800000126,38.81371640000003],[36.1188772000001,38.81397310000017],[36.118851400000096,38.81414330000018],[36.11869690000009,38.81431310000005],[36.11817080000009,38.81619750000033],[36.11810670000011,38.816754400000036],[36.11831080000013,38.81705060000007],[36.11803940000004,38.817272800000126],[36.11699080000017,38.82900780000011],[36.11648280000003,38.836033300000054],[36.124718099999996,38.84286640000033],[36.11530580000016,38.86456610000005],[36.11665420000003,38.86687830000005]]],"type":"Polygon"}},{"type":"Feature","properties":{"area_id":"TR-38-002-180909","name_tr":"Emirören","area_level":"neighbourhood","parent_id":"TR-38-002","endeksa_id":180909},"geometry":{"coordinates":[[[36.04916720000011,38.859667800000125],[36.04786560000002,38.861783100000025],[36.04727030000015,38.86304830000006],[36.047867200000155,38.864253900000335],[36.04708000000005,38.8644594000001],[36.04639920000005,38.864333100000124],[36.04610720000005,38.86392780000017],[36.04542610000016,38.863649200000395],[36.044923600000175,38.86367470000005],[36.04433970000014,38.863345300000105],[36.04226470000009,38.862775800000065],[36.04181080000018,38.86292810000009],[36.041146400000116,38.863435300000106],[36.03869860000009,38.8632839],[36.0372564000001,38.863753300000155],[36.03660810000014,38.864133900000354],[36.03608939999998,38.86456500000014],[36.03424170000005,38.86478080000023],[36.02967030000019,38.86484560000008],[36.02744970000015,38.865340300000184],[36.02643670000015,38.86543560000041],[36.025796400000104,38.865391400000306],[36.025399200000095,38.86554360000014],[36.02504280000011,38.865923900000666],[36.02472670000009,38.865820800000165],[36.024402200000054,38.86549140000005],[36.01561310000005,38.8725350000002],[36.018870000000106,38.865393900000186],[36.01903140000013,38.86491580000006],[36.018976399999985,38.86462920000048],[36.02016920000011,38.86290390000005],[36.02044580000006,38.862653100000045],[36.0206950000001,38.862018100000114],[36.022208300000045,38.86061940000053],[36.021979999999985,38.85938250000015],[36.02139470000009,38.85839890000011],[36.021434400000146,38.8577906000001],[36.02130170000004,38.857510000000104],[36.021285000000034,38.85667750000016],[36.02138830000007,38.8560586000001],[36.02134500000005,38.85589190000053],[36.02084890000003,38.85527110000032],[36.020537500000046,38.85538780000002],[36.01942890000015,38.855222200000185],[36.01878280000017,38.85522920000005],[36.01771720000011,38.85493190000068],[36.0153514000001,38.8549797],[36.012960000000135,38.85456310000018],[36.012635000000046,38.85431470000009],[36.01181780000013,38.854135799999995],[36.011696700000016,38.85402780000015],[36.01118920000016,38.85324580000008],[36.01113560000016,38.852685600000086],[36.010838300000046,38.852250800000036],[36.010411700000134,38.852271900000176],[36.00965080000003,38.85262640000019],[36.0092264000001,38.85263670000012],[36.00874140000013,38.852474700000585],[36.008443100000136,38.85226170000004],[36.00782360000005,38.85166030000016],[36.007633900000144,38.851282500000025],[36.007378100000096,38.85105640000012],[36.005781900000045,38.850691900000186],[36.005201400000146,38.850794700000165],[36.004943100000105,38.85102310000002],[36.00582310000004,38.847295300000496],[36.009038900000064,38.84426280000008],[36.00855580000007,38.84395440000014],[36.007305300000155,38.84373140000014],[36.00729390000009,38.84324000000015],[36.007435300000054,38.842626900000084],[36.00780250000008,38.842315300000564],[36.0082728000001,38.842086100000074],[36.00860469999998,38.8417742000002],[36.008693100000016,38.840987200000086],[36.00840310000018,38.83946330000049],[36.00852390000006,38.83941310000006],[36.00817749999999,38.83878970000018],[36.008298300000035,38.8378828000001],[36.008225800000105,38.837076900000056],[36.007871400000056,38.83671810000004],[36.007766700000104,38.83610080000045],[36.00780690000005,38.835609700000134],[36.006558900000186,38.833298900000614],[36.00664750000004,38.83312890000008],[36.00643810000014,38.83285190000004],[36.006534700000145,38.832738600000084],[36.00766170000014,38.83282670000062],[36.007979700000135,38.83295580000015],[36.008100600000034,38.832738600000084],[36.00787890000015,38.83232310000017],[36.007907200000034,38.83222860000052],[36.00729140000004,38.83196080000039],[36.00796280000003,38.83136640000009],[36.00704560000014,38.83083690000012],[36.007142200000146,38.8306606000001],[36.005950800000164,38.82957780000004],[36.00701330000015,38.82882190000038],[36.00736750000016,38.82901080000005],[36.0078908000001,38.82908640000005],[36.00825280000004,38.82865829999997],[36.00773780000003,38.82824890000006],[36.007858300000066,38.82770110000018],[36.00835750000016,38.82741140000002],[36.00877610000015,38.8276003000002],[36.009327800000165,38.82741610000005],[36.00982810000016,38.82773470000012],[36.01010580000002,38.82807530000042],[36.010820600000045,38.82772610000012],[36.01127310000015,38.828096900000105],[36.01156000000009,38.82774190000055],[36.011716900000124,38.827720800000066],[36.01189110000013,38.82725390000013],[36.01215690000009,38.82712140000018],[36.01203500000014,38.826716700000134],[36.01282920000011,38.825888300000656],[36.012241700000175,38.825509400000215],[36.01195110000015,38.825474200000144],[36.012196400000164,38.82518110000041],[36.01040110000014,38.82490860000024],[36.01053000000013,38.82423170000004],[36.00926670000007,38.824269400000105],[36.00962610000016,38.82378220000015],[36.01091190000011,38.82278420000068],[36.01121250000011,38.82188640000015],[36.011371100000076,38.82152690000004],[36.01145080000015,38.82140440000006],[36.01153890000012,38.82141780000006],[36.01163560000015,38.82120420000069],[36.0123756000001,38.82153580000005],[36.01284500000003,38.821455600000036],[36.012973100000124,38.821720600000106],[36.01395190000011,38.82145780000036],[36.01669190000018,38.821715600000005],[36.01681140000011,38.82152420000017],[36.01749140000004,38.821553100000074],[36.01793530000003,38.821604200000024],[36.0179639000001,38.82184220000005],[36.018100600000025,38.821904399999994],[36.02000690000017,38.82172830000036],[36.02033140000003,38.822380600000145],[36.020931900000164,38.82234250000005],[36.02160920000006,38.82286560000017],[36.02204720000009,38.82254940000007],[36.02260640000014,38.82235440000011],[36.022371400000054,38.82194830000009],[36.02402750000016,38.821689700000036],[36.02471580000008,38.82147580000043],[36.02678140000006,38.82109250000019],[36.02661059999997,38.82065640000013],[36.02666750000009,38.820607500000165],[36.02709470000008,38.82065610000046],[36.027800000000184,38.82052809999999],[36.02809690000004,38.82062610000014],[36.02831220000007,38.82059080000039],[36.0284853,38.82071780000024],[36.028949400000045,38.820718900000145],[36.028991899999994,38.82055250000042],[36.02865530000008,38.81941860000006],[36.029725800000165,38.819219400000065],[36.03007360000015,38.81964360000018],[36.03053110000019,38.8198364000005],[36.032636700000126,38.81981330000036],[36.03544780000004,38.81964360000018],[36.04284999999999,38.8175397],[36.04302330000013,38.81767220000012],[36.04338250000018,38.817495600000086],[36.04362279999998,38.817760600000156],[36.04319720000012,38.81794420000011],[36.04392810000002,38.819195000000036],[36.04325000000006,38.81920860000042],[36.04318970000003,38.8199906000001],[36.04226860000006,38.81995030000019],[36.042399200000034,38.82052809999999],[36.04216500000018,38.821377800000164],[36.043495000000064,38.821880599999986],[36.04339970000018,38.82241750000003],[36.044529700000055,38.82275720000007],[36.04443420000018,38.8228931000001],[36.04475420000017,38.82305500000035],[36.045189200000095,38.8234642000001],[36.045736700000134,38.82371580000017],[36.04572970000004,38.82381030000067],[36.04606030000008,38.82408220000008],[36.04603440000005,38.824721400000385],[36.0476592,38.824814200000105],[36.04961580000008,38.82560360000019],[36.04922500000009,38.82616140000016],[36.04970330000003,38.82660310000011],[36.04867390000015,38.826987800000325],[36.04796500000009,38.82778080000003],[36.047698300000036,38.82839360000014],[36.047747200000174,38.82937500000031],[36.04823670000019,38.82979890000007],[36.04873310000005,38.830872800000066],[36.04823830000015,38.83221250000025],[36.04823000000016,38.83256580000017],[36.04854280000012,38.83259970000017],[36.04848220000008,38.83276970000003],[36.048290800000075,38.83272220000015],[36.048074700000086,38.83415000000019],[36.04780560000006,38.83481640000008],[36.04759780000006,38.83587690000007],[36.047736900000075,38.83631220000018],[36.04790220000007,38.83628500000009],[36.04818940000018,38.837216700000056],[36.04863830000005,38.83688440000009],[36.04962390000003,38.83749919999997],[36.04895690000012,38.83906560000008],[36.049720800000046,38.838814400000444],[36.05116110000006,38.83967140000016],[36.04969580000011,38.84084810000013],[36.04959280000014,38.8417625000003],[36.04933720000014,38.84213530000005],[36.04901580000018,38.842216900000096],[36.04828720000012,38.842128300000184],[36.047776700000156,38.842269200000146],[36.0478447000001,38.8431353000002],[36.04687890000014,38.843371700000034],[36.04402250000004,38.84359470000004],[36.045168100000126,38.84517720000002],[36.04487500000005,38.84548810000018],[36.044998300000145,38.8461094000001],[36.045225600000094,38.84663470000055],[36.04493970000004,38.847337800000105],[36.045263900000066,38.847888300000534],[36.04504750000012,38.84928280000008],[36.04608810000008,38.84936390000041],[36.0452600000001,38.84964140000028],[36.04492580000016,38.85108780000007],[36.04467060000019,38.85131720000038],[36.04468250000008,38.851891400000284],[36.045212500000105,38.85310330000004],[36.04593000000011,38.85353580000009],[36.0459019000001,38.85420170000066],[36.04976440000013,38.85884470000042],[36.04916720000011,38.859667800000125]]],"type":"Polygon"}},{"type":"Feature","properties":{"area_id":"TR-38-002-42147","name_tr":"Yavuz Selim","area_level":"neighbourhood","parent_id":"TR-38-002","endeksa_id":42147},"geometry":{"coordinates":[[[35.96874580000002,38.87655360000019],[35.96663640000014,38.87698810000023],[35.9637269000001,38.87696530000011],[35.96241970000011,38.876465800000176],[35.96194470000006,38.87592330000024],[35.96117190000007,38.875527200000136],[35.96130720000008,38.875245000000064],[35.961901100000034,38.874509699999976],[35.961572800000056,38.874037499999986],[35.962168900000165,38.873415600000044],[35.961398300000155,38.87307390000001],[35.96116810000012,38.872682200000156],[35.96104810000014,38.872259200000144],[35.961719400000106,38.87164860000007],[35.962018899999975,38.87085440000004],[35.96166250000016,38.86996420000014],[35.96134920000003,38.86848170000002],[35.959575300000154,38.86721420000049],[35.95911360000014,38.86663500000003],[35.95686890000019,38.864834400000404],[35.9547831000001,38.86343060000007],[35.95412220000014,38.86313060000015],[35.953603900000076,38.86233640000012],[35.95302810000004,38.86196080000013],[35.949649400000055,38.86102920000019],[35.94874000000016,38.86063439999998],[35.947864700000025,38.86050440000025],[35.945618100000104,38.85969780000016],[35.9450619000001,38.85969250000022],[35.94344110000014,38.86023080000035],[35.94285000000008,38.86021530000016],[35.94258810000008,38.860139700000275],[35.94224890000004,38.85988470000012],[35.9417181,38.85982670000067],[35.94099219999998,38.8602525],[35.93690029999999,38.86090390000027],[35.93623280000003,38.86109830000004],[35.93588530000005,38.86108330000019],[35.935423600000036,38.86095780000011],[35.93424530000004,38.86026470000013],[35.93155920000004,38.85970810000009],[35.930950800000176,38.859659200000124],[35.92866390000012,38.8598247000005],[35.92797830000006,38.859673300000054],[35.92730940000013,38.85974580000004],[35.92588610000013,38.8596642],[35.923690299999976,38.85924440000008],[35.92207560000014,38.85876669999999],[35.919599400000095,38.858408600000075],[35.917963100000065,38.85776140000013],[35.9174139000001,38.857620800000404],[35.91627580000005,38.85754140000023],[35.9132297000001,38.857897200000025],[35.91221580000007,38.85818780000005],[35.910983300000055,38.85877170000009],[35.90913970000008,38.85898390000057],[35.907932500000015,38.85935390000009],[35.90644690000005,38.859540600000116],[35.90518420000018,38.859532500000114],[35.90385580000009,38.85982250000018],[35.902884700000186,38.85971109999997],[35.90162940000005,38.859474200000136],[35.89753000000013,38.85844970000005],[35.89635080000011,38.85788720000005],[35.89440030000003,38.85727500000007],[35.891689400000075,38.856610300000284],[35.88982560000005,38.85587640000017],[35.88797830000016,38.85544830000009],[35.88561830000009,38.85455530000007],[35.88080330000014,38.853406900000266],[35.87955440000019,38.85277750000006],[35.87705110000019,38.85188640000058],[35.875712800000144,38.851222800000016],[35.87525610000017,38.85110640000016],[35.87117560000007,38.85044560000006],[35.86844830000018,38.8524450000001],[35.86629280000017,38.85085470000013],[35.86680000000007,38.85023560000042],[35.86577310000018,38.849405300000285],[35.86556830000012,38.84913530000017],[35.862593900000036,38.84789110000008],[35.86246829391149,38.847825623553376],[35.86535000000015,38.84726000000006],[35.86602000000016,38.84733000000017],[35.86636000000004,38.847280000000296],[35.8690000000002,38.844960000000185],[35.87052000000017,38.844180000000335],[35.87780000000015,38.84553000000045],[35.878550000000246,38.84485000000035],[35.88662000000022,38.84145000000041],[35.88773000000003,38.84027000000009],[35.891540000000134,38.83761000000027],[35.90026000000006,38.83550000000048],[35.909220000000175,38.82853000000006],[35.91818000000006,38.82130000000012],[35.93008000000003,38.809680000000185],[35.93299000000013,38.80527000000035],[35.93842000000018,38.797350000000165],[35.93988000000019,38.795740000000535],[35.94301351153575,38.7945095479696],[35.942104700000016,38.79532360000019],[35.942141400000025,38.79545890000037],[35.94335060000009,38.7956511000001],[35.944713300000046,38.79537610000011],[35.94560140000016,38.79546060000018],[35.94663500000007,38.79528110000058],[35.94827280000004,38.795809200000576],[35.948196100000075,38.79595890000053],[35.9485861,38.79634250000015],[35.94949780000013,38.79691560000009],[35.950274700000136,38.79796080000011],[35.951331900000184,38.7997883000001],[35.95156140000017,38.79996810000006],[35.95169219999997,38.80066140000008],[35.95202060000014,38.80115000000052],[35.952403300000185,38.802194400000246],[35.95276060000009,38.8026533000002],[35.952803300000085,38.8033794000001],[35.95297360000012,38.80401360000013],[35.952779400000054,38.805470000000014],[35.95277219999997,38.80648610000043],[35.952842800000155,38.80682310000009],[35.95275890000016,38.80759000000046],[35.95200920000008,38.808840000000146],[35.95251250000018,38.80981860000014],[35.9526039000001,38.81080000000031],[35.952544699999976,38.81124860000011],[35.9526403000001,38.811540000000434],[35.953030300000194,38.81212440000047],[35.953291100000115,38.81328690000038],[35.953065300000105,38.81379250000015],[35.952695000000176,38.814245600000106],[35.95264359999999,38.81473970000013],[35.95288220000003,38.815170800000146],[35.95341280000008,38.81575390000057],[35.95376720000007,38.816325000000575],[35.95399640000005,38.81723060000019],[35.95398830000005,38.81763890000008],[35.954004699999984,38.81811330000039],[35.954218100000105,38.81885440000025],[35.95496610000015,38.818674700000656],[35.95499940000008,38.81903890000024],[35.95560389999997,38.81893780000007],[35.95584830000013,38.82000360000012],[35.95564030000014,38.82063890000046],[35.956053300000065,38.82113310000017],[35.955683900000054,38.82156830000008],[35.95561470000018,38.821793100000036],[35.95651390000012,38.82140720000007],[35.956968900000106,38.82249560000025],[35.95764560000015,38.82350690000044],[35.95817690000007,38.82373060000015],[35.95827310000004,38.82356170000003],[35.959064200000114,38.82376830000004],[35.95907390000002,38.82401610000011],[35.95921280000016,38.82413610000009],[35.95991360000005,38.82433610000015],[35.9619211000001,38.82583890000012],[35.9633417,38.8271028000006],[35.96425280000011,38.82750390000007],[35.9641567000001,38.82787920000004],[35.964218600000095,38.828449400000466],[35.96396810000016,38.83076830000016],[35.963794699999994,38.831706400000144],[35.961710800000105,38.83385690000006],[35.96164530000016,38.83426530000014],[35.96151470000018,38.83442810000025],[35.96140030000015,38.83452139999997],[35.960263900000086,38.83463920000031],[35.96020440000012,38.83508890000007],[35.960665600000084,38.83738610000057],[35.96027110000017,38.838883300000134],[35.96027690000011,38.839103900000055],[35.960851700000035,38.84064310000008],[35.961221700000124,38.84087750000026],[35.961923100000035,38.84071940000018],[35.96288140000013,38.84124890000044],[35.96454440000008,38.84367830000036],[35.9652617000001,38.84600890000013],[35.965461400000095,38.846227800000634],[35.965163300000086,38.84633580000019],[35.96540670000019,38.84666560000062],[35.96566420000016,38.84660690000038],[35.96668890000001,38.84807080000036],[35.96708690000008,38.8490239000007],[35.96861810000013,38.85100250000028],[35.97014610000008,38.85262690000002],[35.97045420000018,38.85352360000019],[35.97277890000015,38.85564530000005],[35.97299920000006,38.85830280000016],[35.97228170000005,38.86174720000008],[35.97009940000015,38.864245600000174],[35.96847720000005,38.86671639999997],[35.96913170000016,38.868482500000084],[35.969692800000075,38.87098390000011],[35.96995720000007,38.87133670000003],[35.97277610000009,38.87107080000055],[35.97382330000005,38.87229970000027],[35.97398250000009,38.8733519000001],[35.972779700000046,38.875306900000396],[35.96874580000002,38.87655360000019]]],"type":"Polygon"}},{"type":"Feature","properties":{"area_id":"TR-38-002-42145","name_tr":"Sağlık","area_level":"neighbourhood","parent_id":"TR-38-002","endeksa_id":42145},"geometry":{"coordinates":[[[35.9297375000001,38.907771100000105],[35.9291917000001,38.907915600000024],[35.92795060000009,38.90871530000061],[35.92650470000018,38.90924750000005],[35.92464030000008,38.90979080000005],[35.92097890000019,38.91065390000006],[35.91850080000012,38.90702420000031],[35.91508080000017,38.90250610000004],[35.914697200000035,38.90177080000012],[35.9097369000001,38.894495800000016],[35.90867280000003,38.892657799999995],[35.90687390000005,38.890917500000114],[35.90544360000018,38.889043100000094],[35.90233640000014,38.88646190000037],[35.899220600000035,38.88420309999998],[35.89630530000005,38.882259400000464],[35.8951550000001,38.88174110000057],[35.89470640000013,38.88141170000017],[35.8937011000001,38.88052970000052],[35.891735600000175,38.87857720000011],[35.88855419999999,38.87651560000006],[35.88754110000019,38.87545860000051],[35.886394200000154,38.87467780000003],[35.885104700000056,38.87402470000018],[35.882760300000086,38.87148530000002],[35.88229970000015,38.870831900000326],[35.88119220000016,38.86855580000065],[35.87954500000012,38.86552830000062],[35.87810000000013,38.86506780000053],[35.87756190000016,38.863888600000166],[35.876461400000096,38.86339750000053],[35.87599610000012,38.8630103000001],[35.87455310000007,38.862607800000205],[35.87418860000014,38.86338000000018],[35.87398310000003,38.86336360000007],[35.873319400000184,38.86268750000005],[35.872092200000054,38.861942200000044],[35.8718106,38.8619169000001],[35.870541900000035,38.8622125],[35.870521700000154,38.86272750000052],[35.87012499999997,38.862446900000066],[35.86973780000011,38.86230250000017],[35.86888640000018,38.861695600000076],[35.868895800000075,38.861900300000286],[35.868207800000164,38.86196000000007],[35.86790720000016,38.86217920000013],[35.86693830000013,38.86223890000008],[35.866702200000134,38.86206750000008],[35.86560190000006,38.86191140000017],[35.864748600000155,38.86200720000011],[35.86464970000014,38.86195860000049],[35.865576100000055,38.86163000000016],[35.86490560000016,38.86159310000045],[35.86419030000013,38.86072420000016],[35.86317360000004,38.86014420000015],[35.86217940000017,38.859980300000075],[35.861600800000076,38.860214700000085],[35.860929999999996,38.86021390000019],[35.86080720000018,38.860085800000434],[35.86044470000019,38.86001440000007],[35.86028970000012,38.860028100000136],[35.859793100000104,38.86040940000021],[35.858639700000026,38.86044640000006],[35.858618900000124,38.85936140000018],[35.85894560000014,38.85787890000012],[35.858691700000065,38.85766170000005],[35.85893170000003,38.85733580000027],[35.8589108000001,38.856817200000705],[35.85918029999999,38.856161100000065],[35.86138890000012,38.85601940000009],[35.862492799999984,38.85582860000011],[35.86342890000003,38.85555500000004],[35.86308250000013,38.855002800000136],[35.86243420000011,38.8552792000001],[35.86213280000004,38.85497470000013],[35.861893600000144,38.85457080000015],[35.86185810000006,38.854235300000596],[35.86198440000004,38.8539631000001],[35.86178610000013,38.8538375],[35.86098610000005,38.85399000000001],[35.86065190000011,38.85383610000025],[35.86001580000004,38.85289280000018],[35.85938920000007,38.85279500000007],[35.85913580000005,38.85249670000013],[35.858953100000065,38.852062500000045],[35.85890720000015,38.85154390000031],[35.85673830000013,38.851647800000194],[35.856419200000175,38.85125750000009],[35.855968100000155,38.85097750000034],[35.85633969999998,38.85048780000068],[35.857237199999986,38.84968280000015],[35.857924200000184,38.849092799999994],[35.85913140000008,38.84850580000011],[35.85946440000009,38.8480608000001],[35.85991170000011,38.84779670000006],[35.862593900000036,38.84789110000008],[35.86556830000012,38.84913530000017],[35.86577310000018,38.849405300000285],[35.86680000000007,38.85023560000042],[35.86629280000017,38.85085470000013],[35.86844830000018,38.8524450000001],[35.87117560000007,38.85044560000006],[35.87525610000017,38.85110640000016],[35.875712800000144,38.851222800000016],[35.87705110000019,38.85188640000058],[35.87955440000019,38.85277750000006],[35.88080330000014,38.853406900000266],[35.88561830000009,38.85455530000007],[35.88797830000016,38.85544830000009],[35.88982560000005,38.85587640000017],[35.891689400000075,38.856610300000284],[35.89440030000003,38.85727500000007],[35.89635080000011,38.85788720000005],[35.89753000000013,38.85844970000005],[35.90162940000005,38.859474200000136],[35.902884700000186,38.85971109999997],[35.90385580000009,38.85982250000018],[35.90518420000018,38.859532500000114],[35.90644690000005,38.859540600000116],[35.907932500000015,38.85935390000009],[35.90913970000008,38.85898390000057],[35.910983300000055,38.85877170000009],[35.91221580000007,38.85818780000005],[35.9132297000001,38.857897200000025],[35.91627580000005,38.85754140000023],[35.9174139000001,38.857620800000404],[35.917963100000065,38.85776140000013],[35.919599400000095,38.858408600000075],[35.92207560000014,38.85876669999999],[35.923690299999976,38.85924440000008],[35.92588610000013,38.8596642],[35.92730940000013,38.85974580000004],[35.92797830000006,38.859673300000054],[35.92866390000012,38.8598247000005],[35.930950800000176,38.859659200000124],[35.93155920000004,38.85970810000009],[35.93424530000004,38.86026470000013],[35.935423600000036,38.86095780000011],[35.93588530000005,38.86108330000019],[35.93623280000003,38.86109830000004],[35.93690029999999,38.86090390000027],[35.94099219999998,38.8602525],[35.9417181,38.85982670000067],[35.94224890000004,38.85988470000012],[35.94258810000008,38.860139700000275],[35.94285000000008,38.86021530000016],[35.94344110000014,38.86023080000035],[35.9450619000001,38.85969250000022],[35.945618100000104,38.85969780000016],[35.947864700000025,38.86050440000025],[35.94874000000016,38.86063439999998],[35.949649400000055,38.86102920000019],[35.95302810000004,38.86196080000013],[35.953603900000076,38.86233640000012],[35.95412220000014,38.86313060000015],[35.9547831000001,38.86343060000007],[35.95686890000019,38.864834400000404],[35.95911360000014,38.86663500000003],[35.959575300000154,38.86721420000049],[35.96134920000003,38.86848170000002],[35.96166250000016,38.86996420000014],[35.962018899999975,38.87085440000004],[35.961719400000106,38.87164860000007],[35.96104810000014,38.872259200000144],[35.96116810000012,38.872682200000156],[35.961398300000155,38.87307390000001],[35.962168900000165,38.873415600000044],[35.961572800000056,38.874037499999986],[35.961901100000034,38.874509699999976],[35.96130720000008,38.875245000000064],[35.96117190000007,38.875527200000136],[35.95956970000003,38.877997500000106],[35.95944500000019,38.878148300000305],[35.95908670000006,38.87816080000027],[35.958446400000184,38.87933860000038],[35.958563600000105,38.8795161000005],[35.959959400000116,38.87976560000004],[35.95961190000014,38.88022170000011],[35.95907640000007,38.88065140000015],[35.956413100000134,38.88207810000006],[35.955496700000026,38.88134970000016],[35.95129170000007,38.88506830000017],[35.95080690000009,38.88571610000048],[35.950543600000174,38.88582190000017],[35.950110300000176,38.885681400000124],[35.94980220000008,38.88582440000005],[35.94958220000018,38.88579000000004],[35.94865080000005,38.88523360000016],[35.94768670000002,38.886523899999986],[35.946462500000166,38.888718100000176],[35.945191900000054,38.89074110000058],[35.94227780000017,38.89345140000012],[35.93941390000015,38.89692970000033],[35.937365600000135,38.8988947000002],[35.935066700000164,38.90158810000014],[35.933031700000186,38.90460810000042],[35.93212110000019,38.90559919999998],[35.9297375000001,38.907771100000105]]],"type":"Polygon"}},{"type":"Feature","properties":{"area_id":"TR-38-002-42148","name_tr":"Gergeme","area_level":"neighbourhood","parent_id":"TR-38-002","endeksa_id":42148},"geometry":{"coordinates":[[[35.83504670000019,38.90944280000008],[35.834458900000016,38.90884780000056],[35.834179200000165,38.9088519],[35.83329360000005,38.90843000000012],[35.83303390000009,38.908752800000514],[35.83226170000012,38.90818189999999],[35.831756400000074,38.90803940000046],[35.83169690000011,38.90793719999999],[35.83176060000005,38.907497800000044],[35.83247360000007,38.90664580000026],[35.82957390000013,38.906283600000165],[35.830245600000126,38.9053317000006],[35.827290000000175,38.9047042000002],[35.82669060000012,38.90524030000017],[35.82597970000012,38.905206700000065],[35.8256722000001,38.905580600000235],[35.82529170000004,38.9055869000004],[35.82507470000019,38.90542860000045],[35.824958100000174,38.905711900000085],[35.824774200000036,38.905658100000096],[35.824455600000135,38.906799200000194],[35.82425030000019,38.90677330000051],[35.82311080000005,38.907963900000254],[35.823654700000134,38.90826220000042],[35.82344530000006,38.90869670000012],[35.82283970000003,38.909335],[35.82256390000009,38.91017140000065],[35.82006280000013,38.90978170000005],[35.819655599999976,38.91084810000018],[35.81982190000008,38.91093670000038],[35.81942720000012,38.91167530000001],[35.81723610000017,38.91112080000033],[35.81704810000008,38.911357800000076],[35.815676400000086,38.91094330000021],[35.815758100000096,38.910807200000136],[35.814800600000126,38.91065220000064],[35.81459140000004,38.91102830000017],[35.814373900000135,38.911081700000295],[35.8131808,38.911116900000366],[35.80980220000009,38.911753100000055],[35.8095019000001,38.912793900000565],[35.8085789000001,38.914175300000466],[35.808757200000116,38.914208299999984],[35.80853580000007,38.9157606],[35.80856110000008,38.91639310000011],[35.80877640000011,38.9171303],[35.8085506000001,38.917416100000025],[35.8057761,38.91791169999999],[35.804215800000065,38.91803720000007],[35.804072200000064,38.91799610000004],[35.80372030000012,38.91760080000006],[35.80343720000013,38.917518600000335],[35.803027800000166,38.91754190000012],[35.80241390000003,38.917927800000086],[35.80127720000013,38.918444400000055],[35.79971670000015,38.91895890000012],[35.79941140000011,38.91899920000009],[35.79890190000003,38.91890999999998],[35.79837860000009,38.91902470000025],[35.797468600000116,38.91876940000009],[35.79706470000008,38.91907000000009],[35.79657580000014,38.918698300000244],[35.796010000000024,38.9193767000001],[35.79500970000004,38.91816720000003],[35.79460280000012,38.91781250000014],[35.794676700000025,38.91773940000013],[35.793686100000116,38.917088600000284],[35.79343830000005,38.91729720000012],[35.792238300000065,38.91672250000005],[35.79247250000009,38.91638330000001],[35.79048470000009,38.91547940000004],[35.79019390000019,38.9158283000001],[35.78891500000009,38.91505890000002],[35.78905580000003,38.91464310000009],[35.79230390000015,38.90934640000006],[35.790655800000025,38.90882470000042],[35.78990720000013,38.90839219999998],[35.79028360000018,38.90803690000007],[35.78873330000016,38.9071108],[35.78939000000014,38.90646720000041],[35.78830610000017,38.90587140000014],[35.78786420000017,38.906290600000034],[35.78585170000008,38.907705600000554],[35.7856647000001,38.907190000000526],[35.785549200000105,38.90650440000013],[35.78650750000003,38.90384000000046],[35.78581809999997,38.90203940000015],[35.782571900000164,38.89732860000015],[35.77940530000018,38.89297920000013],[35.77881420000011,38.89195530000018],[35.77890920000016,38.89185780000025],[35.778448300000036,38.891128900000695],[35.778412500000115,38.89076220000004],[35.77862810000016,38.88988580000051],[35.778386100000034,38.88926080000067],[35.778530000000046,38.888784200000316],[35.77876170000019,38.88852110000022],[35.77911360000019,38.88838890000011],[35.77925470000014,38.88840610000011],[35.77920610000001,38.88868280000008],[35.779739400000096,38.88872500000002],[35.78010470000015,38.888172200000156],[35.779990300000065,38.88656390000028],[35.78017670000003,38.88603860000052],[35.78017,38.88548110000022],[35.77990940000012,38.884919700000125],[35.77896190000007,38.88380940000013],[35.77882780000016,38.88348250000041],[35.778900600000156,38.88246060000006],[35.77902030000013,38.88218830000062],[35.778996100000086,38.88200890000019],[35.778816100000085,38.88187720000013],[35.778555300000164,38.881441100000075],[35.778720300000145,38.88112720000004],[35.7788250000001,38.88036810000011],[35.77853890000006,38.880146700000125],[35.778617800000006,38.879797500000336],[35.77882750000015,38.87952220000011],[35.778853100000106,38.87921810000017],[35.77840060000017,38.87843530000009],[35.77813110000005,38.878127200000336],[35.77757920000005,38.87763920000009],[35.77698579999998,38.87729530000007],[35.777419400000156,38.87632860000019],[35.77824720000007,38.875038900000106],[35.779600800000026,38.873372200000006],[35.782437200000004,38.87209500000006],[35.78265470000008,38.871852800000056],[35.78220080000017,38.871525300000144],[35.78393390000008,38.86901000000057],[35.784546700000135,38.86836720000014],[35.78489310000003,38.86761170000034],[35.785560000000146,38.86668060000039],[35.786108300000194,38.865547500000105],[35.78647860000012,38.86511220000011],[35.7868297,38.864097200000515],[35.786872200000175,38.86363280000046],[35.78677890000006,38.86331860000007],[35.78402640000007,38.862890600000185],[35.783866699999976,38.86278140000036],[35.78377720000003,38.86256330000043],[35.783619200000146,38.8619992000003],[35.78364470000008,38.86140250000017],[35.783396700000026,38.861069700000485],[35.78418030000017,38.86076670000028],[35.78463780000004,38.86049420000012],[35.78494000000018,38.860362500000235],[35.785143100000084,38.860121400000025],[35.78530610000007,38.85970470000052],[35.78516360000003,38.85937080000025],[35.78531190000001,38.85898030000027],[35.78565810000009,38.85880830000025],[35.78585580000009,38.8590617000001],[35.78639610000005,38.85923220000018],[35.786586100000136,38.859603600000185],[35.78710060000003,38.85968500000013],[35.787120600000094,38.859216400000264],[35.78690500000005,38.85873310000005],[35.78735360000019,38.85874250000012],[35.787446900000134,38.858205000000055],[35.786969200000044,38.85816110000019],[35.78701720000009,38.858063300000424],[35.78725670000017,38.857931399999984],[35.7885586000001,38.85778440000007],[35.78878140000006,38.85711190000006],[35.78878310000016,38.856536900000606],[35.789276900000175,38.85618140000014],[35.78954890000011,38.85614750000036],[35.78986470000012,38.85628580000008],[35.790188600000135,38.85623470000047],[35.79077440000009,38.85585060000017],[35.791657800000166,38.85551580000032],[35.79234830000013,38.855778600000065],[35.79260670000019,38.855442800000674],[35.792233099999976,38.85495330000032],[35.79290920000017,38.85506940000033],[35.79377890000018,38.85571809999999],[35.79469390000003,38.854553600000145],[35.79520280000003,38.854117500000086],[35.79595310000013,38.85396940000027],[35.79695920000006,38.85322220000012],[35.7967450000001,38.8528264000002],[35.79680280000008,38.85262530000011],[35.7974253000001,38.8528694000002],[35.797785600000054,38.852872800000114],[35.79824060000004,38.852547200000004],[35.798395800000094,38.852182500000026],[35.79873170000019,38.85177470000008],[35.7996581000001,38.85180220000018],[35.80009170000005,38.851918100000034],[35.80032000000011,38.85177470000008],[35.801197800000125,38.85211559999999],[35.80203640000002,38.85206500000044],[35.803102200000126,38.85214170000006],[35.80456720000018,38.85154610000012],[35.80492860000004,38.85117860000014],[35.80526690000016,38.85119640000033],[35.80559670000008,38.85163420000032],[35.80592690000009,38.85185890000008],[35.80625220000013,38.85119810000015],[35.8056739000001,38.85024830000003],[35.80574110000015,38.84985170000027],[35.80611610000011,38.84984670000006],[35.807629200000065,38.850487500000156],[35.80777669999998,38.850338100000045],[35.80742280000004,38.849354200000676],[35.80751170000008,38.849124400000164],[35.80833110000003,38.84929250000005],[35.809088900000006,38.84913560000035],[35.809915800000056,38.849214700000175],[35.81099890000013,38.84983440000008],[35.81140080000017,38.84929470000037],[35.811577200000045,38.849384200000316],[35.811741900000186,38.849663300000316],[35.81286750000004,38.84946670000039],[35.81372470000008,38.849217800000076],[35.8146589000001,38.84915610000013],[35.81637170000005,38.84931420000021],[35.8167969000001,38.849826400000666],[35.817090800000074,38.84993610000015],[35.818565800000044,38.84900940000057],[35.818989400000135,38.84882940000006],[35.82055000000008,38.8484081000002],[35.821885600000144,38.84819810000005],[35.822718300000076,38.84815810000015],[35.82327390000006,38.84797810000015],[35.823519999999974,38.84729640000023],[35.823798300000135,38.84693500000003],[35.82440390000011,38.84683780000012],[35.825207200000136,38.8469444000001],[35.827097800000104,38.8475461000001],[35.828544400000055,38.84846440000024],[35.828578600000014,38.848931900000196],[35.82846830000017,38.84940610000035],[35.82804420000008,38.85014860000018],[35.8282069,38.85041530000018],[35.82850000000013,38.85048500000045],[35.829996400000084,38.85005830000017],[35.830080300000134,38.84990500000009],[35.82973580000004,38.84928280000008],[35.82981830000011,38.848992500000236],[35.82993420000014,38.848961900000006],[35.83233250000012,38.850078600000074],[35.8328992000001,38.850639200000046],[35.83502440000012,38.8509353000004],[35.835855600000116,38.85096310000006],[35.836107800000036,38.85071810000005],[35.83604079999998,38.850377500000434],[35.83553810000018,38.850335600000165],[35.83559080000009,38.85015940000051],[35.8361172000001,38.84990190000019],[35.83707830000003,38.849850600000536],[35.83725060000012,38.84999170000049],[35.837061700000106,38.85058440000017],[35.83718830000009,38.85102499999999],[35.838119199999994,38.85103780000003],[35.83833750000014,38.85078000000016],[35.83869560000011,38.85062530000033],[35.83906190000005,38.85061330000008],[35.83963640000013,38.85085220000013],[35.839441900000054,38.85131690000003],[35.839782500000126,38.85144000000059],[35.84007059999999,38.85139860000004],[35.840899200000024,38.85023720000004],[35.84057030000014,38.849591100000055],[35.840579400000024,38.84890420000039],[35.84094830000015,38.8484700000007],[35.84158830000018,38.848128300000496],[35.84311919999999,38.847921100000406],[35.84396580000009,38.84874420000011],[35.84391530000016,38.84960220000005],[35.844241900000156,38.849531400000046],[35.8447759065636,38.849131209644895],[35.84458860835463,38.84932039194831],[35.84466029284266,38.8495295975718],[35.84491828286207,38.84959568467116],[35.84517902677902,38.84946201104805],[35.84421580000014,38.85013310000011],[35.84410970000005,38.85035060000018],[35.844199400000036,38.85131810000013],[35.84406190000004,38.851345800000104],[35.84405640000011,38.85172750000004],[35.84452970000018,38.85245689999999],[35.8451836000001,38.85457080000015],[35.84519360000007,38.85470360000011],[35.84396720000018,38.8552717],[35.84339890000007,38.85562970000018],[35.84272080000011,38.856287200000054],[35.840720800000156,38.857329200000436],[35.83976640000009,38.85766220000028],[35.83677720000003,38.85841780000027],[35.83539030000003,38.858929400000136],[35.83443560000006,38.85938560000005],[35.8343514,38.86070440000009],[35.83440140000005,38.864055000000576],[35.83487530000019,38.8661556000003],[35.83518360000011,38.86666830000007],[35.83530860000019,38.867080300000055],[35.835484400000155,38.86983780000014],[35.83623890000007,38.8722092000001],[35.83570640000005,38.87371670000027],[35.83532470000006,38.87450250000063],[35.83492110000009,38.87510750000024],[35.834837800000116,38.87562560000015],[35.83572940000016,38.87672780000037],[35.83599720000012,38.876920300000165],[35.83598860000012,38.87809580000004],[35.83557140000005,38.879108599999995],[35.835648100000185,38.879575000000045],[35.836061900000175,38.8799403000001],[35.83629360000015,38.88077170000065],[35.836843100000124,38.88124690000018],[35.83688310000008,38.88215830000013],[35.83750860000015,38.882403600000316],[35.83823689999997,38.883219999999994],[35.838427200000126,38.88358720000019],[35.83882670000014,38.883791700000415],[35.83894750000019,38.88422670000017],[35.83918829999999,38.88447000000008],[35.839328300000034,38.88492030000003],[35.83988390000019,38.885288100000594],[35.84010830000011,38.88598140000005],[35.840558600000065,38.886824400000194],[35.84112390000013,38.887270600000136],[35.83883830000019,38.90422830000011],[35.8385497000001,38.90511140000012],[35.83765719999997,38.90672280000024],[35.83691420000014,38.90769280000006],[35.83504670000019,38.90944280000008]]],"type":"Polygon"}},{"type":"Feature","properties":{"area_id":"TR-38-002-180915","name_tr":"Kahveci","area_level":"neighbourhood","parent_id":"TR-38-002","endeksa_id":180915},"geometry":{"coordinates":[[[35.995569200000034,38.91508640000018],[35.993916100000035,38.91632690000017],[35.99338390000008,38.91626280000003],[35.99274250000013,38.91667140000004],[35.99243780000012,38.916308900000104],[35.992231700000104,38.9163200000001],[35.99169110000014,38.91654060000042],[35.99140080000012,38.91688810000039],[35.990467200000126,38.91730170000051],[35.988960000000134,38.92004810000037],[35.98896810000008,38.92037280000005],[35.98866640000017,38.92076470000018],[35.987788600000044,38.92066170000015],[35.98768390000009,38.92141140000001],[35.98638030000001,38.921344200000135],[35.98595080000018,38.92146440000067],[35.985790300000076,38.92142500000011],[35.985643900000014,38.92128560000009],[35.98565060000004,38.92098470000042],[35.985529200000144,38.920731900000135],[35.98551030000016,38.920843900000136],[35.98524530000009,38.92094440000028],[35.98526860000004,38.92105390000046],[35.985122800000056,38.921175300000016],[35.98517220000008,38.9213900000002],[35.98510890000017,38.921497800000054],[35.98483859999999,38.92163720000008],[35.984276900000054,38.921676900000136],[35.98363940000007,38.92147690000013],[35.983400800000084,38.921211700000185],[35.98258360000011,38.92105390000046],[35.982585000000086,38.9204228000001],[35.981147500000134,38.92040830000019],[35.98116309734149,38.920922319806095],[35.98106360784095,38.92078472429955],[35.98087359270363,38.92073210527411],[35.980679010321296,38.920794599605074],[35.98059130641934,38.920936094458284],[35.980788300000086,38.91983970000018],[35.98041250000006,38.91971500000017],[35.97994250000011,38.919384700000194],[35.979128100000025,38.92045780000052],[35.97889140000018,38.920283600000175],[35.97805440000019,38.920148300000164],[35.977781900000025,38.919971100000396],[35.97742720000019,38.91926000000018],[35.97700500000008,38.919032200000515],[35.976855300000125,38.91885060000004],[35.97656280000007,38.91844610000015],[35.97623140000019,38.9176928],[35.97583110000011,38.9171917000001],[35.97496940000019,38.91693890000033],[35.97332110000008,38.91574830000059],[35.97275690000009,38.91560970000012],[35.97222500000015,38.9152933000006],[35.97172920000014,38.91528610000017],[35.97119279999998,38.914926900000125],[35.970755300000064,38.91493280000026],[35.9702817000001,38.91477530000037],[35.969616900000176,38.91448830000007],[35.969482800000094,38.91427279999999],[35.96884330000012,38.91383780000007],[35.967161900000065,38.91364390000001],[35.96649220000012,38.91372920000015],[35.96583060000006,38.91373330000016],[35.96506190000008,38.91337690000012],[35.9646719000001,38.91343250000011],[35.96458060000003,38.91333140000063],[35.96505170000012,38.91170890000018],[35.96446610000015,38.911222800000246],[35.964488900000106,38.91072500000013],[35.964848100000154,38.91050030000014],[35.965829200000144,38.91032190000067],[35.96589610000018,38.91025750000017],[35.965594200000055,38.91022420000007],[35.966232800000114,38.90989640000009],[35.966878600000086,38.90924420000067],[35.96689640000017,38.909363100000064],[35.96738360000012,38.909067500000106],[35.967342500000086,38.90897530000012],[35.96754030000011,38.90873920000013],[35.96755940000014,38.90849500000013],[35.96784280000014,38.908192200000315],[35.96779280000004,38.90800690000026],[35.96752810000004,38.907758899999976],[35.967565600000114,38.90750970000033],[35.96763970000018,38.90740669999997],[35.96783030000017,38.90740920000019],[35.968097500000056,38.90800110000049],[35.96824970000006,38.908008300000006],[35.96831330000015,38.90792920000058],[35.96815170000008,38.907198900000196],[35.96856060000016,38.90663530000046],[35.96897110000003,38.9064383000005],[35.96884560000012,38.9063172000001],[35.96845750000017,38.906413900000075],[35.96851250000009,38.90630140000019],[35.96897470000016,38.9060942000001],[35.968997800000125,38.906013599999994],[35.96948780000014,38.906088300000135],[35.969602200000054,38.90591330000041],[35.969581700000106,38.90578190000019],[35.96889749999997,38.905823900000144],[35.96920060000019,38.90564330000012],[35.96925220000003,38.905439200000615],[35.96990470000003,38.90488830000015],[35.970045600000105,38.90463560000006],[35.97012060000009,38.904189400000234],[35.969100600000104,38.90371190000019],[35.968715299999985,38.90364000000011],[35.96870360000008,38.90293390000045],[35.96861670000004,38.90289750000028],[35.96754280000016,38.903067200000464],[35.96676310000015,38.9029908],[35.96672470000016,38.89806310000017],[35.96578690000018,38.89736640000058],[35.96576780000004,38.896506400000476],[35.965548900000044,38.896045600000036],[35.964276400000074,38.895796100000325],[35.96390390000016,38.89561809999998],[35.96388670000016,38.89552000000003],[35.96517420000009,38.893523600000094],[35.96549000000016,38.89371360000018],[35.9655456000001,38.89228920000005],[35.96543000000014,38.891956700000264],[35.96558330000005,38.89116920000015],[35.96508390000008,38.891106900000295],[35.965135800000155,38.89033190000015],[35.96505780000007,38.89009859999999],[35.965125000000114,38.88987690000016],[35.96518470000012,38.88975720000053],[35.965606700000194,38.88955610000005],[35.965771400000165,38.88841280000014],[35.967649400000084,38.88704220000005],[35.96786420000012,38.88638810000066],[35.968034400000136,38.88201170000008],[35.96831610000004,38.88151310000018],[35.968326700000034,38.88105500000029],[35.96856060000016,38.88011830000005],[35.96885640000016,38.87973310000018],[35.968690600000116,38.879255800000124],[35.96874580000002,38.87655360000019],[35.972779700000046,38.875306900000396],[35.97398250000009,38.8733519000001],[35.97382330000005,38.87229970000027],[35.97277610000009,38.87107080000055],[35.96995720000007,38.87133670000003],[35.969692800000075,38.87098390000011],[35.96913170000016,38.868482500000084],[35.96847720000005,38.86671639999997],[35.97009940000015,38.864245600000174],[35.97064286053751,38.86362342073687],[35.970659572882425,38.86378172975077],[35.97086070962439,38.863801833813],[35.97517220000009,38.861293100000125],[35.98251390000007,38.85761610000037],[35.992781400000126,38.853024400000095],[35.99842670000004,38.84975720000011],[36.00480470000019,38.85110970000062],[36.004943100000105,38.85102310000002],[36.005201400000146,38.850794700000165],[36.005781900000045,38.850691900000186],[36.007378100000096,38.85105640000012],[36.007633900000144,38.851282500000025],[36.00782360000005,38.85166030000016],[36.008443100000136,38.85226170000004],[36.00874140000013,38.852474700000585],[36.0092264000001,38.85263670000012],[36.00965080000003,38.85262640000019],[36.010411700000134,38.852271900000176],[36.010838300000046,38.852250800000036],[36.01113560000016,38.852685600000086],[36.01118920000016,38.85324580000008],[36.011696700000016,38.85402780000015],[36.01181780000013,38.854135799999995],[36.012635000000046,38.85431470000009],[36.012960000000135,38.85456310000018],[36.0153514000001,38.8549797],[36.01771720000011,38.85493190000068],[36.01878280000017,38.85522920000005],[36.01942890000015,38.855222200000185],[36.020537500000046,38.85538780000002],[36.02084890000003,38.85527110000032],[36.02134500000005,38.85589190000053],[36.02138830000007,38.8560586000001],[36.021285000000034,38.85667750000016],[36.02130170000004,38.857510000000104],[36.021434400000146,38.8577906000001],[36.02139470000009,38.85839890000011],[36.021979999999985,38.85938250000015],[36.022208300000045,38.86061940000053],[36.0206950000001,38.862018100000114],[36.02044580000006,38.862653100000045],[36.02016920000011,38.86290390000005],[36.018976399999985,38.86462920000048],[36.01903140000013,38.86491580000006],[36.018870000000106,38.865393900000186],[36.01561310000005,38.8725350000002],[36.01030610000009,38.87751830000008],[36.01012530000003,38.877573300000336],[36.010146700000064,38.87773280000039],[36.00997000000018,38.87786580000005],[36.009710300000165,38.87959250000006],[36.009908600000074,38.879659400000094],[36.00932190000003,38.880099200000075],[36.00876220000009,38.8803589000006],[36.00775310000006,38.88111250000043],[36.00762780000019,38.881293900000514],[36.00721640000006,38.88139720000004],[36.00762830000002,38.881645000000105],[36.00788110000019,38.88156860000015],[36.00818830000003,38.88169280000011],[36.00848080000003,38.881633600000555],[36.00854940000005,38.88171250000033],[36.008365300000094,38.881848100000184],[36.008199200000035,38.88214750000009],[36.00720780000006,38.882344200000375],[36.00717690000016,38.882503900000074],[36.008993900000064,38.882903900000144],[36.00869030000018,38.88292920000009],[36.008610800000156,38.88323140000006],[36.008488100000136,38.88331330000062],[36.00823920000016,38.884100800000056],[36.0082283000001,38.88488560000019],[36.00860030000018,38.88520470000009],[36.00928170000009,38.88611390000017],[36.0094347000001,38.88621250000034],[36.00937220000009,38.8864028000001],[36.00918690000003,38.886575300000516],[36.008425000000045,38.886992500000076],[36.007790300000124,38.8881056000003],[36.006953100000146,38.890252200000134],[36.006808600000056,38.89042190000009],[36.006831900000066,38.89089750000005],[36.007167800000104,38.8910547000001],[36.00711780000006,38.891165000000115],[36.00624690000012,38.890953900000056],[36.00601310000013,38.8913381000001],[36.005842800000096,38.89131640000022],[36.005712800000026,38.89147420000012],[36.005589400000076,38.89222440000003],[36.00608890000001,38.89289190000005],[36.00625750000012,38.89339189999998],[36.00564580000014,38.89396890000012],[36.005605600000024,38.89411610000059],[36.00567419999999,38.894208100000014],[36.00552750000014,38.8942150000006],[36.00507670000013,38.89484780000038],[36.00523110000012,38.895073900000114],[36.004967500000134,38.89582720000004],[36.005340300000114,38.8976644],[36.00558220000005,38.89957110000006],[36.00806060000008,38.89950080000011],[36.0090800000001,38.89998060000016],[36.008866900000044,38.90038750000008],[36.008094200000016,38.90109530000001],[36.007828600000096,38.901601100000164],[36.00767940000003,38.90211440000013],[36.007218300000034,38.902967500000386],[36.006120000000124,38.90355610000006],[36.00544310000009,38.90421470000001],[36.004461100000185,38.905980300000124],[36.004023100000154,38.90649890000054],[36.00400310000009,38.90675310000012],[36.00340920000019,38.907235300000366],[36.00293810000011,38.907442800000126],[36.00265330000019,38.907361700000024],[36.00223940000001,38.90786280000009],[36.00171640000008,38.90808670000047],[36.00126170000016,38.908459700000094],[36.00111170000014,38.90872610000008],[35.99891940000015,38.91005170000034],[35.99874220000004,38.91019720000065],[35.99853750000017,38.9108511000004],[35.99814640000011,38.9113344000001],[35.99780060000012,38.9119706000003],[35.99761860000012,38.91211610000062],[35.997409400000095,38.912770000000364],[35.99665890000017,38.913303100000064],[35.99565390000015,38.913473600000316],[35.99541140000014,38.913623900000175],[35.995569200000034,38.91508640000018]]],"type":"Polygon"}},{"type":"Feature","properties":{"area_id":"TR-38-002-42143","name_tr":"Fatih","area_level":"neighbourhood","parent_id":"TR-38-002","endeksa_id":42143},"geometry":{"coordinates":[[[35.90155470000008,38.92083440000005],[35.901293100000146,38.920638900000085],[35.90129420000005,38.92051690000011],[35.9006392,38.92019670000059],[35.899217500000134,38.919698100000005],[35.897759700000165,38.91943170000053],[35.89627310000009,38.91988190000012],[35.89607220000016,38.920079700000144],[35.896274200000164,38.92043360000014],[35.89540190000014,38.92067420000012],[35.895100600000035,38.92092170000018],[35.89520330000005,38.921008300000096],[35.89590080000016,38.92099670000016],[35.89610670000019,38.921225800000116],[35.89610640000012,38.921380600000134],[35.893610000000024,38.921335300000294],[35.893475300000034,38.92139080000027],[35.89341940000003,38.92161360000023],[35.893070800000146,38.92159470000007],[35.89301500000016,38.92183],[35.89134530000018,38.92274530000043],[35.89094530000017,38.922571100000084],[35.88951060000011,38.922619200000156],[35.889045000000124,38.92143640000012],[35.88918170000005,38.921130000000176],[35.888634700000125,38.92071580000004],[35.888777800000014,38.920599700000025],[35.888690000000054,38.92031560000015],[35.88832669999999,38.91982830000012],[35.88853440000014,38.91964170000017],[35.88981110000009,38.9178028000004],[35.88975060000007,38.91771220000004],[35.88761060000007,38.916371400000116],[35.88643530000019,38.915502200000105],[35.88567250000017,38.91611500000005],[35.88521250000008,38.91565560000038],[35.884864700000094,38.915151900000126],[35.88373810000013,38.91409670000036],[35.88198190000014,38.91315440000005],[35.88123890000014,38.91260060000002],[35.8799547000001,38.91197640000007],[35.879216100000065,38.912389400000166],[35.87811970000013,38.91326690000062],[35.87760780000008,38.91347560000048],[35.87707530000006,38.915083600000116],[35.87710420000013,38.915539200000694],[35.87699080000016,38.91580390000007],[35.877097200000094,38.91620860000012],[35.877055000000155,38.91654810000068],[35.87690360000005,38.91640360000008],[35.87662720000009,38.91579440000049],[35.87656330000016,38.91533890000011],[35.87591060000017,38.91352640000042],[35.875854400000094,38.91315940000061],[35.875697200000104,38.91287780000005],[35.87569310000009,38.912604200000146],[35.875360600000135,38.91228310000008],[35.873741700000096,38.91247640000023],[35.873016100000086,38.91246110000003],[35.87296329999998,38.91178750000006],[35.87313830000011,38.91163580000017],[35.87301810000008,38.91139390000001],[35.87303610000015,38.91095080000048],[35.87273220000009,38.911220300000025],[35.87266390000008,38.9110103000001],[35.87303470000006,38.91045060000016],[35.873163900000065,38.909820000000025],[35.871397200000104,38.91037220000021],[35.87132390000005,38.91023780000046],[35.87088330000006,38.91032080000008],[35.87140470000003,38.911571900000354],[35.871267800000055,38.911636900000076],[35.87011390000015,38.91187170000029],[35.86986970000004,38.911361100000136],[35.86765500000007,38.91199080000001],[35.86685110000019,38.91234330000009],[35.86786060000003,38.91352060000065],[35.86522970000016,38.9138339000001],[35.86413360000006,38.91451140000021],[35.86399140000003,38.914463900000044],[35.86339250000003,38.91285470000008],[35.862392500000055,38.91308140000001],[35.860733300000106,38.91294420000003],[35.85950690000004,38.912938300000064],[35.858233300000165,38.91311420000005],[35.85825080000001,38.91326779999997],[35.85735390000008,38.913716900000054],[35.857023900000115,38.91378190000006],[35.855131400000005,38.913886700000035],[35.85357280000005,38.91365250000001],[35.85340530000019,38.914103100000034],[35.852774400000044,38.91414890000004],[35.852239199999985,38.914078300000256],[35.8504403,38.913725800000066],[35.8501447000001,38.91330750000043],[35.84790420000013,38.912415000000124],[35.84648420000008,38.91163940000007],[35.8459797000001,38.911006700000485],[35.845616900000095,38.91091780000005],[35.84466470000018,38.910939700000085],[35.84392720000005,38.91083670000012],[35.84177690000013,38.910401400000126],[35.84128810000004,38.91084000000001],[35.841118600000016,38.91085140000007],[35.83970310000018,38.910482200000104],[35.839505600000166,38.911030600000686],[35.83895390000015,38.91155280000055],[35.83900720000014,38.911745800000176],[35.83887890000017,38.91184780000009],[35.838328300000114,38.9119608000002],[35.83775030000004,38.912360000000035],[35.83744500000017,38.912415300000134],[35.836502200000155,38.91164220000013],[35.83627029999997,38.91154190000003],[35.83622780000019,38.91063080000015],[35.836114200000054,38.91026500000004],[35.83504670000019,38.90944280000008],[35.83691420000014,38.90769280000006],[35.83765719999997,38.90672280000024],[35.8385497000001,38.90511140000012],[35.83883830000019,38.90422830000011],[35.84112390000013,38.887270600000136],[35.840558600000065,38.886824400000194],[35.84010830000011,38.88598140000005],[35.83988390000019,38.885288100000594],[35.839328300000034,38.88492030000003],[35.83918829999999,38.88447000000008],[35.83894750000019,38.88422670000017],[35.83882670000014,38.883791700000415],[35.838427200000126,38.88358720000019],[35.83823689999997,38.883219999999994],[35.83750860000015,38.882403600000316],[35.83688310000008,38.88215830000013],[35.836843100000124,38.88124690000018],[35.83629360000015,38.88077170000065],[35.836061900000175,38.8799403000001],[35.835648100000185,38.879575000000045],[35.83557140000005,38.879108599999995],[35.83598860000012,38.87809580000004],[35.83599720000012,38.876920300000165],[35.83572940000016,38.87672780000037],[35.834837800000116,38.87562560000015],[35.83492110000009,38.87510750000024],[35.83532470000006,38.87450250000063],[35.83570640000005,38.87371670000027],[35.83623890000007,38.8722092000001],[35.835484400000155,38.86983780000014],[35.83530860000019,38.867080300000055],[35.83518360000011,38.86666830000007],[35.83487530000019,38.8661556000003],[35.83440140000005,38.864055000000576],[35.8343514,38.86070440000009],[35.83443560000006,38.85938560000005],[35.83539030000003,38.858929400000136],[35.83677720000003,38.85841780000027],[35.83976640000009,38.85766220000028],[35.840720800000156,38.857329200000436],[35.84272080000011,38.856287200000054],[35.84339890000007,38.85562970000018],[35.84396720000018,38.8552717],[35.84519360000007,38.85470360000011],[35.8451836000001,38.85457080000015],[35.84658330000008,38.85448310000049],[35.84836940000008,38.85451000000023],[35.85918029999999,38.856161100000065],[35.8589108000001,38.856817200000705],[35.85893170000003,38.85733580000027],[35.858691700000065,38.85766170000005],[35.85894560000014,38.85787890000012],[35.858618900000124,38.85936140000018],[35.858639700000026,38.86044640000006],[35.859793100000104,38.86040940000021],[35.86028970000012,38.860028100000136],[35.86044470000019,38.86001440000007],[35.86080720000018,38.860085800000434],[35.860929999999996,38.86021390000019],[35.861600800000076,38.860214700000085],[35.86217940000017,38.859980300000075],[35.86317360000004,38.86014420000015],[35.86419030000013,38.86072420000016],[35.86490560000016,38.86159310000045],[35.865576100000055,38.86163000000016],[35.86464970000014,38.86195860000049],[35.864748600000155,38.86200720000011],[35.86560190000006,38.86191140000017],[35.866702200000134,38.86206750000008],[35.86693830000013,38.86223890000008],[35.86790720000016,38.86217920000013],[35.868207800000164,38.86196000000007],[35.868895800000075,38.861900300000286],[35.86888640000018,38.861695600000076],[35.86973780000011,38.86230250000017],[35.87012499999997,38.862446900000066],[35.870521700000154,38.86272750000052],[35.870541900000035,38.8622125],[35.8718106,38.8619169000001],[35.872092200000054,38.861942200000044],[35.873319400000184,38.86268750000005],[35.87398310000003,38.86336360000007],[35.87418860000014,38.86338000000018],[35.87455310000007,38.862607800000205],[35.87599610000012,38.8630103000001],[35.876461400000096,38.86339750000053],[35.87756190000016,38.863888600000166],[35.87810000000013,38.86506780000053],[35.87954500000012,38.86552830000062],[35.88119220000016,38.86855580000065],[35.88229970000015,38.870831900000326],[35.882760300000086,38.87148530000002],[35.885104700000056,38.87402470000018],[35.886394200000154,38.87467780000003],[35.88754110000019,38.87545860000051],[35.88855419999999,38.87651560000006],[35.891735600000175,38.87857720000011],[35.8937011000001,38.88052970000052],[35.89470640000013,38.88141170000017],[35.8951550000001,38.88174110000057],[35.89630530000005,38.882259400000464],[35.899220600000035,38.88420309999998],[35.90233640000014,38.88646190000037],[35.90544360000018,38.889043100000094],[35.90687390000005,38.890917500000114],[35.90867280000003,38.892657799999995],[35.9097369000001,38.894495800000016],[35.914697200000035,38.90177080000012],[35.91508080000017,38.90250610000004],[35.91850080000012,38.90702420000031],[35.92097890000019,38.91065390000006],[35.916455300000166,38.91177560000051],[35.91261030000004,38.912423600000125],[35.911865600000056,38.9132553],[35.91115080000003,38.91383580000007],[35.90995390000012,38.914406900000074],[35.90890500000006,38.91451170000005],[35.90852890000019,38.91483720000019],[35.90830720000014,38.91533580000021],[35.90764190000016,38.915553600000464],[35.907690800000125,38.91562750000003],[35.90571470000003,38.917103300000065],[35.90548390000015,38.91717500000033],[35.90531250000015,38.91735810000006],[35.90497720000013,38.91740390000007],[35.90443330000005,38.91787030000012],[35.904022200000156,38.91801420000013],[35.90315780000003,38.91916190000023],[35.90155470000008,38.92083440000005]]],"type":"Polygon"}},{"type":"Feature","properties":{"area_id":"TR-38-002-180923","name_tr":"Kösehacılı","area_level":"neighbourhood","parent_id":"TR-38-002","endeksa_id":180923},"geometry":{"coordinates":[[[35.96649220000012,38.91372920000015],[35.967321700000184,38.91479220000019],[35.96671220000019,38.914767200000085],[35.966168300000106,38.915060600000174],[35.965940600000124,38.915246400000115],[35.96586810000014,38.915423900000064],[35.966068900000096,38.91683580000017],[35.96642830000013,38.9176983000001],[35.967107800000065,38.91864970000012],[35.966419200000075,38.92220329999998],[35.966891100000055,38.92252750000017],[35.96702690000012,38.92312140000013],[35.96700060000006,38.9234689000001],[35.96673330000016,38.92387030000043],[35.96610080000005,38.92401940000019],[35.96619080000005,38.92416030000027],[35.964802200000065,38.92477250000047],[35.964315000000056,38.92462580000006],[35.96410920000011,38.924334400000134],[35.96376720000006,38.92425470000012],[35.962485600000036,38.925036700000305],[35.96225810000004,38.92534780000011],[35.96185750000012,38.925487800000326],[35.961561100000154,38.9257911000002],[35.961825799999986,38.92593670000019],[35.961588900000095,38.926060300000074],[35.96157720000002,38.92630720000011],[35.96185170000018,38.926453300000276],[35.961980600000004,38.92688220000059],[35.96179360000019,38.92686500000059],[35.96159860000006,38.92713530000003],[35.96176530000014,38.92713330000004],[35.9616714,38.92727080000009],[35.961744700000054,38.927347800000064],[35.96102580000007,38.92786170000028],[35.960676400000125,38.928014700000176],[35.96046860000013,38.928016100000264],[35.96065470000008,38.92849030000042],[35.95965080000019,38.92938030000016],[35.95841890000003,38.93023000000011],[35.95795580000009,38.93036530000012],[35.957116700000086,38.93038000000013],[35.95685860000009,38.93030690000012],[35.95615860000004,38.92980280000012],[35.955873300000064,38.92986170000006],[35.95570640000011,38.93086560000012],[35.955828100000076,38.93112060000027],[35.955749700000126,38.93157030000003],[35.95590860000016,38.93182780000052],[35.95588670000012,38.932005800000184],[35.955743300000165,38.93265170000012],[35.95555920000004,38.93276530000014],[35.95554140000013,38.933297800000105],[35.955371400000104,38.933504700000356],[35.95466860000005,38.93339470000012],[35.95306170000015,38.933803100000034],[35.952890600000046,38.93350030000016],[35.95287640000009,38.932942800000035],[35.95271920000005,38.93239580000011],[35.95286190000013,38.93210610000045],[35.95284940000016,38.93175440000016],[35.951856400000054,38.93110920000004],[35.951497800000084,38.93064000000015],[35.951220600000056,38.93043610000012],[35.95078720000009,38.93024140000017],[35.94972920000009,38.930026100000305],[35.9483778,38.92958860000016],[35.94797470000009,38.92902310000045],[35.94853500000005,38.92857970000017],[35.948733100000084,38.92798810000011],[35.94717720000017,38.92744080000011],[35.94619250000005,38.9268292000001],[35.947251700000095,38.92709360000032],[35.948379699999975,38.92695250000037],[35.94898920000014,38.92666330000009],[35.949569199999985,38.92626220000045],[35.948563600000114,38.92565170000006],[35.94753280000009,38.92469890000007],[35.94773940000016,38.9243603000001],[35.947377200000176,38.92421890000014],[35.94713440000015,38.924019200000316],[35.946646700000144,38.923354200000176],[35.94524220000011,38.92214060000049],[35.94691440000008,38.921015800000134],[35.943105,38.9179719],[35.94306420000004,38.91773390000003],[35.94221690000006,38.916736700000115],[35.94157610000019,38.915147800000284],[35.94159280000014,38.914896900000485],[35.94106610000006,38.914626700000156],[35.93940330000015,38.9146386000001],[35.938695000000166,38.915075600000705],[35.93753500000014,38.91439330000003],[35.93348780000008,38.91122690000009],[35.931894200000045,38.9077853000004],[35.9297375000001,38.907771100000105],[35.93212110000019,38.90559919999998],[35.933031700000186,38.90460810000042],[35.935066700000164,38.90158810000014],[35.937365600000135,38.8988947000002],[35.93941390000015,38.89692970000033],[35.94227780000017,38.89345140000012],[35.945191900000054,38.89074110000058],[35.946462500000166,38.888718100000176],[35.94768670000002,38.886523899999986],[35.94865080000005,38.88523360000016],[35.94958220000018,38.88579000000004],[35.94980220000008,38.88582440000005],[35.950110300000176,38.885681400000124],[35.950543600000174,38.88582190000017],[35.95080690000009,38.88571610000048],[35.95129170000007,38.88506830000017],[35.955496700000026,38.88134970000016],[35.956413100000134,38.88207810000006],[35.95907640000007,38.88065140000015],[35.95961190000014,38.88022170000011],[35.959959400000116,38.87976560000004],[35.958563600000105,38.8795161000005],[35.958446400000184,38.87933860000038],[35.95908670000006,38.87816080000027],[35.95944500000019,38.878148300000305],[35.95956970000003,38.877997500000106],[35.96117190000007,38.875527200000136],[35.96194470000006,38.87592330000024],[35.96241970000011,38.876465800000176],[35.9637269000001,38.87696530000011],[35.96663640000014,38.87698810000023],[35.96874580000002,38.87655360000019],[35.968690600000116,38.879255800000124],[35.96885640000016,38.87973310000018],[35.96856060000016,38.88011830000005],[35.968326700000034,38.88105500000029],[35.96831610000004,38.88151310000018],[35.968034400000136,38.88201170000008],[35.96786420000012,38.88638810000066],[35.967649400000084,38.88704220000005],[35.965771400000165,38.88841280000014],[35.965606700000194,38.88955610000005],[35.96518470000012,38.88975720000053],[35.965125000000114,38.88987690000016],[35.96505780000007,38.89009859999999],[35.965135800000155,38.89033190000015],[35.96508390000008,38.891106900000295],[35.96558330000005,38.89116920000015],[35.96543000000014,38.891956700000264],[35.9655456000001,38.89228920000005],[35.96549000000016,38.89371360000018],[35.96517420000009,38.893523600000094],[35.96388670000016,38.89552000000003],[35.96390390000016,38.89561809999998],[35.964276400000074,38.895796100000325],[35.965548900000044,38.896045600000036],[35.96576780000004,38.896506400000476],[35.96578690000018,38.89736640000058],[35.96672470000016,38.89806310000017],[35.96676310000015,38.9029908],[35.96754280000016,38.903067200000464],[35.96861670000004,38.90289750000028],[35.96870360000008,38.90293390000045],[35.968715299999985,38.90364000000011],[35.969100600000104,38.90371190000019],[35.97012060000009,38.904189400000234],[35.970045600000105,38.90463560000006],[35.96990470000003,38.90488830000015],[35.96925220000003,38.905439200000615],[35.96920060000019,38.90564330000012],[35.96889749999997,38.905823900000144],[35.969581700000106,38.90578190000019],[35.969602200000054,38.90591330000041],[35.96948780000014,38.906088300000135],[35.968997800000125,38.906013599999994],[35.96897470000016,38.9060942000001],[35.96851250000009,38.90630140000019],[35.96845750000017,38.906413900000075],[35.96884560000012,38.9063172000001],[35.96897110000003,38.9064383000005],[35.96856060000016,38.90663530000046],[35.96815170000008,38.907198900000196],[35.96831330000015,38.90792920000058],[35.96824970000006,38.908008300000006],[35.968097500000056,38.90800110000049],[35.96783030000017,38.90740920000019],[35.96763970000018,38.90740669999997],[35.967565600000114,38.90750970000033],[35.96752810000004,38.907758899999976],[35.96779280000004,38.90800690000026],[35.96784280000014,38.908192200000315],[35.96755940000014,38.90849500000013],[35.96754030000011,38.90873920000013],[35.967342500000086,38.90897530000012],[35.96738360000012,38.909067500000106],[35.96689640000017,38.909363100000064],[35.966878600000086,38.90924420000067],[35.966232800000114,38.90989640000009],[35.965594200000055,38.91022420000007],[35.96589610000018,38.91025750000017],[35.965829200000144,38.91032190000067],[35.964848100000154,38.91050030000014],[35.964488900000106,38.91072500000013],[35.96446610000015,38.911222800000246],[35.96505170000012,38.91170890000018],[35.96458060000003,38.91333140000063],[35.9646719000001,38.91343250000011],[35.96506190000008,38.91337690000012],[35.96583060000006,38.91373330000016],[35.96649220000012,38.91372920000015]]],"type":"Polygon"}},{"type":"Feature","properties":{"area_id":"TR-38-002-197755","name_tr":"Pirahmet","area_level":"neighbourhood","parent_id":"TR-38-002","endeksa_id":197755},"geometry":{"coordinates":[[[36.08428670000012,38.86332860000016],[36.0841961000001,38.86438110000006],[36.08307360000009,38.865176900000165],[36.08166280000012,38.865472800000134],[36.08119560000017,38.86576280000048],[36.080628600000125,38.86597280000012],[36.080312800000115,38.86592860000019],[36.07983580000007,38.86607720000006],[36.07963610000007,38.865921400000104],[36.07908560000004,38.865884700000265],[36.07880080000007,38.86613920000036],[36.078561100000115,38.86607080000039],[36.0785542000001,38.86622110000002],[36.07827670000006,38.86627859999999],[36.07808220000015,38.86643720000018],[36.07810060000003,38.86660250000068],[36.07662940000017,38.8678333000002],[36.07600889999998,38.86822470000061],[36.075763100000074,38.86846580000031],[36.075599400000044,38.86878360000031],[36.075115600000174,38.86904940000028],[36.075111700000036,38.869168300000524],[36.07492440000016,38.869171700000095],[36.0748617000001,38.86908310000058],[36.074510599999996,38.86931530000061],[36.074335000000076,38.869297200000176],[36.07444440000006,38.86945579999997],[36.07413250000019,38.869938300000285],[36.07385920000013,38.86992030000022],[36.07353940000013,38.8703053000001],[36.073438300000134,38.87071420000018],[36.07318860000004,38.87101360000008],[36.072049200000095,38.87187500000016],[36.07202610000013,38.87233920000034],[36.0717375000001,38.87260170000002],[36.07164419999998,38.87294970000005],[36.07161390000016,38.873890000000074],[36.07133330000005,38.87446420000015],[36.071419400000025,38.87472670000017],[36.07197470000017,38.875379399999986],[36.072100000000034,38.875654199999985],[36.071521900000164,38.87566080000005],[36.07112390000009,38.875984400000675],[36.07099110000013,38.87586860000033],[36.07071060000004,38.876576900000316],[36.07056970000008,38.87643670000011],[36.07076560000013,38.87696780000033],[36.07068780000009,38.877279199999975],[36.070766400000025,38.877700300000186],[36.07068360000011,38.88100330000009],[36.065418600000044,38.889114400000096],[36.06370280000016,38.8922472000005],[36.06278390000017,38.89561809999998],[36.06298140000018,38.89791360000038],[36.06325500000008,38.89815750000031],[36.06296610000015,38.89852420000045],[36.06284890000006,38.89849360000005],[36.062601100000165,38.89870810000002],[36.06270890000019,38.89901860000015],[36.06333440000009,38.89979970000047],[36.06283720000016,38.900211100000035],[36.0618417,38.89906810000019],[36.06155250000006,38.89904970000009],[36.061482500000125,38.89932470000025],[36.06174060000018,38.89951360000009],[36.06165470000019,38.89991670000006],[36.06145970000006,38.90022830000004],[36.06138170000014,38.90022220000026],[36.061397500000055,38.90038080000005],[36.06218719999998,38.901015599999994],[36.06235140000007,38.90129000000013],[36.06213310000015,38.90166860000056],[36.06168000000014,38.90195580000017],[36.060961100000156,38.90184640000035],[36.06083610000013,38.90174280000031],[36.06103890000003,38.90148610000006],[36.06065610000013,38.90162670000029],[36.06032000000005,38.901340000000005],[36.060054400000126,38.90149890000038],[36.05982000000006,38.90135860000049],[36.059812200000124,38.90149890000038],[36.059423600000116,38.90183170000006],[36.06004690000003,38.90181640000003],[36.0600864000001,38.902146100000095],[36.06021920000006,38.90216420000036],[36.0601178,38.90245720000007],[36.05993030000013,38.90254920000024],[36.06008690000016,38.902848100000085],[36.059727500000065,38.90284830000047],[36.06043080000018,38.9030800000001],[36.060235800000044,38.90353190000019],[36.058932200000186,38.90507109999999],[36.05765190000011,38.90623170000009],[36.05683140000008,38.90640920000004],[36.05656560000011,38.90618330000018],[36.05619830000006,38.906036900000686],[36.056112200000086,38.90582940000007],[36.05582310000011,38.90593940000008],[36.055135600000085,38.90592170000002],[36.05494779999998,38.9057689],[36.05514280000017,38.90529280000004],[36.055150600000104,38.905024200000014],[36.05462690000007,38.90498780000007],[36.05464250000017,38.90478610000008],[36.05441530000019,38.90425500000015],[36.053775000000144,38.90456670000003],[36.0530169000001,38.90459780000009],[36.050828600000045,38.90431360000002],[36.05082140000019,38.90464140000017],[36.049844699999994,38.90476389999998],[36.04914140000011,38.904581100000314],[36.0492900000001,38.90473970000011],[36.049197200000094,38.90595470000028],[36.04860310000015,38.90566190000021],[36.04836080000018,38.905643600000474],[36.04825170000004,38.90600390000009],[36.04797060000004,38.90644970000005],[36.04755640000002,38.90633390000039],[36.04697780000015,38.90581530000014],[36.04688420000019,38.90588860000014],[36.04700140000011,38.90605330000062],[36.04672810000005,38.90621830000009],[36.04657170000007,38.906151100000045],[36.04643140000002,38.90648080000011],[36.046658100000116,38.90673110000057],[36.046783300000186,38.907079200000055],[36.046721100000184,38.907335600000124],[36.046533600000146,38.90732330000003],[36.04640060000014,38.9072075000002],[36.045791099999974,38.90715280000029],[36.04564280000017,38.907220000000166],[36.045720800000026,38.907458100000326],[36.0459944000001,38.90754330000027],[36.04618970000013,38.907463900000096],[36.04650250000003,38.907512800000234],[36.04665890000001,38.907683600000155],[36.04601080000003,38.908351100000175],[36.045721700000115,38.90840440000011],[36.045571400000085,38.9085606000001],[36.045565600000145,38.90892330000008],[36.04569860000015,38.909149200000115],[36.04550610000001,38.909344400000066],[36.043948300000125,38.90952220000008],[36.0433000000001,38.909705800000495],[36.04300216196799,38.90958036391373],[36.04285440000018,38.90933940000019],[36.0429481000001,38.90922970000054],[36.04354190000004,38.90926000000002],[36.044213600000035,38.90886280000001],[36.04365890000014,38.90883250000036],[36.04323690000007,38.90896080000016],[36.042853900000125,38.90874110000061],[36.04326780000014,38.90826500000014],[36.04412720000016,38.90813029999998],[36.04483809999999,38.90753780000017],[36.044791100000054,38.90745829999997],[36.04453330000018,38.90754390000018],[36.04386890000012,38.90725110000011],[36.043313900000044,38.90686060000013],[36.04333720000017,38.90664690000017],[36.04370212497008,38.90621868761605],[36.043530764171635,38.906312508801534],[36.043318167831956,38.90628884379947],[36.04318564042427,38.906156818579575],[36.04320440814445,38.90599323133716],[36.042946700000186,38.906732500000146],[36.04276690000006,38.906702200000154],[36.04264580000017,38.906997200000205],[36.042829700000084,38.9074286],[36.042726400000106,38.90747690000046],[36.04253280000006,38.90721500000046],[36.042383900000175,38.90679390000008],[36.04139170000013,38.90680640000005],[36.04086810000018,38.906910300000106],[36.041024200000095,38.90660500000007],[36.04082890000012,38.90654420000038],[36.03865690000015,38.90716140000029],[36.03625250000016,38.91153969999999],[36.03100250000011,38.91461830000003],[36.02922220000005,38.918306400000176],[36.031385000000114,38.923453900000084],[36.027068299999996,38.926195000000575],[36.026619700000026,38.92723690000008],[36.02867780000014,38.92870720000025],[36.029163900000015,38.92918170000007],[36.02914140000013,38.92948420000005],[36.028549399999974,38.93042110000016],[36.02822310000016,38.9307417],[36.02788920000006,38.930878100000086],[36.02762360000014,38.93126360000019],[36.02733500000005,38.9313822000006],[36.02688000000006,38.932485600000234],[36.02642440000005,38.93299559999997],[36.02623000000011,38.93339830000008],[36.02479190000014,38.9330611000006],[36.024389700000086,38.93309080000006],[36.02375170000005,38.932913100000064],[36.02363030000015,38.93310280000014],[36.02369250000015,38.937455800000066],[36.02339640000014,38.93755080000011],[36.0224017000001,38.93718330000007],[36.0219383000001,38.93710640000029],[36.02089060000009,38.93802580000033],[36.02084030000003,38.93820110000013],[36.01982390000012,38.937992200000394],[36.01948390000007,38.938040000000115],[36.019181700000104,38.937907500000165],[36.01829860000004,38.937859700000445],[36.017755600000044,38.93760530000003],[36.0171936000001,38.93774170000063],[36.016414400000144,38.93760530000003],[36.0158239000001,38.937236700000085],[36.0158239000001,38.93710030000017],[36.01568690000016,38.936945300000104],[36.01505420000018,38.93680890000019],[36.01466690000012,38.936351700000046],[36.01421330000005,38.93622640000012],[36.01395830000013,38.93626330000052],[36.0137797000001,38.93600440000006],[36.013231100000155,38.93596440000016],[36.012324400000125,38.93557360000011],[36.01198920000007,38.9355589000005],[36.011771399999986,38.93532920000018],[36.01095720000012,38.93494750000036],[36.01089330000019,38.93437890000007],[36.01115310000017,38.93354530000016],[36.01113890000005,38.93320250000022],[36.010095000000035,38.93235420000019],[36.00927830000012,38.932228900000155],[36.00866440000016,38.93194500000027],[36.008551100000034,38.93207030000019],[36.0075753000001,38.93152170000042],[36.00750280000011,38.93144330000018],[36.0083112313705,38.93086531646145],[36.00832608455727,38.930759382400254],[36.00823462002762,38.93068015766539],[36.008065827528355,38.93069895426328],[36.00663860000003,38.93171280000024],[36.005901900000026,38.93056940000014],[36.00596810000019,38.93048080000062],[36.00575560000016,38.93014530000022],[36.00611890000005,38.92996440000053],[36.00648720000015,38.92950719999999],[36.00512830000014,38.92855670000023],[36.003854200000035,38.92798110000007],[36.00325830000014,38.927579700000024],[36.00249250000019,38.92649780000005],[36.0029742000001,38.92623220000013],[36.00263890000002,38.92583390000004],[36.00216670000003,38.925848600000336],[36.00092030000013,38.926272800000106],[36.000410300000055,38.926309700000104],[35.99999000000008,38.9262361000001],[35.999267799999984,38.92632440000011],[35.997801700000025,38.92690470000014],[35.998388300000045,38.92596500000019],[35.99901249999999,38.92554190000004],[35.9991553000001,38.924948900000174],[35.99952390000004,38.92433810000006],[35.99947640000005,38.923847500000136],[35.99897920000012,38.92183060000042],[35.997576400000014,38.91962689999997],[35.99644860000018,38.91868140000008],[35.995569200000034,38.91508640000018],[35.99541140000014,38.913623900000175],[35.99565390000015,38.913473600000316],[35.99665890000017,38.913303100000064],[35.997409400000095,38.912770000000364],[35.99761860000012,38.91211610000062],[35.99780060000012,38.9119706000003],[35.99814640000011,38.9113344000001],[35.99853750000017,38.9108511000004],[35.99874220000004,38.91019720000065],[35.99891940000015,38.91005170000034],[36.00111170000014,38.90872610000008],[36.00126170000016,38.908459700000094],[36.00171640000008,38.90808670000047],[36.00223940000001,38.90786280000009],[36.00265330000019,38.907361700000024],[36.00293810000011,38.907442800000126],[36.00340920000019,38.907235300000366],[36.00400310000009,38.90675310000012],[36.004023100000154,38.90649890000054],[36.004461100000185,38.905980300000124],[36.00544310000009,38.90421470000001],[36.006120000000124,38.90355610000006],[36.007218300000034,38.902967500000386],[36.00767940000003,38.90211440000013],[36.007828600000096,38.901601100000164],[36.008094200000016,38.90109530000001],[36.008866900000044,38.90038750000008],[36.0090800000001,38.89998060000016],[36.00806060000008,38.89950080000011],[36.00558220000005,38.89957110000006],[36.005340300000114,38.8976644],[36.004967500000134,38.89582720000004],[36.00523110000012,38.895073900000114],[36.00507670000013,38.89484780000038],[36.00552750000014,38.8942150000006],[36.00567419999999,38.894208100000014],[36.005605600000024,38.89411610000059],[36.00564580000014,38.89396890000012],[36.00625750000012,38.89339189999998],[36.00608890000001,38.89289190000005],[36.005589400000076,38.89222440000003],[36.005712800000026,38.89147420000012],[36.005842800000096,38.89131640000022],[36.00601310000013,38.8913381000001],[36.00624690000012,38.890953900000056],[36.00711780000006,38.891165000000115],[36.007167800000104,38.8910547000001],[36.006831900000066,38.89089750000005],[36.006808600000056,38.89042190000009],[36.006953100000146,38.890252200000134],[36.007790300000124,38.8881056000003],[36.008425000000045,38.886992500000076],[36.00918690000003,38.886575300000516],[36.00937220000009,38.8864028000001],[36.0094347000001,38.88621250000034],[36.00928170000009,38.88611390000017],[36.00860030000018,38.88520470000009],[36.0082283000001,38.88488560000019],[36.00823920000016,38.884100800000056],[36.008488100000136,38.88331330000062],[36.008610800000156,38.88323140000006],[36.00869030000018,38.88292920000009],[36.008993900000064,38.882903900000144],[36.00717690000016,38.882503900000074],[36.00720780000006,38.882344200000375],[36.008199200000035,38.88214750000009],[36.008365300000094,38.881848100000184],[36.00854940000005,38.88171250000033],[36.00848080000003,38.881633600000555],[36.00818830000003,38.88169280000011],[36.00788110000019,38.88156860000015],[36.00762830000002,38.881645000000105],[36.00721640000006,38.88139720000004],[36.00762780000019,38.881293900000514],[36.00775310000006,38.88111250000043],[36.00876220000009,38.8803589000006],[36.00932190000003,38.880099200000075],[36.009908600000074,38.879659400000094],[36.009710300000165,38.87959250000006],[36.00997000000018,38.87786580000005],[36.010146700000064,38.87773280000039],[36.01012530000003,38.877573300000336],[36.01030610000009,38.87751830000008],[36.01561310000005,38.8725350000002],[36.024402200000054,38.86549140000005],[36.02472670000009,38.865820800000165],[36.02504280000011,38.865923900000666],[36.025399200000095,38.86554360000014],[36.025796400000104,38.865391400000306],[36.02643670000015,38.86543560000041],[36.02744970000015,38.865340300000184],[36.02967030000019,38.86484560000008],[36.03424170000005,38.86478080000023],[36.03608939999998,38.86456500000014],[36.03660810000014,38.864133900000354],[36.0372564000001,38.863753300000155],[36.03869860000009,38.8632839],[36.041146400000116,38.863435300000106],[36.04181080000018,38.86292810000009],[36.04226470000009,38.862775800000065],[36.04433970000014,38.863345300000105],[36.044923600000175,38.86367470000005],[36.04542610000016,38.863649200000395],[36.04610720000005,38.86392780000017],[36.04639920000005,38.864333100000124],[36.04708000000005,38.8644594000001],[36.047867200000155,38.864253900000335],[36.04727030000015,38.86304830000006],[36.04786560000002,38.861783100000025],[36.04916720000011,38.859667800000125],[36.05044779999997,38.861370000000136],[36.05170580000015,38.860479400000315],[36.05380640000004,38.86098890000005],[36.06724170000007,38.861403600000074],[36.06786140000003,38.860585300000196],[36.070938100000035,38.861333300000126],[36.07080970000004,38.86247420000052],[36.072330800000145,38.86477190000005],[36.08428670000012,38.86332860000016]]],"type":"Polygon"}},{"type":"Feature","properties":{"area_id":"TR-38-002-180905","name_tr":"Burhaniye","area_level":"neighbourhood","parent_id":"TR-38-002","endeksa_id":180905},"geometry":{"coordinates":[[[35.79660170000017,38.93944970000001],[35.79486190000006,38.93968780000017],[35.79300280000007,38.93981750000006],[35.79002690000004,38.94043220000049],[35.78840560000003,38.94106390000053],[35.78763000000015,38.941259400000035],[35.78586330000019,38.94210750000019],[35.78343440000009,38.94305750000012],[35.78086109999998,38.94387940000007],[35.77950140000013,38.94414250000017],[35.77888060000009,38.944495800000084],[35.77819560000006,38.943894200000045],[35.77766860000003,38.943189399999994],[35.77747470000014,38.942716700000176],[35.77733830000005,38.94198330000006],[35.776071400000035,38.941462800000124],[35.775316100000055,38.94138190000001],[35.77434720000019,38.94142780000044],[35.774349400000176,38.94076220000011],[35.77373560000018,38.94082440000011],[35.77336360000015,38.93980579999999],[35.77325000000013,38.93976250000014],[35.772993100000065,38.93990030000003],[35.77307500000006,38.939662800000065],[35.77230310000016,38.93933670000007],[35.77199920000004,38.93930500000016],[35.77137560000017,38.93947440000011],[35.77098720000015,38.93921110000019],[35.77044890000019,38.93810000000008],[35.77023440000005,38.938000800000395],[35.76990640000008,38.938088100000186],[35.76935780000019,38.938546100000394],[35.76929500000011,38.93876439999997],[35.768698600000164,38.939088100000106],[35.76867580000004,38.939162500000236],[35.76887860000011,38.93922640000005],[35.76882390000003,38.93932940000019],[35.7684144000001,38.93968690000014],[35.76767220000016,38.94081080000001],[35.76718060000013,38.9407906000003],[35.76687940000011,38.940598600000044],[35.76486560000012,38.938191399999994],[35.76463060000003,38.937980600000174],[35.76433250000002,38.937892500000316],[35.76362890000007,38.9380469000003],[35.763232800000026,38.938308300000074],[35.762625300000025,38.9387483000001],[35.76180529999999,38.939619400000026],[35.7612931000001,38.93943639999998],[35.76121830000011,38.939598900000135],[35.75874360000017,38.93868810000009],[35.75792580000018,38.93984360000013],[35.75797810000006,38.939234699999986],[35.755921900000146,38.93919500000044],[35.75525750000003,38.93882690000004],[35.75488970000015,38.93968780000017],[35.75390030000017,38.9394522000004],[35.75390780000009,38.939119700000106],[35.75269220000007,38.938361900000075],[35.75222170000001,38.93863530000067],[35.75188190000017,38.93837000000002],[35.75122060000018,38.93804560000001],[35.75141310000009,38.9377647000004],[35.750018300000136,38.93764780000032],[35.75007470000003,38.937135000000524],[35.74879470000019,38.93682970000049],[35.74885030000013,38.93657000000013],[35.74867280000001,38.93652330000003],[35.74867780000011,38.93642000000034],[35.74886580000003,38.93605360000004],[35.748015300000134,38.935861400000306],[35.74837609999997,38.93528690000005],[35.74846690000004,38.93494250000015],[35.74890250000004,38.932147500000326],[35.74295720000015,38.931732800000475],[35.74288110000009,38.9308333000003],[35.74324560000002,38.92818580000045],[35.74347190000009,38.92755330000034],[35.74347110000002,38.92649440000048],[35.742705600000136,38.92317530000048],[35.74322440000009,38.92320530000012],[35.743532800000025,38.92304220000011],[35.743515000000116,38.92297940000026],[35.7442425000001,38.922429700000066],[35.74563610000013,38.92074970000016],[35.745883900000024,38.920856100000435],[35.74619000000013,38.920416100000125],[35.74567940000014,38.92011360000009],[35.74605080000015,38.91971360000008],[35.74650720000005,38.91998500000011],[35.74755310000012,38.91879190000003],[35.74824250000012,38.919143600000496],[35.74774140000005,38.9195850000001],[35.748341900000185,38.920000800000366],[35.74769330000015,38.9205950000005],[35.74821860000009,38.920871400000124],[35.74960170000014,38.921954400000175],[35.749413600000025,38.92217360000001],[35.75115830000016,38.923194400000284],[35.75120690000011,38.92326780000013],[35.750736900000106,38.92379970000013],[35.751634400000114,38.92423720000005],[35.752691400000174,38.92494360000006],[35.75345920000012,38.924281699999995],[35.75432310000019,38.92489280000012],[35.75557890000016,38.92391750000007],[35.75639970000003,38.92305080000011],[35.75720390000015,38.92406030000052],[35.75929670000011,38.92538330000002],[35.760274700000025,38.92459080000003],[35.76132080000008,38.925379400000054],[35.76292970000014,38.9240228000001],[35.7632567,38.924366900000166],[35.76604920000017,38.92266890000013],[35.76644390000013,38.92268360000014],[35.766519700000174,38.922844700000155],[35.76704970000014,38.92287329999999],[35.76711390000014,38.92308530000014],[35.76750830000009,38.923085800000536],[35.76770920000018,38.92288860000002],[35.76808360000007,38.92291470000009],[35.76878080000006,38.92251220000014],[35.77028500000017,38.92186500000042],[35.771199400000114,38.921662500000366],[35.77259559999999,38.921527200000185],[35.77335640000007,38.921123900000566],[35.77393920000014,38.921235600000216],[35.77485610000019,38.921789200000035],[35.775722500000086,38.920871700000305],[35.77600890000019,38.92031940000044],[35.775515000000155,38.92011140000028],[35.77518000000015,38.91990390000052],[35.77518860000015,38.91983970000018],[35.775878300000045,38.91874469999999],[35.77628030000005,38.91829110000015],[35.77669280000009,38.91819079999999],[35.777640300000144,38.91645829999999],[35.777940600000136,38.91654170000015],[35.778112800000144,38.916063099999974],[35.77861610000008,38.91515830000009],[35.780068900000174,38.915644200000145],[35.780735800000116,38.9151531],[35.7846469000001,38.9166692000004],[35.78481310000012,38.91630170000019],[35.785022200000014,38.91521640000013],[35.78536969999999,38.91526280000005],[35.786806100000035,38.91313720000005],[35.78679000000011,38.91287810000006],[35.78655030000016,38.91231640000012],[35.78607580000016,38.91147810000041],[35.785747500000184,38.91098530000016],[35.78530719999998,38.91059810000007],[35.7866461000001,38.90981860000005],[35.785882800000024,38.90907190000013],[35.78604920000009,38.9086214000003],[35.78585170000008,38.907705600000554],[35.78786420000017,38.906290600000034],[35.78830610000017,38.90587140000014],[35.78939000000014,38.90646720000041],[35.78873330000016,38.9071108],[35.79028360000018,38.90803690000007],[35.78990720000013,38.90839219999998],[35.790655800000025,38.90882470000042],[35.79230390000015,38.90934640000006],[35.78905580000003,38.91464310000009],[35.78891500000009,38.91505890000002],[35.79019390000019,38.9158283000001],[35.79048470000009,38.91547940000004],[35.79247250000009,38.91638330000001],[35.792238300000065,38.91672250000005],[35.79343830000005,38.91729720000012],[35.793686100000116,38.917088600000284],[35.794676700000025,38.91773940000013],[35.79460280000012,38.91781250000014],[35.79500970000004,38.91816720000003],[35.796010000000024,38.9193767000001],[35.79588360000008,38.91958810000017],[35.796436700000186,38.91997280000004],[35.79660030000019,38.92000250000018],[35.7961633000001,38.920813900000496],[35.801537800000176,38.92270780000052],[35.800704999999994,38.923832800000525],[35.80108580000007,38.92396140000051],[35.801047200000085,38.92404440000013],[35.80041670000014,38.924895600000355],[35.800315800000135,38.924846100000025],[35.79946189999998,38.926060300000074],[35.79968830000007,38.92618360000034],[35.79840750000017,38.92798390000007],[35.79708560000006,38.92912440000066],[35.797200800000155,38.929252500000246],[35.796204999999986,38.93054220000005],[35.796991100000014,38.93096690000016],[35.79675689999999,38.93140940000018],[35.79670420000008,38.93220170000001],[35.79660940000008,38.93230470000003],[35.79613690000008,38.93227920000021],[35.79538890000015,38.93391670000034],[35.79526110000006,38.934477200000174],[35.796118100000115,38.93447890000016],[35.79593610000012,38.93513280000042],[35.79596360000011,38.93556110000014],[35.79642360000014,38.93556190000004],[35.79671560000014,38.93699440000012],[35.79652279999999,38.938376900000094],[35.79672420000014,38.93840670000009],[35.79660170000017,38.93944970000001]]],"type":"Polygon"}},{"type":"Feature","properties":{"area_id":"TR-38-002-180925","name_tr":"Musaşeyh","area_level":"neighbourhood","parent_id":"TR-38-002","endeksa_id":180925},"geometry":{"coordinates":[[[35.94621190000004,38.94886690000027],[35.94568890000011,38.94879670000017],[35.944489200000135,38.94826890000053],[35.94144360000007,38.94617640000041],[35.94079000000016,38.9468078000001],[35.93840360000007,38.945404400000484],[35.93799580000007,38.94593670000012],[35.93654750000013,38.94528170000012],[35.935962800000084,38.9454856000001],[35.93520530000012,38.944998600000304],[35.93443860000008,38.944336700000065],[35.93054580000006,38.9444158000004],[35.925426700000116,38.9443253],[35.922028599999976,38.946517800000095],[35.92010060000018,38.94661500000046],[35.919964700000094,38.94686360000043],[35.920015000000035,38.94701030000016],[35.92026250000009,38.94715560000043],[35.920514700000126,38.94756750000005],[35.917357200000026,38.94920170000012],[35.91266530000013,38.94742920000033],[35.912338100000056,38.94764360000016],[35.911997800000165,38.94717609999998],[35.905988100000116,38.94493810000063],[35.90609690000002,38.94108080000018],[35.90563080000004,38.94118639999999],[35.904041700000164,38.94125000000065],[35.90377999999998,38.94178610000006],[35.9033644000001,38.94172640000028],[35.90298440000009,38.9419278000006],[35.902505800000085,38.94189110000008],[35.902343600000165,38.94197250000002],[35.90197360000013,38.941907500000184],[35.902033900000106,38.94143640000044],[35.90187640000005,38.941296700000066],[35.90177360000007,38.94133419999997],[35.901712200000134,38.941157800000155],[35.90129810000019,38.94074110000014],[35.901185000000055,38.940121900000065],[35.90071970000008,38.93939670000043],[35.901551900000015,38.93899640000035],[35.90146670000007,38.93878110000014],[35.901868100000115,38.938663599999984],[35.901741700000116,38.938348099999985],[35.901687200000026,38.937390300000175],[35.90144060000006,38.93698190000015],[35.9013508000001,38.93659220000001],[35.90162860000015,38.936306400000035],[35.901645300000155,38.93615940000012],[35.90085310000012,38.93444530000005],[35.90083360000011,38.93421030000047],[35.90106920000005,38.93381080000046],[35.90096360000001,38.933282500000075],[35.90057920000004,38.92789970000058],[35.901104200000134,38.92803110000011],[35.901705000000106,38.927648900000065],[35.90264000000019,38.92851360000003],[35.90299390000018,38.92870720000025],[35.90366310000013,38.92847670000003],[35.903764200000126,38.92859580000027],[35.90382390000008,38.92891610000015],[35.904503900000066,38.92907310000032],[35.90473864437223,38.929381362645415],[35.904856523324895,38.929143895287666],[35.90518719025465,38.92914666962537],[35.90469530000007,38.92887140000033],[35.90413890000002,38.928090800000405],[35.903276700000106,38.92735530000016],[35.90343220000017,38.92710940000006],[35.90340390000017,38.926510800000415],[35.90432030000011,38.9265231],[35.90373530000005,38.92526140000007],[35.90326030000017,38.92527250000012],[35.90284440000005,38.92450330000008],[35.903140800000074,38.92401110000003],[35.903475600000036,38.923844700000075],[35.9027883,38.92282560000018],[35.902730800000086,38.922496100000046],[35.9025228000001,38.92219669999997],[35.9025036000001,38.92194670000043],[35.90270780000009,38.9215794000001],[35.90155470000008,38.92083440000005],[35.90315780000003,38.91916190000023],[35.904022200000156,38.91801420000013],[35.90443330000005,38.91787030000012],[35.90497720000013,38.91740390000007],[35.90531250000015,38.91735810000006],[35.90548390000015,38.91717500000033],[35.90571470000003,38.917103300000065],[35.907690800000125,38.91562750000003],[35.90764190000016,38.915553600000464],[35.90830720000014,38.91533580000021],[35.90852890000019,38.91483720000019],[35.90890500000006,38.91451170000005],[35.90995390000012,38.914406900000074],[35.91115080000003,38.91383580000007],[35.911865600000056,38.9132553],[35.91261030000004,38.912423600000125],[35.916455300000166,38.91177560000051],[35.92097890000019,38.91065390000006],[35.92464030000008,38.90979080000005],[35.92650470000018,38.90924750000005],[35.92795060000009,38.90871530000061],[35.9291917000001,38.907915600000024],[35.9297375000001,38.907771100000105],[35.931894200000045,38.9077853000004],[35.93348780000008,38.91122690000009],[35.93753500000014,38.91439330000003],[35.938695000000166,38.915075600000705],[35.93940330000015,38.9146386000001],[35.94106610000006,38.914626700000156],[35.94159280000014,38.914896900000485],[35.94157610000019,38.915147800000284],[35.94221690000006,38.916736700000115],[35.94306420000004,38.91773390000003],[35.943105,38.9179719],[35.94691440000008,38.921015800000134],[35.94524220000011,38.92214060000049],[35.946646700000144,38.923354200000176],[35.94713440000015,38.924019200000316],[35.947377200000176,38.92421890000014],[35.94773940000016,38.9243603000001],[35.94753280000009,38.92469890000007],[35.948563600000114,38.92565170000006],[35.949569199999985,38.92626220000045],[35.94898920000014,38.92666330000009],[35.948379699999975,38.92695250000037],[35.947251700000095,38.92709360000032],[35.94619250000005,38.9268292000001],[35.94717720000017,38.92744080000011],[35.948733100000084,38.92798810000011],[35.94853500000005,38.92857970000017],[35.94797470000009,38.92902310000045],[35.9483778,38.92958860000016],[35.94856860000016,38.932440600000064],[35.94878580000005,38.93261920000009],[35.949171100000115,38.93334610000005],[35.94917750000013,38.93354440000007],[35.94937330000016,38.93389250000047],[35.94939250000016,38.93451809999999],[35.94952189999998,38.93479170000012],[35.949110800000085,38.93513330000013],[35.94888890000004,38.93553559999998],[35.948563900000124,38.93575500000003],[35.947922200000164,38.93568670000042],[35.94707860000017,38.93620060000012],[35.94721610000016,38.936428100000114],[35.94786940000006,38.936938300000236],[35.9482819000001,38.93705970000019],[35.948641400000156,38.937276400000144],[35.948921700000085,38.93757830000061],[35.949560599999984,38.9376183],[35.94990640000003,38.937571400000024],[35.950140600000054,38.93744060000023],[35.95012720000017,38.93801079999997],[35.94970170000016,38.93841140000012],[35.949373100000116,38.93850530000003],[35.94907920000014,38.93834860000004],[35.94884110000015,38.93801470000011],[35.948320000000024,38.93782110000012],[35.947111900000095,38.9377236000002],[35.94700830000005,38.93788190000015],[35.94729750000016,38.93805420000001],[35.946634200000176,38.93870330000061],[35.947113100000024,38.93903440000065],[35.94703390000001,38.93911500000007],[35.94682390000008,38.939105600000175],[35.94635280000017,38.938997200000415],[35.94629920000017,38.93915750000053],[35.94728280000004,38.93919169999998],[35.94760750000006,38.9392850000001],[35.94694220000008,38.93976690000051],[35.94715780000013,38.93992220000007],[35.94649249999998,38.94034330000005],[35.946578100000124,38.94079500000066],[35.947922800000015,38.94121140000016],[35.9495017000001,38.94196830000004],[35.94990640000003,38.94259390000013],[35.950521900000126,38.94286560000006],[35.95062920000015,38.94299500000011],[35.95065580000005,38.943367500000704],[35.95116110000009,38.94374310000052],[35.95116890000003,38.94412030000046],[35.95158241139171,38.94468607457219],[35.95124525968748,38.94460101949687],[35.95109741508247,38.944695836393976],[35.95105664931663,38.94483257436724],[35.95070420000013,38.94389780000017],[35.95025390000018,38.94340829999999],[35.95021080000015,38.94326110000043],[35.949222500000076,38.94387780000011],[35.94860780000005,38.94441280000018],[35.949135600000034,38.94475060000002],[35.94834440000011,38.945871100000375],[35.94806640000019,38.94620359999999],[35.94764970000017,38.94601810000046],[35.94662720000014,38.94706140000045],[35.94686940000008,38.94743810000017],[35.94656670000012,38.947631100000194],[35.946666900000025,38.948005000000364],[35.94621190000004,38.94886690000027]]],"type":"Polygon"}},{"type":"Feature","properties":{"area_id":"TR-38-002-180921","name_tr":"Kardeşler","area_level":"neighbourhood","parent_id":"TR-38-002","endeksa_id":180921},"geometry":{"coordinates":[[[35.79660170000017,38.93944970000001],[35.79754029999998,38.93941170000011],[35.797600800000055,38.939713900000015],[35.79985530000005,38.93954970000016],[35.79985440000013,38.94068470000042],[35.79971470000015,38.94065330000012],[35.79916360000004,38.941810800000155],[35.798658100000125,38.94249359999998],[35.79936860000009,38.94281640000008],[35.79900280000004,38.94352470000007],[35.79916250000008,38.9436031000003],[35.79902970000012,38.94387750000027],[35.79903720000004,38.94409610000059],[35.798591700000145,38.94467920000017],[35.79883110000003,38.94485140000006],[35.79703220000005,38.94617830000021],[35.79719580000011,38.946322200000395],[35.796819200000186,38.94656500000008],[35.797089700000186,38.947090000000685],[35.796985300000074,38.9471681000004],[35.79740750000019,38.947736900000564],[35.797507800000176,38.94770580000011],[35.7976908,38.947956100000226],[35.797462800000176,38.94802420000053],[35.79854310000019,38.94915640000005],[35.79924360000007,38.95042330000007],[35.799641900000154,38.950825600000144],[35.799503900000104,38.95160580000004],[35.79892690000014,38.95197970000061],[35.798790300000064,38.952272800000344],[35.79757220000016,38.95310140000015],[35.79682610000003,38.953930600000376],[35.79616750000008,38.95489720000006],[35.79625470000019,38.95497690000008],[35.7955664000001,38.955401900000254],[35.795019400000115,38.956437800000344],[35.794676100000174,38.95624970000006],[35.79368530000005,38.957171700000174],[35.79420080000011,38.957485300000144],[35.79337110000017,38.959488300000146],[35.79357360000006,38.95964529999998],[35.793920800000194,38.96023860000008],[35.79418110000006,38.961475600000085],[35.79409940000005,38.9620872000001],[35.79413580000005,38.9632864000007],[35.79451610000007,38.96455470000012],[35.795750800000064,38.96712810000008],[35.791315300000065,38.970653600000105],[35.791110300000184,38.970202800000266],[35.79039280000012,38.96981280000068],[35.790053900000146,38.96938530000011],[35.7890539,38.96869110000006],[35.788326700000084,38.96843170000045],[35.78531920000012,38.96501940000002],[35.78329420000006,38.96535890000007],[35.78206860000006,38.966407500000116],[35.77989110000004,38.96651390000022],[35.778988100000106,38.96643250000005],[35.778852800000095,38.96615860000031],[35.778373300000055,38.966408100000194],[35.77801750000009,38.96629920000004],[35.776829700000064,38.964991900000086],[35.776474700000165,38.965197500000045],[35.77306670000007,38.96600890000036],[35.77273190000011,38.96539170000045],[35.77095780000002,38.96414860000027],[35.77055330000013,38.96397690000009],[35.76573189999999,38.96611110000015],[35.76569190000009,38.96592420000013],[35.76537560000003,38.96576920000007],[35.765258600000095,38.96520310000011],[35.76496250000014,38.964870600000324],[35.76486220000015,38.964617499999974],[35.76466810000011,38.96441000000004],[35.7644322000001,38.964325300000326],[35.7643872000001,38.96393250000051],[35.76405920000019,38.963735299999996],[35.76274640000008,38.96325560000014],[35.762757500000134,38.963019200000076],[35.762594400000125,38.96261390000012],[35.76141330000007,38.96172920000009],[35.76154969999999,38.96140170000018],[35.761626400000125,38.961401900000055],[35.762261400000114,38.96050810000014],[35.76169810000005,38.96027440000017],[35.762074200000086,38.95980639999999],[35.762988900000096,38.960255800000084],[35.763133900000184,38.96008330000035],[35.76322940000006,38.95988970000013],[35.76290060000002,38.95969889999998],[35.763126900000145,38.95946670000012],[35.76328220000016,38.95909560000018],[35.76297940000018,38.95901890000039],[35.7631975000001,38.95858249999998],[35.761981700000035,38.95850750000017],[35.76108890000006,38.958345300000076],[35.75911920000016,38.9577481000004],[35.75636560000004,38.95672810000002],[35.755236900000114,38.95643310000031],[35.75387190000015,38.95626970000029],[35.75264360000011,38.95496970000005],[35.75261610000018,38.954771900000026],[35.75221780000004,38.95412140000053],[35.750624200000175,38.952130800000134],[35.75123780000018,38.95140940000067],[35.75184360000003,38.95031030000018],[35.75294750000006,38.94966390000013],[35.753410600000166,38.949229700000444],[35.75429220000012,38.94816810000003],[35.75473190000008,38.9479889000001],[35.754833900000165,38.947800000000086],[35.75545440000019,38.94740140000016],[35.755438900000115,38.94701890000016],[35.755535000000066,38.94683890000016],[35.75587940000014,38.94654080000004],[35.75638690000005,38.945858300000054],[35.75646080000013,38.94558420000044],[35.75677640000015,38.945335600000476],[35.7572267000001,38.94431810000049],[35.75713170000006,38.942801100000054],[35.75748640000006,38.94122420000065],[35.75792580000018,38.93984360000013],[35.75874360000017,38.93868810000009],[35.76121830000011,38.939598900000135],[35.7612931000001,38.93943639999998],[35.76180529999999,38.939619400000026],[35.762625300000025,38.9387483000001],[35.763232800000026,38.938308300000074],[35.76362890000007,38.9380469000003],[35.76433250000002,38.937892500000316],[35.76463060000003,38.937980600000174],[35.76486560000012,38.938191399999994],[35.76687940000011,38.940598600000044],[35.76718060000013,38.9407906000003],[35.76767220000016,38.94081080000001],[35.7684144000001,38.93968690000014],[35.76882390000003,38.93932940000019],[35.76887860000011,38.93922640000005],[35.76867580000004,38.939162500000236],[35.768698600000164,38.939088100000106],[35.76929500000011,38.93876439999997],[35.76935780000019,38.938546100000394],[35.76990640000008,38.938088100000186],[35.77023440000005,38.938000800000395],[35.77044890000019,38.93810000000008],[35.77098720000015,38.93921110000019],[35.77137560000017,38.93947440000011],[35.77199920000004,38.93930500000016],[35.77230310000016,38.93933670000007],[35.77307500000006,38.939662800000065],[35.772993100000065,38.93990030000003],[35.77325000000013,38.93976250000014],[35.77336360000015,38.93980579999999],[35.77373560000018,38.94082440000011],[35.774349400000176,38.94076220000011],[35.77434720000019,38.94142780000044],[35.775316100000055,38.94138190000001],[35.776071400000035,38.941462800000124],[35.77733830000005,38.94198330000006],[35.77747470000014,38.942716700000176],[35.77766860000003,38.943189399999994],[35.77819560000006,38.943894200000045],[35.77888060000009,38.944495800000084],[35.77950140000013,38.94414250000017],[35.78086109999998,38.94387940000007],[35.78343440000009,38.94305750000012],[35.78586330000019,38.94210750000019],[35.78763000000015,38.941259400000035],[35.78840560000003,38.94106390000053],[35.79002690000004,38.94043220000049],[35.79300280000007,38.93981750000006],[35.79486190000006,38.93968780000017],[35.79660170000017,38.93944970000001]]],"type":"Polygon"}},{"type":"Feature","properties":{"area_id":"TR-38-002-180913","name_tr":"İğdecik","area_level":"neighbourhood","parent_id":"TR-38-002","endeksa_id":180913},"geometry":{"coordinates":[[[36.00488390000015,38.96475580000009],[36.00429140000017,38.96457110000006],[36.00349970000019,38.964746100000184],[36.00287920000005,38.964688600000045],[36.00255560000005,38.96453670000005],[36.001993600000105,38.964587800000004],[36.001409700000124,38.96443250000016],[36.000976700000024,38.964526400000125],[36.00077920000018,38.96474330000012],[36.000873900000045,38.965008300000704],[36.00127250000014,38.96519640000014],[36.001130600000124,38.96531329999999],[36.00078190000005,38.96515810000017],[35.999926100000096,38.96418890000041],[35.99721610000006,38.96436610000018],[35.99699080000005,38.96462140000017],[35.99692580000004,38.96505750000051],[35.99682080000002,38.9651664000001],[35.99582610000016,38.96491110000011],[35.99499720000017,38.96693530000027],[35.99112420000017,38.96633440000011],[35.98681500000009,38.96849530000003],[35.98596940000016,38.96856940000015],[35.98522420000012,38.96892830000019],[35.984859700000186,38.96920060000048],[35.98484360000009,38.96932830000003],[35.98408940000019,38.969772500000545],[35.98420420000008,38.96996360000037],[35.984119700000065,38.97005830000006],[35.98336920000014,38.970437800000525],[35.977781900000025,38.968216400000074],[35.97088310000015,38.97166110000012],[35.96959390000006,38.96678110000016],[35.96843940000008,38.96405360000023],[35.96829530000008,38.963946400000054],[35.96835080000005,38.963611900000274],[35.96877030000013,38.96330560000018],[35.96814140000015,38.962676400000134],[35.96781220000008,38.962506900000506],[35.96771690000003,38.962350800000024],[35.96782810000013,38.961963100000276],[35.96777500000019,38.96179500000022],[35.966737200000125,38.9607175000001],[35.9660803000001,38.961246400000164],[35.96556140000018,38.961962200000016],[35.96623220000009,38.96245860000005],[35.9661703000001,38.96257190000006],[35.96629000000007,38.96305360000008],[35.96609220000005,38.96316580000013],[35.96529060000017,38.96304220000002],[35.96416920000007,38.96249640000019],[35.96348250000011,38.962300300000095],[35.96274610000012,38.962595600000384],[35.96217110000015,38.96255390000016],[35.96163000000013,38.96320280000003],[35.96132310000013,38.96385140000001],[35.96119670000019,38.96379890000014],[35.960387500000024,38.96319810000017],[35.95848640000008,38.960494200000085],[35.95747060000008,38.95936110000014],[35.955660600000044,38.95982170000019],[35.955373900000154,38.959961700000235],[35.95529890000017,38.959636100000296],[35.95484440000001,38.959362200000044],[35.955079200000114,38.95919500000002],[35.954332200000124,38.95876530000004],[35.954480300000114,38.95847830000042],[35.954326700000024,38.95837420000015],[35.95457310000012,38.95808280000006],[35.95447750000005,38.957990000000166],[35.954729700000144,38.95775940000027],[35.95456470000016,38.95760560000019],[35.95478190000017,38.95738080000007],[35.95423280000006,38.95724920000015],[35.95424310000004,38.95693250000005],[35.95493560000011,38.957075599999996],[35.95504080000012,38.95669940000016],[35.95847780000008,38.95741080000005],[35.95910390000006,38.95764220000052],[35.95932330000005,38.957412200000135],[35.95832190000016,38.95706250000052],[35.95858970000012,38.95661360000014],[35.957296900000074,38.95625110000003],[35.95754250000016,38.955826700000046],[35.95701190000011,38.95569059999997],[35.956628600000045,38.95547470000008],[35.95652780000006,38.95523559999998],[35.956143900000086,38.955043600000124],[35.95586470000006,38.95568720000006],[35.9555453000001,38.95607530000001],[35.954910600000176,38.955964400000255],[35.95509670000013,38.955712200000164],[35.95432920000002,38.95496079999998],[35.954345600000124,38.9546325],[35.954248300000074,38.954501900000025],[35.95379830000019,38.954355000000135],[35.95327890000016,38.95434810000046],[35.95316420000012,38.95420470000067],[35.95292720000003,38.95430060000007],[35.95317810000017,38.95399780000025],[35.952220300000135,38.953587200000015],[35.95271810000014,38.95270690000001],[35.95326780000016,38.95282689999999],[35.95362000000017,38.951700600000095],[35.95384640000003,38.951448100000675],[35.95345470000018,38.95128060000013],[35.95346670000009,38.95115750000008],[35.95403670000019,38.950987500000224],[35.95396420000003,38.95090529999999],[35.95406919999999,38.950861100000054],[35.95446140000013,38.95080780000012],[35.95443310000013,38.95064030000009],[35.95309170000013,38.950213900000165],[35.95324560000006,38.949762500000475],[35.951624200000026,38.94937250000004],[35.95158250000014,38.94946670000019],[35.94949750000012,38.9492767000001],[35.94913970000016,38.94940310000004],[35.94824560000012,38.94929560000003],[35.94811670000007,38.94919170000014],[35.94621190000004,38.94886690000027],[35.946666900000025,38.948005000000364],[35.94656670000012,38.947631100000194],[35.94686940000008,38.94743810000017],[35.94662720000014,38.94706140000045],[35.94764970000017,38.94601810000046],[35.94806640000019,38.94620359999999],[35.94834440000011,38.945871100000375],[35.949135600000034,38.94475060000002],[35.94860780000005,38.94441280000018],[35.949222500000076,38.94387780000011],[35.95021080000015,38.94326110000043],[35.95025390000018,38.94340829999999],[35.95070420000013,38.94389780000017],[35.95105664931663,38.94483257436724],[35.95109741508247,38.944695836393976],[35.95124525968748,38.94460101949687],[35.95158241139171,38.94468607457219],[35.95116890000003,38.94412030000046],[35.95116110000009,38.94374310000052],[35.95065580000005,38.943367500000704],[35.95062920000015,38.94299500000011],[35.950521900000126,38.94286560000006],[35.94990640000003,38.94259390000013],[35.9495017000001,38.94196830000004],[35.947922800000015,38.94121140000016],[35.946578100000124,38.94079500000066],[35.94649249999998,38.94034330000005],[35.94715780000013,38.93992220000007],[35.94694220000008,38.93976690000051],[35.94760750000006,38.9392850000001],[35.94728280000004,38.93919169999998],[35.94629920000017,38.93915750000053],[35.94635280000017,38.938997200000415],[35.94682390000008,38.939105600000175],[35.94703390000001,38.93911500000007],[35.947113100000024,38.93903440000065],[35.946634200000176,38.93870330000061],[35.94729750000016,38.93805420000001],[35.94700830000005,38.93788190000015],[35.947111900000095,38.9377236000002],[35.948320000000024,38.93782110000012],[35.94884110000015,38.93801470000011],[35.94907920000014,38.93834860000004],[35.949373100000116,38.93850530000003],[35.94970170000016,38.93841140000012],[35.95012720000017,38.93801079999997],[35.950140600000054,38.93744060000023],[35.94990640000003,38.937571400000024],[35.949560599999984,38.9376183],[35.948921700000085,38.93757830000061],[35.948641400000156,38.937276400000144],[35.9482819000001,38.93705970000019],[35.94786940000006,38.936938300000236],[35.94721610000016,38.936428100000114],[35.94707860000017,38.93620060000012],[35.947922200000164,38.93568670000042],[35.948563900000124,38.93575500000003],[35.94888890000004,38.93553559999998],[35.949110800000085,38.93513330000013],[35.94952189999998,38.93479170000012],[35.94939250000016,38.93451809999999],[35.94937330000016,38.93389250000047],[35.94917750000013,38.93354440000007],[35.949171100000115,38.93334610000005],[35.94878580000005,38.93261920000009],[35.94856860000016,38.932440600000064],[35.9483778,38.92958860000016],[35.94972920000009,38.930026100000305],[35.95078720000009,38.93024140000017],[35.951220600000056,38.93043610000012],[35.951497800000084,38.93064000000015],[35.951856400000054,38.93110920000004],[35.95284940000016,38.93175440000016],[35.95286190000013,38.93210610000045],[35.95271920000005,38.93239580000011],[35.95287640000009,38.932942800000035],[35.952890600000046,38.93350030000016],[35.95306170000015,38.933803100000034],[35.95466860000005,38.93339470000012],[35.955371400000104,38.933504700000356],[35.95554140000013,38.933297800000105],[35.95555920000004,38.93276530000014],[35.955743300000165,38.93265170000012],[35.95588670000012,38.932005800000184],[35.95590860000016,38.93182780000052],[35.955749700000126,38.93157030000003],[35.955828100000076,38.93112060000027],[35.95570640000011,38.93086560000012],[35.955873300000064,38.92986170000006],[35.95615860000004,38.92980280000012],[35.95685860000009,38.93030690000012],[35.957116700000086,38.93038000000013],[35.95795580000009,38.93036530000012],[35.95841890000003,38.93023000000011],[35.95965080000019,38.92938030000016],[35.96065470000008,38.92849030000042],[35.96046860000013,38.928016100000264],[35.960676400000125,38.928014700000176],[35.96102580000007,38.92786170000028],[35.961744700000054,38.927347800000064],[35.9616714,38.92727080000009],[35.96176530000014,38.92713330000004],[35.96159860000006,38.92713530000003],[35.96179360000019,38.92686500000059],[35.961980600000004,38.92688220000059],[35.96185170000018,38.926453300000276],[35.96157720000002,38.92630720000011],[35.961588900000095,38.926060300000074],[35.961825799999986,38.92593670000019],[35.961561100000154,38.9257911000002],[35.96185750000012,38.925487800000326],[35.96225810000004,38.92534780000011],[35.962485600000036,38.925036700000305],[35.96376720000006,38.92425470000012],[35.96410920000011,38.924334400000134],[35.964315000000056,38.92462580000006],[35.964802200000065,38.92477250000047],[35.96619080000005,38.92416030000027],[35.96610080000005,38.92401940000019],[35.96673330000016,38.92387030000043],[35.96700060000006,38.9234689000001],[35.96702690000012,38.92312140000013],[35.966891100000055,38.92252750000017],[35.966419200000075,38.92220329999998],[35.967107800000065,38.91864970000012],[35.96642830000013,38.9176983000001],[35.966068900000096,38.91683580000017],[35.96586810000014,38.915423900000064],[35.965940600000124,38.915246400000115],[35.966168300000106,38.915060600000174],[35.96671220000019,38.914767200000085],[35.967321700000184,38.91479220000019],[35.96649220000012,38.91372920000015],[35.967161900000065,38.91364390000001],[35.96884330000012,38.91383780000007],[35.969482800000094,38.91427279999999],[35.969616900000176,38.91448830000007],[35.9702817000001,38.91477530000037],[35.970755300000064,38.91493280000026],[35.97119279999998,38.914926900000125],[35.97172920000014,38.91528610000017],[35.97222500000015,38.9152933000006],[35.97275690000009,38.91560970000012],[35.97332110000008,38.91574830000059],[35.97496940000019,38.91693890000033],[35.97583110000011,38.9171917000001],[35.97623140000019,38.9176928],[35.97656280000007,38.91844610000015],[35.976855300000125,38.91885060000004],[35.97700500000008,38.919032200000515],[35.97742720000019,38.91926000000018],[35.977781900000025,38.919971100000396],[35.97805440000019,38.920148300000164],[35.97889140000018,38.920283600000175],[35.979128100000025,38.92045780000052],[35.97994250000011,38.919384700000194],[35.98041250000006,38.91971500000017],[35.980788300000086,38.91983970000018],[35.98059130641934,38.920936094458284],[35.980679010321296,38.920794599605074],[35.98087359270363,38.92073210527411],[35.98106360784095,38.92078472429955],[35.98116309734149,38.920922319806095],[35.981147500000134,38.92040830000019],[35.982585000000086,38.9204228000001],[35.98258360000011,38.92105390000046],[35.983400800000084,38.921211700000185],[35.98363940000007,38.92147690000013],[35.984276900000054,38.921676900000136],[35.98483859999999,38.92163720000008],[35.98510890000017,38.921497800000054],[35.98517220000008,38.9213900000002],[35.985122800000056,38.921175300000016],[35.98526860000004,38.92105390000046],[35.98524530000009,38.92094440000028],[35.98551030000016,38.920843900000136],[35.985529200000144,38.920731900000135],[35.98565060000004,38.92098470000042],[35.985643900000014,38.92128560000009],[35.985790300000076,38.92142500000011],[35.98595080000018,38.92146440000067],[35.98638030000001,38.921344200000135],[35.98768390000009,38.92141140000001],[35.987788600000044,38.92066170000015],[35.98866640000017,38.92076470000018],[35.98896810000008,38.92037280000005],[35.988960000000134,38.92004810000037],[35.990467200000126,38.91730170000051],[35.99140080000012,38.91688810000039],[35.99169110000014,38.91654060000042],[35.992231700000104,38.9163200000001],[35.99243780000012,38.916308900000104],[35.99274250000013,38.91667140000004],[35.99338390000008,38.91626280000003],[35.993916100000035,38.91632690000017],[35.995569200000034,38.91508640000018],[35.99644860000018,38.91868140000008],[35.997576400000014,38.91962689999997],[35.99897920000012,38.92183060000042],[35.99947640000005,38.923847500000136],[35.99952390000004,38.92433810000006],[35.9991553000001,38.924948900000174],[35.99901249999999,38.92554190000004],[35.998388300000045,38.92596500000019],[35.997801700000025,38.92690470000014],[35.999267799999984,38.92632440000011],[35.99999000000008,38.9262361000001],[36.000410300000055,38.926309700000104],[36.00092030000013,38.926272800000106],[36.00216670000003,38.925848600000336],[36.00263890000002,38.92583390000004],[36.0029742000001,38.92623220000013],[36.00249250000019,38.92649780000005],[36.00325830000014,38.927579700000024],[36.003854200000035,38.92798110000007],[36.00512830000014,38.92855670000023],[36.00648720000015,38.92950719999999],[36.00611890000005,38.92996440000053],[36.00575560000016,38.93014530000022],[36.00596810000019,38.93048080000062],[36.005901900000026,38.93056940000014],[36.00663860000003,38.93171280000024],[36.008065827528355,38.93069895426328],[36.00823462002762,38.93068015766539],[36.00832608455727,38.930759382400254],[36.0083112313705,38.93086531646145],[36.00750280000011,38.93144330000018],[36.0075753000001,38.93152170000042],[36.008551100000034,38.93207030000019],[36.00866440000016,38.93194500000027],[36.00927830000012,38.932228900000155],[36.010095000000035,38.93235420000019],[36.01113890000005,38.93320250000022],[36.01115310000017,38.93354530000016],[36.01089330000019,38.93437890000007],[36.01095720000012,38.93494750000036],[36.011771399999986,38.93532920000018],[36.01198920000007,38.9355589000005],[36.012324400000125,38.93557360000011],[36.013231100000155,38.93596440000016],[36.0137797000001,38.93600440000006],[36.01395830000013,38.93626330000052],[36.01421330000005,38.93622640000012],[36.01466690000012,38.936351700000046],[36.01505420000018,38.93680890000019],[36.01568690000016,38.936945300000104],[36.0158239000001,38.93710030000017],[36.0158239000001,38.937236700000085],[36.016414400000144,38.93760530000003],[36.0171936000001,38.93774170000063],[36.017755600000044,38.93760530000003],[36.01829860000004,38.937859700000445],[36.019181700000104,38.937907500000165],[36.01948390000007,38.938040000000115],[36.01982390000012,38.937992200000394],[36.02084030000003,38.93820110000013],[36.02083170000003,38.94007859999999],[36.01852940000015,38.942150800000036],[36.01563720000013,38.94264060000006],[36.01062640000015,38.94518030000006],[36.008305300000075,38.94655440000042],[36.00691440000014,38.947597800000096],[36.00556940000001,38.94921640000041],[36.00519190000006,38.9495472000001],[36.00558830000017,38.95342110000013],[36.00652810000014,38.955179699999974],[36.00627470000012,38.95546390000004],[36.0057867000001,38.956467500000315],[36.005468900000096,38.95821560000036],[36.00511890000007,38.95878390000013],[36.0052247000001,38.959150800000145],[36.00516500000015,38.95976220000006],[36.00539079999999,38.96024419999998],[36.00528940000015,38.96093110000015],[36.00505030000005,38.96138060000004],[36.005102500000135,38.96160000000043],[36.00535940000009,38.9618375],[36.00506439999998,38.96284000000003],[36.00505060000012,38.964421700000116],[36.00488390000015,38.96475580000009]]],"type":"Polygon"}},{"type":"Feature","properties":{"area_id":"TR-38-002-180887","name_tr":"Koyunabdal","area_level":"neighbourhood","parent_id":"TR-38-002","endeksa_id":180887},"geometry":{"coordinates":[[[36.02716000000015,38.9871306000004],[36.02610810000016,38.98725280000002],[36.025821900000096,38.9871564000004],[36.0256986,38.98724110000012],[36.02507170000018,38.9871411000002],[36.024173900000164,38.98737250000016],[36.02218000000005,38.987172500000156],[36.022051400000066,38.98551670000012],[36.02023560000009,38.98579420000067],[36.01955420000019,38.985093300000585],[36.019178099999976,38.98043330000013],[36.020420800000124,38.978415300000165],[36.020696900000075,38.97777580000019],[36.02068670000011,38.97668970000018],[36.0200253000001,38.97538060000022],[36.01561390000012,38.97270060000017],[36.01237689999999,38.970205300000146],[36.01050190000012,38.967386400000294],[36.009692200000075,38.96431330000007],[36.00711720000004,38.965099200000054],[36.00594330000007,38.965276400000505],[36.00571750000006,38.96519000000046],[36.00541060000006,38.9648911000001],[36.00488390000015,38.96475580000009],[36.00505060000012,38.964421700000116],[36.00506439999998,38.96284000000003],[36.00535940000009,38.9618375],[36.005102500000135,38.96160000000043],[36.00505030000005,38.96138060000004],[36.00528940000015,38.96093110000015],[36.00539079999999,38.96024419999998],[36.00516500000015,38.95976220000006],[36.0052247000001,38.959150800000145],[36.00511890000007,38.95878390000013],[36.005468900000096,38.95821560000036],[36.0057867000001,38.956467500000315],[36.00627470000012,38.95546390000004],[36.00652810000014,38.955179699999974],[36.00558830000017,38.95342110000013],[36.00519190000006,38.9495472000001],[36.00556940000001,38.94921640000041],[36.00691440000014,38.947597800000096],[36.008305300000075,38.94655440000042],[36.01062640000015,38.94518030000006],[36.01563720000013,38.94264060000006],[36.01852940000015,38.942150800000036],[36.02083170000003,38.94007859999999],[36.02084030000003,38.93820110000013],[36.02089060000009,38.93802580000033],[36.0219383000001,38.93710640000029],[36.0224017000001,38.93718330000007],[36.02339640000014,38.93755080000011],[36.02369250000015,38.937455800000066],[36.02363030000015,38.93310280000014],[36.02375170000005,38.932913100000064],[36.024389700000086,38.93309080000006],[36.02479190000014,38.9330611000006],[36.02623000000011,38.93339830000008],[36.02642440000005,38.93299559999997],[36.02688000000006,38.932485600000234],[36.02733500000005,38.9313822000006],[36.02762360000014,38.93126360000019],[36.02788920000006,38.930878100000086],[36.02822310000016,38.9307417],[36.028549399999974,38.93042110000016],[36.02914140000013,38.92948420000005],[36.029163900000015,38.92918170000007],[36.02867780000014,38.92870720000025],[36.026619700000026,38.92723690000008],[36.027068299999996,38.926195000000575],[36.031385000000114,38.923453900000084],[36.02922220000005,38.918306400000176],[36.03100250000011,38.91461830000003],[36.03625250000016,38.91153969999999],[36.03865690000015,38.90716140000029],[36.04082890000012,38.90654420000038],[36.041024200000095,38.90660500000007],[36.04086810000018,38.906910300000106],[36.04139170000013,38.90680640000005],[36.042383900000175,38.90679390000008],[36.04253280000006,38.90721500000046],[36.042726400000106,38.90747690000046],[36.042829700000084,38.9074286],[36.04264580000017,38.906997200000205],[36.04276690000006,38.906702200000154],[36.042946700000186,38.906732500000146],[36.04320440814445,38.90599323133716],[36.04318564042427,38.906156818579575],[36.043318167831956,38.90628884379947],[36.043530764171635,38.906312508801534],[36.04370212497008,38.90621868761605],[36.04333720000017,38.90664690000017],[36.043313900000044,38.90686060000013],[36.04386890000012,38.90725110000011],[36.04453330000018,38.90754390000018],[36.044791100000054,38.90745829999997],[36.04483809999999,38.90753780000017],[36.04412720000016,38.90813029999998],[36.04326780000014,38.90826500000014],[36.042853900000125,38.90874110000061],[36.04323690000007,38.90896080000016],[36.04365890000014,38.90883250000036],[36.044213600000035,38.90886280000001],[36.04354190000004,38.90926000000002],[36.0429481000001,38.90922970000054],[36.04285440000018,38.90933940000019],[36.04300216196799,38.90958036391373],[36.0433000000001,38.909705800000495],[36.043948300000125,38.90952220000008],[36.04550610000001,38.909344400000066],[36.04569860000015,38.909149200000115],[36.045565600000145,38.90892330000008],[36.045571400000085,38.9085606000001],[36.045721700000115,38.90840440000011],[36.04601080000003,38.908351100000175],[36.04665890000001,38.907683600000155],[36.04650250000003,38.907512800000234],[36.04618970000013,38.907463900000096],[36.0459944000001,38.90754330000027],[36.045720800000026,38.907458100000326],[36.04564280000017,38.907220000000166],[36.045791099999974,38.90715280000029],[36.04640060000014,38.9072075000002],[36.046533600000146,38.90732330000003],[36.046721100000184,38.907335600000124],[36.046783300000186,38.907079200000055],[36.046658100000116,38.90673110000057],[36.04643140000002,38.90648080000011],[36.04657170000007,38.906151100000045],[36.04672810000005,38.90621830000009],[36.04700140000011,38.90605330000062],[36.04688420000019,38.90588860000014],[36.04697780000015,38.90581530000014],[36.04755640000002,38.90633390000039],[36.04797060000004,38.90644970000005],[36.04825170000004,38.90600390000009],[36.04836080000018,38.905643600000474],[36.04860310000015,38.90566190000021],[36.049197200000094,38.90595470000028],[36.0492900000001,38.90473970000011],[36.04914140000011,38.904581100000314],[36.049844699999994,38.90476389999998],[36.05082140000019,38.90464140000017],[36.050828600000045,38.90431360000002],[36.0530169000001,38.90459780000009],[36.053775000000144,38.90456670000003],[36.05441530000019,38.90425500000015],[36.05464250000017,38.90478610000008],[36.05462690000007,38.90498780000007],[36.055150600000104,38.905024200000014],[36.05514280000017,38.90529280000004],[36.05494779999998,38.9057689],[36.055135600000085,38.90592170000002],[36.05582310000011,38.90593940000008],[36.056112200000086,38.90582940000007],[36.05619830000006,38.906036900000686],[36.05656560000011,38.90618330000018],[36.05683140000008,38.90640920000004],[36.05765190000011,38.90623170000009],[36.058932200000186,38.90507109999999],[36.060235800000044,38.90353190000019],[36.06043080000018,38.9030800000001],[36.059727500000065,38.90284830000047],[36.06008690000016,38.902848100000085],[36.05993030000013,38.90254920000024],[36.0601178,38.90245720000007],[36.06021920000006,38.90216420000036],[36.0600864000001,38.902146100000095],[36.06004690000003,38.90181640000003],[36.059423600000116,38.90183170000006],[36.059812200000124,38.90149890000038],[36.05982000000006,38.90135860000049],[36.060054400000126,38.90149890000038],[36.06032000000005,38.901340000000005],[36.06065610000013,38.90162670000029],[36.06103890000003,38.90148610000006],[36.06083610000013,38.90174280000031],[36.060961100000156,38.90184640000035],[36.06168000000014,38.90195580000017],[36.06213310000015,38.90166860000056],[36.06235140000007,38.90129000000013],[36.06218719999998,38.901015599999994],[36.061397500000055,38.90038080000005],[36.06138170000014,38.90022220000026],[36.06145970000006,38.90022830000004],[36.06165470000019,38.89991670000006],[36.06174060000018,38.89951360000009],[36.061482500000125,38.89932470000025],[36.06155250000006,38.89904970000009],[36.0618417,38.89906810000019],[36.06283720000016,38.900211100000035],[36.06333440000009,38.89979970000047],[36.06270890000019,38.89901860000015],[36.062601100000165,38.89870810000002],[36.06284890000006,38.89849360000005],[36.06296610000015,38.89852420000045],[36.06325500000008,38.89815750000031],[36.06298140000018,38.89791360000038],[36.06278390000017,38.89561809999998],[36.06370280000016,38.8922472000005],[36.065418600000044,38.889114400000096],[36.07068360000011,38.88100330000009],[36.070766400000025,38.877700300000186],[36.07068780000009,38.877279199999975],[36.07076560000013,38.87696780000033],[36.07056970000008,38.87643670000011],[36.07071060000004,38.876576900000316],[36.07099110000013,38.87586860000033],[36.07112390000009,38.875984400000675],[36.071521900000164,38.87566080000005],[36.072100000000034,38.875654199999985],[36.07197470000017,38.875379399999986],[36.071419400000025,38.87472670000017],[36.07133330000005,38.87446420000015],[36.07161390000016,38.873890000000074],[36.07164419999998,38.87294970000005],[36.0717375000001,38.87260170000002],[36.07202610000013,38.87233920000034],[36.072049200000095,38.87187500000016],[36.07318860000004,38.87101360000008],[36.073438300000134,38.87071420000018],[36.07353940000013,38.8703053000001],[36.07385920000013,38.86992030000022],[36.07413250000019,38.869938300000285],[36.07444440000006,38.86945579999997],[36.074335000000076,38.869297200000176],[36.074510599999996,38.86931530000061],[36.0748617000001,38.86908310000058],[36.07492440000016,38.869171700000095],[36.075111700000036,38.869168300000524],[36.075115600000174,38.86904940000028],[36.075599400000044,38.86878360000031],[36.075763100000074,38.86846580000031],[36.07600889999998,38.86822470000061],[36.07662940000017,38.8678333000002],[36.07810060000003,38.86660250000068],[36.07808220000015,38.86643720000018],[36.07827670000006,38.86627859999999],[36.0785542000001,38.86622110000002],[36.078561100000115,38.86607080000039],[36.07880080000007,38.86613920000036],[36.07908560000004,38.865884700000265],[36.07963610000007,38.865921400000104],[36.07983580000007,38.86607720000006],[36.080312800000115,38.86592860000019],[36.080628600000125,38.86597280000012],[36.08119560000017,38.86576280000048],[36.08166280000012,38.865472800000134],[36.08307360000009,38.865176900000165],[36.0841961000001,38.86438110000006],[36.08428670000012,38.86332860000016],[36.10748220000016,38.86788780000012],[36.11665420000003,38.86687830000005],[36.12425530000007,38.87295920000048],[36.12158000000005,38.873321400000066],[36.11962640000007,38.8725644000005],[36.11796140000018,38.87166360000003],[36.116790300000105,38.87125060000051],[36.116514200000154,38.87119919999998],[36.11584080000006,38.87132080000009],[36.115521100000024,38.871542200000476],[36.115179700000056,38.8719564000001],[36.11486030000009,38.87261030000002],[36.114540000000034,38.87282830000015],[36.10131390000015,38.881157200000075],[36.0996775000001,38.89366580000012],[36.09851890000016,38.89902670000009],[36.09886780000005,38.89937640000062],[36.09876220000001,38.89960360000009],[36.098622800000044,38.89969560000003],[36.0981594000001,38.899673100000655],[36.098005000000114,38.89976530000047],[36.09752140000006,38.90112190000008],[36.097198300000116,38.901330600000165],[36.09798500000005,38.90383580000014],[36.098734200000024,38.911504400000126],[36.09890280000013,38.91242250000039],[36.09913060000014,38.91281690000034],[36.09893970000013,38.91293140000022],[36.098898600000155,38.913160300000186],[36.099001700000144,38.91320860000042],[36.09915390000009,38.91356830000018],[36.099264200000164,38.913587500000176],[36.09948969999999,38.91340000000008],[36.09966390000005,38.91352030000013],[36.099935300000084,38.91396030000044],[36.10014310000008,38.91404920000019],[36.10036940000015,38.91454640000012],[36.10009890000015,38.914538600000185],[36.09953530000007,38.914795300000605],[36.09927360000006,38.915266900000006],[36.0991236000001,38.91590750000012],[36.09896640000005,38.91604080000013],[36.09877669999997,38.916829400000154],[36.0986233000001,38.916989200000046],[36.098266100000046,38.91722920000001],[36.096815800000115,38.91728530000057],[36.096720300000186,38.9174850000004],[36.09632390000007,38.91745060000039],[36.09531609999999,38.917747200000065],[36.094770300000164,38.91836190000015],[36.09467250000006,38.918613900000366],[36.09426310000009,38.918894200000466],[36.094253100000174,38.91906940000007],[36.093578100000116,38.91956750000003],[36.09315060000006,38.92006079999999],[36.09285940000012,38.920226100000036],[36.09271530000012,38.92066470000009],[36.09243970000006,38.92097940000019],[36.09216830000014,38.92099610000014],[36.091920600000094,38.921323100000166],[36.09156030000014,38.921367500000144],[36.09135830000008,38.92161670000013],[36.09140030000003,38.92178580000012],[36.09104530000013,38.92176140000038],[36.09103420000008,38.92210830000016],[36.09095310000015,38.92219060000036],[36.09018170000007,38.92264170000038],[36.089768900000024,38.923056400000235],[36.08931530000018,38.922926400000165],[36.08905390000001,38.92303170000014],[36.08881000000008,38.92336469999998],[36.08886000000018,38.923483300000385],[36.08849670000012,38.923666700000126],[36.0885244000001,38.92385750000011],[36.0882797000001,38.92410170000039],[36.08832750000016,38.924401699999976],[36.088146700000095,38.92482420000016],[36.08817420000008,38.92504860000008],[36.087586700000145,38.925840600000015],[36.08731970000008,38.92603610000003],[36.08728580000013,38.92631140000026],[36.08673220000014,38.92706580000015],[36.086677800000075,38.927309200000025],[36.086547800000176,38.92736530000042],[36.086623299999985,38.927509700000144],[36.08630190000008,38.9278067000007],[36.086424400000055,38.92810470000012],[36.08625690000008,38.928226100000074],[36.08631810000014,38.92840780000034],[36.086069399999985,38.92854690000013],[36.08594110000007,38.9290264],[36.085741700000085,38.92908670000003],[36.08559220000012,38.92935940000007],[36.08516190000006,38.92967860000033],[36.08564080000008,38.93155580000007],[36.08527190000012,38.93184470000017],[36.08464890000005,38.93197220000002],[36.084537800000135,38.93218639999998],[36.08479640000019,38.932617200000095],[36.085356700000034,38.93285860000003],[36.08575140000016,38.93334720000047],[36.0858578000001,38.93369030000008],[36.085811100000114,38.93403940000019],[36.08622500000007,38.934437500000115],[36.0858664000001,38.934853300000384],[36.085275000000024,38.93530110000012],[36.084919700000114,38.935404200000164],[36.084913300000096,38.93571810000003],[36.08478030000009,38.93589610000015],[36.08465080000008,38.93580530000014],[36.08379830000001,38.93591330000015],[36.0837444,38.93604310000006],[36.084048100000075,38.93631720000036],[36.08439420000013,38.93641580000019],[36.0856981,38.93818500000003],[36.086114399999985,38.93840470000009],[36.08683280000014,38.93853170000011],[36.087180300000114,38.93869970000031],[36.087710000000015,38.938188100000616],[36.08829060000011,38.937830599999984],[36.08822420000013,38.93799390000004],[36.088286900000185,38.938097800000605],[36.08900110000013,38.93823170000013],[36.089210800000046,38.93856469999997],[36.090487800000176,38.93958890000016],[36.090474400000176,38.93985060000068],[36.090689399999974,38.940000300000634],[36.090635000000134,38.940158600000586],[36.0904311000001,38.94022060000003],[36.09026360000013,38.940415000000485],[36.090397200000154,38.941414200000054],[36.09073830000011,38.942078600000286],[36.0912383000001,38.942141700000036],[36.091857800000014,38.94194720000007],[36.09228670000016,38.94233670000017],[36.09277970000011,38.94227030000019],[36.09222470000003,38.94262280000055],[36.09240610000012,38.94284560000051],[36.09164780000009,38.94317860000035],[36.09186690000007,38.94316860000009],[36.09292720000008,38.94278170000001],[36.093058100000064,38.942788600000085],[36.09311860000008,38.94291110000006],[36.09260360000013,38.943087500000274],[36.09264030000014,38.94332940000004],[36.0925519000001,38.943577800000185],[36.09212580000019,38.94394890000012],[36.09176890000015,38.94478830000031],[36.09154560000013,38.94472639999998],[36.09147429903004,38.94526429903004],[36.088920000000144,38.94819000000007],[36.08908000000008,38.951240000000155],[36.09017000000017,38.95236000000045],[36.09001000000012,38.95593000000025],[36.08992000000012,38.956160000000125],[36.08815000000004,38.95701000000008],[36.08659314852258,38.95747073495818],[36.08724810000018,38.95895940000008],[36.08681780000012,38.95892860000038],[36.085946700000136,38.958493100000226],[36.08586670000011,38.95894250000009],[36.08560250000011,38.959490800000026],[36.08536890000016,38.96149110000016],[36.085185300000035,38.96211610000017],[36.08429670000004,38.96201530000019],[36.084106900000165,38.962151900000265],[36.08399529999997,38.962114199999974],[36.0838614000001,38.96237890000003],[36.08348610000013,38.962759700000106],[36.083319200000176,38.96321890000007],[36.08272810000011,38.96390220000012],[36.081182500000125,38.96324080000011],[36.08075359999998,38.96346220000032],[36.07902810000007,38.96495750000008],[36.078007200000116,38.966390300000114],[36.07679310000003,38.96577190000011],[36.07689720000013,38.965481400000044],[36.075716899999975,38.965293300000155],[36.07563110000018,38.96515390000013],[36.07542640000014,38.965113300000155],[36.073438300000134,38.9648122000001],[36.0730453000001,38.966236400000355],[36.072699200000045,38.966172800000095],[36.07252500000004,38.96704170000055],[36.072220600000094,38.96775670000005],[36.07191530000006,38.967693100000076],[36.07175860000007,38.967454700000076],[36.071371699999986,38.96752190000012],[36.07128220000004,38.967385300000046],[36.071126900000024,38.967395000000295],[36.07148440000009,38.96848440000019],[36.07123750000011,38.96856750000018],[36.070344700000135,38.9682181],[36.07017110000015,38.96829890000015],[36.07001059999999,38.968221900000174],[36.06969390000012,38.96833720000012],[36.06955030000012,38.96986530000004],[36.06929940000015,38.97077220000011],[36.068981700000165,38.97149860000019],[36.06910970000007,38.97170440000019],[36.068999399999996,38.97200030000016],[36.06909530000013,38.97305920000019],[36.06866030000003,38.97400920000007],[36.06841810000003,38.97429780000016],[36.068500000000085,38.974645300000134],[36.068271100000175,38.97501360000041],[36.06847220000009,38.97525690000015],[36.06825920000006,38.97561580000013],[36.06649690000006,38.97414640000005],[36.0656439,38.974524400000064],[36.06517170000001,38.97501940000018],[36.06486310000008,38.974945300000115],[36.06421940000013,38.97458390000003],[36.06369530000006,38.974426900000026],[36.06368359999999,38.97406420000004],[36.06358860000012,38.97409470000008],[36.06331000000017,38.97343030000013],[36.063144200000124,38.973349700000085],[36.063139700000136,38.973450300000025],[36.06223830000016,38.97393190000008],[36.062382800000194,38.97418690000006],[36.06225000000006,38.97426780000052],[36.06174640000012,38.97442000000018],[36.060952799999995,38.97445420000031],[36.060658100000126,38.97381250000018],[36.060584400000096,38.9734428000001],[36.059878100000105,38.97314940000035],[36.05806780000006,38.973044200000174],[36.05758280000009,38.97315920000045],[36.057452200000114,38.97262610000007],[36.056323900000166,38.973103300000446],[36.055936400000064,38.97282810000041],[36.05551690000004,38.97290780000026],[36.05523330000017,38.97346250000032],[36.05484810000013,38.973702200000616],[36.05446220000016,38.973850600000105],[36.053101700000184,38.973735800000554],[36.052741900000115,38.974010000000135],[36.051617799999974,38.97446690000015],[36.04968280000014,38.97501280000034],[36.04907720000011,38.97525920000015],[36.048818300000164,38.97538140000029],[36.04892000000007,38.97555810000034],[36.048755000000085,38.975697800000034],[36.04865110000003,38.97572970000033],[36.04846780000014,38.97550080000008],[36.04693830000008,38.9763231000004],[36.046790000000044,38.97693080000005],[36.04656030000007,38.97727359999999],[36.046674700000096,38.97735310000036],[36.046572800000035,38.977597500000684],[36.04683860000017,38.97768000000008],[36.04662060000004,38.97809500000028],[36.04682440000005,38.97812890000006],[36.04670809999999,38.978376400000116],[36.04628560000003,38.97823720000014],[36.04618390000019,38.97844470000007],[36.04503580000005,38.978354700000125],[36.04455110000009,38.978852800000084],[36.04410890000008,38.97900940000011],[36.04412280000014,38.97910110000004],[36.04092280000009,38.98107810000005],[36.04120280000012,38.9813175000001],[36.03901330000019,38.98336890000019],[36.03878560000015,38.98428280000013],[36.03854890000014,38.984452200000476],[36.03522220000019,38.98450720000005],[36.035118600000146,38.98481690000045],[36.03652560000006,38.985454400000265],[36.03631860000013,38.98575500000027],[36.03576310000017,38.98561280000058],[36.03561940000003,38.985816400000374],[36.03501060000008,38.985872800000095],[36.03493390000017,38.98676810000006],[36.03421420000012,38.98690420000014],[36.031411100000184,38.98666250000002],[36.02976669999998,38.986008300000265],[36.029620000000136,38.98635670000067],[36.02922500000011,38.98675640000016],[36.028612800000076,38.98666560000015],[36.02860690000011,38.98647860000045],[36.02793330000003,38.9863136000003],[36.02759390000017,38.98631390000014],[36.02727110000012,38.986591900000235],[36.02733170000016,38.98690780000044],[36.02717890000014,38.98690970000024],[36.02716000000015,38.9871306000004]]],"type":"Polygon"}},{"type":"Feature","properties":{"area_id":"TR-38-002-180861","name_tr":"Büyüktuzhisar","area_level":"neighbourhood","parent_id":"TR-38-002","endeksa_id":180861},"geometry":{"coordinates":[[[35.86925890000009,38.984311400000195],[35.8682606000001,38.98479639999999],[35.86757330000006,38.98474920000018],[35.86428310000014,38.98415610000012],[35.863135,38.983294200000046],[35.862513900000124,38.98295639999998],[35.86223250000012,38.982969200000184],[35.86190610000011,38.98275310000008],[35.86166470000006,38.98255750000038],[35.86153360000003,38.98229580000003],[35.86130470000012,38.982318600000156],[35.86111830000016,38.98221860000041],[35.86085080000004,38.98224860000005],[35.86065110000004,38.98245360000067],[35.85967720000008,38.98248189999998],[35.85938720000007,38.98264000000046],[35.85927250000003,38.98256110000068],[35.858805000000075,38.98296780000004],[35.85800640000008,38.982835800000316],[35.85773640000008,38.98304610000031],[35.857535300000166,38.98735780000004],[35.856810000000166,38.98725860000019],[35.85635670000016,38.98670720000018],[35.854621900000154,38.986595299999976],[35.85459420000018,38.98649780000062],[35.85406640000019,38.98646440000016],[35.85405220000007,38.986616400000116],[35.85230970000015,38.98671530000013],[35.8520731000001,38.988483100000394],[35.85028690000013,38.988379699999996],[35.85015470000019,38.98968280000054],[35.84927970000007,38.989637200000175],[35.848701900000094,38.989430000000084],[35.848593600000186,38.98963640000011],[35.848236400000076,38.98937640000008],[35.84799390000012,38.98970830000019],[35.84912440000005,38.99032860000068],[35.84893970000019,38.99067560000026],[35.849117800000045,38.99083470000028],[35.84829810000008,38.99150220000007],[35.848389700000155,38.99156190000008],[35.84766890000003,38.99235500000066],[35.84718780000003,38.99200220000006],[35.84669750000012,38.99238940000066],[35.84612890000017,38.99364830000019],[35.84597440000016,38.99335890000009],[35.845006700000056,38.99354640000047],[35.84458330000018,38.99256440000022],[35.84329060000016,38.99301940000021],[35.843207500000005,38.99283580000065],[35.84267640000013,38.992876700000124],[35.84273689999998,38.99298920000001],[35.84204640000007,38.993065300000126],[35.84119610000005,38.99341310000045],[35.84090220000007,38.99294579999997],[35.840601100000185,38.99269390000063],[35.8403778,38.99272420000011],[35.84020750000013,38.99251889999999],[35.83989170000012,38.992662200000495],[35.839550800000154,38.99231310000039],[35.839235300000155,38.99250750000016],[35.83885500000014,38.992148100000236],[35.838368300000184,38.99233190000052],[35.83764440000016,38.99284360000058],[35.837106900000094,38.992340600000034],[35.83487060000016,38.99349610000007],[35.83257610000004,38.99129860000011],[35.83214310000011,38.99106220000027],[35.831786400000055,38.99017220000053],[35.83162890000017,38.99004890000009],[35.830996900000116,38.99051559999998],[35.83015610000018,38.99048970000018],[35.82861970000005,38.9909717000001],[35.82823970000004,38.99159470000063],[35.82729330000012,38.99173280000019],[35.82668390000015,38.991576099999975],[35.82552580000004,38.9921078000001],[35.824617800000055,38.99347],[35.823826100000076,38.993014400000504],[35.82197030000003,38.9922772000001],[35.82141440000004,38.99167720000003],[35.820871400000044,38.99136140000019],[35.81993970000008,38.99119440000004],[35.8190919000001,38.99130670000011],[35.818710600000145,38.991254200000526],[35.81857170000001,38.9911264000001],[35.817463300000156,38.99141750000018],[35.81670720000011,38.99122280000006],[35.81555750000001,38.99108390000015],[35.814866900000084,38.99067690000004],[35.81397530000004,38.99097560000007],[35.81377190000006,38.990964700000006],[35.812101700000085,38.99037970000029],[35.81159780000013,38.990428300000076],[35.81133310000007,38.99033190000006],[35.811214199999995,38.99015810000043],[35.809473900000114,38.989911100000086],[35.80890280000011,38.989890800000694],[35.80833140000004,38.990064400000165],[35.807846400000074,38.99043170000033],[35.806753300000025,38.990672200000176],[35.80546280000004,38.99051500000047],[35.80447110000006,38.99000970000009],[35.80408640000019,38.99000920000003],[35.801111100000014,38.98579690000054],[35.80157890000004,38.985393600000066],[35.80173780000018,38.985505000000046],[35.802570600000024,38.9848358000001],[35.80284920000014,38.98493830000001],[35.80323690000006,38.98459250000036],[35.803373599999986,38.98465060000001],[35.80411500000008,38.983985600000096],[35.80396170000017,38.98390970000003],[35.80471940000018,38.983538099999976],[35.80871780000007,38.98012470000003],[35.80827440000013,38.97991530000007],[35.80610390000015,38.97927830000049],[35.803145000000086,38.97905440000011],[35.798327200000074,38.97815750000012],[35.79740190000007,38.978065800000024],[35.796957500000076,38.97857640000018],[35.796256700000185,38.979872800000294],[35.79360690000016,38.97922390000025],[35.7930889000001,38.979369700000234],[35.79255390000009,38.979399700000045],[35.79186110000012,38.978914400000576],[35.7915764,38.97891830000003],[35.79105940000005,38.97865080000008],[35.79084780000011,38.97904580000011],[35.78987670000009,38.978440000000035],[35.790098600000135,38.97836940000025],[35.791068100000075,38.977642800000524],[35.78793000000013,38.974157500000274],[35.79016360000003,38.97154890000007],[35.791315300000065,38.970653600000105],[35.795750800000064,38.96712810000008],[35.79451610000007,38.96455470000012],[35.79413580000005,38.9632864000007],[35.79409940000005,38.9620872000001],[35.79418110000006,38.961475600000085],[35.793920800000194,38.96023860000008],[35.79357360000006,38.95964529999998],[35.79337110000017,38.959488300000146],[35.79420080000011,38.957485300000144],[35.79368530000005,38.957171700000174],[35.794676100000174,38.95624970000006],[35.795019400000115,38.956437800000344],[35.7955664000001,38.955401900000254],[35.79625470000019,38.95497690000008],[35.79616750000008,38.95489720000006],[35.79682610000003,38.953930600000376],[35.79757220000016,38.95310140000015],[35.798790300000064,38.952272800000344],[35.79892690000014,38.95197970000061],[35.799503900000104,38.95160580000004],[35.799641900000154,38.950825600000144],[35.79924360000007,38.95042330000007],[35.79854310000019,38.94915640000005],[35.797462800000176,38.94802420000053],[35.7976908,38.947956100000226],[35.797507800000176,38.94770580000011],[35.79740750000019,38.947736900000564],[35.796985300000074,38.9471681000004],[35.797089700000186,38.947090000000685],[35.796819200000186,38.94656500000008],[35.79719580000011,38.946322200000395],[35.79703220000005,38.94617830000021],[35.79883110000003,38.94485140000006],[35.798591700000145,38.94467920000017],[35.79903720000004,38.94409610000059],[35.79902970000012,38.94387750000027],[35.79916250000008,38.9436031000003],[35.79900280000004,38.94352470000007],[35.79936860000009,38.94281640000008],[35.798658100000125,38.94249359999998],[35.79916360000004,38.941810800000155],[35.79971470000015,38.94065330000012],[35.79985440000013,38.94068470000042],[35.79985530000005,38.93954970000016],[35.797600800000055,38.939713900000015],[35.79754029999998,38.93941170000011],[35.79660170000017,38.93944970000001],[35.79672420000014,38.93840670000009],[35.79652279999999,38.938376900000094],[35.79671560000014,38.93699440000012],[35.79642360000014,38.93556190000004],[35.79596360000011,38.93556110000014],[35.79593610000012,38.93513280000042],[35.796118100000115,38.93447890000016],[35.79526110000006,38.934477200000174],[35.79538890000015,38.93391670000034],[35.79613690000008,38.93227920000021],[35.79660940000008,38.93230470000003],[35.79670420000008,38.93220170000001],[35.79675689999999,38.93140940000018],[35.796991100000014,38.93096690000016],[35.796204999999986,38.93054220000005],[35.797200800000155,38.929252500000246],[35.79708560000006,38.92912440000066],[35.79840750000017,38.92798390000007],[35.79968830000007,38.92618360000034],[35.79946189999998,38.926060300000074],[35.800315800000135,38.924846100000025],[35.80041670000014,38.924895600000355],[35.801047200000085,38.92404440000013],[35.80108580000007,38.92396140000051],[35.800704999999994,38.923832800000525],[35.801537800000176,38.92270780000052],[35.7961633000001,38.920813900000496],[35.79660030000019,38.92000250000018],[35.796436700000186,38.91997280000004],[35.79588360000008,38.91958810000017],[35.796010000000024,38.9193767000001],[35.79657580000014,38.918698300000244],[35.79706470000008,38.91907000000009],[35.797468600000116,38.91876940000009],[35.79837860000009,38.91902470000025],[35.79890190000003,38.91890999999998],[35.79941140000011,38.91899920000009],[35.79971670000015,38.91895890000012],[35.80127720000013,38.918444400000055],[35.80241390000003,38.917927800000086],[35.803027800000166,38.91754190000012],[35.80343720000013,38.917518600000335],[35.80372030000012,38.91760080000006],[35.804072200000064,38.91799610000004],[35.804215800000065,38.91803720000007],[35.8057761,38.91791169999999],[35.8085506000001,38.917416100000025],[35.80877640000011,38.9171303],[35.80856110000008,38.91639310000011],[35.80853580000007,38.9157606],[35.808757200000116,38.914208299999984],[35.8085789000001,38.914175300000466],[35.8095019000001,38.912793900000565],[35.80980220000009,38.911753100000055],[35.8131808,38.911116900000366],[35.814373900000135,38.911081700000295],[35.81459140000004,38.91102830000017],[35.814800600000126,38.91065220000064],[35.815758100000096,38.910807200000136],[35.815676400000086,38.91094330000021],[35.81704810000008,38.911357800000076],[35.81723610000017,38.91112080000033],[35.81942720000012,38.91167530000001],[35.81982190000008,38.91093670000038],[35.819655599999976,38.91084810000018],[35.82006280000013,38.90978170000005],[35.82256390000009,38.91017140000065],[35.82283970000003,38.909335],[35.82344530000006,38.90869670000012],[35.823654700000134,38.90826220000042],[35.82311080000005,38.907963900000254],[35.82425030000019,38.90677330000051],[35.824455600000135,38.906799200000194],[35.824774200000036,38.905658100000096],[35.824958100000174,38.905711900000085],[35.82507470000019,38.90542860000045],[35.82529170000004,38.9055869000004],[35.8256722000001,38.905580600000235],[35.82597970000012,38.905206700000065],[35.82669060000012,38.90524030000017],[35.827290000000175,38.9047042000002],[35.830245600000126,38.9053317000006],[35.82957390000013,38.906283600000165],[35.83247360000007,38.90664580000026],[35.83176060000005,38.907497800000044],[35.83169690000011,38.90793719999999],[35.831756400000074,38.90803940000046],[35.83226170000012,38.90818189999999],[35.83303390000009,38.908752800000514],[35.83329360000005,38.90843000000012],[35.834179200000165,38.9088519],[35.834458900000016,38.90884780000056],[35.83504670000019,38.90944280000008],[35.836114200000054,38.91026500000004],[35.83622780000019,38.91063080000015],[35.83627029999997,38.91154190000003],[35.836502200000155,38.91164220000013],[35.83744500000017,38.912415300000134],[35.83775030000004,38.912360000000035],[35.838328300000114,38.9119608000002],[35.83887890000017,38.91184780000009],[35.83900720000014,38.911745800000176],[35.83895390000015,38.91155280000055],[35.839505600000166,38.911030600000686],[35.83970310000018,38.910482200000104],[35.841118600000016,38.91085140000007],[35.84128810000004,38.91084000000001],[35.84177690000013,38.910401400000126],[35.84392720000005,38.91083670000012],[35.84466470000018,38.910939700000085],[35.845616900000095,38.91091780000005],[35.8459797000001,38.911006700000485],[35.84648420000008,38.91163940000007],[35.84790420000013,38.912415000000124],[35.8501447000001,38.91330750000043],[35.8504403,38.913725800000066],[35.852239199999985,38.914078300000256],[35.852774400000044,38.91414890000004],[35.85340530000019,38.914103100000034],[35.85357280000005,38.91365250000001],[35.855131400000005,38.913886700000035],[35.857023900000115,38.91378190000006],[35.85735390000008,38.913716900000054],[35.85825080000001,38.91326779999997],[35.858233300000165,38.91311420000005],[35.85950690000004,38.912938300000064],[35.860733300000106,38.91294420000003],[35.862392500000055,38.91308140000001],[35.86339250000003,38.91285470000008],[35.86399140000003,38.914463900000044],[35.86413360000006,38.91451140000021],[35.86522970000016,38.9138339000001],[35.86786060000003,38.91352060000065],[35.86685110000019,38.91234330000009],[35.86765500000007,38.91199080000001],[35.86986970000004,38.911361100000136],[35.87011390000015,38.91187170000029],[35.871267800000055,38.911636900000076],[35.87140470000003,38.911571900000354],[35.87088330000006,38.91032080000008],[35.87132390000005,38.91023780000046],[35.871397200000104,38.91037220000021],[35.873163900000065,38.909820000000025],[35.87303470000006,38.91045060000016],[35.87266390000008,38.9110103000001],[35.87273220000009,38.911220300000025],[35.87303610000015,38.91095080000048],[35.87301810000008,38.91139390000001],[35.87313830000011,38.91163580000017],[35.87296329999998,38.91178750000006],[35.873016100000086,38.91246110000003],[35.873741700000096,38.91247640000023],[35.875360600000135,38.91228310000008],[35.87569310000009,38.912604200000146],[35.875697200000104,38.91287780000005],[35.875854400000094,38.91315940000061],[35.87591060000017,38.91352640000042],[35.87656330000016,38.91533890000011],[35.87662720000009,38.91579440000049],[35.87690360000005,38.91640360000008],[35.877055000000155,38.91654810000068],[35.877097200000094,38.91620860000012],[35.87699080000016,38.91580390000007],[35.87710420000013,38.915539200000694],[35.87707530000006,38.915083600000116],[35.87760780000008,38.91347560000048],[35.87811970000013,38.91326690000062],[35.879216100000065,38.912389400000166],[35.8799547000001,38.91197640000007],[35.88123890000014,38.91260060000002],[35.88198190000014,38.91315440000005],[35.88373810000013,38.91409670000036],[35.884864700000094,38.915151900000126],[35.88521250000008,38.91565560000038],[35.88567250000017,38.91611500000005],[35.88643530000019,38.915502200000105],[35.88761060000007,38.916371400000116],[35.88975060000007,38.91771220000004],[35.88981110000009,38.9178028000004],[35.88853440000014,38.91964170000017],[35.88832669999999,38.91982830000012],[35.888690000000054,38.92031560000015],[35.888777800000014,38.920599700000025],[35.888634700000125,38.92071580000004],[35.88918170000005,38.921130000000176],[35.889045000000124,38.92143640000012],[35.88951060000011,38.922619200000156],[35.89094530000017,38.922571100000084],[35.89134530000018,38.92274530000043],[35.89301500000016,38.92183],[35.893070800000146,38.92159470000007],[35.89341940000003,38.92161360000023],[35.893475300000034,38.92139080000027],[35.893610000000024,38.921335300000294],[35.89610640000012,38.921380600000134],[35.89610670000019,38.921225800000116],[35.89590080000016,38.92099670000016],[35.89520330000005,38.921008300000096],[35.895100600000035,38.92092170000018],[35.89540190000014,38.92067420000012],[35.896274200000164,38.92043360000014],[35.89607220000016,38.920079700000144],[35.89627310000009,38.91988190000012],[35.897759700000165,38.91943170000053],[35.899217500000134,38.919698100000005],[35.9006392,38.92019670000059],[35.90129420000005,38.92051690000011],[35.901293100000146,38.920638900000085],[35.90155470000008,38.92083440000005],[35.90270780000009,38.9215794000001],[35.9025036000001,38.92194670000043],[35.9025228000001,38.92219669999997],[35.902730800000086,38.922496100000046],[35.9027883,38.92282560000018],[35.903475600000036,38.923844700000075],[35.903140800000074,38.92401110000003],[35.90284440000005,38.92450330000008],[35.90326030000017,38.92527250000012],[35.90373530000005,38.92526140000007],[35.90432030000011,38.9265231],[35.90340390000017,38.926510800000415],[35.90343220000017,38.92710940000006],[35.903276700000106,38.92735530000016],[35.90413890000002,38.928090800000405],[35.90469530000007,38.92887140000033],[35.90518719025465,38.92914666962537],[35.904856523324895,38.929143895287666],[35.90473864437223,38.929381362645415],[35.904503900000066,38.92907310000032],[35.90382390000008,38.92891610000015],[35.903764200000126,38.92859580000027],[35.90366310000013,38.92847670000003],[35.90299390000018,38.92870720000025],[35.90264000000019,38.92851360000003],[35.901705000000106,38.927648900000065],[35.901104200000134,38.92803110000011],[35.90057920000004,38.92789970000058],[35.89844690000018,38.928040599999974],[35.89734420000008,38.929429400000174],[35.89693670000008,38.92956560000022],[35.89598970000009,38.93064780000009],[35.89578080000018,38.930961900000284],[35.89581420000013,38.931272500000034],[35.89519190000016,38.932309700000246],[35.894973100000186,38.932930600000134],[35.89442420000006,38.93357000000043],[35.89374360000005,38.93467530000004],[35.89346060000008,38.93592110000009],[35.893022500000086,38.93698860000012],[35.891773600000136,38.93869920000009],[35.891548899999975,38.93809249999998],[35.89029220000009,38.938003300000105],[35.88857500000012,38.9385147000001],[35.88828080000013,38.93896890000002],[35.88790250000011,38.9391203000003],[35.88763750000004,38.93947580000008],[35.886614200000054,38.93940970000011],[35.88650280000007,38.94040780000006],[35.88561190000013,38.9398683],[35.885220300000015,38.940523300000564],[35.88231780000007,38.94299920000043],[35.88198920000019,38.943806100000074],[35.8808997000001,38.945835000000045],[35.88055830000013,38.946993599999985],[35.880283900000165,38.948530800000526],[35.88058390000009,38.949061400000005],[35.87902720000011,38.95183190000046],[35.87790720000015,38.95441360000001],[35.878397199999995,38.95711810000017],[35.87637060000003,38.959948600000075],[35.87619890000019,38.96172139999999],[35.87631330000005,38.96184390000036],[35.875934400000176,38.96311030000015],[35.875737200000174,38.96328500000004],[35.87556170000005,38.96363940000009],[35.87548420000002,38.96423280000016],[35.87522060000009,38.96481750000055],[35.875230800000054,38.96510360000042],[35.87546500000008,38.96569310000052],[35.87607560000015,38.96688080000001],[35.87649670000013,38.96696670000006],[35.877508600000056,38.96692060000015],[35.880106100000035,38.967310800000064],[35.87995720000015,38.967866900000104],[35.87879610000016,38.96881360000043],[35.87813250000016,38.96983330000006],[35.87818030000017,38.97077280000053],[35.878393600000095,38.970756100000074],[35.87881470000008,38.97398440000052],[35.87796470000012,38.97832190000008],[35.87767030000009,38.98644860000013],[35.87613560000011,38.98594390000062],[35.874677200000065,38.98563360000003],[35.874366900000155,38.985783100000106],[35.873997800000154,38.98581580000018],[35.87358030000007,38.985743600000035],[35.872733600000174,38.985825300000045],[35.872233300000175,38.98574110000004],[35.87233170000013,38.98533060000068],[35.87050860000011,38.98484860000008],[35.86925890000009,38.984311400000195]]],"type":"Polygon"}},{"type":"Feature","properties":{"area_id":"TR-38-002-180931","name_tr":"Sultanhanı","area_level":"neighbourhood","parent_id":"TR-38-002","endeksa_id":180931},"geometry":{"coordinates":[[[35.91848970000012,38.99377940000056],[35.91840000000013,38.99425580000019],[35.918679399999974,38.99472310000016],[35.918308300000035,38.99478890000006],[35.9180578000001,38.995055300000104],[35.91818670000009,38.99526810000009],[35.918453300000124,38.99525580000051],[35.9185389000001,38.99536030000013],[35.91844529999997,38.9955983000001],[35.917806400000075,38.99586940000012],[35.91744110000002,38.99621860000059],[35.915654200000176,38.99526750000041],[35.9150011000001,38.99509280000052],[35.91159140000008,38.99142060000008],[35.90985670000009,38.99226110000035],[35.90891220000009,38.991445800000065],[35.90776500000004,38.99061470000004],[35.908172800000045,38.99016139999998],[35.907248600000116,38.98969720000031],[35.9075294000001,38.98913810000005],[35.907661700000176,38.98865470000038],[35.905380300000104,38.98801720000006],[35.90520580000003,38.98838780000017],[35.903887200000156,38.98780750000009],[35.90375110000008,38.98814170000003],[35.902042800000174,38.98734580000007],[35.902072800000155,38.98711080000004],[35.901326100000176,38.987037200000486],[35.90101060000018,38.98834470000031],[35.89999330000006,38.98818670000003],[35.89946080000004,38.98924060000019],[35.897691100000145,38.989815000000135],[35.897224700000095,38.98973530000012],[35.89714330000015,38.99019860000004],[35.896480800000006,38.9907742000006],[35.89537310000003,38.99106780000005],[35.893076900000096,38.99088580000006],[35.89211580000017,38.990660800000455],[35.89186890000019,38.99126640000014],[35.89023530000003,38.99120140000042],[35.888656100000105,38.990968599999974],[35.88735860000003,38.99090640000003],[35.88669830000009,38.990793900000085],[35.88597330000016,38.99053250000014],[35.88571420000005,38.99087000000003],[35.88487920000006,38.99054860000041],[35.884088100000156,38.98986920000033],[35.88204330000008,38.989349200000106],[35.881029700000056,38.98890530000051],[35.880570600000055,38.989653100000055],[35.87765310000009,38.98659110000017],[35.87767030000009,38.98644860000013],[35.87796470000012,38.97832190000008],[35.87881470000008,38.97398440000052],[35.878393600000095,38.970756100000074],[35.87818030000017,38.97077280000053],[35.87813250000016,38.96983330000006],[35.87879610000016,38.96881360000043],[35.87995720000015,38.967866900000104],[35.880106100000035,38.967310800000064],[35.877508600000056,38.96692060000015],[35.87649670000013,38.96696670000006],[35.87607560000015,38.96688080000001],[35.87546500000008,38.96569310000052],[35.875230800000054,38.96510360000042],[35.87522060000009,38.96481750000055],[35.87548420000002,38.96423280000016],[35.87556170000005,38.96363940000009],[35.875737200000174,38.96328500000004],[35.875934400000176,38.96311030000015],[35.87631330000005,38.96184390000036],[35.87619890000019,38.96172139999999],[35.87637060000003,38.959948600000075],[35.878397199999995,38.95711810000017],[35.87790720000015,38.95441360000001],[35.87902720000011,38.95183190000046],[35.88058390000009,38.949061400000005],[35.880283900000165,38.948530800000526],[35.88055830000013,38.946993599999985],[35.8808997000001,38.945835000000045],[35.88198920000019,38.943806100000074],[35.88231780000007,38.94299920000043],[35.885220300000015,38.940523300000564],[35.88561190000013,38.9398683],[35.88650280000007,38.94040780000006],[35.886614200000054,38.93940970000011],[35.88763750000004,38.93947580000008],[35.88790250000011,38.9391203000003],[35.88828080000013,38.93896890000002],[35.88857500000012,38.9385147000001],[35.89029220000009,38.938003300000105],[35.891548899999975,38.93809249999998],[35.891773600000136,38.93869920000009],[35.893022500000086,38.93698860000012],[35.89346060000008,38.93592110000009],[35.89374360000005,38.93467530000004],[35.89442420000006,38.93357000000043],[35.894973100000186,38.932930600000134],[35.89519190000016,38.932309700000246],[35.89581420000013,38.931272500000034],[35.89578080000018,38.930961900000284],[35.89598970000009,38.93064780000009],[35.89693670000008,38.92956560000022],[35.89734420000008,38.929429400000174],[35.89844690000018,38.928040599999974],[35.90057920000004,38.92789970000058],[35.90096360000001,38.933282500000075],[35.90106920000005,38.93381080000046],[35.90083360000011,38.93421030000047],[35.90085310000012,38.93444530000005],[35.901645300000155,38.93615940000012],[35.90162860000015,38.936306400000035],[35.9013508000001,38.93659220000001],[35.90144060000006,38.93698190000015],[35.901687200000026,38.937390300000175],[35.901741700000116,38.938348099999985],[35.901868100000115,38.938663599999984],[35.90146670000007,38.93878110000014],[35.901551900000015,38.93899640000035],[35.90071970000008,38.93939670000043],[35.901185000000055,38.940121900000065],[35.90129810000019,38.94074110000014],[35.901712200000134,38.941157800000155],[35.90177360000007,38.94133419999997],[35.90187640000005,38.941296700000066],[35.902033900000106,38.94143640000044],[35.90197360000013,38.941907500000184],[35.902343600000165,38.94197250000002],[35.902505800000085,38.94189110000008],[35.90298440000009,38.9419278000006],[35.9033644000001,38.94172640000028],[35.90377999999998,38.94178610000006],[35.904041700000164,38.94125000000065],[35.90563080000004,38.94118639999999],[35.90609690000002,38.94108080000018],[35.905988100000116,38.94493810000063],[35.911997800000165,38.94717609999998],[35.912338100000056,38.94764360000016],[35.91266530000013,38.94742920000033],[35.917357200000026,38.94920170000012],[35.91976420000003,38.953316400000176],[35.91955500000017,38.961845000000096],[35.92035780000015,38.96186970000036],[35.92009190000016,38.96303250000011],[35.922576700000036,38.96295810000004],[35.92268000000007,38.96407750000043],[35.92321579999998,38.9639964000001],[35.923165800000106,38.96528420000044],[35.923380600000144,38.96625690000013],[35.92353310000016,38.96681670000004],[35.92368580000016,38.96700690000051],[35.923810600000024,38.96764830000029],[35.92404030000017,38.9677300000003],[35.92393670000013,38.96850250000011],[35.92044810000016,38.968586400000106],[35.920380600000044,38.96953860000019],[35.92056280000003,38.96953860000019],[35.92109610000011,38.97148250000009],[35.92140530000012,38.97148280000016],[35.92143250000004,38.971719699999994],[35.92289000000005,38.97157830000003],[35.922871700000144,38.97320720000016],[35.923508900000115,38.97606030000014],[35.92398220000018,38.977495600000054],[35.92385970000015,38.97836140000015],[35.92451610000012,38.97887030000015],[35.92544810000015,38.9799483000005],[35.92492310000006,38.98038750000006],[35.925905300000124,38.98075440000008],[35.92583330000019,38.98093530000045],[35.925943300000085,38.98137060000005],[35.92634580000015,38.98183610000001],[35.926174400000036,38.98207750000046],[35.92489860000012,38.98250750000051],[35.92409720000012,38.98357560000005],[35.923843100000056,38.98370890000007],[35.92364420000007,38.98376500000046],[35.92342890000003,38.983682800000054],[35.9231094000001,38.98302780000006],[35.92273940000018,38.98303610000005],[35.922441100000185,38.98328580000009],[35.92262280000011,38.98389780000008],[35.923273600000186,38.98444560000064],[35.92316860000017,38.98453580000029],[35.92209190000011,38.984431700000016],[35.92191530000002,38.9845653000001],[35.92193170000013,38.984690300000125],[35.922350800000174,38.985168900000076],[35.92232280000019,38.985380000000134],[35.92202440000017,38.98561670000004],[35.922040600000116,38.985995800000296],[35.92241530000018,38.98674170000004],[35.922398600000065,38.986858100000234],[35.92215560000005,38.98697830000009],[35.921664200000066,38.98699970000007],[35.921685800000034,38.98723220000028],[35.92195080000016,38.98737030000018],[35.921884400000124,38.98754690000038],[35.92169640000003,38.987693300000046],[35.92153030000014,38.988171700000066],[35.920866900000135,38.988955300000384],[35.92054580000007,38.98967470000008],[35.92037440000007,38.98988140000063],[35.92052890000008,38.99015310000004],[35.921550000000025,38.990347800000166],[35.92158830000017,38.990537200000176],[35.9208594000001,38.990678900000034],[35.920545300000185,38.990504400000304],[35.92037920000013,38.99053220000047],[35.920279700000094,38.99065690000049],[35.92031280000015,38.99075610000017],[35.92068810000012,38.99098920000063],[35.92068220000016,38.99110110000015],[35.92024580000009,38.99139389999999],[35.91984890000015,38.991353300000014],[35.91967940000012,38.99093860000016],[35.919445800000176,38.99077720000014],[35.91862220000007,38.99157360000015],[35.91845970000014,38.991570600000045],[35.918429200000105,38.99147890000029],[35.91850920000013,38.991061100000024],[35.91839080000011,38.99101780000018],[35.918230800000174,38.99111670000019],[35.91814220000015,38.99129330000005],[35.918125000000146,38.991771700000356],[35.918471700000055,38.99277170000016],[35.91848970000012,38.99377940000056]]],"type":"Polygon"}},{"type":"Feature","properties":{"area_id":"TR-38-002-180919","name_tr":"Karahıdır","area_level":"neighbourhood","parent_id":"TR-38-002","endeksa_id":180919},"geometry":{"coordinates":[[[35.80408640000019,38.99000920000003],[35.80352190000019,38.99020720000004],[35.802608600000156,38.99016310000013],[35.80132830000008,38.990588600000194],[35.8001733000001,38.992012500000385],[35.79810920000017,38.99182360000003],[35.795127200000024,38.99301640000067],[35.793388600000014,38.993968600000585],[35.79336890000019,38.994467500000155],[35.79271110000013,38.994452200000126],[35.79047860000014,38.99558890000003],[35.78905000000003,38.996712800000125],[35.78789720000009,38.99721000000005],[35.787420300000065,38.99787920000017],[35.78622970000009,38.99883860000011],[35.78547940000004,38.999101900000085],[35.78503940000002,38.999798100000135],[35.78517330000011,39.00086470000025],[35.78500750000006,39.00183940000011],[35.785045600000046,39.00239860000033],[35.785211700000104,39.002762800000085],[35.785509200000035,39.00309170000048],[35.78370720000015,39.00301310000037],[35.78252190000012,39.00280530000009],[35.78237830000012,39.00300170000014],[35.78185530000019,39.00270060000008],[35.78025110000016,39.002178900000274],[35.77469279999997,39.00338970000013],[35.771559700000125,39.00340470000009],[35.77042970000002,39.00017500000001],[35.77008110000014,38.99779140000015],[35.76873360000002,38.99409080000004],[35.76533060000003,38.99077860000011],[35.76208470000006,38.988362499999994],[35.74956470000012,38.987317500000586],[35.740604700000006,38.98393080000017],[35.74331720000009,38.978936700000645],[35.75091720000012,38.97047140000046],[35.759169700000086,38.97137560000067],[35.76573189999999,38.96611110000015],[35.77055330000013,38.96397690000009],[35.77095780000002,38.96414860000027],[35.77273190000011,38.96539170000045],[35.77306670000007,38.96600890000036],[35.776474700000165,38.965197500000045],[35.776829700000064,38.964991900000086],[35.77801750000009,38.96629920000004],[35.778373300000055,38.966408100000194],[35.778852800000095,38.96615860000031],[35.778988100000106,38.96643250000005],[35.77989110000004,38.96651390000022],[35.78206860000006,38.966407500000116],[35.78329420000006,38.96535890000007],[35.78531920000012,38.96501940000002],[35.788326700000084,38.96843170000045],[35.7890539,38.96869110000006],[35.790053900000146,38.96938530000011],[35.79039280000012,38.96981280000068],[35.791110300000184,38.970202800000266],[35.791315300000065,38.970653600000105],[35.79016360000003,38.97154890000007],[35.78793000000013,38.974157500000274],[35.791068100000075,38.977642800000524],[35.790098600000135,38.97836940000025],[35.78987670000009,38.978440000000035],[35.79084780000011,38.97904580000011],[35.79105940000005,38.97865080000008],[35.7915764,38.97891830000003],[35.79186110000012,38.978914400000576],[35.79255390000009,38.979399700000045],[35.7930889000001,38.979369700000234],[35.79360690000016,38.97922390000025],[35.796256700000185,38.979872800000294],[35.796957500000076,38.97857640000018],[35.79740190000007,38.978065800000024],[35.798327200000074,38.97815750000012],[35.803145000000086,38.97905440000011],[35.80610390000015,38.97927830000049],[35.80827440000013,38.97991530000007],[35.80871780000007,38.98012470000003],[35.80471940000018,38.983538099999976],[35.80396170000017,38.98390970000003],[35.80411500000008,38.983985600000096],[35.803373599999986,38.98465060000001],[35.80323690000006,38.98459250000036],[35.80284920000014,38.98493830000001],[35.802570600000024,38.9848358000001],[35.80173780000018,38.985505000000046],[35.80157890000004,38.985393600000066],[35.801111100000014,38.98579690000054],[35.80408640000019,38.99000920000003]]],"type":"Polygon"}},{"type":"Feature","properties":{"area_id":"TR-38-002-180917","name_tr":"Karacaören","area_level":"neighbourhood","parent_id":"TR-38-002","endeksa_id":180917},"geometry":{"coordinates":[[[35.94978060000011,39.004713100000345],[35.9491197000001,39.0050925000001],[35.94846250000012,39.00530390000006],[35.948500600000045,39.00557500000025],[35.948323100000096,39.00563189999997],[35.94765390000015,39.005467800000076],[35.94715830000018,39.00544690000015],[35.945590000000095,39.00583970000048],[35.945475300000055,39.005798900000116],[35.945472800000175,39.00476250000003],[35.94560860000007,39.00448860000006],[35.94555690000004,39.003707200000065],[35.94122780000015,39.00426140000013],[35.94145330000015,39.00488810000007],[35.939380800000094,39.005220800000075],[35.93789940000005,39.00561330000022],[35.93614140000011,39.004017200000135],[35.93590170000016,39.003881400000125],[35.93449640000006,39.00448310000013],[35.93433330000005,39.00420080000009],[35.93302920000019,39.0046475000006],[35.93247000000008,39.003969200000256],[35.93171560000019,39.00380059999998],[35.93060390000005,39.002961400000174],[35.930018600000096,39.00275390000024],[35.92929720000012,39.00222000000048],[35.92949580000004,39.0020275],[35.92845310000007,39.001611900000114],[35.92826530000019,39.00181249999997],[35.927233100000024,39.0013100000005],[35.92715310000017,39.00138060000012],[35.92631640000002,39.001101100000085],[35.925646100000165,39.00104440000001],[35.92486250000019,39.00067640000066],[35.92513060000016,39.000456900000074],[35.92341810000005,38.99917810000068],[35.924005799999975,38.998766100000694],[35.923335600000144,38.99824470000004],[35.92259080000014,38.99881670000008],[35.92240670000018,38.998759400000495],[35.92146780000013,38.99736780000046],[35.91969530000006,38.99516970000013],[35.91901940000008,38.99419500000016],[35.91848970000012,38.99377940000056],[35.918471700000055,38.99277170000016],[35.918125000000146,38.991771700000356],[35.91814220000015,38.99129330000005],[35.918230800000174,38.99111670000019],[35.91839080000011,38.99101780000018],[35.91850920000013,38.991061100000024],[35.918429200000105,38.99147890000029],[35.91845970000014,38.991570600000045],[35.91862220000007,38.99157360000015],[35.919445800000176,38.99077720000014],[35.91967940000012,38.99093860000016],[35.91984890000015,38.991353300000014],[35.92024580000009,38.99139389999999],[35.92068220000016,38.99110110000015],[35.92068810000012,38.99098920000063],[35.92031280000015,38.99075610000017],[35.920279700000094,38.99065690000049],[35.92037920000013,38.99053220000047],[35.920545300000185,38.990504400000304],[35.9208594000001,38.990678900000034],[35.92158830000017,38.990537200000176],[35.921550000000025,38.990347800000166],[35.92052890000008,38.99015310000004],[35.92037440000007,38.98988140000063],[35.92054580000007,38.98967470000008],[35.920866900000135,38.988955300000384],[35.92153030000014,38.988171700000066],[35.92169640000003,38.987693300000046],[35.921884400000124,38.98754690000038],[35.92195080000016,38.98737030000018],[35.921685800000034,38.98723220000028],[35.921664200000066,38.98699970000007],[35.92215560000005,38.98697830000009],[35.922398600000065,38.986858100000234],[35.92241530000018,38.98674170000004],[35.922040600000116,38.985995800000296],[35.92202440000017,38.98561670000004],[35.92232280000019,38.985380000000134],[35.922350800000174,38.985168900000076],[35.92193170000013,38.984690300000125],[35.92191530000002,38.9845653000001],[35.92209190000011,38.984431700000016],[35.92316860000017,38.98453580000029],[35.923273600000186,38.98444560000064],[35.92262280000011,38.98389780000008],[35.922441100000185,38.98328580000009],[35.92273940000018,38.98303610000005],[35.9231094000001,38.98302780000006],[35.92342890000003,38.983682800000054],[35.92364420000007,38.98376500000046],[35.923843100000056,38.98370890000007],[35.92409720000012,38.98357560000005],[35.92489860000012,38.98250750000051],[35.926174400000036,38.98207750000046],[35.92634580000015,38.98183610000001],[35.925943300000085,38.98137060000005],[35.92583330000019,38.98093530000045],[35.925905300000124,38.98075440000008],[35.92492310000006,38.98038750000006],[35.92544810000015,38.9799483000005],[35.92451610000012,38.97887030000015],[35.92385970000015,38.97836140000015],[35.92398220000018,38.977495600000054],[35.923508900000115,38.97606030000014],[35.922871700000144,38.97320720000016],[35.92289000000005,38.97157830000003],[35.92143250000004,38.971719699999994],[35.92140530000012,38.97148280000016],[35.92109610000011,38.97148250000009],[35.92056280000003,38.96953860000019],[35.920380600000044,38.96953860000019],[35.92044810000016,38.968586400000106],[35.92393670000013,38.96850250000011],[35.92404030000017,38.9677300000003],[35.923810600000024,38.96764830000029],[35.92368580000016,38.96700690000051],[35.92353310000016,38.96681670000004],[35.923380600000144,38.96625690000013],[35.923165800000106,38.96528420000044],[35.92321579999998,38.9639964000001],[35.92268000000007,38.96407750000043],[35.922576700000036,38.96295810000004],[35.92009190000016,38.96303250000011],[35.92035780000015,38.96186970000036],[35.91955500000017,38.961845000000096],[35.91976420000003,38.953316400000176],[35.917357200000026,38.94920170000012],[35.920514700000126,38.94756750000005],[35.92026250000009,38.94715560000043],[35.920015000000035,38.94701030000016],[35.919964700000094,38.94686360000043],[35.92010060000018,38.94661500000046],[35.922028599999976,38.946517800000095],[35.925426700000116,38.9443253],[35.93054580000006,38.9444158000004],[35.93443860000008,38.944336700000065],[35.93520530000012,38.944998600000304],[35.935962800000084,38.9454856000001],[35.93654750000013,38.94528170000012],[35.93799580000007,38.94593670000012],[35.93840360000007,38.945404400000484],[35.94079000000016,38.9468078000001],[35.94144360000007,38.94617640000041],[35.944489200000135,38.94826890000053],[35.94568890000011,38.94879670000017],[35.94621190000004,38.94886690000027],[35.94811670000007,38.94919170000014],[35.94824560000012,38.94929560000003],[35.94913970000016,38.94940310000004],[35.94949750000012,38.9492767000001],[35.95158250000014,38.94946670000019],[35.951624200000026,38.94937250000004],[35.95324560000006,38.949762500000475],[35.95309170000013,38.950213900000165],[35.95443310000013,38.95064030000009],[35.95446140000013,38.95080780000012],[35.95406919999999,38.950861100000054],[35.95396420000003,38.95090529999999],[35.95403670000019,38.950987500000224],[35.95346670000009,38.95115750000008],[35.95345470000018,38.95128060000013],[35.95384640000003,38.951448100000675],[35.95362000000017,38.951700600000095],[35.95326780000016,38.95282689999999],[35.95271810000014,38.95270690000001],[35.952220300000135,38.953587200000015],[35.95317810000017,38.95399780000025],[35.95292720000003,38.95430060000007],[35.95316420000012,38.95420470000067],[35.95327890000016,38.95434810000046],[35.95379830000019,38.954355000000135],[35.954248300000074,38.954501900000025],[35.954345600000124,38.9546325],[35.95432920000002,38.95496079999998],[35.95509670000013,38.955712200000164],[35.954910600000176,38.955964400000255],[35.9555453000001,38.95607530000001],[35.95586470000006,38.95568720000006],[35.956143900000086,38.955043600000124],[35.95652780000006,38.95523559999998],[35.956628600000045,38.95547470000008],[35.95701190000011,38.95569059999997],[35.95754250000016,38.955826700000046],[35.957296900000074,38.95625110000003],[35.95858970000012,38.95661360000014],[35.95832190000016,38.95706250000052],[35.95932330000005,38.957412200000135],[35.95910390000006,38.95764220000052],[35.95847780000008,38.95741080000005],[35.95504080000012,38.95669940000016],[35.95493560000011,38.957075599999996],[35.95424310000004,38.95693250000005],[35.95423280000006,38.95724920000015],[35.95478190000017,38.95738080000007],[35.95456470000016,38.95760560000019],[35.954729700000144,38.95775940000027],[35.95447750000005,38.957990000000166],[35.95457310000012,38.95808280000006],[35.954326700000024,38.95837420000015],[35.954480300000114,38.95847830000042],[35.954332200000124,38.95876530000004],[35.955079200000114,38.95919500000002],[35.95484440000001,38.959362200000044],[35.95529890000017,38.959636100000296],[35.955373900000154,38.959961700000235],[35.955660600000044,38.95982170000019],[35.95747060000008,38.95936110000014],[35.95848640000008,38.960494200000085],[35.960387500000024,38.96319810000017],[35.96119670000019,38.96379890000014],[35.96132310000013,38.96385140000001],[35.96163000000013,38.96320280000003],[35.96217110000015,38.96255390000016],[35.96274610000012,38.962595600000384],[35.96348250000011,38.962300300000095],[35.96416920000007,38.96249640000019],[35.96529060000017,38.96304220000002],[35.96609220000005,38.96316580000013],[35.96629000000007,38.96305360000008],[35.9661703000001,38.96257190000006],[35.96623220000009,38.96245860000005],[35.96556140000018,38.961962200000016],[35.9660803000001,38.961246400000164],[35.966737200000125,38.9607175000001],[35.96777500000019,38.96179500000022],[35.96782810000013,38.961963100000276],[35.96771690000003,38.962350800000024],[35.96781220000008,38.962506900000506],[35.96814140000015,38.962676400000134],[35.96877030000013,38.96330560000018],[35.96835080000005,38.963611900000274],[35.96829530000008,38.963946400000054],[35.96843940000008,38.96405360000023],[35.96959390000006,38.96678110000016],[35.97088310000015,38.97166110000012],[35.97276720000008,38.975201700000184],[35.97396470000001,38.97797750000018],[35.97619750000001,38.98094470000052],[35.965657500000134,38.98707470000039],[35.96132750000015,38.98928560000036],[35.95740170000005,38.99186250000008],[35.95320860000004,38.994359400000235],[35.95311110000017,38.99474190000012],[35.95325360000004,38.99480719999997],[35.95325000000008,38.99489670000014],[35.953176900000074,38.99513810000036],[35.95302390000006,38.995290000000125],[35.95119830000016,38.99557390000018],[35.951003600000035,38.995747500000334],[35.95076030000013,38.995676900000035],[35.95047000000011,38.998362500000155],[35.95056030000012,38.99851719999998],[35.95065360000001,38.99929580000014],[35.95054220000003,38.99943420000005],[35.95065890000012,38.99963390000005],[35.95096890000019,39.000893899999994],[35.95057560000015,39.001278900000045],[35.9509614000001,39.001452800000095],[35.95098189999999,39.00187860000011],[35.95119030000001,39.00228280000016],[35.95109970000016,39.002559400000166],[35.951821900000084,39.00404920000011],[35.95139060000008,39.004285000000095],[35.95065640000007,39.0042117000001],[35.94978060000011,39.004713100000345]]],"type":"Polygon"}},{"type":"Feature","properties":{"area_id":"TR-38-002-180877","name_tr":"Karakaya","area_level":"neighbourhood","parent_id":"TR-38-002","endeksa_id":180877},"geometry":{"coordinates":[[[35.7214378000001,38.99224000000038],[35.721431100000075,38.99212530000011],[35.720673100000056,38.99214640000008],[35.72033080000017,38.992024700000684],[35.7200878000001,38.99176810000006],[35.719667800000025,38.9917253000001],[35.718966100000046,38.99185940000018],[35.71842110000006,38.991809400000136],[35.7181106000001,38.99128220000017],[35.71693720000019,38.99199060000035],[35.717320000000086,38.99235060000029],[35.71657220000003,38.99309420000003],[35.715980800000125,38.99361000000005],[35.714586900000086,38.9943731000003],[35.71434110000018,38.99438970000011],[35.71409890000018,38.994633299999975],[35.713839199999995,38.99537470000007],[35.71369220000014,38.995530300000155],[35.71353220000003,38.99602470000053],[35.71289750000011,38.99717280000016],[35.71249250000017,38.9981236000001],[35.71179280000018,38.999118100000146],[35.71192250000007,38.999226400000055],[35.71146219999997,39.00029890000019],[35.71051440000008,38.99964060000008],[35.710590800000034,38.99931420000007],[35.7107056000001,38.99927970000056],[35.7107486000001,38.999162500000125],[35.71077860000008,38.998879999999986],[35.710687200000166,38.998826399999984],[35.71011280000005,39.00028360000016],[35.70972080000013,39.00059970000035],[35.709357200000056,39.00049940000008],[35.70871560000012,39.00113220000003],[35.70815030000006,39.001254200000176],[35.708160000000134,39.00267670000011],[35.70788779999998,39.00303360000015],[35.70720640000013,39.004940799999986],[35.706714700000134,39.005191100000104],[35.706233300000065,39.005053100000055],[35.70574440000013,39.00506890000065],[35.70529860000016,39.00472940000009],[35.70385500000009,39.005106400000045],[35.703503300000136,39.005085000000065],[35.70306030000006,39.00519580000014],[35.70277750000014,39.00531030000019],[35.702694399999984,39.005455600000175],[35.70192640000005,39.00537580000014],[35.701135000000136,39.005671900000095],[35.70095970000017,39.006057500000054],[35.70076810000012,39.0061925],[35.70047280000006,39.00622219999997],[35.69968810000012,39.006010300000014],[35.69802640000012,39.00510440000039],[35.69778690000004,39.00506220000045],[35.6971200000001,39.005206400000304],[35.69649860000004,39.00507220000003],[35.69631640000006,39.00480530000016],[35.695450800000174,39.004260800000225],[35.69532670000007,39.00381560000034],[35.694262800000104,39.00371940000019],[35.692952200000036,39.00277470000003],[35.69215470000012,39.00244110000011],[35.69220830000012,39.00183360000011],[35.69191530000006,39.001360300000044],[35.69210060000012,39.00087640000015],[35.68965890000004,39.00005190000013],[35.68950810000018,38.9993606000005],[35.689317200000175,38.9990097000001],[35.68881720000002,38.99885810000012],[35.687516900000105,38.9979228000002],[35.687270800000135,38.99747220000006],[35.68747560000003,38.99465920000017],[35.687078900000074,38.99439780000057],[35.68673280000007,38.994326700000045],[35.68686309999998,38.99391670000006],[35.68721190000008,38.993356900000094],[35.68722810000003,38.992625800000326],[35.68751190000006,38.99226610000005],[35.68807610000016,38.99234780000006],[35.68834830000014,38.99167780000005],[35.68904080000004,38.99176970000019],[35.68938970000016,38.99121000000042],[35.689560800000095,38.99022920000027],[35.68927860000019,38.99018830000011],[35.68893690000016,38.98911579999998],[35.689296400000046,38.98909690000005],[35.689452800000026,38.98852670000008],[35.68991690000007,38.98801720000006],[35.69041780000015,38.98785830000003],[35.69066750000019,38.987103300000626],[35.69055330000015,38.98655690000004],[35.69097670000019,38.98621780000019],[35.69108110000013,38.985827500000084],[35.69059110000006,38.98496580000034],[35.68970750000017,38.98307030000018],[35.68972220000012,38.98265970000017],[35.68958310000016,38.98221890000008],[35.689290300000096,38.98165720000014],[35.688675800000055,38.981365300000505],[35.68759780000005,38.98146250000019],[35.68720170000012,38.98113110000031],[35.68626720000009,38.98067810000049],[35.68637190000004,38.980197499999974],[35.686771100000044,38.979818300000034],[35.68258170000013,38.97572170000001],[35.68239140000003,38.97527059999999],[35.681119700000124,38.97568750000039],[35.681920600000126,38.974398100000144],[35.682615300000066,38.97397940000013],[35.68357830000019,38.97372170000045],[35.683464200000174,38.97344110000017],[35.68420920000017,38.97322280000003],[35.68418560000015,38.97276220000015],[35.684481400000095,38.972592800000484],[35.68492440000017,38.97254750000013],[35.68562190000017,38.972806100000184],[35.68536560000007,38.97223610000009],[35.68495750000005,38.97224360000018],[35.68453580000016,38.971851900000104],[35.6843803000001,38.970792500000016],[35.683412500000145,38.970627200000024],[35.68211720000005,38.97058360000051],[35.67836720000014,38.97116890000012],[35.67744920000018,38.971738100000096],[35.672838100000035,38.96602940000014],[35.67313970000015,38.9660989000007],[35.67329000000012,38.96604860000008],[35.67324250000013,38.96539220000017],[35.67359970000018,38.964784400000156],[35.6744508000001,38.96398890000006],[35.67422390000013,38.963936100000126],[35.67444940000013,38.96336940000009],[35.67429830000009,38.96260390000003],[35.67197670000019,38.96131750000018],[35.669725800000094,38.95972530000006],[35.66603140000018,38.95365720000012],[35.66547440000005,38.952924400000256],[35.66584860000012,38.952435000000264],[35.66703830000017,38.95208560000049],[35.671869200000174,38.951080300000115],[35.67219420000009,38.95006970000031],[35.67218560000009,38.94917860000015],[35.67550750000015,38.94900780000006],[35.67693280000009,38.95135470000008],[35.67796940000005,38.95184810000001],[35.67881530000005,38.951920600000335],[35.67966750000005,38.950601100000085],[35.679373600000076,38.950430300000164],[35.67972190000012,38.94995060000008],[35.679518100000166,38.94963940000059],[35.681077500000185,38.94790170000016],[35.68674690000017,38.94744640000033],[35.698778900000036,38.94942060000011],[35.701911900000084,38.94840720000025],[35.703124400000036,38.943584199999975],[35.703101400000094,38.942973100000074],[35.70742360000014,38.9426636],[35.70903470000002,38.94063500000021],[35.71071310000019,38.94089940000009],[35.71037060000009,38.93687360000007],[35.7115022000001,38.935985300000254],[35.71441750000008,38.934780800000055],[35.71527250000014,38.93289830000009],[35.71607580000017,38.93280280000005],[35.71644970000017,38.932960300000104],[35.71727030000005,38.9330458000004],[35.71774170000015,38.93334670000007],[35.718484400000136,38.93400970000022],[35.71916749999997,38.934886400000096],[35.719845600000156,38.93670640000005],[35.71964890000004,38.937817200000154],[35.722483100000034,38.93710830000009],[35.722882200000015,38.937144200000034],[35.7231814000001,38.93753330000044],[35.72397470000004,38.93795360000007],[35.72475420000001,38.93775640000007],[35.72503470000015,38.937913900000126],[35.72574220000007,38.937197800000035],[35.726056900000174,38.9377106],[35.72703030000008,38.93743420000004],[35.72689810000014,38.93705420000009],[35.72695720000007,38.93657310000003],[35.72741940000009,38.93665000000004],[35.728220800000145,38.93752750000067],[35.72852030000007,38.93857329999997],[35.73046080000006,38.93850470000052],[35.73073780000004,38.938407800000164],[35.730505000000164,38.93749810000037],[35.73145080000006,38.93739220000049],[35.731185000000096,38.936316700000134],[35.733114400000034,38.93663140000007],[35.733215800000096,38.935410600000125],[35.733652500000176,38.935491700000625],[35.73382280000004,38.93508689999999],[35.734999200000004,38.93565860000058],[35.7352322000001,38.93536310000013],[35.73595830000016,38.935743900000034],[35.73661470000013,38.93538690000048],[35.73794029999999,38.93398250000013],[35.73828280000009,38.9341806000005],[35.73872610000018,38.93374060000019],[35.73829470000004,38.933387500000094],[35.73946500000005,38.932906100000025],[35.73978280000006,38.93383690000013],[35.7418186000001,38.933343100000116],[35.74162170000017,38.93276920000011],[35.74259580000012,38.93302440000008],[35.74254720000016,38.93165860000005],[35.74295720000015,38.931732800000475],[35.74890250000004,38.932147500000326],[35.74846690000004,38.93494250000015],[35.74837609999997,38.93528690000005],[35.748015300000134,38.935861400000306],[35.74886580000003,38.93605360000004],[35.74867780000011,38.93642000000034],[35.74867280000001,38.93652330000003],[35.74885030000013,38.93657000000013],[35.74879470000019,38.93682970000049],[35.75007470000003,38.937135000000524],[35.750018300000136,38.93764780000032],[35.75141310000009,38.9377647000004],[35.75122060000018,38.93804560000001],[35.75188190000017,38.93837000000002],[35.75222170000001,38.93863530000067],[35.75269220000007,38.938361900000075],[35.75390780000009,38.939119700000106],[35.75390030000017,38.9394522000004],[35.75488970000015,38.93968780000017],[35.75525750000003,38.93882690000004],[35.755921900000146,38.93919500000044],[35.75797810000006,38.939234699999986],[35.75792580000018,38.93984360000013],[35.75748640000006,38.94122420000065],[35.75713170000006,38.942801100000054],[35.7572267000001,38.94431810000049],[35.75677640000015,38.945335600000476],[35.75646080000013,38.94558420000044],[35.75638690000005,38.945858300000054],[35.75587940000014,38.94654080000004],[35.755535000000066,38.94683890000016],[35.755438900000115,38.94701890000016],[35.75545440000019,38.94740140000016],[35.754833900000165,38.947800000000086],[35.75473190000008,38.9479889000001],[35.75429220000012,38.94816810000003],[35.753410600000166,38.949229700000444],[35.75294750000006,38.94966390000013],[35.75184360000003,38.95031030000018],[35.75123780000018,38.95140940000067],[35.750624200000175,38.952130800000134],[35.75221780000004,38.95412140000053],[35.75261610000018,38.954771900000026],[35.75264360000011,38.95496970000005],[35.75387190000015,38.95626970000029],[35.755236900000114,38.95643310000031],[35.75636560000004,38.95672810000002],[35.75911920000016,38.9577481000004],[35.76108890000006,38.958345300000076],[35.761981700000035,38.95850750000017],[35.7631975000001,38.95858249999998],[35.76297940000018,38.95901890000039],[35.76328220000016,38.95909560000018],[35.763126900000145,38.95946670000012],[35.76290060000002,38.95969889999998],[35.76322940000006,38.95988970000013],[35.763133900000184,38.96008330000035],[35.762988900000096,38.960255800000084],[35.762074200000086,38.95980639999999],[35.76169810000005,38.96027440000017],[35.762261400000114,38.96050810000014],[35.761626400000125,38.961401900000055],[35.76154969999999,38.96140170000018],[35.76141330000007,38.96172920000009],[35.762594400000125,38.96261390000012],[35.762757500000134,38.963019200000076],[35.76274640000008,38.96325560000014],[35.76405920000019,38.963735299999996],[35.7643872000001,38.96393250000051],[35.7644322000001,38.964325300000326],[35.76466810000011,38.96441000000004],[35.76486220000015,38.964617499999974],[35.76496250000014,38.964870600000324],[35.765258600000095,38.96520310000011],[35.76537560000003,38.96576920000007],[35.76569190000009,38.96592420000013],[35.76573189999999,38.96611110000015],[35.759169700000086,38.97137560000067],[35.75091720000012,38.97047140000046],[35.74331720000009,38.978936700000645],[35.740604700000006,38.98393080000017],[35.73732940000008,38.982856900000286],[35.736789200000146,38.98292580000066],[35.7352686000001,38.98348440000018],[35.73390860000001,38.98477280000003],[35.73362810000009,38.98523310000007],[35.73133330000013,38.98543140000049],[35.73139250000003,38.98663580000016],[35.73126000000008,38.98667440000031],[35.73240030000011,38.987959200000034],[35.730487200000084,38.9886944000001],[35.73062779999998,38.988874200000055],[35.729544700000076,38.98909580000014],[35.729837200000134,38.989595300000076],[35.72852110000014,38.99009670000032],[35.72842079999998,38.99002360000031],[35.72712500000006,38.99087250000002],[35.72681080000018,38.990361900000096],[35.725659700000165,38.99090830000068],[35.72489920000015,38.991488600000025],[35.72433580000006,38.99149000000017],[35.723944400000164,38.99162440000009],[35.72344310000011,38.99159280000015],[35.723056700000086,38.99167610000012],[35.722749700000065,38.992060800000104],[35.72209720000012,38.99201940000006],[35.72179420000009,38.99218000000002],[35.7214378000001,38.99224000000038]]],"type":"Polygon"}},{"type":"Feature","properties":{"area_id":"TR-38-002-180935","name_tr":"Yağmurbey","area_level":"neighbourhood","parent_id":"TR-38-002","endeksa_id":180935},"geometry":{"coordinates":[[[35.763110000000154,39.02359360000003],[35.76304030000006,39.02435440000011],[35.76315080000012,39.02513970000007],[35.756429200000184,39.02424080000014],[35.753204700000026,39.02237440000005],[35.75248220000009,39.02218060000018],[35.752221100000156,39.021583599999985],[35.75198860000012,39.02136530000041],[35.74922310000011,39.02087110000019],[35.74835970000004,39.02016750000007],[35.74866190000017,39.0198728000002],[35.748095600000056,39.01963860000018],[35.74762080000005,39.01920750000022],[35.74718690000003,39.01856170000008],[35.743541400000026,39.017292800000064],[35.742326700000035,39.01651140000007],[35.74211810000003,39.01651110000023],[35.7419000000001,39.016865600000074],[35.74104750000009,39.01678140000007],[35.74071750000013,39.01649610000004],[35.74063390000015,39.01619110000007],[35.7407022000001,39.016052200000274],[35.738097800000105,39.01576830000005],[35.73763890000015,39.01590640000029],[35.73724920000001,39.01572030000017],[35.738233600000115,39.01345140000001],[35.73861560000012,39.013419200000044],[35.73912030000014,39.01275640000006],[35.73939890000008,39.01254690000013],[35.73942940000012,39.012373600000046],[35.73922470000008,39.012266700000055],[35.73895440000007,39.01257280000016],[35.73858670000004,39.01267190000004],[35.738109700000166,39.01247780000011],[35.737932200000046,39.01229220000039],[35.73787920000012,39.0105903000001],[35.73809690000019,39.00904170000001],[35.736647800000185,39.00854170000008],[35.73615780000017,39.00797110000008],[35.73673720000011,39.00733690000004],[35.736006700000075,39.00748080000005],[35.73542970000011,39.007466400000055],[35.73527890000008,39.006936400000086],[35.73553610000005,39.00627500000007],[35.73535170000008,39.00569190000033],[35.73494670000014,39.00504190000004],[35.73472670000007,39.00484310000007],[35.733713600000044,39.00510560000049],[35.733433300000115,39.005438100000106],[35.73259810000013,39.00564500000036],[35.732343900000046,39.0053822000001],[35.73188560000017,39.005257200000244],[35.73173250000008,39.00545750000015],[35.7318269000001,39.005635800000164],[35.73155060000016,39.00576140000004],[35.731118600000116,39.00565860000006],[35.73049689999999,39.00500170000009],[35.730372800000055,39.00514249999998],[35.72993500000007,39.005096900000126],[35.729848300000185,39.005341700000486],[35.72949670000003,39.00562560000003],[35.72835750000007,39.0054025],[35.72816190000009,39.00118779999997],[35.72824560000009,39.00105140000005],[35.727550300000075,39.00024109999998],[35.728075800000056,39.00013610000036],[35.728719700000056,38.99965780000008],[35.72816780000005,38.999125800000115],[35.72780940000007,38.999271100000556],[35.72707889999998,38.99787530000003],[35.726740600000085,38.997703900000204],[35.726318900000024,38.99653440000043],[35.72591580000005,38.99616670000006],[35.72544720000019,38.996389200000124],[35.72557030000007,38.997284400000126],[35.725045799999975,38.99716940000002],[35.72461080000005,38.996576900000036],[35.724524700000075,38.996220300000004],[35.72373690000006,38.99639280000008],[35.72370920000009,38.996021100000235],[35.72360310000016,38.99583890000008],[35.723234200000036,38.99572420000004],[35.72304170000007,38.99527640000008],[35.72241970000016,38.99523690000018],[35.72161420000009,38.99499250000002],[35.72177670000008,38.993210600000396],[35.72154360000013,38.99311920000014],[35.7214378000001,38.99224000000038],[35.72179420000009,38.99218000000002],[35.72209720000012,38.99201940000006],[35.722749700000065,38.992060800000104],[35.723056700000086,38.99167610000012],[35.72344310000011,38.99159280000015],[35.723944400000164,38.99162440000009],[35.72433580000006,38.99149000000017],[35.72489920000015,38.991488600000025],[35.725659700000165,38.99090830000068],[35.72681080000018,38.990361900000096],[35.72712500000006,38.99087250000002],[35.72842079999998,38.99002360000031],[35.72852110000014,38.99009670000032],[35.729837200000134,38.989595300000076],[35.729544700000076,38.98909580000014],[35.73062779999998,38.988874200000055],[35.730487200000084,38.9886944000001],[35.73240030000011,38.987959200000034],[35.73126000000008,38.98667440000031],[35.73139250000003,38.98663580000016],[35.73133330000013,38.98543140000049],[35.73362810000009,38.98523310000007],[35.73390860000001,38.98477280000003],[35.7352686000001,38.98348440000018],[35.736789200000146,38.98292580000066],[35.73732940000008,38.982856900000286],[35.740604700000006,38.98393080000017],[35.74956470000012,38.987317500000586],[35.76208470000006,38.988362499999994],[35.76533060000003,38.99077860000011],[35.76873360000002,38.99409080000004],[35.77008110000014,38.99779140000015],[35.77042970000002,39.00017500000001],[35.771559700000125,39.00340470000009],[35.768255800000134,39.00591750000052],[35.766580600000054,39.00909580000024],[35.76250970000001,39.00947470000017],[35.76210470000012,39.0099069000002],[35.76149220000002,39.01093420000029],[35.76183170000007,39.011392500000056],[35.76144750000009,39.01277890000051],[35.762766100000135,39.01754670000014],[35.7627533000001,39.019630600000085],[35.76325610000015,39.0201825000006],[35.76350610000003,39.020698900000184],[35.763110000000154,39.02359360000003]]],"type":"Polygon"}}]}