{"type":"FeatureCollection","source_id":"endeksa","retrieved_at":"2026-08-23T15:21:44.271Z","features":[{"type":"Feature","properties":{"area_id":"TR-44-004-165211","name_tr":"Gülümuşağı","area_level":"neighbourhood","parent_id":"TR-44-004","endeksa_id":165211},"geometry":{"coordinates":[[[38.55140447634477,38.148299121624916],[38.55188370000019,38.148867600000415],[38.55334280000011,38.15538090000001],[38.55686180000015,38.163985600000046],[38.560638300000164,38.16425550000014],[38.56656070000008,38.16628000000014],[38.568620600000145,38.17363520000049],[38.57394210000007,38.17754860000014],[38.57068050000004,38.178898000000004],[38.571367200000054,38.18186670000051],[38.57059470000007,38.1823389000005],[38.56982220000009,38.183688300000085],[38.570079700000065,38.18841070000053],[38.566989800000044,38.18949010000017],[38.55978000000016,38.19421220000004],[38.552398600000174,38.2053415000002],[38.54166980000008,38.2056113000005],[38.53274340000013,38.212085800000125],[38.52656360000003,38.22139190000007],[38.52544780000011,38.22503300000005],[38.521413700000096,38.22901110000038],[38.519868800000154,38.23096640000051],[38.508281600000146,38.234337400000186],[38.50471970000012,38.23949470000008],[38.49422727431357,38.237726787265785],[38.494400000000155,38.23766000000012],[38.4948500000001,38.23706000000021],[38.495460000000094,38.236990000000105],[38.49517000000009,38.236870000000124],[38.49234000000007,38.23254000000014],[38.49188000000021,38.23087000000038],[38.492390000000114,38.23038000000031],[38.49241000000018,38.22857000000033],[38.49805000000015,38.22619000000037],[38.497530000000154,38.22399000000024],[38.496600000000115,38.22267000000045],[38.49364000000014,38.222300000000416],[38.490560000000244,38.22222000000016],[38.4885500000002,38.21819000000016],[38.48658000000006,38.21600000000012],[38.4876000000001,38.2102600000004],[38.48753000000016,38.21005000000008],[38.48857000000004,38.20743000000016],[38.48955000000012,38.20349000000016],[38.49122000000011,38.203290000000095],[38.49060000000014,38.20123000000018],[38.49144000000018,38.19862000000006],[38.49187000000006,38.196590000000356],[38.49196000000006,38.19441000000006],[38.49259000000012,38.19336000000004],[38.496200000000044,38.19013000000035],[38.49971000000005,38.18766000000005],[38.49909000000008,38.18662000000052],[38.496380000000215,38.18265000000031],[38.49389000000025,38.180830000000356],[38.49332000000015,38.1788600000001],[38.490750000000105,38.17652000000044],[38.48655000000008,38.175000000000296],[38.483250000000055,38.172500000000355],[38.48085000000009,38.17003000000011],[38.47959000000009,38.167760000000385],[38.4813000000002,38.16644000000008],[38.48366000000004,38.16591000000011],[38.485170000000096,38.164660000000424],[38.488170000000196,38.16430000000008],[38.490960000000086,38.1628400000003],[38.4931900000002,38.160790000000134],[38.4947600000001,38.15603000000044],[38.49566000000016,38.14913000000013],[38.499970000000246,38.14850000000018],[38.50996000000009,38.14909000000034],[38.51189000000011,38.15423000000004],[38.51202000000018,38.15588000000014],[38.51245000000006,38.158340000000294],[38.5281700000001,38.15609000000029],[38.53857000000011,38.1530800000001],[38.54113000000018,38.1517300000001],[38.54513000000003,38.15062000000046],[38.547930000000065,38.148520000000076],[38.549940000000106,38.14895000000013],[38.55140447634477,38.148299121624916]]],"type":"Polygon"}},{"type":"Feature","properties":{"area_id":"TR-44-004-165263","name_tr":"Uluköy","area_level":"neighbourhood","parent_id":"TR-44-004","endeksa_id":165263},"geometry":{"coordinates":[[[38.44600000000014,38.24434000000019],[38.444380000000194,38.24385000000018],[38.443110000000104,38.243780000000584],[38.44195000000008,38.24335000000053],[38.440870000000245,38.24311000000057],[38.44062000000014,38.243370000000084],[38.439940000000036,38.243400000000406],[38.439480000000174,38.24274000000037],[38.438370000000134,38.242220000000145],[38.438020000000165,38.24365000000034],[38.43780000000004,38.243780000000584],[38.437400000000196,38.243800000000135],[38.43741000000011,38.244420000000275],[38.43653000000012,38.244020000000546],[38.4354800000001,38.24423000000019],[38.435700000000224,38.24514000000016],[38.43538000000018,38.24548000000004],[38.43334000000016,38.2458000000002],[38.43329000000011,38.249380000000656],[38.428880000000106,38.249720000000366],[38.42659000000015,38.24955000000051],[38.42482000000007,38.24860000000007],[38.42368000000005,38.24764000000022],[38.42305000000016,38.24768000000017],[38.422750000000235,38.24759000000034],[38.42285000000015,38.24714000000006],[38.42132000000004,38.24738000000019],[38.421200000000056,38.24707000000012],[38.42073000000005,38.2471900000001],[38.42075000000011,38.246160000000145],[38.420650000000194,38.246010000000354],[38.4199500000002,38.24587000000014],[38.42018000000019,38.24471000000011],[38.42047000000019,38.244300000000294],[38.41951000000017,38.24416000000008],[38.418820000000096,38.24365000000034],[38.418260000000146,38.24392000000012],[38.4180300000001,38.24465000000009],[38.417520000000195,38.24523000000033],[38.4171300000001,38.243500000000154],[38.41633000000013,38.24348000000009],[38.41619000000014,38.243150000000355],[38.416250000000105,38.243000000000166],[38.41557000000017,38.24193000000031],[38.412380000000155,38.23957000000041],[38.41174000000018,38.24016000000023],[38.40925000000021,38.23759000000018],[38.406770000000165,38.23855000000003],[38.40123000000011,38.238850000000525],[38.39975000000004,38.23878000000042],[38.3930000000002,38.23771000000016],[38.38988000000012,38.23843000000005],[38.389050000000054,38.239100000000064],[38.38828000000012,38.23902000000038],[38.38560000000024,38.238140000000044],[38.38466000000005,38.23633000000024],[38.38090000000017,38.23626000000013],[38.37674000000004,38.23568000000006],[38.37600000000015,38.23548000000022],[38.373590000000206,38.23118000000005],[38.37467000000021,38.230890000000045],[38.37711000000013,38.22944000000018],[38.37888000000004,38.22750000000008],[38.3841000000001,38.22812000000022],[38.3848900000001,38.22823000000005],[38.39934000000022,38.22192000000024],[38.39991000000009,38.21970000000056],[38.4025400000001,38.218280000000334],[38.406240000000196,38.21762000000041],[38.407910000000186,38.21603000000033],[38.410680000000184,38.21234000000038],[38.411320000000046,38.21098000000029],[38.41224000000017,38.20944000000003],[38.41241000000019,38.20732000000015],[38.41440000000017,38.20603000000017],[38.41703000000018,38.20594000000034],[38.41710000000012,38.20117000000005],[38.41918000000004,38.20011000000005],[38.420770000000175,38.19447000000059],[38.42271000000011,38.191850000000386],[38.42348000000004,38.19122000000027],[38.42408000000012,38.1858400000001],[38.42471000000023,38.18465000000026],[38.42475000000013,38.18431000000015],[38.42602000000005,38.18353000000013],[38.42661000000004,38.1805100000002],[38.427930000000174,38.17874000000012],[38.428360000000055,38.177670000000376],[38.42825000000016,38.17713000000009],[38.42903000000007,38.175780000000316],[38.43581000000006,38.17340000000024],[38.441740000000095,38.172930000000406],[38.45452000000006,38.17040000000014],[38.46148000000022,38.170300000000225],[38.47959000000009,38.167760000000385],[38.48085000000009,38.17003000000011],[38.483250000000055,38.172500000000355],[38.48655000000008,38.175000000000296],[38.490750000000105,38.17652000000044],[38.49332000000015,38.1788600000001],[38.49389000000025,38.180830000000356],[38.496380000000215,38.18265000000031],[38.49909000000008,38.18662000000052],[38.49971000000005,38.18766000000005],[38.496200000000044,38.19013000000035],[38.49259000000012,38.19336000000004],[38.49196000000006,38.19441000000006],[38.49187000000006,38.196590000000356],[38.49144000000018,38.19862000000006],[38.49060000000014,38.20123000000018],[38.49122000000011,38.203290000000095],[38.48955000000012,38.20349000000016],[38.48857000000004,38.20743000000016],[38.48753000000016,38.21005000000008],[38.4876000000001,38.2102600000004],[38.48658000000006,38.21600000000012],[38.4885500000002,38.21819000000016],[38.490560000000244,38.22222000000016],[38.49364000000014,38.222300000000416],[38.496600000000115,38.22267000000045],[38.497530000000154,38.22399000000024],[38.49805000000015,38.22619000000037],[38.49241000000018,38.22857000000033],[38.492390000000114,38.23038000000031],[38.49188000000021,38.23087000000038],[38.49234000000007,38.23254000000014],[38.49517000000009,38.236870000000124],[38.495460000000094,38.236990000000105],[38.4948500000001,38.23706000000021],[38.494400000000155,38.23766000000012],[38.493650000000116,38.237950000000126],[38.49324000000007,38.23839000000015],[38.49306000000013,38.23883000000029],[38.49477000000019,38.24249000000043],[38.4970100000001,38.24475000000041],[38.49508000000009,38.24422000000004],[38.493160000000046,38.244270000000085],[38.49101000000013,38.24383000000046],[38.48865000000012,38.24289000000016],[38.487520000000245,38.242570000000114],[38.48578000000015,38.24245000000013],[38.482600000000105,38.24249000000043],[38.48149000000012,38.24218000000036],[38.48131000000012,38.242720000000304],[38.48085000000009,38.24228000000011],[38.48032000000012,38.24221000000017],[38.47880000000009,38.2420800000001],[38.47747000000021,38.24225000000047],[38.47725000000008,38.242470000000196],[38.47577000000024,38.24268000000052],[38.47503000000012,38.24305000000004],[38.474610000000155,38.243620000000135],[38.474260000000186,38.2435100000003],[38.47412000000014,38.24338000000017],[38.474390000000085,38.243310000000065],[38.47425000000004,38.24264000000005],[38.476560000000234,38.23992000000027],[38.47845000000012,38.23896000000042],[38.478610000000174,38.23901000000029],[38.47921000000008,38.238910000000374],[38.48045000000019,38.238100000000316],[38.4801700000001,38.2337900000004],[38.47818000000012,38.23211000000009],[38.477830000000154,38.23195000000021],[38.47384000000005,38.232040000000154],[38.471480000000156,38.23234000000048],[38.466710000000035,38.233270000000175],[38.46427000000011,38.23291000000006],[38.459330000000136,38.23152000000016],[38.4564400000001,38.23269000000033],[38.4533100000001,38.23365000000018],[38.448680000000195,38.23307000000034],[38.44495000000012,38.233360000000346],[38.445020000000056,38.235780000000204],[38.446360000000084,38.23839000000015],[38.44708000000014,38.240120000000445],[38.44848000000019,38.24174000000022],[38.44600000000014,38.24434000000019]]],"type":"Polygon"}},{"type":"Feature","properties":{"area_id":"TR-44-004-165255","name_tr":"Tanışık","area_level":"neighbourhood","parent_id":"TR-44-004","endeksa_id":165255},"geometry":{"coordinates":[[[38.62713570000005,38.34241350000008],[38.624389199999996,38.34202650000003],[38.61799480000013,38.3420096000001],[38.61208320000003,38.34421430000003],[38.61029150000013,38.34536710000003],[38.608167200000025,38.34798390000037],[38.607094300000085,38.3481354000001],[38.60648270000007,38.34923760000004],[38.60605931688292,38.34940767835002],[38.60596000000021,38.349250000000325],[38.60628000000003,38.34716000000009],[38.60689000000019,38.346580000000415],[38.60790000000014,38.34518000000037],[38.608360000000175,38.344320000000266],[38.60846000000009,38.34391000000045],[38.60869000000014,38.344290000000115],[38.60962000000012,38.34405000000015],[38.6098300000001,38.34301000000005],[38.60726000000011,38.33829000000014],[38.60690000000017,38.33814000000052],[38.606660000000204,38.33774000000011],[38.614990000000205,38.32904000000008],[38.61473000000018,38.32857000000024],[38.61275000000012,38.32724000000036],[38.61225000000013,38.327100000000144],[38.61151000000018,38.32746000000009],[38.60944000000018,38.32659000000018],[38.609540000000095,38.32632000000024],[38.60779000000008,38.325860000000034],[38.60654000000005,38.324310000000196],[38.60658000000012,38.32405000000017],[38.60631000000018,38.3237800000004],[38.606440000000134,38.32320000000004],[38.60210000000018,38.32277000000067],[38.59797000000009,38.32128000000034],[38.59420000000006,38.320100000000195],[38.59255000000013,38.32181000000014],[38.59252000000015,38.32225000000028],[38.59221000000008,38.32232000000039],[38.592100000000244,38.32212000000021],[38.591600000000085,38.32210000000066],[38.591140000000166,38.321900000000085],[38.586860000000115,38.32132000000007],[38.58570000000003,38.320810000000506],[38.58517000000006,38.32030000000026],[38.58468000000022,38.320680000000266],[38.58491000000021,38.32097000000027],[38.58353000000005,38.321150000000216],[38.58301000000006,38.32099000000011],[38.58252000000016,38.321020000000146],[38.582370000000026,38.32093000000049],[38.5815800000002,38.31946000000039],[38.580730000000244,38.319170000000156],[38.58062000000018,38.31891000000036],[38.580270000000155,38.31875000000059],[38.58051000000012,38.31866000000025],[38.58052000000009,38.318210000000136],[38.58062000000018,38.31815000000017],[38.58009000000004,38.31723000000005],[38.57914000000011,38.316820000000064],[38.57874000000004,38.31674000000055],[38.57832000000013,38.316480000000354],[38.57474000000019,38.31320000000039],[38.574440000000095,38.312780000000316],[38.573790000000145,38.31268000000017],[38.57332000000014,38.31209000000024],[38.570570000000146,38.31027000000029],[38.568990000000156,38.310160000000394],[38.56423000000012,38.31382000000053],[38.55780000000016,38.312780000000316],[38.5566800000002,38.3123700000001],[38.55312000000015,38.31054000000006],[38.5520800000001,38.3107200000004],[38.55103000000008,38.3103000000001],[38.5505100000002,38.31091000000009],[38.54987000000017,38.31110000000018],[38.549540000000036,38.3109400000003],[38.548770000000104,38.31089000000003],[38.54807000000011,38.31052000000034],[38.54757000000012,38.311110000000156],[38.54741000000024,38.311460000000125],[38.54735000000005,38.31221000000022],[38.547060000000045,38.31264000000027],[38.547900000000084,38.312540000000354],[38.54813000000013,38.312790000000064],[38.54800000000017,38.31303000000054],[38.54874000000012,38.314180000000476],[38.5525150009143,38.31880994530002],[38.54833240000016,38.317972800000234],[38.54390140000015,38.31328400000024],[38.54026180000011,38.30409470000001],[38.54437350000018,38.301522900000066],[38.55420110000006,38.2990980000003],[38.55377190000007,38.29165450000011],[38.552527400000145,38.29047560000026],[38.55226990000017,38.285389200000054],[38.54909420000013,38.281245700000056],[38.54366540000018,38.2788202000001],[38.547935500000165,38.27117240000041],[38.55096100000003,38.26989210000016],[38.55443710000009,38.26940350000007],[38.55557440000018,38.27044800000016],[38.56044530000014,38.2657983000002],[38.56789110000017,38.26502330000005],[38.57274050000012,38.259615],[38.5738563000001,38.25759320000009],[38.57819080000007,38.25294260000055],[38.58383409999999,38.25060030000037],[38.587852100000134,38.2531795000001],[38.59222410000018,38.2571382000001],[38.596013100000164,38.25741630000016],[38.5986185000001,38.25686860000013],[38.60104340000015,38.258671800000116],[38.60256670000007,38.259059000000036],[38.60477679999997,38.25870520000058],[38.60677240000007,38.259177000000534],[38.60958340000013,38.25941280000018],[38.612913000000106,38.2586927000001],[38.61758700000013,38.2599857000003],[38.61975430000007,38.261249400000054],[38.616728799999976,38.263186900000164],[38.60621450000008,38.261780100000124],[38.597052100000155,38.2658320000005],[38.60063550000018,38.27633560000004],[38.600539000000026,38.277590500000315],[38.60092520000018,38.27957820000029],[38.60176200000012,38.28082460000002],[38.602877800000044,38.282020500000215],[38.603607400000044,38.28407540000006],[38.603972200000044,38.28444600000017],[38.60384340000019,38.284984899999984],[38.60410089999999,38.28593660000058],[38.60463740000017,38.286450300000126],[38.606311100000084,38.28884190000008],[38.60623600000008,38.28983560000006],[38.605978500000106,38.2904587000001],[38.60549570000012,38.2904082],[38.60461590000017,38.292075500000124],[38.60337140000007,38.29071970000007],[38.602330700000095,38.2907366],[38.60135430000014,38.29023980000011],[38.600721300000146,38.29049240000023],[38.59988450000003,38.290088200000184],[38.59712720000016,38.29009660000003],[38.5958612,38.290484000000106],[38.59544280000006,38.29024820000063],[38.59328630000016,38.2910397000004],[38.59333990000016,38.29199970000025],[38.59460590000009,38.2938522000004],[38.59347940000015,38.29519110000069],[38.58685970000005,38.29798660000017],[38.587374700000055,38.29842440000016],[38.58726740000003,38.29918220000019],[38.58735320000005,38.29980520000004],[38.58769650000005,38.300091500000065],[38.58889820000013,38.30047880000018],[38.589713600000096,38.30096720000006],[38.59003540000009,38.301405000000045],[38.59093660000008,38.30162390000004],[38.591730600000005,38.30233110000029],[38.592867800000136,38.30224690000006],[38.593232600000135,38.302802600000064],[38.593232600000135,38.30357720000018],[38.59456300000011,38.304233900000156],[38.59576460000005,38.304048700000294],[38.59679460000018,38.30448650000028],[38.59700920000017,38.30529469999999],[38.59696620000017,38.30569880000007],[38.59797480000009,38.306473400000186],[38.59900470000008,38.306439700000055],[38.599240800000075,38.30667540000002],[38.60063550000018,38.306574400000045],[38.60119340000017,38.30807300000038],[38.6028027000001,38.30867910000006],[38.60411160000018,38.30942000000027],[38.60681530000005,38.3098409000001],[38.60784530000001,38.31037970000045],[38.60844609999998,38.31208020000014],[38.610763500000076,38.312635800000066],[38.6108923000001,38.31317460000042],[38.61042020000008,38.313157800000454],[38.610055400000135,38.31351130000007],[38.61061330000007,38.314656200000115],[38.60992670000013,38.315851500000576],[38.61065620000011,38.316945799999985],[38.61048460000012,38.31743410000007],[38.61162180000002,38.317905500000165],[38.61198660000019,38.31931960000014],[38.61243719999999,38.319791000000066],[38.61284489999997,38.31995930000011],[38.61348870000012,38.32004350000068],[38.614583000000096,38.319420600000115],[38.61627820000018,38.32014449999997],[38.61705060000014,38.31972370000051],[38.617844600000126,38.31999300000041],[38.61829520000009,38.320599100000095],[38.61866000000009,38.320599100000095],[38.61975430000007,38.319538500000135],[38.62074130000019,38.31990880000001],[38.620998800000166,38.32083480000006],[38.6202907,38.322535000000414],[38.6203337,38.32379760000043],[38.62391710000003,38.32607009999998],[38.62539770000018,38.32615430000038],[38.625569300000166,38.339687100000276],[38.62713570000005,38.34241350000008]]],"type":"Polygon"}},{"type":"Feature","properties":{"area_id":"TR-44-004-164997","name_tr":"Yaygın","area_level":"neighbourhood","parent_id":"TR-44-004","endeksa_id":164997},"geometry":{"coordinates":[[[38.54366540000018,38.2788202000001],[38.53553290000019,38.281111000000124],[38.533923600000094,38.28062249999999],[38.530683500000066,38.283637500000054],[38.526220300000034,38.2845976000001],[38.52682110000001,38.28298060000043],[38.525683900000104,38.283283800000106],[38.52379559999997,38.285035500000276],[38.52383850000018,38.28653450000013],[38.522830000000056,38.28757870000038],[38.52134940000008,38.28858930000018],[38.51999760000018,38.289128200000334],[38.517379700000106,38.2898692],[38.516349800000114,38.28951560000041],[38.513152600000126,38.289195600000085],[38.51019140000005,38.288740800000255],[38.50834610000015,38.28971770000044],[38.50757360000017,38.29055980000015],[38.51042750000005,38.29355750000053],[38.508946900000126,38.29338910000013],[38.50834610000015,38.29315330000048],[38.507981300000154,38.29336380000012],[38.507638000000156,38.294121700000176],[38.50665090000001,38.293793300000175],[38.50627540000005,38.29421430000019],[38.50640420000002,38.294727900000055],[38.50735900000018,38.29684140000046],[38.507273199999986,38.29824760000014],[38.50812080000014,38.30291210000007],[38.508753800000136,38.304233900000156],[38.50936530000007,38.305025300000125],[38.51108190000019,38.306869100000085],[38.51114630000018,38.30720580000002],[38.510706400000004,38.3074500000007],[38.50969790000005,38.30861180000005],[38.508743000000095,38.30921790000025],[38.50720880000017,38.30961360000015],[38.50640420000002,38.30995880000012],[38.504655400000104,38.30989980000004],[38.5029495,38.3095378000001],[38.505438600000105,38.3059009000001],[38.50576040000004,38.30511790000014],[38.50589990000009,38.30435180000018],[38.50577110000006,38.30414970000015],[38.50486990000013,38.30369510000003],[38.503968700000144,38.30378770000004],[38.50209120000005,38.30320670000026],[38.49950550000017,38.302541600000154],[38.49753140000007,38.30223010000009],[38.49659800000012,38.301472300000285],[38.497870000000205,38.29938000000021],[38.49969000000016,38.297270000000424],[38.50154000000009,38.29473000000041],[38.502430000000174,38.291940000000636],[38.50561000000005,38.29022000000043],[38.50688000000014,38.28949000000006],[38.50697000000014,38.289370000000304],[38.5072100000001,38.289310000000455],[38.50850000000008,38.28846000000033],[38.50858000000011,38.28787000000068],[38.507350000000145,38.28474000000034],[38.507780000000196,38.283050000000344],[38.508100000000184,38.28266000000019],[38.508280000000184,38.28266000000019],[38.50858000000011,38.28285000000028],[38.508800000000235,38.28260000000023],[38.50860000000017,38.28186000000011],[38.50973000000005,38.28026000000057],[38.50993000000011,38.27957000000032],[38.51021000000014,38.27963000000034],[38.510720000000106,38.2791600000005],[38.511470000000145,38.278990000000135],[38.51096000000007,38.27861000000047],[38.51080000000013,38.274530000000425],[38.509920000000136,38.27269000000024],[38.51050000000021,38.27226000000019],[38.510820000000194,38.27213000000006],[38.511350000000164,38.27157000000011],[38.51225000000022,38.267660000000035],[38.512610000000166,38.264280000000156],[38.51310000000018,38.26378000000017],[38.513270000000034,38.263110000000154],[38.5115100000001,38.259260000000324],[38.49811000000017,38.25095000000016],[38.4970100000001,38.24475000000041],[38.49477000000019,38.24249000000043],[38.49306000000013,38.23883000000029],[38.49324000000007,38.23839000000015],[38.493650000000116,38.237950000000126],[38.49422727431357,38.237726787265785],[38.50471970000012,38.23949470000008],[38.508281600000146,38.234337400000186],[38.519868800000154,38.23096640000051],[38.521413700000096,38.22901110000038],[38.52544780000011,38.22503300000005],[38.52656360000003,38.22139190000007],[38.53274340000013,38.212085800000125],[38.54166980000008,38.2056113000005],[38.552398600000174,38.2053415000002],[38.55978000000016,38.19421220000004],[38.566989800000044,38.18949010000017],[38.570079700000065,38.18841070000053],[38.56982220000009,38.183688300000085],[38.57059470000007,38.1823389000005],[38.571367200000054,38.18186670000051],[38.57068050000004,38.178898000000004],[38.57394210000007,38.17754860000014],[38.568620600000145,38.17363520000049],[38.56656070000008,38.16628000000014],[38.560638300000164,38.16425550000014],[38.55686180000015,38.163985600000046],[38.55334280000011,38.15538090000001],[38.55188370000019,38.148867600000415],[38.55140447634477,38.148299121624916],[38.55291000000017,38.14763000000033],[38.557810000000075,38.14606000000009],[38.56200000000018,38.14531000000022],[38.56220000000019,38.14474000000013],[38.5620600000002,38.14356000000038],[38.56223000000023,38.14331000000033],[38.56290000000024,38.143200000000434],[38.56437000000017,38.14381000000009],[38.56480000000005,38.14364000000006],[38.56526000000008,38.14327000000054],[38.566420000000164,38.14327000000054],[38.56694000000016,38.14296000000047],[38.57056000000023,38.14325000000031],[38.57977000000017,38.14308000000045],[38.58481000000012,38.14325000000031],[38.590210000000184,38.14331000000033],[38.59217532029243,38.143081705219174],[38.591836200000046,38.14650710000018],[38.58896250000015,38.153119900000036],[38.59351150000015,38.16310830000026],[38.59718510000016,38.1727977000001],[38.59902460000012,38.174836800000435],[38.60518450000012,38.17478220000004],[38.611416900000165,38.172382200000015],[38.61727357824742,38.17404050433635],[38.617370064894146,38.1741999884087],[38.617250000000126,38.175660000000335],[38.618710000000135,38.17793000000006],[38.6188600000001,38.17989000000006],[38.61803000000003,38.1813700000003],[38.620660000000214,38.18416000000019],[38.62028644900204,38.18495784744022],[38.61402500000008,38.189085300000215],[38.610450400000104,38.19335870000066],[38.605871100000115,38.19515650000005],[38.60501280000017,38.19960840000016],[38.60715860000005,38.2013621000001],[38.608295999999996,38.20351760000028],[38.61670929999997,38.20589690000014],[38.613853400000096,38.21525540000016],[38.61008730000009,38.222904600000675],[38.60990520000013,38.23548350000016],[38.58398430000017,38.2335958000001],[38.58256810000006,38.23514640000019],[38.580851500000165,38.2360228],[38.580658400000175,38.23674750000015],[38.58016490000017,38.23703410000002],[38.580079100000034,38.23753970000047],[38.57941390000002,38.237489100000005],[38.57939240000002,38.238399200000174],[38.57964990000005,38.240017200000466],[38.581100900000024,38.24193130000003],[38.58201020000007,38.24274740000004],[38.58259710000016,38.24383030000013],[38.5836625,38.24790410000003],[38.58383409999999,38.25060030000037],[38.57819080000007,38.25294260000055],[38.5738563000001,38.25759320000009],[38.57274050000012,38.259615],[38.56789110000017,38.26502330000005],[38.56044530000014,38.2657983000002],[38.55557440000018,38.27044800000016],[38.55443710000009,38.26940350000007],[38.55096100000003,38.26989210000016],[38.547935500000165,38.27117240000041],[38.54366540000018,38.2788202000001]]],"type":"Polygon"}},{"type":"Feature","properties":{"area_id":"TR-44-004-165249","name_tr":"Pelitli","area_level":"neighbourhood","parent_id":"TR-44-004","endeksa_id":165249},"geometry":{"coordinates":[[[38.641963000000146,38.27814640000048],[38.63690970000016,38.28000770000011],[38.63566520000006,38.28011720000012],[38.6344850000001,38.28033610000011],[38.632757700000184,38.28175940000028],[38.63266110000018,38.282298400000116],[38.63182420000004,38.28280369999999],[38.63101960000006,38.28280369999999],[38.63036510000012,38.28332590000008],[38.62912060000019,38.283283800000106],[38.626610000000085,38.284749100000056],[38.623681100000056,38.285633399999995],[38.62193230000014,38.28737660000036],[38.62095590000018,38.29941790000015],[38.62001180000004,38.30011680000007],[38.61996890000006,38.300849300000095],[38.62070920000019,38.30182590000004],[38.61989380000006,38.30300470000009],[38.61996890000006,38.30442750000037],[38.619346600000085,38.305185300000005],[38.61812350000014,38.30623760000003],[38.61799480000013,38.3090916000001],[38.61716870000015,38.309655700000235],[38.61517310000005,38.30995030000008],[38.61161110000006,38.31237480000033],[38.610763500000076,38.312635800000066],[38.60844609999998,38.31208020000014],[38.60784530000001,38.31037970000045],[38.60681530000005,38.3098409000001],[38.60411160000018,38.30942000000027],[38.6028027000001,38.30867910000006],[38.60119340000017,38.30807300000038],[38.60063550000018,38.306574400000045],[38.599240800000075,38.30667540000002],[38.59900470000008,38.306439700000055],[38.59797480000009,38.306473400000186],[38.59696620000017,38.30569880000007],[38.59700920000017,38.30529469999999],[38.59679460000018,38.30448650000028],[38.59576460000005,38.304048700000294],[38.59456300000011,38.304233900000156],[38.593232600000135,38.30357720000018],[38.593232600000135,38.302802600000064],[38.592867800000136,38.30224690000006],[38.591730600000005,38.30233110000029],[38.59093660000008,38.30162390000004],[38.59003540000009,38.301405000000045],[38.589713600000096,38.30096720000006],[38.58889820000013,38.30047880000018],[38.58769650000005,38.300091500000065],[38.58735320000005,38.29980520000004],[38.58726740000003,38.29918220000019],[38.587374700000055,38.29842440000016],[38.58685970000005,38.29798660000017],[38.59347940000015,38.29519110000069],[38.59460590000009,38.2938522000004],[38.59333990000016,38.29199970000025],[38.59328630000016,38.2910397000004],[38.59544280000006,38.29024820000063],[38.5958612,38.290484000000106],[38.59712720000016,38.29009660000003],[38.59988450000003,38.290088200000184],[38.600721300000146,38.29049240000023],[38.60135430000014,38.29023980000011],[38.602330700000095,38.2907366],[38.60337140000007,38.29071970000007],[38.60461590000017,38.292075500000124],[38.60549570000012,38.2904082],[38.605978500000106,38.2904587000001],[38.60623600000008,38.28983560000006],[38.606311100000084,38.28884190000008],[38.60463740000017,38.286450300000126],[38.60410089999999,38.28593660000058],[38.60384340000019,38.284984899999984],[38.603972200000044,38.28444600000017],[38.603607400000044,38.28407540000006],[38.602877800000044,38.282020500000215],[38.60176200000012,38.28082460000002],[38.60092520000018,38.27957820000029],[38.600539000000026,38.277590500000315],[38.60063550000018,38.27633560000004],[38.597052100000155,38.2658320000005],[38.60621450000008,38.261780100000124],[38.616728799999976,38.263186900000164],[38.62844450000017,38.26509200000038],[38.64230490000017,38.26935680000014],[38.641963000000146,38.27814640000048]]],"type":"Polygon"}},{"type":"Feature","properties":{"area_id":"TR-44-004-165259","name_tr":"Tokluca","area_level":"neighbourhood","parent_id":"TR-44-004","endeksa_id":165259},"geometry":{"coordinates":[[[38.516392700000154,38.31322510000018],[38.510212900000056,38.31351130000007],[38.50980520000007,38.31394910000006],[38.508882500000084,38.312585300000194],[38.508217300000126,38.31223170000021],[38.50813150000016,38.31196240000031],[38.50738050000018,38.31182770000004],[38.506672400000014,38.31103630000007],[38.50605010000004,38.3109353000001],[38.50521320000007,38.31138990000005],[38.5046124000001,38.31137310000008],[38.503496600000176,38.31107000000037],[38.50154400000008,38.31024500000018],[38.50197310000004,38.30958829999997],[38.501822900000036,38.30731530000003],[38.50051400000012,38.30581670000021],[38.49922650000019,38.30574940000014],[38.497831800000085,38.30670910000015],[38.494527300000186,38.305833500000176],[38.49152665519699,38.305731645347464],[38.49371000000008,38.30432000000036],[38.495850000000246,38.302510000000154],[38.49646515099363,38.301563999637324],[38.49670260735206,38.301557227632145],[38.49753140000007,38.30223010000009],[38.49950550000017,38.302541600000154],[38.50209120000005,38.30320670000026],[38.503968700000144,38.30378770000004],[38.50486990000013,38.30369510000003],[38.50577110000006,38.30414970000015],[38.50589990000009,38.30435180000018],[38.50576040000004,38.30511790000014],[38.505438600000105,38.3059009000001],[38.5029495,38.3095378000001],[38.504655400000104,38.30989980000004],[38.50640420000002,38.30995880000012],[38.50720880000017,38.30961360000015],[38.508743000000095,38.30921790000025],[38.50969790000005,38.30861180000005],[38.510706400000004,38.3074500000007],[38.51114630000018,38.30720580000002],[38.51108190000019,38.306869100000085],[38.50936530000007,38.305025300000125],[38.508753800000136,38.304233900000156],[38.50812080000014,38.30291210000007],[38.507273199999986,38.29824760000014],[38.50735900000018,38.29684140000046],[38.50640420000002,38.294727900000055],[38.50627540000005,38.29421430000019],[38.50665090000001,38.293793300000175],[38.507638000000156,38.294121700000176],[38.507981300000154,38.29336380000012],[38.50834610000015,38.29315330000048],[38.508946900000126,38.29338910000013],[38.51042750000005,38.29355750000053],[38.50757360000017,38.29055980000015],[38.50834610000015,38.28971770000044],[38.51019140000005,38.288740800000255],[38.513152600000126,38.289195600000085],[38.516349800000114,38.28951560000041],[38.517379700000106,38.2898692],[38.51999760000018,38.289128200000334],[38.52134940000008,38.28858930000018],[38.522830000000056,38.28757870000038],[38.52383850000018,38.28653450000013],[38.52379559999997,38.285035500000276],[38.525683900000104,38.283283800000106],[38.52682110000001,38.28298060000043],[38.526220300000034,38.2845976000001],[38.530683500000066,38.283637500000054],[38.533923600000094,38.28062249999999],[38.53553290000019,38.281111000000124],[38.54366540000018,38.2788202000001],[38.54909420000013,38.281245700000056],[38.55226990000017,38.285389200000054],[38.552527400000145,38.29047560000026],[38.55377190000007,38.29165450000011],[38.55420110000006,38.2990980000003],[38.54437350000018,38.301522900000066],[38.53855850000008,38.30516000000023],[38.53804350000007,38.304856900000004],[38.53714230000014,38.30516000000023],[38.53308680000009,38.30527790000002],[38.531928000000164,38.30615349999999],[38.5291385000001,38.30595139999997],[38.52763649999997,38.305631500000516],[38.528666500000156,38.30694480000011],[38.52800130000014,38.30748370000015],[38.52684260000001,38.307837300000415],[38.528494800000146,38.308948500000156],[38.529160000000104,38.30923480000058],[38.52761499999997,38.3098914000002],[38.525512200000094,38.30936950000017],[38.52343080000003,38.31103630000007],[38.516392700000154,38.31322510000018]]],"type":"Polygon"}},{"type":"Feature","properties":{"area_id":"TR-44-004-51713","name_tr":"Merkez Beydağı","area_level":"neighbourhood","parent_id":"TR-44-004","endeksa_id":51713},"geometry":{"coordinates":[[[38.32200279007327,38.33734804254482],[38.32089000000019,38.3374000000004],[38.32033328025631,38.337320468608254],[38.31996000000015,38.33706000000018],[38.31986000000006,38.33677000000017],[38.31986000000006,38.33643000000029],[38.32004000000006,38.33580000000018],[38.31999000000019,38.335560000000214],[38.31983000000008,38.33545000000038],[38.31956000000014,38.3353300000004],[38.318430000000035,38.3353300000004],[38.31675000000013,38.33495000000022],[38.316350000000114,38.33470000000011],[38.316070000000195,38.334260000000654],[38.315850000000125,38.334070000000565],[38.31467000000015,38.333540000000085],[38.31453000000016,38.33352000000053],[38.31413000000009,38.33369000000039],[38.313190000000134,38.334380000000124],[38.31206000000003,38.33456000000007],[38.311270316325135,38.33503151900811],[38.30806000000018,38.33557000000036],[38.30652139527285,38.33547261995426],[38.307340000000124,38.3336800000003],[38.308050000000094,38.33102000000031],[38.30867000000006,38.32984000000016],[38.308830000000114,38.329240000000254],[38.308820000000026,38.3283900000003],[38.30849594384813,38.326767319441274],[38.3090000000002,38.326540000000136],[38.309350000000165,38.326110000000085],[38.30965000000015,38.326170000000616],[38.30998000000005,38.325420000000406],[38.31022000000024,38.32510000000019],[38.312380000000076,38.32330000000047],[38.31324000000018,38.322700000000054],[38.313810000000046,38.3231700000004],[38.31485000000015,38.32346000000024],[38.316040000000214,38.322700000000054],[38.31960000000021,38.32105000000047],[38.320530000000076,38.320530000000076],[38.32659000000018,38.31939000000028],[38.329230000000166,38.31919000000005],[38.331370000000106,38.319760000000315],[38.338060000000155,38.323320000000194],[38.336550000000045,38.32405000000017],[38.33371000000011,38.327570000000094],[38.33129000000008,38.33005000000048],[38.32857000000007,38.331810000000075],[38.327040000000125,38.33391000000012],[38.327350000000195,38.33424000000042],[38.32646000000011,38.33473000000009],[38.32640000000009,38.33452000000017],[38.326110000000085,38.33453000000026],[38.32591000000008,38.334620000000086],[38.32565000000005,38.33493000000067],[38.324720000000184,38.33527000000038],[38.32420000000019,38.33535000000006],[38.32393000000019,38.33554000000015],[38.32350000000014,38.33544000000023],[38.323220000000106,38.33573000000007],[38.32297000000017,38.33570000000043],[38.32285000000019,38.33579000000009],[38.32246000000009,38.335560000000214],[38.32207000000017,38.33613000000048],[38.32206000000019,38.33665000000019],[38.32215000000019,38.33678000000026],[38.32200279007327,38.33734804254482]]],"type":"Polygon"}},{"type":"Feature","properties":{"area_id":"TR-44-004-165271","name_tr":"Yenice","area_level":"neighbourhood","parent_id":"TR-44-004","endeksa_id":165271},"geometry":{"coordinates":[[[38.49100830000003,38.32224880000018],[38.486663100000044,38.32128090000003],[38.48439930000012,38.32032970000006],[38.48261830000018,38.31978260000005],[38.48122360000008,38.32109570000034],[38.47977520000012,38.32147450000042],[38.47965720000013,38.322838000000615],[38.47799420000007,38.32274550000005],[38.47804780000001,38.32027920000064],[38.47562310000012,38.316828000000044],[38.47476480000017,38.31351130000007],[38.47274780000009,38.311861300000146],[38.4721899000001,38.31026180000015],[38.471898058272984,38.309855211444585],[38.471997139216455,38.30970135021806],[38.47283000000016,38.30947000000015],[38.47347000000019,38.30916000000008],[38.47379000000018,38.30895000000032],[38.47453000000013,38.30810000000048],[38.4762300000001,38.309690000000046],[38.47538000000009,38.31027000000029],[38.47583000000003,38.31064000000032],[38.47757000000013,38.312670000000594],[38.47771000000017,38.31260000000049],[38.47821000000016,38.31281000000013],[38.479070000000036,38.3142400000001],[38.47915000000012,38.31580000000025],[38.47950000000009,38.31590000000017],[38.47976000000011,38.316200000000094],[38.4804400000001,38.316200000000094],[38.480930000000114,38.315390000000036],[38.48137000000014,38.31504000000007],[38.48366000000004,38.31167000000028],[38.48370000000017,38.31138000000044],[38.48624000000018,38.30918000000031],[38.487650000000144,38.30819000000014],[38.48766000000006,38.30807000000016],[38.488360000000114,38.30756000000042],[38.48937000000018,38.306600000000174],[38.490250000000174,38.307430000000465],[38.49161000000021,38.30643000000015],[38.49139000000014,38.30582000000015],[38.49152665519699,38.305731645347464],[38.494527300000186,38.305833500000176],[38.497831800000085,38.30670910000015],[38.49922650000019,38.30574940000014],[38.50051400000012,38.30581670000021],[38.501822900000036,38.30731530000003],[38.50197310000004,38.30958829999997],[38.50154400000008,38.31024500000018],[38.503496600000176,38.31107000000037],[38.5046124000001,38.31137310000008],[38.50521320000007,38.31138990000005],[38.50605010000004,38.3109353000001],[38.506672400000014,38.31103630000007],[38.50738050000018,38.31182770000004],[38.50813150000016,38.31196240000031],[38.508217300000126,38.31223170000021],[38.508882500000084,38.312585300000194],[38.50980520000007,38.31394910000006],[38.510212900000056,38.31351130000007],[38.516392700000154,38.31322510000018],[38.518366800000024,38.31649130000022],[38.52019070000017,38.31782130000016],[38.520083400000146,38.31893240000005],[38.51933240000017,38.31969000000021],[38.512980900000116,38.32081790000012],[38.51225140000014,38.3203802000001],[38.510320200000024,38.31997620000044],[38.5084533000001,38.32157550000011],[38.508174400000144,38.321019900000465],[38.50471970000012,38.32024550000034],[38.50029940000013,38.31908390000018],[38.49989170000015,38.31891560000008],[38.499484000000166,38.31847790000046],[38.49819660000003,38.318174800000065],[38.496887700000116,38.31869670000009],[38.49630830000012,38.319521600000485],[38.49540710000019,38.32026240000016],[38.49379780000004,38.32080110000015],[38.49311110000008,38.320868399999995],[38.49225280000013,38.32113780000009],[38.49100830000003,38.32224880000018]]],"type":"Polygon"}},{"type":"Feature","properties":{"area_id":"TR-44-004-165291","name_tr":"Karagöz","area_level":"neighbourhood","parent_id":"TR-44-004","endeksa_id":165291},"geometry":{"coordinates":[[[38.37082000000015,38.30047000000013],[38.36975000000007,38.30181000000016],[38.36670000000015,38.302940000000035],[38.36459000000019,38.30330000000038],[38.36304000000018,38.30367000000058],[38.3608500000002,38.30507000000006],[38.36001000000016,38.30705000000029],[38.35111000000006,38.3148400000004],[38.338060000000155,38.323320000000194],[38.331370000000106,38.319760000000315],[38.329230000000166,38.31919000000005],[38.32952000000017,38.31876000000017],[38.32956000000007,38.31834000000009],[38.32887000000022,38.317680000000166],[38.32805000000019,38.317560000000185],[38.32727000000017,38.31789000000049],[38.3269600000001,38.31794000000036],[38.32612000000006,38.31723000000005],[38.324710000000096,38.31698000000051],[38.32318000000015,38.31593000000032],[38.32249000000007,38.31571000000008],[38.321870000000104,38.31562000000025],[38.31983000000008,38.316100000000176],[38.31934815889866,38.31384813036186],[38.329230000000166,38.30895000000032],[38.332520000000045,38.30698000000018],[38.33687000000009,38.30481000000003],[38.33951000000019,38.30336000000051],[38.34242000000012,38.29874000000052],[38.3403600000002,38.29746000000034],[38.34140000000008,38.29270000000031],[38.34070000000008,38.292470000000435],[38.340730000000065,38.29186000000027],[38.340170000000114,38.29131000000041],[38.33966000000015,38.29127000000062],[38.33931000000018,38.291450000000054],[38.339180000000056,38.291040000000066],[38.339330000000245,38.29081000000025],[38.3391000000002,38.290700000000356],[38.340070000000196,38.289430000000436],[38.3403600000002,38.289340000000095],[38.34053000000006,38.28864000000044],[38.340510000000165,38.28783000000021],[38.33957000000021,38.2866300000004],[38.34417000000013,38.273330000000044],[38.34585000000004,38.27303000000063],[38.34716000000009,38.27313000000038],[38.34879000000012,38.27284000000054],[38.34985000000006,38.27201000000008],[38.352320000000134,38.270970000000034],[38.353980000000206,38.27116000000012],[38.355470000000025,38.27099000000027],[38.35762000000011,38.270070000000146],[38.36091000000016,38.2708300000005],[38.363460000000146,38.27051000000034],[38.364730000000066,38.27151000000009],[38.3651000000001,38.27201000000008],[38.36890000000011,38.272180000000105],[38.37173000000013,38.270750000000305],[38.37448000000012,38.27203000000031],[38.37732000000011,38.27309000000008],[38.37966000000006,38.27371000000005],[38.38263000000018,38.27474000000018],[38.384560000000135,38.275650000000155],[38.38779000000005,38.277940000000456],[38.38656000000009,38.28007000000048],[38.386820000000114,38.2813000000001],[38.385490000000175,38.28402000000045],[38.385090000000105,38.286150000000475],[38.38424000000015,38.28750000000008],[38.38346000000007,38.28824000000003],[38.37984000000006,38.29274000000004],[38.375830000000065,38.29599000000036],[38.37490000000025,38.29726000000028],[38.37427000000014,38.29793000000029],[38.37082000000015,38.30047000000013]]],"type":"Polygon"}},{"type":"Feature","properties":{"area_id":"TR-44-004-165305","name_tr":"Üzümlü","area_level":"neighbourhood","parent_id":"TR-44-004","endeksa_id":165305},"geometry":{"coordinates":[[[38.420816376360335,38.323457760498115],[38.41865000000007,38.323260000000175],[38.413740000000075,38.323320000000194],[38.40214000000026,38.32498000000021],[38.40187000000009,38.32767000000041],[38.391060000000095,38.32126000000011],[38.387900000000116,38.32002000000051],[38.38658000000015,38.31857000000008],[38.386320000000126,38.31608000000011],[38.38473000000016,38.31298000000015],[38.38473000000016,38.310500000000104],[38.3834100000002,38.30698000000018],[38.38051000000007,38.30470000000054],[38.37709000000007,38.30160000000018],[38.37082000000015,38.30047000000013],[38.37427000000014,38.29793000000029],[38.37490000000025,38.29726000000028],[38.375830000000065,38.29599000000036],[38.37984000000006,38.29274000000004],[38.38346000000007,38.28824000000003],[38.38424000000015,38.28750000000008],[38.385090000000105,38.286150000000475],[38.385490000000175,38.28402000000045],[38.386820000000114,38.2813000000001],[38.38656000000009,38.28007000000048],[38.38779000000005,38.277940000000456],[38.384560000000135,38.275650000000155],[38.38263000000018,38.27474000000018],[38.37966000000006,38.27371000000005],[38.37732000000011,38.27309000000008],[38.37448000000012,38.27203000000031],[38.37173000000013,38.270750000000305],[38.36890000000011,38.272180000000105],[38.3651000000001,38.27201000000008],[38.364730000000066,38.27151000000009],[38.363460000000146,38.27051000000034],[38.36091000000016,38.2708300000005],[38.35762000000011,38.270070000000146],[38.355470000000025,38.27099000000027],[38.353980000000206,38.27116000000012],[38.352320000000134,38.270970000000034],[38.34985000000006,38.27201000000008],[38.34879000000012,38.27284000000054],[38.34716000000009,38.27313000000038],[38.345030000000065,38.27156000000036],[38.344110000000114,38.2703000000007],[38.34440000000012,38.267630000000054],[38.34517000000011,38.26522000000034],[38.34543000000008,38.26269000000059],[38.34462000000025,38.260350000000244],[38.34413000000018,38.25752000000057],[38.34416000000016,38.25594000000058],[38.34352000000018,38.253710000000126],[38.340760000000046,38.25265000000036],[38.340230000000076,38.25187000000062],[38.3413700000001,38.250680000000216],[38.34090000000009,38.248790000000156],[38.34338000000014,38.2455800000003],[38.34713000000005,38.245660000000385],[38.35106000000019,38.245600000000536],[38.352220000000045,38.24457000000007],[38.355870000000095,38.24444000000011],[38.356870000000185,38.24450000000047],[38.35766235633349,38.243446745849894],[38.358110000000124,38.2437700000001],[38.35958000000011,38.243100000000084],[38.36340000000013,38.243780000000584],[38.36437000000012,38.244050000000186],[38.366130000000055,38.242850000000374],[38.36970000000019,38.24219000000011],[38.371550000000184,38.242220000000145],[38.37346000000008,38.24106000000006],[38.37615000000011,38.240310000000534],[38.37796000000009,38.239000000000146],[38.37996000000004,38.23613000000017],[38.38090000000017,38.23626000000013],[38.38466000000005,38.23633000000024],[38.38560000000024,38.238140000000044],[38.38828000000012,38.23902000000038],[38.389050000000054,38.239100000000064],[38.38988000000012,38.23843000000005],[38.3930000000002,38.23771000000016],[38.39975000000004,38.23878000000042],[38.40123000000011,38.238850000000525],[38.406770000000165,38.23855000000003],[38.40925000000021,38.23759000000018],[38.41174000000018,38.24016000000023],[38.412380000000155,38.23957000000041],[38.41557000000017,38.24193000000031],[38.416250000000105,38.243000000000166],[38.41619000000014,38.243150000000355],[38.41633000000013,38.24348000000009],[38.4171300000001,38.243500000000154],[38.417520000000195,38.24523000000033],[38.4180300000001,38.24465000000009],[38.418260000000146,38.24392000000012],[38.418820000000096,38.24365000000034],[38.41951000000017,38.24416000000008],[38.42047000000019,38.244300000000294],[38.42018000000019,38.24471000000011],[38.4199500000002,38.24587000000014],[38.420650000000194,38.246010000000354],[38.42075000000011,38.246160000000145],[38.42073000000005,38.2471900000001],[38.421200000000056,38.24707000000012],[38.42132000000004,38.24738000000019],[38.42285000000015,38.24714000000006],[38.422750000000235,38.24759000000034],[38.42305000000016,38.24768000000017],[38.42368000000005,38.24764000000022],[38.42482000000007,38.24860000000007],[38.42659000000015,38.24955000000051],[38.428880000000106,38.249720000000366],[38.43329000000011,38.249380000000656],[38.43334000000016,38.2458000000002],[38.43538000000018,38.24548000000004],[38.435700000000224,38.24514000000016],[38.4354800000001,38.24423000000019],[38.43653000000012,38.244020000000546],[38.43741000000011,38.244420000000275],[38.437400000000196,38.243800000000135],[38.43780000000004,38.243780000000584],[38.438020000000165,38.24365000000034],[38.438370000000134,38.242220000000145],[38.439480000000174,38.24274000000037],[38.439940000000036,38.243400000000406],[38.44062000000014,38.243370000000084],[38.440870000000245,38.24311000000057],[38.44195000000008,38.24335000000053],[38.443110000000104,38.243780000000584],[38.444380000000194,38.24385000000018],[38.44600000000014,38.24434000000019],[38.44695000000024,38.24786000000012],[38.447130000000186,38.250370000000146],[38.44861000000009,38.256040000000326],[38.44938000000019,38.261400000000435],[38.448370000000125,38.26567000000006],[38.446540000000255,38.26946000000015],[38.44907000000012,38.278250000000526],[38.45350000000019,38.28423000000009],[38.45537000000019,38.295780000000036],[38.45301000000018,38.29743000000013],[38.45244000000008,38.297730000000115],[38.45179000000013,38.297770000000185],[38.45073000000019,38.29858000000007],[38.449920000000134,38.29990000000004],[38.44972000000007,38.30073000000033],[38.4480200000001,38.300550000000385],[38.44727000000006,38.30200000000025],[38.446910000000116,38.30212000000023],[38.44619000000006,38.302780000000155],[38.44575000000003,38.30372000000045],[38.445020000000056,38.30339000000015],[38.44380000000018,38.30553000000032],[38.44353000000007,38.30760000000032],[38.43810799751236,38.312883230943385],[38.43727000000007,38.31360000000012],[38.43391000000008,38.313500000000374],[38.43371000000025,38.31469000000004],[38.43325000000016,38.314580000000205],[38.43206000000015,38.31334000000061],[38.43187000000023,38.31303000000054],[38.4313200000002,38.31388000000038],[38.43089000000015,38.31390000000005],[38.42912000000007,38.31325000000027],[38.42790000000019,38.31249000000008],[38.42237000000006,38.318520000000035],[38.422040000000095,38.32043000000033],[38.42106000000018,38.32126000000011],[38.42106000000018,38.323480000000075],[38.420816376360335,38.323457760498115]]],"type":"Polygon"}},{"type":"Feature","properties":{"area_id":"TR-44-004-165277","name_tr":"Fırıncı","area_level":"neighbourhood","parent_id":"TR-44-004","endeksa_id":165277},"geometry":{"coordinates":[[[38.457641600000045,38.33137250000016],[38.457137300000056,38.331389300000126],[38.452534700000115,38.332247700000096],[38.45171930000015,38.33088430000009],[38.451483200000155,38.32995850000037],[38.45135450000015,38.32899070000008],[38.451097000000175,38.328603499999986],[38.45027090000019,38.3278208000001],[38.44971300000003,38.32712220000053],[38.449423300000035,38.32649100000003],[38.44944480000004,38.32574190000037],[38.44914440000008,38.324959100000115],[38.4487367000001,38.324024800000075],[38.448339700000076,38.32358720000008],[38.4481358000001,38.32280440000068],[38.44739560000016,38.32210580000043],[38.44730970000012,38.321533400000135],[38.44704150000018,38.3209442000001],[38.44522830000005,38.31899970000029],[38.444455900000094,38.31789700000036],[38.44233150000019,38.31643240000017],[38.43994970000011,38.314058500000044],[38.43908070000015,38.31381440000007],[38.43810799751236,38.312883230943385],[38.44353000000007,38.30760000000032],[38.44380000000018,38.30553000000032],[38.445020000000056,38.30339000000015],[38.44575000000003,38.30372000000045],[38.44619000000006,38.302780000000155],[38.446910000000116,38.30212000000023],[38.44727000000006,38.30200000000025],[38.4480200000001,38.300550000000385],[38.44972000000007,38.30073000000033],[38.449920000000134,38.29990000000004],[38.45073000000019,38.29858000000007],[38.45179000000013,38.297770000000185],[38.45244000000008,38.297730000000115],[38.45301000000018,38.29743000000013],[38.45537000000019,38.295780000000036],[38.45768000000004,38.29812000000038],[38.45992000000007,38.29955000000007],[38.46043000000003,38.30057000000005],[38.46032000000014,38.30076000000014],[38.461440000000096,38.303030000000206],[38.46096000000017,38.303400000000295],[38.46108000000015,38.30475000000041],[38.46142000000003,38.3056900000002],[38.462150000000236,38.307250000000124],[38.46232000000009,38.30824000000018],[38.462720000000104,38.30925000000042],[38.46331000000009,38.3101200000001],[38.46340000000009,38.3107600000003],[38.46654000000018,38.30995000000007],[38.46759000000003,38.3095500000004],[38.47007666700745,38.307398181540066],[38.470055150681674,38.3075510842375],[38.470543992533806,38.3079941976427],[38.470729899310356,38.30800538024755],[38.470802361083315,38.307867607935236],[38.47112000000004,38.308610000000044],[38.4719300000001,38.309720000000254],[38.471997139216455,38.30970135021806],[38.471898058272984,38.309855211444585],[38.4721899000001,38.31026180000015],[38.47274780000009,38.311861300000146],[38.47476480000017,38.31351130000007],[38.47562310000012,38.316828000000044],[38.47804780000001,38.32027920000064],[38.472468800000115,38.322114200000044],[38.47010850000004,38.32359560000009],[38.46706150000017,38.324706600000184],[38.46579550000007,38.32558200000028],[38.464808400000095,38.3278545],[38.46431490000009,38.329756599999996],[38.46105330000006,38.33128830000027],[38.457641600000045,38.33137250000016]]],"type":"Polygon"}},{"type":"Feature","properties":{"area_id":"TR-44-004-165229","name_tr":"Kamıştaş","area_level":"neighbourhood","parent_id":"TR-44-004","endeksa_id":165229},"geometry":{"coordinates":[[[38.68982522823188,38.34223430678105],[38.68965000000014,38.342340000000036],[38.689580000000035,38.34132000000005],[38.689140000000236,38.339330000000245],[38.68855000000008,38.33755000000019],[38.686300000000074,38.335950000000366],[38.6833000000002,38.33625000000046],[38.68005000000005,38.33722000000006],[38.67886000000016,38.336820000000046],[38.67340000000013,38.335650000000555],[38.67105000000004,38.33607000000012],[38.66835000000009,38.33634000000012],[38.666230000000155,38.33458000000013],[38.66493000000008,38.33384000000018],[38.661980000000085,38.33290000000039],[38.659380000000056,38.33235000000036],[38.65572000000009,38.33235000000036],[38.65265000000011,38.33179000000024],[38.6495868784375,38.332570601946884],[38.66011000000009,38.31045000000023],[38.66072000000008,38.308050000000094],[38.65908000000013,38.30714000000012],[38.657860000000085,38.30453000000068],[38.65740000000022,38.30332000000004],[38.65625000000006,38.301950000000375],[38.65435000000008,38.301140000000146],[38.655450000000144,38.30034000000006],[38.65863000000019,38.29905000000008],[38.66045000000014,38.29867000000041],[38.66044000000022,38.2971400000003],[38.66119000000009,38.29559000000012],[38.66221000000007,38.29397000000023],[38.66425000000015,38.29314000000045],[38.664300000000196,38.292250000000195],[38.66271000000006,38.29125000000039],[38.661140000000046,38.289840000000254],[38.661460000000204,38.28674000000029],[38.66320000000013,38.28313000000071],[38.66389000000021,38.283240000000035],[38.665080000000046,38.28397000000007],[38.665920000000085,38.284140000000434],[38.667470000000094,38.28486000000032],[38.66859000000005,38.28518000000014],[38.66940000000011,38.284130000000346],[38.67036000000013,38.283550000000105],[38.67385000000007,38.28332000000012],[38.6748800000002,38.28307000000018],[38.67721000000006,38.28272000000021],[38.67859000000004,38.28229000000016],[38.68000000000018,38.282240000000286],[38.68143000000015,38.28183000000007],[38.684310000000096,38.281630000000234],[38.68583000000007,38.281660000000045],[38.68677000000025,38.2813000000001],[38.68784000000011,38.28116000000006],[38.688590000000204,38.28094000000016],[38.68956000000014,38.28090000000026],[38.69070000000016,38.28063000000009],[38.69639000000018,38.280050000000244],[38.69836000000015,38.27931000000012],[38.70035000000013,38.27810000000022],[38.70261000000005,38.27747000000011],[38.70827000000014,38.27809000000008],[38.71153000000021,38.27860000000038],[38.71547000000004,38.28322000000037],[38.71522000000016,38.28389000000038],[38.71597000000003,38.285060000000385],[38.716350000000034,38.28490000000011],[38.71691000000021,38.28537000000006],[38.716690000000085,38.285740000000146],[38.716620000000205,38.28625000000022],[38.71750000000014,38.28653000000065],[38.71680000000015,38.28707000000003],[38.7173600000001,38.28849000000014],[38.71895000000006,38.29022000000043],[38.719510000000184,38.290270000000305],[38.71912000000009,38.29085000000015],[38.71984000000015,38.29164000000014],[38.72072000000014,38.293340000000114],[38.7218400000001,38.29509000000013],[38.72320000000013,38.296400000000176],[38.7245700000002,38.29728000000051],[38.72631000000007,38.29899000000006],[38.72758000000016,38.300580000000025],[38.730690000000095,38.30393000000009],[38.731270000000166,38.30534000000023],[38.732050000000186,38.3065100000004],[38.7329400000001,38.309510000000614],[38.732800000000054,38.31140000000016],[38.73415000000006,38.31438000000014],[38.733410000000106,38.31526000000031],[38.733070000000055,38.3163100000005],[38.73150000000015,38.31714000000028],[38.72922000000017,38.31907000000007],[38.72707000000008,38.31930000000011],[38.72498000000019,38.32008000000013],[38.72410000000019,38.320840000000146],[38.722230000000195,38.32170000000025],[38.71992000000017,38.32324000000011],[38.72194000000019,38.32633000000038],[38.72150000000016,38.326880000000415],[38.71934000000016,38.328060000000164],[38.71672000000012,38.33070000000026],[38.71443000000016,38.33238000000017],[38.71292000000011,38.33381000000037],[38.71202000000005,38.335520000000315],[38.70965000000007,38.33658000000008],[38.705350000000124,38.336700000000064],[38.70501000000024,38.337850000000685],[38.7037000000002,38.338930000000516],[38.70096000000012,38.33959000000027],[38.69979000000012,38.34071000000017],[38.69763000000012,38.34010000000069],[38.697080000000085,38.33982000000026],[38.69483000000008,38.339860000000044],[38.694600000000094,38.33993000000015],[38.694410000000175,38.33984000000049],[38.69394000000017,38.3399100000006],[38.693800000000124,38.34015000000056],[38.69322000000011,38.34032000000042],[38.68982522823188,38.34223430678105]]],"type":"Polygon"}},{"type":"Feature","properties":{"area_id":"TR-44-004-164983","name_tr":"Beydağı","area_level":"neighbourhood","parent_id":"TR-44-004","endeksa_id":164983},"geometry":{"coordinates":[[[38.49152665519699,38.305731645347464],[38.49139000000014,38.30582000000015],[38.49161000000021,38.30643000000015],[38.490250000000174,38.307430000000465],[38.48937000000018,38.306600000000174],[38.488360000000114,38.30756000000042],[38.48766000000006,38.30807000000016],[38.487650000000144,38.30819000000014],[38.48624000000018,38.30918000000031],[38.48370000000017,38.31138000000044],[38.48366000000004,38.31167000000028],[38.48137000000014,38.31504000000007],[38.480930000000114,38.315390000000036],[38.4804400000001,38.316200000000094],[38.47976000000011,38.316200000000094],[38.47950000000009,38.31590000000017],[38.47915000000012,38.31580000000025],[38.479070000000036,38.3142400000001],[38.47821000000016,38.31281000000013],[38.47771000000017,38.31260000000049],[38.47757000000013,38.312670000000594],[38.47583000000003,38.31064000000032],[38.47538000000009,38.31027000000029],[38.4762300000001,38.309690000000046],[38.47453000000013,38.30810000000048],[38.47379000000018,38.30895000000032],[38.47347000000019,38.30916000000008],[38.47283000000016,38.30947000000015],[38.4719300000001,38.309720000000254],[38.47112000000004,38.308610000000044],[38.470802361083315,38.307867607935236],[38.470729899310356,38.30800538024755],[38.470543992533806,38.3079941976427],[38.470055150681674,38.3075510842375],[38.47007666700745,38.307398181540066],[38.46759000000003,38.3095500000004],[38.46654000000018,38.30995000000007],[38.46340000000009,38.3107600000003],[38.46331000000009,38.3101200000001],[38.462720000000104,38.30925000000042],[38.46232000000009,38.30824000000018],[38.462150000000236,38.307250000000124],[38.46142000000003,38.3056900000002],[38.46108000000015,38.30475000000041],[38.46096000000017,38.303400000000295],[38.461440000000096,38.303030000000206],[38.46032000000014,38.30076000000014],[38.46043000000003,38.30057000000005],[38.45992000000007,38.29955000000007],[38.45768000000004,38.29812000000038],[38.45537000000019,38.295780000000036],[38.45350000000019,38.28423000000009],[38.44907000000012,38.278250000000526],[38.446540000000255,38.26946000000015],[38.448370000000125,38.26567000000006],[38.44938000000019,38.261400000000435],[38.44861000000009,38.256040000000326],[38.447130000000186,38.250370000000146],[38.44695000000024,38.24786000000012],[38.44600000000014,38.24434000000019],[38.44848000000019,38.24174000000022],[38.44708000000014,38.240120000000445],[38.446360000000084,38.23839000000015],[38.445020000000056,38.235780000000204],[38.44495000000012,38.233360000000346],[38.448680000000195,38.23307000000034],[38.4533100000001,38.23365000000018],[38.4564400000001,38.23269000000033],[38.459330000000136,38.23152000000016],[38.46427000000011,38.23291000000006],[38.466710000000035,38.233270000000175],[38.471480000000156,38.23234000000048],[38.47384000000005,38.232040000000154],[38.477830000000154,38.23195000000021],[38.47818000000012,38.23211000000009],[38.4801700000001,38.2337900000004],[38.48045000000019,38.238100000000316],[38.47921000000008,38.238910000000374],[38.478610000000174,38.23901000000029],[38.47845000000012,38.23896000000042],[38.476560000000234,38.23992000000027],[38.47425000000004,38.24264000000005],[38.474390000000085,38.243310000000065],[38.47412000000014,38.24338000000017],[38.474260000000186,38.2435100000003],[38.474610000000155,38.243620000000135],[38.47503000000012,38.24305000000004],[38.47577000000024,38.24268000000052],[38.47725000000008,38.242470000000196],[38.47747000000021,38.24225000000047],[38.47880000000009,38.2420800000001],[38.48032000000012,38.24221000000017],[38.48085000000009,38.24228000000011],[38.48131000000012,38.242720000000304],[38.48149000000012,38.24218000000036],[38.482600000000105,38.24249000000043],[38.48578000000015,38.24245000000013],[38.487520000000245,38.242570000000114],[38.48865000000012,38.24289000000016],[38.49101000000013,38.24383000000046],[38.493160000000046,38.244270000000085],[38.49508000000009,38.24422000000004],[38.4970100000001,38.24475000000041],[38.49811000000017,38.25095000000016],[38.5115100000001,38.259260000000324],[38.513270000000034,38.263110000000154],[38.51310000000018,38.26378000000017],[38.512610000000166,38.264280000000156],[38.51225000000022,38.267660000000035],[38.511350000000164,38.27157000000011],[38.510820000000194,38.27213000000006],[38.51050000000021,38.27226000000019],[38.509920000000136,38.27269000000024],[38.51080000000013,38.274530000000425],[38.51096000000007,38.27861000000047],[38.511470000000145,38.278990000000135],[38.510720000000106,38.2791600000005],[38.51021000000014,38.27963000000034],[38.50993000000011,38.27957000000032],[38.50973000000005,38.28026000000057],[38.50860000000017,38.28186000000011],[38.508800000000235,38.28260000000023],[38.50858000000011,38.28285000000028],[38.508280000000184,38.28266000000019],[38.508100000000184,38.28266000000019],[38.507780000000196,38.283050000000344],[38.507350000000145,38.28474000000034],[38.50858000000011,38.28787000000068],[38.50850000000008,38.28846000000033],[38.5072100000001,38.289310000000455],[38.50697000000014,38.289370000000304],[38.50688000000014,38.28949000000006],[38.50561000000005,38.29022000000043],[38.502430000000174,38.291940000000636],[38.50154000000009,38.29473000000041],[38.49969000000016,38.297270000000424],[38.497870000000205,38.29938000000021],[38.49659800000012,38.301472300000285],[38.49670260735206,38.301557227632145],[38.49646515099363,38.301563999637324],[38.495850000000246,38.302510000000154],[38.49371000000008,38.30432000000036],[38.49152665519699,38.305731645347464]]],"type":"Polygon"}},{"type":"Feature","properties":{"area_id":"TR-44-004-51777","name_tr":"Yamaç","area_level":"neighbourhood","parent_id":"TR-44-004","endeksa_id":51777},"geometry":{"coordinates":[[[38.34275720000011,38.33214670000024],[38.33408830000013,38.33576549999998],[38.33473210000011,38.33648930000004],[38.33348750000016,38.336859500000116],[38.33224300000006,38.33738130000063],[38.33245750000003,38.33795350000037],[38.331556300000045,38.33983860000001],[38.33002210000012,38.339703900000245],[38.32937840000017,38.339417800000376],[38.32850930000001,38.33881190000034],[38.32724330000008,38.340293000000315],[38.32782270000007,38.340343500000586],[38.32714890000011,38.341119900000194],[38.32671760000011,38.34108400000002],[38.32610070000004,38.340642200000104],[38.32566620000017,38.3408568000001],[38.325430100000176,38.340528600000084],[38.32541940000016,38.340006900000446],[38.32529070000015,38.339788100000135],[38.32456110000004,38.33927470000026],[38.32415340000006,38.33833220000008],[38.322941100000094,38.33751600000005],[38.32200279007327,38.33734804254482],[38.32215000000019,38.33678000000026],[38.32206000000019,38.33665000000019],[38.32207000000017,38.33613000000048],[38.32246000000009,38.335560000000214],[38.32285000000019,38.33579000000009],[38.32297000000017,38.33570000000043],[38.323220000000106,38.33573000000007],[38.32350000000014,38.33544000000023],[38.32393000000019,38.33554000000015],[38.32420000000019,38.33535000000006],[38.324720000000184,38.33527000000038],[38.32565000000005,38.33493000000067],[38.32591000000008,38.334620000000086],[38.326110000000085,38.33453000000026],[38.32640000000009,38.33452000000017],[38.32646000000011,38.33473000000009],[38.327350000000195,38.33424000000042],[38.327040000000125,38.33391000000012],[38.32857000000007,38.331810000000075],[38.33129000000008,38.33005000000048],[38.33371000000011,38.327570000000094],[38.336550000000045,38.32405000000017],[38.33794659989803,38.32337482256639],[38.338107400000126,38.32344890000036],[38.34275720000011,38.33214670000024]]],"type":"Polygon"}},{"type":"Feature","properties":{"area_id":"TR-44-004-51708","name_tr":"Ataköy","area_level":"neighbourhood","parent_id":"TR-44-004","endeksa_id":51708},"geometry":{"coordinates":[[[38.3071053000001,38.33870250000052],[38.31149880000015,38.34211900000008],[38.309449500000085,38.34208960000046],[38.30736900000005,38.34189240000012],[38.30576990000009,38.34187290000011],[38.3071053000001,38.33870250000052]]],"type":"Polygon"}},{"type":"Feature","properties":{"area_id":"TR-44-004-51759","name_tr":"Paşaköşkü","area_level":"neighbourhood","parent_id":"TR-44-004","endeksa_id":51759},"geometry":{"coordinates":[[[38.311270316325135,38.33503151900811],[38.31178310000007,38.33653980000014],[38.31183670000007,38.33749910000006],[38.31241610000001,38.33890450000018],[38.31283450000018,38.34038549999997],[38.31311520000014,38.34216240000012],[38.31149880000015,38.34211900000008],[38.3071053000001,38.33870250000052],[38.3056155000001,38.337463800000705],[38.30652139527285,38.33547261995426],[38.30806000000018,38.33557000000036],[38.311270316325135,38.33503151900811]]],"type":"Polygon"}},{"type":"Feature","properties":{"area_id":"TR-44-004-51710","name_tr":"Başharık","area_level":"neighbourhood","parent_id":"TR-44-004","endeksa_id":51710},"geometry":{"coordinates":[[[38.31923960000006,38.34213580000005],[38.316353600000014,38.342249400000185],[38.31311520000014,38.34216240000012],[38.31283450000018,38.34038549999997],[38.31241610000001,38.33890450000018],[38.31183670000007,38.33749910000006],[38.31178310000007,38.33653980000014],[38.311270316325135,38.33503151900811],[38.31206000000003,38.33456000000007],[38.313190000000134,38.334380000000124],[38.31413000000009,38.33369000000039],[38.31453000000016,38.33352000000053],[38.31467000000015,38.333540000000085],[38.315850000000125,38.334070000000565],[38.316070000000195,38.334260000000654],[38.316350000000114,38.33470000000011],[38.31675000000013,38.33495000000022],[38.318430000000035,38.3353300000004],[38.31956000000014,38.3353300000004],[38.31983000000008,38.33545000000038],[38.31999000000019,38.335560000000214],[38.32004000000006,38.33580000000018],[38.31986000000006,38.33643000000029],[38.31986000000006,38.33677000000017],[38.31996000000015,38.33706000000018],[38.32033328025631,38.337320468608254],[38.320248100000015,38.33750750000041],[38.32020520000003,38.341109200000346],[38.31978680000003,38.34169830000042],[38.31981900000005,38.34213580000005],[38.31923960000006,38.34213580000005]]],"type":"Polygon"}},{"type":"Feature","properties":{"area_id":"TR-44-004-165285","name_tr":"Hacıhaliloğluçiftliği","area_level":"neighbourhood","parent_id":"TR-44-004","endeksa_id":165285},"geometry":{"coordinates":[[[38.47786540000004,38.34110079999999],[38.4762669000001,38.34280060000032],[38.47559090000016,38.342203200000085],[38.47501160000019,38.34103350000015],[38.47448590000005,38.34078950000003],[38.47412110000005,38.339939500000014],[38.471857300000124,38.33955240000017],[38.470398200000034,38.338079800000514],[38.468982000000096,38.336935300000164],[38.46772670000013,38.33660709999998],[38.468016400000124,38.33567300000033],[38.46521610000008,38.334747200000095],[38.46432570000013,38.33404870000004],[38.46270560000016,38.333316600000046],[38.46119280000005,38.33413290000044],[38.45992680000012,38.33408240000017],[38.457834700000035,38.33309770000005],[38.457641600000045,38.33137250000016],[38.46105330000006,38.33128830000027],[38.46431490000009,38.329756599999996],[38.464808400000095,38.3278545],[38.46579550000007,38.32558200000028],[38.46706150000017,38.324706600000184],[38.47010850000004,38.32359560000009],[38.472468800000115,38.322114200000044],[38.47804780000001,38.32027920000064],[38.47799420000007,38.32274550000005],[38.47965720000013,38.322838000000615],[38.47977520000012,38.32147450000042],[38.48122360000008,38.32109570000034],[38.48261830000018,38.31978260000005],[38.48439930000012,38.32032970000006],[38.486663100000044,38.32128090000003],[38.49100830000003,38.32224880000018],[38.49047180000019,38.32472340000015],[38.48986030000003,38.326726600000484],[38.48983880000003,38.32764400000036],[38.49034310000002,38.328452000000425],[38.49086879999999,38.32863720000012],[38.49104050000017,38.32882230000018],[38.49217770000013,38.32904960000013],[38.49247810000014,38.329352600000334],[38.49355100000008,38.329807100000096],[38.493787000000054,38.330076399999996],[38.49372270000009,38.33033730000045],[38.49352950000008,38.330682300000035],[38.493014600000095,38.3311705000001],[38.49349740000008,38.331582900000114],[38.496522900000116,38.33062340000032],[38.49757430000005,38.33155760000017],[38.49654440000012,38.3322814],[38.49504230000019,38.33225610000005],[38.49552510000018,38.332542300000284],[38.49570750000015,38.33277790000005],[38.49570750000015,38.332946300000174],[38.49442000000005,38.33388040000051],[38.49329350000011,38.33504180000068],[38.49281070000012,38.33568140000017],[38.49229570000011,38.336581800000204],[38.491931000000136,38.33702790000052],[38.49126580000018,38.33828169999998],[38.49110480000019,38.33911490000003],[38.49097610000018,38.33937570000012],[38.487768200000176,38.339922700000045],[38.484485100000086,38.339922700000045],[38.481212800000094,38.338828700000306],[38.4801614000001,38.33934210000018],[38.47786540000004,38.34110079999999]]],"type":"Polygon"}},{"type":"Feature","properties":{"area_id":"TR-44-004-51737","name_tr":"Hasan Varol","area_level":"neighbourhood","parent_id":"TR-44-004","endeksa_id":51737},"geometry":{"coordinates":[[[38.32566620000017,38.3408568000001],[38.324432400000035,38.34248090000051],[38.32456110000004,38.3426912000005],[38.324207100000024,38.343137200000456],[38.323756400000036,38.34279220000019],[38.32239390000012,38.34240510000063],[38.32100989999998,38.34213580000005],[38.31981900000005,38.34213580000005],[38.31978680000003,38.34169830000042],[38.32020520000003,38.341109200000346],[38.320248100000015,38.33750750000041],[38.32033328025631,38.337320468608254],[38.32089000000019,38.3374000000004],[38.32200279007327,38.33734804254482],[38.322941100000094,38.33751600000005],[38.32415340000006,38.33833220000008],[38.32456110000004,38.33927470000026],[38.32529070000015,38.339788100000135],[38.32541940000016,38.340006900000446],[38.325430100000176,38.340528600000084],[38.32566620000017,38.3408568000001]]],"type":"Polygon"}},{"type":"Feature","properties":{"area_id":"TR-44-004-51734","name_tr":"Hacı Abdi","area_level":"neighbourhood","parent_id":"TR-44-004","endeksa_id":51734},"geometry":{"coordinates":[[[38.30576990000009,38.34187290000011],[38.30523200000016,38.3417118000001],[38.30436950000001,38.344033500000364],[38.30278479999998,38.343658900000094],[38.30234960000007,38.34529720000012],[38.30194290000014,38.34465070000027],[38.30154240000007,38.34369860000004],[38.30035310000005,38.34145610000013],[38.301188000000025,38.34046519999998],[38.300945100000035,38.340390100000036],[38.30193410000015,38.33904890000008],[38.30376880000006,38.33594840000001],[38.3056155000001,38.337463800000705],[38.3071053000001,38.33870250000052],[38.30576990000009,38.34187290000011]]],"type":"Polygon"}},{"type":"Feature","properties":{"area_id":"TR-44-004-51719","name_tr":"Cevherizade","area_level":"neighbourhood","parent_id":"TR-44-004","endeksa_id":51719},"geometry":{"coordinates":[[[38.31525970000013,38.34529440000006],[38.314685199999985,38.34466029999999],[38.31408980000015,38.34426480000013],[38.31358020000005,38.34528710000035],[38.31323149999997,38.34533760000011],[38.312233700000036,38.34335180000045],[38.31149880000015,38.34211900000008],[38.316353600000014,38.342249400000185],[38.31624090000014,38.34403340000017],[38.31649300000004,38.344008100000394],[38.31644349999999,38.344407500000045],[38.31573660000015,38.34447090000032],[38.31525970000013,38.34529440000006]]],"type":"Polygon"}},{"type":"Feature","properties":{"area_id":"TR-44-004-51752","name_tr":"K.Mustafa Paşa","area_level":"neighbourhood","parent_id":"TR-44-004","endeksa_id":51752},"geometry":{"coordinates":[[[38.31323149999997,38.34533760000011],[38.31268970000008,38.34550170000034],[38.31183670000007,38.34466029999999],[38.311777700000164,38.344824300000425],[38.31064040000018,38.34441200000009],[38.30812450000019,38.34382720000019],[38.307968300000084,38.34430430000003],[38.30710300000004,38.34409610000057],[38.307507700000144,38.34315929999997],[38.307150300000046,38.34309160000009],[38.30736900000005,38.34189240000012],[38.309449500000085,38.34208960000046],[38.31149880000015,38.34211900000008],[38.312233700000036,38.34335180000045],[38.31323149999997,38.34533760000011]]],"type":"Polygon"}},{"type":"Feature","properties":{"area_id":"TR-44-004-51730","name_tr":"Ferhadiye","area_level":"neighbourhood","parent_id":"TR-44-004","endeksa_id":51730},"geometry":{"coordinates":[[[38.31923960000006,38.34213580000005],[38.31941130000007,38.343658900000094],[38.31926110000006,38.34434890000017],[38.31876220000004,38.34557320000022],[38.31794680000007,38.34518620000017],[38.31759810000017,38.34488320000014],[38.317378200000064,38.34433630000001],[38.31685779999998,38.34443310000006],[38.31644349999999,38.344407500000045],[38.31649300000004,38.344008100000394],[38.31624090000014,38.34403340000017],[38.316353600000014,38.342249400000185],[38.31923960000006,38.34213580000005]]],"type":"Polygon"}},{"type":"Feature","properties":{"area_id":"TR-44-004-193706","name_tr":"Üniversite","area_level":"neighbourhood","parent_id":"TR-44-004","endeksa_id":193706},"geometry":{"coordinates":[[[38.44884160000004,38.33487889999998],[38.44121570000004,38.337053100000105],[38.407452100000114,38.345728900000154],[38.40779540000011,38.34535870000059],[38.407999300000085,38.34487059999998],[38.4117973000001,38.341462700000136],[38.413009600000066,38.34230410000009],[38.414232700000184,38.34071370000015],[38.41578840000011,38.34142059999999],[38.41675400000008,38.34043600000007],[38.41710800000004,38.341344800000115],[38.417301200000054,38.34148790000006],[38.417505000000006,38.341496300000074],[38.41866370000014,38.34073900000027],[38.42124940000002,38.33867730000003],[38.4197903000001,38.33721300000002],[38.421324500000026,38.33603480000005],[38.42115280000007,38.335757100000535],[38.42112060000005,38.335487800000124],[38.42142100000001,38.334730400000126],[38.422837200000174,38.33320710000004],[38.42348100000015,38.33174280000003],[38.42386720000013,38.329655600000535],[38.42633480000018,38.327888100000166],[38.42440360000006,38.32642360000028],[38.424232000000075,38.32564930000052],[38.4242814000001,38.32544760000053],[38.423804600000096,38.32491880000015],[38.42303040000013,38.324656100000084],[38.422601200000145,38.32472350000012],[38.422107700000026,38.32554830000015],[38.42157120000019,38.32509380000039],[38.420949000000064,38.32415110000005],[38.420816376360335,38.323457760498115],[38.42106000000018,38.323480000000075],[38.42106000000018,38.32126000000011],[38.422040000000095,38.32043000000033],[38.42237000000006,38.318520000000035],[38.42790000000019,38.31249000000008],[38.42912000000007,38.31325000000027],[38.43089000000015,38.31390000000005],[38.4313200000002,38.31388000000038],[38.43187000000023,38.31303000000054],[38.43206000000015,38.31334000000061],[38.43325000000016,38.314580000000205],[38.43371000000025,38.31469000000004],[38.43391000000008,38.313500000000374],[38.43727000000007,38.31360000000012],[38.43810799751236,38.312883230943385],[38.43908070000015,38.31381440000007],[38.43994970000011,38.314058500000044],[38.44233150000019,38.31643240000017],[38.444455900000094,38.31789700000036],[38.44522830000005,38.31899970000029],[38.44704150000018,38.3209442000001],[38.44730970000012,38.321533400000135],[38.44739560000016,38.32210580000043],[38.4481358000001,38.32280440000068],[38.448339700000076,38.32358720000008],[38.4487367000001,38.324024800000075],[38.44914440000008,38.324959100000115],[38.44944480000004,38.32574190000037],[38.449423300000035,38.32649100000003],[38.44971300000003,38.32712220000053],[38.45027090000019,38.3278208000001],[38.451097000000175,38.328603499999986],[38.45135450000015,38.32899070000008],[38.451483200000155,38.32995850000037],[38.45171930000015,38.33088430000009],[38.452534700000115,38.332247700000096],[38.45319990000007,38.3336111000001],[38.44884160000004,38.33487889999998]]],"type":"Polygon"}},{"type":"Feature","properties":{"area_id":"TR-44-004-165189","name_tr":"Alhanuşağı","area_level":"neighbourhood","parent_id":"TR-44-004","endeksa_id":165189},"geometry":{"coordinates":[[[38.63797190000014,38.34112610000068],[38.63536480000005,38.34129440000004],[38.6345601000001,38.342489300000125],[38.635246700000096,38.34454250000056],[38.63349790000012,38.345947700000295],[38.62713570000005,38.34241350000008],[38.625569300000166,38.339687100000276],[38.62539770000018,38.32615430000038],[38.62391710000003,38.32607009999998],[38.6203337,38.32379760000043],[38.6202907,38.322535000000414],[38.620998800000166,38.32083480000006],[38.62074130000019,38.31990880000001],[38.61975430000007,38.319538500000135],[38.61866000000009,38.320599100000095],[38.61829520000009,38.320599100000095],[38.617844600000126,38.31999300000041],[38.61705060000014,38.31972370000051],[38.61627820000018,38.32014449999997],[38.614583000000096,38.319420600000115],[38.61348870000012,38.32004350000068],[38.61284489999997,38.31995930000011],[38.61243719999999,38.319791000000066],[38.61198660000019,38.31931960000014],[38.61162180000002,38.317905500000165],[38.61048460000012,38.31743410000007],[38.61065620000011,38.316945799999985],[38.60992670000013,38.315851500000576],[38.61061330000007,38.314656200000115],[38.610055400000135,38.31351130000007],[38.61042020000008,38.313157800000454],[38.6108923000001,38.31317460000042],[38.610763500000076,38.312635800000066],[38.61161110000006,38.31237480000033],[38.61517310000005,38.30995030000008],[38.61716870000015,38.309655700000235],[38.61799480000013,38.3090916000001],[38.61812350000014,38.30623760000003],[38.619346600000085,38.305185300000005],[38.61996890000006,38.30442750000037],[38.61989380000006,38.30300470000009],[38.62070920000019,38.30182590000004],[38.61996890000006,38.300849300000095],[38.62001180000004,38.30011680000007],[38.62095590000018,38.29941790000015],[38.62193230000014,38.28737660000036],[38.623681100000056,38.285633399999995],[38.626610000000085,38.284749100000056],[38.62912060000019,38.283283800000106],[38.63036510000012,38.28332590000008],[38.63101960000006,38.28280369999999],[38.63182420000004,38.28280369999999],[38.63266110000018,38.282298400000116],[38.632757700000184,38.28175940000028],[38.6344850000001,38.28033610000011],[38.63566520000006,38.28011720000012],[38.63690970000016,38.28000770000011],[38.641963000000146,38.27814640000048],[38.64642620000012,38.27649560000032],[38.65874290000011,38.27858440000011],[38.66136070000016,38.280774100000144],[38.66139290000018,38.28194470000034],[38.66310604986944,38.283335584992074],[38.661460000000204,38.28674000000029],[38.661140000000046,38.289840000000254],[38.66271000000006,38.29125000000039],[38.664300000000196,38.292250000000195],[38.66425000000015,38.29314000000045],[38.66221000000007,38.29397000000023],[38.66119000000009,38.29559000000012],[38.66044000000022,38.2971400000003],[38.66045000000014,38.29867000000041],[38.65863000000019,38.29905000000008],[38.655450000000144,38.30034000000006],[38.65435000000008,38.301140000000146],[38.65625000000006,38.301950000000375],[38.65740000000022,38.30332000000004],[38.657860000000085,38.30453000000068],[38.65908000000013,38.30714000000012],[38.66072000000008,38.308050000000094],[38.66011000000009,38.31045000000023],[38.6495868784375,38.332570601946884],[38.649215700000184,38.33320720000023],[38.648679200000174,38.33276950000061],[38.6468124000001,38.33253390000016],[38.64642620000012,38.33290420000003],[38.64344360000007,38.3342844],[38.64078280000018,38.33657340000008],[38.63983870000004,38.339956400000176],[38.63797190000014,38.34112610000068]]],"type":"Polygon"}},{"type":"Feature","properties":{"area_id":"TR-44-004-165275","name_tr":"Yeniköy","area_level":"neighbourhood","parent_id":"TR-44-004","endeksa_id":165275},"geometry":{"coordinates":[[[38.51454730000006,38.34276700000038],[38.50830310000015,38.34448360000016],[38.50433350000014,38.3460318000005],[38.50414040000015,38.343675800000256],[38.50261690000019,38.342581800000175],[38.49935530000016,38.34126910000043],[38.496329800000126,38.342295700000136],[38.49190950000013,38.34147110000009],[38.49150180000015,38.34076420000008],[38.49097610000018,38.33937570000012],[38.49110480000019,38.33911490000003],[38.49126580000018,38.33828169999998],[38.491931000000136,38.33702790000052],[38.49229570000011,38.336581800000204],[38.49281070000012,38.33568140000017],[38.49329350000011,38.33504180000068],[38.49442000000005,38.33388040000051],[38.49570750000015,38.332946300000174],[38.49570750000015,38.33277790000005],[38.49552510000018,38.332542300000284],[38.49504230000019,38.33225610000005],[38.49654440000012,38.3322814],[38.49757430000005,38.33155760000017],[38.496522900000116,38.33062340000032],[38.49349740000008,38.331582900000114],[38.493014600000095,38.3311705000001],[38.49352950000008,38.330682300000035],[38.49372270000009,38.33033730000045],[38.493787000000054,38.330076399999996],[38.49355100000008,38.329807100000096],[38.49247810000014,38.329352600000334],[38.49217770000013,38.32904960000013],[38.49104050000017,38.32882230000018],[38.49086879999999,38.32863720000012],[38.49034310000002,38.328452000000425],[38.48983880000003,38.32764400000036],[38.48986030000003,38.326726600000484],[38.49047180000019,38.32472340000015],[38.49100830000003,38.32224880000018],[38.49225280000013,38.32113780000009],[38.49311110000008,38.320868399999995],[38.49379780000004,38.32080110000015],[38.49540710000019,38.32026240000016],[38.49630830000012,38.319521600000485],[38.496887700000116,38.31869670000009],[38.49819660000003,38.318174800000065],[38.499484000000166,38.31847790000046],[38.49989170000015,38.31891560000008],[38.50029940000013,38.31908390000018],[38.50471970000012,38.32024550000034],[38.508174400000144,38.321019900000465],[38.5084533000001,38.32157550000011],[38.510320200000024,38.31997620000044],[38.51225140000014,38.3203802000001],[38.512980900000116,38.32081790000012],[38.51933240000017,38.31969000000021],[38.520083400000146,38.31893240000005],[38.52019070000017,38.31782130000016],[38.518366800000024,38.31649130000022],[38.516392700000154,38.31322510000018],[38.521216600000116,38.31172490000006],[38.523243100000116,38.31259790000013],[38.52395650000017,38.313923800000055],[38.52711620000014,38.31566630000003],[38.53256110000012,38.31661330000037],[38.53204610000017,38.31903760000023],[38.53503940000019,38.320098200000075],[38.533752000000106,38.32213520000005],[38.533971900000154,38.32338940000005],[38.533730500000104,38.32317470000004],[38.53344080000011,38.32306530000005],[38.53307600000011,38.323099000000184],[38.531541800000184,38.32362920000003],[38.53187440000016,38.3262637000002],[38.52670310000002,38.328199500000494],[38.526070100000084,38.33062340000032],[38.52322700000019,38.33212150000014],[38.517122300000096,38.334006700000145],[38.514997900000026,38.33684270000015],[38.51549150000017,38.33752440000006],[38.51454730000006,38.34276700000038]]],"type":"Polygon"}},{"type":"Feature","properties":{"area_id":"TR-44-004-165207","name_tr":"Düzyol","area_level":"neighbourhood","parent_id":"TR-44-004","endeksa_id":165207},"geometry":{"coordinates":[[[38.66736478519664,38.3355220858237],[38.665823900000134,38.33625360000008],[38.66684320000013,38.33724670000015],[38.66587760000016,38.339384100000075],[38.66554500000018,38.341614100000015],[38.664203900000075,38.34320450000018],[38.663302600000065,38.34494640000008],[38.66229410000011,38.3442816000001],[38.66186500000015,38.34505570000039],[38.65587830000004,38.34665450000051],[38.65042800000009,38.34355790000012],[38.64615800000013,38.340208800000084],[38.644645200000184,38.339720700000214],[38.64329340000006,38.34063800000007],[38.64236000000011,38.34063800000007],[38.640096200000016,38.34324660000027],[38.6387122000001,38.34324660000027],[38.63797190000014,38.34112610000068],[38.63983870000004,38.339956400000176],[38.64078280000018,38.33657340000008],[38.64344360000007,38.3342844],[38.64642620000012,38.33290420000003],[38.6468124000001,38.33253390000016],[38.648679200000174,38.33276950000061],[38.649215700000184,38.33320720000023],[38.6495868784375,38.332570601946884],[38.65265000000011,38.33179000000024],[38.65572000000009,38.33235000000036],[38.659380000000056,38.33235000000036],[38.661980000000085,38.33290000000039],[38.66493000000008,38.33384000000018],[38.666230000000155,38.33458000000013],[38.66736478519664,38.3355220858237]]],"type":"Polygon"}},{"type":"Feature","properties":{"area_id":"TR-44-004-51716","name_tr":"B.Mustafa Paşa","area_level":"neighbourhood","parent_id":"TR-44-004","endeksa_id":51716},"geometry":{"coordinates":[[[38.30493270000011,38.346511400000395],[38.30312490000006,38.34689430000009],[38.301448700000094,38.34702740000046],[38.30234960000007,38.34529720000012],[38.30278479999998,38.343658900000094],[38.30436950000001,38.344033500000364],[38.30523200000016,38.3417118000001],[38.30576990000009,38.34187290000011],[38.30736900000005,38.34189240000012],[38.307150300000046,38.34309160000009],[38.307507700000144,38.34315929999997],[38.30710300000004,38.34409610000057],[38.30689150000018,38.34462850000057],[38.30722420000012,38.34473480000048],[38.306743600000175,38.34580770000008],[38.30639850000006,38.345633700000064],[38.305708300000106,38.346242700000005],[38.30493270000011,38.346511400000395]]],"type":"Polygon"}},{"type":"Feature","properties":{"area_id":"TR-44-004-51706","name_tr":"Aslanbey","area_level":"neighbourhood","parent_id":"TR-44-004","endeksa_id":51706},"geometry":{"coordinates":[[[38.30982530000006,38.347368600000266],[38.30953040000003,38.34765610000011],[38.308339500000045,38.34745410000005],[38.307964000000084,38.34788320000007],[38.30818650000003,38.34812890000029],[38.30521700000014,38.34809330000019],[38.30555500000008,38.34714250000002],[38.30493270000011,38.346511400000395],[38.305708300000106,38.346242700000005],[38.30639850000006,38.345633700000064],[38.306743600000175,38.34580770000008],[38.30722420000012,38.34473480000048],[38.30689150000018,38.34462850000057],[38.30710300000004,38.34409610000057],[38.307968300000084,38.34430430000003],[38.309777200000156,38.34482040000046],[38.31053050000014,38.34523630000041],[38.309912800000006,38.34611590000003],[38.31088230000012,38.346309800000085],[38.31061400000016,38.34696610000003],[38.30974500000019,38.34669680000013],[38.30950899999999,38.34721850000028],[38.30982530000006,38.347368600000266]]],"type":"Polygon"}},{"type":"Feature","properties":{"area_id":"TR-44-004-51757","name_tr":"Nuriye","area_level":"neighbourhood","parent_id":"TR-44-004","endeksa_id":51757},"geometry":{"coordinates":[[[38.31268970000008,38.34550170000034],[38.31222830000013,38.34614120000032],[38.31249650000012,38.346280000000434],[38.31316170000008,38.34703730000007],[38.312759400000175,38.3482321000003],[38.31240430000014,38.34821630000005],[38.30982530000006,38.347368600000266],[38.30950899999999,38.34721850000028],[38.30974500000019,38.34669680000013],[38.31061400000016,38.34696610000003],[38.31088230000012,38.346309800000085],[38.309912800000006,38.34611590000003],[38.31053050000014,38.34523630000041],[38.309777200000156,38.34482040000046],[38.307968300000084,38.34430430000003],[38.30812450000019,38.34382720000019],[38.31064040000018,38.34441200000009],[38.311777700000164,38.344824300000425],[38.31183670000007,38.34466029999999],[38.31268970000008,38.34550170000034]]],"type":"Polygon"}},{"type":"Feature","properties":{"area_id":"TR-44-004-51736","name_tr":"Hamidiye","area_level":"neighbourhood","parent_id":"TR-44-004","endeksa_id":51736},"geometry":{"coordinates":[[[38.31525970000013,38.34529440000006],[38.316214100000025,38.34636840000064],[38.31592980000016,38.34661240000008],[38.31532900000019,38.34774830000009],[38.31614970000004,38.34829950000005],[38.31476570000012,38.34828680000021],[38.312759400000175,38.3482321000003],[38.31316170000008,38.34703730000007],[38.31249650000012,38.346280000000434],[38.31222830000013,38.34614120000032],[38.31268970000008,38.34550170000034],[38.31323149999997,38.34533760000011],[38.31358020000005,38.34528710000035],[38.31408980000015,38.34426480000013],[38.314685199999985,38.34466029999999],[38.31525970000013,38.34529440000006]]],"type":"Polygon"}},{"type":"Feature","properties":{"area_id":"TR-44-004-51745","name_tr":"İzzetiye","area_level":"neighbourhood","parent_id":"TR-44-004","endeksa_id":51745},"geometry":{"coordinates":[[[38.31876220000004,38.34557320000022],[38.318354500000055,38.34657030000011],[38.3185744000001,38.34674280000036],[38.31763570000004,38.34843830000017],[38.31614970000004,38.34829950000005],[38.31532900000019,38.34774830000009],[38.31592980000016,38.34661240000008],[38.316214100000025,38.34636840000064],[38.31525970000013,38.34529440000006],[38.31573660000015,38.34447090000032],[38.31644349999999,38.344407500000045],[38.31685779999998,38.34443310000006],[38.317378200000064,38.34433630000001],[38.31759810000017,38.34488320000014],[38.31794680000007,38.34518620000017],[38.31876220000004,38.34557320000022]]],"type":"Polygon"}},{"type":"Feature","properties":{"area_id":"TR-44-004-51728","name_tr":"Kernek","area_level":"neighbourhood","parent_id":"TR-44-004","endeksa_id":51728},"geometry":{"coordinates":[[[38.324250000000234,38.348620000000096],[38.324163276598085,38.3486720340415],[38.32388520000006,38.348328900000126],[38.323348700000054,38.346948999999995],[38.32288740000007,38.34471070000012],[38.322452100000135,38.34437950000006],[38.323756400000036,38.34279220000019],[38.324207100000024,38.343137200000456],[38.32456110000004,38.3426912000005],[38.324432400000035,38.34248090000051],[38.32566620000017,38.3408568000001],[38.32610070000004,38.340642200000104],[38.32671760000011,38.34108400000002],[38.32714890000011,38.341119900000194],[38.32743110000018,38.34124810000014],[38.327393500000085,38.34147530000007],[38.32767250000006,38.34149210000004],[38.32749010000009,38.34222840000007],[38.327747600000066,38.34324660000027],[38.32764030000004,38.34580460000018],[38.327747600000066,38.34630950000002],[38.32809090000006,38.346932200000026],[38.3266723000001,38.347521300000096],[38.32545720000007,38.348052499999994],[38.32550367157938,38.348112561503854],[38.324250000000234,38.348620000000096]]],"type":"Polygon"}},{"type":"Feature","properties":{"area_id":"TR-44-004-51744","name_tr":"İstiklal","area_level":"neighbourhood","parent_id":"TR-44-004","endeksa_id":51744},"geometry":{"coordinates":[[[38.322452100000135,38.34437950000006],[38.31887480000012,38.348732800000164],[38.31763570000004,38.34843830000017],[38.3185744000001,38.34674280000036],[38.318354500000055,38.34657030000011],[38.31926110000006,38.34434890000017],[38.31941130000007,38.343658900000094],[38.31923960000006,38.34213580000005],[38.32100989999998,38.34213580000005],[38.32239390000012,38.34240510000063],[38.323756400000036,38.34279220000019],[38.322452100000135,38.34437950000006]]],"type":"Polygon"}},{"type":"Feature","properties":{"area_id":"TR-44-004-51731","name_tr":"Fırat","area_level":"neighbourhood","parent_id":"TR-44-004","endeksa_id":51731},"geometry":{"coordinates":[[[38.34472640000013,38.33698939999999],[38.339018700000054,38.33885760000021],[38.338114399999995,38.34006960000016],[38.33865830000008,38.34024300000044],[38.33929460000013,38.34079330000014],[38.33956810000001,38.34086060000038],[38.33959320000014,38.34511880000014],[38.34082500000011,38.34512840000036],[38.341420100000164,38.348904800000184],[38.3400582000001,38.34877730000011],[38.33089110000009,38.347832500000095],[38.3266723000001,38.347521300000096],[38.32809090000006,38.346932200000026],[38.327747600000066,38.34630950000002],[38.32764030000004,38.34580460000018],[38.327747600000066,38.34324660000027],[38.32749010000009,38.34222840000007],[38.32767250000006,38.34149210000004],[38.327393500000085,38.34147530000007],[38.32743110000018,38.34124810000014],[38.32714890000011,38.341119900000194],[38.32782270000007,38.340343500000586],[38.32724330000008,38.340293000000315],[38.32850930000001,38.33881190000034],[38.32937840000017,38.339417800000376],[38.33002210000012,38.339703900000245],[38.331556300000045,38.33983860000001],[38.33245750000003,38.33795350000037],[38.33224300000006,38.33738130000063],[38.33348750000016,38.336859500000116],[38.33473210000011,38.33648930000004],[38.33408830000013,38.33576549999998],[38.34275720000011,38.33214670000024],[38.34472640000013,38.33698939999999]]],"type":"Polygon"}},{"type":"Feature","properties":{"area_id":"TR-44-004-51769","name_tr":"Şıkşık","area_level":"neighbourhood","parent_id":"TR-44-004","endeksa_id":51769},"geometry":{"coordinates":[[[38.31240430000014,38.34821630000005],[38.311412900000164,38.34815640000011],[38.31104280000011,38.34890530000007],[38.31089790000016,38.34903989999998],[38.310216700000126,38.34913670000003],[38.30913840000005,38.34893470000003],[38.309680200000116,38.34813960000014],[38.30818650000003,38.34812890000029],[38.307964000000084,38.34788320000007],[38.308339500000045,38.34745410000005],[38.30953040000003,38.34765610000011],[38.30982530000006,38.347368600000266],[38.31240430000014,38.34821630000005]]],"type":"Polygon"}},{"type":"Feature","properties":{"area_id":"TR-44-004-51763","name_tr":"Saray","area_level":"neighbourhood","parent_id":"TR-44-004","endeksa_id":51763},"geometry":{"coordinates":[[[38.324163276598085,38.3486720340415],[38.32086000000004,38.349310000000344],[38.32049299312877,38.34930891168193],[38.31887480000012,38.348732800000164],[38.322452100000135,38.34437950000006],[38.32288740000007,38.34471070000012],[38.323348700000054,38.346948999999995],[38.32388520000006,38.348328900000126],[38.324163276598085,38.3486720340415]]],"type":"Polygon"}},{"type":"Feature","properties":{"area_id":"TR-44-004-165183","name_tr":"Çamurlu","area_level":"neighbourhood","parent_id":"TR-44-004","endeksa_id":165183},"geometry":{"coordinates":[[[38.39773180000003,38.34731080000046],[38.39371920000019,38.34782410000014],[38.39054350000015,38.34893470000003],[38.38844060000008,38.34938910000011],[38.386852700000134,38.34948160000016],[38.384685500000046,38.349279700000295],[38.382668500000136,38.34890950000022],[38.38024380000007,38.34884220000015],[38.366467900000146,38.34882529999999],[38.362527800000066,38.3490197000001],[38.35586220000016,38.34939470000006],[38.355758900000126,38.348535500000025],[38.356052600000055,38.34732810000014],[38.356303900000114,38.34677570000008],[38.35633230000013,38.3456987000003],[38.35620480000006,38.345165800000075],[38.35484580000008,38.34356700000012],[38.357040500000096,38.34287720000026],[38.35758449999997,38.34232940000004],[38.360438300000055,38.34113450000012],[38.360587000000066,38.34057430000013],[38.36009350000012,38.34022090000002],[38.3600077000001,38.33986740000012],[38.36030810000011,38.33961499999998],[38.35994330000011,38.33939620000018],[38.358162300000004,38.33912690000011],[38.357132300000046,38.33961499999998],[38.35552300000012,38.33956450000011],[38.352776400000096,38.33855470000037],[38.34902130000006,38.33853780000004],[38.34779820000011,38.3379656000003],[38.34731550000015,38.33840320000013],[38.346746800000176,38.33847049999997],[38.346006500000044,38.338950100000034],[38.34472640000013,38.33698939999999],[38.34275720000011,38.33214670000024],[38.338107400000126,38.32344890000036],[38.33794659989803,38.32337482256639],[38.338060000000155,38.323320000000194],[38.35111000000006,38.3148400000004],[38.36001000000016,38.30705000000029],[38.3608500000002,38.30507000000006],[38.36304000000018,38.30367000000058],[38.36459000000019,38.30330000000038],[38.36670000000015,38.302940000000035],[38.36975000000007,38.30181000000016],[38.37082000000015,38.30047000000013],[38.37709000000007,38.30160000000018],[38.38051000000007,38.30470000000054],[38.3834100000002,38.30698000000018],[38.38473000000016,38.310500000000104],[38.38473000000016,38.31298000000015],[38.386320000000126,38.31608000000011],[38.38658000000015,38.31857000000008],[38.387900000000116,38.32002000000051],[38.391060000000095,38.32126000000011],[38.40187000000009,38.32767000000041],[38.40214000000026,38.32498000000021],[38.413740000000075,38.323320000000194],[38.41865000000007,38.323260000000175],[38.420816376360335,38.323457760498115],[38.420949000000064,38.32415110000005],[38.42157120000019,38.32509380000039],[38.422107700000026,38.32554830000015],[38.422601200000145,38.32472350000012],[38.42303040000013,38.324656100000084],[38.423804600000096,38.32491880000015],[38.4242814000001,38.32544760000053],[38.424232000000075,38.32564930000052],[38.42440360000006,38.32642360000028],[38.42633480000018,38.327888100000166],[38.42386720000013,38.329655600000535],[38.42348100000015,38.33174280000003],[38.422837200000174,38.33320710000004],[38.42142100000001,38.334730400000126],[38.42112060000005,38.335487800000124],[38.42115280000007,38.335757100000535],[38.421324500000026,38.33603480000005],[38.4197903000001,38.33721300000002],[38.42124940000002,38.33867730000003],[38.41866370000014,38.34073900000027],[38.417505000000006,38.341496300000074],[38.417301200000054,38.34148790000006],[38.41710800000004,38.341344800000115],[38.41675400000008,38.34043600000007],[38.41578840000011,38.34142059999999],[38.414232700000184,38.34071370000015],[38.413009600000066,38.34230410000009],[38.4117973000001,38.341462700000136],[38.407999300000085,38.34487059999998],[38.40779540000011,38.34535870000059],[38.407452100000114,38.345728900000154],[38.40367550000008,38.346545100000185],[38.40149760000003,38.34691530000009],[38.39773180000003,38.34731080000046]]],"type":"Polygon"}},{"type":"Feature","properties":{"area_id":"TR-44-004-51715","name_tr":"B.Hüseyinbey","area_level":"neighbourhood","parent_id":"TR-44-004","endeksa_id":51715},"geometry":{"coordinates":[[[38.325770000000034,38.35060000000033],[38.325830000000224,38.35068000000069],[38.32553726824051,38.35064096909883],[38.323650979530555,38.35050131122068],[38.3202866702963,38.35014208378743],[38.32031000000018,38.349620000000414],[38.32049299312877,38.34930891168193],[38.32086000000004,38.349310000000344],[38.324163276598085,38.3486720340415],[38.324250000000234,38.348620000000096],[38.325770000000034,38.35060000000033]]],"type":"Polygon"}},{"type":"Feature","properties":{"area_id":"TR-44-004-51749","name_tr":"K.Hüseyinbey","area_level":"neighbourhood","parent_id":"TR-44-004","endeksa_id":51749},"geometry":{"coordinates":[[[38.3269712730592,38.35000889738387],[38.325770000000034,38.35060000000033],[38.324250000000234,38.348620000000096],[38.32550367157938,38.348112561503854],[38.327030000000036,38.34998000000036],[38.3269712730592,38.35000889738387]]],"type":"Polygon"}},{"type":"Feature","properties":{"area_id":"TR-44-004-51747","name_tr":"Kavaklıbağ","area_level":"neighbourhood","parent_id":"TR-44-004","endeksa_id":51747},"geometry":{"coordinates":[[[38.31476570000012,38.34828680000021],[38.31479790000009,38.35066800000004],[38.31325290000018,38.34991070000012],[38.31174020000003,38.350024300000086],[38.31162210000008,38.3498014000001],[38.31240430000014,38.34821630000005],[38.312759400000175,38.3482321000003],[38.31476570000012,38.34828680000021]]],"type":"Polygon"}},{"type":"Feature","properties":{"area_id":"TR-44-004-51756","name_tr":"Niyazi","area_level":"neighbourhood","parent_id":"TR-44-004","endeksa_id":51756},"geometry":{"coordinates":[[[38.31174020000003,38.350024300000086],[38.308870200000115,38.35024730000009],[38.308711100000096,38.35105370000019],[38.306052000000136,38.350893700000256],[38.30391920000005,38.35096320000014],[38.30442310000018,38.349628900000084],[38.30274400000019,38.349498500000095],[38.303538000000174,38.348000800000705],[38.30521700000014,38.34809330000019],[38.30818650000003,38.34812890000029],[38.309680200000116,38.34813960000014],[38.30913840000005,38.34893470000003],[38.310216700000126,38.34913670000003],[38.31089790000016,38.34903989999998],[38.31104280000011,38.34890530000007],[38.311412900000164,38.34815640000011],[38.31240430000014,38.34821630000005],[38.31162210000008,38.3498014000001],[38.31174020000003,38.350024300000086]]],"type":"Polygon"}},{"type":"Feature","properties":{"area_id":"TR-44-004-51770","name_tr":"Şifa","area_level":"neighbourhood","parent_id":"TR-44-004","endeksa_id":51770},"geometry":{"coordinates":[[[38.30391920000005,38.35096320000014],[38.29979120000013,38.351204900000425],[38.29987990000018,38.35033130000011],[38.30111620000014,38.347922500000266],[38.301448700000094,38.34702740000046],[38.30312490000006,38.34689430000009],[38.30493270000011,38.346511400000395],[38.30555500000008,38.34714250000002],[38.30521700000014,38.34809330000019],[38.303538000000174,38.348000800000705],[38.30274400000019,38.349498500000095],[38.30442310000018,38.349628900000084],[38.30391920000005,38.35096320000014]]],"type":"Polygon"}},{"type":"Feature","properties":{"area_id":"TR-44-004-51743","name_tr":"İsmetiye","area_level":"neighbourhood","parent_id":"TR-44-004","endeksa_id":51743},"geometry":{"coordinates":[[[38.31479790000009,38.35066800000004],[38.31481930000007,38.35131590000037],[38.314685900000086,38.35179410000018],[38.31215540000011,38.35132780000015],[38.308711100000096,38.35105370000019],[38.308870200000115,38.35024730000009],[38.31325290000018,38.34991070000012],[38.31479790000009,38.35066800000004]]],"type":"Polygon"}},{"type":"Feature","properties":{"area_id":"TR-44-004-51727","name_tr":"Dabakhane","area_level":"neighbourhood","parent_id":"TR-44-004","endeksa_id":51727},"geometry":{"coordinates":[[[38.31887480000012,38.348732800000164],[38.318494000000044,38.349380700000154],[38.31791460000005,38.3493344000002],[38.31753910000009,38.349915000000124],[38.3173460000001,38.34987289999998],[38.317067000000065,38.350394500000164],[38.316863200000114,38.35105920000012],[38.31698660000018,38.351177000000064],[38.31592980000016,38.35207730000013],[38.314685900000086,38.35179410000018],[38.31481930000007,38.35131590000037],[38.31479790000009,38.35066800000004],[38.31476570000012,38.34828680000021],[38.31614970000004,38.34829950000005],[38.31763570000004,38.34843830000017],[38.31887480000012,38.348732800000164]]],"type":"Polygon"}},{"type":"Feature","properties":{"area_id":"TR-44-004-51725","name_tr":"Çöşnük","area_level":"neighbourhood","parent_id":"TR-44-004","endeksa_id":51725},"geometry":{"coordinates":[[[38.34853060000012,38.35064620000003],[38.34316550000017,38.35162170000012],[38.34142740000004,38.352151700000604],[38.340002600000105,38.35280349999999],[38.3400582000001,38.34877730000011],[38.341420100000164,38.348904800000184],[38.34082500000011,38.34512840000036],[38.33959320000014,38.34511880000014],[38.33956810000001,38.34086060000038],[38.33929460000013,38.34079330000014],[38.33865830000008,38.34024300000044],[38.338114399999995,38.34006960000016],[38.339018700000054,38.33885760000021],[38.34472640000013,38.33698939999999],[38.346006500000044,38.338950100000034],[38.346746800000176,38.33847049999997],[38.34731550000015,38.33840320000013],[38.34779820000011,38.3379656000003],[38.34902130000006,38.33853780000004],[38.352776400000096,38.33855470000037],[38.35552300000012,38.33956450000011],[38.357132300000046,38.33961499999998],[38.358162300000004,38.33912690000011],[38.35994330000011,38.33939620000018],[38.36030810000011,38.33961499999998],[38.3600077000001,38.33986740000012],[38.36009350000012,38.34022090000002],[38.360587000000066,38.34057430000013],[38.360438300000055,38.34113450000012],[38.35758449999997,38.34232940000004],[38.357040500000096,38.34287720000026],[38.35484580000008,38.34356700000012],[38.35620480000006,38.345165800000075],[38.35633230000013,38.3456987000003],[38.356303900000114,38.34677570000008],[38.356052600000055,38.34732810000014],[38.355758900000126,38.348535500000025],[38.35586220000016,38.34939470000006],[38.34853060000012,38.35064620000003]]],"type":"Polygon"}},{"type":"Feature","properties":{"area_id":"TR-44-004-51778","name_tr":"Yenihamam","area_level":"neighbourhood","parent_id":"TR-44-004","endeksa_id":51778},"geometry":{"coordinates":[[[38.32029640000013,38.3503525000001],[38.31996380000015,38.350310400000126],[38.31988330000007,38.35056280000009],[38.31926110000006,38.35048290000037],[38.31858510000012,38.35173660000004],[38.31832770000011,38.352805100000126],[38.3165413000001,38.352275000000134],[38.316513700000144,38.35235469999998],[38.31579570000008,38.35216990000015],[38.31592980000016,38.35207730000013],[38.31698660000018,38.351177000000064],[38.316863200000114,38.35105920000012],[38.317067000000065,38.350394500000164],[38.3173460000001,38.34987289999998],[38.31753910000009,38.349915000000124],[38.31791460000005,38.3493344000002],[38.318494000000044,38.349380700000154],[38.31887480000012,38.348732800000164],[38.32049299312877,38.34930891168193],[38.32031000000018,38.349620000000414],[38.3202866702963,38.35014208378743],[38.32029640000013,38.3503525000001]]],"type":"Polygon"}},{"type":"Feature","properties":{"area_id":"TR-44-004-51705","name_tr":"Akpınar","area_level":"neighbourhood","parent_id":"TR-44-004","endeksa_id":51705},"geometry":{"coordinates":[[[38.323650979530555,38.35050131122068],[38.3223402000001,38.352106800000115],[38.32165360000016,38.351711300000034],[38.321117200000174,38.35242650000009],[38.32183600000013,38.35272940000044],[38.32132100000018,38.353654900000095],[38.320087200000046,38.35334360000013],[38.32034470000019,38.35220770000012],[38.320419800000025,38.35105500000009],[38.32029640000013,38.3503525000001],[38.3202866702963,38.35014208378743],[38.323650979530555,38.35050131122068]]],"type":"Polygon"}},{"type":"Feature","properties":{"area_id":"TR-44-004-51750","name_tr":"Kırçuval","area_level":"neighbourhood","parent_id":"TR-44-004","endeksa_id":51750},"geometry":{"coordinates":[[[38.32553726824051,38.35064096909883],[38.3223617000001,38.35399140000004],[38.32132100000018,38.353654900000095],[38.32183600000013,38.35272940000044],[38.321117200000174,38.35242650000009],[38.32165360000016,38.351711300000034],[38.3223402000001,38.352106800000115],[38.323650979530555,38.35050131122068],[38.32553726824051,38.35064096909883]]],"type":"Polygon"}},{"type":"Feature","properties":{"area_id":"TR-44-004-165223","name_tr":"Hisartepe","area_level":"neighbourhood","parent_id":"TR-44-004","endeksa_id":165223},"geometry":{"coordinates":[[[38.60605931688292,38.34940767835002],[38.60693000000015,38.350790000000416],[38.603590000000224,38.350980000000106],[38.60347000000024,38.35169000000042],[38.60135000000014,38.34947000000005],[38.601420000000076,38.34843000000069],[38.60122000000024,38.348290000000475],[38.59928000000008,38.34806000000009],[38.5986400000001,38.347110000000214],[38.59742000000006,38.347420000000284],[38.597030000000075,38.34778000000023],[38.593610000000126,38.34480000000019],[38.59180000000009,38.3434400000001],[38.59100000000018,38.343050000000346],[38.5875700000002,38.34208000000041],[38.58518000000015,38.340450000000374],[38.581970000000126,38.340260000000285],[38.57977000000017,38.340290000000095],[38.5796400000001,38.33994000000024],[38.58130000000011,38.33925000000016],[38.580150000000174,38.33869000000004],[38.578960000000166,38.33764000000036],[38.577940000000126,38.33691000000039],[38.5797300000001,38.33591000000007],[38.57861000000014,38.33307000000025],[38.57765000000012,38.33101000000033],[38.57542000000018,38.33040000000034],[38.573300000000074,38.328220000000044],[38.571410000000185,38.327350000000195],[38.5711800000002,38.32711000000023],[38.570850000000064,38.32633000000038],[38.569480000000226,38.327160000000106],[38.56880000000007,38.32585000000029],[38.56845000000004,38.32537000000036],[38.568470000000104,38.325060000000065],[38.56835000000012,38.324620000000266],[38.568120000000135,38.32435000000066],[38.56804000000005,38.324100000000044],[38.56804000000005,38.32383000000027],[38.56844000000012,38.32327000000015],[38.56849000000017,38.32305000000042],[38.56811000000016,38.321300000000406],[38.567350000000204,38.32167000000061],[38.56674000000015,38.32175000000012],[38.56672000000009,38.32198000000017],[38.56644000000023,38.32216000000011],[38.566080000000056,38.32218000000017],[38.564250000000186,38.322950000000105],[38.56231000000008,38.32289000000014],[38.561810000000094,38.32297000000017],[38.561500000000194,38.322790000000225],[38.561030000000244,38.322700000000054],[38.561100000000124,38.32214000000005],[38.56130000000019,38.32167000000061],[38.56147000000004,38.32150000000007],[38.561310000000105,38.32119000000068],[38.561310000000105,38.320840000000146],[38.56091000000026,38.32054000000022],[38.56005000000016,38.32030000000026],[38.55892000000006,38.31971000000044],[38.5560869209711,38.32095960724905],[38.55501000000004,38.321870000000104],[38.54874000000012,38.314180000000476],[38.54800000000017,38.31303000000054],[38.54813000000013,38.312790000000064],[38.547900000000084,38.312540000000354],[38.547060000000045,38.31264000000027],[38.54735000000005,38.31221000000022],[38.54741000000024,38.311460000000125],[38.54757000000012,38.311110000000156],[38.54807000000011,38.31052000000034],[38.548770000000104,38.31089000000003],[38.549540000000036,38.3109400000003],[38.54987000000017,38.31110000000018],[38.5505100000002,38.31091000000009],[38.55103000000008,38.3103000000001],[38.5520800000001,38.3107200000004],[38.55312000000015,38.31054000000006],[38.5566800000002,38.3123700000001],[38.55780000000016,38.312780000000316],[38.56423000000012,38.31382000000053],[38.568990000000156,38.310160000000394],[38.570570000000146,38.31027000000029],[38.57332000000014,38.31209000000024],[38.573790000000145,38.31268000000017],[38.574440000000095,38.312780000000316],[38.57474000000019,38.31320000000039],[38.57832000000013,38.316480000000354],[38.57874000000004,38.31674000000055],[38.57914000000011,38.316820000000064],[38.58009000000004,38.31723000000005],[38.58062000000018,38.31815000000017],[38.58052000000009,38.318210000000136],[38.58051000000012,38.31866000000025],[38.580270000000155,38.31875000000059],[38.58062000000018,38.31891000000036],[38.580730000000244,38.319170000000156],[38.5815800000002,38.31946000000039],[38.582370000000026,38.32093000000049],[38.58252000000016,38.321020000000146],[38.58301000000006,38.32099000000011],[38.58353000000005,38.321150000000216],[38.58491000000021,38.32097000000027],[38.58468000000022,38.320680000000266],[38.58517000000006,38.32030000000026],[38.58570000000003,38.320810000000506],[38.586860000000115,38.32132000000007],[38.591140000000166,38.321900000000085],[38.591600000000085,38.32210000000066],[38.592100000000244,38.32212000000021],[38.59221000000008,38.32232000000039],[38.59252000000015,38.32225000000028],[38.59255000000013,38.32181000000014],[38.59420000000006,38.320100000000195],[38.59797000000009,38.32128000000034],[38.60210000000018,38.32277000000067],[38.606440000000134,38.32320000000004],[38.60631000000018,38.3237800000004],[38.60658000000012,38.32405000000017],[38.60654000000005,38.324310000000196],[38.60779000000008,38.325860000000034],[38.609540000000095,38.32632000000024],[38.60944000000018,38.32659000000018],[38.61151000000018,38.32746000000009],[38.61225000000013,38.327100000000144],[38.61275000000012,38.32724000000036],[38.61473000000018,38.32857000000024],[38.614990000000205,38.32904000000008],[38.606660000000204,38.33774000000011],[38.60690000000017,38.33814000000052],[38.60726000000011,38.33829000000014],[38.6098300000001,38.34301000000005],[38.60962000000012,38.34405000000015],[38.60869000000014,38.344290000000115],[38.60846000000009,38.34391000000045],[38.608360000000175,38.344320000000266],[38.60790000000014,38.34518000000037],[38.60689000000019,38.346580000000415],[38.60628000000003,38.34716000000009],[38.60596000000021,38.349250000000325],[38.60605931688292,38.34940767835002]]],"type":"Polygon"}},{"type":"Feature","properties":{"area_id":"TR-44-004-51781","name_tr":"Zafer","area_level":"neighbourhood","parent_id":"TR-44-004","endeksa_id":51781},"geometry":{"coordinates":[[[38.340002600000105,38.35280349999999],[38.33873330000006,38.35347030000014],[38.336562200000174,38.35436420000019],[38.33578350000005,38.35278830000016],[38.33403470000013,38.35278830000016],[38.333734300000174,38.35314160000007],[38.332146400000056,38.35187120000012],[38.3307516000001,38.35060070000003],[38.328294700000015,38.35168610000045],[38.3269712730592,38.35000889738387],[38.327030000000036,38.34998000000036],[38.32545720000007,38.348052499999994],[38.3266723000001,38.347521300000096],[38.33089110000009,38.347832500000095],[38.3400582000001,38.34877730000011],[38.340002600000105,38.35280349999999]]],"type":"Polygon"}},{"type":"Feature","properties":{"area_id":"TR-44-004-51762","name_tr":"Sancaktar","area_level":"neighbourhood","parent_id":"TR-44-004","endeksa_id":51762},"geometry":{"coordinates":[[[38.32570912713169,38.350663883618154],[38.32610610000012,38.35118970000008],[38.325709100000154,38.35137050000009],[38.326063200000135,38.35193430000038],[38.3265459000001,38.352350700000045],[38.32499560000008,38.35381050000018],[38.32662640000018,38.35508090000013],[38.32663710000003,38.355261799999994],[38.3223617000001,38.35399140000004],[38.32553726824051,38.35064096909883],[38.32570912713169,38.350663883618154]]],"type":"Polygon"}},{"type":"Feature","properties":{"area_id":"TR-44-004-51775","name_tr":"Üçbağlar","area_level":"neighbourhood","parent_id":"TR-44-004","endeksa_id":51775},"geometry":{"coordinates":[[[38.33350010000015,38.35543680000012],[38.331872800000156,38.35579610000019],[38.33018300000015,38.355926500000294],[38.328911700000106,38.35582970000013],[38.32764430000003,38.355547700000216],[38.32663710000003,38.355261799999994],[38.32662640000018,38.35508090000013],[38.32499560000008,38.35381050000018],[38.3265459000001,38.352350700000045],[38.326063200000135,38.35193430000038],[38.325709100000154,38.35137050000009],[38.32610610000012,38.35118970000008],[38.32570912713169,38.350663883618154],[38.325830000000224,38.35068000000069],[38.325770000000034,38.35060000000033],[38.3269712730592,38.35000889738387],[38.328294700000015,38.35168610000045],[38.3307516000001,38.35060070000003],[38.332146400000056,38.35187120000012],[38.333734300000174,38.35314160000007],[38.33403470000013,38.35278830000016],[38.33578350000005,38.35278830000016],[38.336562200000174,38.35436420000019],[38.33350010000015,38.35543680000012]]],"type":"Polygon"}},{"type":"Feature","properties":{"area_id":"TR-44-004-51723","name_tr":"Cirikpınar","area_level":"neighbourhood","parent_id":"TR-44-004","endeksa_id":51723},"geometry":{"coordinates":[[[38.31508750000006,38.35682670000017],[38.314411600000085,38.35719690000025],[38.31355330000014,38.35738190000063],[38.31239050000005,38.357313100000624],[38.31299530000018,38.35594880000036],[38.31399860000005,38.35330780000015],[38.314685900000086,38.35179410000018],[38.31592980000016,38.35207730000013],[38.31579570000008,38.35216990000015],[38.316513700000144,38.35235469999998],[38.31620870000012,38.35350760000017],[38.31792000000013,38.35380630000037],[38.316954399999986,38.355295500000125],[38.31583860000006,38.356372400000055],[38.31522700000005,38.356069500000046],[38.31508750000006,38.35682670000017]]],"type":"Polygon"}},{"type":"Feature","properties":{"area_id":"TR-44-004-51735","name_tr":"Halfettin","area_level":"neighbourhood","parent_id":"TR-44-004","endeksa_id":51735},"geometry":{"coordinates":[[[38.320087200000046,38.35334360000013],[38.316825600000186,38.35692760000035],[38.31673979999999,38.357466100000124],[38.31508750000006,38.35682670000017],[38.31522700000005,38.356069500000046],[38.31583860000006,38.356372400000055],[38.316954399999986,38.355295500000125],[38.31792000000013,38.35380630000037],[38.31620870000012,38.35350760000017],[38.316513700000144,38.35235469999998],[38.3165413000001,38.352275000000134],[38.31832770000011,38.352805100000126],[38.31858510000012,38.35173660000004],[38.31926110000006,38.35048290000037],[38.31988330000007,38.35056280000009],[38.31996380000015,38.350310400000126],[38.32029640000013,38.3503525000001],[38.320419800000025,38.35105500000009],[38.32034470000019,38.35220770000012],[38.320087200000046,38.35334360000013]]],"type":"Polygon"}},{"type":"Feature","properties":{"area_id":"TR-44-004-165197","name_tr":"Bulutlu","area_level":"neighbourhood","parent_id":"TR-44-004","endeksa_id":165197},"geometry":{"coordinates":[[[38.587396100000205,38.3591907],[38.58253600000023,38.35932530000031],[38.57783670000026,38.35771010000025],[38.5761416000002,38.35642280000036],[38.57415680000025,38.35555630000039],[38.5732555000003,38.35537120000021],[38.57236500000033,38.35559830000034],[38.57145310000021,38.355455300000244],[38.56944680000032,38.35462240000021],[38.567161500000225,38.354025000000206],[38.565090900000314,38.35305750000026],[38.56299880000023,38.35244330000074],[38.5575592000003,38.35158510000008],[38.553450100000134,38.347630500000264],[38.54973790000008,38.345897200000024],[38.54748490000003,38.33490710000001],[38.55323550000014,38.33303880000051],[38.555789000000175,38.32798910000014],[38.55329990000013,38.32563250000055],[38.55366470000013,38.324285800000325],[38.55647560000017,38.322450900000206],[38.5560869209711,38.32095960724905],[38.55892000000006,38.31971000000044],[38.56005000000016,38.32030000000026],[38.56091000000026,38.32054000000022],[38.561310000000105,38.320840000000146],[38.561310000000105,38.32119000000068],[38.56147000000004,38.32150000000007],[38.56130000000019,38.32167000000061],[38.561100000000124,38.32214000000005],[38.561030000000244,38.322700000000054],[38.561500000000194,38.322790000000225],[38.561810000000094,38.32297000000017],[38.56231000000008,38.32289000000014],[38.564250000000186,38.322950000000105],[38.566080000000056,38.32218000000017],[38.56644000000023,38.32216000000011],[38.56672000000009,38.32198000000017],[38.56674000000015,38.32175000000012],[38.567350000000204,38.32167000000061],[38.56811000000016,38.321300000000406],[38.56849000000017,38.32305000000042],[38.56844000000012,38.32327000000015],[38.56804000000005,38.32383000000027],[38.56804000000005,38.324100000000044],[38.568120000000135,38.32435000000066],[38.56835000000012,38.324620000000266],[38.568470000000104,38.325060000000065],[38.56845000000004,38.32537000000036],[38.56880000000007,38.32585000000029],[38.569480000000226,38.327160000000106],[38.570850000000064,38.32633000000038],[38.5711800000002,38.32711000000023],[38.571410000000185,38.327350000000195],[38.573300000000074,38.328220000000044],[38.57542000000018,38.33040000000034],[38.57765000000012,38.33101000000033],[38.57861000000014,38.33307000000025],[38.5797300000001,38.33591000000007],[38.577940000000126,38.33691000000039],[38.578960000000166,38.33764000000036],[38.580150000000174,38.33869000000004],[38.58130000000011,38.33925000000016],[38.5796400000001,38.33994000000024],[38.57977000000017,38.340290000000095],[38.581970000000126,38.340260000000285],[38.58518000000015,38.340450000000374],[38.5875700000002,38.34208000000041],[38.59100000000018,38.343050000000346],[38.59180000000009,38.3434400000001],[38.59276997870404,38.344168823777636],[38.591719900000044,38.344895900000665],[38.595421300000055,38.34808490000006],[38.596311800000194,38.351425199999994],[38.594917000000066,38.35296490000002],[38.595024300000034,38.353999800000395],[38.59675169999997,38.356464900000105],[38.587396100000205,38.3591907]]],"type":"Polygon"}},{"type":"Feature","properties":{"area_id":"TR-44-004-51764","name_tr":"Sarıcıoğlu","area_level":"neighbourhood","parent_id":"TR-44-004","endeksa_id":51764},"geometry":{"coordinates":[[[38.3269107000001,38.35599380000053],[38.32657810000012,38.355859200000054],[38.32559110000017,38.35570770000015],[38.324593300000004,38.355657200000394],[38.322984000000076,38.35771010000008],[38.32198620000014,38.358786899999984],[38.320945500000164,38.359392600000376],[38.31926110000006,38.35678460000008],[38.31811310000012,38.357163200000116],[38.31673979999999,38.357466100000124],[38.316825600000186,38.35692760000035],[38.320087200000046,38.35334360000013],[38.32132100000018,38.353654900000095],[38.3223617000001,38.35399140000004],[38.32663710000003,38.355261799999994],[38.32764430000003,38.355547700000216],[38.3269107000001,38.35599380000053]]],"type":"Polygon"}},{"type":"Feature","properties":{"area_id":"TR-44-004-51771","name_tr":"Tandoğan","area_level":"neighbourhood","parent_id":"TR-44-004","endeksa_id":51771},"geometry":{"coordinates":[[[38.34853060000012,38.35064620000003],[38.34944390000004,38.35582160000013],[38.34985790000019,38.36185850000015],[38.34700410000016,38.360908900000425],[38.344752700000186,38.36005570000003],[38.34256930000004,38.35905480000014],[38.34052850000012,38.35839200000004],[38.33979530000016,38.35801480000009],[38.33755370000017,38.35723120000006],[38.336176000000194,38.35642920000032],[38.33381300000008,38.3553306],[38.336562200000174,38.35436420000019],[38.33873330000006,38.35347030000014],[38.340002600000105,38.35280349999999],[38.34142740000004,38.352151700000604],[38.34316550000017,38.35162170000012],[38.34853060000012,38.35064620000003]]],"type":"Polygon"}},{"type":"Feature","properties":{"area_id":"TR-44-004-51714","name_tr":"Beylerbaşı","area_level":"neighbourhood","parent_id":"TR-44-004","endeksa_id":51714},"geometry":{"coordinates":[[[38.3269107000001,38.35599380000053],[38.32612220000004,38.356389200000024],[38.32579490000012,38.35748710000013],[38.32571450000006,38.3583663],[38.325183400000185,38.359098200000176],[38.323928100000046,38.360486300000275],[38.32242070000001,38.36187860000018],[38.320945500000164,38.359392600000376],[38.32198620000014,38.358786899999984],[38.322984000000076,38.35771010000008],[38.324593300000004,38.355657200000394],[38.32559110000017,38.35570770000015],[38.32657810000012,38.355859200000054],[38.3269107000001,38.35599380000053]]],"type":"Polygon"}},{"type":"Feature","properties":{"area_id":"TR-44-004-165201","name_tr":"Çolaklı","area_level":"neighbourhood","parent_id":"TR-44-004","endeksa_id":165201},"geometry":{"coordinates":[[[38.5575592000003,38.35158510000008],[38.5556066000002,38.35629660000018],[38.55501650000019,38.356549000000314],[38.55502720000021,38.35697810000062],[38.553053100000284,38.35919070000023],[38.55260250000032,38.359855300000106],[38.552366500000346,38.360578800000326],[38.55115410000036,38.36161360000028],[38.54990960000026,38.36207630000024],[38.547796000000346,38.36209310000021],[38.5142898000002,38.35872800000027],[38.51454730000006,38.34276700000038],[38.51549150000017,38.33752440000006],[38.514997900000026,38.33684270000015],[38.517122300000096,38.334006700000145],[38.52322700000019,38.33212150000014],[38.526070100000084,38.33062340000032],[38.52670310000002,38.328199500000494],[38.53187440000016,38.3262637000002],[38.531541800000184,38.32362920000003],[38.53307600000011,38.323099000000184],[38.53344080000011,38.32306530000005],[38.533730500000104,38.32317470000004],[38.533971900000154,38.32338940000005],[38.533752000000106,38.32213520000005],[38.53503940000019,38.320098200000075],[38.53204610000017,38.31903760000023],[38.53256110000012,38.31661330000037],[38.52711620000014,38.31566630000003],[38.52395650000017,38.313923800000055],[38.523243100000116,38.31259790000013],[38.521216600000116,38.31172490000006],[38.52343080000003,38.31103630000007],[38.525512200000094,38.30936950000017],[38.52761499999997,38.3098914000002],[38.529160000000104,38.30923480000058],[38.528494800000146,38.308948500000156],[38.52684260000001,38.307837300000415],[38.52800130000014,38.30748370000015],[38.528666500000156,38.30694480000011],[38.52763649999997,38.305631500000516],[38.5291385000001,38.30595139999997],[38.531928000000164,38.30615349999999],[38.53308680000009,38.30527790000002],[38.53714230000014,38.30516000000023],[38.53804350000007,38.304856900000004],[38.53855850000008,38.30516000000023],[38.54026180000011,38.30409470000001],[38.54390140000015,38.31328400000024],[38.54833240000016,38.317972800000234],[38.5525150009143,38.31880994530002],[38.55501000000004,38.321870000000104],[38.5560869209711,38.32095960724905],[38.55647560000017,38.322450900000206],[38.55366470000013,38.324285800000325],[38.55329990000013,38.32563250000055],[38.555789000000175,38.32798910000014],[38.55323550000014,38.33303880000051],[38.54748490000003,38.33490710000001],[38.54973790000008,38.345897200000024],[38.553450100000134,38.347630500000264],[38.5575592000003,38.35158510000008]]],"type":"Polygon"}},{"type":"Feature","properties":{"area_id":"TR-44-004-51780","name_tr":"Yıldıztepe","area_level":"neighbourhood","parent_id":"TR-44-004","endeksa_id":51780},"geometry":{"coordinates":[[[38.362527800000066,38.3490197000001],[38.36258790000011,38.35009660000003],[38.36350810000005,38.35126790000015],[38.36377740000012,38.351797300000044],[38.36381470000015,38.35242720000031],[38.361815999999976,38.35251510000012],[38.35992930000003,38.352339300000494],[38.35977990000009,38.35210500000011],[38.35888320000015,38.352354000000105],[38.358173400000055,38.35286670000011],[38.35794920000018,38.35359910000028],[38.35802390000009,38.354888200000175],[38.35849090000005,38.35702690000039],[38.35813600000017,38.35844770000017],[38.35702100000009,38.35894360000003],[38.3539621000001,38.359906700000124],[38.35361190000009,38.36018500000057],[38.351333700000055,38.362751500000115],[38.34985790000019,38.36185850000015],[38.34944390000004,38.35582160000013],[38.34853060000012,38.35064620000003],[38.35586220000016,38.34939470000006],[38.362527800000066,38.3490197000001]]],"type":"Polygon"}},{"type":"Feature","properties":{"area_id":"TR-44-004-51742","name_tr":"İskender","area_level":"neighbourhood","parent_id":"TR-44-004","endeksa_id":51742},"geometry":{"coordinates":[[[38.316600300000175,38.36315310000066],[38.31455110000013,38.36336340000014],[38.31432580000012,38.36374189999998],[38.31399320000014,38.363620000000026],[38.313816200000076,38.36377560000011],[38.31315639999997,38.36378820000027],[38.31292570000011,38.36371250000008],[38.312807400000054,38.363949600000126],[38.311479899999995,38.36355980000002],[38.3114971,38.36109700000003],[38.31179440000011,38.35896560000003],[38.311992500000144,38.35821080000011],[38.31239050000005,38.357313100000624],[38.31355330000014,38.35738190000063],[38.314411600000085,38.35719690000025],[38.31508750000006,38.35682670000017],[38.31673979999999,38.357466100000124],[38.31576350000006,38.359392600000376],[38.31634280000003,38.35988060000011],[38.31689000000017,38.361066800000344],[38.316954399999986,38.36145380000039],[38.31687929999998,38.36183230000012],[38.316578900000025,38.36246330000006],[38.31653590000019,38.36274930000013],[38.316600300000175,38.36315310000066]]],"type":"Polygon"}},{"type":"Feature","properties":{"area_id":"TR-44-004-51733","name_tr":"Göztepe","area_level":"neighbourhood","parent_id":"TR-44-004","endeksa_id":51733},"geometry":{"coordinates":[[[38.34985790000019,38.36185850000015],[38.34965990000012,38.36285750000036],[38.34933070000011,38.36384540000006],[38.34864760000005,38.365385500000116],[38.34808180000016,38.36605130000015],[38.345127000000105,38.365693299999975],[38.34280380000007,38.36507000000046],[38.33791730000007,38.36449510000017],[38.336888200000146,38.3640216000004],[38.334392600000115,38.36248510000013],[38.33383180000004,38.357576000000165],[38.33350010000015,38.35543680000012],[38.33381300000008,38.3553306],[38.336176000000194,38.35642920000032],[38.33755370000017,38.35723120000006],[38.33979530000016,38.35801480000009],[38.34052850000012,38.35839200000004],[38.34256930000004,38.35905480000014],[38.344752700000186,38.36005570000003],[38.34700410000016,38.360908900000425],[38.34985790000019,38.36185850000015]]],"type":"Polygon"}},{"type":"Feature","properties":{"area_id":"TR-44-004-51767","name_tr":"Şehitfevzi","area_level":"neighbourhood","parent_id":"TR-44-004","endeksa_id":51767},"geometry":{"coordinates":[[[38.328285900000026,38.36586950000003],[38.32712100000009,38.366887099999985],[38.3267671000001,38.36664520000005],[38.32508680000018,38.365003800000125],[38.32394420000014,38.36405320000017],[38.322975100000065,38.362532400000134],[38.32242070000001,38.36187860000018],[38.323928100000046,38.360486300000275],[38.325183400000185,38.359098200000176],[38.32571450000006,38.3583663],[38.32579490000012,38.35748710000013],[38.32612220000004,38.356389200000024],[38.3269107000001,38.35599380000053],[38.32749590000003,38.35563790000003],[38.32895990000003,38.35718840000061],[38.327769000000046,38.35782780000022],[38.32801580000006,38.358416700000134],[38.32743640000007,38.365828200000124],[38.328285900000026,38.36586950000003]]],"type":"Polygon"}},{"type":"Feature","properties":{"area_id":"TR-44-004-51765","name_tr":"Selçuklu","area_level":"neighbourhood","parent_id":"TR-44-004","endeksa_id":51765},"geometry":{"coordinates":[[[38.334392600000115,38.36248510000013],[38.33484540000006,38.36689290000015],[38.33364580000011,38.36541340000008],[38.33263550000004,38.36361050000016],[38.33131590000005,38.36440970000018],[38.331230100000084,38.363593700000024],[38.33031810000011,38.36416570000006],[38.328285900000026,38.36586950000003],[38.32743640000007,38.365828200000124],[38.32801580000006,38.358416700000134],[38.327769000000046,38.35782780000022],[38.32895990000003,38.35718840000061],[38.32749590000003,38.35563790000003],[38.32764430000003,38.355547700000216],[38.328911700000106,38.35582970000013],[38.33018300000015,38.355926500000294],[38.331872800000156,38.35579610000019],[38.33350010000015,38.35543680000012],[38.33383180000004,38.357576000000165],[38.334392600000115,38.36248510000013]]],"type":"Polygon"}},{"type":"Feature","properties":{"area_id":"TR-44-004-51738","name_tr":"Hidayet","area_level":"neighbourhood","parent_id":"TR-44-004","endeksa_id":51738},"geometry":{"coordinates":[[[38.322975100000065,38.362532400000134],[38.32217930000013,38.36271560000034],[38.321862800000076,38.362660900000435],[38.321331700000144,38.363010100000054],[38.3207470000001,38.36361160000058],[38.32065050000011,38.36381340000008],[38.320612900000185,38.36433920000002],[38.32087039999999,38.36573140000047],[38.3206558,38.366038500000116],[38.32039830000019,38.36619410000003],[38.32044660000014,38.36643380000032],[38.32068800000019,38.36678710000007],[38.32014080000005,38.36712360000001],[38.31923420000015,38.36798160000012],[38.31910470000008,38.36831580000006],[38.318102900000156,38.3668334000007],[38.31738050000007,38.365947900000265],[38.31705089999997,38.36510470000013],[38.316600300000175,38.36315310000066],[38.31653590000019,38.36274930000013],[38.316578900000025,38.36246330000006],[38.31687929999998,38.36183230000012],[38.316954399999986,38.36145380000039],[38.31689000000017,38.361066800000344],[38.31634280000003,38.35988060000011],[38.31576350000006,38.359392600000376],[38.31673979999999,38.357466100000124],[38.31811310000012,38.357163200000116],[38.31926110000006,38.35678460000008],[38.320945500000164,38.359392600000376],[38.32242070000001,38.36187860000018],[38.322975100000065,38.362532400000134]]],"type":"Polygon"}},{"type":"Feature","properties":{"area_id":"TR-44-004-165165","name_tr":"Bağtepe","area_level":"neighbourhood","parent_id":"TR-44-004","endeksa_id":165165},"geometry":{"coordinates":[[[38.47786540000004,38.34110079999999],[38.47931380000017,38.34126070000008],[38.48106260000009,38.34223680000002],[38.48061200000012,38.34338120000007],[38.47986100000014,38.343987100000106],[38.48285440000018,38.34882529999999],[38.48274710000004,38.35018839999998],[38.48331570000016,38.35179540000007],[38.483165500000155,38.35223300000007],[38.48347660000013,38.3531248000001],[38.48459240000011,38.35422700000004],[38.48711370000018,38.355968500000074],[38.48730680000017,38.3563640000001],[38.4868348,38.35706220000014],[38.484141800000145,38.35866910000004],[38.482457400000044,38.360191900000075],[38.48066570000009,38.36103310000004],[38.47868080000018,38.35976280000045],[38.47649220000011,38.35946840000025],[38.47577330000013,38.359232800000655],[38.47438930000004,38.35965340000064],[38.47304820000011,38.36144530000007],[38.47308040000007,38.36197530000004],[38.47288730000008,38.362152000000606],[38.47314480000006,38.36308580000042],[38.47487210000003,38.36386810000016],[38.47503300000017,38.36482710000007],[38.47604150000012,38.365592600000355],[38.47199680000011,38.36911720000012],[38.46948620000006,38.366862900000115],[38.46818800000011,38.365416000000664],[38.46738340000013,38.365230900000086],[38.466707499999984,38.36465890000005],[38.465323400000045,38.364574800000696],[38.46449730000012,38.36384290000018],[38.463478100000145,38.363540100000705],[38.46313480000015,38.362597900000196],[38.46252320000019,38.36207630000001],[38.4610426000001,38.36205950000004],[38.460388200000125,38.361638800000094],[38.4598946000001,38.36085650000035],[38.45807070000001,38.360284400000126],[38.4571481000001,38.3571043000004],[38.457512800000075,38.35607790000006],[38.457083700000055,38.35555630000022],[38.4560537000001,38.35028940000035],[38.45478770000017,38.348943100000156],[38.45433710000003,38.34816900000004],[38.45313550000009,38.347361300000046],[38.45304960000004,38.34658720000027],[38.45032450000019,38.34532500000029],[38.44556090000003,38.34133640000016],[38.44957350000004,38.3389466000001],[38.45116140000016,38.33536160000017],[38.44884160000004,38.33487889999998],[38.45319990000007,38.3336111000001],[38.452534700000115,38.332247700000096],[38.457137300000056,38.331389300000126],[38.457641600000045,38.33137250000016],[38.457834700000035,38.33309770000005],[38.45992680000012,38.33408240000017],[38.46119280000005,38.33413290000044],[38.46270560000016,38.333316600000046],[38.46432570000013,38.33404870000004],[38.46521610000008,38.334747200000095],[38.468016400000124,38.33567300000033],[38.46772670000013,38.33660709999998],[38.468982000000096,38.336935300000164],[38.470398200000034,38.338079800000514],[38.471857300000124,38.33955240000017],[38.47412110000005,38.339939500000014],[38.47448590000005,38.34078950000003],[38.47501160000019,38.34103350000015],[38.47559090000016,38.342203200000085],[38.4762669000001,38.34280060000032],[38.47786540000004,38.34110079999999]]],"type":"Polygon"}},{"type":"Feature","properties":{"area_id":"TR-44-004-165167","name_tr":"Bulgurlu","area_level":"neighbourhood","parent_id":"TR-44-004","endeksa_id":165167},"geometry":{"coordinates":[[[38.4316563000001,38.36717410000011],[38.427364800000134,38.36571040000018],[38.42710730000016,38.366055300000085],[38.422966000000145,38.36704790000033],[38.42009070000012,38.36829290000031],[38.41796629999999,38.370799600000055],[38.41532710000013,38.371405200000254],[38.414039600000194,38.37026120000013],[38.411829500000124,38.36920140000052],[38.409855300000174,38.36893220000013],[38.408954100000074,38.36985750000008],[38.406561600000146,38.37087530000014],[38.40508100000005,38.3689490000001],[38.40642210000016,38.36811620000026],[38.40536000000003,38.36554220000045],[38.402752900000166,38.36413730000038],[38.40201259999998,38.36409530000009],[38.396326300000055,38.365054300000224],[38.39728120000001,38.35170290000042],[38.40076800000003,38.350895200000025],[38.39773180000003,38.34731080000046],[38.40149760000003,38.34691530000009],[38.40367550000008,38.346545100000185],[38.407452100000114,38.345728900000154],[38.44121570000004,38.337053100000105],[38.44884160000004,38.33487889999998],[38.45116140000016,38.33536160000017],[38.44957350000004,38.3389466000001],[38.44556090000003,38.34133640000016],[38.45032450000019,38.34532500000029],[38.45304960000004,38.34658720000027],[38.45313550000009,38.347361300000046],[38.45433710000003,38.34816900000004],[38.45478770000017,38.348943100000156],[38.4560537000001,38.35028940000035],[38.457083700000055,38.35555630000022],[38.457512800000075,38.35607790000006],[38.4571481000001,38.3571043000004],[38.45807070000001,38.360284400000126],[38.45768450000003,38.36085650000035],[38.4567833000001,38.36063770000004],[38.45588210000011,38.3620679000004],[38.45590350000015,38.36262310000018],[38.45461600000016,38.36339700000008],[38.452556100000095,38.363598900000056],[38.45146180000012,38.36405320000017],[38.44277139999997,38.36186600000002],[38.43968150000012,38.36469250000016],[38.43598010000011,38.36554220000045],[38.4316563000001,38.36717410000011]]],"type":"Polygon"}},{"type":"Feature","properties":{"area_id":"TR-44-004-51772","name_tr":"Taştepe","area_level":"neighbourhood","parent_id":"TR-44-004","endeksa_id":51772},"geometry":{"coordinates":[[[38.3267671000001,38.36664520000005],[38.32646550000004,38.366909100000214],[38.32662640000018,38.36710260000024],[38.3264923000001,38.36719510000006],[38.326288500000146,38.36705210000014],[38.32596750000005,38.36730339999997],[38.3262519000001,38.367505300000516],[38.3264719,38.36801009999999],[38.32643430000013,38.36867880000011],[38.32615000000004,38.36975970000003],[38.325747700000136,38.37075230000005],[38.32532920000017,38.37111400000032],[38.324696200000176,38.3713537000001],[38.32391200000012,38.3712285000002],[38.32424740000016,38.37208550000008],[38.32316380000003,38.37231260000004],[38.32273010000006,38.37251290000006],[38.322462500000086,38.37215580000054],[38.320565100000124,38.37047390000015],[38.319534500000145,38.369189400000096],[38.31890179999999,38.36865670000003],[38.31910470000008,38.36831580000006],[38.31923420000015,38.36798160000012],[38.32014080000005,38.36712360000001],[38.32068800000019,38.36678710000007],[38.32044660000014,38.36643380000032],[38.32039830000019,38.36619410000003],[38.3206558,38.366038500000116],[38.32087039999999,38.36573140000047],[38.320612900000185,38.36433920000002],[38.32065050000011,38.36381340000008],[38.3207470000001,38.36361160000058],[38.321331700000144,38.363010100000054],[38.321862800000076,38.362660900000435],[38.32217930000013,38.36271560000034],[38.322975100000065,38.362532400000134],[38.32394420000014,38.36405320000017],[38.32508680000018,38.365003800000125],[38.3267671000001,38.36664520000005]]],"type":"Polygon"}},{"type":"Feature","properties":{"area_id":"TR-44-004-51711","name_tr":"Battalgazi","area_level":"neighbourhood","parent_id":"TR-44-004","endeksa_id":51711},"geometry":{"coordinates":[[[38.34808180000016,38.36605130000015],[38.34842270000007,38.36607450000008],[38.34960760000007,38.36803830000002],[38.3471325000001,38.369393100000025],[38.346067700000106,38.37019129999999],[38.345993000000135,38.370476800000176],[38.34616110000019,38.37096010000005],[38.34703910000019,38.37242470000041],[38.34699240000003,38.37295920000008],[38.34631180000008,38.373879100000124],[38.345828299999994,38.374237500000106],[38.345527900000036,38.374351000000274],[38.34432260000011,38.37450720000004],[38.34410080000009,38.374714900000185],[38.34255620000016,38.3742967000004],[38.341450400000156,38.37433490000018],[38.34079990000015,38.37414369999999],[38.340280400000154,38.373632200000486],[38.33880230000011,38.371742200000426],[38.33799350000015,38.37099310000008],[38.33778340000015,38.37043690000007],[38.33773710000008,38.37004960000036],[38.33651260000016,38.36841549999997],[38.33545780000014,38.36752980000006],[38.33484540000006,38.36689290000015],[38.334392600000115,38.36248510000013],[38.336888200000146,38.3640216000004],[38.33791730000007,38.36449510000017],[38.34280380000007,38.36507000000046],[38.345127000000105,38.365693299999975],[38.34808180000016,38.36605130000015]]],"type":"Polygon"}},{"type":"Feature","properties":{"area_id":"TR-44-004-165245","name_tr":"Merdivenler","area_level":"neighbourhood","parent_id":"TR-44-004","endeksa_id":165245},"geometry":{"coordinates":[[[38.6387122000001,38.34324660000027],[38.63824010000013,38.344306800000595],[38.643186100000094,38.34687330000014],[38.64365810000004,38.3479671000004],[38.646082900000124,38.34978450000017],[38.647434700000076,38.35313320000046],[38.64475250000004,38.355640400000425],[38.64327190000006,38.357743700000185],[38.642435100000114,38.35813070000006],[38.64211320000015,38.359560900000076],[38.641190500000164,38.35971230000018],[38.640804300000184,38.35925800000007],[38.63973140000007,38.35927490000023],[38.639409500000056,38.35998150000006],[38.638057700000104,38.36073870000001],[38.63348720000016,38.36075549999998],[38.631749100000036,38.361478999999974],[38.62943170000017,38.362152000000606],[38.62756490000004,38.36338020000062],[38.624238900000194,38.36383450000005],[38.62320900000009,38.36354850000015],[38.62181420000013,38.36432240000005],[38.62007620000003,38.36401960000023],[38.61778020000014,38.36489440000014],[38.616406900000186,38.36580290000035],[38.6146045000001,38.366055300000085],[38.61230850000004,38.368175099999974],[38.61228700000004,38.37022760000019],[38.61245869999999,38.37105190000051],[38.608746500000166,38.370799600000055],[38.60833880000018,38.37357530000003],[38.60687970000026,38.37608180000012],[38.59785670000031,38.37598090000034],[38.5960221000002,38.37459300000057],[38.5953355000002,38.37243140000061],[38.59299660000033,38.367157300000315],[38.5922348000002,38.36685440000048],[38.59427330000028,38.365626300000656],[38.59263180000033,38.364473800000326],[38.59167690000021,38.362976400000605],[38.587396100000205,38.3591907],[38.59675169999997,38.356464900000105],[38.595024300000034,38.353999800000395],[38.594917000000066,38.35296490000002],[38.596311800000194,38.351425199999994],[38.595421300000055,38.34808490000006],[38.591719900000044,38.344895900000665],[38.59276997870404,38.344168823777636],[38.593610000000126,38.34480000000019],[38.597030000000075,38.34778000000023],[38.59742000000006,38.347420000000284],[38.5986400000001,38.347110000000214],[38.59928000000008,38.34806000000009],[38.60122000000024,38.348290000000475],[38.601420000000076,38.34843000000069],[38.60135000000014,38.34947000000005],[38.60347000000024,38.35169000000042],[38.603590000000224,38.350980000000106],[38.60693000000015,38.350790000000416],[38.60605931688292,38.34940767835002],[38.60648270000007,38.34923760000004],[38.607094300000085,38.3481354000001],[38.608167200000025,38.34798390000037],[38.61029150000013,38.34536710000003],[38.61208320000003,38.34421430000003],[38.61799480000013,38.3420096000001],[38.624389199999996,38.34202650000003],[38.62713570000005,38.34241350000008],[38.63349790000012,38.345947700000295],[38.635246700000096,38.34454250000056],[38.6345601000001,38.342489300000125],[38.63536480000005,38.34129440000004],[38.63797190000014,38.34112610000068],[38.6387122000001,38.34324660000027]]],"type":"Polygon"}},{"type":"Feature","properties":{"area_id":"TR-44-004-165219","name_tr":"Hacıyusuflar","area_level":"neighbourhood","parent_id":"TR-44-004","endeksa_id":165219},"geometry":{"coordinates":[[[38.50482700000026,38.37190990000062],[38.502724200000216,38.36916770000039],[38.499269500000196,38.368587300000684],[38.49678040000026,38.36904990000028],[38.49535340000034,38.36860410000065],[38.492692700000305,38.370059300000264],[38.49155540000032,38.369504200000165],[38.49041820000036,38.37015190000011],[38.49079370000021,38.37100980000025],[38.49258540000028,38.37247339999999],[38.47530120000033,38.38141410000043],[38.470580600000176,38.37508930000007],[38.47085950000019,38.37153980000005],[38.470408899999995,38.37106870000048],[38.47015140000019,38.37037900000007],[38.47154620000015,38.36967240000041],[38.47236150000009,38.36940320000019],[38.47199680000011,38.36911720000012],[38.47604150000012,38.365592600000355],[38.47503300000017,38.36482710000007],[38.47487210000003,38.36386810000016],[38.47314480000006,38.36308580000042],[38.47288730000008,38.362152000000606],[38.47308040000007,38.36197530000004],[38.47304820000011,38.36144530000007],[38.47438930000004,38.35965340000064],[38.47577330000013,38.359232800000655],[38.47649220000011,38.35946840000025],[38.47868080000018,38.35976280000045],[38.48066570000009,38.36103310000004],[38.482457400000044,38.360191900000075],[38.484141800000145,38.35866910000004],[38.4868348,38.35706220000014],[38.48730680000017,38.3563640000001],[38.48711370000018,38.355968500000074],[38.48459240000011,38.35422700000004],[38.48347660000013,38.3531248000001],[38.483165500000155,38.35223300000007],[38.48331570000016,38.35179540000007],[38.48274710000004,38.35018839999998],[38.48285440000018,38.34882529999999],[38.47986100000014,38.343987100000106],[38.48061200000012,38.34338120000007],[38.48106260000009,38.34223680000002],[38.47931380000017,38.34126070000008],[38.47786540000004,38.34110079999999],[38.4801614000001,38.33934210000018],[38.481212800000094,38.338828700000306],[38.484485100000086,38.339922700000045],[38.487768200000176,38.339922700000045],[38.49097610000018,38.33937570000012],[38.49150180000015,38.34076420000008],[38.49190950000013,38.34147110000009],[38.496329800000126,38.342295700000136],[38.49935530000016,38.34126910000043],[38.50261690000019,38.342581800000175],[38.50414040000015,38.343675800000256],[38.50433350000014,38.3460318000005],[38.50830310000015,38.34448360000016],[38.51454730000006,38.34276700000038],[38.5142898000002,38.35872800000027],[38.51071710000036,38.3603853000003],[38.510084100000256,38.36216040000005],[38.510030500000255,38.36367460000031],[38.50482700000026,38.37190990000062]]],"type":"Polygon"}},{"type":"Feature","properties":{"area_id":"TR-44-004-165251","name_tr":"Sevildağ","area_level":"neighbourhood","parent_id":"TR-44-004","endeksa_id":165251},"geometry":{"coordinates":[[[38.56948412034478,38.406896713944775],[38.56807000000043,38.40781000000044],[38.56469000000038,38.40918000000079],[38.56282000000033,38.410110000000486],[38.561620000000346,38.41087000000027],[38.55980000000022,38.4113100000003],[38.557930000000226,38.41202000000021],[38.54950000000031,38.41363000000092],[38.54797000000036,38.41354000000058],[38.54693852138797,38.41362251828917],[38.548922519751784,38.410715674007236],[38.54489189975794,38.40954549400885],[38.52604656859177,38.3882879604534],[38.52603426073324,38.38763564395015],[38.52539420000028,38.386106900000584],[38.523162600000205,38.38607320000045],[38.52115630000026,38.38580410000026],[38.518774500000234,38.38351660000035],[38.51768020000026,38.381674800000326],[38.517648000000236,38.37903400000067],[38.51683260000027,38.378655500000264],[38.51565240000036,38.378907800000206],[38.514976500000216,38.37567810000047],[38.51137160000036,38.3742314000005],[38.51106050000021,38.373264100000256],[38.50970860000024,38.37271740000028],[38.50661870000022,38.37236410000054],[38.50482700000026,38.37190990000062],[38.510030500000255,38.36367460000031],[38.510084100000256,38.36216040000005],[38.51071710000036,38.3603853000003],[38.5142898000002,38.35872800000027],[38.547796000000346,38.36209310000021],[38.54543570000027,38.36682080000054],[38.550349500000266,38.367695600000445],[38.55950120000023,38.374576200000604],[38.55534910000023,38.37945450000029],[38.54746923912262,38.38206211142273],[38.550922405731114,38.38738338455721],[38.55996816469093,38.39296160258249],[38.56207884178167,38.39974592180232],[38.56388799357359,38.40276117478902],[38.56156075741279,38.40459475479469],[38.56948412034478,38.406896713944775]]],"type":"Polygon"}},{"type":"Feature","properties":{"area_id":"TR-44-004-165283","name_tr":"Göller","area_level":"neighbourhood","parent_id":"TR-44-004","endeksa_id":165283},"geometry":{"coordinates":[[[38.47343440000026,38.393355700000654],[38.47203970000015,38.39417980000013],[38.46982950000006,38.39439840000006],[38.46886390000009,38.39520570000025],[38.46581700000007,38.3953738000003],[38.462791400000185,38.39658470000012],[38.45957280000016,38.39606330000015],[38.45628970000013,38.39465070000051],[38.449809500000015,38.39074890000012],[38.44038960000012,38.38817569999998],[38.44038960000012,38.38804950000019],[38.43979150000018,38.388013800000124],[38.43812580000019,38.38757019999997],[38.43631270000009,38.38750290000013],[38.43695640000004,38.384239900000296],[38.4365701000001,38.38067400000011],[38.43444580000016,38.3762332000004],[38.434853500000145,38.375022],[38.43556160000014,38.37434910000047],[38.43607660000009,38.37335660000042],[38.43584060000012,38.37224630000003],[38.4316563000001,38.36717410000011],[38.43598010000011,38.36554220000045],[38.43968150000012,38.36469250000016],[38.44277139999997,38.36186600000002],[38.45146180000012,38.36405320000017],[38.452556100000095,38.363598900000056],[38.45461600000016,38.36339700000008],[38.45590350000015,38.36262310000018],[38.45588210000011,38.3620679000004],[38.4567833000001,38.36063770000004],[38.45768450000003,38.36085650000035],[38.45807070000001,38.360284400000126],[38.4598946000001,38.36085650000035],[38.460388200000125,38.361638800000094],[38.4610426000001,38.36205950000004],[38.46252320000019,38.36207630000001],[38.46313480000015,38.362597900000196],[38.463478100000145,38.363540100000705],[38.46449730000012,38.36384290000018],[38.465323400000045,38.364574800000696],[38.466707499999984,38.36465890000005],[38.46738340000013,38.365230900000086],[38.46818800000011,38.365416000000664],[38.46948620000006,38.366862900000115],[38.47199680000011,38.36911720000012],[38.47236150000009,38.36940320000019],[38.47154620000015,38.36967240000041],[38.47015140000019,38.37037900000007],[38.470408899999995,38.37106870000048],[38.47085950000019,38.37153980000005],[38.470580600000176,38.37508930000007],[38.47530120000033,38.38141410000043],[38.47424980000022,38.38228879999997],[38.47375630000022,38.384239900000466],[38.47360610000021,38.385585500000275],[38.47309110000026,38.387032000000204],[38.47313400000024,38.387906600000804],[38.47356320000023,38.388596100000655],[38.472983800000236,38.389353000000256],[38.47249030000029,38.390563900000586],[38.47341300000022,38.391354400000296],[38.473906500000226,38.39217850000006],[38.47343440000026,38.393355700000654]]],"type":"Polygon"}},{"type":"Feature","properties":{"area_id":"TR-44-004-164987","name_tr":"Bahri","area_level":"neighbourhood","parent_id":"TR-44-004","endeksa_id":164987},"geometry":{"coordinates":[[[38.63396577971963,38.40363480707106],[38.6325700000001,38.40345000000008],[38.62730000000016,38.40504000000004],[38.62231000000031,38.40515000000005],[38.622270000000356,38.40486000000021],[38.62145000000038,38.40483000000057],[38.6216800000002,38.40093000000047],[38.620870000000366,38.39854000000025],[38.62034000000034,38.39740000000097],[38.61888000000033,38.39715000000035],[38.619210000000294,38.39650000000057],[38.61802000000023,38.395990000000324],[38.61645000000021,38.39610000000016],[38.615270000000294,38.39487000000054],[38.61271000000039,38.39464000000015],[38.61212000000023,38.39471000000026],[38.61072268103976,38.394068824061776],[38.61065780937918,38.39389385744761],[38.610935200000256,38.39384340000032],[38.611815000000206,38.392565300000626],[38.60645050000028,38.384727700000326],[38.60687970000026,38.37608180000012],[38.60833880000018,38.37357530000003],[38.608746500000166,38.370799600000055],[38.61245869999999,38.37105190000051],[38.61228700000004,38.37022760000019],[38.61230850000004,38.368175099999974],[38.6146045000001,38.366055300000085],[38.616406900000186,38.36580290000035],[38.61778020000014,38.36489440000014],[38.62007620000003,38.36401960000023],[38.62181420000013,38.36432240000005],[38.62320900000009,38.36354850000015],[38.624238900000194,38.36383450000005],[38.62756490000004,38.36338020000062],[38.62943170000017,38.362152000000606],[38.631749100000036,38.361478999999974],[38.63348720000016,38.36075549999998],[38.638057700000104,38.36073870000001],[38.639409500000056,38.35998150000006],[38.63973140000007,38.35927490000023],[38.640804300000184,38.35925800000007],[38.641190500000164,38.35971230000018],[38.64211320000015,38.359560900000076],[38.642435100000114,38.35813070000006],[38.64327190000006,38.357743700000185],[38.64475250000004,38.355640400000425],[38.647434700000076,38.35313320000046],[38.646082900000124,38.34978450000017],[38.64365810000004,38.3479671000004],[38.643186100000094,38.34687330000014],[38.63824010000013,38.344306800000595],[38.6387122000001,38.34324660000027],[38.640096200000016,38.34324660000027],[38.64236000000011,38.34063800000007],[38.64329340000006,38.34063800000007],[38.644645200000184,38.339720700000214],[38.64615800000013,38.340208800000084],[38.65042800000009,38.34355790000012],[38.65587830000004,38.34665450000051],[38.66186500000015,38.34505570000039],[38.66229410000011,38.3442816000001],[38.663302600000065,38.34494640000008],[38.664203900000075,38.34320450000018],[38.66554500000018,38.341614100000015],[38.66587760000016,38.339384100000075],[38.66684320000013,38.33724670000015],[38.665823900000134,38.33625360000008],[38.66736478519664,38.3355220858237],[38.66835000000009,38.33634000000012],[38.67105000000004,38.33607000000012],[38.67340000000013,38.335650000000555],[38.67886000000016,38.336820000000046],[38.68005000000005,38.33722000000006],[38.6833000000002,38.33625000000046],[38.686300000000074,38.335950000000366],[38.68855000000008,38.33755000000019],[38.689140000000236,38.339330000000245],[38.689580000000035,38.34132000000005],[38.68965000000014,38.342340000000036],[38.68982522823188,38.34223430678105],[38.68986720000015,38.34270810000015],[38.68926640000018,38.34296890000002],[38.68929860000003,38.34381040000005],[38.68764640000006,38.34464340000005],[38.685715200000175,38.344172200000116],[38.6872623000001,38.34532360000003],[38.686852400000134,38.34578780000021],[38.68179920000017,38.346881700000154],[38.67958900000008,38.34805130000012],[38.678076200000135,38.3500370000001],[38.67747529999997,38.37882380000019],[38.675509600000055,38.380210400000124],[38.67775220000016,38.383101800000134],[38.678934600000105,38.384290400000054],[38.67947100000009,38.385585500000104],[38.680393700000025,38.386325500000055],[38.68155240000016,38.3880243000001],[38.67983570000007,38.38989120000019],[38.679921500000034,38.39014350000008],[38.677056900000025,38.391631900000164],[38.672218300000054,38.39283439999997],[38.66938590000018,38.39380980000021],[38.66608140000017,38.39421340000007],[38.65818500000012,38.39160670000018],[38.65410800000012,38.39049670000003],[38.65327120000018,38.39167390000006],[38.65082500000011,38.39246440000045],[38.64891530000017,38.39387710000045],[38.64683380000008,38.394970300000125],[38.63140570000007,38.40203320000012],[38.63396577971963,38.40363480707106]]],"type":"Polygon"}},{"type":"Feature","properties":{"area_id":"TR-44-004-165235","name_tr":"Kapıkaya","area_level":"neighbourhood","parent_id":"TR-44-004","endeksa_id":165235},"geometry":{"coordinates":[[[38.61072268103976,38.394068824061776],[38.61017000000038,38.39396000000056],[38.609021267450714,38.39408985672327],[38.60991643838565,38.39398736980263],[38.61002942550607,38.39384441471202],[38.609899432908264,38.39374210998096],[38.60778626927646,38.393535144615896],[38.60764865483537,38.39357953266364],[38.607615721171214,38.39369047120891],[38.607120000000236,38.392090000000735],[38.60667000000029,38.392090000000735],[38.60654000000022,38.39183000000071],[38.6061900000002,38.391500000000406],[38.60550000000029,38.391690000000494],[38.60378000000031,38.391290000000254],[38.603470000000414,38.39155000000028],[38.60435000000035,38.39207000000067],[38.603160000000344,38.39250000000055],[38.60352000000029,38.39343000000076],[38.60218000000026,38.39325000000025],[38.60247000000027,38.39295000000084],[38.60153000000031,38.3925100000003],[38.60114000000033,38.39202000000063],[38.600370000000225,38.39219000000065],[38.60054000000025,38.39343000000076],[38.600550000000396,38.39477000000079],[38.60041000000035,38.39596000000034],[38.60082000000034,38.39662000000055],[38.60070000000036,38.39756000000034],[38.600430000000415,38.39798000000064],[38.59986000000032,38.39740000000097],[38.59828000000033,38.396920000001046],[38.595110000000204,38.398190000000454],[38.5844900000003,38.39714000000026],[38.579652065544906,38.40035339410446],[38.57899955500028,38.40040000200031],[38.57769955600048,38.40130000200071],[38.577099556000405,38.40220000200043],[38.57702702445857,38.40258683381444],[38.57660000000027,38.40263000000044],[38.57579000000021,38.40236000000067],[38.575090000000216,38.4022700000005],[38.5741100000003,38.4022700000005],[38.57356000000027,38.40196000000043],[38.5728500000003,38.401940000000366],[38.571930000000236,38.40209000000107],[38.571500000000356,38.40250000000037],[38.57093000000026,38.40263000000044],[38.56963000000036,38.40334000000075],[38.5698600000004,38.403610000000526],[38.569898049183905,38.40413317627474],[38.56957550000027,38.40416870000024],[38.56932880000028,38.40442940000065],[38.56895330000032,38.405505500000686],[38.568921100000296,38.406228600000475],[38.56948412034478,38.406896713944775],[38.56156075741279,38.40459475479469],[38.56388799357359,38.40276117478902],[38.56207884178167,38.39974592180232],[38.55996816469093,38.39296160258249],[38.550922405731114,38.38738338455721],[38.54746923912262,38.38206211142273],[38.55534910000023,38.37945450000029],[38.55950120000023,38.374576200000604],[38.550349500000266,38.367695600000445],[38.54543570000027,38.36682080000054],[38.547796000000346,38.36209310000021],[38.54990960000026,38.36207630000024],[38.55115410000036,38.36161360000028],[38.552366500000346,38.360578800000326],[38.55260250000032,38.359855300000106],[38.553053100000284,38.35919070000023],[38.55502720000021,38.35697810000062],[38.55501650000019,38.356549000000314],[38.5556066000002,38.35629660000018],[38.5575592000003,38.35158510000008],[38.56299880000023,38.35244330000074],[38.565090900000314,38.35305750000026],[38.567161500000225,38.354025000000206],[38.56944680000032,38.35462240000021],[38.57145310000021,38.355455300000244],[38.57236500000033,38.35559830000034],[38.5732555000003,38.35537120000021],[38.57415680000025,38.35555630000039],[38.5761416000002,38.35642280000036],[38.57783670000026,38.35771010000025],[38.58253600000023,38.35932530000031],[38.587396100000205,38.3591907],[38.59167690000021,38.362976400000605],[38.59263180000033,38.364473800000326],[38.59427330000028,38.365626300000656],[38.5922348000002,38.36685440000048],[38.59299660000033,38.367157300000315],[38.5953355000002,38.37243140000061],[38.5960221000002,38.37459300000057],[38.59785670000031,38.37598090000034],[38.60687970000026,38.37608180000012],[38.60645050000028,38.384727700000326],[38.611815000000206,38.392565300000626],[38.610935200000256,38.39384340000032],[38.61065780937918,38.39389385744761],[38.61072268103976,38.394068824061776]]],"type":"Polygon"}},{"type":"Feature","properties":{"area_id":"TR-44-004-165013","name_tr":"Hanımınçiftliği","area_level":"neighbourhood","parent_id":"TR-44-004","endeksa_id":165013},"geometry":{"coordinates":[[[38.35240240000002,38.39919120000013],[38.34965590000019,38.400931700000115],[38.34727410000011,38.40200790000017],[38.347810500000094,38.400376800000174],[38.3472311000001,38.39932580000044],[38.34526779999999,38.399393000000316],[38.34405540000006,38.40098219999999],[38.343100500000105,38.4017893000007],[38.34264990000014,38.40203320000012],[38.34067580000004,38.40233590000008],[38.34037540000003,38.40226860000007],[38.33966730000009,38.40181460000031],[38.339420500000074,38.401780900000176],[38.338712400000134,38.40206680000006],[38.3384013000001,38.40200790000017],[38.33790780000015,38.40148670000053],[38.33769320000016,38.40147820000004],[38.33751080000019,38.40164640000006],[38.337382100000184,38.40219290000016],[38.337070900000185,38.40245360000006],[38.336319900000035,38.40267220000021],[38.33622340000005,38.4029076000005],[38.33641650000004,38.40340360000033],[38.33667400000019,38.403782000000376],[38.33653450000003,38.40451350000018],[38.33622340000005,38.405043100000626],[38.334313600000144,38.40574100000009],[38.33395960000013,38.40564010000014],[38.33376640000017,38.40538780000037],[38.33385230000016,38.4067414000001],[38.33325150000019,38.407691500000055],[38.328831200000025,38.40765780000061],[38.32781190000003,38.4072627000001],[38.32768320000008,38.400856100000226],[38.328884800000026,38.40021700000028],[38.328841899999986,38.39903150000009],[38.328294700000015,38.39858590000017],[38.326309900000126,38.39788800000014],[38.32450750000004,38.39617260000017],[38.32369210000007,38.39564290000004],[38.32290890000007,38.395256100000154],[38.3223402000001,38.39512160000004],[38.32159990000014,38.39471790000039],[38.32108499999998,38.39423020000004],[38.32071630000007,38.39364710000007],[38.320824100000095,38.39257210000011],[38.32013010000003,38.39106010000006],[38.31958290000006,38.390210700000125],[38.31833840000013,38.38898300000017],[38.31823040000006,38.38851250000016],[38.31800580000015,38.388335400000074],[38.3179262000001,38.387883400000135],[38.3187612000001,38.38725469999997],[38.32057580000014,38.38614310000003],[38.32221150000015,38.38533320000016],[38.322984000000076,38.38471930000003],[38.32272990000001,38.384459600000355],[38.32305090000011,38.384280900000135],[38.32451830000019,38.382673700000055],[38.32490439999998,38.3815318000004],[38.32523800000007,38.380031400000064],[38.325382300000115,38.37890440000007],[38.325303400000166,38.37837910000013],[38.325043900000026,38.37772990000025],[38.32397200000014,38.37567360000014],[38.32594590000019,38.37498810000005],[38.32564740000004,38.373818000000085],[38.325189799999976,38.37354710000005],[38.324330500000144,38.37331280000035],[38.32349900000008,38.37325570000024],[38.322863700000084,38.373051900000064],[38.32273010000006,38.37251290000006],[38.32316380000003,38.37231260000004],[38.32424740000016,38.37208550000008],[38.32391200000012,38.3712285000002],[38.324696200000176,38.3713537000001],[38.32532920000017,38.37111400000032],[38.325747700000136,38.37075230000005],[38.32615000000004,38.36975970000003],[38.32643430000013,38.36867880000011],[38.3264719,38.36801009999999],[38.3262519000001,38.367505300000516],[38.32596750000005,38.36730339999997],[38.326288500000146,38.36705210000014],[38.3264923000001,38.36719510000006],[38.32662640000018,38.36710260000024],[38.32646550000004,38.366909100000214],[38.3267671000001,38.36664520000005],[38.32712100000009,38.366887099999985],[38.328285900000026,38.36586950000003],[38.33031810000011,38.36416570000006],[38.331230100000084,38.363593700000024],[38.33131590000005,38.36440970000018],[38.33263550000004,38.36361050000016],[38.33364580000011,38.36541340000008],[38.33484540000006,38.36689290000015],[38.33545780000014,38.36752980000006],[38.33651260000016,38.36841549999997],[38.33773710000008,38.37004960000036],[38.33778340000015,38.37043690000007],[38.33799350000015,38.37099310000008],[38.33880230000011,38.371742200000426],[38.340280400000154,38.373632200000486],[38.34079990000015,38.37414369999999],[38.340890400000035,38.374492100000225],[38.34128740000017,38.37498000000045],[38.3432615000001,38.37670420000029],[38.34405540000006,38.377705100000185],[38.345096100000035,38.3785630000001],[38.346372800000154,38.37986660000047],[38.34700580000009,38.38072450000004],[38.34714530000008,38.38128790000047],[38.347113100000115,38.38178420000014],[38.346780500000136,38.382423300000085],[38.34651230000014,38.38323070000013],[38.34664110000011,38.38386150000025],[38.34793920000004,38.38625830000018],[38.348518600000034,38.386964700000135],[38.35025670000016,38.38953800000007],[38.35091110000013,38.391303900000025],[38.35147980000011,38.392128000000184],[38.35210200000006,38.39248120000042],[38.35228440000003,38.39294370000016],[38.35257410000003,38.393338900000685],[38.353239299999984,38.39400320000004],[38.35376500000018,38.39507950000046],[38.3531213,38.39555040000016],[38.35407610000016,38.39669400000014],[38.35462330000013,38.39704710000001],[38.35220930000003,38.39819910000011],[38.35240240000002,38.39919120000013]]],"type":"Polygon"}},{"type":"Feature","properties":{"area_id":"TR-44-004-165301","name_tr":"Karaköy","area_level":"neighbourhood","parent_id":"TR-44-004","endeksa_id":165301},"geometry":{"coordinates":[[[38.4281587000001,38.39974620000004],[38.42627049999999,38.400805600000126],[38.42575550000004,38.40125960000057],[38.42444660000007,38.40321030000018],[38.42200040000017,38.405446700000084],[38.41948980000012,38.40743080000016],[38.41689350000007,38.40849010000005],[38.41612100000009,38.40891050000016],[38.413288600000044,38.408591],[38.41305250000005,38.40648920000001],[38.413202700000056,38.405749400000445],[38.412601900000084,38.40371470000014],[38.41191530000009,38.402520800000104],[38.41086390000015,38.39750960000009],[38.409694400000035,38.39600450000012],[38.410037699999975,38.395222500000216],[38.41010210000019,38.39136280000025],[38.41086390000015,38.390336900000136],[38.41081020000013,38.38769630000013],[38.41186160000012,38.3844754000001],[38.410906800000134,38.38390350000003],[38.41097120000012,38.38189350000016],[38.40863230000008,38.3801105000004],[38.409265300000015,38.37750320000032],[38.408374800000104,38.37668740000032],[38.4079885000001,38.37582110000005],[38.4079134000001,38.37524070000035],[38.407537900000136,38.37412200000051],[38.406744000000174,38.373280900000054],[38.406561600000146,38.37087530000014],[38.408954100000074,38.36985750000008],[38.409855300000174,38.36893220000013],[38.411829500000124,38.36920140000052],[38.414039600000194,38.37026120000013],[38.41532710000013,38.371405200000254],[38.41796629999999,38.370799600000055],[38.42009070000012,38.36829290000031],[38.422966000000145,38.36704790000033],[38.42710730000016,38.366055300000085],[38.427364800000134,38.36571040000018],[38.4316563000001,38.36717410000011],[38.43584060000012,38.37224630000003],[38.43607660000009,38.37335660000042],[38.43556160000014,38.37434910000047],[38.434853500000145,38.375022],[38.43444580000016,38.3762332000004],[38.4365701000001,38.38067400000011],[38.43695640000004,38.384239900000296],[38.43631270000009,38.38750290000013],[38.43768590000019,38.38913430000025],[38.437922000000185,38.39079939999999],[38.43738550000006,38.392632600000184],[38.43697780000008,38.39325480000048],[38.43695640000004,38.39424709999997],[38.432514600000104,38.39565970000018],[38.429017000000044,38.39732460000005],[38.4281587000001,38.39974620000004]]],"type":"Polygon"}},{"type":"Feature","properties":{"area_id":"TR-44-004-165111","name_tr":"Orduzu","area_level":"neighbourhood","parent_id":"TR-44-004","endeksa_id":165111},"geometry":{"coordinates":[[[38.40186240000003,38.40976800000004],[38.40144930000014,38.41028920000019],[38.39977020000009,38.4110963],[38.39901920000011,38.41083570000029],[38.39706660000002,38.41123920000064],[38.39583280000011,38.41132330000016],[38.39546800000011,38.41170160000053],[38.39243170000009,38.412340500000084],[38.390661500000135,38.4130887],[38.388859000000025,38.41346700000008],[38.38771100000008,38.41334930000011],[38.38591930000018,38.41341650000015],[38.38512540000005,38.413147500000434],[38.384106100000054,38.41313910000008],[38.38385940000006,38.41301300000032],[38.383247800000106,38.41294580000044],[38.381209400000046,38.41456820000002],[38.379718100000105,38.41429920000019],[38.37766879999998,38.41471110000049],[38.377357700000175,38.41453460000008],[38.37526560000009,38.41423200000014],[38.374589700000115,38.4142236000003],[38.37302330000006,38.41451780000011],[38.372250800000074,38.414400100000194],[38.37277650000004,38.41178570000005],[38.37254050000007,38.41123920000064],[38.36987970000018,38.408616200000324],[38.369890400000145,38.40994460000013],[38.36775540000008,38.40943170000014],[38.367487200000085,38.40884320000009],[38.36764810000011,38.4087171000005],[38.3673692000001,38.40847330000008],[38.36688640000011,38.40824630000009],[38.36562040000018,38.406497600000534],[38.364418700000044,38.40573250000011],[38.36382860000009,38.40479929999998],[38.36189750000017,38.40316820000004],[38.360438300000055,38.40267220000021],[38.35938690000012,38.40218450000003],[38.359494200000086,38.40182300000015],[38.3590329000001,38.40174730000007],[38.35719820000003,38.40083080000011],[38.35593220000004,38.39924170000023],[38.355288500000086,38.39868680000018],[38.35462330000013,38.39704710000001],[38.35407610000016,38.39669400000014],[38.3531213,38.39555040000016],[38.35376500000018,38.39507950000046],[38.353239299999984,38.39400320000004],[38.35257410000003,38.393338900000685],[38.35228440000003,38.39294370000016],[38.35210200000006,38.39248120000042],[38.35147980000011,38.392128000000184],[38.35091110000013,38.391303900000025],[38.35025670000016,38.38953800000007],[38.348518600000034,38.386964700000135],[38.34793920000004,38.38625830000018],[38.34664110000011,38.38386150000025],[38.34651230000014,38.38323070000013],[38.346780500000136,38.382423300000085],[38.347113100000115,38.38178420000014],[38.34714530000008,38.38128790000047],[38.34700580000009,38.38072450000004],[38.346372800000154,38.37986660000047],[38.345096100000035,38.3785630000001],[38.34405540000006,38.377705100000185],[38.3432615000001,38.37670420000029],[38.34128740000017,38.37498000000045],[38.340890400000035,38.374492100000225],[38.34079990000015,38.37414369999999],[38.341450400000156,38.37433490000018],[38.34255620000016,38.3742967000004],[38.34410080000009,38.374714900000185],[38.34432260000011,38.37450720000004],[38.345527900000036,38.374351000000274],[38.345828299999994,38.374237500000106],[38.34631180000008,38.373879100000124],[38.34699240000003,38.37295920000008],[38.34703910000019,38.37242470000041],[38.34616110000019,38.37096010000005],[38.345993000000135,38.370476800000176],[38.346067700000106,38.37019129999999],[38.3471325000001,38.369393100000025],[38.34960760000007,38.36803830000002],[38.34842270000007,38.36607450000008],[38.34808180000016,38.36605130000015],[38.34864760000005,38.365385500000116],[38.34933070000011,38.36384540000006],[38.34965990000012,38.36285750000036],[38.34985790000019,38.36185850000015],[38.351333700000055,38.362751500000115],[38.35361190000009,38.36018500000057],[38.3539621000001,38.359906700000124],[38.35702100000009,38.35894360000003],[38.35813600000017,38.35844770000017],[38.35849090000005,38.35702690000039],[38.35802390000009,38.354888200000175],[38.35794920000018,38.35359910000028],[38.358173400000055,38.35286670000011],[38.35888320000015,38.352354000000105],[38.35977990000009,38.35210500000011],[38.35992930000003,38.352339300000494],[38.361815999999976,38.35251510000012],[38.36381470000015,38.35242720000031],[38.36377740000012,38.351797300000044],[38.36350810000005,38.35126790000015],[38.36258790000011,38.35009660000003],[38.362527800000066,38.3490197000001],[38.366467900000146,38.34882529999999],[38.38024380000007,38.34884220000015],[38.382668500000136,38.34890950000022],[38.384685500000046,38.349279700000295],[38.386852700000134,38.34948160000016],[38.38844060000008,38.34938910000011],[38.39054350000015,38.34893470000003],[38.39371920000019,38.34782410000014],[38.39773180000003,38.34731080000046],[38.40076800000003,38.350895200000025],[38.39728120000001,38.35170290000042],[38.396326300000055,38.365054300000224],[38.40201259999998,38.36409530000009],[38.402752900000166,38.36413730000038],[38.40536000000003,38.36554220000045],[38.40642210000016,38.36811620000026],[38.40508100000005,38.3689490000001],[38.406561600000146,38.37087530000014],[38.406744000000174,38.373280900000054],[38.407537900000136,38.37412200000051],[38.4079134000001,38.37524070000035],[38.4079885000001,38.37582110000005],[38.408374800000104,38.37668740000032],[38.409265300000015,38.37750320000032],[38.40863230000008,38.3801105000004],[38.41097120000012,38.38189350000016],[38.410906800000134,38.38390350000003],[38.41186160000012,38.3844754000001],[38.41081020000013,38.38769630000013],[38.41086390000015,38.390336900000136],[38.41010210000019,38.39136280000025],[38.410037699999975,38.395222500000216],[38.409694400000035,38.39600450000012],[38.41086390000015,38.39750960000009],[38.41191530000009,38.402520800000104],[38.412601900000084,38.40371470000014],[38.41078880000015,38.40419400000036],[38.4079885000001,38.402150900000095],[38.40531710000005,38.40353820000013],[38.402752900000166,38.404471400000034],[38.40101480000004,38.40429490000054],[38.39974880000011,38.40487500000006],[38.40157270000003,38.40800250000035],[38.40186240000003,38.408742300000085],[38.40186240000003,38.40976800000004]]],"type":"Polygon"}},{"type":"Feature","properties":{"area_id":"TR-44-004-165297","name_tr":"Karakaşçiftliğiköyü","area_level":"neighbourhood","parent_id":"TR-44-004","endeksa_id":165297},"geometry":{"coordinates":[[[38.48075150000028,38.421831000000225],[38.468574300000114,38.42096520000018],[38.46702930000015,38.42140230000007],[38.46682550000003,38.422015900000076],[38.465720400000066,38.42185620000015],[38.462737800000184,38.42072150000041],[38.461686400000076,38.420402100000274],[38.45484140000019,38.41914120000007],[38.45225570000008,38.418536000000415],[38.4518480000001,38.418056800000045],[38.44920870000004,38.41815770000005],[38.4481358000001,38.4172162000001],[38.447245300000134,38.417106900000476],[38.44673039999998,38.415955300000405],[38.432278600000075,38.41365200000007],[38.430261600000165,38.407868000000235],[38.4281587000001,38.39974620000004],[38.429017000000044,38.39732460000005],[38.432514600000104,38.39565970000018],[38.43695640000004,38.39424709999997],[38.43697780000008,38.39325480000048],[38.43738550000006,38.392632600000184],[38.437922000000185,38.39079939999999],[38.43768590000019,38.38913430000025],[38.43631270000009,38.38750290000013],[38.43812580000019,38.38757019999997],[38.43979150000018,38.388013800000124],[38.44038960000012,38.38804950000019],[38.44038960000012,38.38817569999998],[38.449809500000015,38.39074890000012],[38.45628970000013,38.39465070000051],[38.45957280000016,38.39606330000015],[38.462791400000185,38.39658470000012],[38.46581700000007,38.3953738000003],[38.46886390000009,38.39520570000025],[38.46982950000006,38.39439840000006],[38.47203970000015,38.39417980000013],[38.47343440000026,38.393355700000654],[38.47431420000021,38.39495340000036],[38.47367050000025,38.39700510000063],[38.474292700000206,38.39799730000033],[38.475902100000326,38.39917440000016],[38.476653100000306,38.40252080000033],[38.47839110000035,38.4042024000002],[38.47952840000033,38.408204300000705],[38.47996830000034,38.40844810000044],[38.48111630000028,38.411541900000316],[38.48107340000024,38.412130300000285],[38.47976450000033,38.41418990000017],[38.47978590000031,38.41519870000036],[38.48019360000029,38.418233300000054],[38.48067640000028,38.4202592000002],[38.48075150000028,38.421831000000225]]],"type":"Polygon"}},{"type":"Feature","properties":{"area_id":"TR-44-004-51881","name_tr":"Meydanbaşı","area_level":"neighbourhood","parent_id":"TR-44-004","endeksa_id":51881},"geometry":{"coordinates":[[[38.35846783485255,38.42285849157827],[38.35831119616495,38.42273847331944],[38.357616700000165,38.42283970000017],[38.35650090000007,38.4228229000002],[38.35641500000003,38.42351210000038],[38.35609320000009,38.424100500000065],[38.35582490000007,38.42485700000009],[38.35452670000012,38.42514270000015],[38.353078400000186,38.42531930000018],[38.35355040000019,38.423898800000075],[38.35393670000013,38.42332720000036],[38.35468770000011,38.4228229000002],[38.3552241000001,38.42266320000016],[38.3548057000001,38.42257910000012],[38.35532070000011,38.4197884000003],[38.35704800000019,38.41917480000018],[38.35727330000003,38.41766170000005],[38.357681000000184,38.41725820000056],[38.356372100000044,38.41732550000012],[38.35594300000008,38.4172162000001],[38.355106100000114,38.41643440000007],[38.35498810000013,38.41511470000012],[38.35468770000011,38.41436650000003],[38.35468770000011,38.41346700000008],[38.354902300000106,38.41262630000011],[38.35432290000011,38.40938970000019],[38.35704800000019,38.40967550000022],[38.35715529999999,38.406480800000054],[38.35862520000012,38.40570730000019],[38.35407610000016,38.40289919999998],[38.35224150000005,38.40044410000024],[38.35240240000002,38.39919120000013],[38.35220930000003,38.39819910000011],[38.35462330000013,38.39704710000001],[38.355288500000086,38.39868680000018],[38.35593220000004,38.39924170000023],[38.35719820000003,38.40083080000011],[38.3590329000001,38.40174730000007],[38.359494200000086,38.40182300000015],[38.35938690000012,38.40218450000003],[38.360438300000055,38.40267220000021],[38.36189750000017,38.40316820000004],[38.36382860000009,38.40479929999998],[38.364418700000044,38.40573250000011],[38.36562040000018,38.406497600000534],[38.36688640000011,38.40824630000009],[38.3673692000001,38.40847330000008],[38.36764810000011,38.4087171000005],[38.367487200000085,38.40884320000009],[38.36775540000008,38.40943170000014],[38.369890400000145,38.40994460000013],[38.36987970000018,38.408616200000324],[38.37254050000007,38.41123920000064],[38.37277650000004,38.41178570000005],[38.372250800000074,38.414400100000194],[38.371714300000065,38.417140600000096],[38.37051343758543,38.41989651582344],[38.370406820118546,38.41997624928274],[38.37018000000012,38.41997000000026],[38.369130000000155,38.41980000000018],[38.36853000000025,38.41967000000045],[38.36837000000014,38.42016000000035],[38.36804000000018,38.42029000000059],[38.36739000000006,38.42029000000059],[38.365390000000104,38.420060000000035],[38.365700000000174,38.42146000000008],[38.365700000000174,38.422250000000076],[38.36357000000015,38.42265000000032],[38.363000000000056,38.42265000000032],[38.36203000000012,38.422220000000266],[38.36142000000007,38.422070000000076],[38.36070000000018,38.422290000000146],[38.36017000000004,38.42258000000038],[38.35962000000018,38.422690000000216],[38.35846000000015,38.42273000000068],[38.35846783485255,38.42285849157827]]],"type":"Polygon"}},{"type":"Feature","properties":{"area_id":"TR-44-004-51879","name_tr":"Karabağlar","area_level":"neighbourhood","parent_id":"TR-44-004","endeksa_id":51879},"geometry":{"coordinates":[[[38.33294420599145,38.41335943870081],[38.333004700000174,38.41335770000006],[38.33277939999999,38.412660000000244],[38.333032320961365,38.411356309992584],[38.333058300000175,38.411222400000156],[38.33298320000017,38.41060870000052],[38.332876,38.410322900000324],[38.33236100000005,38.40994460000013],[38.332307300000025,38.40980159999998],[38.33237170000001,38.40962510000031],[38.332843800000035,38.40957460000004],[38.33298320000017,38.40933920000009],[38.333390900000154,38.40832200000017],[38.333240699999976,38.40797730000003],[38.33325150000019,38.407691500000055],[38.33385230000016,38.4067414000001],[38.33376640000017,38.40538780000037],[38.33395960000013,38.40564010000014],[38.334313600000144,38.40574100000009],[38.33622340000005,38.405043100000626],[38.33653450000003,38.40451350000018],[38.33667400000019,38.403782000000376],[38.33641650000004,38.40340360000033],[38.33622340000005,38.4029076000005],[38.336319900000035,38.40267220000021],[38.337070900000185,38.40245360000006],[38.337382100000184,38.40219290000016],[38.33751080000019,38.40164640000006],[38.33769320000016,38.40147820000004],[38.33790780000015,38.40148670000053],[38.3384013000001,38.40200790000017],[38.338712400000134,38.40206680000006],[38.339420500000074,38.401780900000176],[38.33966730000009,38.40181460000031],[38.34037540000003,38.40226860000007],[38.34067580000004,38.40233590000008],[38.34264990000014,38.40203320000012],[38.343100500000105,38.4017893000007],[38.34405540000006,38.40098219999999],[38.34526779999999,38.399393000000316],[38.3472311000001,38.39932580000044],[38.347810500000094,38.400376800000174],[38.34727410000011,38.40200790000017],[38.34965590000019,38.400931700000115],[38.35240240000002,38.39919120000013],[38.35224150000005,38.40044410000024],[38.35407610000016,38.40289919999998],[38.35862520000012,38.40570730000019],[38.35715529999999,38.406480800000054],[38.35704800000019,38.40967550000022],[38.35432290000011,38.40938970000019],[38.354902300000106,38.41262630000011],[38.35468770000011,38.41346700000008],[38.35468770000011,38.41436650000003],[38.35498810000013,38.41511470000012],[38.355106100000114,38.41643440000007],[38.35594300000008,38.4172162000001],[38.356372100000044,38.41732550000012],[38.357681000000184,38.41725820000056],[38.35727330000003,38.41766170000005],[38.35704800000019,38.41917480000018],[38.35532070000011,38.4197884000003],[38.3548057000001,38.42257910000012],[38.3552241000001,38.42266320000016],[38.35468770000011,38.4228229000002],[38.35393670000013,38.42332720000036],[38.35355040000019,38.423898800000075],[38.353078400000186,38.42531930000018],[38.35229510000005,38.425109099999986],[38.35208060000008,38.425159600000086],[38.35203770000004,38.42535290000012],[38.3510399000001,38.42534450000011],[38.34774610000005,38.425630200000114],[38.34612610000016,38.42584040000014],[38.34320780000007,38.42646230000008],[38.34070800000001,38.426840600000446],[38.339581500000065,38.426916200000164],[38.33930250000009,38.42703390000008],[38.334432600000184,38.425995000000114],[38.33385400800012,38.4241610900001],[38.33278325000015,38.42303084700012],[38.331891200000086,38.421458900000175],[38.331442800000104,38.42038570000017],[38.33229340000014,38.41876040000017],[38.332931900000005,38.41797190000011],[38.333531100000016,38.41726610000018],[38.33396490000007,38.416267800000185],[38.33339840000008,38.41575620000009],[38.333379400000126,38.41470680000015],[38.33314990000014,38.41372170000017],[38.33294420599145,38.41335943870081]]],"type":"Polygon"}},{"type":"Feature","properties":{"area_id":"TR-44-004-51880","name_tr":"Karahan","area_level":"neighbourhood","parent_id":"TR-44-004","endeksa_id":51880},"geometry":{"coordinates":[[[38.40186240000003,38.40976800000004],[38.40193750000003,38.41039430000018],[38.40228079999997,38.41084410000013],[38.401508300000046,38.41123080000011],[38.40159410000018,38.414845700000114],[38.40090750000007,38.41629150000051],[38.40082170000005,38.41736750000018],[38.40084310000003,38.42036000000019],[38.40101480000004,38.42131830000005],[38.401336600000036,38.42188990000045],[38.40140100000019,38.42236060000016],[38.40129370000005,38.4227977000001],[38.40148690000001,38.42397440000008],[38.401143500000046,38.42533610000066],[38.40672250000017,38.42538650000006],[38.408010000000104,38.42887459999997],[38.40369700000008,38.42827780000016],[38.39946980000013,38.427941600000054],[38.391927500000065,38.42674810000011],[38.38083390000003,38.42543690000048],[38.3786325173383,38.424937245805836],[38.378454021990876,38.4250183147588],[38.378524664881525,38.425170746797164],[38.37713000000019,38.424550000000636],[38.37414000000007,38.4234100000001],[38.37299000000013,38.42277000000007],[38.37312000000003,38.422140000000184],[38.37357000000014,38.421110000000226],[38.37428000000011,38.42057000000034],[38.37467000000021,38.419940000000054],[38.374650000000145,38.419320000000084],[38.374490000000264,38.41927000000004],[38.37327000000022,38.41943000000049],[38.37196427932054,38.419794788801255],[38.371875300000056,38.419721200000424],[38.37051343758543,38.41989651582344],[38.371714300000065,38.417140600000096],[38.372250800000074,38.414400100000194],[38.37302330000006,38.41451780000011],[38.374589700000115,38.4142236000003],[38.37526560000009,38.41423200000014],[38.377357700000175,38.41453460000008],[38.37766879999998,38.41471110000049],[38.379718100000105,38.41429920000019],[38.381209400000046,38.41456820000002],[38.383247800000106,38.41294580000044],[38.38385940000006,38.41301300000032],[38.384106100000054,38.41313910000008],[38.38512540000005,38.413147500000434],[38.38591930000018,38.41341650000015],[38.38771100000008,38.41334930000011],[38.388859000000025,38.41346700000008],[38.390661500000135,38.4130887],[38.39243170000009,38.412340500000084],[38.39546800000011,38.41170160000053],[38.39583280000011,38.41132330000016],[38.39706660000002,38.41123920000064],[38.39901920000011,38.41083570000029],[38.39977020000009,38.4110963],[38.40144930000014,38.41028920000019],[38.40186240000003,38.40976800000004]]],"type":"Polygon"}},{"type":"Feature","properties":{"area_id":"TR-44-004-165239","name_tr":"Karatepe","area_level":"neighbourhood","parent_id":"TR-44-004","endeksa_id":165239},"geometry":{"coordinates":[[[38.54205621664346,38.414885253138436],[38.54142310000026,38.41516510000025],[38.539030500000194,38.4158544000004],[38.53707790000027,38.41587960000021],[38.5345566000002,38.422890100000245],[38.53338720000028,38.425294000000235],[38.53219630000035,38.42715160000006],[38.5293424000003,38.42708430000022],[38.52690700000022,38.429135100000394],[38.525147400000264,38.425378100000046],[38.52428910000032,38.42432740000015],[38.52336640000016,38.42179740000029],[38.52271200000024,38.41700610000083],[38.522057500000244,38.41709010000068],[38.521338700000285,38.41741800000045],[38.519482600000345,38.41779620000034],[38.51673600000032,38.41885540000072],[38.513538800000276,38.41926730000034],[38.51001980000024,38.42029280000031],[38.509118500000284,38.42037680000084],[38.508067100000346,38.42002380000059],[38.505599500000244,38.419990200000655],[38.50334640000034,38.42067950000035],[38.50199460000022,38.42131830000022],[38.499398200000144,38.42136870000013],[38.497273900000266,38.421789000000445],[38.49641560000032,38.42180580000041],[38.495063800000196,38.422041200000706],[38.4922528000003,38.42183940000035],[38.491394500000354,38.4222429000007],[38.48706000000033,38.42306660000031],[38.48639490000022,38.42289850000077],[38.4838199000003,38.42340290000004],[38.48141670000024,38.42332720000053],[38.48069790000028,38.42261270000057],[38.48075150000028,38.421831000000225],[38.48067640000028,38.4202592000002],[38.48019360000029,38.418233300000054],[38.47978590000031,38.41519870000036],[38.47976450000033,38.41418990000017],[38.48107340000024,38.412130300000285],[38.48111630000028,38.411541900000316],[38.47996830000034,38.40844810000044],[38.47952840000033,38.408204300000705],[38.47839110000035,38.4042024000002],[38.476653100000306,38.40252080000033],[38.475902100000326,38.39917440000016],[38.474292700000206,38.39799730000033],[38.47367050000025,38.39700510000063],[38.47431420000021,38.39495340000036],[38.47343440000026,38.393355700000654],[38.473906500000226,38.39217850000006],[38.47341300000022,38.391354400000296],[38.47249030000029,38.390563900000586],[38.472983800000236,38.389353000000256],[38.47356320000023,38.388596100000655],[38.47313400000024,38.387906600000804],[38.47309110000026,38.387032000000204],[38.47360610000021,38.385585500000275],[38.47375630000022,38.384239900000466],[38.47424980000022,38.38228879999997],[38.47530120000033,38.38141410000043],[38.49258540000028,38.37247339999999],[38.49079370000021,38.37100980000025],[38.49041820000036,38.37015190000011],[38.49155540000032,38.369504200000165],[38.492692700000305,38.370059300000264],[38.49535340000034,38.36860410000065],[38.49678040000026,38.36904990000028],[38.499269500000196,38.368587300000684],[38.502724200000216,38.36916770000039],[38.50482700000026,38.37190990000062],[38.50661870000022,38.37236410000054],[38.50970860000024,38.37271740000028],[38.51106050000021,38.373264100000256],[38.51137160000036,38.3742314000005],[38.514976500000216,38.37567810000047],[38.51565240000036,38.378907800000206],[38.51683260000027,38.378655500000264],[38.517648000000236,38.37903400000067],[38.51768020000026,38.381674800000326],[38.518774500000234,38.38351660000035],[38.52115630000026,38.38580410000026],[38.523162600000205,38.38607320000045],[38.52539420000028,38.386106900000584],[38.52603426073324,38.38763564395015],[38.52604656859177,38.3882879604534],[38.54489189975794,38.40954549400885],[38.548922519751784,38.410715674007236],[38.54693852138797,38.41362251828917],[38.54484000000036,38.413890000000436],[38.54283000000032,38.414450000000556],[38.54205621664346,38.414885253138436]]],"type":"Polygon"}},{"type":"Feature","properties":{"area_id":"TR-44-004-165413","name_tr":"Yarımcahan","area_level":"neighbourhood","parent_id":"TR-44-004","endeksa_id":165413},"geometry":{"coordinates":[[[38.432278600000075,38.41365200000007],[38.42348090000013,38.42612620000017],[38.4197473000001,38.4266305000001],[38.41893190000013,38.42972340000023],[38.4155416000001,38.42950490000027],[38.41324570000006,38.430042800000365],[38.41144320000012,38.429589000000476],[38.41086390000015,38.42999240000046],[38.40843460000008,38.4297727000004],[38.408010000000104,38.42887459999997],[38.40672250000017,38.42538650000006],[38.401143500000046,38.42533610000066],[38.40148690000001,38.42397440000008],[38.40129370000005,38.4227977000001],[38.40140100000019,38.42236060000016],[38.401336600000036,38.42188990000045],[38.40101480000004,38.42131830000005],[38.40084310000003,38.42036000000019],[38.40082170000005,38.41736750000018],[38.40090750000007,38.41629150000051],[38.40159410000018,38.414845700000114],[38.401508300000046,38.41123080000011],[38.40228079999997,38.41084410000013],[38.40193750000003,38.41039430000018],[38.40186240000003,38.40976800000004],[38.40186240000003,38.408742300000085],[38.40157270000003,38.40800250000035],[38.39974880000011,38.40487500000006],[38.40101480000004,38.40429490000054],[38.402752900000166,38.404471400000034],[38.40531710000005,38.40353820000013],[38.4079885000001,38.402150900000095],[38.41078880000015,38.40419400000036],[38.412601900000084,38.40371470000014],[38.413202700000056,38.405749400000445],[38.41305250000005,38.40648920000001],[38.413288600000044,38.408591],[38.41612100000009,38.40891050000016],[38.41689350000007,38.40849010000005],[38.41948980000012,38.40743080000016],[38.42200040000017,38.405446700000084],[38.42444660000007,38.40321030000018],[38.42575550000004,38.40125960000057],[38.42627049999999,38.400805600000126],[38.4281587000001,38.39974620000004],[38.430261600000165,38.407868000000235],[38.432278600000075,38.41365200000007]]],"type":"Polygon"}},{"type":"Feature","properties":{"area_id":"TR-44-004-165405","name_tr":"Şişman","area_level":"neighbourhood","parent_id":"TR-44-004","endeksa_id":165405},"geometry":{"coordinates":[[[38.58999955500042,38.43150000200069],[38.59334418512759,38.44369876708305],[38.58782383586083,38.446173406806224],[38.582874556914874,38.448076975708375],[38.56783636313645,38.45150339913266],[38.560925229020086,38.45285860310105],[38.560793758000045,38.45275358900017],[38.5603564980056,38.45159167701985],[38.56378505700036,38.45064104800025],[38.56452097900029,38.45036998500029],[38.5664860290002,38.450347031000206],[38.56817600100021,38.449916039000584],[38.568850962000226,38.449240953000356],[38.569591023000214,38.44885599600053],[38.57053704700036,38.44887104800017],[38.571272968000244,38.4485959710006],[38.57349959500033,38.4481470270004],[38.57589955500032,38.44610000100067],[38.58129955500016,38.43880000200022],[38.58159955600024,38.43680000200044],[38.58159955600024,38.43420000100036],[38.58129955500016,38.433000002000256],[38.57849901104771,38.42830909017954],[38.57704000000024,38.42776000000066],[38.574040000000196,38.42826000000065],[38.569830000000366,38.43048000000101],[38.56739000000027,38.43158000000108],[38.5646100000003,38.43036000000052],[38.55892000000023,38.43156000000033],[38.555360000000405,38.42980000000034],[38.55535000000026,38.42927000000054],[38.55519000000038,38.42899000000011],[38.55490000000037,38.427650000000085],[38.5546300000002,38.427270000000306],[38.555080000000316,38.426230000000544],[38.55386000000027,38.425690000000316],[38.55401000000023,38.42552000000006],[38.55389000000025,38.425360000000865],[38.55436000000026,38.42535000000021],[38.554440000000284,38.42546000000061],[38.55541000000028,38.425360000000865],[38.55539852916547,38.42502536238902],[38.55260000000027,38.42515000000071],[38.549780000000396,38.42428000000052],[38.549390000000244,38.42290000000071],[38.54848000000027,38.421830000000284],[38.54775000000029,38.422130000000266],[38.547710000000336,38.421800000000644],[38.54836000000029,38.42114000000004],[38.54751000000033,38.42030000000017],[38.54695000000032,38.420190000000844],[38.5470500000003,38.41983000000039],[38.54659000000021,38.419410000000425],[38.5450900000003,38.41914000000065],[38.5441400000002,38.41915000000023],[38.54339000000033,38.418610000000854],[38.542200000000264,38.41743000000059],[38.54256000000021,38.41525000000013],[38.54213000000033,38.41511000000031],[38.54205621664346,38.414885253138436],[38.54283000000032,38.414450000000556],[38.54484000000036,38.413890000000436],[38.54693852138797,38.41362251828917],[38.54797000000036,38.41354000000058],[38.54950000000031,38.41363000000092],[38.557930000000226,38.41202000000021],[38.55980000000022,38.4113100000003],[38.561620000000346,38.41087000000027],[38.56282000000033,38.410110000000486],[38.56469000000038,38.40918000000079],[38.56807000000043,38.40781000000044],[38.56948412034478,38.406896713944775],[38.568921100000296,38.406228600000475],[38.56895330000032,38.405505500000686],[38.56932880000028,38.40442940000065],[38.56957550000027,38.40416870000024],[38.569898049183905,38.40413317627474],[38.5698600000004,38.403610000000526],[38.56963000000036,38.40334000000075],[38.57093000000026,38.40263000000044],[38.571500000000356,38.40250000000037],[38.571930000000236,38.40209000000107],[38.5728500000003,38.401940000000366],[38.57356000000027,38.40196000000043],[38.5741100000003,38.4022700000005],[38.575090000000216,38.4022700000005],[38.57579000000021,38.40236000000067],[38.57660000000027,38.40263000000044],[38.57702702445857,38.40258683381444],[38.577099556000405,38.40220000200043],[38.57769955600048,38.40130000200071],[38.57899955500028,38.40040000200031],[38.579652065544906,38.40035339410446],[38.5844900000003,38.39714000000026],[38.595110000000204,38.398190000000454],[38.59828000000033,38.396920000001046],[38.59986000000032,38.39740000000097],[38.600430000000415,38.39798000000064],[38.60070000000036,38.39756000000034],[38.60082000000034,38.39662000000055],[38.60041000000035,38.39596000000034],[38.600550000000396,38.39477000000079],[38.60054000000025,38.39343000000076],[38.600370000000225,38.39219000000065],[38.60114000000033,38.39202000000063],[38.60153000000031,38.3925100000003],[38.60247000000027,38.39295000000084],[38.60218000000026,38.39325000000025],[38.60352000000029,38.39343000000076],[38.603160000000344,38.39250000000055],[38.60435000000035,38.39207000000067],[38.603470000000414,38.39155000000028],[38.60378000000031,38.391290000000254],[38.60550000000029,38.391690000000494],[38.6061900000002,38.391500000000406],[38.60654000000022,38.39183000000071],[38.60667000000029,38.392090000000735],[38.607120000000236,38.392090000000735],[38.607615721171214,38.39369047120891],[38.60764865483537,38.39357953266364],[38.60778626927646,38.393535144615896],[38.609899432908264,38.39374210998096],[38.61002942550607,38.39384441471202],[38.60991643838565,38.39398736980263],[38.609021267450714,38.39408985672327],[38.61017000000038,38.39396000000056],[38.61072268103976,38.394068824061776],[38.61212000000023,38.39471000000026],[38.61271000000039,38.39464000000015],[38.615270000000294,38.39487000000054],[38.61645000000021,38.39610000000016],[38.61802000000023,38.395990000000324],[38.619210000000294,38.39650000000057],[38.61888000000033,38.39715000000035],[38.62034000000034,38.39740000000097],[38.620870000000366,38.39854000000025],[38.6216800000002,38.40093000000047],[38.62145000000038,38.40483000000057],[38.622270000000356,38.40486000000021],[38.62231000000031,38.40515000000005],[38.618240000000355,38.40744000000052],[38.61690000000033,38.40940000000069],[38.61607000000021,38.41115000000053],[38.60386000000034,38.41353000000032],[38.58756000000028,38.42492000000016],[38.58654494877305,38.42517548907824],[38.586698533966285,38.42585382400796],[38.58652368200018,38.42635993500005],[38.58647851800015,38.42679236399999],[38.58686591600002,38.427246955000044],[38.58754119304177,38.42783625098025],[38.588199556000234,38.4292000020003],[38.58999955500042,38.43150000200069]]],"type":"Polygon"}},{"type":"Feature","properties":{"area_id":"TR-44-004-165401","name_tr":"Meydancık","area_level":"neighbourhood","parent_id":"TR-44-004","endeksa_id":165401},"geometry":{"coordinates":[[[38.643799556000545,38.42660000200078],[38.63829955600062,38.42930000200073],[38.63766360300883,38.429511986025716],[38.638526062000324,38.42972205700022],[38.640202985011115,38.43093441295895],[38.63122520473422,38.434942350832614],[38.62323021574446,38.43932055895789],[38.60743059470502,38.440843413979735],[38.59772239375326,38.439130202017736],[38.58999955500059,38.43150000200086],[38.58819955600046,38.42920000200047],[38.587541193042,38.42783625098042],[38.58686591600025,38.427246955000214],[38.58647851800032,38.42679236400022],[38.58652368200035,38.42635993500022],[38.586698533966455,38.425853824008186],[38.58654494877322,38.42517548907841],[38.58756000000045,38.42492000000033],[38.60386000000051,38.41353000000049],[38.61607000000038,38.4111500000007],[38.6169000000005,38.40940000000086],[38.618240000000526,38.40744000000069],[38.62231000000048,38.40515000000022],[38.62730000000033,38.40504000000021],[38.63257000000027,38.40345000000025],[38.635440000000244,38.403830000000255],[38.63591000000025,38.404640000000484],[38.636270000000366,38.4047800000007],[38.6369100000004,38.40534000000031],[38.63739000000032,38.40562000000057],[38.63738000000035,38.40582000000023],[38.63796000000042,38.4061300000003],[38.63792000000029,38.40635000000026],[38.638100000000236,38.40647000000058],[38.6381200000003,38.40719000000047],[38.63848000000024,38.40743000000043],[38.638690000000224,38.407830000000274],[38.6393800000003,38.40807000000024],[38.6395100000002,38.40825000000024],[38.63915000000026,38.408350000000496],[38.63886000000025,38.40859000000046],[38.638780000000395,38.40883000000042],[38.63867000000033,38.40889000000044],[38.63871000000029,38.4091700000003],[38.63902000000036,38.4097400000004],[38.639090000000294,38.41065000000037],[38.639210000000276,38.41102000000046],[38.63898000000023,38.411200000000406],[38.638910000000294,38.41194000000053],[38.6391600000004,38.41245000000026],[38.63897000000031,38.412810000000206],[38.63930000000022,38.41325000000023],[38.64001000000036,38.41348000000022],[38.640140000000315,38.41414000000066],[38.64062000000041,38.414670000000456],[38.64066000000031,38.41492000000056],[38.64122000000032,38.415630000000306],[38.64205000000021,38.416440000000534],[38.64363000000037,38.41839000000044],[38.64446000000032,38.41996000000046],[38.64484000000033,38.42045000000053],[38.64529000000027,38.42078000000026],[38.64542000000034,38.4211100000004],[38.64539000000036,38.42146000000025],[38.64517000000029,38.42186000000032],[38.64496000000031,38.42204000000061],[38.64502000000027,38.422130000000266],[38.64525000000032,38.42217000000056],[38.6455500000003,38.42290000000071],[38.647450000000276,38.42428000000052],[38.647610000000384,38.42379000000045],[38.64813000000038,38.423720000000344],[38.648268877964654,38.423859379386954],[38.64837759576028,38.423846293318945],[38.643799556000545,38.42660000200078]]],"type":"Polygon"}},{"type":"Feature","properties":{"area_id":"TR-44-004-51878","name_tr":"Dolamantepe","area_level":"neighbourhood","parent_id":"TR-44-004","endeksa_id":51878},"geometry":{"coordinates":[[[38.38612913500822,38.433051415367515],[38.38620900000018,38.43353900000045],[38.38497520000004,38.437001500000235],[38.383033300000136,38.43597620000031],[38.38246460000016,38.43462320000009],[38.38365550000009,38.43353900000045],[38.38370920000011,38.43237930000009],[38.38326930000011,38.43233720000012],[38.383333700000094,38.43210190000002],[38.38255050000015,38.43205990000013],[38.38291520000013,38.43152200000054],[38.383226400000126,38.43155560000048],[38.38331220000009,38.43133710000052],[38.38196039999997,38.43121100000002],[38.38199260000016,38.430824400000006],[38.379771700000106,38.431891800000585],[38.37638140000007,38.43122779999999],[38.37594150000007,38.43094209999998],[38.37538360000008,38.431311900000026],[38.37422490000017,38.431110200000035],[38.37359190000018,38.43158920000042],[38.3730769,38.431782500000054],[38.37296960000003,38.43211869999999],[38.373162700000194,38.43255570000008],[38.373516800000175,38.433925600000464],[38.36882830000002,38.43368190000001],[38.368946300000005,38.43272380000013],[38.369364700000176,38.4314884000006],[38.369311100000175,38.430547100000524],[38.369557800000166,38.43039580000044],[38.369332499999985,38.43000920000043],[38.36954709999998,38.429883100000154],[38.36850929208964,38.427965985422134],[38.36942000000016,38.42760000000004],[38.369200000000035,38.42744000000033],[38.36914000000007,38.42707000000024],[38.369250000000136,38.4266700000004],[38.369070000000136,38.42646000000025],[38.36905000000007,38.42601000000013],[38.36906000000022,38.4259200000003],[38.36936000000014,38.425720000000126],[38.369600000000105,38.42514000000028],[38.369570000000124,38.424950000000365],[38.37011000000024,38.42481000000015],[38.3714300000002,38.42426000000012],[38.372020000000134,38.42493000000013],[38.371370000000184,38.427030000000116],[38.371370000000184,38.427800000000275],[38.37300000000005,38.426990000000046],[38.37349000000012,38.42812000000043],[38.3735200000001,38.42924000000005],[38.375880000000166,38.42945000000037],[38.37805000000009,38.42924000000005],[38.38188000000008,38.4294900000001],[38.38370000000003,38.43008000000009],[38.38428000000005,38.43122000000028],[38.38508000000019,38.43221000000062],[38.38528000000019,38.43262000000044],[38.38612913500822,38.433051415367515]]],"type":"Polygon"}},{"type":"Feature","properties":{"area_id":"TR-44-004-51882","name_tr":"Toptaş","area_level":"neighbourhood","parent_id":"TR-44-004","endeksa_id":51882},"geometry":{"coordinates":[[[38.3948992133532,38.436917147220186],[38.39236000000017,38.437560000000076],[38.39180000000022,38.43721000000011],[38.38938000000019,38.43476000000004],[38.38808000000006,38.434220000000664],[38.387040000000184,38.4341400000003],[38.38652000000013,38.43325000000016],[38.38528000000019,38.43262000000044],[38.38508000000019,38.43221000000062],[38.38428000000005,38.43122000000028],[38.38370000000003,38.43008000000009],[38.38188000000008,38.4294900000001],[38.37805000000009,38.42924000000005],[38.375880000000166,38.42945000000037],[38.3735200000001,38.42924000000005],[38.37349000000012,38.42812000000043],[38.37300000000005,38.426990000000046],[38.371370000000184,38.427800000000275],[38.371370000000184,38.427030000000116],[38.372020000000134,38.42493000000013],[38.3714300000002,38.42426000000012],[38.37011000000024,38.42481000000015],[38.369570000000124,38.424950000000365],[38.368450000000166,38.425080000000435],[38.368420000000185,38.42358000000013],[38.368670000000066,38.42135000000019],[38.36884000000009,38.420900000000074],[38.36884000000009,38.42033000000038],[38.369130000000155,38.41980000000018],[38.37018000000012,38.41997000000026],[38.370406820118546,38.41997624928274],[38.37051343758543,38.41989651582344],[38.371875300000056,38.419721200000424],[38.37196427932054,38.419794788801255],[38.37327000000022,38.41943000000049],[38.374490000000264,38.41927000000004],[38.374650000000145,38.419320000000084],[38.37467000000021,38.419940000000054],[38.37428000000011,38.42057000000034],[38.37357000000014,38.421110000000226],[38.37312000000003,38.422140000000184],[38.37299000000013,38.42277000000007],[38.37414000000007,38.4234100000001],[38.37713000000019,38.424550000000636],[38.378524664881525,38.425170746797164],[38.379730000000166,38.425790000000234],[38.382760000000076,38.426380000000165],[38.38344000000018,38.42659000000032],[38.384840000000054,38.42684000000003],[38.38722000000013,38.42691000000036],[38.388340000000085,38.42726000000033],[38.38924000000014,38.42794000000009],[38.39082000000013,38.428330000000074],[38.3933100000001,38.42940000000033],[38.39619000000016,38.42947000000004],[38.396540000000186,38.431180000000154],[38.396110000000135,38.43209000000013],[38.39638000000008,38.432580000000144],[38.39649000000014,38.433280000000366],[38.39641000000006,38.43396000000047],[38.39603000000005,38.435300000000495],[38.3948992133532,38.436917147220186]]],"type":"Polygon"}},{"type":"Feature","properties":{"area_id":"TR-44-004-165331","name_tr":"Hatunsuyu","area_level":"neighbourhood","parent_id":"TR-44-004","endeksa_id":165331},"geometry":{"coordinates":[[[38.32876680000004,38.416115000000104],[38.32947490000015,38.41666980000019],[38.32997920000014,38.417375900000025],[38.33031180000012,38.4181913000005],[38.33034400000014,38.4192505000002],[38.329635800000176,38.42229330000026],[38.32981820000015,38.42324320000034],[38.3303547000001,38.42409210000005],[38.33134170000005,38.42499990000039],[38.33224290000004,38.425453700000276],[38.334432600000184,38.425995000000114],[38.334077600000114,38.42719360000052],[38.33147050000008,38.42706750000002],[38.329635800000176,38.42791640000064],[38.32893849999999,38.42837870000017],[38.32764030000004,38.42885770000004],[38.327522300000055,38.42915190000019],[38.32385300000004,38.42950490000027],[38.32617040000014,38.430841199999975],[38.32657810000012,38.43124470000015],[38.3269107000001,38.43190020000003],[38.32806940000006,38.4336567000006],[38.32825910000008,38.4349668000001],[38.32715639999998,38.435266000000524],[38.325603600000136,38.43551690000032],[38.32455600000014,38.43652090000012],[38.32280600000013,38.43675690000009],[38.3223253000001,38.43712370000003],[38.32221440000018,38.437529100000006],[38.32231300000018,38.438591000000656],[38.32217750000018,38.4389192000001],[38.321117600000036,38.44041540000012],[38.31917040000002,38.440888400000176],[38.318722600000115,38.44074440000048],[38.31843910000009,38.44130430000013],[38.31537040000006,38.44325410000016],[38.31405120000011,38.44381280000016],[38.313302000000135,38.44440990000004],[38.30878969999998,38.44685010000012],[38.305689100000166,38.4479424000001],[38.30480930000016,38.448127300000124],[38.30352190000008,38.44742150000013],[38.30080750000019,38.4447158000001],[38.30015300000019,38.444295600000146],[38.29936980000008,38.44432080000013],[38.298543700000096,38.44343850000064],[38.29815740000009,38.4432705000001],[38.29666609999998,38.443194800000185],[38.29514260000008,38.44325370000013],[38.292717900000184,38.443909100000496],[38.292020500000035,38.4439595000004],[38.291087100000084,38.44441330000029],[38.29011710000009,38.444687300000226],[38.28972210000012,38.44430590000013],[38.29043020000006,38.44395300000008],[38.29060190000007,38.443600000000174],[38.28996880000011,38.44128080000013],[38.290054600000076,38.44064210000005],[38.291116800000054,38.438364800000045],[38.29120270000004,38.436398300000064],[38.29064480000005,38.43340640000014],[38.29040870000006,38.430750600000124],[38.285615400000154,38.431891800000585],[38.285022900000115,38.432347500000276],[38.28093770000015,38.43190020000003],[38.281227300000126,38.42991670000009],[38.28099130000015,38.4296478],[38.281034200000136,38.42921910000007],[38.28152770000014,38.42842910000007],[38.281763800000135,38.42824420000005],[38.28223340000005,38.42819560000015],[38.28253630000012,38.427924800000085],[38.284143100000165,38.42820400000028],[38.28572270000012,38.427924800000085],[38.28770510000004,38.425438700000086],[38.28856340000016,38.42263140000034],[38.28913450000016,38.421284700000115],[38.28967920000008,38.42047950000028],[38.290494600000045,38.418848800000035],[38.29278230000017,38.4100370000001],[38.292911000000174,38.40884320000009],[38.29338310000014,38.40825470000061],[38.29412090000011,38.40820620000051],[38.293958500000144,38.40624240000005],[38.29472170000008,38.40371660000011],[38.2989621000001,38.40070470000012],[38.303809100000194,38.39889040000014],[38.303693500000065,38.39824950000002],[38.30454217604273,38.39732020503908],[38.30472705800014,38.39873105900017],[38.304880897000146,38.39990502400008],[38.30598139799997,38.401689619000024],[38.307974197000135,38.40386087800016],[38.310376857000165,38.40591554200017],[38.31373189700008,38.408428253000125],[38.31617322400001,38.40997014400011],[38.31677284900019,38.4110266240001],[38.31965675500004,38.413682102999985],[38.321170093000035,38.414067576000036],[38.323597143000086,38.41461009300002],[38.325538783000184,38.41510977899998],[38.32696646000011,38.41566657300007],[38.32853260000019,38.41592420000018],[38.32876680000004,38.416115000000104]]],"type":"Polygon"}},{"type":"Feature","properties":{"area_id":"TR-44-004-165365","name_tr":"Ağılyazı","area_level":"neighbourhood","parent_id":"TR-44-004","endeksa_id":165365},"geometry":{"coordinates":[[[38.51268680394736,38.44963306982021],[38.508254659843374,38.45093232881203],[38.49778503113055,38.453597324975135],[38.48426969287402,38.45454910967629],[38.47438588103893,38.45606969525255],[38.47424245600013,38.450906363000286],[38.474181343998964,38.450567828003614],[38.47430002900035,38.45061094400029],[38.475176938000345,38.45045402600027],[38.47599702600036,38.44984002600023],[38.47701994100032,38.4496869970003],[38.4776869990003,38.44929802600052],[38.47929305700029,38.449213985000256],[38.48109805300027,38.44987401900033],[38.481703567000295,38.449887271000364],[38.48261830000018,38.4474383000001],[38.48236080000004,38.44671570000037],[38.482704100000035,38.445707300000095],[38.48336930000016,38.4452536],[38.484141800000145,38.44259820000002],[38.48360540000016,38.441909200000225],[38.48412030000014,38.44053100000008],[38.48233940000006,38.436127500000396],[38.47965720000013,38.431404300000395],[38.48210330000006,38.424041700000146],[38.48141670000024,38.42332720000053],[38.4838199000003,38.42340290000004],[38.48639490000022,38.42289850000077],[38.48706000000033,38.42306660000031],[38.491394500000354,38.4222429000007],[38.4922528000003,38.42183940000035],[38.495063800000196,38.422041200000706],[38.49641560000032,38.42180580000041],[38.497273900000266,38.421789000000445],[38.499398200000144,38.42136870000013],[38.50199460000022,38.42131830000022],[38.50334640000034,38.42067950000035],[38.505599500000244,38.419990200000655],[38.508067100000346,38.42002380000059],[38.509118500000284,38.42037680000084],[38.51001980000024,38.42029280000031],[38.513538800000276,38.41926730000034],[38.51413960000008,38.42141920000023],[38.51613520000012,38.423520499999995],[38.516607300000146,38.42436110000028],[38.516907700000104,38.4251680000001],[38.51695060000009,38.42587400000008],[38.51686480000012,38.42676490000008],[38.517100800000094,38.43293390000048],[38.5167575000001,38.43409370000052],[38.516907700000104,38.434379500000034],[38.51594210000013,38.43609390000046],[38.51613520000012,38.439421800000105],[38.51557730000019,38.4407159000001],[38.51439710000005,38.44182510000019],[38.51272340000014,38.44385870000008],[38.51229430000012,38.4447158000001],[38.51210120000013,38.44651400000038],[38.51184231500031,38.44662341700081],[38.51258682500065,38.446628849944716],[38.51268680394736,38.44963306982021]]],"type":"Polygon"}},{"type":"Feature","properties":{"area_id":"TR-44-004-165361","name_tr":"Adagören","area_level":"neighbourhood","parent_id":"TR-44-004","endeksa_id":165361},"geometry":{"coordinates":[[[38.47438588103893,38.45606969525255],[38.464662934029946,38.4570237488993],[38.463140079008156,38.46159231396507],[38.455716160839074,38.462544098666115],[38.453812591936696,38.46520909482956],[38.45057652495274,38.47091980103636],[38.44372367710429,38.47053908765605],[38.44036066504947,38.46596539087261],[38.441361702999416,38.461719821987344],[38.443557025000246,38.461585694000405],[38.44395803300023,38.46138698300058],[38.44463299400036,38.46082604200029],[38.44603697700029,38.460166008000215],[38.44715396800024,38.459270033000394],[38.44753202600026,38.458763028000305],[38.44715798200036,38.4566419380003],[38.447181061000265,38.45584104200009],[38.44770399600026,38.455448057000524],[38.45129304000022,38.45483004400046],[38.45211400600027,38.45415796800046],[38.45137394500023,38.45202596500053],[38.44924495300029,38.447643049000305],[38.449183992000314,38.447184964000655],[38.44948503400036,38.44690298800026],[38.450442974000225,38.44652104100015],[38.4519712080002,38.44673687600033],[38.45004560000001,38.44527039999997],[38.452352300000086,38.44227050000063],[38.45630050000011,38.44389230000053],[38.45844629999999,38.444514100000106],[38.461815100000024,38.445245200000045],[38.46322060000017,38.44537120000018],[38.46356390000017,38.44417800000036],[38.46360680000015,38.44254780000011],[38.463478100000145,38.44164030000036],[38.46176150000002,38.43870750000019],[38.46145030000008,38.4380099],[38.461428900000044,38.437438500000155],[38.46160050000003,38.4363376],[38.46118210000009,38.43379960000016],[38.46078510000007,38.432984400000066],[38.4599376000001,38.431891800000585],[38.460248700000136,38.431438000000185],[38.460549100000094,38.431236300000705],[38.460903200000075,38.43114379999997],[38.46270560000016,38.430908500000044],[38.464089600000136,38.43058910000008],[38.46548440000004,38.43079080000007],[38.467125900000156,38.43035379999998],[38.4683490000001,38.43025289999997],[38.469368200000076,38.42978230000011],[38.46976520000004,38.429462899999976],[38.46988320000003,38.42916870000016],[38.47055910000017,38.42860560000014],[38.471524700000145,38.42719360000052],[38.47206110000013,38.42680700000051],[38.47229720000013,38.42650440000034],[38.47226500000011,38.42585720000011],[38.47266200000013,38.425705900000025],[38.47229720000013,38.42228490000008],[38.48141670000024,38.42332720000053],[38.48210330000006,38.424041700000146],[38.47965720000013,38.431404300000395],[38.48233940000006,38.436127500000396],[38.48412030000014,38.44053100000008],[38.48360540000016,38.441909200000225],[38.484141800000145,38.44259820000002],[38.48336930000016,38.4452536],[38.482704100000035,38.445707300000095],[38.48236080000004,38.44671570000037],[38.48261830000018,38.4474383000001],[38.481703567000295,38.449887271000364],[38.48109805300027,38.44987401900033],[38.47929305700029,38.449213985000256],[38.4776869990003,38.44929802600052],[38.47701994100032,38.4496869970003],[38.47599702600036,38.44984002600023],[38.475176938000345,38.45045402600027],[38.47430002900035,38.45061094400029],[38.474181343998964,38.450567828003614],[38.47424245600013,38.450906363000286],[38.47438588103893,38.45606969525255]]],"type":"Polygon"}},{"type":"Feature","properties":{"area_id":"TR-44-004-165395","name_tr":"Kuluşağı","area_level":"neighbourhood","parent_id":"TR-44-004","endeksa_id":165395},"geometry":{"coordinates":[[[38.560925229020086,38.45285860310105],[38.55626202400043,38.45377301100052],[38.5540769630004,38.45379195100048],[38.5533440520004,38.45400594200066],[38.55253901600042,38.45399402600043],[38.55125005600053,38.453226996000694],[38.54753394700043,38.45321997200051],[38.546287007000444,38.453543968000474],[38.54518795400037,38.453692984000384],[38.5426440260004,38.453422046000526],[38.54024096000052,38.45349504900042],[38.53846637300052,38.45401939200053],[38.53285661300055,38.45208568800041],[38.53235605000043,38.45141196600048],[38.530409941000414,38.45051900100054],[38.529398943000444,38.45033197800046],[38.52852203300051,38.4503170520008],[38.527072016000375,38.45011899100052],[38.52635904800053,38.44959204300045],[38.52512302100047,38.44939799700052],[38.52336704000044,38.4495347990005],[38.521899556000506,38.44930000100044],[38.52069570600037,38.44930000100044],[38.52019496800051,38.448513059000504],[38.51948902500044,38.44763903500046],[38.51268680394736,38.44963306982021],[38.51258682500065,38.446628849944716],[38.51184231500031,38.44662341700081],[38.51210120000013,38.44651400000038],[38.51229430000012,38.4447158000001],[38.51272340000014,38.44385870000008],[38.51439710000005,38.44182510000019],[38.51557730000019,38.4407159000001],[38.51613520000012,38.439421800000105],[38.51594210000013,38.43609390000046],[38.516907700000104,38.434379500000034],[38.5167575000001,38.43409370000052],[38.517100800000094,38.43293390000048],[38.51686480000012,38.42676490000008],[38.51695060000009,38.42587400000008],[38.516907700000104,38.4251680000001],[38.516607300000146,38.42436110000028],[38.51613520000012,38.423520499999995],[38.51413960000008,38.42141920000023],[38.513538800000276,38.41926730000034],[38.51673600000032,38.41885540000072],[38.519482600000345,38.41779620000034],[38.521338700000285,38.41741800000045],[38.522057500000244,38.41709010000068],[38.52271200000024,38.41700610000083],[38.52336640000016,38.42179740000029],[38.52428910000032,38.42432740000015],[38.525147400000264,38.425378100000046],[38.52690700000022,38.429135100000394],[38.5293424000003,38.42708430000022],[38.53219630000035,38.42715160000006],[38.53338720000028,38.425294000000235],[38.5345566000002,38.422890100000245],[38.53707790000027,38.41587960000021],[38.539030500000194,38.4158544000004],[38.54142310000026,38.41516510000025],[38.54205621664346,38.414885253138436],[38.54213000000033,38.41511000000031],[38.54256000000021,38.41525000000013],[38.542200000000264,38.41743000000059],[38.54339000000033,38.418610000000854],[38.5441400000002,38.41915000000023],[38.5450900000003,38.41914000000065],[38.54659000000021,38.419410000000425],[38.5470500000003,38.41983000000039],[38.54695000000032,38.420190000000844],[38.54751000000033,38.42030000000017],[38.54836000000029,38.42114000000004],[38.547710000000336,38.421800000000644],[38.54775000000029,38.422130000000266],[38.54848000000027,38.421830000000284],[38.549390000000244,38.42290000000071],[38.549780000000396,38.42428000000052],[38.55260000000027,38.42515000000071],[38.55539852916547,38.42502536238902],[38.55541000000028,38.425360000000865],[38.554440000000284,38.42546000000061],[38.55436000000026,38.42535000000021],[38.55389000000025,38.425360000000865],[38.55401000000023,38.42552000000006],[38.55386000000027,38.425690000000316],[38.555080000000316,38.426230000000544],[38.5546300000002,38.427270000000306],[38.55490000000037,38.427650000000085],[38.55519000000038,38.42899000000011],[38.55535000000026,38.42927000000054],[38.555360000000405,38.42980000000034],[38.55892000000023,38.43156000000033],[38.5646100000003,38.43036000000052],[38.56739000000027,38.43158000000108],[38.569830000000366,38.43048000000101],[38.574040000000196,38.42826000000065],[38.57704000000024,38.42776000000066],[38.57849901104771,38.42830909017954],[38.58129955500016,38.433000002000256],[38.58159955600024,38.43420000100036],[38.58159955600024,38.43680000200044],[38.58129955500016,38.43880000200022],[38.57589955500032,38.44610000100067],[38.57349959500033,38.4481470270004],[38.571272968000244,38.4485959710006],[38.57053704700036,38.44887104800017],[38.569591023000214,38.44885599600053],[38.568850962000226,38.449240953000356],[38.56817600100021,38.449916039000584],[38.5664860290002,38.450347031000206],[38.56452097900029,38.45036998500029],[38.56378505700036,38.45064104800025],[38.5603564980056,38.45159167701985],[38.560793758000045,38.45275358900017],[38.560925229020086,38.45285860310105]]],"type":"Polygon"}},{"type":"Feature","properties":{"area_id":"TR-44-004-51883","name_tr":"Serintepe","area_level":"neighbourhood","parent_id":"TR-44-004","endeksa_id":51883},"geometry":{"coordinates":[[[38.374954500000115,38.45988150000045],[38.37016940000018,38.46215810000052],[38.36177940000016,38.46147769999999],[38.35664030000004,38.47162530000014],[38.35351820000017,38.47018050000065],[38.35505250000011,38.460788800000046],[38.35627550000004,38.455672400000026],[38.34902290000019,38.45677300000011],[38.34549310000017,38.45590760000027],[38.34693070000009,38.452454500000044],[38.34608320000012,38.45040430000006],[38.34187740000016,38.448438200000055],[38.33797220000014,38.44522840000059],[38.336845600000174,38.44385870000008],[38.33604100000008,38.4414218000004],[38.33508610000007,38.44146380000018],[38.33454970000014,38.44121170000005],[38.33376640000017,38.44025370000003],[38.33387370000014,38.43931250000031],[38.33357330000018,38.43644680000017],[38.33331580000015,38.43648050000047],[38.333230000000185,38.43600980000025],[38.332468300000016,38.43511900000044],[38.331395400000076,38.4347492000004],[38.32825910000008,38.4349668000001],[38.32806940000006,38.4336567000006],[38.3269107000001,38.43190020000003],[38.32657810000012,38.43124470000015],[38.32617040000014,38.430841199999975],[38.32385300000004,38.42950490000027],[38.327522300000055,38.42915190000019],[38.32764030000004,38.42885770000004],[38.32893849999999,38.42837870000017],[38.329635800000176,38.42791640000064],[38.33147050000008,38.42706750000002],[38.334077600000114,38.42719360000052],[38.334432600000184,38.425995000000114],[38.33930250000009,38.42703390000008],[38.339581500000065,38.426916200000164],[38.34070800000001,38.426840600000446],[38.34320780000007,38.42646230000008],[38.34612610000016,38.42584040000014],[38.34774610000005,38.425630200000114],[38.3510399000001,38.42534450000011],[38.35203770000004,38.42535290000012],[38.35208060000008,38.425159600000086],[38.35229510000005,38.425109099999986],[38.353078400000186,38.42531930000018],[38.35452670000012,38.42514270000015],[38.35582490000007,38.42485700000009],[38.35609320000009,38.424100500000065],[38.35641500000003,38.42351210000038],[38.35650090000007,38.4228229000002],[38.357616700000165,38.42283970000017],[38.35831119616495,38.42273847331944],[38.35846783485255,38.42285849157827],[38.358510000000194,38.42355000000032],[38.35880000000003,38.42469000000017],[38.35930000000019,38.42578000000009],[38.359990000000096,38.42662000000013],[38.360960000000034,38.42748000000006],[38.36146000000019,38.4289200000004],[38.3628300000002,38.42928000000012],[38.3630100000002,38.42913000000016],[38.3633200000001,38.42838000000063],[38.36351000000019,38.42838000000063],[38.36413000000016,38.42882000000009],[38.36476000000005,38.42905000000064],[38.36574000000013,38.42838000000063],[38.36668000000009,38.42809000000011],[38.36725000000018,38.427710000000616],[38.3674400000001,38.428230000000326],[38.36766000000017,38.42852000000016],[38.36850929208964,38.427965985422134],[38.36954709999998,38.429883100000154],[38.369332499999985,38.43000920000043],[38.369557800000166,38.43039580000044],[38.369311100000175,38.430547100000524],[38.369364700000176,38.4314884000006],[38.368946300000005,38.43272380000013],[38.36882830000002,38.43368190000001],[38.36837770000005,38.43366510000004],[38.36853860000002,38.43398450000018],[38.368656600000065,38.4352619],[38.36854930000004,38.43801840000003],[38.36873170000001,38.4396402000001],[38.36927890000004,38.441875500000094],[38.37208990000005,38.440884000000665],[38.37239030000006,38.44188390000011],[38.37311980000004,38.44239650000003],[38.369858299999976,38.44343850000064],[38.370115700000156,38.44469900000013],[38.37051270000012,38.445488800000135],[38.371177900000134,38.44664000000017],[38.37216500000005,38.44757270000008],[38.37266920000002,38.44859780000013],[38.37273360000006,38.44895070000001],[38.37256190000005,38.449471700000174],[38.37355969999999,38.45259730000015],[38.37367769999997,38.453563500000655],[38.37851640000014,38.45293340000006],[38.378441300000134,38.453731500000345],[38.37765810000019,38.453655900000115],[38.37530850000013,38.45677300000011],[38.375340700000095,38.45728550000024],[38.37469700000014,38.45792400000016],[38.374815000000126,38.458134000000086],[38.37519050000009,38.45817600000038],[38.37555530000009,38.458654900000056],[38.374621900000136,38.4590161000001],[38.374954500000115,38.45988150000045]]],"type":"Polygon"}},{"type":"Feature","properties":{"area_id":"TR-44-004-51877","name_tr":"Bahçelievler","area_level":"neighbourhood","parent_id":"TR-44-004","endeksa_id":51877},"geometry":{"coordinates":[[[38.38520050000005,38.45447090000005],[38.38459970000008,38.45435330000009],[38.38381650000008,38.45457170000009],[38.38270070000016,38.454546500000276],[38.38073730000002,38.45512620000028],[38.38008280000008,38.4560168000001],[38.37943910000013,38.45661330000007],[38.378473500000155,38.45691580000005],[38.376971500000025,38.45720140000003],[38.37598440000005,38.457764300000065],[38.374815000000126,38.458134000000086],[38.37469700000014,38.45792400000016],[38.375340700000095,38.45728550000024],[38.37530850000013,38.45677300000011],[38.37765810000019,38.453655900000115],[38.378441300000134,38.453731500000345],[38.37851640000014,38.45293340000006],[38.37367769999997,38.453563500000655],[38.37355969999999,38.45259730000015],[38.37256190000005,38.449471700000174],[38.37273360000006,38.44895070000001],[38.37266920000002,38.44859780000013],[38.37216500000005,38.44757270000008],[38.371177900000134,38.44664000000017],[38.37051270000012,38.445488800000135],[38.370115700000156,38.44469900000013],[38.369858299999976,38.44343850000064],[38.37311980000004,38.44239650000003],[38.37239030000006,38.44188390000011],[38.37208990000005,38.440884000000665],[38.36927890000004,38.441875500000094],[38.36873170000001,38.4396402000001],[38.36854930000004,38.43801840000003],[38.368656600000065,38.4352619],[38.36853860000002,38.43398450000018],[38.36837770000005,38.43366510000004],[38.36882830000002,38.43368190000001],[38.373516800000175,38.433925600000464],[38.373162700000194,38.43255570000008],[38.37296960000003,38.43211869999999],[38.3730769,38.431782500000054],[38.37359190000018,38.43158920000042],[38.37422490000017,38.431110200000035],[38.37538360000008,38.431311900000026],[38.37594150000007,38.43094209999998],[38.37638140000007,38.43122779999999],[38.379771700000106,38.431891800000585],[38.38199260000016,38.430824400000006],[38.38196039999997,38.43121100000002],[38.38331220000009,38.43133710000052],[38.383226400000126,38.43155560000048],[38.38291520000013,38.43152200000054],[38.38255050000015,38.43205990000013],[38.383333700000094,38.43210190000002],[38.38326930000011,38.43233720000012],[38.38370920000011,38.43237930000009],[38.38365550000009,38.43353900000045],[38.38246460000016,38.43462320000009],[38.383033300000136,38.43597620000031],[38.38497520000004,38.437001500000235],[38.38620900000018,38.43353900000045],[38.38612913500822,38.433051415367515],[38.38652000000013,38.43325000000016],[38.387040000000184,38.4341400000003],[38.38808000000006,38.434220000000664],[38.38938000000019,38.43476000000004],[38.39180000000022,38.43721000000011],[38.39236000000017,38.437560000000076],[38.3948992133532,38.436917147220186],[38.3956826000001,38.43724520000018],[38.396165400000086,38.43761500000005],[38.39786049999998,38.4382705000001],[38.40116500000005,38.44001000000014],[38.401411800000005,38.43958140000018],[38.4013903,38.43846370000006],[38.401250800000014,38.43795950000009],[38.402173500000174,38.43779150000023],[38.40277430000015,38.43827890000006],[38.402591900000175,38.43866540000005],[38.40246320000017,38.43985870000006],[38.40221640000016,38.44065710000018],[38.40442660000008,38.44178310000012],[38.40514540000004,38.4419764000001],[38.41126080000015,38.44160660000006],[38.412923800000044,38.44174110000017],[38.41346020000003,38.4424638000001],[38.41373920000018,38.44267380000025],[38.41411470000003,38.44272430000052],[38.41485500000016,38.44262340000034],[38.41544510000011,38.441875500000094],[38.41869590000016,38.441984800000114],[38.42048760000006,38.44164030000036],[38.420981200000085,38.4419008000001],[38.42261190000016,38.44232929999998],[38.4233200000001,38.441707500000234],[38.423534600000096,38.44298480000003],[38.42377070000009,38.44335450000011],[38.42481140000007,38.44422840000027],[38.42481140000007,38.44447210000004],[38.4243929000001,38.44485860000054],[38.42436070000008,38.445203200000094],[38.42406030000012,38.44576610000013],[38.42375990000011,38.44599300000061],[38.422966000000145,38.44624510000051],[38.423352200000124,38.44646360000047],[38.4216356,38.44766510000005],[38.421882400000186,38.44900110000009],[38.42183950000003,38.44942130000004],[38.421914600000036,38.44988340000009],[38.4216356,38.45095050000009],[38.4201336000001,38.452899800000125],[38.41688270000003,38.45490780000068],[38.41647500000005,38.4550590000004],[38.41545580000013,38.455185099999994],[38.41519830000016,38.4553111000003],[38.41546650000009,38.45646210000018],[38.414554600000145,38.455260700000395],[38.41352460000019,38.454840600000125],[38.41298820000003,38.454319700000156],[38.412569800000085,38.454412100000525],[38.408771700000045,38.452622500000246],[38.408610800000076,38.452698100000134],[38.40714100000014,38.452404000000286],[38.40664740000017,38.45207640000018],[38.405660400000045,38.45160580000032],[38.404963000000066,38.45107650000023],[38.404415800000095,38.45051360000019],[38.402302299999974,38.44986660000012],[38.39973810000009,38.44826170000039],[38.39880470000014,38.4507488000001],[38.39807509999997,38.45045470000014],[38.39677690000008,38.44951370000024],[38.39481350000011,38.44887510000069],[38.393998099999976,38.448362600000564],[38.392313700000045,38.44698450000004],[38.386488000000156,38.45016070000048],[38.38420270000006,38.44951370000024],[38.383140600000104,38.44980780000009],[38.384653300000025,38.45233680000041],[38.38497520000004,38.454118000000165],[38.38520050000005,38.45447090000005]]],"type":"Polygon"}},{"type":"Feature","properties":{"area_id":"TR-44-004-165391","name_tr":"Kemerköprü","area_level":"neighbourhood","parent_id":"TR-44-004","endeksa_id":165391},"geometry":{"coordinates":[[[38.34608320000012,38.45040430000006],[38.343819400000086,38.45127820000022],[38.34096550000004,38.451622700000144],[38.34041830000001,38.45580680000046],[38.336298500000055,38.46036870000012],[38.33321930000017,38.457999600000164],[38.32994700000012,38.46119199999998],[38.32817670000003,38.459301800000446],[38.32717890000009,38.459083300000486],[38.3264387000001,38.45929340000009],[38.322082700000124,38.4593438],[38.320108600000026,38.45403400000015],[38.319722400000046,38.452899800000125],[38.3193040000001,38.45119410000018],[38.318038000000115,38.44916919999997],[38.318177500000104,38.44662320000003],[38.313302000000135,38.44440990000004],[38.31405120000011,38.44381280000016],[38.31537040000006,38.44325410000016],[38.31843910000009,38.44130430000013],[38.318722600000115,38.44074440000048],[38.31917040000002,38.440888400000176],[38.321117600000036,38.44041540000012],[38.32217750000018,38.4389192000001],[38.32231300000018,38.438591000000656],[38.32221440000018,38.437529100000006],[38.3223253000001,38.43712370000003],[38.32280600000013,38.43675690000009],[38.32455600000014,38.43652090000012],[38.325603600000136,38.43551690000032],[38.32715639999998,38.435266000000524],[38.32825910000008,38.4349668000001],[38.331395400000076,38.4347492000004],[38.332468300000016,38.43511900000044],[38.333230000000185,38.43600980000025],[38.33331580000015,38.43648050000047],[38.33357330000018,38.43644680000017],[38.33387370000014,38.43931250000031],[38.33376640000017,38.44025370000003],[38.33454970000014,38.44121170000005],[38.33508610000007,38.44146380000018],[38.33604100000008,38.4414218000004],[38.336845600000174,38.44385870000008],[38.33797220000014,38.44522840000059],[38.34187740000016,38.448438200000055],[38.34608320000012,38.45040430000006]]],"type":"Polygon"}},{"type":"Feature","properties":{"area_id":"TR-44-004-165383","name_tr":"Çolakoğlu","area_level":"neighbourhood","parent_id":"TR-44-004","endeksa_id":165383},"geometry":{"coordinates":[[[38.438155456074924,38.47531804817845],[38.43347664900034,38.47727661900046],[38.42932256400013,38.47372051400009],[38.429050077000056,38.4736292780002],[38.4290142590001,38.473476304000144],[38.42899470500009,38.473149353],[38.42567932700001,38.468706899000324],[38.423065281065135,38.46602123910583],[38.42457519700031,38.465092235000554],[38.42311620000015,38.46358630000003],[38.421174300000075,38.462662200000125],[38.41690420000003,38.45903290000058],[38.41546650000009,38.45646210000018],[38.41519830000016,38.4553111000003],[38.41545580000013,38.455185099999994],[38.41647500000005,38.4550590000004],[38.41688270000003,38.45490780000068],[38.4201336000001,38.452899800000125],[38.4216356,38.45095050000009],[38.421914600000036,38.44988340000009],[38.42183950000003,38.44942130000004],[38.421882400000186,38.44900110000009],[38.4216356,38.44766510000005],[38.423352200000124,38.44646360000047],[38.422966000000145,38.44624510000051],[38.42375990000011,38.44599300000061],[38.42406030000012,38.44576610000013],[38.42436070000008,38.445203200000094],[38.4243929000001,38.44485860000054],[38.42481140000007,38.44447210000004],[38.42481140000007,38.44422840000027],[38.42377070000009,38.44335450000011],[38.423534600000096,38.44298480000003],[38.4233200000001,38.441707500000234],[38.42261190000016,38.44232929999998],[38.420981200000085,38.4419008000001],[38.42048760000006,38.44164030000036],[38.41869590000016,38.441984800000114],[38.41544510000011,38.441875500000094],[38.41485500000016,38.44262340000034],[38.41411470000003,38.44272430000052],[38.41373920000018,38.44267380000025],[38.41346020000003,38.4424638000001],[38.412923800000044,38.44174110000017],[38.41126080000015,38.44160660000006],[38.40514540000004,38.4419764000001],[38.40442660000008,38.44178310000012],[38.40221640000016,38.44065710000018],[38.40246320000017,38.43985870000006],[38.402591900000175,38.43866540000005],[38.40277430000015,38.43827890000006],[38.402173500000174,38.43779150000023],[38.401250800000014,38.43795950000009],[38.4013903,38.43846370000006],[38.401411800000005,38.43958140000018],[38.40116500000005,38.44001000000014],[38.39786049999998,38.4382705000001],[38.396165400000086,38.43761500000005],[38.3956826000001,38.43724520000018],[38.3948992133532,38.436917147220186],[38.39603000000005,38.435300000000495],[38.39641000000006,38.43396000000047],[38.39649000000014,38.433280000000366],[38.39638000000008,38.432580000000144],[38.396110000000135,38.43209000000013],[38.396540000000186,38.431180000000154],[38.39619000000016,38.42947000000004],[38.3933100000001,38.42940000000033],[38.39082000000013,38.428330000000074],[38.38924000000014,38.42794000000009],[38.388340000000085,38.42726000000033],[38.38722000000013,38.42691000000036],[38.384840000000054,38.42684000000003],[38.38344000000018,38.42659000000032],[38.382760000000076,38.426380000000165],[38.379730000000166,38.425790000000234],[38.378524664881525,38.425170746797164],[38.378454021990876,38.4250183147588],[38.3786325173383,38.424937245805836],[38.38083390000003,38.42543690000048],[38.391927500000065,38.42674810000011],[38.39946980000013,38.427941600000054],[38.40369700000008,38.42827780000016],[38.408010000000104,38.42887459999997],[38.40843460000008,38.4297727000004],[38.41086390000015,38.42999240000046],[38.41144320000012,38.429589000000476],[38.41324570000006,38.430042800000365],[38.4155416000001,38.42950490000027],[38.41893190000013,38.42972340000023],[38.4197473000001,38.4266305000001],[38.42348090000013,38.42612620000017],[38.432278600000075,38.41365200000007],[38.44673039999998,38.415955300000405],[38.447245300000134,38.417106900000476],[38.4481358000001,38.4172162000001],[38.44920870000004,38.41815770000005],[38.4518480000001,38.418056800000045],[38.45225570000008,38.418536000000415],[38.45484140000019,38.41914120000007],[38.461686400000076,38.420402100000274],[38.462737800000184,38.42072150000041],[38.465720400000066,38.42185620000015],[38.46682550000003,38.422015900000076],[38.46702930000015,38.42140230000007],[38.468574300000114,38.42096520000018],[38.48075150000028,38.421831000000225],[38.48069790000028,38.42261270000057],[38.48141670000024,38.42332720000053],[38.47229720000013,38.42228490000008],[38.47266200000013,38.425705900000025],[38.47226500000011,38.42585720000011],[38.47229720000013,38.42650440000034],[38.47206110000013,38.42680700000051],[38.471524700000145,38.42719360000052],[38.47055910000017,38.42860560000014],[38.46988320000003,38.42916870000016],[38.46976520000004,38.429462899999976],[38.469368200000076,38.42978230000011],[38.4683490000001,38.43025289999997],[38.467125900000156,38.43035379999998],[38.46548440000004,38.43079080000007],[38.464089600000136,38.43058910000008],[38.46270560000016,38.430908500000044],[38.460903200000075,38.43114379999997],[38.460549100000094,38.431236300000705],[38.460248700000136,38.431438000000185],[38.4599376000001,38.431891800000585],[38.46078510000007,38.432984400000066],[38.46118210000009,38.43379960000016],[38.46160050000003,38.4363376],[38.461428900000044,38.437438500000155],[38.46145030000008,38.4380099],[38.46176150000002,38.43870750000019],[38.463478100000145,38.44164030000036],[38.46360680000015,38.44254780000011],[38.46356390000017,38.44417800000036],[38.46322060000017,38.44537120000018],[38.461815100000024,38.445245200000045],[38.45844629999999,38.444514100000106],[38.45630050000011,38.44389230000053],[38.452352300000086,38.44227050000063],[38.45004560000001,38.44527039999997],[38.4519712080002,38.44673687600033],[38.450442974000225,38.44652104100015],[38.44948503400036,38.44690298800026],[38.449183992000314,38.447184964000655],[38.44924495300029,38.447643049000305],[38.45137394500023,38.45202596500053],[38.45211400600027,38.45415796800046],[38.45129304000022,38.45483004400046],[38.44770399600026,38.455448057000524],[38.447181061000265,38.45584104200009],[38.44715798200036,38.4566419380003],[38.44753202600026,38.458763028000305],[38.44715396800024,38.459270033000394],[38.44603697700029,38.460166008000215],[38.44463299400036,38.46082604200029],[38.44395803300023,38.46138698300058],[38.443557025000246,38.461585694000405],[38.441361702999416,38.461719821987344],[38.44036066504947,38.46596539087261],[38.43896475509848,38.464066953688075],[38.436870829756,38.467683734052514],[38.438184946779586,38.4751929730387],[38.438155456074924,38.47531804817845]]],"type":"Polygon"}},{"type":"Feature","properties":{"area_id":"TR-44-004-165387","name_tr":"Kadıçayırı","area_level":"neighbourhood","parent_id":"TR-44-004","endeksa_id":165387},"geometry":{"coordinates":[[[38.4290142590001,38.473476304000144],[38.42884743900015,38.47357015099999],[38.42381377200013,38.472104707000256],[38.41800896000018,38.47122515300032],[38.41233287902446,38.46938889407335],[38.41159955500035,38.46970000199997],[38.41059955600031,38.47030000200027],[38.40978508800026,38.47095157600069],[38.40938330000006,38.469399300000134],[38.40790270000008,38.467097700000124],[38.40758080000012,38.46531680000004],[38.40204480000017,38.465081600000474],[38.39590790000011,38.46311580000054],[38.396465800000044,38.46108280000004],[38.391573400000084,38.45941940000023],[38.388698100000056,38.45972180000001],[38.38520050000005,38.45447090000005],[38.38497520000004,38.454118000000165],[38.384653300000025,38.45233680000041],[38.383140600000104,38.44980780000009],[38.38420270000006,38.44951370000024],[38.386488000000156,38.45016070000048],[38.392313700000045,38.44698450000004],[38.393998099999976,38.448362600000564],[38.39481350000011,38.44887510000069],[38.39677690000008,38.44951370000024],[38.39807509999997,38.45045470000014],[38.39880470000014,38.4507488000001],[38.39973810000009,38.44826170000039],[38.402302299999974,38.44986660000012],[38.404415800000095,38.45051360000019],[38.404963000000066,38.45107650000023],[38.405660400000045,38.45160580000032],[38.40664740000017,38.45207640000018],[38.40714100000014,38.452404000000286],[38.408610800000076,38.452698100000134],[38.408771700000045,38.452622500000246],[38.412569800000085,38.454412100000525],[38.41298820000003,38.454319700000156],[38.41352460000019,38.454840600000125],[38.414554600000145,38.455260700000395],[38.41546650000009,38.45646210000018],[38.41690420000003,38.45903290000058],[38.421174300000075,38.462662200000125],[38.42311620000015,38.46358630000003],[38.42457519700031,38.465092235000554],[38.423065281065135,38.46602123910583],[38.42567932700001,38.468706899000324],[38.42899470500009,38.473149353],[38.4290142590001,38.473476304000144]]],"type":"Polygon"}},{"type":"Feature","properties":{"area_id":"TR-44-004-51876","name_tr":"Alacakapı","area_level":"neighbourhood","parent_id":"TR-44-004","endeksa_id":51876},"geometry":{"coordinates":[[[38.36850929208964,38.427965985422134],[38.36766000000017,38.42852000000016],[38.3674400000001,38.428230000000326],[38.36725000000018,38.427710000000616],[38.36668000000009,38.42809000000011],[38.36574000000013,38.42838000000063],[38.36476000000005,38.42905000000064],[38.36413000000016,38.42882000000009],[38.36351000000019,38.42838000000063],[38.3633200000001,38.42838000000063],[38.3630100000002,38.42913000000016],[38.3628300000002,38.42928000000012],[38.36146000000019,38.4289200000004],[38.360960000000034,38.42748000000006],[38.359990000000096,38.42662000000013],[38.35930000000019,38.42578000000009],[38.35880000000003,38.42469000000017],[38.358510000000194,38.42355000000032],[38.35846000000015,38.42273000000068],[38.35962000000018,38.422690000000216],[38.36017000000004,38.42258000000038],[38.36070000000018,38.422290000000146],[38.36142000000007,38.422070000000076],[38.36203000000012,38.422220000000266],[38.363000000000056,38.42265000000032],[38.36357000000015,38.42265000000032],[38.365700000000174,38.422250000000076],[38.365700000000174,38.42146000000008],[38.365390000000104,38.420060000000035],[38.36739000000006,38.42029000000059],[38.36804000000018,38.42029000000059],[38.36837000000014,38.42016000000035],[38.36853000000025,38.41967000000045],[38.369130000000155,38.41980000000018],[38.36884000000009,38.42033000000038],[38.36884000000009,38.420900000000074],[38.368670000000066,38.42135000000019],[38.368420000000185,38.42358000000013],[38.368450000000166,38.425080000000435],[38.369570000000124,38.424950000000365],[38.369600000000105,38.42514000000028],[38.36936000000014,38.425720000000126],[38.36906000000022,38.4259200000003],[38.36905000000007,38.42601000000013],[38.369070000000136,38.42646000000025],[38.369250000000136,38.4266700000004],[38.36914000000007,38.42707000000024],[38.369200000000035,38.42744000000033],[38.36942000000016,38.42760000000004],[38.36850929208964,38.427965985422134]]],"type":"Polygon"}},{"type":"Feature","properties":{"area_id":"TR-44-004-165409","name_tr":"Toygar","area_level":"neighbourhood","parent_id":"TR-44-004","endeksa_id":165409},"geometry":{"coordinates":[[[38.43347664900034,38.47727661900046],[38.430017981907554,38.47872443308597],[38.42583013072243,38.47910514696645],[38.42640120104306,38.4819605000701],[38.42221334985794,38.49109763070123],[38.411553364704844,38.49185905796202],[38.40222587713356,38.487671206776724],[38.398989810649596,38.486148351755105],[38.39327910394246,38.48215085701008],[38.39327910396162,38.486431633000166],[38.392505569000036,38.48492543500021],[38.38635906303347,38.47493299102433],[38.38658721900026,38.47461708300028],[38.38473910000005,38.47238970000012],[38.38118790000004,38.47105410000046],[38.379921900000056,38.47122210000015],[38.37859150000014,38.47083570000018],[38.378098000000136,38.469063300000585],[38.37552310000012,38.4652832000001],[38.37580200000008,38.46256140000014],[38.374954500000115,38.45988150000045],[38.374621900000136,38.4590161000001],[38.37555530000009,38.458654900000056],[38.37519050000009,38.45817600000038],[38.374815000000126,38.458134000000086],[38.37598440000005,38.457764300000065],[38.376971500000025,38.45720140000003],[38.378473500000155,38.45691580000005],[38.37943910000013,38.45661330000007],[38.38008280000008,38.4560168000001],[38.38073730000002,38.45512620000028],[38.38270070000016,38.454546500000276],[38.38381650000008,38.45457170000009],[38.38459970000008,38.45435330000009],[38.38520050000005,38.45447090000005],[38.388698100000056,38.45972180000001],[38.391573400000084,38.45941940000023],[38.396465800000044,38.46108280000004],[38.39590790000011,38.46311580000054],[38.40204480000017,38.465081600000474],[38.40758080000012,38.46531680000004],[38.40790270000008,38.467097700000124],[38.40938330000006,38.469399300000134],[38.40978508800026,38.47095157600069],[38.41059955600031,38.47030000200027],[38.41159955500035,38.46970000199997],[38.41233287902446,38.46938889407335],[38.41800896000018,38.47122515300032],[38.42381377200013,38.472104707000256],[38.42884743900015,38.47357015099999],[38.4290142590001,38.473476304000144],[38.429050077000056,38.4736292780002],[38.42932256400013,38.47372051400009],[38.43347664900034,38.47727661900046]]],"type":"Polygon"}},{"type":"Feature","properties":{"area_id":"TR-44-004-165369","name_tr":"Alişar","area_level":"neighbourhood","parent_id":"TR-44-004","endeksa_id":165369},"geometry":{"coordinates":[[[38.31734185500784,38.48060321798357],[38.31656528102866,38.48024728810793],[38.30777920805406,38.48389445796937],[38.3022686230002,38.48315413100022],[38.295151183000314,38.48126146500027],[38.293291817000295,38.479779838000525],[38.29389955500034,38.479400002000204],[38.296199555000214,38.47830000200031],[38.298457822000444,38.47793867800044],[38.29854120000027,38.477649500000325],[38.294893400000205,38.47477700000064],[38.29385520000028,38.47435520000056],[38.29221120000034,38.4738363000003],[38.289778200000285,38.47163370000027],[38.289789000000326,38.472003300000324],[38.289585100000295,38.4724401000002],[38.288370200000315,38.47344990000062],[38.28770500000036,38.473298700000214],[38.28458550000033,38.470054500000344],[38.28302730000024,38.469115600000464],[38.28139650000031,38.46698190000035],[38.28074450000014,38.46664410000028],[38.28061580000036,38.46595520000045],[38.27982190000023,38.46531680000021],[38.27754730000032,38.46409030000069],[38.279542900000024,38.46084760000008],[38.28520770000017,38.459671400000104],[38.28441379999998,38.45831040000013],[38.284306500000184,38.45740310000019],[38.286160100000075,38.456379900000115],[38.28562370000009,38.45530460000015],[38.28654640000008,38.455388600000674],[38.28821999999997,38.453641000000175],[38.290365800000075,38.45471640000011],[38.290687700000035,38.45086830000008],[38.29040880000008,38.44621330000018],[38.29011710000009,38.444687300000226],[38.291087100000084,38.44441330000029],[38.292020500000035,38.4439595000004],[38.292717900000184,38.443909100000496],[38.29514260000008,38.44325370000013],[38.29666609999998,38.443194800000185],[38.29815740000009,38.4432705000001],[38.298543700000096,38.44343850000064],[38.29936980000008,38.44432080000013],[38.30015300000019,38.444295600000146],[38.30080750000019,38.4447158000001],[38.30352190000008,38.44742150000013],[38.30480930000016,38.448127300000124],[38.305689100000166,38.4479424000001],[38.30878969999998,38.44685010000012],[38.313302000000135,38.44440990000004],[38.318177500000104,38.44662320000003],[38.318038000000115,38.44916919999997],[38.3193040000001,38.45119410000018],[38.319722400000046,38.452899800000125],[38.320108600000026,38.45403400000015],[38.322082700000124,38.4593438],[38.32258700000011,38.461049200000105],[38.32258700000011,38.46138530000053],[38.322308000000135,38.46150290000031],[38.32198620000014,38.461469300000374],[38.32293030000011,38.463687100000016],[38.32290890000007,38.46414070000043],[38.32177160000015,38.46481280000012],[38.32082750000018,38.464527100000055],[38.32123520000016,38.46513200000038],[38.31758740000015,38.467920900000024],[38.3182096000001,38.470188900000096],[38.320665897000254,38.47489596300045],[38.31977598601037,38.474789173914246],[38.31751752100013,38.479230087000246],[38.31734185500784,38.48060321798357]]],"type":"Polygon"}},{"type":"Feature","properties":{"area_id":"TR-44-004-165313","name_tr":"Hasırcılar","area_level":"neighbourhood","parent_id":"TR-44-004","endeksa_id":165313},"geometry":{"coordinates":[[[38.35351820000017,38.47018050000065],[38.35344310000016,38.47401920000016],[38.35616820000007,38.474052800000095],[38.356940699999996,38.473599200000365],[38.359172300000125,38.477513300000055],[38.35869433800036,38.482287623000616],[38.35909132999927,38.482334328008164],[38.35920279900006,38.483707325000125],[38.359148924000124,38.48503832600022],[38.35652972097944,38.494113145072276],[38.35463665707539,38.49357226992436],[38.34759345278678,38.49147834408171],[38.34188274607982,38.48729049289676],[38.33712382407401,38.485767637874744],[38.328582139984576,38.48603955814525],[38.32265670111627,38.48177014312995],[38.321133846094256,38.48234121395063],[38.31734185500784,38.48060321798357],[38.31751752100013,38.479230087000246],[38.31977598601037,38.474789173914246],[38.320665897000254,38.47489596300045],[38.3182096000001,38.470188900000096],[38.31758740000015,38.467920900000024],[38.32123520000016,38.46513200000038],[38.32082750000018,38.464527100000055],[38.32177160000015,38.46481280000012],[38.32290890000007,38.46414070000043],[38.32293030000011,38.463687100000016],[38.32198620000014,38.461469300000374],[38.322308000000135,38.46150290000031],[38.32258700000011,38.46138530000053],[38.32258700000011,38.461049200000105],[38.322082700000124,38.4593438],[38.3264387000001,38.45929340000009],[38.32717890000009,38.459083300000486],[38.32817670000003,38.459301800000446],[38.32994700000012,38.46119199999998],[38.33321930000017,38.457999600000164],[38.336298500000055,38.46036870000012],[38.34041830000001,38.45580680000046],[38.34096550000004,38.451622700000144],[38.343819400000086,38.45127820000022],[38.34608320000012,38.45040430000006],[38.34693070000009,38.452454500000044],[38.34549310000017,38.45590760000027],[38.34902290000019,38.45677300000011],[38.35627550000004,38.455672400000026],[38.35505250000011,38.460788800000046],[38.35351820000017,38.47018050000065]]],"type":"Polygon"}},{"type":"Feature","properties":{"area_id":"TR-44-004-165379","name_tr":"Boran","area_level":"neighbourhood","parent_id":"TR-44-004","endeksa_id":165379},"geometry":{"coordinates":[[[38.39327910396162,38.486431633000166],[38.39327910394246,38.48881334791838],[38.390614107779356,38.4924301287827],[38.38242876184921,38.49414334074504],[38.37224690810541,38.4968210810606],[38.36396414464684,38.49623726608752],[38.35652972097944,38.494113145072276],[38.359148924000124,38.48503832600022],[38.35920279900006,38.483707325000125],[38.35909132999927,38.482334328008164],[38.35869433800036,38.482287623000616],[38.359172300000125,38.477513300000055],[38.356940699999996,38.473599200000365],[38.35616820000007,38.474052800000095],[38.35344310000016,38.47401920000016],[38.35351820000017,38.47018050000065],[38.35664030000004,38.47162530000014],[38.36177940000016,38.46147769999999],[38.37016940000018,38.46215810000052],[38.374954500000115,38.45988150000045],[38.37580200000008,38.46256140000014],[38.37552310000012,38.4652832000001],[38.378098000000136,38.469063300000585],[38.37859150000014,38.47083570000018],[38.379921900000056,38.47122210000015],[38.38118790000004,38.47105410000046],[38.38473910000005,38.47238970000012],[38.38658721900026,38.47461708300028],[38.38635906303347,38.47493299102433],[38.392505569000036,38.48492543500021],[38.39327910396162,38.486431633000166]]],"type":"Polygon"}},{"type":"Feature","properties":{"area_id":"TR-44-004-0","name_tr":"Karakaya Barajı","area_level":"neighbourhood","parent_id":"TR-44-004","endeksa_id":0},"geometry":{"coordinates":[[[38.40011887700132,38.49947625000112],[38.40005475900119,38.499294876001045],[38.399860790001185,38.49933122600157],[38.39799950600121,38.49565653300101],[38.397830027001135,38.49560250000161],[38.394896052001116,38.49610344100137],[38.38999961900106,38.497321571001294],[38.389205061001235,38.49731156700153],[38.38759418800106,38.496388351001315],[38.3784530030012,38.49578801600114],[38.37224690810564,38.49682108106077],[38.38242876184938,38.49414334074521],[38.39061410777953,38.49243012878287],[38.39327910394263,38.48881334791861],[38.39327910394263,38.482150857010254],[38.39898981064982,38.486148351755276],[38.40222587713373,38.487671206776895],[38.411553364705014,38.491859057962245],[38.42221334985811,38.491097630701404],[38.426401201043234,38.48196050007027],[38.4258301307226,38.47910514696662],[38.430017981907724,38.47872443308614],[38.438155456075094,38.47531804817868],[38.43818494677976,38.47519297303887],[38.436870829756174,38.46768373405274],[38.43896475509865,38.464066953688246],[38.44372367710446,38.47053908765622],[38.45057652495291,38.47091980103653],[38.453812591936924,38.46520909482973],[38.455716160839245,38.462544098666285],[38.463140079008326,38.46159231396524],[38.46466293403017,38.45702374889947],[38.47437113498211,38.45607196469848],[38.48426969287419,38.45454910967652],[38.497785031130775,38.453597324975306],[38.508254659843544,38.4509323288122],[38.51948902500061,38.447639035000634],[38.52019496800068,38.448513059000675],[38.52069570600054,38.44930000100061],[38.521899556000676,38.44930000100061],[38.52336704000061,38.44953479900067],[38.52512302100064,38.44939799700069],[38.5263590480007,38.44959204300062],[38.527072016000545,38.45011899100069],[38.528522033000684,38.45031705200097],[38.529398943000615,38.450331978000634],[38.530409941000585,38.450519001000714],[38.5323560500006,38.45141196600065],[38.53285661300072,38.45208568800058],[38.53846637300069,38.4540193920007],[38.54024096000069,38.453495049000594],[38.54264402600057,38.453422046000696],[38.545187954000596,38.453692984000554],[38.54628700700067,38.453543968000645],[38.5475339470006,38.45321997200068],[38.5512500560007,38.453226996000865],[38.552539016000594,38.4539940260006],[38.55334405200057,38.45400594200083],[38.55407696300057,38.45379195100065],[38.5562620240006,38.45377301100069],[38.56783636313662,38.45150339913283],[38.582874556915044,38.448076975708545],[38.587823835861,38.446173406806395],[38.59334418512776,38.44369876708322],[38.58999955500059,38.43150000200086],[38.59772239375326,38.439130202017736],[38.60743059470502,38.440843413979735],[38.62323021574446,38.43932055895789],[38.63122520473422,38.434942350832614],[38.640202985011115,38.43093441295895],[38.64590633800117,38.43505773500152],[38.648626689001105,38.43848511700088],[38.64857132900113,38.43862898500123],[38.64840710200093,38.43873005500126],[38.64243151800105,38.44022673000137],[38.62686615300095,38.44301719300125],[38.61733931400096,38.44564729800152],[38.596098213001085,38.45026476100156],[38.59593980800105,38.45018253500098],[38.59584778800104,38.4503155520012],[38.58895450000091,38.45159115200107],[38.588563430001045,38.45193652100147],[38.587854035001044,38.451995382001314],[38.56890609600106,38.459057605001135],[38.568850442001064,38.459212095001305],[38.568476648001024,38.459158881001485],[38.568379844001015,38.45905911100107],[38.56831480000096,38.45919079600105],[38.557173951001005,38.462964871001304],[38.55711402000094,38.46310454200119],[38.55694543000101,38.46303609600125],[38.539671593000946,38.467814129001056],[38.52831619400098,38.46883440300144],[38.51117503000097,38.46885521300106],[38.511048535000896,38.46875576900101],[38.510901812000895,38.46886324600092],[38.50738318900102,38.4690422940015],[38.478059192000956,38.473862486001224],[38.47486487500089,38.47468201600134],[38.47471055000102,38.47461573900108],[38.474698818000945,38.474734855001145],[38.460762966000914,38.47891598900111],[38.460229032000996,38.47922744900143],[38.45979180200101,38.47963534400134],[38.45979286300104,38.47998012300121],[38.45970748500088,38.4798914690013],[38.459570784001016,38.479921225001135],[38.447434231000955,38.49117923700146],[38.444186013000945,38.4946116030012],[38.44390559400091,38.495046354001204],[38.4440405200009,38.49550409000142],[38.443559558001084,38.495457500001294],[38.44174833500102,38.497176424001054],[38.44157182300103,38.497232255001165],[38.441505117000986,38.49710079000158],[38.437819088000936,38.495941536001055],[38.42544471200097,38.49400005900105],[38.41393380400103,38.4964408880013],[38.40552354100106,38.49706352600134],[38.400697498000966,38.4981912700012],[38.40011887700132,38.49947625000112]]],"type":"Polygon"}},{"type":"Feature","properties":{"area_id":"TR-44-004-104521","name_tr":"Kıraç","area_level":"neighbourhood","parent_id":"TR-44-004","endeksa_id":104521},"geometry":{"coordinates":[[[38.32588311382625,38.397481814182925],[38.326309900000126,38.39788800000014],[38.328294700000015,38.39858590000017],[38.328841899999986,38.39903150000009],[38.328884800000026,38.40021700000028],[38.32768320000008,38.400856100000226],[38.32769989989521,38.40168740500229],[38.32781190000003,38.4072627000001],[38.328831200000025,38.407657800000436],[38.33325150000019,38.407691500000055],[38.333240699999976,38.40797730000003],[38.333390900000154,38.40832200000017],[38.33298320000017,38.40933920000009],[38.332843800000035,38.40957460000004],[38.33237170000001,38.40962510000031],[38.332307300000025,38.40980159999998],[38.33236100000005,38.40994460000013],[38.332876,38.410322900000324],[38.33298320000017,38.41060870000052],[38.333058300000175,38.411222400000156],[38.333032320961365,38.411356309992584],[38.33277939999999,38.412660000000244],[38.333004700000174,38.41335770000006],[38.33294420599145,38.41335943870081],[38.33314990000014,38.41372170000017],[38.333379400000126,38.41470680000015],[38.33339840000008,38.41575620000009],[38.33396490000007,38.416267800000185],[38.333531100000016,38.41726610000018],[38.332931900000005,38.41797190000011],[38.33229340000014,38.41876040000017],[38.331442800000104,38.42038570000017],[38.331891200000086,38.421458900000175],[38.33278325000015,38.42303084700012],[38.33385400800012,38.4241610900001],[38.334432600000184,38.425995000000114],[38.33224290000004,38.425453700000276],[38.33134170000005,38.42499990000039],[38.3303547000001,38.42409210000005],[38.32981820000015,38.42324320000034],[38.329635800000176,38.42229330000026],[38.33034400000014,38.4192505000002],[38.33031180000012,38.4181913000005],[38.32997920000014,38.417375900000025],[38.32947490000015,38.41666980000019],[38.32876680000004,38.416115000000104],[38.32853260000019,38.41592420000018],[38.32696646000011,38.41566657300007],[38.325538783000184,38.41510977899998],[38.323597143000086,38.41461009300002],[38.321170093000035,38.414067576000036],[38.31965675500004,38.413682102999985],[38.31677284900019,38.4110266240001],[38.31617322400001,38.40997014400011],[38.31373189700008,38.408428253000125],[38.310376857000165,38.40591554200017],[38.307974197000135,38.40386087800016],[38.30598139799997,38.401689619000024],[38.304880897000146,38.39990502400008],[38.30472705800014,38.39873105900017],[38.30454217604273,38.39732020503908],[38.304882000000134,38.39694810000003],[38.30525990000018,38.39692940000003],[38.305765600000086,38.397250800000165],[38.30637210000015,38.3970085000002],[38.30651520000009,38.396744400000046],[38.30680490000009,38.39648380000011],[38.30739500000004,38.396248300000025],[38.307564100000036,38.39580570000015],[38.30778120000002,38.3955084000001],[38.30825960000004,38.39513110000047],[38.30871460000003,38.39494500000035],[38.31003200000009,38.394690600000104],[38.312157700000114,38.39385040000019],[38.31974430000008,38.39461860000034],[38.32071630000007,38.39364710000007],[38.32108499999998,38.39423020000004],[38.32159990000014,38.39471790000039],[38.3223402000001,38.39512160000004],[38.32290890000007,38.395256100000154],[38.32369210000007,38.39564290000004],[38.32387036220189,38.395758702602166],[38.32450750000004,38.39617260000017],[38.32588311382625,38.397481814182925]]],"type":"Polygon"}}]}