{"type":"FeatureCollection","source_id":"endeksa","retrieved_at":null,"features":[{"type":"Feature","properties":{"area_id":"TR-49-004-2024895","name_tr":"Mağalcık Köyü","area_level":"neighbourhood","parent_id":"TR-49-004","endeksa_id":2024895},"geometry":{"coordinates":[[[42.592028765818384,38.92286699504274],[42.592422966000015,38.92304442000017],[42.59227694600003,38.923069934000466],[42.59226243500018,38.92318479800019],[42.59394841100004,38.925209024000026],[42.59014785000011,38.929179097000656],[42.590694759000144,38.93031742300019],[42.57831158900012,38.92760674100009],[42.57432202799998,38.92917491100013],[42.573839306000025,38.93357778100045],[42.56533711700007,38.931964297000036],[42.565213604000064,38.93200244900049],[42.56480695000016,38.93250878200001],[42.56460354400002,38.932466963000024],[42.56420513600011,38.931562724000116],[42.56394798100007,38.93151542600043],[42.563986047000185,38.93131010900004],[42.563465067000095,38.93116605100039],[42.56345466900012,38.93126875300004],[42.562555441734105,38.931157703251586],[42.56280000000021,38.93082000000027],[42.56276000000008,38.930670000000646],[42.563620000000185,38.930140000000165],[42.565100000000086,38.93020000000013],[42.56571000000014,38.92925000000042],[42.56716000000017,38.92828000000043],[42.56790000000012,38.92797000000036],[42.56837000000013,38.92756000000054],[42.568420000000174,38.925560000000075],[42.56829000000005,38.925410000000284],[42.568320000000085,38.92397000000051],[42.56692000000004,38.92235000000005],[42.56756000000007,38.92140000000035],[42.57017000000019,38.920880000000125],[42.57073000000014,38.918930000000046],[42.570640000000196,38.91529000000014],[42.57027000000011,38.914160000000265],[42.57141000000013,38.91411000000039],[42.571480000000236,38.91393000000028],[42.571420000000046,38.91352000000006],[42.571050000000184,38.9135000000004],[42.57095000000004,38.91340000000008],[42.57082000000014,38.91344000000038],[42.57063000000005,38.91327000000052],[42.57085000000012,38.91282000000024],[42.570460000000196,38.912550000000124],[42.57132000000013,38.91252000000031],[42.571390000000065,38.912330000000225],[42.571330000000046,38.911930000000496],[42.57061000000016,38.91177000000005],[42.570550000000196,38.9115900000001],[42.57076000000018,38.91123000000016],[42.57153000000011,38.91130000000027],[42.571820000000116,38.910870000000216],[42.57188000000008,38.91062000000011],[42.57212000000004,38.91034000000042],[42.57264000000009,38.91073000000017],[42.57282000000009,38.91074000000009],[42.57307000000014,38.910910000000115],[42.57559000000009,38.90952000000004],[42.575910000000135,38.90965000000017],[42.57600000000008,38.90955000000042],[42.58091000000013,38.90835000000004],[42.582790000000045,38.907590000000255],[42.584900000000175,38.906910000000096],[42.585950000000196,38.907100000000185],[42.58647000000008,38.90767000000045],[42.5874300000001,38.910260000000164],[42.58714000000009,38.91032000000018],[42.58726000000007,38.91290000000009],[42.58777000000015,38.91399000000041],[42.58875000000006,38.91490000000039],[42.5882900000002,38.9160100000002],[42.587400000000116,38.91730000000018],[42.5873400000001,38.91830000000033],[42.59117000000009,38.917230000000075],[42.59138000000007,38.917190000000176],[42.59151000000014,38.917280000000346],[42.5914600000001,38.91744000000023],[42.591910256083224,38.92220483731643],[42.59195892416682,38.922789238742496],[42.592028765818384,38.92286699504274]]],"type":"Polygon"}},{"type":"Feature","properties":{"area_id":"TR-49-004-2024889","name_tr":"Akören Köyü","area_level":"neighbourhood","parent_id":"TR-49-004","endeksa_id":2024889},"geometry":{"coordinates":[[[42.56979333854758,38.97517142633694],[42.56973000000022,38.975330000000326],[42.56957000000011,38.97541000000052],[42.56921000000017,38.97536000000014],[42.568630000000155,38.975430000000074],[42.56606000000011,38.976420000000246],[42.56521000000015,38.97708000000017],[42.564760000000035,38.97724000000005],[42.564980000000105,38.977870000000166],[42.56367000000006,38.9784200000002],[42.56274000000025,38.97833000000054],[42.56243000000018,38.97874000000036],[42.56221000000005,38.9792800000003],[42.561300000000074,38.98003000000051],[42.55951000000016,38.98043000000024],[42.55912000000018,38.98087000000038],[42.558220000000176,38.9814600000002],[42.557300000000055,38.981650000000286],[42.55421000000018,38.98180000000059],[42.55413000000016,38.98127000000011],[42.552750000000174,38.98158000000018],[42.552530000000104,38.98171000000025],[42.552780000000155,38.982180000000085],[42.551470000000165,38.98264000000046],[42.55102000000005,38.98207000000019],[42.5502800000001,38.981410000000324],[42.54991000000024,38.98083000000008],[42.54678000000007,38.98227000000003],[42.546330000000125,38.98170000000016],[42.54582000000022,38.98180000000059],[42.545460000000105,38.981000000000336],[42.5448100000001,38.981440000000134],[42.5442900000001,38.981650000000286],[42.543510000000026,38.98233000000039],[42.5420400000001,38.98320000000007],[42.542340000000195,38.98381000000063],[42.542738494104924,38.98542972936673],[42.54234670800008,38.98534482500003],[42.53934380400011,38.97959719500017],[42.54111654600007,38.978860391000126],[42.54117971600016,38.97876810700046],[42.53837220100007,38.96758133499998],[42.54163881200009,38.96545830100018],[42.54699906400003,38.96643722200008],[42.55105357100007,38.96467134400018],[42.55111672800007,38.96457905900013],[42.545281921000026,38.95549413700019],[42.544391114999996,38.95470758200054],[42.53890165300004,38.94926252100004],[42.54389315000009,38.93734525400015],[42.54860035200005,38.9351730190001],[42.55111891000007,38.93010293600008],[42.55104408100016,38.92997618800007],[42.5511967920001,38.92993927100014],[42.55158548003794,38.929241626046064],[42.55359000000004,38.92973000000035],[42.55660000000006,38.930270000000235],[42.56195000000025,38.93198000000035],[42.562690000000146,38.931410000000085],[42.562555441734105,38.931157703251586],[42.56345466900012,38.93126875300004],[42.563465067000095,38.93116605100039],[42.563986047000185,38.93131010900004],[42.56394798100007,38.93151542600043],[42.56420513600011,38.931562724000116],[42.56469064000015,38.93266464100003],[42.562592228000085,38.93538724399997],[42.5649006000001,38.93649645700003],[42.56477972900012,38.939675460000046],[42.568840007000176,38.94414718600001],[42.570040836000146,38.94777265500005],[42.56868033900014,38.952426641000045],[42.57065195900003,38.956718287],[42.569886501999974,38.959977167000034],[42.57160873000004,38.96217584300001],[42.56903913600007,38.96466016900041],[42.573190890000035,38.96888884300017],[42.5719080340001,38.969234672000084],[42.57315678400005,38.97160908300003],[42.57063665600009,38.97223872700005],[42.569323350000104,38.97495826300036],[42.56979333854758,38.97517142633694]]],"type":"Polygon"}},{"type":"Feature","properties":{"area_id":"TR-49-004-2024901","name_tr":"Tatargazi Köyü","area_level":"neighbourhood","parent_id":"TR-49-004","endeksa_id":2024901},"geometry":{"coordinates":[[[42.54306243285686,38.98675511365474],[42.54283855729983,38.98666878531509],[42.539187606000155,38.988042627000084],[42.54002244700001,38.98926689600023],[42.539963555000156,38.98939763900012],[42.5276449160001,38.989854301000605],[42.52758834000019,38.989786137000294],[42.52709539299997,38.98977397800007],[42.52158540400018,38.98762265800008],[42.51544551300009,38.987310789000105],[42.501177246,38.98420613600018],[42.50164978100014,38.985939354000095],[42.50154637800017,38.98605200500009],[42.492522319000045,38.98587359200013],[42.48882789700025,38.98615683900056],[42.48856657700031,38.98613532700023],[42.48740017200032,38.98492297200016],[42.48404653300025,38.9828350690002],[42.483596602000205,38.982410150000305],[42.48155484200021,38.97998203600031],[42.48133243500018,38.98000604000032],[42.48147124300033,38.97968620900025],[42.47695943700023,38.97390290400034],[42.47451111900034,38.970042646000195],[42.472365174000345,38.967596872000115],[42.468594666000286,38.96439196799997],[42.467734854000355,38.96318477800031],[42.46777683500022,38.96309013800044],[42.4740082050003,38.95893088900033],[42.47375882428349,38.95652215087489],[42.47405000000026,38.956470000000365],[42.4770300000003,38.954590000000394],[42.477620000000286,38.95481000000012],[42.47751000000022,38.95470000000029],[42.47653000000031,38.95432000000079],[42.47585000000038,38.95383000000004],[42.475430000000244,38.95337000000035],[42.47511000000026,38.952480000000605],[42.474900000000275,38.950930000000255],[42.472950000000196,38.948140000000365],[42.472950000000196,38.94773000000055],[42.47250000000031,38.94714000000073],[42.47284000000036,38.9458000000007],[42.47294000000028,38.944400000000144],[42.472950000000026,38.94404000000003],[42.47321000000005,38.94344000000012],[42.475020000000086,38.94245000000046],[42.47491000000019,38.9423900000001],[42.47619000000009,38.941640000000234],[42.47684000000004,38.94065000000006],[42.47822000000019,38.93768000000017],[42.4795000000002,38.93734000000029],[42.48040000000026,38.93647000000021],[42.48093000000006,38.93565000000058],[42.48167000000018,38.93495000000024],[42.48241000000013,38.93464000000017],[42.48423000000025,38.934510000000046],[42.48680000000007,38.93296000000004],[42.487140000000124,38.93283000000031],[42.48545000000013,38.931010000000356],[42.48504000000008,38.93078000000037],[42.48527000000013,38.930450000000235],[42.48483000000016,38.9301600000004],[42.483020000000124,38.92954000000026],[42.481870000000185,38.93001000000004],[42.481250000000045,38.93105000000014],[42.47971000000018,38.93116000000015],[42.479270000000156,38.93100000000027],[42.47870000000012,38.93065000000041],[42.47821000000005,38.93113000000034],[42.477140000000134,38.9311100000001],[42.47575000000006,38.93075000000016],[42.475430000000074,38.93097000000006],[42.47420000000011,38.93074000000007],[42.47424000000018,38.93063000000018],[42.47300000000007,38.92988000000014],[42.473570000000166,38.92953000000011],[42.473534593561,38.92927893615911],[42.476362228000085,38.929350677000286],[42.500895338000134,38.92839354600005],[42.50336185300006,38.92432698800002],[42.501934051538626,38.92317815135448],[42.501923753000085,38.92305815900011],[42.50642000000022,38.921720000000505],[42.50834000000009,38.92230000000018],[42.51106000000004,38.92292000000032],[42.51499000000018,38.922770000000696],[42.51818000000014,38.92294000000004],[42.52092000000016,38.9229600000001],[42.523130000000094,38.923180000000514],[42.52627000000018,38.923140000000046],[42.52647000000019,38.922870000000444],[42.527690000000064,38.92327000000017],[42.52832000000018,38.92328000000026],[42.52789000000013,38.92431000000022],[42.52933000000007,38.924480000000074],[42.52937000000014,38.924600000000055],[42.53016000000014,38.925100000000214],[42.53319000000005,38.924380000000326],[42.53516000000013,38.92532000000011],[42.537040000000104,38.92601000000019],[42.54338000000013,38.92735000000022],[42.54666000000009,38.92824000000013],[42.5498800000002,38.929300000000296],[42.549930000000074,38.92908000000017],[42.550510000000145,38.92915000000011],[42.55084000000005,38.929060000000334],[42.55158548003794,38.929241626046064],[42.5511967920001,38.92993927100014],[42.55104408100016,38.92997618800007],[42.55111891000007,38.93010293600008],[42.54860035200005,38.9351730190001],[42.54389315000009,38.93734525400015],[42.53890165300004,38.94926252100004],[42.544391114999996,38.95470758200054],[42.545281921000026,38.95549413700019],[42.55111672800007,38.96457905900013],[42.55105357100007,38.96467134400018],[42.54699906400003,38.96643722200008],[42.54163881200009,38.96545830100018],[42.53837220100007,38.96758133499998],[42.54117971600016,38.97876810700046],[42.54111654600007,38.978860391000126],[42.53934380400011,38.97959719500017],[42.54234670800008,38.98534482500003],[42.542738494104924,38.98542972936673],[42.54306243285686,38.98675511365474]]],"type":"Polygon"}},{"type":"Feature","properties":{"area_id":"TR-49-004-2024888","name_tr":"Adaksu Köyü","area_level":"neighbourhood","parent_id":"TR-49-004","endeksa_id":2024888},"geometry":{"coordinates":[[[42.61279591900001,38.976926054000046],[42.61273641800017,38.97683935200013],[42.61266453100018,38.97695788599998],[42.612618998000016,38.97689153600004],[42.60481949200005,38.98224403300014],[42.60319521200012,38.98691284100005],[42.59665038400004,38.99035471799999],[42.59586052306338,38.98981218463331],[42.59586000000019,38.989710000000116],[42.59553000000005,38.98938000000038],[42.595310000000154,38.98939000000047],[42.594910000000084,38.988900000000285],[42.59457000000003,38.98866000000032],[42.59299000000004,38.988620000000026],[42.5927200000001,38.988540000000114],[42.59232000000003,38.98868000000016],[42.59210000000013,38.98899000000006],[42.59231000000011,38.98970000000054],[42.59229000000005,38.98989000000063],[42.592140000000086,38.990050000000394],[42.591620000000034,38.98997000000014],[42.589980000000025,38.9892600000004],[42.58987000000019,38.98907000000031],[42.589860000000044,38.988630000000114],[42.5896800000001,38.98849000000007],[42.58923000000016,38.988470000000405],[42.58848000000012,38.988600000000474],[42.58831000000009,38.98869000000013],[42.58822000000009,38.98895000000033],[42.588120000000174,38.98901000000029],[42.58770000000004,38.988500000000045],[42.587750000000085,38.98812000000055],[42.58739000000014,38.98775000000035],[42.58707000000015,38.98718000000025],[42.587060000000236,38.987040000000036],[42.58747000000022,38.98682000000031],[42.58755000000008,38.98660000000041],[42.586790000000065,38.98603000000031],[42.58678000000015,38.98592000000042],[42.587100000000135,38.98564000000016],[42.58708000000007,38.98548000000028],[42.58591000000007,38.98508000000004],[42.58553000000012,38.98504000000008],[42.585420000000056,38.984940000000336],[42.5855600000001,38.984690000000285],[42.58652000000012,38.98443000000009],[42.58678000000015,38.984160000000315],[42.58668000000023,38.98400000000004],[42.585860000000196,38.98369000000014],[42.58587000000017,38.98337000000009],[42.58653000000021,38.98340000000013],[42.586600000000146,38.98334000000011],[42.5855600000001,38.98224000000005],[42.58511000000016,38.981970000000445],[42.58489000000009,38.98195000000021],[42.58498000000009,38.98211000000015],[42.584870000000194,38.982220000000154],[42.58464000000015,38.98177000000027],[42.58445000000006,38.98192000000006],[42.58383000000015,38.981720000000394],[42.58376000000021,38.9817900000001],[42.58399000000003,38.98202000000032],[42.58389000000011,38.982030000000066],[42.583280000000116,38.98174000000006],[42.583290000000204,38.98164000000014],[42.58348000000012,38.98155000000014],[42.58305000000007,38.981190000000026],[42.58291000000003,38.981250000000045],[42.58300000000003,38.98152000000016],[42.58256000000023,38.98152000000016],[42.58268000000021,38.981690000000185],[42.58260000000013,38.981750000000716],[42.58134000000018,38.9812800000002],[42.580900000000156,38.98089000000061],[42.58101000000005,38.98076000000037],[42.58097000000009,38.980700000000525],[42.580530000000124,38.9804000000002],[42.57995000000005,38.98046000000056],[42.57976000000019,38.980170000000044],[42.57988000000017,38.97988000000021],[42.57983000000007,38.97975000000008],[42.57924000000014,38.97975000000008],[42.57943000000006,38.979550000000586],[42.57915000000014,38.97939000000014],[42.57912000000016,38.979270000000156],[42.57940000000025,38.979140000000086],[42.57944000000015,38.97898000000032],[42.579320000000166,38.97878000000014],[42.5791900000001,38.97873000000027],[42.5787000000002,38.97889000000015],[42.578360000000146,38.978900000000124],[42.57819000000012,38.97930000000014],[42.57787000000013,38.97930000000014],[42.57760000000013,38.97900000000055],[42.577090000000055,38.978960000000086],[42.57694000000009,38.979210000000194],[42.576690000000156,38.979370000000074],[42.57660000000021,38.97919000000013],[42.57693000000012,38.978960000000086],[42.57702000000012,38.978620000000376],[42.57689000000022,38.978560000000414],[42.576570000000174,38.97864000000061],[42.57645000000019,38.97838000000041],[42.57611000000014,38.97834000000012],[42.57575000000003,38.978440000000035],[42.57567000000017,38.97897000000023],[42.57541000000015,38.97919000000013],[42.57531000000023,38.97913000000011],[42.57531000000023,38.97882000000004],[42.575200000000166,38.978680000000395],[42.575290000000166,38.97861000000029],[42.575260000000185,38.978180000000236],[42.5750500000002,38.978280000000154],[42.57465000000013,38.97808000000032],[42.574490000000026,38.978160000000685],[42.57441000000017,38.97840000000065],[42.57466000000005,38.97858000000008],[42.57434000000006,38.97873000000027],[42.57430000000011,38.97904000000034],[42.57407000000012,38.97909000000021],[42.57365000000016,38.978990000000294],[42.57360000000011,38.97886000000034],[42.574060000000145,38.97874000000036],[42.57400000000018,38.97855000000027],[42.57414000000006,38.97839000000016],[42.5739700000002,38.97799000000015],[42.5742800000001,38.97751000000022],[42.57431000000008,38.97718000000009],[42.57392000000016,38.97733000000022],[42.57389000000012,38.97718000000009],[42.573620000000176,38.97690000000017],[42.57313000000016,38.97675000000004],[42.572600000000136,38.977100000000405],[42.57243000000011,38.97696000000019],[42.57240000000013,38.97680000000042],[42.572040000000186,38.97702000000015],[42.571820000000116,38.976730000000316],[42.571950000000186,38.97634000000005],[42.57180000000005,38.97623000000016],[42.571520000000135,38.976390000000606],[42.57123000000013,38.97640000000018],[42.57123000000013,38.976300000000265],[42.571420000000046,38.97612000000032],[42.57118000000008,38.975980000000106],[42.570640000000196,38.97612000000032],[42.57050000000015,38.97627000000011],[42.56997000000018,38.97597000000013],[42.57029000000017,38.975650000000485],[42.57060000000007,38.97566000000006],[42.57082000000014,38.97547000000014],[42.570780000000184,38.9753800000002],[42.570030000000145,38.97507000000013],[42.56979333854758,38.97517142633694],[42.569323350000104,38.97495826300036],[42.57063665600009,38.97223872700005],[42.57315678400005,38.97160908300003],[42.5719080340001,38.969234672000084],[42.573190890000035,38.96888884300017],[42.56903913600007,38.96466016900041],[42.57160873000004,38.96217584300001],[42.569886501999974,38.959977167000034],[42.57065195900003,38.956718287],[42.56868033900014,38.952426641000045],[42.570040836000146,38.94777265500005],[42.568840007000176,38.94414718600001],[42.56477972900012,38.939675460000046],[42.5649006000001,38.93649645700003],[42.562592228000085,38.93538724399997],[42.56469064000015,38.93266464100003],[42.56460354400002,38.932466963000024],[42.56480695000016,38.93250878200001],[42.565213604000064,38.93200244900049],[42.56533711700007,38.931964297000036],[42.573839306000025,38.93357778100045],[42.57432202799998,38.92917491100013],[42.57831158900012,38.92760674100009],[42.590694759000144,38.93031742300019],[42.59014785000011,38.929179097000656],[42.59394841100004,38.925209024000026],[42.59226243500018,38.92318479800019],[42.59227694600003,38.923069934000466],[42.592422966000015,38.92304442000017],[42.592028765818384,38.92286699504274],[42.59411000000017,38.9227800000001],[42.59418000000011,38.92341000000039],[42.59498000000019,38.92358000000024],[42.59537000000017,38.92400000000015],[42.59663000000012,38.924480000000074],[42.59744000000018,38.92422000000005],[42.597500000000196,38.924040000000105],[42.59771000000012,38.924040000000105],[42.5978800000002,38.92336000000034],[42.600510000000156,38.92374000000012],[42.601500000000044,38.92400000000015],[42.60353000000015,38.921530000000416],[42.60427000000004,38.919830000000445],[42.60443000000015,38.91966000000059],[42.60506000000004,38.9193200000002],[42.607410000000186,38.91944000000018],[42.609650000000045,38.920390000000054],[42.61109000000016,38.91985000000068],[42.61335000000014,38.91926000000018],[42.61506000000003,38.920020000000534],[42.61626000000018,38.92142000000018],[42.61630000000014,38.923180000000514],[42.61660000000012,38.92389000000031],[42.61783000000008,38.92377000000033],[42.618380000000116,38.92403000000036],[42.619660000000124,38.9241600000006],[42.621330000000114,38.92477000000008],[42.62265000000008,38.92504000000025],[42.622910000000104,38.92545000000007],[42.62385000000006,38.92639000000037],[42.624390000000176,38.9271200000004],[42.624670000000094,38.92716000000013],[42.62484000000012,38.92700000000042],[42.625450000000114,38.92685000000006],[42.626470000000154,38.92691000000008],[42.62657000000007,38.92662000000024],[42.62685000000016,38.926670000000115],[42.62757000000005,38.92701000000051],[42.628600000000176,38.92715000000004],[42.62980000000016,38.92736000000036],[42.63004000000012,38.927600000000325],[42.630180000000166,38.928030000000376],[42.630090000000166,38.92842000000064],[42.630580000000236,38.928560000000175],[42.63055000000003,38.928690000000245],[42.63171000000011,38.92927000000009],[42.632470000000126,38.929950000000076],[42.63290000000018,38.930730000000096],[42.6330700000002,38.932340000000295],[42.63349000000011,38.93288000000018],[42.63349000000011,38.93350000000032],[42.63500000000016,38.934790000000476],[42.635820000000194,38.93456000000009],[42.636241591820806,38.93457189976948],[42.63689447500019,38.936215802000675],[42.63680263600014,38.93626353500008],[42.637028064000106,38.93655216700017],[42.636735772000065,38.93678628200013],[42.637478579000174,38.937740181000095],[42.637250770000094,38.94561268400031],[42.63303998900011,38.95110982300031],[42.63211887199998,38.95192811600009],[42.63159350749396,38.95272517180564],[42.6314254510001,38.95253239400017],[42.631304911000086,38.95263743700008],[42.61874031800011,38.95454551900036],[42.6173643140001,38.96017024400044],[42.61557509400001,38.96100694900048],[42.61566802500016,38.96535956700001],[42.61157913700009,38.968312844000025],[42.61352204600013,38.976015935000476],[42.613207033000094,38.97649968100018],[42.61327691000014,38.97660647100031],[42.61276591700005,38.97679071100009],[42.61279591900001,38.976926054000046]]],"type":"Polygon"}},{"type":"Feature","properties":{"area_id":"TR-49-004-2024893","name_tr":"Kızılyusuf Köyü","area_level":"neighbourhood","parent_id":"TR-49-004","endeksa_id":2024893},"geometry":{"coordinates":[[[42.708866993298386,38.94936400936763],[42.71240538800009,38.955117984000026],[42.71038715000009,38.960952347000045],[42.70476086400015,38.965770752000196],[42.704797545000076,38.965882556000565],[42.706120366000164,38.96663816300014],[42.70462483400007,38.97034307600018],[42.70938425100013,38.97460219600015],[42.71175089299999,38.98341174300009],[42.70866594100005,38.98568003700001],[42.707267721000164,38.98938814000013],[42.70159284500011,38.991894324000555],[42.69905942700012,38.991575203000025],[42.69892257600003,38.99165308500022],[42.6994823550001,38.98927670600051],[42.697219340000174,38.98853627200003],[42.689267671000096,38.98619237200057],[42.68202314200016,38.98577485400017],[42.68131424500018,38.98581933400044],[42.677136372999996,38.9829025570001],[42.671293290000165,38.98323567100027],[42.666992839000045,38.976275472],[42.66630663900014,38.97399891700002],[42.6615677210001,38.967461332000084],[42.65611333600003,38.96662009100004],[42.65462608000013,38.96200860700003],[42.64948021400011,38.95905860300002],[42.64801204000014,38.95522661400014],[42.64870829300014,38.95459560900042],[42.648695204000035,38.954472680000094],[42.64412277200006,38.95133549000042],[42.63892863700005,38.95019362900035],[42.630728796000085,38.95412248299999],[42.63166850720563,38.952894678620794],[42.63159350749396,38.95272517180564],[42.63211887199998,38.95192811600009],[42.63303998900011,38.95110982300031],[42.637250770000094,38.94561268400031],[42.637478579000174,38.937740181000095],[42.636735772000065,38.93678628200013],[42.637028064000106,38.93655216700017],[42.63680263600014,38.93626353500008],[42.63689447500019,38.936215802000675],[42.636241591820806,38.93457189976948],[42.64078000000006,38.934700000000134],[42.64548000000008,38.93651000000068],[42.64552000000003,38.93713000000014],[42.647620000000245,38.93634000000014],[42.65000000000015,38.9357600000003],[42.65189000000004,38.935470000000066],[42.6525900000002,38.934880000000135],[42.65434000000005,38.932810000000075],[42.65667000000013,38.930360000000064],[42.659990000000164,38.928600000000074],[42.6614100000001,38.928370000000086],[42.66217000000006,38.92914000000053],[42.66112000000004,38.92986000000042],[42.66219000000012,38.93105000000014],[42.66272000000009,38.93038000000013],[42.66509000000008,38.93131000000034],[42.66483000000005,38.93331000000023],[42.66634000000016,38.93409000000014],[42.667390000000125,38.935190000000205],[42.66979000000015,38.93710000000033],[42.67307000000011,38.9382700000001],[42.675720000000126,38.93965000000043],[42.67686000000015,38.94013000000035],[42.67834000000005,38.941050000000075],[42.67974000000004,38.94216000000063],[42.68199000000004,38.94320000000016],[42.68404000000004,38.94385000000034],[42.686280000000124,38.94364000000019],[42.688760000000116,38.94395000000026],[42.68899000000016,38.94390000000038],[42.690560000000175,38.94491000000011],[42.69209000000012,38.94615000000039],[42.69555000000008,38.946620000000166],[42.69727000000012,38.94725000000028],[42.69919000000016,38.94885000000011],[42.700780000000066,38.94897000000009],[42.702980000000196,38.949350000000095],[42.704430000000116,38.94939000000056],[42.70776000000012,38.949820000000614],[42.70885000000004,38.949750000000506],[42.708866993298386,38.94936400936763]]],"type":"Polygon"}},{"type":"Feature","properties":{"area_id":"TR-49-004-2024894","name_tr":"Kulcak Köyü","area_level":"neighbourhood","parent_id":"TR-49-004","endeksa_id":2024894},"geometry":{"coordinates":[[[42.587870000000066,39.00405000000018],[42.58511000000016,39.00383000000011],[42.58128000000016,39.00339000000065],[42.57993000000022,39.00401000000011],[42.577340000000106,39.0040900000003],[42.5747600000002,39.00385000000034],[42.57116000000019,39.00274000000019],[42.56904000000014,39.003120000000365],[42.565630000000056,39.002440000000206],[42.564150000000154,39.00234000000046],[42.5617400000001,39.00172000000032],[42.55797000000007,38.999320000000694],[42.55728000000016,38.99899000000039],[42.55530000000016,38.99853000000019],[42.554850000000044,38.99835000000019],[42.553670000000125,38.997740000000704],[42.55152000000004,38.99694000000005],[42.54992000000016,38.9960200000005],[42.547700000000134,38.99385000000018],[42.54636000000011,38.992930000000115],[42.54448000000019,38.990480000000275],[42.54365000000007,38.98866000000032],[42.54306243285686,38.98675511365474],[42.542340000000195,38.98381000000063],[42.5420400000001,38.98320000000007],[42.543510000000026,38.98233000000039],[42.5442900000001,38.981650000000286],[42.5448100000001,38.981440000000134],[42.545460000000105,38.981000000000336],[42.54582000000022,38.98180000000059],[42.546330000000125,38.98170000000016],[42.54678000000007,38.98227000000003],[42.54991000000024,38.98083000000008],[42.5502800000001,38.981410000000324],[42.55102000000005,38.98207000000019],[42.551470000000165,38.98264000000046],[42.552780000000155,38.982180000000085],[42.552530000000104,38.98171000000025],[42.552750000000174,38.98158000000018],[42.55413000000016,38.98127000000011],[42.55421000000018,38.98180000000059],[42.557300000000055,38.981650000000286],[42.558220000000176,38.9814600000002],[42.55912000000018,38.98087000000038],[42.55951000000016,38.98043000000024],[42.561300000000074,38.98003000000051],[42.56221000000005,38.9792800000003],[42.56243000000018,38.97874000000036],[42.56274000000025,38.97833000000054],[42.56367000000006,38.9784200000002],[42.564980000000105,38.977870000000166],[42.564760000000035,38.97724000000005],[42.56521000000015,38.97708000000017],[42.56606000000011,38.976420000000246],[42.568630000000155,38.975430000000074],[42.56921000000017,38.97536000000014],[42.56957000000011,38.97541000000052],[42.56973000000022,38.975330000000326],[42.56979333854758,38.97517142633694],[42.570030000000145,38.97507000000013],[42.570780000000184,38.9753800000002],[42.57082000000014,38.97547000000014],[42.57060000000007,38.97566000000006],[42.57029000000017,38.975650000000485],[42.56997000000018,38.97597000000013],[42.57050000000015,38.97627000000011],[42.570640000000196,38.97612000000032],[42.57118000000008,38.975980000000106],[42.571420000000046,38.97612000000032],[42.57123000000013,38.976300000000265],[42.57123000000013,38.97640000000018],[42.571520000000135,38.976390000000606],[42.57180000000005,38.97623000000016],[42.571950000000186,38.97634000000005],[42.571820000000116,38.976730000000316],[42.572040000000186,38.97702000000015],[42.57240000000013,38.97680000000042],[42.57243000000011,38.97696000000019],[42.572600000000136,38.977100000000405],[42.57313000000016,38.97675000000004],[42.573620000000176,38.97690000000017],[42.57389000000012,38.97718000000009],[42.57392000000016,38.97733000000022],[42.57431000000008,38.97718000000009],[42.5742800000001,38.97751000000022],[42.5739700000002,38.97799000000015],[42.57414000000006,38.97839000000016],[42.57400000000018,38.97855000000027],[42.574060000000145,38.97874000000036],[42.57360000000011,38.97886000000034],[42.57365000000016,38.978990000000294],[42.57407000000012,38.97909000000021],[42.57430000000011,38.97904000000034],[42.57434000000006,38.97873000000027],[42.57466000000005,38.97858000000008],[42.57441000000017,38.97840000000065],[42.574490000000026,38.978160000000685],[42.57465000000013,38.97808000000032],[42.5750500000002,38.978280000000154],[42.575260000000185,38.978180000000236],[42.575290000000166,38.97861000000029],[42.575200000000166,38.978680000000395],[42.57531000000023,38.97882000000004],[42.57531000000023,38.97913000000011],[42.57541000000015,38.97919000000013],[42.57567000000017,38.97897000000023],[42.57575000000003,38.978440000000035],[42.57611000000014,38.97834000000012],[42.57645000000019,38.97838000000041],[42.576570000000174,38.97864000000061],[42.57689000000022,38.978560000000414],[42.57702000000012,38.978620000000376],[42.57693000000012,38.978960000000086],[42.57660000000021,38.97919000000013],[42.576690000000156,38.979370000000074],[42.57694000000009,38.979210000000194],[42.577090000000055,38.978960000000086],[42.57760000000013,38.97900000000055],[42.57787000000013,38.97930000000014],[42.57819000000012,38.97930000000014],[42.578360000000146,38.978900000000124],[42.5787000000002,38.97889000000015],[42.5791900000001,38.97873000000027],[42.579320000000166,38.97878000000014],[42.57944000000015,38.97898000000032],[42.57940000000025,38.979140000000086],[42.57912000000016,38.979270000000156],[42.57915000000014,38.97939000000014],[42.57943000000006,38.979550000000586],[42.57924000000014,38.97975000000008],[42.57983000000007,38.97975000000008],[42.57988000000017,38.97988000000021],[42.57976000000019,38.980170000000044],[42.57995000000005,38.98046000000056],[42.580530000000124,38.9804000000002],[42.58097000000009,38.980700000000525],[42.58101000000005,38.98076000000037],[42.580900000000156,38.98089000000061],[42.58134000000018,38.9812800000002],[42.58260000000013,38.981750000000716],[42.58268000000021,38.981690000000185],[42.58256000000023,38.98152000000016],[42.58300000000003,38.98152000000016],[42.58291000000003,38.981250000000045],[42.58305000000007,38.981190000000026],[42.58348000000012,38.98155000000014],[42.583290000000204,38.98164000000014],[42.583280000000116,38.98174000000006],[42.58389000000011,38.982030000000066],[42.58399000000003,38.98202000000032],[42.58376000000021,38.9817900000001],[42.58383000000015,38.981720000000394],[42.58445000000006,38.98192000000006],[42.58464000000015,38.98177000000027],[42.584870000000194,38.982220000000154],[42.58498000000009,38.98211000000015],[42.58489000000009,38.98195000000021],[42.58511000000016,38.981970000000445],[42.5855600000001,38.98224000000005],[42.586600000000146,38.98334000000011],[42.58653000000021,38.98340000000013],[42.58587000000017,38.98337000000009],[42.585860000000196,38.98369000000014],[42.58668000000023,38.98400000000004],[42.58678000000015,38.984160000000315],[42.58652000000012,38.98443000000009],[42.5855600000001,38.984690000000285],[42.585420000000056,38.984940000000336],[42.58553000000012,38.98504000000008],[42.58591000000007,38.98508000000004],[42.58708000000007,38.98548000000028],[42.587100000000135,38.98564000000016],[42.58678000000015,38.98592000000042],[42.586790000000065,38.98603000000031],[42.58755000000008,38.98660000000041],[42.58747000000022,38.98682000000031],[42.587060000000236,38.987040000000036],[42.58707000000015,38.98718000000025],[42.58739000000014,38.98775000000035],[42.587750000000085,38.98812000000055],[42.58770000000004,38.988500000000045],[42.588120000000174,38.98901000000029],[42.58822000000009,38.98895000000033],[42.58831000000009,38.98869000000013],[42.58848000000012,38.988600000000474],[42.58923000000016,38.988470000000405],[42.5896800000001,38.98849000000007],[42.589860000000044,38.988630000000114],[42.58987000000019,38.98907000000031],[42.589980000000025,38.9892600000004],[42.591620000000034,38.98997000000014],[42.592140000000086,38.990050000000394],[42.59229000000005,38.98989000000063],[42.59231000000011,38.98970000000054],[42.59210000000013,38.98899000000006],[42.59232000000003,38.98868000000016],[42.5927200000001,38.988540000000114],[42.59299000000004,38.988620000000026],[42.59457000000003,38.98866000000032],[42.594910000000084,38.988900000000285],[42.595310000000154,38.98939000000047],[42.59553000000005,38.98938000000038],[42.59586000000019,38.989710000000116],[42.59586052306338,38.98981218463331],[42.59379000000018,38.992590000000234],[42.591830000000186,38.99658000000011],[42.59006000000011,38.999040000000264],[42.58983000000006,38.99918000000048],[42.58947000000012,39.00025000000022],[42.58850000000018,39.002440000000206],[42.58792000000011,39.00353000000018],[42.587870000000066,39.00405000000018]]],"type":"Polygon"}},{"type":"Feature","properties":{"area_id":"TR-49-004-2024898","name_tr":"Oğuzhan Köyü","area_level":"neighbourhood","parent_id":"TR-49-004","endeksa_id":2024898},"geometry":{"coordinates":[[[42.69298962400012,39.00907673500035],[42.692808348000085,39.008992926000076],[42.68839519600016,39.01087433800012],[42.68499305200004,39.00763080700011],[42.68006398000006,39.00799074000014],[42.673448376000124,39.00269625000027],[42.66410477900018,39.0007047470001],[42.65896294100003,38.996783082000036],[42.653698680000105,38.99728987600008],[42.63809188900012,38.992109245000165],[42.63126981300019,38.99176028100021],[42.62614850800003,38.98715801000003],[42.62343343300017,38.987599686000124],[42.616215617000194,38.98453580000029],[42.61279591900001,38.976926054000046],[42.61276591700005,38.97679071100009],[42.61327691000014,38.97660647100031],[42.613207033000094,38.97649968100018],[42.61352204600013,38.976015935000476],[42.61157913700009,38.968312844000025],[42.61566802500016,38.96535956700001],[42.61557509400001,38.96100694900048],[42.6173643140001,38.96017024400044],[42.61874031800011,38.95454551900036],[42.631304911000086,38.95263743700008],[42.6314254510001,38.95253239400017],[42.63159350749396,38.95272517180564],[42.63166850720563,38.952894678620794],[42.630728796000085,38.95412248299999],[42.63892863700005,38.95019362900035],[42.64412277200006,38.95133549000042],[42.648695204000035,38.954472680000094],[42.64870829300014,38.95459560900042],[42.64801204000014,38.95522661400014],[42.64948021400011,38.95905860300002],[42.65462608000013,38.96200860700003],[42.65611333600003,38.96662009100004],[42.6615677210001,38.967461332000084],[42.66630663900014,38.97399891700002],[42.666992839000045,38.976275472],[42.671293290000165,38.98323567100027],[42.677136372999996,38.9829025570001],[42.68131424500018,38.98581933400044],[42.68202314200016,38.98577485400017],[42.689267671000096,38.98619237200057],[42.697219340000174,38.98853627200003],[42.6994823550001,38.98927670600051],[42.69892257600003,38.99165308500022],[42.69840016600017,38.993609689000095],[42.701230800000076,38.99978559500005],[42.70079744899999,39.00558645000012],[42.69304601500011,39.00889142300014],[42.69298962400012,39.00907673500035]]],"type":"Polygon"}},{"type":"Feature","properties":{"area_id":"TR-49-004-2024890","name_tr":"Boyundere Köyü","area_level":"neighbourhood","parent_id":"TR-49-004","endeksa_id":2024890},"geometry":{"coordinates":[[[42.55430142700004,39.01999278300008],[42.55237916600004,39.020632098000135],[42.5523098970001,39.020423823000044],[42.55193252100014,39.020635438000056],[42.55184225500011,39.02043356500013],[42.55229171400009,39.020383158000186],[42.55221919500008,39.02022097500014],[42.55249083300015,39.02009953500004],[42.551233418000095,39.018884226000296],[42.54706082600018,39.01764805400069],[42.54314136800008,39.02049603500052],[42.54248490900005,39.020594166000194],[42.542463588000146,39.02016602600048],[42.541164031000164,39.01991166000022],[42.53935434099998,39.016827935000094],[42.53407768100004,39.00113851200052],[42.530612151000184,38.99302920100007],[42.527347467000084,38.99148361200014],[42.5276449160001,38.989854301000605],[42.539963555000156,38.98939763900012],[42.54002244700001,38.98926689600023],[42.539187606000155,38.988042627000084],[42.54283855729983,38.98666878531509],[42.54306243285686,38.98675511365474],[42.54365000000007,38.98866000000032],[42.54448000000019,38.990480000000275],[42.54636000000011,38.992930000000115],[42.547700000000134,38.99385000000018],[42.54992000000016,38.9960200000005],[42.55152000000004,38.99694000000005],[42.553670000000125,38.997740000000704],[42.554850000000044,38.99835000000019],[42.55530000000016,38.99853000000019],[42.55728000000016,38.99899000000039],[42.55797000000007,38.999320000000694],[42.5617400000001,39.00172000000032],[42.564150000000154,39.00234000000046],[42.5646900000001,39.00283000000036],[42.56557000000009,39.00342000000029],[42.56453000000016,39.004210000000285],[42.5637200000001,39.00351000000012],[42.56342000000018,39.00426000000016],[42.56310000000019,39.00589000000019],[42.56646000000018,39.007770000000164],[42.56741000000011,39.00816000000026],[42.56795000000017,39.009290000000135],[42.567800000000034,39.01066000000037],[42.56787000000014,39.011520000000075],[42.56855000000007,39.01270000000005],[42.5689000000001,39.01448000000022],[42.57045000000011,39.01451000000003],[42.570770000000095,39.01503000000025],[42.57075790612839,39.01581478033768],[42.570528656832266,39.01590357433082],[42.56570624000017,39.01498005000002],[42.56157678000005,39.0173783180004],[42.55821964900002,39.01646094900008],[42.558135917000016,39.01653543100019],[42.55771674900018,39.01831812800003],[42.55321450700018,39.018293404000076],[42.55274465800011,39.01975916100048],[42.55427311100016,39.01980424200002],[42.55437728800018,39.019891039000015],[42.55430142700004,39.01999278300008]]],"type":"Polygon"}},{"type":"Feature","properties":{"area_id":"TR-49-004-2024896","name_tr":"Molladerman Köyü","area_level":"neighbourhood","parent_id":"TR-49-004","endeksa_id":2024896},"geometry":{"coordinates":[[[42.54248490900005,39.020594166000194],[42.54117875900016,39.02156921200009],[42.53708643700014,39.02038629000009],[42.53643639400008,39.02282968499998],[42.53533260300014,39.022907022000254],[42.5331770410001,39.0234227210002],[42.52979588200003,39.02293630700012],[42.52938479800014,39.02278185200038],[42.521897820000106,39.02151659300023],[42.52065815200018,39.021535198000436],[42.51962964900008,39.02294621100003],[42.51930351700008,39.023021154000105],[42.51849060400008,39.02400262400016],[42.5175139800001,39.0229986490001],[42.51214388700032,39.02302451800023],[42.51202457900018,39.0228899670002],[42.51382466800021,39.01970512400021],[42.51078628200031,39.01839376900034],[42.509662388000265,39.01336293999998],[42.51156064200029,39.01130113900018],[42.50707746800026,39.00583658800025],[42.50602493200017,39.00197866500031],[42.50511421600032,39.00008682300063],[42.50045825100028,38.99704044900028],[42.493947214000286,38.99173024000032],[42.488738783000144,38.98631492200076],[42.48872415300036,38.98621554500062],[42.48882789700025,38.98615683900056],[42.492522319000045,38.98587359200013],[42.50154637800017,38.98605200500009],[42.50164978100014,38.985939354000095],[42.501177246,38.98420613600018],[42.51544551300009,38.987310789000105],[42.52158540400018,38.98762265800008],[42.52709539299997,38.98977397800007],[42.52758834000019,38.989786137000294],[42.5276449160001,38.989854301000605],[42.527347467000084,38.99148361200014],[42.530612151000184,38.99302920100007],[42.53407768100004,39.00113851200052],[42.53935434099998,39.016827935000094],[42.541164031000164,39.01991166000022],[42.542463588000146,39.02016602600048],[42.54248490900005,39.020594166000194]]],"type":"Polygon"}},{"type":"Feature","properties":{"area_id":"TR-49-004-2024892","name_tr":"Karahasan Köyü","area_level":"neighbourhood","parent_id":"TR-49-004","endeksa_id":2024892},"geometry":{"coordinates":[[[42.698550834386765,39.033541674449395],[42.69384000000014,39.03402000000011],[42.69361000000015,39.03422000000069],[42.69336000000004,39.03425000000033],[42.693060000000116,39.03408000000047],[42.68573000000009,39.0348900000007],[42.67839000000009,39.03745000000009],[42.678110441000115,39.03761967900016],[42.67669000000012,39.037040000000275],[42.67639000000014,39.03645000000046],[42.675600000000145,39.035890000000336],[42.672750000000065,39.03491000000025],[42.671470000000056,39.034630000000504],[42.67108000000013,39.034660000000144],[42.67001000000005,39.0353400000003],[42.668720000000064,39.03567000000004],[42.66771000000017,39.0354200000005],[42.66597000000007,39.03464000000008],[42.66331000000008,39.034440000000416],[42.66139000000004,39.03402000000011],[42.65988000000016,39.03424000000024],[42.65947000000017,39.03450000000004],[42.65834000000007,39.034970000000214],[42.65814000000006,39.03493000000009],[42.65687000000014,39.03541000000041],[42.65623000000011,39.035500000000184],[42.655340000000194,39.035490000000095],[42.65499000000017,39.035150000000215],[42.654310000000066,39.03526000000005],[42.65228000000013,39.035150000000215],[42.65129000000013,39.03487000000047],[42.64810000000017,39.03428000000014],[42.64737000000014,39.03402000000011],[42.64549000000022,39.03376000000031],[42.643840000000125,39.0331300000002],[42.64312000000024,39.03315000000026],[42.64276000000007,39.03299000000038],[42.6422300000001,39.033070000000066],[42.6414000000002,39.033050000000515],[42.64071000000013,39.032890000000066],[42.63962000000015,39.03248000000025],[42.63749000000013,39.03186000000011],[42.635200000000225,39.03130000000067],[42.63413000000014,39.03080000000051],[42.6338600000002,39.03090000000026],[42.632040000000245,39.03079000000042],[42.63156000000015,39.030660000000296],[42.63138000000015,39.03051000000016],[42.63140000000004,39.03044000000057],[42.63197000000014,39.03021000000018],[42.631920000000264,39.029920000000175],[42.63123000000019,39.02981000000034],[42.63026000000019,39.02949000000012],[42.630400000000066,39.028150000000096],[42.629470000000026,39.02814000000069],[42.629320000000064,39.027040000000625],[42.62883000000022,39.02666000000045],[42.62741000000011,39.025890000000686],[42.626070000000084,39.0248000000002],[42.6250500000001,39.02417000000048],[42.62339000000003,39.0231100000002],[42.62273000000016,39.023170000000164],[42.62218000000013,39.02309000000014],[42.62202000000019,39.02292000000011],[42.62178000000006,39.02235000000053],[42.620460000000094,39.02141000000023],[42.61678000000006,39.019610000000114],[42.61483000000021,39.018080000000396],[42.61356000000012,39.017930000000035],[42.613550000000146,39.01773000000054],[42.61331000000018,39.01742000000047],[42.613080000000195,39.01618000000019],[42.61375000000021,39.01534000000032],[42.61356000000012,39.014150000000086],[42.61239000000012,39.01404000000008],[42.61218000000014,39.01389000000029],[42.611500000000206,39.01256000000052],[42.611070000000154,39.01227000000017],[42.6109400000002,39.012200000000576],[42.610330000000204,39.012260000000026],[42.61022000000014,39.01203000000004],[42.60892000000007,39.01217000000025],[42.607320000000186,39.01204000000013],[42.60752000000019,39.01126000000028],[42.60626000000025,39.01131000000015],[42.6053500000001,39.01089000000019],[42.60499000000016,39.0104300000005],[42.60458000000011,39.01026000000013],[42.60356000000013,39.00947000000065],[42.602460000000065,39.008080000000064],[42.60186000000016,39.00805000000042],[42.60000000000008,39.00764000000004],[42.59892000000008,39.007150000000536],[42.597320000000195,39.00658000000027],[42.59377000000012,39.005880000000616],[42.59379000000018,39.0055900000001],[42.59115000000003,39.00403000000034],[42.59014000000013,39.00397000000032],[42.58778000000012,39.00426000000016],[42.587870000000066,39.00405000000018],[42.58792000000011,39.00353000000018],[42.58850000000018,39.002440000000206],[42.58947000000012,39.00025000000022],[42.58983000000006,38.99918000000048],[42.59006000000011,38.999040000000264],[42.591830000000186,38.99658000000011],[42.59379000000018,38.992590000000234],[42.59586052306338,38.98981218463331],[42.59665038400004,38.99035471799999],[42.60319521200012,38.98691284100005],[42.60481949200005,38.98224403300014],[42.612618998000016,38.97689153600004],[42.61266453100018,38.97695788599998],[42.61273641800017,38.97683935200013],[42.61279591900001,38.976926054000046],[42.616215617000194,38.98453580000029],[42.62343343300017,38.987599686000124],[42.62614850800003,38.98715801000003],[42.63126981300019,38.99176028100021],[42.63809188900012,38.992109245000165],[42.653698680000105,38.99728987600008],[42.65896294100003,38.996783082000036],[42.66410477900018,39.0007047470001],[42.673448376000124,39.00269625000027],[42.68006398000006,39.00799074000014],[42.68499305200004,39.00763080700011],[42.68839519600016,39.01087433800012],[42.692808348000085,39.008992926000076],[42.69298962400012,39.00907673500035],[42.69380639100012,39.02017185000011],[42.69608400200019,39.021737080000264],[42.696266229000116,39.02616572000005],[42.698550834386765,39.033541674449395]]],"type":"Polygon"}},{"type":"Feature","properties":{"area_id":"TR-49-004-2024900","name_tr":"Sarıdavut Köyü","area_level":"neighbourhood","parent_id":"TR-49-004","endeksa_id":2024900},"geometry":{"coordinates":[[[42.6250500000001,39.02417000000048],[42.62493000000012,39.03522000000032],[42.6247800000001,39.037260000000174],[42.6249600000001,39.040300000000684],[42.62419000000017,39.04894000000007],[42.62033000000014,39.04864000000009],[42.61849000000018,39.04879000000028],[42.61747000000014,39.04873000000043],[42.61586000000017,39.04766000000018],[42.615500000000225,39.04771000000005],[42.61512000000005,39.04729000000066],[42.613960000000134,39.04682000000014],[42.61136000000016,39.04601000000008],[42.61055021647104,39.046683658212146],[42.610418019109886,39.04656679150827],[42.61066000000011,39.046240000000466],[42.61121000000014,39.046020000000055],[42.610390000000166,39.04577000000012],[42.60951000000017,39.04577000000012],[42.60958000000011,39.04545000000047],[42.60916000000003,39.04539000000034],[42.60905000000014,39.04573000000022],[42.60880000000009,39.04574000000031],[42.60864000000015,39.045190000000275],[42.606890000000135,39.044630000000154],[42.60611000000006,39.04493000000008],[42.60589000000016,39.04517000000004],[42.605840000000114,39.04473000000007],[42.60651000000013,39.04458000000028],[42.59634000000011,39.041290000000174],[42.59604000000019,39.04099000000025],[42.59586000000019,39.04026000000022],[42.59461000000016,39.03961000000044],[42.59420000000017,39.03896000000066],[42.59414000000015,39.03783000000027],[42.5915500000001,39.036230000000046],[42.591280000000154,39.036240000000134],[42.590290000000095,39.03471000000019],[42.58916000000005,39.03247000000016],[42.58913000000007,39.03209000000015],[42.58834000000007,39.03140000000042],[42.5875200000001,39.031560000000184],[42.58653000000021,39.03036000000037],[42.58576000000011,39.02975000000032],[42.58569000000017,39.02910000000054],[42.58417000000003,39.02720000000039],[42.583840000000066,39.027290000000164],[42.58251000000013,39.02622000000031],[42.58082000000013,39.02539000000053],[42.579510000000084,39.02442000000042],[42.5787900000002,39.02275000000026],[42.57676000000009,39.0210800000001],[42.5760600000001,39.02079000000009],[42.57584000000003,39.020530000000576],[42.575730000000135,39.020160000000374],[42.57426000000004,39.019480000000385],[42.574020000000075,39.01909000000012],[42.573500000000195,39.0187600000005],[42.57274000000018,39.01866000000007],[42.57200000000006,39.01818000000014],[42.57209000000006,39.018090000000484],[42.57132000000013,39.01792000000012],[42.570528656832266,39.01590357433082],[42.57075790612839,39.01581478033768],[42.570770000000095,39.01503000000025],[42.57045000000011,39.01451000000003],[42.5689000000001,39.01448000000022],[42.56855000000007,39.01270000000005],[42.56787000000014,39.011520000000075],[42.567800000000034,39.01066000000037],[42.56795000000017,39.009290000000135],[42.56741000000011,39.00816000000026],[42.56646000000018,39.007770000000164],[42.56310000000019,39.00589000000019],[42.56342000000018,39.00426000000016],[42.5637200000001,39.00351000000012],[42.56453000000016,39.004210000000285],[42.56557000000009,39.00342000000029],[42.5646900000001,39.00283000000036],[42.564150000000154,39.00234000000046],[42.565630000000056,39.002440000000206],[42.56904000000014,39.003120000000365],[42.57116000000019,39.00274000000019],[42.5747600000002,39.00385000000034],[42.577340000000106,39.0040900000003],[42.57993000000022,39.00401000000011],[42.58128000000016,39.00339000000065],[42.58511000000016,39.00383000000011],[42.587870000000066,39.00405000000018],[42.58778000000012,39.00426000000016],[42.59014000000013,39.00397000000032],[42.59115000000003,39.00403000000034],[42.59379000000018,39.0055900000001],[42.59377000000012,39.005880000000616],[42.597320000000195,39.00658000000027],[42.59892000000008,39.007150000000536],[42.60000000000008,39.00764000000004],[42.60186000000016,39.00805000000042],[42.602460000000065,39.008080000000064],[42.60356000000013,39.00947000000065],[42.60458000000011,39.01026000000013],[42.60499000000016,39.0104300000005],[42.6053500000001,39.01089000000019],[42.60626000000025,39.01131000000015],[42.60752000000019,39.01126000000028],[42.607320000000186,39.01204000000013],[42.60892000000007,39.01217000000025],[42.61022000000014,39.01203000000004],[42.610330000000204,39.012260000000026],[42.6109400000002,39.012200000000576],[42.611070000000154,39.01227000000017],[42.611500000000206,39.01256000000052],[42.61218000000014,39.01389000000029],[42.61239000000012,39.01404000000008],[42.61356000000012,39.014150000000086],[42.61375000000021,39.01534000000032],[42.613080000000195,39.01618000000019],[42.61331000000018,39.01742000000047],[42.613550000000146,39.01773000000054],[42.61356000000012,39.017930000000035],[42.61483000000021,39.018080000000396],[42.61678000000006,39.019610000000114],[42.620460000000094,39.02141000000023],[42.62178000000006,39.02235000000053],[42.62202000000019,39.02292000000011],[42.62218000000013,39.02309000000014],[42.62273000000016,39.023170000000164],[42.62339000000003,39.0231100000002],[42.6250500000001,39.02417000000048]]],"type":"Polygon"}},{"type":"Feature","properties":{"area_id":"TR-49-004-2024860","name_tr":"Selekutu Köyü","area_level":"neighbourhood","parent_id":"TR-49-004","endeksa_id":2024860},"geometry":{"coordinates":[[[42.69757000000004,39.06167000000033],[42.6912200000001,39.06552000000016],[42.681920000000105,39.06769000000031],[42.675720000000126,39.06925000000007],[42.671380000000056,39.06949000000003],[42.66549000000015,39.066970000000424],[42.66255000000007,39.06685000000044],[42.6586700000002,39.067930000000274],[42.654900000000225,39.06989000000044],[42.6516000000002,39.07098000000042],[42.65013000000005,39.07128000000034],[42.647960000000126,39.07101000000006],[42.637120000000095,39.07305000000042],[42.630180000000166,39.07362000000069],[42.60985000000011,39.073660000000075],[42.6098600000002,39.072540000000174],[42.609210000000076,39.07188000000025],[42.60799000000003,39.071370000000684],[42.60770000000019,39.07111000000049],[42.605400000000145,39.06973000000016],[42.603110000000186,39.06866000000031],[42.6026100000002,39.06850000000054],[42.602150000000165,39.068240000000344],[42.60161000000005,39.06779000000006],[42.60094000000004,39.06673000000046],[42.60227503217749,39.06521563514224],[42.602810000000034,39.0646900000001],[42.603240000000085,39.06405000000041],[42.60235000000017,39.062880000000234],[42.60381000000018,39.06125000000037],[42.60561000000007,39.06039000000027],[42.60581000000013,39.06007000000011],[42.605430000000126,39.05945000000065],[42.60558000000009,39.05916000000013],[42.60600000000005,39.05873000000008],[42.60629000000006,39.05810000000014],[42.606830000000116,39.057520000000125],[42.60843000000017,39.0569500000002],[42.60895000000005,39.0572600000001],[42.60942000000023,39.05682000000047],[42.609710000000064,39.05599000000018],[42.609990000000096,39.055660000000046],[42.612150000000156,39.0556500000003],[42.61285000000015,39.05496000000005],[42.61432000000008,39.05552000000023],[42.61483000000021,39.05518000000012],[42.614610000000084,39.05447000000072],[42.615190000000155,39.05367000000007],[42.61586000000017,39.053310000000124],[42.61605000000009,39.05276000000009],[42.61514000000011,39.05220000000048],[42.61496000000011,39.051600000000576],[42.615000000000066,39.05105000000003],[42.61490000000015,39.05056000000036],[42.615040000000135,39.05022000000008],[42.61556000000019,39.04964000000041],[42.6153300000002,39.0489300000001],[42.61747000000014,39.04873000000043],[42.61849000000018,39.04879000000028],[42.62033000000014,39.04864000000009],[42.62419000000017,39.04894000000007],[42.6249600000001,39.040300000000684],[42.6247800000001,39.037260000000174],[42.62493000000012,39.03522000000032],[42.6250500000001,39.02417000000048],[42.626070000000084,39.0248000000002],[42.62741000000011,39.025890000000686],[42.62883000000022,39.02666000000045],[42.629320000000064,39.027040000000625],[42.629470000000026,39.02814000000069],[42.630400000000066,39.028150000000096],[42.63026000000019,39.02949000000012],[42.63123000000019,39.02981000000034],[42.631920000000264,39.029920000000175],[42.63197000000014,39.03021000000018],[42.63140000000004,39.03044000000057],[42.63138000000015,39.03051000000016],[42.63156000000015,39.030660000000296],[42.632040000000245,39.03079000000042],[42.6338600000002,39.03090000000026],[42.63413000000014,39.03080000000051],[42.635200000000225,39.03130000000067],[42.63749000000013,39.03186000000011],[42.63962000000015,39.03248000000025],[42.64071000000013,39.032890000000066],[42.6414000000002,39.033050000000515],[42.6422300000001,39.033070000000066],[42.64276000000007,39.03299000000038],[42.64312000000024,39.03315000000026],[42.643840000000125,39.0331300000002],[42.64549000000022,39.03376000000031],[42.64737000000014,39.03402000000011],[42.64810000000017,39.03428000000014],[42.65129000000013,39.03487000000047],[42.65228000000013,39.035150000000215],[42.654310000000066,39.03526000000005],[42.65499000000017,39.035150000000215],[42.655340000000194,39.035490000000095],[42.65623000000011,39.035500000000184],[42.65687000000014,39.03541000000041],[42.65814000000006,39.03493000000009],[42.65834000000007,39.034970000000214],[42.65947000000017,39.03450000000004],[42.65988000000016,39.03424000000024],[42.66139000000004,39.03402000000011],[42.66331000000008,39.034440000000416],[42.66597000000007,39.03464000000008],[42.66771000000017,39.0354200000005],[42.668720000000064,39.03567000000004],[42.67001000000005,39.0353400000003],[42.67108000000013,39.034660000000144],[42.671470000000056,39.034630000000504],[42.672750000000065,39.03491000000025],[42.675600000000145,39.035890000000336],[42.67639000000014,39.03645000000046],[42.67669000000012,39.037040000000275],[42.678110441000115,39.03761967900016],[42.67839000000009,39.03745000000009],[42.68573000000009,39.0348900000007],[42.693060000000116,39.03408000000047],[42.69336000000004,39.03425000000033],[42.69361000000015,39.03422000000069],[42.69384000000014,39.03402000000011],[42.698550834386765,39.033541674449395],[42.700230000000204,39.03678000000008],[42.700250000000096,39.03725000000003],[42.69934000000012,39.039000000000044],[42.69921000000005,39.039890000000185],[42.69880000000023,39.04091000000017],[42.69871000000006,39.04130000000032],[42.69871000000006,39.04266000000041],[42.69897000000009,39.04381000000035],[42.698950000000195,39.04530000000017],[42.69887000000017,39.045810000000415],[42.69928000000016,39.04694000000012],[42.70030000000014,39.049180000000035],[42.69891000000007,39.048970000000395],[42.69879000000009,39.04932000000025],[42.6991500000002,39.049500000000194],[42.69925000000012,39.04969000000028],[42.69913000000014,39.05045000000064],[42.69909000000007,39.05156000000011],[42.69791000000009,39.051690000000235],[42.6969900000002,39.05196000000052],[42.69661000000019,39.052960000000155],[42.696230000000185,39.05455000000023],[42.69593000000009,39.05672000000004],[42.69593000000009,39.05819000000014],[42.69757000000004,39.06167000000033]]],"type":"Polygon"}},{"type":"Feature","properties":{"area_id":"TR-49-004-2024891","name_tr":"Karaali Köyü","area_level":"neighbourhood","parent_id":"TR-49-004","endeksa_id":2024891},"geometry":{"coordinates":[[[42.54578249435218,39.07821715253914],[42.54567000000003,39.07800000000003],[42.54518000000019,39.07801000000012],[42.54511000000008,39.07808000000023],[42.54455000000013,39.07803000000035],[42.54395000000022,39.077620000000536],[42.543260000000146,39.07755000000043],[42.542020000000036,39.07779000000039],[42.54180000000014,39.07767000000041],[42.54145000000011,39.07776000000007],[42.54109000000017,39.077590000000214],[42.54093000000006,39.07789000000014],[42.54104000000012,39.07803000000035],[42.54102000000006,39.07825000000008],[42.54064000000005,39.078400000000045],[42.5403800000002,39.078400000000045],[42.5403800000002,39.078240000000164],[42.540010000000166,39.07830000000013],[42.539830000000165,39.07869000000028],[42.53923000000009,39.07854000000009],[42.53912000000008,39.07829000000004],[42.539080000000126,39.07785000000041],[42.5387300000001,39.07782000000003],[42.53849000000014,39.07798000000048],[42.53827000000007,39.07770000000005],[42.53802000000019,39.07768000000016],[42.53790000000021,39.07788000000005],[42.537410000000136,39.077960000000246],[42.53727000000009,39.07808000000023],[42.53731000000005,39.0777800000003],[42.53715000000011,39.077710000000195],[42.53678000000008,39.07808000000023],[42.536510000000135,39.07761000000028],[42.53607000000011,39.078050000000076],[42.53554000000014,39.07799000000006],[42.53510000000017,39.07832000000019],[42.53467000000012,39.078460000000405],[42.534470000000056,39.07872000000009],[42.534090000000106,39.07872000000009],[42.534090000000106,39.07863000000026],[42.53384000000017,39.078550000000064],[42.53389000000004,39.07830000000013],[42.53321000000011,39.0781300000001],[42.53310000000005,39.07823000000042],[42.53311000000019,39.07851000000028],[42.532730000000186,39.078400000000045],[42.53240000000005,39.07879000000071],[42.53229000000016,39.07879000000071],[42.53229000000016,39.07868000000013],[42.53218000000015,39.07863000000026],[42.5320500000002,39.07885000000016],[42.53226000000018,39.07906000000031],[42.5322300000002,39.079170000000204],[42.53174000000013,39.079110000000185],[42.531650000000184,39.078950000000304],[42.53139000000016,39.07909000000012],[42.53120000000007,39.07932000000051],[42.530410000000074,39.079230000000166],[42.52994000000007,39.07975000000056],[42.52985000000007,39.07966000000022],[42.529730000000086,39.07989000000009],[42.52955000000014,39.07997000000029],[42.52956000000006,39.080250000000035],[42.52946000000014,39.08043000000015],[42.52909000000011,39.080500000000086],[42.528950115806424,39.08063985156383],[42.528342437364984,39.078488630669085],[42.52854009338347,39.07917137015215],[42.52878641411178,39.0792139331993],[42.528846542380506,39.07910683626619],[42.52788550900016,39.067432132000135],[42.53244399000016,39.06063621700048],[42.530942901000174,39.05664559000007],[42.533458350000046,39.05298009200004],[42.53454064400006,39.045328021000046],[42.534459608000134,39.045235692000176],[42.532486387000176,39.044710004000194],[42.53238296900014,39.043088391000026],[42.53518076900019,39.04277084700004],[42.53569270100007,39.04077009900004],[42.53339881300019,39.035703255000044],[42.53522842400014,39.033343194999986],[42.53728645900014,39.03344991500012],[42.53707598200003,39.03185393100023],[42.5443375640001,39.023970811000254],[42.54831048400001,39.024450100000024],[42.550059672000145,39.02314262200002],[42.54950715600012,39.02170692000061],[42.55116249500003,39.020693468000104],[42.55129611700005,39.02099230400046],[42.5523098970001,39.020423823000044],[42.55237916600004,39.020632098000135],[42.55490663800009,39.01979722200019],[42.553744238000036,39.0240700490001],[42.55640365100004,39.027736844],[42.5535646940001,39.03367992600005],[42.555396232000135,39.034998510000264],[42.55457509500013,39.04250735700009],[42.55425886900008,39.04268034100005],[42.551400962000116,39.04297792100016],[42.55045507800003,39.04902036900006],[42.552168606000066,39.063980662000176],[42.547444999000106,39.0759773530001],[42.5459616550001,39.078227727000126],[42.54578249435218,39.07821715253914]]],"type":"Polygon"}},{"type":"Feature","properties":{"area_id":"TR-49-004-2024897","name_tr":"Odaköy Köyü","area_level":"neighbourhood","parent_id":"TR-49-004","endeksa_id":2024897},"geometry":{"coordinates":[[[42.55193252100014,39.020635438000056],[42.55129611700005,39.02099230400046],[42.55116249500003,39.020693468000104],[42.54950715600012,39.02170692000061],[42.550059672000145,39.02314262200002],[42.54831048400001,39.024450100000024],[42.5443375640001,39.023970811000254],[42.53707598200003,39.03185393100023],[42.53728645900014,39.03344991500012],[42.53522842400014,39.033343194999986],[42.53339881300019,39.035703255000044],[42.53569270100007,39.04077009900004],[42.53518076900019,39.04277084700004],[42.53238296900014,39.043088391000026],[42.532486387000176,39.044710004000194],[42.534459608000134,39.045235692000176],[42.53454064400006,39.045328021000046],[42.533458350000046,39.05298009200004],[42.530942901000174,39.05664559000007],[42.53244399000016,39.06063621700048],[42.52788550900016,39.067432132000135],[42.528846542380506,39.07910683626619],[42.52878641411178,39.0792139331993],[42.52854009338347,39.07917137015215],[42.528342437364984,39.078488630669085],[42.52766000000008,39.07159000000041],[42.526630000000125,39.072600000000136],[42.52577000000019,39.07219000000032],[42.52463000000017,39.07181000000014],[42.521670000000086,39.07150000000007],[42.52116000000012,39.07210000000015],[42.520400000000166,39.07225000000034],[42.5203800000001,39.07247000000007],[42.519910000000095,39.072540000000174],[42.51989000000003,39.07262000000037],[42.519630000000234,39.072600000000136],[42.51940291466639,39.07234122834075],[42.51776998600013,39.06788906100053],[42.51728317900012,39.06245339700001],[42.512629225000126,39.06054602300014],[42.496431101000155,39.051028073000055],[42.49484628800002,39.04991553800011],[42.49481966000013,39.04980587600028],[42.49860351500013,39.04304110200064],[42.50001127100012,39.04141621900004],[42.50222668800035,39.03818842600026],[42.50885523800025,39.02736966100031],[42.51196215200031,39.02307453600025],[42.51214388700032,39.02302451800023],[42.5175139800001,39.0229986490001],[42.51849060400008,39.02400262400016],[42.51930351700008,39.023021154000105],[42.51962964900008,39.02294621100003],[42.52065815200018,39.021535198000436],[42.521897820000106,39.02151659300023],[42.52938479800014,39.02278185200038],[42.52979588200003,39.02293630700012],[42.5331770410001,39.0234227210002],[42.53533260300014,39.022907022000254],[42.53643639400008,39.02282968499998],[42.53708643700014,39.02038629000009],[42.54117875900016,39.02156921200009],[42.54248490900005,39.020594166000194],[42.54314136800008,39.02049603500052],[42.54706082600018,39.01764805400069],[42.551233418000095,39.018884226000296],[42.55249083300015,39.02009953500004],[42.55221919500008,39.02022097500014],[42.55229171400009,39.020383158000186],[42.55184225500011,39.02043356500013],[42.55193252100014,39.020635438000056]]],"type":"Polygon"}},{"type":"Feature","properties":{"area_id":"TR-49-004-2024902","name_tr":"Yaramış Köyü","area_level":"neighbourhood","parent_id":"TR-49-004","endeksa_id":2024902},"geometry":{"coordinates":[[[42.60227503217749,39.06521563514224],[42.60097271000012,39.0656564840001],[42.60090350000007,39.06561450000004],[42.600766594000106,39.065733280000416],[42.595646634000104,39.06764090800016],[42.5953674000001,39.067680300000575],[42.594814156000155,39.06795107800042],[42.59412500700006,39.069723875000136],[42.59330750000004,39.0705124000001],[42.59325119199997,39.07075264400004],[42.59120256900002,39.07316455100022],[42.58971170300015,39.07428184100047],[42.58949963499998,39.07717256500001],[42.57641677400011,39.08019642600004],[42.55265047400013,39.09370328900019],[42.55250815700015,39.09368169300018],[42.551479491712655,39.092852127466756],[42.55127869212214,39.092872728190514],[42.551259076658425,39.09302766621914],[42.54910470000004,39.09039230000002],[42.548568200000034,39.0900508000002],[42.54752750000006,39.089759400000105],[42.54622709900002,39.0898625320001],[42.54448060000004,39.08944300000036],[42.54424450000005,39.08945130000018],[42.54377240000008,39.08972610000069],[42.54347585600004,39.09001410300027],[42.54103681800001,39.0901484740001],[42.540221200000076,39.08985930000034],[42.53998148100004,39.090206614000124],[42.539485544000115,39.09023393600006],[42.53945842500008,39.09013553300019],[42.53932063275795,39.090348921372765],[42.539140000000145,39.09030000000024],[42.542020000000036,39.08575000000036],[42.54385000000008,39.08153000000004],[42.54578249435218,39.07821715253914],[42.5459616550001,39.078227727000126],[42.547444999000106,39.0759773530001],[42.552168606000066,39.063980662000176],[42.55045507800003,39.04902036900006],[42.551400962000116,39.04297792100016],[42.55425886900008,39.04268034100005],[42.55457509500013,39.04250735700009],[42.555396232000135,39.034998510000264],[42.5535646940001,39.03367992600005],[42.55640365100004,39.027736844],[42.553744238000036,39.0240700490001],[42.55490663800009,39.01979722200019],[42.55430142700004,39.01999278300008],[42.55437728800018,39.019891039000015],[42.55427311100016,39.01980424200002],[42.55274465800011,39.01975916100048],[42.55321450700018,39.018293404000076],[42.55771674900018,39.01831812800003],[42.558135917000016,39.01653543100019],[42.55821964900002,39.01646094900008],[42.56157678000005,39.0173783180004],[42.56570624000017,39.01498005000002],[42.570528656832266,39.01590357433082],[42.57132000000013,39.01792000000012],[42.57209000000006,39.018090000000484],[42.57200000000006,39.01818000000014],[42.57274000000018,39.01866000000007],[42.573500000000195,39.0187600000005],[42.574020000000075,39.01909000000012],[42.57426000000004,39.019480000000385],[42.575730000000135,39.020160000000374],[42.57584000000003,39.020530000000576],[42.5760600000001,39.02079000000009],[42.57676000000009,39.0210800000001],[42.5787900000002,39.02275000000026],[42.579510000000084,39.02442000000042],[42.58082000000013,39.02539000000053],[42.58251000000013,39.02622000000031],[42.583840000000066,39.027290000000164],[42.58417000000003,39.02720000000039],[42.58569000000017,39.02910000000054],[42.58576000000011,39.02975000000032],[42.58653000000021,39.03036000000037],[42.5875200000001,39.031560000000184],[42.58834000000007,39.03140000000042],[42.58913000000007,39.03209000000015],[42.58916000000005,39.03247000000016],[42.590290000000095,39.03471000000019],[42.591280000000154,39.036240000000134],[42.5915500000001,39.036230000000046],[42.59414000000015,39.03783000000027],[42.59420000000017,39.03896000000066],[42.59461000000016,39.03961000000044],[42.59586000000019,39.04026000000022],[42.59604000000019,39.04099000000025],[42.59634000000011,39.041290000000174],[42.60651000000013,39.04458000000028],[42.605840000000114,39.04473000000007],[42.60589000000016,39.04517000000004],[42.60611000000006,39.04493000000008],[42.606890000000135,39.044630000000154],[42.60864000000015,39.045190000000275],[42.60880000000009,39.04574000000031],[42.60905000000014,39.04573000000022],[42.60916000000003,39.04539000000034],[42.60958000000011,39.04545000000047],[42.60951000000017,39.04577000000012],[42.610390000000166,39.04577000000012],[42.61121000000014,39.046020000000055],[42.61066000000011,39.046240000000466],[42.610418019109886,39.04656679150827],[42.61055021647104,39.046683658212146],[42.61136000000016,39.04601000000008],[42.613960000000134,39.04682000000014],[42.61512000000005,39.04729000000066],[42.615500000000225,39.04771000000005],[42.61586000000017,39.04766000000018],[42.61747000000014,39.04873000000043],[42.6153300000002,39.0489300000001],[42.61556000000019,39.04964000000041],[42.615040000000135,39.05022000000008],[42.61490000000015,39.05056000000036],[42.615000000000066,39.05105000000003],[42.61496000000011,39.051600000000576],[42.61514000000011,39.05220000000048],[42.61605000000009,39.05276000000009],[42.61586000000017,39.053310000000124],[42.615190000000155,39.05367000000007],[42.614610000000084,39.05447000000072],[42.61483000000021,39.05518000000012],[42.61432000000008,39.05552000000023],[42.61285000000015,39.05496000000005],[42.612150000000156,39.0556500000003],[42.609990000000096,39.055660000000046],[42.609710000000064,39.05599000000018],[42.60942000000023,39.05682000000047],[42.60895000000005,39.0572600000001],[42.60843000000017,39.0569500000002],[42.606830000000116,39.057520000000125],[42.60629000000006,39.05810000000014],[42.60600000000005,39.05873000000008],[42.60558000000009,39.05916000000013],[42.605430000000126,39.05945000000065],[42.60581000000013,39.06007000000011],[42.60561000000007,39.06039000000027],[42.60381000000018,39.06125000000037],[42.60235000000017,39.062880000000234],[42.603240000000085,39.06405000000041],[42.602810000000034,39.0646900000001],[42.60227503217749,39.06521563514224]]],"type":"Polygon"}},{"type":"Feature","properties":{"area_id":"TR-49-004-60386","name_tr":"Afşin","area_level":"neighbourhood","parent_id":"TR-49-004","endeksa_id":60386},"geometry":{"coordinates":[[[42.596862061683794,39.1081245257198],[42.59532450000012,39.10671170000012],[42.594358900000145,39.10654520000003],[42.59409069999998,39.106653400000425],[42.59374740000004,39.10656180000012],[42.593650800000034,39.10626210000038],[42.59192350000012,39.10618720000008],[42.59175180000011,39.10660350000006],[42.58828640000007,39.10658680000006],[42.58713840000013,39.10650360000011],[42.58584020000018,39.10589580000027],[42.58777140000012,39.103448100000605],[42.58717060000015,39.103073500000164],[42.58717060000015,39.10276540000007],[42.586923800000136,39.10238240000018],[42.58620500000018,39.101941200000624],[42.58544320000004,39.10172470000015],[42.58514280000003,39.10189120000007],[42.584821000000034,39.10179960000028],[42.58501410000002,39.10122510000019],[42.58525010000005,39.10094200000037],[42.58486390000007,39.100692300000674],[42.584509800000035,39.10060900000053],[42.58419870000006,39.10080880000004],[42.583737400000075,39.1022992000004],[42.58317950000014,39.10241570000045],[42.58281470000014,39.10266550000051],[42.582664500000135,39.10317340000012],[42.58283610000012,39.10346480000021],[42.582857600000125,39.10394770000005],[42.58257860000015,39.10423910000014],[42.58246060000016,39.10451380000018],[42.58263230000017,39.10519650000032],[42.58239630000014,39.105637700000045],[42.582160200000146,39.10589580000027],[42.580325600000094,39.106362000000104],[42.58000370000008,39.10694480000001],[42.5801110000001,39.10724450000066],[42.58007880000008,39.10742770000019],[42.57989640000011,39.10748600000039],[42.57986430000011,39.107627500000376],[42.58006810000006,39.10788560000009],[42.57985350000007,39.108360100000596],[42.57952090000009,39.1085432000001],[42.578845000000115,39.108726400000705],[42.577965200000165,39.10917590000008],[42.575551300000086,39.109425700000656],[42.57498260000011,39.1100084000002],[42.57396339999997,39.109833600000115],[42.572472100000084,39.109950200000355],[42.57225750000009,39.11010000000067],[42.5719893000001,39.110491300000035],[42.571163200000115,39.11112400000013],[42.571184600000095,39.11136540000007],[42.57131340000012,39.111556900000096],[42.5712812000001,39.1119731000004],[42.57114170000011,39.112247800000034],[42.5712812000001,39.112497500000075],[42.570605300000125,39.11273890000052],[42.57005810000015,39.11265570000006],[42.56962890000017,39.112872100000175],[42.569167600000185,39.11341320000054],[42.56945730000018,39.11404590000012],[42.56932850000004,39.114195700000266],[42.56873840000003,39.11442880000004],[42.56871700000005,39.114553700000045],[42.56839510000003,39.1147285000003],[42.568223500000045,39.11471180000069],[42.56761190000009,39.114928300000486],[42.5677836000001,39.11515300000025],[42.56763340000009,39.11528620000007],[42.56657120000011,39.11543610000058],[42.56594900000016,39.1153278000005],[42.56580950000017,39.11569410000061],[42.56509060000019,39.11627680000015],[42.564811700000064,39.11622690000013],[42.56417870000007,39.1163933000002],[42.5636315000001,39.116351700000166],[42.56310580000013,39.11650160000028],[42.56268740000013,39.11673460000037],[42.562097300000175,39.11653490000003],[42.56168960000019,39.11673460000037],[42.56172180000016,39.11809140000037],[42.56157159999998,39.118332800000076],[42.56160380000017,39.11982280000012],[42.56067040000005,39.11969790000006],[42.560101700000075,39.11993100000052],[42.55975840000008,39.119789500000024],[42.55980130000006,39.119581400000186],[42.55939360000008,39.1193816],[42.558782100000144,39.11976450000009],[42.558578899999986,39.1196822],[42.55925420000011,39.11899040000014],[42.55962970000007,39.11879070000032],[42.560080300000095,39.118374500000186],[42.560563100000024,39.117625299999986],[42.56071330000003,39.11718410000026],[42.56124970000019,39.11623520000012],[42.56264450000015,39.11569410000061],[42.563524200000074,39.11467020000009],[42.5632131000001,39.11304700000011],[42.563889000000074,39.110949100000084],[42.563556400000095,39.1105579],[42.56354570000008,39.11029980000018],[42.56356720000008,39.10990850000013],[42.56400700000006,39.10911770000007],[42.5639963000001,39.1074526000001],[42.563535000000115,39.10668670000018],[42.56380320000011,39.105596100000184],[42.5637066000001,39.105271400000106],[42.56343840000011,39.10499670000013],[42.56335260000009,39.10450550000019],[42.56383540000007,39.104055900000446],[42.56420020000007,39.1035730000001],[42.564071400000046,39.10265720000018],[42.56359930000008,39.10241570000045],[42.563749500000085,39.10221590000026],[42.56412510000007,39.102149300000065],[42.56404990000004,39.10201610000007],[42.563781700000106,39.1020244000004],[42.563535000000115,39.101791300000116],[42.56312730000013,39.10108360000004],[42.56322380000012,39.10076720000012],[42.5636530000001,39.100392500000055],[42.56342770000009,39.09975970000011],[42.562977100000126,39.099776400000565],[42.56289120000014,39.09924350000017],[42.56197930000019,39.098968800000534],[42.56135699999999,39.09816940000047],[42.560466500000075,39.09828600000003],[42.560434300000054,39.09809450000017],[42.56015540000004,39.097861400000056],[42.55983350000008,39.09800290000055],[42.55993010000009,39.098219400000346],[42.55959750000011,39.09846090000008],[42.55946870000008,39.09882720000019],[42.55907180000014,39.09880220000025],[42.5590289000001,39.09848579999999],[42.55869630000012,39.09856080000003],[42.55857820000011,39.099093700000026],[42.5587177000001,39.0994683000003],[42.559104000000104,39.099859700000025],[42.5590825000001,39.10030090000026],[42.55869630000012,39.10019270000055],[42.55848170000013,39.09978470000004],[42.55784870000019,39.09905200000031],[42.557505400000025,39.09964320000006],[42.557666300000164,39.09978470000004],[42.55682940000003,39.099942900000485],[42.55614280000009,39.098419200000535],[42.55501630000009,39.097861400000056],[42.55502700000011,39.097328500000174],[42.55451200000016,39.096903800000064],[42.553095799999994,39.09662910000003],[42.55209800000006,39.096687400000064],[42.55206580000004,39.09401450000024],[42.551259076658425,39.09302766621914],[42.55127869212214,39.092872728190514],[42.551479491712655,39.092852127466756],[42.55250815700015,39.09368169300018],[42.55265047400013,39.09370328900019],[42.57641677400011,39.08019642600004],[42.58949963499998,39.07717256500001],[42.58971170300015,39.07428184100047],[42.59120256900002,39.07316455100022],[42.59325119199997,39.07075264400004],[42.59330750000004,39.0705124000001],[42.59412500700006,39.069723875000136],[42.594814156000155,39.06795107800042],[42.5953674000001,39.067680300000575],[42.595646634000104,39.06764090800016],[42.600766594000106,39.065733280000416],[42.60090350000007,39.06561450000004],[42.60097271000012,39.0656564840001],[42.60227503217749,39.06521563514224],[42.60094000000004,39.06673000000046],[42.60161000000005,39.06779000000006],[42.602150000000165,39.068240000000344],[42.6026100000002,39.06850000000054],[42.603110000000186,39.06866000000031],[42.605400000000145,39.06973000000016],[42.60770000000019,39.07111000000049],[42.60799000000003,39.071370000000684],[42.609210000000076,39.07188000000025],[42.6098600000002,39.072540000000174],[42.60985000000011,39.073660000000075],[42.60954000000021,39.07401000000027],[42.60944000000006,39.07432000000034],[42.609120000000075,39.076820000000055],[42.609520000000146,39.08061000000066],[42.609560000000045,39.08475000000004],[42.60836000000006,39.086270000000184],[42.607020000000205,39.08960000000019],[42.60715000000016,39.09139000000016],[42.60709000000014,39.09167000000059],[42.60724000000016,39.09182000000021],[42.60734000000008,39.092150000000515],[42.60863000000023,39.09743000000043],[42.60886000000005,39.09976000000063],[42.60939000000019,39.10190000000006],[42.61155000000025,39.10508000000027],[42.61133000000012,39.10534000000047],[42.60916000000003,39.10669000000007],[42.60430000000008,39.10704000000044],[42.60304000000008,39.10705000000041],[42.60254000000009,39.10727000000031],[42.60208000000006,39.10775000000024],[42.60180000000014,39.10786000000007],[42.59959000000009,39.10808000000014],[42.597810000000095,39.10809000000063],[42.5970200000001,39.10818000000029],[42.596862061683794,39.1081245257198]]],"type":"Polygon"}},{"type":"Feature","properties":{"area_id":"TR-49-004-2024853","name_tr":"Hasretpınar Köyü","area_level":"neighbourhood","parent_id":"TR-49-004","endeksa_id":2024853},"geometry":{"coordinates":[[[42.47717605943666,39.11536522322683],[42.47056960000009,39.11288050000019],[42.47003310000008,39.11566080000034],[42.47056960000009,39.11922350000009],[42.47089150000005,39.12038880000006],[42.47117040000006,39.12093820000018],[42.47108460000004,39.122702800000354],[42.47080560000006,39.12425090000005],[42.470140400000105,39.12425090000005],[42.47093440000009,39.125233000000094],[42.47106134699999,39.125575738000066],[42.47119556500007,39.12788636900052],[42.470848500000045,39.12817930000051],[42.47087000000005,39.128995000000145],[42.47115203800013,39.12982739500018],[42.462206612000045,39.128464885000426],[42.45356908600013,39.12707825700045],[42.450747008000064,39.12830184300026],[42.44505648800015,39.12602969000011],[42.445024888000034,39.12591361900019],[42.44872852700013,39.11958486800012],[42.440888933,39.11779122100012],[42.440740319000156,39.11784714100014],[42.44073855300019,39.118062634000296],[42.440687186000105,39.11793443500011],[42.43934141300008,39.1174409890001],[42.437970049000114,39.117128874000116],[42.43711596600002,39.11157306399997],[42.43307284100007,39.11108732300056],[42.43192660300008,39.10992125100017],[42.43011363200009,39.11091025400003],[42.42252855200013,39.10768298500011],[42.40052662900018,39.10678667700017],[42.39206282399999,39.111144691000334],[42.38583378100003,39.11148357600007],[42.37399646500006,39.1089270220001],[42.37373871000017,39.109034493000024],[42.37378480000007,39.10893973500015],[42.37369597000003,39.108862026000054],[42.367119902000184,39.107393827000124],[42.36716690200018,39.10728107600016],[42.36905413300008,39.10630919000005],[42.369319588999986,39.0984088750003],[42.36959613562027,39.09833128216292],[42.36950231587309,39.098258209059054],[42.369567304088605,39.09816093098493],[42.37025644248121,39.09811087467921],[42.370283448184125,39.098111600974846],[42.370290658793465,39.09811245963999],[42.37150058054806,39.09825656332805],[42.37275000000005,39.098680000000115],[42.37499000000014,39.09919000000036],[42.37840000000017,39.099240000000236],[42.38212000000016,39.099090000000615],[42.38314000000014,39.09888000000029],[42.38320000000016,39.09897000000012],[42.383770000000084,39.09875000000022],[42.38471000000004,39.09860000000003],[42.38833000000005,39.0988000000001],[42.3912000000002,39.09945000000005],[42.392000000000166,39.099460000000136],[42.3927700000001,39.09958000000012],[42.39584000000008,39.099490000000344],[42.39741000000015,39.09932000000009],[42.39838000000009,39.09914000000049],[42.39837199099293,39.09896380184114],[42.398511675000066,39.099049963000084],[42.399318656000105,39.09907438100015],[42.39964530600014,39.0965890440001],[42.39693282900015,39.0886889840005],[42.39830038499997,39.083304588000146],[42.397197038000115,39.08317262300051],[42.39711861600017,39.08303370700003],[42.39755868400016,39.08248839500038],[42.39801651500011,39.08233070500012],[42.39808835000014,39.081824683000036],[42.40205577000012,39.07689820900009],[42.407503546000044,39.07701019300026],[42.409399437000104,39.075509256000146],[42.40887904300007,39.075059905000046],[42.40896979900009,39.074912456000334],[42.409907067000006,39.075106253000115],[42.411629795000124,39.07577353500011],[42.41177871100018,39.075748968000084],[42.411838208000006,39.071462896000014],[42.4158623620001,39.06851045999997],[42.41494674900008,39.06647779500014],[42.41763738700013,39.065422727000055],[42.41775541000004,39.062627853000095],[42.417669563000175,39.061523027000135],[42.41621701100007,39.060759107000024],[42.41618747799998,39.06063019800007],[42.420485516000156,39.060532174000116],[42.42635187600024,39.05715130100043],[42.428296863000355,39.05603642300002],[42.440945650000344,39.05359957900055],[42.44106873000027,39.05367408100034],[42.4415255910003,39.05538416900026],[42.44622633600028,39.05689023200006],[42.45190352700013,39.05871124700019],[42.45206496000003,39.06158116300014],[42.456220214000155,39.06256247699997],[42.45746192100012,39.06364184800003],[42.456590506000055,39.06451345200003],[42.45663270700004,39.06465418500039],[42.46473558400004,39.068013370000244],[42.47004637300006,39.06800204900014],[42.47049675800008,39.06781564600004],[42.47043816300015,39.067929241000115],[42.47056039000006,39.06800060700016],[42.48695437200007,39.067965597000466],[42.499436040888725,39.07886083873257],[42.49965795910282,39.078875161317455],[42.49968835683427,39.078703524237085],[42.50142570000014,39.080598800000075],[42.50053520000017,39.08313890000011],[42.50102621200011,39.08396983200015],[42.50081399200019,39.085058349000064],[42.500395800000035,39.08596200000011],[42.50043256100014,39.08701477900007],[42.49948612700018,39.091869212000006],[42.49902250000008,39.091849500000194],[42.49887230000007,39.09337330000011],[42.4990868000001,39.09337330000011],[42.49896890500003,39.09434201500011],[42.498869911000156,39.09439857500013],[42.49737757700012,39.09413334400011],[42.49723601500017,39.0941970340001],[42.49671144400003,39.09832165500001],[42.49659780000019,39.09847750000006],[42.496674881000104,39.098609146000115],[42.49663168700005,39.09894876900006],[42.495789401000025,39.10040501999998],[42.49481680000008,39.100667300000055],[42.49415160000012,39.103073500000164],[42.49387695600012,39.103711501000134],[42.49366554700015,39.1036634930004],[42.49356150000017,39.10248230000013],[42.491662500000075,39.101991100000134],[42.49034280000012,39.102265900000134],[42.490707600000064,39.102590599999985],[42.4906969000001,39.103731200000084],[42.49082560000011,39.10448050000008],[42.49049069800009,39.104857308000135],[42.487303424000174,39.105958231000045],[42.48706383200005,39.106969756000126],[42.48593330000011,39.109309100000246],[42.485304607000046,39.11459628300014],[42.485170304000064,39.11466081900011],[42.48491525100019,39.115380060000064],[42.484785692,39.115381180000156],[42.48444810200016,39.115107099000625],[42.48400843000019,39.11524955400006],[42.4829936000001,39.11469520000003],[42.481759800000134,39.11281390000033],[42.47759700000012,39.11408750000055],[42.47641679999998,39.11392100000012],[42.47476460000007,39.11350480000016],[42.47434620000013,39.11366300000009],[42.47530100000006,39.114145800000074],[42.47746334649145,39.11497918875432],[42.477256242450494,39.11497550853164],[42.47710328368038,39.11507493000977],[42.47706923815775,39.1152278354304],[42.47717605943666,39.11536522322683]]],"type":"Polygon"}},{"type":"Feature","properties":{"area_id":"TR-49-004-2024850","name_tr":"Gülkoru Köyü","area_level":"neighbourhood","parent_id":"TR-49-004","endeksa_id":2024850},"geometry":{"coordinates":[[[42.694310000000144,39.123000000000104],[42.69226000000015,39.12286000000006],[42.69177000000013,39.12258000000014],[42.69121000000018,39.12258000000014],[42.689470000000085,39.12283000000025],[42.688290000000165,39.12289000000021],[42.68499000000014,39.12383000000017],[42.68340000000018,39.12395000000038],[42.68255000000005,39.123930000000314],[42.68214000000023,39.12386000000021],[42.68183000000016,39.12370000000044],[42.68116000000015,39.12276000000014],[42.67958000000016,39.12221000000011],[42.67787000000004,39.12234000000018],[42.67725000000007,39.12230000000005],[42.675750000000164,39.12178000000006],[42.675250000000176,39.12171000000012],[42.672190000000114,39.12188000000049],[42.67116000000016,39.121850000000165],[42.67023000000012,39.12166000000008],[42.66896000000003,39.12162000000029],[42.667760000000044,39.12193000000036],[42.66715000000016,39.122200000000134],[42.666700000000105,39.122160000000235],[42.66540000000015,39.122780000000375],[42.663230000000226,39.123470000000054],[42.66313000000008,39.123560000000225],[42.663050000000055,39.12401000000051],[42.66290000000009,39.124270000000706],[42.661470000000065,39.12463000000014],[42.65961000000016,39.12496000000027],[42.65674000000024,39.12521000000032],[42.655870000000164,39.12519000000009],[42.6529000000001,39.12627000000009],[42.65245000000016,39.126320000000135],[42.65204000000017,39.12624000000028],[42.65183000000019,39.12631000000039],[42.64605000000017,39.12871000000018],[42.64553000000012,39.1290800000001],[42.64393000000007,39.12985000000003],[42.64324000000022,39.130060000000185],[42.64276000000007,39.13038000000034],[42.63991000000016,39.131430000000535],[42.63795000000022,39.131800000000055],[42.63668000000007,39.13175000000018],[42.636070000000075,39.13187000000016],[42.634830000000136,39.1315900000003],[42.63383000000016,39.13173000000012],[42.63249000000013,39.131770000000245],[42.631670000000156,39.132510000000366],[42.63153000000011,39.1330200000001],[42.630180000000166,39.13215000000042],[42.62960000000015,39.13166000000041],[42.627990000000125,39.13219000000021],[42.62797000000012,39.13203000000044],[42.627730000000156,39.13202000000035],[42.6276000000002,39.13191000000046],[42.627560000000074,39.13172000000037],[42.62726000000015,39.13154000000003],[42.62675000000024,39.131550000000516],[42.62671000000012,39.131210000000124],[42.626560000000154,39.131060000000105],[42.626030000000185,39.130620000000306],[42.62539000000015,39.1303500000007],[42.625350000000196,39.13017000000019],[42.62555000000003,39.12978000000044],[42.625350000000196,39.129380000000026],[42.62546000000009,39.12903000000023],[42.62533000000013,39.128420000000176],[42.62537000000009,39.127340000000345],[42.62515000000019,39.126290000000154],[42.625450000000114,39.12600000000032],[42.625570000000096,39.12568000000016],[42.62555000000003,39.125320000000215],[42.62539000000015,39.125100000000316],[42.62578000000008,39.12519000000009],[42.625880000000166,39.124680000000524],[42.62549000000007,39.124360000000365],[42.62503000000004,39.12416000000013],[42.625230000000045,39.122660000000394],[42.624790000000075,39.122660000000394],[42.624610000000075,39.12184000000019],[42.62424000000004,39.121730000000184],[42.62333000000007,39.121940000000336],[42.62274000000008,39.12221000000011],[42.622510000000034,39.12221000000011],[42.62261000000018,39.12245000000007],[42.622280000000046,39.12236000000041],[42.62175000000008,39.12237000000039],[42.62190000000004,39.12268000000006],[42.622440000000154,39.122810000000186],[42.62246000000016,39.12288000000012],[42.620520000000056,39.123590000000206],[42.6207500000001,39.12411000000026],[42.62121000000013,39.124520000000075],[42.621480000000076,39.12507000000011],[42.62153000000018,39.12538000000018],[42.62147000000016,39.12550000000016],[42.621200000000044,39.12553000000037],[42.621420000000114,39.12599000000023],[42.62078000000008,39.12599000000023],[42.620460000000094,39.12652000000071],[42.62033000000014,39.126500000000476],[42.62012000000021,39.126680000000306],[42.61893000000015,39.12667000000033],[42.61877000000004,39.126470000000154],[42.61840000000018,39.12654000000026],[42.61852000000016,39.12636000000026],[42.61833000000007,39.126190000000406],[42.618380000000116,39.125940000000355],[42.61822000000018,39.12571000000048],[42.617890000000045,39.12566000000061],[42.61766000000006,39.125360000000114],[42.61705000000018,39.12541000000016],[42.61651000000012,39.12527000000034],[42.61611000000005,39.124520000000075],[42.61567000000008,39.12438000000003],[42.61549000000008,39.12477000000018],[42.61480000000017,39.125360000000114],[42.61354000000006,39.124370000000454],[42.61272000000025,39.12351000000035],[42.61255000000017,39.1224000000002],[42.61214000000018,39.12224000000043],[42.61169000000007,39.12234000000018],[42.61153000000019,39.12224000000043],[42.611570000000086,39.122070000000576],[42.611880000000156,39.121860000000254],[42.611840000000086,39.12160000000006],[42.61164000000019,39.12160000000006],[42.61131000000012,39.121830000000614],[42.61121000000014,39.121790000000146],[42.611040000000116,39.121510000000285],[42.610800000000154,39.12147000000016],[42.60939000000019,39.12044000000071],[42.60893000000016,39.11992000000032],[42.60854000000006,39.119930000000295],[42.608500000000106,39.12029000000041],[42.608410000000106,39.12038000000018],[42.60806000000014,39.120120000000384],[42.607820000000174,39.120280000000264],[42.60766000000007,39.120270000000176],[42.60737000000006,39.11836000000005],[42.60682000000003,39.1189100000006],[42.60664000000003,39.11893000000015],[42.605530000000044,39.11856000000006],[42.605830000000196,39.11911000000009],[42.605840000000114,39.11943000000031],[42.60600000000005,39.11968000000036],[42.60564000000011,39.11976000000004],[42.60581000000013,39.11995000000013],[42.60554000000019,39.12020000000007],[42.60492000000022,39.12019000000009],[42.60483000000005,39.120120000000384],[42.60465000000005,39.120180000000516],[42.60452000000015,39.12011000000041],[42.604470000000106,39.11974000000038],[42.60415000000006,39.1195100000005],[42.60433000000006,39.119130000000325],[42.60397000000012,39.11833000000024],[42.60397000000012,39.11790000000019],[42.60357000000005,39.117770000000064],[42.60372000000024,39.117580000000146],[42.60366000000005,39.1175300000001],[42.605120000000056,39.1163600000001],[42.60558000000009,39.11623000000054],[42.60715000000016,39.11480000000017],[42.60748000000012,39.11435000000006],[42.60879000000011,39.113340000000164],[42.609430000000145,39.112710000000106],[42.612620000000106,39.11136000000033],[42.61347000000012,39.111140000000034],[42.61379000000011,39.110920000000306],[42.61317000000014,39.10806000000031],[42.61273000000017,39.1071300000001],[42.61133000000012,39.10534000000047],[42.61155000000025,39.10508000000027],[42.60939000000019,39.10190000000006],[42.60886000000005,39.09976000000063],[42.60863000000023,39.09743000000043],[42.60734000000008,39.092150000000515],[42.60724000000016,39.09182000000021],[42.60709000000014,39.09167000000059],[42.60715000000016,39.09139000000016],[42.607020000000205,39.08960000000019],[42.60836000000006,39.086270000000184],[42.609560000000045,39.08475000000004],[42.609520000000146,39.08061000000066],[42.609120000000075,39.076820000000055],[42.60944000000006,39.07432000000034],[42.60954000000021,39.07401000000027],[42.60985000000011,39.073660000000075],[42.630180000000166,39.07362000000069],[42.637120000000095,39.07305000000042],[42.647960000000126,39.07101000000006],[42.65013000000005,39.07128000000034],[42.6516000000002,39.07098000000042],[42.654900000000225,39.06989000000044],[42.6586700000002,39.067930000000274],[42.66255000000007,39.06685000000044],[42.66549000000015,39.066970000000424],[42.671380000000056,39.06949000000003],[42.675720000000126,39.06925000000007],[42.681920000000105,39.06769000000031],[42.6912200000001,39.06552000000016],[42.69757000000004,39.06167000000033],[42.69986000000017,39.0673500000006],[42.70069000000012,39.069690000000264],[42.7045500000001,39.075450000000046],[42.706100000000106,39.07748000000032],[42.704930000000104,39.07809000000037],[42.70345000000003,39.07862000000017],[42.70201000000009,39.079330000000084],[42.70076000000023,39.079510000000596],[42.699880000000064,39.079790000000344],[42.69872000000015,39.079850000000306],[42.698200000000156,39.08002000000016],[42.69805000000014,39.07990000000018],[42.69720000000018,39.080040000000395],[42.69664000000017,39.08046000000036],[42.69312000000008,39.08230000000037],[42.69363000000021,39.083290000000034],[42.69398000000018,39.08563000000038],[42.69398000000018,39.08630000000039],[42.69424000000021,39.08724000000018],[42.6942600000001,39.087750000000256],[42.69491000000005,39.08867000000038],[42.69498000000016,39.089180000000624],[42.695580000000064,39.090290000000095],[42.6964200000001,39.09086000000036],[42.696660000000065,39.09158000000025],[42.697310000000186,39.092490000000225],[42.697500000000105,39.092680000000314],[42.699200000000076,39.0933600000003],[42.6992400000002,39.09356000000014],[42.69911000000013,39.09375000000006],[42.69907000000018,39.094070000000215],[42.69878000000017,39.09449000000018],[42.69876000000011,39.095520000000135],[42.69900000000007,39.09603000000038],[42.700250000000096,39.09769000000006],[42.70138000000014,39.09940000000017],[42.699940000000026,39.10160000000013],[42.69902000000013,39.10210000000029],[42.698270000000036,39.10279000000037],[42.698550000000125,39.104080000000124],[42.698200000000156,39.104260000000636],[42.698520000000144,39.10461000000032],[42.69823000000014,39.10481000000016],[42.69837000000018,39.105430000000126],[42.69713000000007,39.10842000000025],[42.69726000000014,39.10895000000005],[42.69729000000018,39.110270000000526],[42.69509000000022,39.11202000000037],[42.69577000000015,39.114910000000066],[42.69581000000011,39.11590000000024],[42.69454000000019,39.116340000000264],[42.69448000000017,39.11688000000032],[42.69491000000005,39.117740000000424],[42.69550000000021,39.11837000000014],[42.69594000000018,39.11906000000022],[42.694150000000036,39.122510000000204],[42.694310000000144,39.123000000000104]]],"type":"Polygon"}},{"type":"Feature","properties":{"area_id":"TR-49-004-60385","name_tr":"Adalar","area_level":"neighbourhood","parent_id":"TR-49-004","endeksa_id":60385},"geometry":{"coordinates":[[[42.52621606615628,39.135827867687794],[42.52604000000014,39.13618000000008],[42.52407000000005,39.13522000000006],[42.521890000000155,39.13367000000028],[42.52151000000015,39.13371000000018],[42.520590000000084,39.13410000000033],[42.520500000000084,39.134030000000394],[42.52041000000008,39.13340000000011],[42.51940000000019,39.13266000000016],[42.518860000000075,39.13268000000022],[42.5180400000001,39.13309000000021],[42.51531000000017,39.131950000000245],[42.51460000000003,39.13153000000028],[42.51444000000015,39.13120000000015],[42.51446000000021,39.12967000000003],[42.51225000000011,39.128050000000144],[42.512660000000096,39.126600000000224],[42.51218000000017,39.123900000000106],[42.51204000000013,39.12353000000007],[42.51239000000015,39.11933000000016],[42.51280000000014,39.118510000000185],[42.513810000000205,39.11707000000041],[42.514090000000124,39.11608000000024],[42.51437000000004,39.112680000000296],[42.51423000000017,39.110640000000046],[42.51463000000024,39.107480000000066],[42.515790000000095,39.10146000000009],[42.52153000000004,39.082050000000436],[42.52153000000004,39.07946000000004],[42.51905000000016,39.07704000000018],[42.51671000000022,39.07589000000024],[42.51310000000012,39.07600000000008],[42.51090000000016,39.07990000000018],[42.50878000000006,39.0813900000004],[42.505380000000116,39.08111000000014],[42.50431000000026,39.08029000000033],[42.501760100000126,39.07907490000048],[42.499848600000064,39.07799200000005],[42.49960180000005,39.07810860000046],[42.49945160000004,39.07802530000032],[42.49938730000008,39.07837510000013],[42.49968835683427,39.078703524237085],[42.49965795910282,39.078875161317455],[42.499436040888725,39.07886083873257],[42.48695437200007,39.067965597000466],[42.47056039000006,39.06800060700016],[42.47043816300015,39.067929241000115],[42.47049675800008,39.06781564600004],[42.47500153600015,39.06581395100011],[42.48370316800015,39.059724488000086],[42.49082033399998,39.05363243800019],[42.49481966000013,39.04980587600028],[42.49484628800002,39.04991553800011],[42.496431101000155,39.051028073000055],[42.512629225000126,39.06054602300014],[42.51728317900012,39.06245339700001],[42.51776998600013,39.06788906100053],[42.51940291466639,39.07234122834075],[42.519630000000234,39.072600000000136],[42.51989000000003,39.07262000000037],[42.519910000000095,39.072540000000174],[42.5203800000001,39.07247000000007],[42.520400000000166,39.07225000000034],[42.52116000000012,39.07210000000015],[42.521670000000086,39.07150000000007],[42.52463000000017,39.07181000000014],[42.52577000000019,39.07219000000032],[42.526630000000125,39.072600000000136],[42.52766000000008,39.07159000000041],[42.528342437364984,39.078488630669085],[42.528950115806424,39.08063985156383],[42.52909000000011,39.080500000000086],[42.52946000000014,39.08043000000015],[42.52956000000006,39.080250000000035],[42.52955000000014,39.07997000000029],[42.529730000000086,39.07989000000009],[42.52985000000007,39.07966000000022],[42.52994000000007,39.07975000000056],[42.530410000000074,39.079230000000166],[42.53120000000007,39.07932000000051],[42.53139000000016,39.07909000000012],[42.531650000000184,39.078950000000304],[42.53174000000013,39.079110000000185],[42.5322300000002,39.079170000000204],[42.53226000000018,39.07906000000031],[42.5320500000002,39.07885000000016],[42.53218000000015,39.07863000000026],[42.53229000000016,39.07868000000013],[42.53229000000016,39.07879000000071],[42.53240000000005,39.07879000000071],[42.532730000000186,39.078400000000045],[42.53311000000019,39.07851000000028],[42.53310000000005,39.07823000000042],[42.53321000000011,39.0781300000001],[42.53389000000004,39.07830000000013],[42.53384000000017,39.078550000000064],[42.534090000000106,39.07863000000026],[42.534090000000106,39.07872000000009],[42.534470000000056,39.07872000000009],[42.53467000000012,39.078460000000405],[42.53510000000017,39.07832000000019],[42.53554000000014,39.07799000000006],[42.53607000000011,39.078050000000076],[42.536510000000135,39.07761000000028],[42.53678000000008,39.07808000000023],[42.53715000000011,39.077710000000195],[42.53731000000005,39.0777800000003],[42.53727000000009,39.07808000000023],[42.537410000000136,39.077960000000246],[42.53790000000021,39.07788000000005],[42.53802000000019,39.07768000000016],[42.53827000000007,39.07770000000005],[42.53849000000014,39.07798000000048],[42.5387300000001,39.07782000000003],[42.539080000000126,39.07785000000041],[42.53912000000008,39.07829000000004],[42.53923000000009,39.07854000000009],[42.539830000000165,39.07869000000028],[42.540010000000166,39.07830000000013],[42.5403800000002,39.078240000000164],[42.5403800000002,39.078400000000045],[42.54064000000005,39.078400000000045],[42.54102000000006,39.07825000000008],[42.54104000000012,39.07803000000035],[42.54093000000006,39.07789000000014],[42.54109000000017,39.077590000000214],[42.54145000000011,39.07776000000007],[42.54180000000014,39.07767000000041],[42.542020000000036,39.07779000000039],[42.543260000000146,39.07755000000043],[42.54395000000022,39.077620000000536],[42.54455000000013,39.07803000000035],[42.54511000000008,39.07808000000023],[42.54518000000019,39.07801000000012],[42.54567000000003,39.07800000000003],[42.54578249435218,39.07821715253914],[42.54385000000008,39.08153000000004],[42.542020000000036,39.08575000000036],[42.539140000000145,39.09030000000024],[42.53962000000024,39.09043000000031],[42.53938000000011,39.09089000000017],[42.53841000000011,39.091750000000104],[42.53841000000011,39.09163000000012],[42.537260000000174,39.092830000000106],[42.535800000000165,39.09391000000011],[42.53368000000006,39.095210000000066],[42.53231000000005,39.0961700000006],[42.52953000000008,39.0989100000001],[42.52898000000005,39.09958000000012],[42.5272300000002,39.104230000000314],[42.526290000000074,39.10643000000027],[42.524120000000096,39.10908000000012],[42.52368000000013,39.110090000000184],[42.52363000000025,39.11074000000036],[42.52388000000013,39.111540000000446],[42.5261500000002,39.115570000000105],[42.530840000000126,39.12239000000005],[42.52916000000022,39.1237900000001],[42.52909000000011,39.12516000000045],[42.529170000000136,39.12655000000035],[42.53034000000014,39.12800000000027],[42.53006000000005,39.12920000000008],[42.53090000000009,39.13008000000042],[42.5325400000001,39.13128000000023],[42.53287000000023,39.13215000000042],[42.5325400000001,39.1328000000002],[42.532414626033585,39.13289011253897],[42.53102606020383,39.13368065267616],[42.53049001458754,39.133770047583255],[42.530130000000156,39.13426000000021],[42.529570000000206,39.134580000000426],[42.5293200000001,39.134960000000035],[42.529040000000236,39.135200000000395],[42.528650000000084,39.13540000000006],[42.528210000000115,39.1354900000004],[42.52804000000009,39.13577000000009],[42.527810000000045,39.135700000000156],[42.527370000000076,39.13504000000012],[42.526910000000214,39.134920000000136],[42.52653000000004,39.13497000000018],[42.52630000000016,39.13528000000008],[42.52621606615628,39.135827867687794]]],"type":"Polygon"}},{"type":"Feature","properties":{"area_id":"TR-49-004-60389","name_tr":"Altuntaş","area_level":"neighbourhood","parent_id":"TR-49-004","endeksa_id":60389},"geometry":{"coordinates":[[[42.52621606615628,39.135827867687794],[42.526933499999984,39.13653900000048],[42.526611700000046,39.136784500000545],[42.526354200000014,39.13687190000013],[42.52615570000012,39.13684280000007],[42.52596260000013,39.13719230000004],[42.525361800000155,39.13758340000021],[42.525007700000174,39.13769990000026],[42.52457860000004,39.13755010000011],[42.52382750000004,39.13789130000009],[42.52368810000007,39.138091000000145],[42.52369880000009,39.13839890000054],[42.52418160000002,39.13863190000063],[42.52423520000002,39.1389149000006],[42.52410650000007,39.13908130000016],[42.52389190000008,39.139122900000075],[42.52323750000011,39.13888160000033],[42.5231624000001,39.139114600000426],[42.52349490000006,39.1394308000003],[42.523398400000076,39.13961390000003],[42.52318380000008,39.13974700000017],[42.52294780000011,39.139680399999975],[42.52219680000013,39.13884830000006],[42.52076980000004,39.13759170000003],[42.51951450000007,39.13618539999999],[42.519192700000076,39.136043900000004],[42.518441700000096,39.135927400000185],[42.516810899999996,39.13541980000025],[42.51318450000019,39.13395510000021],[42.50941870000014,39.13279830000005],[42.506618500000116,39.132507000000146],[42.50371100000007,39.13185790000006],[42.502230400000144,39.13126700000055],[42.49762770000012,39.12906990000016],[42.49394770000015,39.12708900000018],[42.493293300000175,39.12628169999999],[42.49116900000007,39.12441740000014],[42.48939870000015,39.122253300000466],[42.48857260000017,39.12157910000013],[42.484549300000026,39.119090300000096],[42.482521500000075,39.117666900000415],[42.48054739999998,39.11690940000062],[42.47945310000006,39.116634700000134],[42.47874500000006,39.11655980000012],[42.47807963796157,39.11591044957976],[42.47717605943666,39.11536522322683],[42.47706923815775,39.1152278354304],[42.47710328368038,39.11507493000977],[42.477256242450494,39.11497550853164],[42.47746334649145,39.11497918875432],[42.47530100000006,39.114145800000074],[42.47434620000013,39.11366300000009],[42.47476460000007,39.11350480000016],[42.47641679999998,39.11392100000012],[42.47759700000012,39.11408750000055],[42.481759800000134,39.11281390000033],[42.4829936000001,39.11469520000003],[42.48400843000019,39.11524955400006],[42.48444810200016,39.115107099000625],[42.484785692,39.115381180000156],[42.48491525100019,39.115380060000064],[42.485170304000064,39.11466081900011],[42.485304607000046,39.11459628300014],[42.48593330000011,39.109309100000246],[42.48706383200005,39.106969756000126],[42.487303424000174,39.105958231000045],[42.49049069800009,39.104857308000135],[42.49082560000011,39.10448050000008],[42.4906969000001,39.103731200000084],[42.490707600000064,39.102590599999985],[42.49034280000012,39.102265900000134],[42.491662500000075,39.101991100000134],[42.49356150000017,39.10248230000013],[42.49366554700015,39.1036634930004],[42.49387695600012,39.103711501000134],[42.49415160000012,39.103073500000164],[42.49481680000008,39.100667300000055],[42.495789401000025,39.10040501999998],[42.49663168700005,39.09894876900006],[42.496674881000104,39.098609146000115],[42.49659780000019,39.09847750000006],[42.49671144400003,39.09832165500001],[42.49723601500017,39.0941970340001],[42.49737757700012,39.09413334400011],[42.498869911000156,39.09439857500013],[42.49896890500003,39.09434201500011],[42.4990868000001,39.09337330000011],[42.49887230000007,39.09337330000011],[42.49902250000008,39.091849500000194],[42.49948612700018,39.091869212000006],[42.50043256100014,39.08701477900007],[42.500395800000035,39.08596200000011],[42.50081399200019,39.085058349000064],[42.50102621200011,39.08396983200015],[42.50053520000017,39.08313890000011],[42.50142570000014,39.080598800000075],[42.49938730000008,39.07837510000013],[42.49945160000004,39.07802530000032],[42.49960180000005,39.07810860000046],[42.499848600000064,39.07799200000005],[42.501760100000126,39.07907490000048],[42.50431000000026,39.08029000000033],[42.505380000000116,39.08111000000014],[42.50878000000006,39.0813900000004],[42.51090000000016,39.07990000000018],[42.51310000000012,39.07600000000008],[42.51671000000022,39.07589000000024],[42.51905000000016,39.07704000000018],[42.52153000000004,39.07946000000004],[42.52153000000004,39.082050000000436],[42.515790000000095,39.10146000000009],[42.51463000000024,39.107480000000066],[42.51423000000017,39.110640000000046],[42.51437000000004,39.112680000000296],[42.514090000000124,39.11608000000024],[42.513810000000205,39.11707000000041],[42.51280000000014,39.118510000000185],[42.51239000000015,39.11933000000016],[42.51204000000013,39.12353000000007],[42.51218000000017,39.123900000000106],[42.512660000000096,39.126600000000224],[42.51225000000011,39.128050000000144],[42.51446000000021,39.12967000000003],[42.51444000000015,39.13120000000015],[42.51460000000003,39.13153000000028],[42.51531000000017,39.131950000000245],[42.5180400000001,39.13309000000021],[42.518860000000075,39.13268000000022],[42.51940000000019,39.13266000000016],[42.52041000000008,39.13340000000011],[42.520500000000084,39.134030000000394],[42.520590000000084,39.13410000000033],[42.52151000000015,39.13371000000018],[42.521890000000155,39.13367000000028],[42.52407000000005,39.13522000000006],[42.52604000000014,39.13618000000008],[42.52621606615628,39.135827867687794]]],"type":"Polygon"}},{"type":"Feature","properties":{"area_id":"TR-49-004-60388","name_tr":"Alişan","area_level":"neighbourhood","parent_id":"TR-49-004","endeksa_id":60388},"geometry":{"coordinates":[[[42.54014610000007,39.12945270000017],[42.53898740000011,39.12966910000017],[42.53913760000012,39.13038480000006],[42.538687000000095,39.130950800000164],[42.538332900000114,39.13183290000012],[42.538590400000146,39.13208259999999],[42.538729900000135,39.13236560000013],[42.53894450000013,39.13311460000011],[42.53941650000007,39.13362220000005],[42.53933070000011,39.134412800000064],[42.5391269000001,39.13478730000014],[42.539051800000095,39.13520340000014],[42.539116100000115,39.1357526000001],[42.53890160000009,39.136568200000056],[42.538697700000114,39.136992599999985],[42.53857970000013,39.13694260000011],[42.538332900000114,39.1371673000001],[42.537474600000166,39.13696760000005],[42.53679870000019,39.13711740000019],[42.536670000000015,39.13737540000005],[42.536906000000045,39.13824080000006],[42.53639100000004,39.139730400000076],[42.53513570000007,39.140163100000166],[42.53422380000012,39.137516800000014],[42.535082100000125,39.13636840000004],[42.53427740000012,39.136568200000056],[42.53376240000017,39.136393399999974],[42.53405210000017,39.136002300000484],[42.53257150000019,39.134412800000064],[42.53245350000003,39.13344740000048],[42.53259300000019,39.13324770000065],[42.53237412948931,39.13302455040605],[42.532414626033585,39.13289011253897],[42.5325400000001,39.1328000000002],[42.53287000000023,39.13215000000042],[42.5325400000001,39.13128000000023],[42.53090000000009,39.13008000000042],[42.53006000000005,39.12920000000008],[42.53034000000014,39.12800000000027],[42.529170000000136,39.12655000000035],[42.52909000000011,39.12516000000045],[42.52916000000022,39.1237900000001],[42.530840000000126,39.12239000000005],[42.5261500000002,39.115570000000105],[42.52388000000013,39.111540000000446],[42.52363000000025,39.11074000000036],[42.52368000000013,39.110090000000184],[42.524120000000096,39.10908000000012],[42.526290000000074,39.10643000000027],[42.5272300000002,39.104230000000314],[42.52898000000005,39.09958000000012],[42.52953000000008,39.0989100000001],[42.53231000000005,39.0961700000006],[42.53368000000006,39.095210000000066],[42.535800000000165,39.09391000000011],[42.537260000000174,39.092830000000106],[42.53841000000011,39.09163000000012],[42.53841000000011,39.091750000000104],[42.53938000000011,39.09089000000017],[42.53962000000024,39.09043000000031],[42.53932063275795,39.090348921372765],[42.53945842500008,39.09013553300019],[42.539485544000115,39.09023393600006],[42.53998148100004,39.090206614000124],[42.540221200000076,39.08985930000034],[42.54103681800001,39.0901484740001],[42.54347585600004,39.09001410300027],[42.54377240000008,39.08972610000069],[42.54424450000005,39.08945130000018],[42.54448060000004,39.08944300000036],[42.54622709900002,39.0898625320001],[42.54752750000006,39.089759400000105],[42.548568200000034,39.0900508000002],[42.54910470000004,39.09039230000002],[42.55206580000004,39.09401450000024],[42.55209800000006,39.096687400000064],[42.553095799999994,39.09662910000003],[42.55451200000016,39.096903800000064],[42.55502700000011,39.097328500000174],[42.55501630000009,39.097861400000056],[42.55614280000009,39.098419200000535],[42.55682940000003,39.099942900000485],[42.557666300000164,39.09978470000004],[42.557505400000025,39.09964320000006],[42.55784870000019,39.09905200000031],[42.55848170000013,39.09978470000004],[42.55869630000012,39.10019270000055],[42.5590825000001,39.10030090000026],[42.559104000000104,39.099859700000025],[42.5587177000001,39.0994683000003],[42.55857820000011,39.099093700000026],[42.55869630000012,39.09856080000003],[42.5590289000001,39.09848579999999],[42.55907180000014,39.09880220000025],[42.55946870000008,39.09882720000019],[42.55959750000011,39.09846090000008],[42.55993010000009,39.098219400000346],[42.55983350000008,39.09800290000055],[42.56015540000004,39.097861400000056],[42.560434300000054,39.09809450000017],[42.560466500000075,39.09828600000003],[42.56135699999999,39.09816940000047],[42.56197930000019,39.098968800000534],[42.56289120000014,39.09924350000017],[42.562977100000126,39.099776400000565],[42.56342770000009,39.09975970000011],[42.5636530000001,39.100392500000055],[42.56322380000012,39.10076720000012],[42.56312730000013,39.10108360000004],[42.563535000000115,39.101791300000116],[42.563781700000106,39.1020244000004],[42.56404990000004,39.10201610000007],[42.56412510000007,39.102149300000065],[42.563749500000085,39.10221590000026],[42.56359930000008,39.10241570000045],[42.564071400000046,39.10265720000018],[42.56420020000007,39.1035730000001],[42.56383540000007,39.104055900000446],[42.56335260000009,39.10450550000019],[42.56343840000011,39.10499670000013],[42.5637066000001,39.105271400000106],[42.56380320000011,39.105596100000184],[42.563535000000115,39.10668670000018],[42.5639963000001,39.1074526000001],[42.56400700000006,39.10911770000007],[42.56356720000008,39.10990850000013],[42.56354570000008,39.11029980000018],[42.563556400000095,39.1105579],[42.563889000000074,39.110949100000084],[42.5632131000001,39.11304700000011],[42.563524200000074,39.11467020000009],[42.56264450000015,39.11569410000061],[42.56124970000019,39.11623520000012],[42.56071330000003,39.11718410000026],[42.560563100000024,39.117625299999986],[42.560080300000095,39.118374500000186],[42.55962970000007,39.11879070000032],[42.55925420000011,39.11899040000014],[42.558578899999986,39.1196822],[42.558224200000154,39.12000590000014],[42.55739810000017,39.11993100000052],[42.55685090000003,39.12006420000017],[42.556593400000054,39.11993930000017],[42.55572440000009,39.12059690000001],[42.55576730000007,39.12110460000014],[42.55557420000008,39.12135439999997],[42.55527380000012,39.12147090000002],[42.554587100000106,39.121337700000026],[42.55409360000016,39.12088820000014],[42.55386830000015,39.12078830000007],[42.55355709999998,39.12102140000013],[42.55356790000019,39.12122120000015],[42.55334260000018,39.121420899999976],[42.552741800000035,39.121371000000295],[42.552580800000044,39.12148750000034],[42.552613000000065,39.1216790000002],[42.55248430000006,39.121803800000066],[42.552763200000015,39.122245000000134],[42.552570100000025,39.12239480000045],[42.551314800000114,39.122178400000166],[42.551078800000084,39.12239480000045],[42.5507247000001,39.12370160000057],[42.55084280000011,39.123843100000045],[42.55121830000013,39.12380140000016],[42.55236620000005,39.123926300000335],[42.552602300000046,39.1236516000007],[42.55283830000019,39.12356840000007],[42.5531709,39.12369320000005],[42.55364300000019,39.1241177],[42.55366440000017,39.12438410000004],[42.55284900000004,39.124683700000105],[42.55251640000006,39.12458380000038],[42.552409200000056,39.124359100000106],[42.55204440000006,39.1245006000006],[42.55115390000009,39.12429250000008],[42.550746200000106,39.12440900000013],[42.550553100000116,39.12459210000003],[42.550789100000145,39.12491670000003],[42.551314800000114,39.12484180000041],[42.55215170000008,39.12517480000025],[42.552763200000015,39.12569910000013],[42.55125040000007,39.12681440000006],[42.551862000000085,39.12753850000007],[42.55209800000006,39.12837910000019],[42.55198000000007,39.1285539000001],[42.55178690000008,39.12851220000016],[42.55156160000007,39.12831250000016],[42.5514328000001,39.12839570000011],[42.551336300000116,39.1286288000004],[42.55167960000006,39.12880350000029],[42.55198000000007,39.12922800000024],[42.551883400000065,39.12945270000017],[42.5517440000001,39.1294943000006],[42.551529400000106,39.129352800000106],[42.55141140000012,39.129161400000044],[42.5510359000001,39.12888680000043],[42.55077840000013,39.12906990000016],[42.55070330000012,39.12939440000014],[42.55083200000013,39.12957750000038],[42.55070330000012,39.12975230000063],[42.550059500000145,39.130235000000425],[42.54940510000017,39.13045140000003],[42.548922300000186,39.130759300000136],[42.548557500000015,39.130759300000136],[42.548182000000054,39.130418100000156],[42.548396600000046,39.130151800000135],[42.548171300000035,39.12996870000006],[42.54795670000004,39.12996040000007],[42.54776360000005,39.12982720000008],[42.547881600000096,39.12961080000014],[42.54745240000011,39.129635800000074],[42.547098400000095,39.129419400000074],[42.54689450000012,39.12911150000019],[42.54777430000007,39.127779800000496],[42.54769920000007,39.12761340000009],[42.54793520000004,39.12738030000048],[42.54789230000006,39.12675610000019],[42.54755970000008,39.12648980000034],[42.547237900000084,39.126406600000564],[42.5468087000001,39.127097400000025],[42.546551200000124,39.12719720000007],[42.546443900000156,39.1273887000001],[42.546722900000134,39.12759670000008],[42.54657270000013,39.12784640000018],[42.545864600000186,39.12800460000062],[42.54515650000019,39.127513500000134],[42.54484530000019,39.126972500000136],[42.544920400000194,39.12660630000039],[42.54556420000017,39.12632330000042],[42.54569290000018,39.126040400000136],[42.545650000000194,39.12580730000036],[42.54502769999999,39.125241300000425],[42.54466290000005,39.12519140000006],[42.54413720000008,39.12564090000012],[42.543804600000044,39.12623180000031],[42.54382610000005,39.12658970000007],[42.543611500000054,39.12698080000047],[42.54334330000012,39.127222200000006],[42.54280690000013,39.126881000000026],[42.54216310000015,39.12741360000007],[42.541401399999984,39.12773820000007],[42.54096150000004,39.128029500000196],[42.54039290000003,39.1279962000001],[42.54000660000008,39.12757180000034],[42.53953460000008,39.127263800000435],[42.539277100000106,39.12665630000026],[42.53879430000012,39.12651480000028],[42.53861190000015,39.12674780000037],[42.53835440000012,39.12784640000018],[42.54014610000007,39.12945270000017]]],"type":"Polygon"}},{"type":"Feature","properties":{"area_id":"TR-49-004-60393","name_tr":"Şekerbulak","area_level":"neighbourhood","parent_id":"TR-49-004","endeksa_id":60393},"geometry":{"coordinates":[[[42.53513570000007,39.140163100000166],[42.535822400000086,39.142251700000145],[42.53577950000005,39.1426927],[42.52897740000003,39.14080380000007],[42.525748000000135,39.14014639999999],[42.52369880000009,39.14002160000018],[42.52318380000008,39.13974700000017],[42.523398400000076,39.13961390000003],[42.52349490000006,39.1394308000003],[42.5231624000001,39.139114600000426],[42.52323750000011,39.13888160000033],[42.52389190000008,39.139122900000075],[42.52410650000007,39.13908130000016],[42.52423520000002,39.1389149000006],[42.52418160000002,39.13863190000063],[42.52369880000009,39.13839890000054],[42.52368810000007,39.138091000000145],[42.52382750000004,39.13789130000009],[42.52457860000004,39.13755010000011],[42.525007700000174,39.13769990000026],[42.525361800000155,39.13758340000021],[42.52596260000013,39.13719230000004],[42.52615570000012,39.13684280000007],[42.526354200000014,39.13687190000013],[42.526611700000046,39.136784500000545],[42.526933499999984,39.13653900000048],[42.52621606615628,39.135827867687794],[42.52630000000016,39.13528000000008],[42.52653000000004,39.13497000000018],[42.526910000000214,39.134920000000136],[42.527370000000076,39.13504000000012],[42.527810000000045,39.135700000000156],[42.52804000000009,39.13577000000009],[42.528210000000115,39.1354900000004],[42.528650000000084,39.13540000000006],[42.529040000000236,39.135200000000395],[42.5293200000001,39.134960000000035],[42.529570000000206,39.134580000000426],[42.530130000000156,39.13426000000021],[42.53049001458754,39.133770047583255],[42.53102606020383,39.13368065267616],[42.532414626033585,39.13289011253897],[42.53237412948931,39.13302455040605],[42.53259300000019,39.13324770000065],[42.53245350000003,39.13344740000048],[42.53257150000019,39.134412800000064],[42.53405210000017,39.136002300000484],[42.53376240000017,39.136393399999974],[42.53427740000012,39.136568200000056],[42.535082100000125,39.13636840000004],[42.53422380000012,39.137516800000014],[42.53513570000007,39.140163100000166]]],"type":"Polygon"}},{"type":"Feature","properties":{"area_id":"TR-49-004-60396","name_tr":"Saftekingazi","area_level":"neighbourhood","parent_id":"TR-49-004","endeksa_id":60396},"geometry":{"coordinates":[[[42.54014610000007,39.12945270000017],[42.54277470000011,39.13182460000013],[42.543461300000104,39.13264020000048],[42.54396560000009,39.133389200000124],[42.54480240000004,39.135286600000086],[42.54689450000012,39.13755010000011],[42.542538600000114,39.14244310000049],[42.54207730000013,39.142809200000045],[42.54083810000009,39.14331260000017],[42.54057530000006,39.14351230000017],[42.539942300000064,39.1433542000002],[42.53773750000005,39.143250200000125],[42.53680940000004,39.14300060000011],[42.53577950000005,39.1426927],[42.535822400000086,39.142251700000145],[42.53513570000007,39.140163100000166],[42.53639100000004,39.139730400000076],[42.536906000000045,39.13824080000006],[42.536670000000015,39.13737540000005],[42.53679870000019,39.13711740000019],[42.537474600000166,39.13696760000005],[42.538332900000114,39.1371673000001],[42.53857970000013,39.13694260000011],[42.538697700000114,39.136992599999985],[42.53890160000009,39.136568200000056],[42.539116100000115,39.1357526000001],[42.539051800000095,39.13520340000014],[42.5391269000001,39.13478730000014],[42.53933070000011,39.134412800000064],[42.53941650000007,39.13362220000005],[42.53894450000013,39.13311460000011],[42.538729900000135,39.13236560000013],[42.538590400000146,39.13208259999999],[42.538332900000114,39.13183290000012],[42.538687000000095,39.130950800000164],[42.53913760000012,39.13038480000006],[42.53898740000011,39.12966910000017],[42.54014610000007,39.12945270000017]]],"type":"Polygon"}},{"type":"Feature","properties":{"area_id":"TR-49-004-60395","name_tr":"Danışmentgazi","area_level":"neighbourhood","parent_id":"TR-49-004","endeksa_id":60395},"geometry":{"coordinates":[[[42.52785166100023,39.14682367000023],[42.51293758200035,39.15090744000025],[42.511355491000245,39.151176349000366],[42.51052966800023,39.15063909400027],[42.51028306100034,39.148379307000255],[42.50852485500036,39.146772719000694],[42.503817672000196,39.14662755700027],[42.497792708000304,39.148540317000254],[42.49659395300034,39.149126633000265],[42.49641569100032,39.14903007900028],[42.49637273100029,39.14938424900026],[42.49089000000009,39.14766850000012],[42.49303579999997,39.1462873000001],[42.49333620000016,39.145488500000226],[42.48992440000012,39.14458990000048],[42.4899673000001,39.142676100000585],[42.490417900000125,39.14061240000018],[42.48968840000015,39.13999670000004],[42.48883009999997,39.13951400000008],[42.48782160000002,39.139247700000055],[42.48604060000014,39.139147900000694],[42.481942200000105,39.137650000000065],[42.47958180000006,39.136135400000114],[42.473788200000115,39.13265680000006],[42.47222180000017,39.13327270000059],[42.47115203800013,39.12982739500018],[42.47087000000005,39.128995000000145],[42.470848500000045,39.12817930000051],[42.47119556500007,39.12788636900052],[42.47106134699999,39.125575738000066],[42.47093440000009,39.125233000000094],[42.470140400000105,39.12425090000005],[42.47080560000006,39.12425090000005],[42.47108460000004,39.122702800000354],[42.47117040000006,39.12093820000018],[42.47089150000005,39.12038880000006],[42.47056960000009,39.11922350000009],[42.47003310000008,39.11566080000034],[42.47056960000009,39.11288050000019],[42.47717605943666,39.11536522322683],[42.47807963796157,39.11591044957976],[42.47874500000006,39.11655980000012],[42.47945310000006,39.116634700000134],[42.48054739999998,39.11690940000062],[42.482521500000075,39.117666900000415],[42.484549300000026,39.119090300000096],[42.48857260000017,39.12157910000013],[42.48939870000015,39.122253300000466],[42.49116900000007,39.12441740000014],[42.493293300000175,39.12628169999999],[42.49394770000015,39.12708900000018],[42.49762770000012,39.12906990000016],[42.502230400000144,39.13126700000055],[42.50371100000007,39.13185790000006],[42.506618500000116,39.132507000000146],[42.50941870000014,39.13279830000005],[42.51318450000019,39.13395510000021],[42.516810899999996,39.13541980000025],[42.518441700000096,39.135927400000185],[42.519192700000076,39.136043900000004],[42.51951450000007,39.13618539999999],[42.52076980000004,39.13759170000003],[42.52219680000013,39.13884830000006],[42.52294780000011,39.139680399999975],[42.52318380000008,39.13974700000017],[42.52369880000009,39.14002160000018],[42.525748000000135,39.14014639999999],[42.52897740000003,39.14080380000007],[42.53577950000005,39.1426927],[42.53680940000004,39.14300060000011],[42.53518940000009,39.143940900000075],[42.53394480000014,39.144831200000056],[42.53329040000017,39.1452139000001],[42.531638100000066,39.14581300000043],[42.52785166100023,39.14682367000023]]],"type":"Polygon"}},{"type":"Feature","properties":{"area_id":"TR-49-004-60390","name_tr":"Mengüçgazi","area_level":"neighbourhood","parent_id":"TR-49-004","endeksa_id":60390},"geometry":{"coordinates":[[[42.596862061683794,39.1081245257198],[42.59145000000018,39.11121000000014],[42.58892000000009,39.11298000000022],[42.57759000000004,39.11933000000016],[42.575730000000135,39.1207500000001],[42.57186000000024,39.1246900000001],[42.56747000000007,39.127530000000434],[42.567000000000064,39.127770000000396],[42.56419000000011,39.12854000000016],[42.5627300000001,39.12928000000028],[42.56023000000022,39.130930000000376],[42.559930000000065,39.13129000000032],[42.55237000000017,39.14396000000005],[42.55205000000018,39.14469000000008],[42.55183000000011,39.14584000000053],[42.55167000000017,39.146170000000154],[42.55119000000008,39.14656000000042],[42.54998000000012,39.14718000000005],[42.5490200000001,39.14826000000039],[42.5487100000002,39.14842000000016],[42.548250000000166,39.14839000000012],[42.548190000000204,39.14861000000025],[42.54865410000002,39.150638800000024],[42.5484663114683,39.1515789425859],[42.54547300000007,39.15057230000008],[42.545102799999995,39.15023530000008],[42.544362500000034,39.149278500000094],[42.542093400000056,39.14669500000008],[42.541900300000066,39.14652440000032],[42.54094540000011,39.14619160000012],[42.53742630000011,39.14531790000018],[42.53592430000015,39.14504340000019],[42.53394480000014,39.144831200000056],[42.53518940000009,39.143940900000075],[42.53680940000004,39.14300060000011],[42.53773750000005,39.143250200000125],[42.539942300000064,39.1433542000002],[42.54057530000006,39.14351230000017],[42.54083810000009,39.14331260000017],[42.54207730000013,39.142809200000045],[42.542538600000114,39.14244310000049],[42.54689450000012,39.13755010000011],[42.54480240000004,39.135286600000086],[42.54396560000009,39.133389200000124],[42.543461300000104,39.13264020000048],[42.54277470000011,39.13182460000013],[42.54014610000007,39.12945270000017],[42.53835440000012,39.12784640000018],[42.53861190000015,39.12674780000037],[42.53879430000012,39.12651480000028],[42.539277100000106,39.12665630000026],[42.53953460000008,39.127263800000435],[42.54000660000008,39.12757180000034],[42.54039290000003,39.1279962000001],[42.54096150000004,39.128029500000196],[42.541401399999984,39.12773820000007],[42.54216310000015,39.12741360000007],[42.54280690000013,39.126881000000026],[42.54334330000012,39.127222200000006],[42.543611500000054,39.12698080000047],[42.54382610000005,39.12658970000007],[42.543804600000044,39.12623180000031],[42.54413720000008,39.12564090000012],[42.54466290000005,39.12519140000006],[42.54502769999999,39.125241300000425],[42.545650000000194,39.12580730000036],[42.54569290000018,39.126040400000136],[42.54556420000017,39.12632330000042],[42.544920400000194,39.12660630000039],[42.54484530000019,39.126972500000136],[42.54515650000019,39.127513500000134],[42.545864600000186,39.12800460000062],[42.54657270000013,39.12784640000018],[42.546722900000134,39.12759670000008],[42.546443900000156,39.1273887000001],[42.546551200000124,39.12719720000007],[42.5468087000001,39.127097400000025],[42.547237900000084,39.126406600000564],[42.54755970000008,39.12648980000034],[42.54789230000006,39.12675610000019],[42.54793520000004,39.12738030000048],[42.54769920000007,39.12761340000009],[42.54777430000007,39.127779800000496],[42.54689450000012,39.12911150000019],[42.547098400000095,39.129419400000074],[42.54745240000011,39.129635800000074],[42.547881600000096,39.12961080000014],[42.54776360000005,39.12982720000008],[42.54795670000004,39.12996040000007],[42.548171300000035,39.12996870000006],[42.548396600000046,39.130151800000135],[42.548182000000054,39.130418100000156],[42.548557500000015,39.130759300000136],[42.548922300000186,39.130759300000136],[42.54940510000017,39.13045140000003],[42.550059500000145,39.130235000000425],[42.55070330000012,39.12975230000063],[42.55083200000013,39.12957750000038],[42.55070330000012,39.12939440000014],[42.55077840000013,39.12906990000016],[42.5510359000001,39.12888680000043],[42.55141140000012,39.129161400000044],[42.551529400000106,39.129352800000106],[42.5517440000001,39.1294943000006],[42.551883400000065,39.12945270000017],[42.55198000000007,39.12922800000024],[42.55167960000006,39.12880350000029],[42.551336300000116,39.1286288000004],[42.5514328000001,39.12839570000011],[42.55156160000007,39.12831250000016],[42.55178690000008,39.12851220000016],[42.55198000000007,39.1285539000001],[42.55209800000006,39.12837910000019],[42.551862000000085,39.12753850000007],[42.55125040000007,39.12681440000006],[42.552763200000015,39.12569910000013],[42.55215170000008,39.12517480000025],[42.551314800000114,39.12484180000041],[42.550789100000145,39.12491670000003],[42.550553100000116,39.12459210000003],[42.550746200000106,39.12440900000013],[42.55115390000009,39.12429250000008],[42.55204440000006,39.1245006000006],[42.552409200000056,39.124359100000106],[42.55251640000006,39.12458380000038],[42.55284900000004,39.124683700000105],[42.55366440000017,39.12438410000004],[42.55364300000019,39.1241177],[42.5531709,39.12369320000005],[42.55283830000019,39.12356840000007],[42.552602300000046,39.1236516000007],[42.55236620000005,39.123926300000335],[42.55121830000013,39.12380140000016],[42.55084280000011,39.123843100000045],[42.5507247000001,39.12370160000057],[42.551078800000084,39.12239480000045],[42.551314800000114,39.122178400000166],[42.552570100000025,39.12239480000045],[42.552763200000015,39.122245000000134],[42.55248430000006,39.121803800000066],[42.552613000000065,39.1216790000002],[42.552580800000044,39.12148750000034],[42.552741800000035,39.121371000000295],[42.55334260000018,39.121420899999976],[42.55356790000019,39.12122120000015],[42.55355709999998,39.12102140000013],[42.55386830000015,39.12078830000007],[42.55409360000016,39.12088820000014],[42.554587100000106,39.121337700000026],[42.55527380000012,39.12147090000002],[42.55557420000008,39.12135439999997],[42.55576730000007,39.12110460000014],[42.55572440000009,39.12059690000001],[42.556593400000054,39.11993930000017],[42.55685090000003,39.12006420000017],[42.55739810000017,39.11993100000052],[42.558224200000154,39.12000590000014],[42.558578899999986,39.1196822],[42.558782100000144,39.11976450000009],[42.55939360000008,39.1193816],[42.55980130000006,39.119581400000186],[42.55975840000008,39.119789500000024],[42.560101700000075,39.11993100000052],[42.56067040000005,39.11969790000006],[42.56160380000017,39.11982280000012],[42.56157159999998,39.118332800000076],[42.56172180000016,39.11809140000037],[42.56168960000019,39.11673460000037],[42.562097300000175,39.11653490000003],[42.56268740000013,39.11673460000037],[42.56310580000013,39.11650160000028],[42.5636315000001,39.116351700000166],[42.56417870000007,39.1163933000002],[42.564811700000064,39.11622690000013],[42.56509060000019,39.11627680000015],[42.56580950000017,39.11569410000061],[42.56594900000016,39.1153278000005],[42.56657120000011,39.11543610000058],[42.56763340000009,39.11528620000007],[42.5677836000001,39.11515300000025],[42.56761190000009,39.114928300000486],[42.568223500000045,39.11471180000069],[42.56839510000003,39.1147285000003],[42.56871700000005,39.114553700000045],[42.56873840000003,39.11442880000004],[42.56932850000004,39.114195700000266],[42.56945730000018,39.11404590000012],[42.569167600000185,39.11341320000054],[42.56962890000017,39.112872100000175],[42.57005810000015,39.11265570000006],[42.570605300000125,39.11273890000052],[42.5712812000001,39.112497500000075],[42.57114170000011,39.112247800000034],[42.5712812000001,39.1119731000004],[42.57131340000012,39.111556900000096],[42.571184600000095,39.11136540000007],[42.571163200000115,39.11112400000013],[42.5719893000001,39.110491300000035],[42.57225750000009,39.11010000000067],[42.572472100000084,39.109950200000355],[42.57396339999997,39.109833600000115],[42.57498260000011,39.1100084000002],[42.575551300000086,39.109425700000656],[42.577965200000165,39.10917590000008],[42.578845000000115,39.108726400000705],[42.57952090000009,39.1085432000001],[42.57985350000007,39.108360100000596],[42.58006810000006,39.10788560000009],[42.57986430000011,39.107627500000376],[42.57989640000011,39.10748600000039],[42.58007880000008,39.10742770000019],[42.5801110000001,39.10724450000066],[42.58000370000008,39.10694480000001],[42.580325600000094,39.106362000000104],[42.582160200000146,39.10589580000027],[42.58239630000014,39.105637700000045],[42.58263230000017,39.10519650000032],[42.58246060000016,39.10451380000018],[42.58257860000015,39.10423910000014],[42.582857600000125,39.10394770000005],[42.58283610000012,39.10346480000021],[42.582664500000135,39.10317340000012],[42.58281470000014,39.10266550000051],[42.58317950000014,39.10241570000045],[42.583737400000075,39.1022992000004],[42.58419870000006,39.10080880000004],[42.584509800000035,39.10060900000053],[42.58486390000007,39.100692300000674],[42.58525010000005,39.10094200000037],[42.58501410000002,39.10122510000019],[42.584821000000034,39.10179960000028],[42.58514280000003,39.10189120000007],[42.58544320000004,39.10172470000015],[42.58620500000018,39.101941200000624],[42.586923800000136,39.10238240000018],[42.58717060000015,39.10276540000007],[42.58717060000015,39.103073500000164],[42.58777140000012,39.103448100000605],[42.58584020000018,39.10589580000027],[42.58713840000013,39.10650360000011],[42.58828640000007,39.10658680000006],[42.59175180000011,39.10660350000006],[42.59192350000012,39.10618720000008],[42.593650800000034,39.10626210000038],[42.59374740000004,39.10656180000012],[42.59409069999998,39.106653400000425],[42.594358900000145,39.10654520000003],[42.59532450000012,39.10671170000012],[42.596862061683794,39.1081245257198]]],"type":"Polygon"}},{"type":"Feature","properties":{"area_id":"TR-49-004-60392","name_tr":"Selçuklu","area_level":"neighbourhood","parent_id":"TR-49-004","endeksa_id":60392},"geometry":{"coordinates":[[[42.6360200000002,39.14423000000022],[42.63137000000023,39.14719000000014],[42.62415000000004,39.15378000000027],[42.615660000000105,39.154850000000124],[42.610800000000154,39.15771000000018],[42.61068000000017,39.15765000000016],[42.606980000000135,39.15904000000006],[42.606830000000116,39.159240000000125],[42.60735000000017,39.15974000000028],[42.60775000000007,39.160300000000404],[42.60182000000003,39.161040000000526],[42.60157000000015,39.16093000000012],[42.60145000000017,39.16108000000031],[42.60152000000011,39.161600000000135],[42.599920000000054,39.161570000000324],[42.59820000000019,39.1614200000007],[42.59798000000012,39.160140000000126],[42.597100000000125,39.15930000000009],[42.59659000000022,39.15800000000053],[42.59659000000022,39.157200000000046],[42.59907000000004,39.153760000000716],[42.60067000000009,39.15263000000033],[42.601840000000095,39.15099000000032],[42.57947000000013,39.151220000000194],[42.563150000000235,39.15188000000006],[42.56153000000012,39.152150000000404],[42.559680000000185,39.152270000000385],[42.558880000000045,39.1525000000002],[42.558350000000075,39.15242000000069],[42.55297000000007,39.15264000000042],[42.552030000000116,39.152580000000285],[42.55084000000005,39.15232000000026],[42.548616705140034,39.151565408868635],[42.5484663114683,39.1515789425859],[42.54865410000002,39.150638800000024],[42.548190000000204,39.14861000000025],[42.548250000000166,39.14839000000012],[42.5487100000002,39.14842000000016],[42.5490200000001,39.14826000000039],[42.54998000000012,39.14718000000005],[42.55119000000008,39.14656000000042],[42.55167000000017,39.146170000000154],[42.55183000000011,39.14584000000053],[42.55205000000018,39.14469000000008],[42.55237000000017,39.14396000000005],[42.559930000000065,39.13129000000032],[42.56023000000022,39.130930000000376],[42.5627300000001,39.12928000000028],[42.56419000000011,39.12854000000016],[42.567000000000064,39.127770000000396],[42.56747000000007,39.127530000000434],[42.57186000000024,39.1246900000001],[42.575730000000135,39.1207500000001],[42.57759000000004,39.11933000000016],[42.58892000000009,39.11298000000022],[42.59145000000018,39.11121000000014],[42.596862061683794,39.1081245257198],[42.5970200000001,39.10818000000029],[42.597810000000095,39.10809000000063],[42.59959000000009,39.10808000000014],[42.60180000000014,39.10786000000007],[42.60208000000006,39.10775000000024],[42.60254000000009,39.10727000000031],[42.60304000000008,39.10705000000041],[42.60430000000008,39.10704000000044],[42.60916000000003,39.10669000000007],[42.61133000000012,39.10534000000047],[42.61273000000017,39.1071300000001],[42.61317000000014,39.10806000000031],[42.61379000000011,39.110920000000306],[42.61347000000012,39.111140000000034],[42.612620000000106,39.11136000000033],[42.609430000000145,39.112710000000106],[42.60879000000011,39.113340000000164],[42.60748000000012,39.11435000000006],[42.60715000000016,39.11480000000017],[42.60558000000009,39.11623000000054],[42.605120000000056,39.1163600000001],[42.60366000000005,39.1175300000001],[42.60372000000024,39.117580000000146],[42.60357000000005,39.117770000000064],[42.60397000000012,39.11790000000019],[42.60397000000012,39.11833000000024],[42.60433000000006,39.119130000000325],[42.60415000000006,39.1195100000005],[42.604470000000106,39.11974000000038],[42.60452000000015,39.12011000000041],[42.60465000000005,39.120180000000516],[42.60483000000005,39.120120000000384],[42.60492000000022,39.12019000000009],[42.60554000000019,39.12020000000007],[42.60581000000013,39.11995000000013],[42.60564000000011,39.11976000000004],[42.60600000000005,39.11968000000036],[42.605840000000114,39.11943000000031],[42.605830000000196,39.11911000000009],[42.605530000000044,39.11856000000006],[42.60664000000003,39.11893000000015],[42.60682000000003,39.1189100000006],[42.60737000000006,39.11836000000005],[42.60766000000007,39.120270000000176],[42.607820000000174,39.120280000000264],[42.60806000000014,39.120120000000384],[42.608410000000106,39.12038000000018],[42.608500000000106,39.12029000000041],[42.60854000000006,39.119930000000295],[42.60893000000016,39.11992000000032],[42.60939000000019,39.12044000000071],[42.610800000000154,39.12147000000016],[42.611040000000116,39.121510000000285],[42.61121000000014,39.121790000000146],[42.61131000000012,39.121830000000614],[42.61164000000019,39.12160000000006],[42.611840000000086,39.12160000000006],[42.611880000000156,39.121860000000254],[42.611570000000086,39.122070000000576],[42.61153000000019,39.12224000000043],[42.61169000000007,39.12234000000018],[42.61214000000018,39.12224000000043],[42.61255000000017,39.1224000000002],[42.61272000000025,39.12351000000035],[42.61354000000006,39.124370000000454],[42.61480000000017,39.125360000000114],[42.61549000000008,39.12477000000018],[42.61567000000008,39.12438000000003],[42.61611000000005,39.124520000000075],[42.61651000000012,39.12527000000034],[42.61705000000018,39.12541000000016],[42.61766000000006,39.125360000000114],[42.617890000000045,39.12566000000061],[42.61822000000018,39.12571000000048],[42.618380000000116,39.125940000000355],[42.61833000000007,39.126190000000406],[42.61852000000016,39.12636000000026],[42.61840000000018,39.12654000000026],[42.61877000000004,39.126470000000154],[42.61893000000015,39.12667000000033],[42.62012000000021,39.126680000000306],[42.62033000000014,39.126500000000476],[42.620460000000094,39.12652000000071],[42.62078000000008,39.12599000000023],[42.621420000000114,39.12599000000023],[42.621200000000044,39.12553000000037],[42.62147000000016,39.12550000000016],[42.62153000000018,39.12538000000018],[42.621480000000076,39.12507000000011],[42.62121000000013,39.124520000000075],[42.6207500000001,39.12411000000026],[42.620520000000056,39.123590000000206],[42.62246000000016,39.12288000000012],[42.622440000000154,39.122810000000186],[42.62190000000004,39.12268000000006],[42.62175000000008,39.12237000000039],[42.622280000000046,39.12236000000041],[42.62261000000018,39.12245000000007],[42.622510000000034,39.12221000000011],[42.62274000000008,39.12221000000011],[42.62333000000007,39.121940000000336],[42.62424000000004,39.121730000000184],[42.624610000000075,39.12184000000019],[42.624790000000075,39.122660000000394],[42.625230000000045,39.122660000000394],[42.62503000000004,39.12416000000013],[42.62549000000007,39.124360000000365],[42.625880000000166,39.124680000000524],[42.62578000000008,39.12519000000009],[42.62539000000015,39.125100000000316],[42.62555000000003,39.125320000000215],[42.625570000000096,39.12568000000016],[42.625450000000114,39.12600000000032],[42.62515000000019,39.126290000000154],[42.62537000000009,39.127340000000345],[42.62533000000013,39.128420000000176],[42.62546000000009,39.12903000000023],[42.625350000000196,39.129380000000026],[42.62555000000003,39.12978000000044],[42.625350000000196,39.13017000000019],[42.62539000000015,39.1303500000007],[42.626030000000185,39.130620000000306],[42.626560000000154,39.131060000000105],[42.62671000000012,39.131210000000124],[42.62675000000024,39.131550000000516],[42.62726000000015,39.13154000000003],[42.627560000000074,39.13172000000037],[42.6276000000002,39.13191000000046],[42.627730000000156,39.13202000000035],[42.62797000000012,39.13203000000044],[42.627990000000125,39.13219000000021],[42.62960000000015,39.13166000000041],[42.630180000000166,39.13215000000042],[42.63153000000011,39.1330200000001],[42.63168000000013,39.13333000000017],[42.63196000000016,39.13348000000036],[42.63241000000011,39.13434000000029],[42.631540000000086,39.13528000000008],[42.63103000000012,39.137250000000336],[42.631540000000086,39.13757000000015],[42.634620000000155,39.14089000000024],[42.6363300000001,39.14288000000005],[42.6360200000002,39.14423000000022]]],"type":"Polygon"}},{"type":"Feature","properties":{"area_id":"TR-49-004-2024848","name_tr":"Çayırdere Köyü","area_level":"neighbourhood","parent_id":"TR-49-004","endeksa_id":2024848},"geometry":{"coordinates":[[[42.41811713717112,39.15469885048145],[42.41786000000019,39.15483000000029],[42.41704000000021,39.15495000000004],[42.41393000000011,39.15508000000051],[42.410440000000165,39.1555400000002],[42.40546000000006,39.15551000000005],[42.40312000000006,39.15564000000012],[42.39860000000016,39.15551000000005],[42.39553000000018,39.155280000000175],[42.39474000000018,39.15532000000047],[42.3911100000002,39.155030000000124],[42.38268000000011,39.15490000000017],[42.3573277750001,39.154924625000035],[42.35721259400003,39.154783899999984],[42.35869992800019,39.152445245000024],[42.35839722500009,39.1521420360001],[42.35820414600005,39.15219728000005],[42.358238797000126,39.15200887100019],[42.35779350400014,39.15155901200018],[42.358548823000035,39.15121534900004],[42.36006642000012,39.146533263000606],[42.359941108000044,39.14645138700007],[42.35606828900012,39.146521071000166],[42.35487775800016,39.145196902000066],[42.35442630400007,39.144650438000156],[42.35456335900017,39.129696572000285],[42.35687460100007,39.128997069000036],[42.35814533400014,39.12405647200012],[42.36173223900016,39.11928322500012],[42.364886119000175,39.10762292800035],[42.365036739000004,39.107562959999996],[42.373322807000136,39.10924752600016],[42.37373871000017,39.109034493000024],[42.37399646500006,39.1089270220001],[42.38583378100003,39.11148357600007],[42.39206282399999,39.111144691000334],[42.40052662900018,39.10678667700017],[42.42252855200013,39.10768298500011],[42.43011363200009,39.11091025400003],[42.43192660300008,39.10992125100017],[42.43307284100007,39.11108732300056],[42.43711596600002,39.11157306399997],[42.437970049000114,39.117128874000116],[42.43934141300008,39.1174409890001],[42.440687186000105,39.11793443500011],[42.44073855300019,39.118062634000296],[42.436725126000056,39.12466647800011],[42.433180016000165,39.123523994000266],[42.433631601000116,39.125662820000116],[42.433556938000095,39.125767591],[42.41507169100015,39.12984106700043],[42.41430378300004,39.13471720500047],[42.41656807600003,39.13859289300069],[42.41768080100019,39.14750814700062],[42.417557552000005,39.14751551500052],[42.41766359500019,39.1483902650001],[42.41777092900003,39.148379944],[42.41784399100004,39.14908665900049],[42.41774945200012,39.14909850500004],[42.4177691000001,39.14926058200058],[42.41786105699998,39.14925174000001],[42.41792643399998,39.14988411800016],[42.41776090500008,39.149904859000685],[42.41779367600003,39.15013868300014],[42.41795118500016,39.15012353700013],[42.418008876000044,39.15068157800056],[42.41794237300019,39.150689911000086],[42.41798011100008,39.15100122000018],[42.418066445000136,39.150992918000384],[42.418259139999975,39.15273531500003],[42.41836017600019,39.15386872200065],[42.41804115499997,39.15390869400005],[42.41825808800007,39.15450617900001],[42.41810007100008,39.154521374000296],[42.41811713717112,39.15469885048145]]],"type":"Polygon"}},{"type":"Feature","properties":{"area_id":"TR-49-004-2024852","name_tr":"Hanoğlu Köyü","area_level":"neighbourhood","parent_id":"TR-49-004","endeksa_id":2024852},"geometry":{"coordinates":[[[42.443248482786146,39.155247351214996],[42.44069000000019,39.15521000000007],[42.43770000000006,39.1557200000002],[42.432990000000075,39.1557200000002],[42.432560000000194,39.15563000000054],[42.4319000000001,39.15532000000047],[42.42998000000006,39.15480000000008],[42.42898000000008,39.154690000000244],[42.42771000000016,39.15439000000026],[42.425830000000076,39.15458000000035],[42.42343000000011,39.154690000000244],[42.42285000000004,39.15455000000003],[42.42074000000008,39.15453000000048],[42.42039000000011,39.154590000000326],[42.41990000000004,39.15453000000048],[42.41854000000012,39.15456000000012],[42.41811713717112,39.15469885048145],[42.41810007100008,39.154521374000296],[42.41825808800007,39.15450617900001],[42.41804115499997,39.15390869400005],[42.41836017600019,39.15386872200065],[42.418259139999975,39.15273531500003],[42.418066445000136,39.150992918000384],[42.41798011100008,39.15100122000018],[42.41794237300019,39.150689911000086],[42.418008876000044,39.15068157800056],[42.41795118500016,39.15012353700013],[42.41779367600003,39.15013868300014],[42.41776090500008,39.149904859000685],[42.41792643399998,39.14988411800016],[42.41786105699998,39.14925174000001],[42.4177691000001,39.14926058200058],[42.41774945200012,39.14909850500004],[42.41784399100004,39.14908665900049],[42.41777092900003,39.148379944],[42.41766359500019,39.1483902650001],[42.417557552000005,39.14751551500052],[42.41768080100019,39.14750814700062],[42.41656807600003,39.13859289300069],[42.41430378300004,39.13471720500047],[42.41507169100015,39.12984106700043],[42.433556938000095,39.125767591],[42.433631601000116,39.125662820000116],[42.433180016000165,39.123523994000266],[42.436725126000056,39.12466647800011],[42.44073855300019,39.118062634000296],[42.440740319000156,39.11784714100014],[42.440888933,39.11779122100012],[42.44872852700013,39.11958486800012],[42.445024888000034,39.12591361900019],[42.44505648800015,39.12602969000011],[42.450747008000064,39.12830184300026],[42.45356908600013,39.12707825700045],[42.462206612000045,39.128464885000426],[42.46793499800003,39.13916332700046],[42.460896180000134,39.140497899000025],[42.46057882600019,39.14093071800005],[42.445611854000106,39.148747355000125],[42.44337348300007,39.15510675200005],[42.443248482786146,39.155247351214996]]],"type":"Polygon"}},{"type":"Feature","properties":{"area_id":"TR-49-004-60387","name_tr":"Aksungur","area_level":"neighbourhood","parent_id":"TR-49-004","endeksa_id":60387},"geometry":{"coordinates":[[[42.54094540000011,39.14619160000012],[42.53998520000005,39.14850050000007],[42.5388157000001,39.1496820000001],[42.53831680000002,39.150435000000584],[42.537260100000026,39.153638200000046],[42.53698109999999,39.15432870000052],[42.536712900000055,39.15472390000053],[42.53677190000013,39.15537280000058],[42.53709380000009,39.1559843],[42.53812910000016,39.15690360000008],[42.538204200000166,39.15728630000012],[42.538139800000124,39.15789360000025],[42.537753600000144,39.1595574000001],[42.537868330000265,39.159941919000346],[42.53532802900031,39.15966299800027],[42.5292474120003,39.15645948800028],[42.52752305300021,39.154222468000285],[42.526623636000295,39.15222565600027],[42.52609424700029,39.151754640000206],[42.5258751530003,39.1513016840002],[42.526058665000164,39.14957992300026],[42.526853507000226,39.148474937000344],[42.52752166700026,39.147896530000196],[42.52798310000014,39.14694723200034],[42.52795586700029,39.14684389400031],[42.52785166100023,39.14682367000023],[42.531638100000066,39.14581300000043],[42.53329040000017,39.1452139000001],[42.53394480000014,39.144831200000056],[42.53592430000015,39.14504340000019],[42.53742630000011,39.14531790000018],[42.54094540000011,39.14619160000012]]],"type":"Polygon"}},{"type":"Feature","properties":{"area_id":"TR-49-004-2024859","name_tr":"Okçuhan Köyü","area_level":"neighbourhood","parent_id":"TR-49-004","endeksa_id":2024859},"geometry":{"coordinates":[[[42.49637273100029,39.14938424900026],[42.49617888200032,39.150982370000236],[42.498641997000334,39.15150008500035],[42.499297888000285,39.15411248100065],[42.4979269830003,39.15591470200064],[42.49975212800024,39.15795630000031],[42.49931239100033,39.15854066500026],[42.49952930500035,39.158911713000236],[42.497820800000284,39.16096330000039],[42.49670500000036,39.163259300000334],[42.49490260000027,39.165771500000346],[42.49376530000029,39.1671190000003],[42.49301430000014,39.16741850000034],[42.49071830000025,39.16776780000032],[42.488336500000344,39.16748500000034],[42.48825070000021,39.16680290000039],[42.488315100000364,39.16612080000044],[42.48649120000027,39.16620400000022],[42.48528960000033,39.166370400000346],[42.48333690000021,39.16582140000054],[42.481813400000306,39.164573600000324],[42.47901693000023,39.167178665000336],[42.47709652000009,39.165893015000165],[42.47342006700012,39.16140913300006],[42.469128023999986,39.15908481400004],[42.468961526999976,39.15912411400063],[42.46792286300001,39.16069196700005],[42.460511040000085,39.163093267000136],[42.44793370500008,39.154701559000046],[42.44350884800019,39.15523151600007],[42.44337348300007,39.15510675200005],[42.445611854000106,39.148747355000125],[42.46057882600019,39.14093071800005],[42.460896180000134,39.140497899000025],[42.46793499800003,39.13916332700046],[42.462206612000045,39.128464885000426],[42.47115203800013,39.12982739500018],[42.47222180000017,39.13327270000059],[42.473788200000115,39.13265680000006],[42.47958180000006,39.136135400000114],[42.481942200000105,39.137650000000065],[42.48604060000014,39.139147900000694],[42.48782160000002,39.139247700000055],[42.48883009999997,39.13951400000008],[42.48968840000015,39.13999670000004],[42.490417900000125,39.14061240000018],[42.4899673000001,39.142676100000585],[42.48992440000012,39.14458990000048],[42.49333620000016,39.145488500000226],[42.49303579999997,39.1462873000001],[42.49089000000009,39.14766850000012],[42.49637273100029,39.14938424900026]]],"type":"Polygon"}},{"type":"Feature","properties":{"area_id":"TR-49-004-60394","name_tr":"Murat","area_level":"neighbourhood","parent_id":"TR-49-004","endeksa_id":60394},"geometry":{"coordinates":[[[42.547860100000264,39.1810339000005],[42.54734520000028,39.181258400000274],[42.54725930000029,39.181682600000215],[42.54772070000024,39.182140000000174],[42.54772070000024,39.18249760000032],[42.54721640000025,39.1829716000006],[42.546551200000295,39.183237700000234],[42.54534960000035,39.18317120000023],[42.54561780000034,39.18465150000014],[42.54586460000036,39.18486770000027],[42.54636880000032,39.184851100000515],[42.547087700000304,39.184343800000306],[42.54828930000025,39.18440200000032],[42.54867550000023,39.18465150000014],[42.549115400000346,39.18510890000033],[42.549115400000346,39.185424900000385],[42.54834290000025,39.18646440000026],[42.54876140000022,39.18717950000024],[42.549158300000215,39.187478900000315],[42.54931930000021,39.187828100000615],[42.54979130000032,39.188302100000215],[42.55016680000034,39.188917500000514],[42.5501239000003,39.18920850000029],[42.54989860000035,39.189491300000384],[42.549480200000346,39.1897823000005],[42.549061800000175,39.1897823000005],[42.548933000000204,39.189507900000535],[42.5492227000002,39.189258400000654],[42.54923340000016,39.18904220000053],[42.54850390000024,39.18842690000042],[42.54770990000026,39.18865970000036],[42.54634740000034,39.18803600000041],[42.54606840000031,39.18818570000036],[42.54569290000035,39.18818570000036],[42.54531740000016,39.18776160000044],[42.5445986000002,39.18818570000036],[42.54425520000024,39.188526700000864],[42.54351500000024,39.189349900000764],[42.5432253000003,39.19005670000047],[42.542710300000294,39.18856820000025],[42.54224900000031,39.18994030000027],[42.54235620000031,39.19054730000022],[42.54080060000018,39.19070530000033],[42.54080060000018,39.19047250000057],[42.53993150000025,39.19028950000035],[42.53991010000027,39.19087160000055],[42.53663780000022,39.19054730000022],[42.53507140000028,39.19029790000036],[42.53535030000029,39.18920020000081],[42.53539320000027,39.188360300000284],[42.534534900000324,39.1862565000003],[42.53418090000031,39.186148300000355],[42.53255010000021,39.18937480000034],[42.53404140000032,39.1896160000004],[42.53404140000032,39.190913200000296],[42.534105800000304,39.19111280000061],[42.5348139000003,39.19112110000026],[42.53482460000026,39.19178630000056],[42.535135700000296,39.192883900000425],[42.53551120000026,39.193283000000406],[42.53893370000026,39.19334950000058],[42.53900880000026,39.194056300000796],[42.53595110000026,39.194106200000306],[42.535983300000225,39.19447210000038],[42.53646610000021,39.195627800000295],[42.53674510000036,39.19759840000023],[42.5351787000003,39.19725750000032],[42.535221600000284,39.19602690000028],[42.53296850000021,39.196367800000246],[42.53224970000025,39.196941500000435],[42.53223890000021,39.197324000000265],[42.53160590000027,39.197457100000804],[42.53183130000025,39.19859610000054],[42.527968900000246,39.19897030000027],[42.52723930000025,39.1982220000005],[42.52714984100021,39.19750107400017],[42.52610381200026,39.1956298190002],[42.52560850000032,39.19506240000055],[42.5247717000002,39.194979300000284],[42.52447130000019,39.19552810000022],[42.524127900000224,39.19576090000044],[42.52359150000024,39.19547820000031],[42.52316230000025,39.19507910000033],[42.522497200000316,39.19491280000045],[42.52242054400034,39.19481944500029],[42.52211064100021,39.19480071800075],[42.52049674000034,39.191604492000295],[42.515544900000236,39.19271760000021],[42.51749750000033,39.18616500000036],[42.51239060000023,39.182439400000305],[42.51159670000027,39.182006900000374],[42.511382100000276,39.18160770000037],[42.511189000000286,39.17866370000036],[42.509751300000346,39.17843080000023],[42.5080561000002,39.17788190000033],[42.504987700000356,39.17576940000049],[42.501726100000326,39.17447190000041],[42.49936580000025,39.174355400000366],[42.49794960000031,39.1754533000003],[42.49943020000023,39.17646800000023],[42.49880790000026,39.17721650000084],[42.496018400000196,39.17507070000022],[42.49485970000029,39.17428890000036],[42.49498840000024,39.17520380000042],[42.494241204000275,39.17466382400033],[42.493434042000274,39.173598511000534],[42.493475890000354,39.17346797100021],[42.49318018900033,39.173586575000286],[42.48224540400014,39.17189836500023],[42.47943583300031,39.16745910700024],[42.47901693000023,39.167178665000336],[42.481813400000306,39.164573600000324],[42.48333690000021,39.16582140000054],[42.48528960000033,39.166370400000346],[42.48649120000027,39.16620400000022],[42.488315100000364,39.16612080000044],[42.48825070000021,39.16680290000039],[42.488336500000344,39.16748500000034],[42.49071830000025,39.16776780000032],[42.49301430000014,39.16741850000034],[42.49376530000029,39.1671190000003],[42.49490260000027,39.165771500000346],[42.49670500000036,39.163259300000334],[42.497820800000284,39.16096330000039],[42.49952930500035,39.158911713000236],[42.49931239100033,39.15854066500026],[42.49975212800024,39.15795630000031],[42.4979269830003,39.15591470200064],[42.499297888000285,39.15411248100065],[42.498641997000334,39.15150008500035],[42.49617888200032,39.150982370000236],[42.49641569100032,39.14903007900028],[42.49659395300034,39.149126633000265],[42.497792708000304,39.148540317000254],[42.503817672000196,39.14662755700027],[42.50852485500036,39.146772719000694],[42.51028306100034,39.148379307000255],[42.51052966800023,39.15063909400027],[42.511355491000245,39.151176349000366],[42.51293758200035,39.15090744000025],[42.52785166100023,39.14682367000023],[42.52795586700029,39.14684389400031],[42.52798310000014,39.14694723200034],[42.52752166700026,39.147896530000196],[42.526853507000226,39.148474937000344],[42.526058665000164,39.14957992300026],[42.5258751530003,39.1513016840002],[42.52609424700029,39.151754640000206],[42.526623636000295,39.15222565600027],[42.52752305300021,39.154222468000285],[42.5292474120003,39.15645948800028],[42.53532802900031,39.15966299800027],[42.537868330000265,39.159941919000346],[42.53848286400029,39.16124163900059],[42.53828783200032,39.16284840600025],[42.5379529680003,39.164017519000765],[42.537390804000324,39.16502823500019],[42.537286045000315,39.16685394800021],[42.537583677000214,39.167926967000255],[42.538843207000355,39.168685804000575],[42.538994636000325,39.168914318000475],[42.53929850000026,39.1690904000003],[42.53981080857574,39.16983704319756],[42.53972126150251,39.16996848039537],[42.53991814396039,39.1700126710183],[42.54114390000035,39.17206810000033],[42.54589680000032,39.179087800000275],[42.547860100000264,39.1810339000005]]],"type":"Polygon"}},{"type":"Feature","properties":{"area_id":"TR-49-004-2024899","name_tr":"Örenşar Köyü","area_level":"neighbourhood","parent_id":"TR-49-004","endeksa_id":2024899},"geometry":{"coordinates":[[[42.71296755809453,39.14702148761796],[42.71305000000012,39.14715000000024],[42.71256000000005,39.15019000000024],[42.71256000000005,39.152920000000165],[42.7135600000002,39.156240000000196],[42.712300000000255,39.160820000000115],[42.710140000000195,39.159490000000176],[42.708560000000034,39.15908000000036],[42.70703000000009,39.15910000000008],[42.706570000000056,39.15740000000062],[42.7043700000001,39.15591000000029],[42.702110000000175,39.15297000000004],[42.701680000000124,39.152930000000254],[42.70027000000016,39.152520000000436],[42.69901000000016,39.15226000000024],[42.69789000000026,39.15179000000006],[42.69679000000019,39.151470000000245],[42.69544000000019,39.15081000000038],[42.69265000000013,39.15189000000021],[42.690030000000036,39.152310000000114],[42.68782000000016,39.152830000000506],[42.681880000000035,39.15479000000016],[42.6810200000001,39.154850000000124],[42.679030000000125,39.154660000000206],[42.676750000000084,39.155120000000295],[42.67500000000007,39.15585000000027],[42.67457000000019,39.15601000000004],[42.674170000000174,39.15600000000006],[42.67382000000015,39.15584000000018],[42.67268000000013,39.153970000000356],[42.67176000000006,39.15298000000013],[42.6713900000002,39.15291000000019],[42.66954000000004,39.15337000000005],[42.66607000000016,39.15382000000017],[42.66566000000017,39.15365000000014],[42.66344000000015,39.15144000000009],[42.66250000000019,39.150850000000105],[42.661130000000185,39.15086000000025],[42.660450000000026,39.15059000000008],[42.659950000000094,39.150570000000414],[42.657480000000135,39.150910000000124],[42.65709000000004,39.15087000000034],[42.65628000000015,39.15075000000036],[42.655240000000106,39.15046000000052],[42.654810000000055,39.15024000000011],[42.653750000000116,39.1499000000004],[42.653350000000046,39.1495700000001],[42.65256000000005,39.14944000000014],[42.65049000000016,39.14938000000018],[42.64882000000023,39.14882000000017],[42.647530000000074,39.147910000000195],[42.646540000000186,39.14810000000011],[42.64627000000007,39.14804000000015],[42.645950000000084,39.1476500000004],[42.64563000000004,39.14687000000049],[42.64522000000005,39.146640000000104],[42.644310000000075,39.14585000000011],[42.6431800000002,39.145150000000285],[42.641890000000046,39.14486000000045],[42.64061000000021,39.14436000000029],[42.64020000000022,39.14402000000007],[42.639010000000155,39.143910000000176],[42.63869000000011,39.1443900000001],[42.637340000000165,39.14473000000038],[42.6360200000002,39.14423000000022],[42.6363300000001,39.14288000000005],[42.634620000000155,39.14089000000024],[42.631540000000086,39.13757000000015],[42.63103000000012,39.137250000000336],[42.631540000000086,39.13528000000008],[42.63241000000011,39.13434000000029],[42.63196000000016,39.13348000000036],[42.63168000000013,39.13333000000017],[42.63153000000011,39.1330200000001],[42.631670000000156,39.132510000000366],[42.63249000000013,39.131770000000245],[42.63383000000016,39.13173000000012],[42.634830000000136,39.1315900000003],[42.636070000000075,39.13187000000016],[42.63668000000007,39.13175000000018],[42.63795000000022,39.131800000000055],[42.63991000000016,39.131430000000535],[42.64276000000007,39.13038000000034],[42.64324000000022,39.130060000000185],[42.64393000000007,39.12985000000003],[42.64553000000012,39.1290800000001],[42.64605000000017,39.12871000000018],[42.65183000000019,39.12631000000039],[42.65204000000017,39.12624000000028],[42.65245000000016,39.126320000000135],[42.6529000000001,39.12627000000009],[42.655870000000164,39.12519000000009],[42.65674000000024,39.12521000000032],[42.65961000000016,39.12496000000027],[42.661470000000065,39.12463000000014],[42.66290000000009,39.124270000000706],[42.663050000000055,39.12401000000051],[42.66313000000008,39.123560000000225],[42.663230000000226,39.123470000000054],[42.66540000000015,39.122780000000375],[42.666700000000105,39.122160000000235],[42.66715000000016,39.122200000000134],[42.667760000000044,39.12193000000036],[42.66896000000003,39.12162000000029],[42.67023000000012,39.12166000000008],[42.67116000000016,39.121850000000165],[42.672190000000114,39.12188000000049],[42.675250000000176,39.12171000000012],[42.675750000000164,39.12178000000006],[42.67725000000007,39.12230000000005],[42.67787000000004,39.12234000000018],[42.67958000000016,39.12221000000011],[42.68116000000015,39.12276000000014],[42.68183000000016,39.12370000000044],[42.68214000000023,39.12386000000021],[42.68255000000005,39.123930000000314],[42.68340000000018,39.12395000000038],[42.68499000000014,39.12383000000017],[42.688290000000165,39.12289000000021],[42.689470000000085,39.12283000000025],[42.69121000000018,39.12258000000014],[42.69177000000013,39.12258000000014],[42.69226000000015,39.12286000000006],[42.694310000000144,39.123000000000104],[42.695610000000045,39.12423000000024],[42.69769000000019,39.12592000000012],[42.70015000000018,39.12758000000031],[42.703080000000114,39.13100000000048],[42.70510000000013,39.132730000000095],[42.70674000000008,39.13479000000018],[42.70752000000016,39.13717000000014],[42.71055000000024,39.14238000000006],[42.71135000000015,39.144500000000505],[42.71296755809453,39.14702148761796]]],"type":"Polygon"}},{"type":"Feature","properties":{"area_id":"TR-49-004-60391","name_tr":"Saltukgazi","area_level":"neighbourhood","parent_id":"TR-49-004","endeksa_id":60391},"geometry":{"coordinates":[[[42.58604229836453,39.176394790598806],[42.583243800000105,39.17651790000042],[42.57856610000016,39.17548660000017],[42.579767700000104,39.174438600000144],[42.573566400000175,39.17232600000068],[42.5713348000001,39.17430550000017],[42.565155000000004,39.17344050000003],[42.56380320000011,39.17448850000005],[42.5629234000001,39.174588300000096],[42.561142399999994,39.176734100000544],[42.56159300000019,39.17718330000008],[42.560241200000064,39.17695040000018],[42.56030560000005,39.17764900000003],[42.56019830000008,39.17839750000019],[42.56069180000003,39.17909610000004],[42.55938290000012,39.179645000000164],[42.55674360000006,39.1797116000007],[42.55635740000008,39.17961180000026],[42.55652900000007,39.17936230000004],[42.55597110000008,39.17914600000012],[42.5551986000001,39.17868030000028],[42.554297400000166,39.17871360000004],[42.553524900000184,39.179029600000035],[42.551658100000054,39.17909610000004],[42.547860100000264,39.1810339000005],[42.54589680000032,39.179087800000275],[42.54114390000035,39.17206810000033],[42.53991814396039,39.1700126710183],[42.53972126150251,39.16996848039537],[42.53981080857574,39.16983704319756],[42.53929850000026,39.1690904000003],[42.538994636000325,39.168914318000475],[42.538843207000355,39.168685804000575],[42.537583677000214,39.167926967000255],[42.537286045000315,39.16685394800021],[42.537390804000324,39.16502823500019],[42.5379529680003,39.164017519000765],[42.53828783200032,39.16284840600025],[42.53848286400029,39.16124163900059],[42.537868330000265,39.159941919000346],[42.537753600000144,39.1595574000001],[42.538139800000124,39.15789360000025],[42.538204200000166,39.15728630000012],[42.53812910000016,39.15690360000008],[42.53709380000009,39.1559843],[42.53677190000013,39.15537280000058],[42.536712900000055,39.15472390000053],[42.53698109999999,39.15432870000052],[42.537260100000026,39.153638200000046],[42.53831680000002,39.150435000000584],[42.5388157000001,39.1496820000001],[42.53998520000005,39.14850050000007],[42.54094540000011,39.14619160000012],[42.541900300000066,39.14652440000032],[42.542093400000056,39.14669500000008],[42.544362500000034,39.149278500000094],[42.545102799999995,39.15023530000008],[42.54547300000007,39.15057230000008],[42.5484663114683,39.1515789425859],[42.548616705140034,39.151565408868635],[42.55084000000005,39.15232000000026],[42.552030000000116,39.152580000000285],[42.55297000000007,39.15264000000042],[42.558350000000075,39.15242000000069],[42.558880000000045,39.1525000000002],[42.559680000000185,39.152270000000385],[42.56153000000012,39.152150000000404],[42.563150000000235,39.15188000000006],[42.57947000000013,39.151220000000194],[42.601840000000095,39.15099000000032],[42.60067000000009,39.15263000000033],[42.59907000000004,39.153760000000716],[42.59659000000022,39.157200000000046],[42.59659000000022,39.15800000000053],[42.597100000000125,39.15930000000009],[42.59798000000012,39.160140000000126],[42.59820000000019,39.1614200000007],[42.59808000000004,39.162530000000174],[42.59473000000014,39.164070000000265],[42.59221000000019,39.16595000000035],[42.58941000000016,39.170550000000105],[42.588020000000256,39.173270000000116],[42.58708000000007,39.17532000000028],[42.58653000000021,39.175780000000145],[42.58604229836453,39.176394790598806]]],"type":"Polygon"}},{"type":"Feature","properties":{"area_id":"TR-49-004-2024856","name_tr":"Mezraaköy Köyü","area_level":"neighbourhood","parent_id":"TR-49-004","endeksa_id":2024856},"geometry":{"coordinates":[[[42.62866000000014,39.194960000000435],[42.626930000000186,39.19463000000013],[42.62573000000003,39.19519000000031],[42.62491000000006,39.19501000000031],[42.62494000000021,39.19526000000042],[42.624360000000195,39.1949400000002],[42.623560000000055,39.19467000000009],[42.622750000000224,39.19416000000035],[42.62254000000007,39.19413000000014],[42.62180000000012,39.19370000000009],[42.62149000000005,39.19344000000007],[42.62082000000004,39.19318000000027],[42.62026000000026,39.19237000000004],[42.61941000000007,39.191980000000285],[42.61867000000012,39.19196000000022],[42.617640000000165,39.192420000000084],[42.61601000000013,39.19361000000032],[42.615220000000136,39.194710000000384],[42.61480000000017,39.19594000000052],[42.61427000000003,39.196660000000406],[42.61329000000012,39.19713000000024],[42.61062000000004,39.19780000000026],[42.60968000000025,39.19823000000031],[42.609770000000196,39.197930000000326],[42.60957000000019,39.19721000000044],[42.60969000000017,39.19689000000028],[42.60950000000008,39.19628000000023],[42.60968000000025,39.19556000000034],[42.609650000000045,39.19537000000025],[42.609210000000076,39.1949000000003],[42.60848000000004,39.19467000000009],[42.60721000000012,39.194560000000195],[42.60527000000019,39.19411000000008],[42.60428000000019,39.19365000000005],[42.603820000000155,39.19358000000011],[42.60282000000018,39.19277000000005],[42.60173000000003,39.192410000000336],[42.59993000000014,39.19141000000019],[42.59830000000011,39.1907300000002],[42.59638000000007,39.189600000000326],[42.5953600000002,39.1887900000001],[42.5938000000001,39.18779000000012],[42.589640000000145,39.185700000000224],[42.589210000000094,39.18527000000017],[42.588520000000244,39.18423000000013],[42.58786000000015,39.18318000000011],[42.58747000000022,39.18292000000042],[42.58733000000018,39.1827100000001],[42.587280000000135,39.18256000000048],[42.5874300000001,39.18181000000027],[42.58739000000014,39.18169000000029],[42.58649000000014,39.18089000000015],[42.58575000000019,39.17942000000005],[42.58519000000018,39.17880000000059],[42.58494000000013,39.17832000000067],[42.58604229836453,39.176394790598806],[42.58653000000021,39.175780000000145],[42.58708000000007,39.17532000000028],[42.588020000000256,39.173270000000116],[42.58941000000016,39.170550000000105],[42.59221000000019,39.16595000000035],[42.59473000000014,39.164070000000265],[42.59808000000004,39.162530000000174],[42.59820000000019,39.1614200000007],[42.599920000000054,39.161570000000324],[42.60152000000011,39.161600000000135],[42.60145000000017,39.16108000000031],[42.60157000000015,39.16093000000012],[42.60182000000003,39.161040000000526],[42.60775000000007,39.160300000000404],[42.60735000000017,39.15974000000028],[42.606830000000116,39.159240000000125],[42.606980000000135,39.15904000000006],[42.61068000000017,39.15765000000016],[42.610800000000154,39.15771000000018],[42.615660000000105,39.154850000000124],[42.62415000000004,39.15378000000027],[42.63137000000023,39.14719000000014],[42.6360200000002,39.14423000000022],[42.637340000000165,39.14473000000038],[42.63869000000011,39.1443900000001],[42.639010000000155,39.143910000000176],[42.64020000000022,39.14402000000007],[42.64061000000021,39.14436000000029],[42.641890000000046,39.14486000000045],[42.6431800000002,39.145150000000285],[42.644310000000075,39.14585000000011],[42.64522000000005,39.146640000000104],[42.64563000000004,39.14687000000049],[42.645950000000084,39.1476500000004],[42.64627000000007,39.14804000000015],[42.646540000000186,39.14810000000011],[42.647530000000074,39.147910000000195],[42.64882000000023,39.14882000000017],[42.65049000000016,39.14938000000018],[42.65256000000005,39.14944000000014],[42.653350000000046,39.1495700000001],[42.653750000000116,39.1499000000004],[42.654810000000055,39.15024000000011],[42.655240000000106,39.15046000000052],[42.65628000000015,39.15075000000036],[42.65709000000004,39.15087000000034],[42.657480000000135,39.150910000000124],[42.659950000000094,39.150570000000414],[42.660450000000026,39.15059000000008],[42.661130000000185,39.15086000000025],[42.66250000000019,39.150850000000105],[42.66344000000015,39.15144000000009],[42.66566000000017,39.15365000000014],[42.66607000000016,39.15382000000017],[42.66954000000004,39.15337000000005],[42.6713900000002,39.15291000000019],[42.67176000000006,39.15298000000013],[42.67268000000013,39.153970000000356],[42.67382000000015,39.15584000000018],[42.674170000000174,39.15600000000006],[42.67457000000019,39.15601000000004],[42.67500000000007,39.15585000000027],[42.67635000000007,39.16124000000019],[42.67713000000009,39.165220000000375],[42.677480000000116,39.16796000000039],[42.67843000000022,39.17156000000017],[42.67835000000014,39.17209000000037],[42.6785500000002,39.17237000000006],[42.678690000000245,39.17326000000037],[42.67895000000004,39.174080000000174],[42.679560000000095,39.17536000000018],[42.67953000000011,39.17561000000029],[42.67920000000015,39.17612000000054],[42.678850000000125,39.177180000000135],[42.678810000000226,39.178290000000345],[42.67846000000003,39.178360000000055],[42.67804000000007,39.17867000000035],[42.67803000000015,39.17902000000032],[42.67831000000024,39.17928000000052],[42.678510000000074,39.17935000000011],[42.67921000000007,39.17933000000039],[42.67962000000006,39.179780000000164],[42.679650000000265,39.18004000000019],[42.679590000000076,39.18023000000028],[42.677580000000205,39.18104000000011],[42.677390000000116,39.18100000000004],[42.67726000000005,39.180830000000185],[42.67719000000011,39.18023000000028],[42.676930000000084,39.18017000000026],[42.67644000000024,39.18026000000009],[42.67562000000004,39.18066000000033],[42.67480000000006,39.181300000000135],[42.6742500000002,39.181450000000325],[42.67388000000017,39.18135000000041],[42.67277000000013,39.18069000000014],[42.671690000000126,39.18036000000035],[42.67001000000005,39.17933000000039],[42.6691400000002,39.17909000000043],[42.6685700000001,39.1791400000003],[42.668220000000076,39.17952000000048],[42.668290000000184,39.180000000000405],[42.66904000000005,39.18060000000031],[42.6691800000001,39.18089000000015],[42.669120000000134,39.18159000000037],[42.66887000000003,39.1821800000003],[42.668500000000165,39.18247000000014],[42.66849000000019,39.182940000000144],[42.66860000000008,39.18335000000047],[42.66827000000012,39.18371000000042],[42.66796000000005,39.18382000000031],[42.66651000000019,39.183870000000184],[42.664970000000096,39.1845400000002],[42.664380000000165,39.18451000000039],[42.66375000000005,39.18429000000009],[42.66316000000012,39.18386000000004],[42.66272000000009,39.183310000000176],[42.66208000000012,39.182820000000675],[42.66117000000014,39.18287000000055],[42.65917000000019,39.18395000000038],[42.65892000000014,39.18426000000045],[42.65883000000014,39.18448000000018],[42.659270000000106,39.185980000000654],[42.659140000000036,39.186310000000276],[42.65869000000009,39.18672000000009],[42.65825000000012,39.186930000000416],[42.6570200000001,39.18716000000023],[42.65609000000006,39.18700000000035],[42.65566000000018,39.18671000000012],[42.655330000000106,39.18603000000053],[42.65513000000004,39.18584000000044],[42.65485000000018,39.18572000000046],[42.654530000000136,39.18577000000033],[42.65417000000019,39.186040000000105],[42.65381000000008,39.18656000000033],[42.653480000000116,39.186780000000056],[42.65267000000006,39.186880000000144],[42.65118000000007,39.18672000000009],[42.65053000000012,39.18698000000029],[42.64959000000016,39.18775000000005],[42.647740000000226,39.18832000000032],[42.64646000000016,39.18949000000032],[42.645420000000115,39.19029000000057],[42.64569000000006,39.190590000000384],[42.64451000000014,39.191490000000385],[42.643870000000106,39.1921200000001],[42.64365000000021,39.19222000000042],[42.64240000000012,39.191980000000285],[42.64114000000018,39.19156000000049],[42.640630000000044,39.19125000000042],[42.64023000000003,39.1907700000005],[42.63978000000009,39.190590000000384],[42.63906000000003,39.19041000000004],[42.63822000000016,39.19052000000005],[42.6373200000001,39.19071000000014],[42.63667000000015,39.19112000000035],[42.63654000000008,39.19185000000033],[42.63626000000016,39.192670000000135],[42.636010000000056,39.1930900000001],[42.63559000000015,39.19340000000068],[42.63522000000006,39.19410000000033],[42.6348500000002,39.194530000000384],[42.63432000000006,39.19457000000017],[42.63433000000015,39.194400000000314],[42.63332000000008,39.19444000000004],[42.632730000000095,39.19433000000021],[42.631240000000105,39.19427000000019],[42.630280000000084,39.194530000000384],[42.62960000000015,39.19498000000067],[42.62866000000014,39.194960000000435]]],"type":"Polygon"}},{"type":"Feature","properties":{"area_id":"TR-49-004-2024845","name_tr":"Aynalıhoca Köyü","area_level":"neighbourhood","parent_id":"TR-49-004","endeksa_id":2024845},"geometry":{"coordinates":[[[42.48328057650167,39.18371787961348],[42.48265633500017,39.18343748899997],[42.48092883100003,39.18315057800049],[42.474673866000046,39.189523711000675],[42.46241579299999,39.19422038300007],[42.45920163200009,39.19726334800009],[42.45582876000009,39.19474494500014],[42.45563746322574,39.194828831799896],[42.45538000000005,39.193990000000326],[42.45487000000014,39.19336000000021],[42.45359000000013,39.19231000000019],[42.45045000000016,39.19079000000005],[42.45021000000003,39.19020000000023],[42.44929000000013,39.18937000000011],[42.44855000000018,39.18931000000049],[42.44756000000018,39.18435000000011],[42.447020000000066,39.18302000000017],[42.44691000000023,39.182070000000294],[42.44732000000022,39.179500000000246],[42.44750000000016,39.17751000000044],[42.44778000000008,39.176430000000096],[42.447300000000155,39.17477000000042],[42.44722000000007,39.17334000000005],[42.446680000000185,39.171670000000404],[42.44545000000022,39.16971000000024],[42.44499000000013,39.16908000000069],[42.44451000000021,39.1687400000003],[42.44241000000022,39.16842000000008],[42.441230000000076,39.16793000000007],[42.440480000000036,39.16746000000023],[42.43966000000023,39.16722000000027],[42.43864000000019,39.16653000000019],[42.438160000000096,39.16611000000012],[42.43622000000016,39.16401000000042],[42.4339300000002,39.16235000000023],[42.43282000000005,39.16112000000004],[42.43385000000018,39.16050000000007],[42.434480000000065,39.16034000000019],[42.43643000000014,39.15901000000025],[42.43839000000014,39.15746000000007],[42.43864000000019,39.157040000000165],[42.44003000000009,39.1566600000005],[42.4433200000002,39.155250000000365],[42.443248482786146,39.155247351214996],[42.44337348300007,39.15510675200005],[42.44350884800019,39.15523151600007],[42.44793370500008,39.154701559000046],[42.460511040000085,39.163093267000136],[42.46792286300001,39.16069196700005],[42.468961526999976,39.15912411400063],[42.469128023999986,39.15908481400004],[42.47342006700012,39.16140913300006],[42.47709652000009,39.165893015000165],[42.47943583300031,39.16745910700024],[42.48224540400014,39.17189836500023],[42.49318018900033,39.173586575000286],[42.493475890000354,39.17346797100021],[42.493434042000274,39.173598511000534],[42.49542641100015,39.176228091000155],[42.495413891,39.17634159700049],[42.48399022600012,39.183600413000136],[42.483308702000045,39.18350900800016],[42.48328057650167,39.18371787961348]]],"type":"Polygon"}},{"type":"Feature","properties":{"area_id":"TR-49-004-60401","name_tr":"Murat Konakkuran","area_level":"neighbourhood","parent_id":"TR-49-004","endeksa_id":60401},"geometry":{"coordinates":[[[42.52569672900029,39.293487069000264],[42.52556880400044,39.29359392700076],[42.505432699000494,39.299452304000624],[42.505281095000385,39.29934439100049],[42.505828350000456,39.29692400400069],[42.505819013107214,39.29690930021246],[42.5061293834745,39.296551180558026],[42.50648217123495,39.29397441169857],[42.50780469600039,39.28866108000091],[42.50810542800059,39.2844955940007],[42.508451122000395,39.28251567100074],[42.50814850930692,39.28166843308486],[42.508218836101264,39.28167856801599],[42.50904691992923,39.28170017126706],[42.50988177337001,39.28159310481499],[42.510493632220914,39.28133849319414],[42.51302537873096,39.28126235044215],[42.52226212909409,39.284368340208346],[42.52507032118541,39.28476616742125],[42.52461024700045,39.28487596400072],[42.52920713700047,39.28978947200051],[42.52569672900029,39.293487069000264]]],"type":"Polygon"}},{"type":"Feature","properties":{"area_id":"TR-49-004-2024855","name_tr":"Kılıççı Köyü","area_level":"neighbourhood","parent_id":"TR-49-004","endeksa_id":2024855},"geometry":{"coordinates":[[[42.45563746322574,39.194828831799896],[42.45569000000012,39.19500000000022],[42.4498200000001,39.195270000000505],[42.4461800000002,39.19556000000034],[42.447460000000035,39.19785000000013],[42.44706000000019,39.198860000000536],[42.446770000000186,39.19938000000025],[42.44502000000017,39.199270000000354],[42.44435123750304,39.19912019720084],[42.44192000000015,39.198730000000296],[42.439530000000104,39.19921000000039],[42.43695000000014,39.19893000000013],[42.436710000000176,39.19925000000012],[42.43574000000007,39.199300000000164],[42.43314000000004,39.19915000000037],[42.432550000000106,39.19904000000014],[42.42767000000009,39.19888000000009],[42.426760000000115,39.19867000000045],[42.42539000000005,39.19874000000004],[42.42499000000004,39.19931000000014],[42.423480000000154,39.198580000000106],[42.422830000000204,39.19844000000006],[42.419920000000104,39.198370000000125],[42.41981000000004,39.197680000000275],[42.4172700000002,39.196970000000476],[42.41486000000015,39.1960600000005],[42.41438000000022,39.19652000000019],[42.41402000000005,39.196450000000084],[42.412670000000105,39.197220000000186],[42.41194000000013,39.19695000000024],[42.408580000000086,39.1968100000002],[42.40289000000024,39.196110000000374],[42.3997500000001,39.1953400000001],[42.39782000000014,39.19545000000011],[42.39725000000004,39.19376000000011],[42.39576000000022,39.19336000000021],[42.395070000000146,39.193290000000104],[42.39395000000019,39.19332000000031],[42.39249121690676,39.193126425586],[42.39215000000013,39.19318000000027],[42.38934460284179,39.19158881450028],[42.38360000000023,39.18853000000007],[42.3842200000002,39.18735000000032],[42.38575000000009,39.186190000000295],[42.38496000000009,39.18550000000005],[42.38691000000017,39.18441000000007],[42.38695000000013,39.184110000000146],[42.387210000000096,39.18374000000006],[42.385660000000144,39.18205000000023],[42.38396000000017,39.18125000000009],[42.38458000000014,39.18042000000037],[42.38155000000006,39.178510000000074],[42.37542000000019,39.17267000000004],[42.37512000000004,39.172620000000165],[42.37443000000019,39.17206000000016],[42.37091000000004,39.17113000000012],[42.36984000000018,39.170610000000124],[42.36941000000013,39.1701300000002],[42.36899000000017,39.16918000000044],[42.368530000000135,39.168840000000046],[42.36847000000017,39.16849000000019],[42.36904000000004,39.16772000000043],[42.36904000000004,39.16729000000038],[42.36820000000017,39.166650000000175],[42.366670000000056,39.16647000000006],[42.36607000000015,39.16681000000045],[42.36478000000017,39.16699000000028],[42.363050000000044,39.167050000000415],[42.36214000000007,39.16675000000032],[42.36207000000013,39.16645000000051],[42.36245000000014,39.16622000000012],[42.36285000000004,39.16615000000019],[42.363050000000044,39.16590000000048],[42.36324000000013,39.16531000000015],[42.362860000000126,39.164720000000216],[42.36231000000009,39.16456000000045],[42.36092000000019,39.164510000000064],[42.35978000000023,39.164690000000405],[42.35917000000018,39.16501000000005],[42.35759000000019,39.16622000000012],[42.35696437500019,39.166007358000115],[42.35156131999997,39.16747765600013],[42.35141350100014,39.167439161000004],[42.35226632000007,39.163209598000094],[42.35693324600004,39.15496237500014],[42.3573277750001,39.154924625000035],[42.38268000000011,39.15490000000017],[42.3911100000002,39.155030000000124],[42.39474000000018,39.15532000000047],[42.39553000000018,39.155280000000175],[42.39860000000016,39.15551000000005],[42.40312000000006,39.15564000000012],[42.40546000000006,39.15551000000005],[42.410440000000165,39.1555400000002],[42.41393000000011,39.15508000000051],[42.41704000000021,39.15495000000004],[42.41786000000019,39.15483000000029],[42.41811713717112,39.15469885048145],[42.41854000000012,39.15456000000012],[42.41990000000004,39.15453000000048],[42.42039000000011,39.154590000000326],[42.42074000000008,39.15453000000048],[42.42285000000004,39.15455000000003],[42.42343000000011,39.154690000000244],[42.425830000000076,39.15458000000035],[42.42771000000016,39.15439000000026],[42.42898000000008,39.154690000000244],[42.42998000000006,39.15480000000008],[42.4319000000001,39.15532000000047],[42.432560000000194,39.15563000000054],[42.432990000000075,39.1557200000002],[42.43770000000006,39.1557200000002],[42.44069000000019,39.15521000000007],[42.4433200000002,39.155250000000365],[42.44003000000009,39.1566600000005],[42.43864000000019,39.157040000000165],[42.43839000000014,39.15746000000007],[42.43643000000014,39.15901000000025],[42.434480000000065,39.16034000000019],[42.43385000000018,39.16050000000007],[42.43282000000005,39.16112000000004],[42.4339300000002,39.16235000000023],[42.43622000000016,39.16401000000042],[42.438160000000096,39.16611000000012],[42.43864000000019,39.16653000000019],[42.43966000000023,39.16722000000027],[42.440480000000036,39.16746000000023],[42.441230000000076,39.16793000000007],[42.44241000000022,39.16842000000008],[42.44451000000021,39.1687400000003],[42.44499000000013,39.16908000000069],[42.44545000000022,39.16971000000024],[42.446680000000185,39.171670000000404],[42.44722000000007,39.17334000000005],[42.447300000000155,39.17477000000042],[42.44778000000008,39.176430000000096],[42.44750000000016,39.17751000000044],[42.44732000000022,39.179500000000246],[42.44691000000023,39.182070000000294],[42.447020000000066,39.18302000000017],[42.44756000000018,39.18435000000011],[42.44855000000018,39.18931000000049],[42.44929000000013,39.18937000000011],[42.45021000000003,39.19020000000023],[42.45045000000016,39.19079000000005],[42.45359000000013,39.19231000000019],[42.45487000000014,39.19336000000021],[42.45538000000005,39.193990000000326],[42.45563746322574,39.194828831799896]]],"type":"Polygon"}},{"type":"Feature","properties":{"area_id":"TR-49-004-2024857","name_tr":"Mollabaki Köyü","area_level":"neighbourhood","parent_id":"TR-49-004","endeksa_id":2024857},"geometry":{"coordinates":[[[42.53175965020483,39.212700825793206],[42.531665449142224,39.21279360286297],[42.53151912929587,39.21278741516727],[42.5305500180001,39.21217847600013],[42.53046722500011,39.211745348000136],[42.525925171000154,39.20770289100011],[42.52609398400017,39.203032961000076],[42.52393409700011,39.19918101900004],[42.521030300000064,39.198637850000125],[42.518408149000095,39.19545737200019],[42.518313664000175,39.19268088700005],[42.51941469500025,39.19184772200049],[42.52049674000034,39.191604492000295],[42.52211064100021,39.19480071800075],[42.52242054400034,39.19481944500029],[42.522497200000316,39.19491280000045],[42.52316230000025,39.19507910000033],[42.52359150000024,39.19547820000031],[42.524127900000224,39.19576090000044],[42.52447130000019,39.19552810000022],[42.5247717000002,39.194979300000284],[42.52560850000032,39.19506240000055],[42.52610381200026,39.1956298190002],[42.52714984100021,39.19750107400017],[42.52723930000025,39.1982220000005],[42.527968900000246,39.19897030000027],[42.53183130000025,39.19859610000054],[42.53160590000027,39.197457100000804],[42.53223890000021,39.197324000000265],[42.53224970000025,39.196941500000435],[42.53296850000021,39.196367800000246],[42.535221600000284,39.19602690000028],[42.5351787000003,39.19725750000032],[42.53674510000036,39.19759840000023],[42.53646610000021,39.195627800000295],[42.535983300000225,39.19447210000038],[42.53595110000026,39.194106200000306],[42.53900880000026,39.194056300000796],[42.53893370000026,39.19334950000058],[42.53551120000026,39.193283000000406],[42.535135700000296,39.192883900000425],[42.53482460000026,39.19178630000056],[42.5348139000003,39.19112110000026],[42.534105800000304,39.19111280000061],[42.53404140000032,39.190913200000296],[42.53404140000032,39.1896160000004],[42.53255010000021,39.18937480000034],[42.53418090000031,39.186148300000355],[42.534534900000324,39.1862565000003],[42.53539320000027,39.188360300000284],[42.53535030000029,39.18920020000081],[42.53507140000028,39.19029790000036],[42.53663780000022,39.19054730000022],[42.53991010000027,39.19087160000055],[42.53993150000025,39.19028950000035],[42.54080060000018,39.19047250000057],[42.54080060000018,39.19070530000033],[42.54235620000031,39.19054730000022],[42.54224900000031,39.18994030000027],[42.542710300000294,39.18856820000025],[42.5432253000003,39.19005670000047],[42.54351500000024,39.189349900000764],[42.54425520000024,39.188526700000864],[42.5445986000002,39.18818570000036],[42.54531740000016,39.18776160000044],[42.54569290000035,39.18818570000036],[42.54606840000031,39.18818570000036],[42.54634740000034,39.18803600000041],[42.54770990000026,39.18865970000036],[42.54850390000024,39.18842690000042],[42.54923340000016,39.18904220000053],[42.5492227000002,39.189258400000654],[42.548933000000204,39.189507900000535],[42.549061800000175,39.1897823000005],[42.549480200000346,39.1897823000005],[42.54989860000035,39.189491300000384],[42.5501239000003,39.18920850000029],[42.55016680000034,39.188917500000514],[42.54979130000032,39.188302100000215],[42.54931930000021,39.187828100000615],[42.549158300000215,39.187478900000315],[42.54876140000022,39.18717950000024],[42.54834290000025,39.18646440000026],[42.549115400000346,39.185424900000385],[42.549115400000346,39.18510890000033],[42.54867550000023,39.18465150000014],[42.54828930000025,39.18440200000032],[42.547087700000304,39.184343800000306],[42.54636880000032,39.184851100000515],[42.54586460000036,39.18486770000027],[42.54561780000034,39.18465150000014],[42.54534960000035,39.18317120000023],[42.546551200000295,39.183237700000234],[42.54721640000025,39.1829716000006],[42.54772070000024,39.18249760000032],[42.54772070000024,39.182140000000174],[42.54725930000029,39.181682600000215],[42.54734520000028,39.181258400000274],[42.547860100000264,39.1810339000005],[42.551658100000054,39.17909610000004],[42.553524900000184,39.179029600000035],[42.554297400000166,39.17871360000004],[42.5551986000001,39.17868030000028],[42.55597110000008,39.17914600000012],[42.55652900000007,39.17936230000004],[42.55635740000008,39.17961180000026],[42.55674360000006,39.1797116000007],[42.55938290000012,39.179645000000164],[42.56069180000003,39.17909610000004],[42.56019830000008,39.17839750000019],[42.56030560000005,39.17764900000003],[42.560241200000064,39.17695040000018],[42.56159300000019,39.17718330000008],[42.561142399999994,39.176734100000544],[42.5629234000001,39.174588300000096],[42.56380320000011,39.17448850000005],[42.565155000000004,39.17344050000003],[42.5713348000001,39.17430550000017],[42.573566400000175,39.17232600000068],[42.579767700000104,39.174438600000144],[42.57856610000016,39.17548660000017],[42.583243800000105,39.17651790000042],[42.58604229836453,39.176394790598806],[42.58494000000013,39.17832000000067],[42.58519000000018,39.17880000000059],[42.58575000000019,39.17942000000005],[42.58649000000014,39.18089000000015],[42.58739000000014,39.18169000000029],[42.5874300000001,39.18181000000027],[42.587280000000135,39.18256000000048],[42.58733000000018,39.1827100000001],[42.58747000000022,39.18292000000042],[42.58786000000015,39.18318000000011],[42.588520000000244,39.18423000000013],[42.58738000000005,39.185570000000155],[42.58723000000009,39.18792000000008],[42.584470000000124,39.18972000000031],[42.58480000000009,39.19003000000038],[42.58440000000019,39.19029000000057],[42.58467000000019,39.19032000000021],[42.58494000000013,39.19052000000005],[42.58513000000005,39.19045000000034],[42.58442000000008,39.191050000000246],[42.58432000000016,39.191980000000285],[42.58451000000008,39.19225000000006],[42.58457000000004,39.19253000000009],[42.58473000000015,39.19254000000058],[42.58470000000017,39.19274000000007],[42.58460000000008,39.192820000000324],[42.584150000000136,39.19289000000043],[42.583850000000155,39.19308000000035],[42.58302000000009,39.19324000000023],[42.58278000000013,39.193380000000445],[42.582010000000196,39.194220000000314],[42.58168000000006,39.19412000000057],[42.580070000000035,39.19585000000018],[42.57937000000004,39.19497000000018],[42.57738000000006,39.19588000000016],[42.57673000000011,39.19602000000003],[42.57630000000006,39.19608000000005],[42.57603000000012,39.19600000000037],[42.575950000000205,39.19609000000014],[42.57376000000005,39.19594000000052],[42.57259000000005,39.19639000000012],[42.57212000000004,39.19711000000018],[42.569200000000194,39.197930000000326],[42.56954000000013,39.198300000000415],[42.57044000000013,39.198890000000176],[42.570330000000126,39.199140000000284],[42.570250000000044,39.1998100000003],[42.57119000000023,39.19997000000018],[42.57113000000004,39.20046000000008],[42.571270000000084,39.2010200000002],[42.57126000000011,39.201340000000414],[42.57227000000023,39.20126000000016],[42.57212000000004,39.20372000000049],[42.573590000000195,39.20402000000007],[42.57445000000013,39.204310000000305],[42.57441000000017,39.20445000000012],[42.57345000000015,39.2043900000005],[42.57272000000012,39.20452000000006],[42.57224000000019,39.204220000000646],[42.57153000000011,39.20399000000009],[42.570870000000184,39.20414000000028],[42.570560000000114,39.20448000000016],[42.570030000000145,39.20472000000012],[42.569720000000075,39.20470000000057],[42.56924000000015,39.20427000000052],[42.569010000000105,39.20420000000041],[42.56827000000021,39.20418000000018],[42.5676000000002,39.20464000000004],[42.567090000000064,39.20477000000017],[42.566870000000165,39.2053600000001],[42.566660000000184,39.20554000000044],[42.56637000000018,39.20565000000033],[42.56530000000009,39.20572000000027],[42.56470000000019,39.205490000000054],[42.56450000000018,39.20523000000037],[42.56457000000012,39.20461000000023],[42.56440000000009,39.20430000000016],[42.56398000000013,39.20420000000041],[42.563620000000185,39.204220000000646],[42.562690000000146,39.20459000000017],[42.56212000000011,39.2046500000007],[42.56168000000008,39.20437000000027],[42.56137000000018,39.20383000000038],[42.56067000000019,39.20378000000011],[42.560110000000236,39.203540000000146],[42.55892000000017,39.20417000000009],[42.55877000000021,39.20432000000039],[42.55876000000006,39.20470000000057],[42.558320000000094,39.205400000000225],[42.557920000000195,39.20590000000038],[42.55768000000006,39.2059600000004],[42.556680000000085,39.2056300000001],[42.55663000000004,39.20550000000014],[42.55667000000017,39.20511000000039],[42.557260000000156,39.204160000000115],[42.556950000000256,39.203690000000165],[42.55684000000019,39.202890000000195],[42.55670000000015,39.202740000000404],[42.555940000000135,39.20253000000008],[42.55555000000004,39.202120000000264],[42.55530000000016,39.2024100000001],[42.554980000000114,39.20313000000016],[42.55429000000004,39.2034900000001],[42.553920000000176,39.20355000000063],[42.55362000000025,39.20398000000068],[42.552870000000155,39.20291000000026],[42.5512300000002,39.203200000000095],[42.548960000000136,39.20343000000014],[42.549060000000054,39.20418000000018],[42.550540000000126,39.20403000000056],[42.55071000000015,39.20495000000011],[42.54987000000011,39.20507000000009],[42.54996000000011,39.20598000000007],[42.54678000000007,39.20640000000054],[42.54681000000005,39.2067500000004],[42.544620000000236,39.206970000000126],[42.54511000000008,39.2103900000003],[42.54513000000014,39.21099000000021],[42.54278000000022,39.21104000000008],[42.53779000000014,39.211840000000166],[42.53691000000015,39.21205000000049],[42.53584000000012,39.211710000000096],[42.535370000000114,39.21142000000026],[42.53492000000017,39.21139000000005],[42.53187000000008,39.21223000000032],[42.53175965020483,39.212700825793206]]],"type":"Polygon"}},{"type":"Feature","properties":{"area_id":"TR-49-004-2024913","name_tr":"Arslankaya Köyü","area_level":"neighbourhood","parent_id":"TR-49-004","endeksa_id":2024913},"geometry":{"coordinates":[[[42.35859071600004,39.23877044800014],[42.35763117400006,39.23907511000016],[42.354972879000115,39.23798091700013],[42.35474649900004,39.23624942000009],[42.35466416900016,39.23617131200001],[42.354504005000194,39.23622452100011],[42.35394393300004,39.23746547600052],[42.352940096000054,39.23707901500006],[42.35046107300019,39.23411419900026],[42.347320859000035,39.23446330400009],[42.328083609000146,39.22585442000047],[42.32341411500016,39.22179424699999],[42.322302757000045,39.22025642600039],[42.32466281600017,39.218080742000495],[42.32144979600008,39.21469923200016],[42.32137975900008,39.21226646600013],[42.32489719000006,39.209884439999996],[42.32407556300018,39.20802653900006],[42.32573001500009,39.20729143600005],[42.32595888900005,39.20673401100038],[42.327588370000115,39.205558320000534],[42.334211824000135,39.19902099900008],[42.337310916000035,39.19658279100014],[42.33994387000013,39.19354726500052],[42.340195260000144,39.19301673400008],[42.341045449000035,39.19243060200023],[42.34315336800012,39.19029447400004],[42.34384305500009,39.18919827900004],[42.34553579000004,39.189044639000144],[42.35199924199998,39.18957023100012],[42.35210252000019,39.18948986100054],[42.352218551000135,39.18823182000045],[42.352288938000186,39.18815256900001],[42.357193261000134,39.187482806000105],[42.357285863000186,39.187553005000154],[42.35850174300003,39.19099082400015],[42.36363264900001,39.193014914000116],[42.36855380000014,39.19395410100043],[42.37003089400014,39.19274250400014],[42.37698946100011,39.19287616100041],[42.37891613900018,39.19445449100044],[42.37854521500003,39.19596445500014],[42.37860736900001,39.19606533300032],[42.378736693000064,39.19606440100006],[42.38072094100011,39.195044956000174],[42.38554063300012,39.19666610200005],[42.38818909600013,39.19576791000031],[42.38923606800006,39.19162304700029],[42.38934460284179,39.19158881450028],[42.39215000000013,39.19318000000027],[42.39249121690676,39.193126425586],[42.392817232000084,39.19318246900053],[42.393401453000195,39.19428742600002],[42.39272719600007,39.197216232000244],[42.39411409500019,39.200090299000635],[42.39389541000014,39.20062961800005],[42.38984130300014,39.201268645000255],[42.38842636100014,39.206839203000015],[42.3843863300001,39.21023776400011],[42.385822260000054,39.211583033000124],[42.385817138000164,39.21170529400007],[42.381147136000095,39.212066234000076],[42.38103875200005,39.21213797300004],[42.37952008800016,39.21683808700044],[42.37960310800008,39.216920402000085],[42.38251492800015,39.217678355000146],[42.38103169000016,39.221890017000135],[42.382769154000016,39.222531109000215],[42.382814339000106,39.222668303000376],[42.38028290200003,39.22279341500007],[42.3799682180001,39.22558672399998],[42.37723228100015,39.22722556800005],[42.37101777400011,39.22972339900008],[42.371093221000194,39.23406286300013],[42.364945307000085,39.23638901700036],[42.36129976500007,39.23555823200013],[42.36110111099998,39.23647126900005],[42.361002228000075,39.23654487700014],[42.359041645000104,39.23591158800002],[42.35878964500006,39.23864688500066],[42.35859071600004,39.23877044800014]]],"type":"Polygon"}},{"type":"Feature","properties":{"area_id":"TR-49-004-2024846","name_tr":"Beşçatak Köyü","area_level":"neighbourhood","parent_id":"TR-49-004","endeksa_id":2024846},"geometry":{"coordinates":[[[42.51584500700028,39.23940584700057],[42.515733632000206,39.23948610000036],[42.5155521180003,39.23936190800026],[42.50602252100026,39.24014224300021],[42.50588694000032,39.24004852000036],[42.50585590400004,39.23958822200012],[42.49978183900009,39.226850792000164],[42.50285955500004,39.22484413000001],[42.50208964100011,39.22289108400042],[42.50003009500006,39.22079791800007],[42.49796655200009,39.21182940000017],[42.49934722000012,39.211709913000504],[42.498158805000116,39.210561812000094],[42.49917806500008,39.209262673000524],[42.494536697000115,39.20500622600014],[42.495488400000056,39.20335815800007],[42.49411426500012,39.20102620000017],[42.492548776000035,39.19619031700017],[42.48278415300007,39.19119209400043],[42.48497975900017,39.18949910600014],[42.48492574500017,39.18720143500019],[42.482101567000086,39.18533911800006],[42.483277677000046,39.18381430300008],[42.48328057650167,39.18371787961348],[42.483308702000045,39.18350900800016],[42.48399022600012,39.183600413000136],[42.495413891,39.17634159700049],[42.49542641100015,39.176228091000155],[42.494241204000275,39.17466382400033],[42.49498840000024,39.17520380000042],[42.49485970000029,39.17428890000036],[42.496018400000196,39.17507070000022],[42.49880790000026,39.17721650000084],[42.49943020000023,39.17646800000023],[42.49794960000031,39.1754533000003],[42.49936580000025,39.174355400000366],[42.501726100000326,39.17447190000041],[42.504987700000356,39.17576940000049],[42.5080561000002,39.17788190000033],[42.509751300000346,39.17843080000023],[42.511189000000286,39.17866370000036],[42.511382100000276,39.18160770000037],[42.51159670000027,39.182006900000374],[42.51239060000023,39.182439400000305],[42.51749750000033,39.18616500000036],[42.515544900000236,39.19271760000021],[42.51941469500025,39.19184772200049],[42.518313664000175,39.19268088700005],[42.518408149000095,39.19545737200019],[42.521030300000064,39.198637850000125],[42.52393409700011,39.19918101900004],[42.52609398400017,39.203032961000076],[42.525925171000154,39.20770289100011],[42.53046722500011,39.211745348000136],[42.5305500180001,39.21217847600013],[42.53151912929587,39.21278741516727],[42.531665449142224,39.21279360286297],[42.53175965020483,39.212700825793206],[42.53172000000012,39.21287000000012],[42.53276000000017,39.21334000000013],[42.533260000000155,39.21341000000007],[42.535400000000095,39.21428000000026],[42.536670000000186,39.2145500000002],[42.53706000000017,39.21473000000054],[42.53771000000012,39.21512000000013],[42.53797000000014,39.21536000000009],[42.53811000000019,39.21566000000007],[42.53820000000013,39.21628000000021],[42.53786000000008,39.21809000000019],[42.536230000000046,39.219930000000204],[42.53558246892186,39.22092421062996],[42.5353505414011,39.220955133874554],[42.533966785000075,39.220955660000186],[42.53386643100015,39.22090100200006],[42.53387106300016,39.22080668200044],[42.52845476400012,39.22786387000065],[42.52864336400006,39.231097260000126],[42.52259100400005,39.231035238000175],[42.51599469600018,39.23882253300013],[42.51584500700028,39.23940584700057]]],"type":"Polygon"}},{"type":"Feature","properties":{"area_id":"TR-49-004-2024908","name_tr":"Dirimpınar Köyü","area_level":"neighbourhood","parent_id":"TR-49-004","endeksa_id":2024908},"geometry":{"coordinates":[[[42.50588694000032,39.24004852000036],[42.50573183800026,39.240281749000246],[42.48564285700036,39.24913729300022],[42.48549408200017,39.24912424800078],[42.475811953000346,39.24222671300038],[42.47633643900036,39.24090249900041],[42.47970777600034,39.24086675400025],[42.4800982080003,39.23806001800068],[42.47956656900027,39.233745203000296],[42.47641227500026,39.23064498900027],[42.477870652000206,39.22789101700033],[42.47379356000022,39.223596448000364],[42.4734489840003,39.223294101000306],[42.46619536300028,39.224504137000565],[42.45423453400031,39.21722860799997],[42.452939118000245,39.21761566900011],[42.45301835200007,39.21749400900018],[42.44704286199999,39.21499970100007],[42.44705168900009,39.21489030800012],[42.44901133200017,39.21295214999998],[42.44781974200015,39.211634204000006],[42.44835809000011,39.210706249000054],[42.44769740300006,39.20998375900018],[42.44807005000007,39.20937302500005],[42.446303093000154,39.20896618300014],[42.446219596000105,39.20887956199999],[42.446754702000135,39.20634019100015],[42.45003028100018,39.207303450000154],[42.45163443300004,39.20340443400016],[42.44201443200018,39.20037052700019],[42.441717213000175,39.20038073700033],[42.441378155000166,39.19948281400019],[42.441498932000115,39.19935925700037],[42.44433454492486,39.19936556824024],[42.44446806621846,39.199249624559286],[42.44435123750304,39.19912019720084],[42.44502000000017,39.199270000000354],[42.446770000000186,39.19938000000025],[42.44706000000019,39.198860000000536],[42.447460000000035,39.19785000000013],[42.4461800000002,39.19556000000034],[42.4498200000001,39.195270000000505],[42.45569000000012,39.19500000000022],[42.45563746322574,39.194828831799896],[42.45582876000009,39.19474494500014],[42.45920163200009,39.19726334800009],[42.46241579299999,39.19422038300007],[42.474673866000046,39.189523711000675],[42.48092883100003,39.18315057800049],[42.48265633500017,39.18343748899997],[42.48328057650167,39.18371787961348],[42.483277677000046,39.18381430300008],[42.482101567000086,39.18533911800006],[42.48492574500017,39.18720143500019],[42.48497975900017,39.18949910600014],[42.48278415300007,39.19119209400043],[42.492548776000035,39.19619031700017],[42.49411426500012,39.20102620000017],[42.495488400000056,39.20335815800007],[42.494536697000115,39.20500622600014],[42.49917806500008,39.209262673000524],[42.498158805000116,39.210561812000094],[42.49934722000012,39.211709913000504],[42.49796655200009,39.21182940000017],[42.50003009500006,39.22079791800007],[42.50208964100011,39.22289108400042],[42.50285955500004,39.22484413000001],[42.49978183900009,39.226850792000164],[42.50585590400004,39.23958822200012],[42.50588694000032,39.24004852000036]]],"type":"Polygon"}},{"type":"Feature","properties":{"area_id":"TR-49-004-2024847","name_tr":"Bostankaya Köyü","area_level":"neighbourhood","parent_id":"TR-49-004","endeksa_id":2024847},"geometry":{"coordinates":[[[42.652710000000184,39.2784300000003],[42.64157000000006,39.27334000000013],[42.631550000000175,39.27317000000011],[42.62419000000017,39.271310000000256],[42.61588000000023,39.27579000000071],[42.60997000000009,39.276090000000124],[42.604040000000055,39.277570000000196],[42.59625000000011,39.27580000000012],[42.58980000000008,39.27515000000034],[42.58241000000004,39.276030000000674],[42.57909000000018,39.276550000000384],[42.571420000000046,39.27932000000004],[42.55334000000016,39.28053000000068],[42.54985000000005,39.28062000000034],[42.547140000000184,39.28080000000028],[42.54346013584404,39.28082999889307],[42.55046000000044,39.2739600000001],[42.54987000000045,39.267290000000514],[42.54996000000045,39.26561000000078],[42.54868000000039,39.263920000000724],[42.54551000000049,39.263300000000584],[42.54154000000045,39.264840000000106],[42.535800000000506,39.267290000000514],[42.532330000000286,39.267290000000344],[42.53065000000038,39.26668000000029],[42.529450000000224,39.265610000000606],[42.529570000000376,39.26428000000067],[42.53015000000022,39.26290000000034],[42.530970000000366,39.261620000000846],[42.53160000000014,39.261130000000094],[42.532200000000216,39.26009000000056],[42.53243000000003,39.260250000000326],[42.53342000000009,39.25949000000014],[42.53406000000007,39.25923000000046],[42.53454000000016,39.25872000000021],[42.53510000000017,39.25791000000015],[42.53513000000015,39.257430000000056],[42.53542000000016,39.25667000000038],[42.53613000000013,39.25549000000012],[42.536860000000104,39.25453000000027],[42.53599000000008,39.25442000000038],[42.53538000000026,39.255510000000356],[42.53472000000016,39.2554300000001],[42.534810000000164,39.25511000000063],[42.53464000000014,39.25433000000004],[42.5348800000001,39.25413000000054],[42.534810000000164,39.253510000000404],[42.535150000000044,39.25298000000009],[42.53514000000007,39.252270000000124],[42.534960000000126,39.25138000000038],[42.534310000000175,39.25054000000051],[42.53306000000015,39.25082000000026],[42.5323200000002,39.249600000000214],[42.53881000000018,39.249720000000195],[42.54180000000014,39.249260000000106],[42.54520000000008,39.24891000000014],[42.54829000000012,39.248330000000294],[42.55144000000013,39.24860000000058],[42.554420000000164,39.247930000000565],[42.557520000000125,39.24816000000004],[42.56203000000011,39.2487100000003],[42.57058000000018,39.24916000000019],[42.57347000000004,39.249760000000094],[42.57519000000025,39.24844000000013],[42.575600000000065,39.24689000000035],[42.57438000000019,39.24490000000014],[42.57488000000018,39.24321000000015],[42.58102000000014,39.249010000000396],[42.58306000000016,39.25073000000009],[42.58707000000015,39.251460000000066],[42.59492000000006,39.24879000000067],[42.60699000000005,39.24249000000026],[42.60749000000004,39.23542000000003],[42.59851000000009,39.23040000000037],[42.602060000000165,39.22945000000061],[42.60576000000009,39.22781000000009],[42.60799000000003,39.22651000000036],[42.61019000000016,39.22543000000053],[42.61647000000016,39.22611000000012],[42.62380000000019,39.22785000000039],[42.62516000000011,39.22605000000067],[42.62958000000009,39.225100000000225],[42.63258000000013,39.22254000000015],[42.63517000000019,39.21924000000013],[42.63595000000009,39.21706000000006],[42.63676000000015,39.21525000000025],[42.63736000000006,39.2145500000002],[42.64033000000012,39.213730000000226],[42.64142000000004,39.21083000000044],[42.64114000000018,39.20972000000029],[42.64095000000009,39.20844000000022],[42.639750000000106,39.2079600000003],[42.638360000000205,39.20652000000052],[42.6374100000001,39.20517000000041],[42.63677000000007,39.20310000000035],[42.63671000000011,39.20144000000016],[42.63727000000006,39.19984000000011],[42.636290000000145,39.198950000000195],[42.63246000000015,39.19890000000032],[42.62863000000016,39.19788000000045],[42.62843000000015,39.19565000000068],[42.62866000000014,39.194960000000435],[42.62960000000015,39.19498000000067],[42.630280000000084,39.194530000000384],[42.631240000000105,39.19427000000019],[42.632730000000095,39.19433000000021],[42.63332000000008,39.19444000000004],[42.63433000000015,39.194400000000314],[42.63432000000006,39.19457000000017],[42.6348500000002,39.194530000000384],[42.63522000000006,39.19410000000033],[42.63559000000015,39.19340000000068],[42.636010000000056,39.1930900000001],[42.63626000000016,39.192670000000135],[42.63654000000008,39.19185000000033],[42.63667000000015,39.19112000000035],[42.6373200000001,39.19071000000014],[42.63822000000016,39.19052000000005],[42.63906000000003,39.19041000000004],[42.63978000000009,39.190590000000384],[42.64023000000003,39.1907700000005],[42.640630000000044,39.19125000000042],[42.64114000000018,39.19156000000049],[42.64240000000012,39.191980000000285],[42.64365000000021,39.19222000000042],[42.643870000000106,39.1921200000001],[42.64451000000014,39.191490000000385],[42.64569000000006,39.190590000000384],[42.645420000000115,39.19029000000057],[42.64646000000016,39.18949000000032],[42.647740000000226,39.18832000000032],[42.64959000000016,39.18775000000005],[42.65053000000012,39.18698000000029],[42.65118000000007,39.18672000000009],[42.65267000000006,39.186880000000144],[42.653480000000116,39.186780000000056],[42.65381000000008,39.18656000000033],[42.65417000000019,39.186040000000105],[42.654530000000136,39.18577000000033],[42.65485000000018,39.18572000000046],[42.65513000000004,39.18584000000044],[42.655330000000106,39.18603000000053],[42.65566000000018,39.18671000000012],[42.65609000000006,39.18700000000035],[42.6570200000001,39.18716000000023],[42.65825000000012,39.186930000000416],[42.65869000000009,39.18672000000009],[42.659140000000036,39.186310000000276],[42.659270000000106,39.185980000000654],[42.65883000000014,39.18448000000018],[42.65892000000014,39.18426000000045],[42.65917000000019,39.18395000000038],[42.66117000000014,39.18287000000055],[42.66208000000012,39.182820000000675],[42.66272000000009,39.183310000000176],[42.66316000000012,39.18386000000004],[42.66375000000005,39.18429000000009],[42.664380000000165,39.18451000000039],[42.664970000000096,39.1845400000002],[42.66651000000019,39.183870000000184],[42.66796000000005,39.18382000000031],[42.66827000000012,39.18371000000042],[42.66882000000015,39.186780000000056],[42.668930000000046,39.18841000000009],[42.66878000000003,39.19153000000017],[42.66950000000014,39.19270000000034],[42.66840000000025,39.19413000000014],[42.669590000000085,39.19686000000007],[42.672190000000114,39.19968000000017],[42.68277000000012,39.19901000000016],[42.68058000000008,39.203380000000095],[42.677670000000035,39.20799000000011],[42.67361000000017,39.212210000000255],[42.67146000000008,39.21653000000026],[42.67120000000011,39.219580000000406],[42.669680000000085,39.22183000000041],[42.666520000000105,39.22507000000007],[42.66462000000013,39.228410000000395],[42.66360000000009,39.231450000000166],[42.66322000000008,39.23440000000022],[42.66221000000019,39.23636000000039],[42.66183000000018,39.23996000000051],[42.66043000000019,39.24333000000013],[42.6579000000001,39.248920000000055],[42.65625000000017,39.253630000000385],[42.65448000000009,39.258150000000114],[42.654220000000066,39.26178000000027],[42.65331000000009,39.27112000000017],[42.652710000000184,39.2784300000003]]],"type":"Polygon"}},{"type":"Feature","properties":{"area_id":"TR-49-004-2024916","name_tr":"Nurettin Köyü","area_level":"neighbourhood","parent_id":"TR-49-004","endeksa_id":2024916},"geometry":{"coordinates":[[[42.40860682800036,39.266166526999996],[42.40843412400011,39.26617479400005],[42.40758598100018,39.26700409700038],[42.40586160600009,39.26613137700065],[42.405747489000134,39.26618301600007],[42.40588640100009,39.26608712000012],[42.40567835724363,39.265974860572385],[42.407490000000166,39.26536000000033],[42.393810000000144,39.258280000000184],[42.391820000000166,39.25714000000022],[42.39084000000008,39.25618000000037],[42.39022000000011,39.25605000000024],[42.38942000000003,39.255610000000104],[42.38943000000012,39.25546000000031],[42.389060000000086,39.25526000000025],[42.38870000000014,39.25466000000034],[42.3883800000001,39.254400000000146],[42.388320000000135,39.254060000000436],[42.388020000000154,39.25347000000011],[42.387830000000065,39.252580000000194],[42.38636000000014,39.25159000000019],[42.38633000000016,39.251430000000255],[42.3864700000002,39.25125000000031],[42.386090000000195,39.250870000000134],[42.385780000000125,39.25021000000021],[42.38539000000014,39.24996000000016],[42.385320000000036,39.24950000000007],[42.38484000000011,39.24890000000039],[42.384820000000104,39.24872000000005],[42.384630000000186,39.24856000000011],[42.38466000000017,39.24837000000019],[42.38410000000022,39.24772000000024],[42.38379000000015,39.24766000000028],[42.38369000000017,39.247440000000154],[42.383370000000184,39.24717000000021],[42.38345000000021,39.246600000000115],[42.383210000000076,39.2458900000002],[42.38288000000017,39.245600000000366],[42.382840000000044,39.2454400000006],[42.38264000000021,39.2453600000004],[42.38271000000009,39.24524000000042],[42.38264000000021,39.245170000000314],[42.38255000000021,39.24519000000015],[42.382440000000145,39.24504000000019],[42.38212000000016,39.24501000000055],[42.38012000000003,39.24510000000021],[42.378241200322805,39.245563971871945],[42.372480458000155,39.24406030500006],[42.358361792000096,39.24329532700034],[42.35876947900016,39.238866367000526],[42.35859071600004,39.23877044800014],[42.35878964500006,39.23864688500066],[42.359041645000104,39.23591158800002],[42.361002228000075,39.23654487700014],[42.36110111099998,39.23647126900005],[42.36129976500007,39.23555823200013],[42.364945307000085,39.23638901700036],[42.371093221000194,39.23406286300013],[42.37101777400011,39.22972339900008],[42.37723228100015,39.22722556800005],[42.3799682180001,39.22558672399998],[42.38028290200003,39.22279341500007],[42.382814339000106,39.222668303000376],[42.382769154000016,39.222531109000215],[42.38103169000016,39.221890017000135],[42.38251492800015,39.217678355000146],[42.37960310800008,39.216920402000085],[42.37952008800016,39.21683808700044],[42.38103875200005,39.21213797300004],[42.381147136000095,39.212066234000076],[42.385817138000164,39.21170529400007],[42.385822260000054,39.211583033000124],[42.3843863300001,39.21023776400011],[42.38842636100014,39.206839203000015],[42.38984130300014,39.201268645000255],[42.39389541000014,39.20062961800005],[42.39411409500019,39.200090299000635],[42.39272719600007,39.197216232000244],[42.393401453000195,39.19428742600002],[42.392817232000084,39.19318246900053],[42.39249121690676,39.193126425586],[42.39395000000019,39.19332000000031],[42.395070000000146,39.193290000000104],[42.39576000000022,39.19336000000021],[42.39725000000004,39.19376000000011],[42.39782000000014,39.19545000000011],[42.3997500000001,39.1953400000001],[42.40289000000024,39.196110000000374],[42.408580000000086,39.1968100000002],[42.41194000000013,39.19695000000024],[42.412670000000105,39.197220000000186],[42.41402000000005,39.196450000000084],[42.41438000000022,39.19652000000019],[42.41486000000015,39.1960600000005],[42.4172700000002,39.196970000000476],[42.41981000000004,39.197680000000275],[42.419920000000104,39.198370000000125],[42.422830000000204,39.19844000000006],[42.423480000000154,39.198580000000106],[42.42499000000004,39.19931000000014],[42.42539000000005,39.19874000000004],[42.426760000000115,39.19867000000045],[42.42767000000009,39.19888000000009],[42.432550000000106,39.19904000000014],[42.43314000000004,39.19915000000037],[42.43574000000007,39.199300000000164],[42.436710000000176,39.19925000000012],[42.43695000000014,39.19893000000013],[42.439530000000104,39.19921000000039],[42.44192000000015,39.198730000000296],[42.44435123750304,39.19912019720084],[42.44446806621846,39.199249624559286],[42.44433454492486,39.19936556824024],[42.441498932000115,39.19935925700037],[42.441378155000166,39.19948281400019],[42.441717213000175,39.20038073700033],[42.44201443200018,39.20037052700019],[42.45163443300004,39.20340443400016],[42.45003028100018,39.207303450000154],[42.446754702000135,39.20634019100015],[42.446219596000105,39.20887956199999],[42.446303093000154,39.20896618300014],[42.44807005000007,39.20937302500005],[42.44769740300006,39.20998375900018],[42.44835809000011,39.210706249000054],[42.44781974200015,39.211634204000006],[42.44901133200017,39.21295214999998],[42.44705168900009,39.21489030800012],[42.44704286199999,39.21499970100007],[42.45301835200007,39.21749400900018],[42.452939118000245,39.21761566900011],[42.45282571500036,39.217653639000275],[42.452839159000234,39.2177691510002],[42.4491041310003,39.22350400800036],[42.44302869200021,39.22567315400039],[42.44321413200032,39.226138880000235],[42.444174440000324,39.227640431000225],[42.44393110000027,39.22793687500024],[42.44479880000034,39.23011876700025],[42.43730983700016,39.23507951500022],[42.43733318300036,39.23559404500048],[42.43970019800014,39.23659280700036],[42.43905383100025,39.23821622800028],[42.43155463400035,39.237318459000164],[42.43035147800026,39.24553996300028],[42.422373577000315,39.25067465500001],[42.42059376600025,39.25427367200052],[42.40858493200034,39.26602648500034],[42.40860682800036,39.266166526999996]]],"type":"Polygon"}},{"type":"Feature","properties":{"area_id":"TR-49-004-2024854","name_tr":"Karakaya Köyü","area_level":"neighbourhood","parent_id":"TR-49-004","endeksa_id":2024854},"geometry":{"coordinates":[[[42.62866000000014,39.194960000000435],[42.62843000000015,39.19565000000068],[42.62863000000016,39.19788000000045],[42.63246000000015,39.19890000000032],[42.636290000000145,39.198950000000195],[42.63727000000006,39.19984000000011],[42.63671000000011,39.20144000000016],[42.63677000000007,39.20310000000035],[42.6374100000001,39.20517000000041],[42.638360000000205,39.20652000000052],[42.639750000000106,39.2079600000003],[42.64095000000009,39.20844000000022],[42.64114000000018,39.20972000000029],[42.64142000000004,39.21083000000044],[42.64033000000012,39.213730000000226],[42.63736000000006,39.2145500000002],[42.63676000000015,39.21525000000025],[42.63595000000009,39.21706000000006],[42.63517000000019,39.21924000000013],[42.63258000000013,39.22254000000015],[42.62958000000009,39.225100000000225],[42.62516000000011,39.22605000000067],[42.62380000000019,39.22785000000039],[42.61647000000016,39.22611000000012],[42.61019000000016,39.22543000000053],[42.60799000000003,39.22651000000036],[42.60576000000009,39.22781000000009],[42.602060000000165,39.22945000000061],[42.59851000000009,39.23040000000037],[42.59455000000014,39.22821000000033],[42.59278000000006,39.226990000000285],[42.59232000000003,39.22617000000014],[42.592760000000226,39.225320000000124],[42.591740000000186,39.22404000000063],[42.591440000000034,39.222590000000025],[42.58965000000012,39.22183000000041],[42.58881000000025,39.22122000000036],[42.58773000000025,39.22075000000041],[42.58616000000018,39.22069000000056],[42.58568000000008,39.2203700000004],[42.58523000000014,39.22031000000038],[42.58358000000004,39.21981000000022],[42.58253000000019,39.21972000000005],[42.58102000000014,39.2192500000001],[42.58057000000019,39.219590000000494],[42.58008000000018,39.218960000000266],[42.579630000000066,39.2176400000003],[42.57862000000017,39.217850000000055],[42.57821000000018,39.216580000000135],[42.57820000000021,39.21613000000019],[42.578580000000045,39.21613000000019],[42.578360000000146,39.21530000000013],[42.576040000000035,39.21555000000018],[42.575850000000116,39.213950000000125],[42.57766000000015,39.214040000000296],[42.57766000000015,39.21223000000032],[42.576250000000186,39.21214000000015],[42.57667000000009,39.20984000000027],[42.57336000000015,39.20903000000004],[42.570120000000145,39.20844000000022],[42.56895000000014,39.208120000000065],[42.56900000000019,39.20672000000019],[42.56862000000018,39.20693000000034],[42.56803000000025,39.20699000000036],[42.56697000000008,39.20628000000056],[42.5678200000001,39.20516000000026],[42.567710000000204,39.204750000000445],[42.5676000000002,39.20464000000004],[42.56827000000021,39.20418000000018],[42.569010000000105,39.20420000000041],[42.56924000000015,39.20427000000052],[42.569720000000075,39.20470000000057],[42.570030000000145,39.20472000000012],[42.570560000000114,39.20448000000016],[42.570870000000184,39.20414000000028],[42.57153000000011,39.20399000000009],[42.57224000000019,39.204220000000646],[42.57272000000012,39.20452000000006],[42.57345000000015,39.2043900000005],[42.57441000000017,39.20445000000012],[42.57445000000013,39.204310000000305],[42.573590000000195,39.20402000000007],[42.57212000000004,39.20372000000049],[42.57227000000023,39.20126000000016],[42.57126000000011,39.201340000000414],[42.571270000000084,39.2010200000002],[42.57113000000004,39.20046000000008],[42.57119000000023,39.19997000000018],[42.570250000000044,39.1998100000003],[42.570330000000126,39.199140000000284],[42.57044000000013,39.198890000000176],[42.56954000000013,39.198300000000415],[42.569200000000194,39.197930000000326],[42.57212000000004,39.19711000000018],[42.57259000000005,39.19639000000012],[42.57376000000005,39.19594000000052],[42.575950000000205,39.19609000000014],[42.57603000000012,39.19600000000037],[42.57630000000006,39.19608000000005],[42.57673000000011,39.19602000000003],[42.57738000000006,39.19588000000016],[42.57937000000004,39.19497000000018],[42.580070000000035,39.19585000000018],[42.58168000000006,39.19412000000057],[42.582010000000196,39.194220000000314],[42.58278000000013,39.193380000000445],[42.58302000000009,39.19324000000023],[42.583850000000155,39.19308000000035],[42.584150000000136,39.19289000000043],[42.58460000000008,39.192820000000324],[42.58470000000017,39.19274000000007],[42.58473000000015,39.19254000000058],[42.58457000000004,39.19253000000009],[42.58451000000008,39.19225000000006],[42.58432000000016,39.191980000000285],[42.58442000000008,39.191050000000246],[42.58513000000005,39.19045000000034],[42.58494000000013,39.19052000000005],[42.58467000000019,39.19032000000021],[42.58440000000019,39.19029000000057],[42.58480000000009,39.19003000000038],[42.584470000000124,39.18972000000031],[42.58723000000009,39.18792000000008],[42.58738000000005,39.185570000000155],[42.588520000000244,39.18423000000013],[42.589210000000094,39.18527000000017],[42.589640000000145,39.185700000000224],[42.5938000000001,39.18779000000012],[42.5953600000002,39.1887900000001],[42.59638000000007,39.189600000000326],[42.59830000000011,39.1907300000002],[42.59993000000014,39.19141000000019],[42.60173000000003,39.192410000000336],[42.60282000000018,39.19277000000005],[42.603820000000155,39.19358000000011],[42.60428000000019,39.19365000000005],[42.60527000000019,39.19411000000008],[42.60721000000012,39.194560000000195],[42.60848000000004,39.19467000000009],[42.609210000000076,39.1949000000003],[42.609650000000045,39.19537000000025],[42.60968000000025,39.19556000000034],[42.60950000000008,39.19628000000023],[42.60969000000017,39.19689000000028],[42.60957000000019,39.19721000000044],[42.609770000000196,39.197930000000326],[42.60968000000025,39.19823000000031],[42.61062000000004,39.19780000000026],[42.61329000000012,39.19713000000024],[42.61427000000003,39.196660000000406],[42.61480000000017,39.19594000000052],[42.615220000000136,39.194710000000384],[42.61601000000013,39.19361000000032],[42.617640000000165,39.192420000000084],[42.61867000000012,39.19196000000022],[42.61941000000007,39.191980000000285],[42.62026000000026,39.19237000000004],[42.62082000000004,39.19318000000027],[42.62149000000005,39.19344000000007],[42.62180000000012,39.19370000000009],[42.62254000000007,39.19413000000014],[42.622750000000224,39.19416000000035],[42.623560000000055,39.19467000000009],[42.624360000000195,39.1949400000002],[42.62494000000021,39.19526000000042],[42.62491000000006,39.19501000000031],[42.62573000000003,39.19519000000031],[42.626930000000186,39.19463000000013],[42.62866000000014,39.194960000000435]]],"type":"Polygon"}},{"type":"Feature","properties":{"area_id":"TR-49-004-2024849","name_tr":"Dolabaş Köyü","area_level":"neighbourhood","parent_id":"TR-49-004","endeksa_id":2024849},"geometry":{"coordinates":[[[42.59851000000009,39.23040000000037],[42.60749000000004,39.23542000000003],[42.60699000000005,39.24249000000026],[42.59492000000006,39.24879000000067],[42.58707000000015,39.251460000000066],[42.58306000000016,39.25073000000009],[42.58102000000014,39.249010000000396],[42.57488000000018,39.24321000000015],[42.56909000000019,39.23766000000012],[42.56710000000021,39.2367000000001],[42.56661000000014,39.23636000000039],[42.56641000000013,39.23491000000047],[42.5658600000001,39.234270000000095],[42.56610000000006,39.23401000000007],[42.56682000000012,39.23352000000057],[42.56645000000026,39.2329500000003],[42.56637000000018,39.23264000000023],[42.565690000000075,39.23298000000011],[42.565100000000086,39.23357000000044],[42.56474000000014,39.234110000000385],[42.561070000000086,39.233990000000404],[42.56097000000017,39.233370000000264],[42.560640000000205,39.23332000000039],[42.5603900000001,39.23316000000011],[42.560420000000136,39.2329500000003],[42.560640000000205,39.232970000000535],[42.560800000000086,39.23289000000034],[42.560800000000086,39.232780000000446],[42.56060000000008,39.23264000000023],[42.560800000000086,39.23248000000035],[42.56060000000008,39.23211000000043],[42.559090000000026,39.23196000000013],[42.559220000000096,39.230150000000265],[42.55965000000015,39.2293800000005],[42.55983000000015,39.2292300000002],[42.5603900000001,39.22903000000014],[42.56153000000012,39.22881000000024],[42.562870000000146,39.22808000000026],[42.56232000000011,39.22778000000028],[42.555750000000046,39.22635000000008],[42.55583000000013,39.225160000000244],[42.5562300000002,39.22306000000003],[42.556030000000135,39.22171000000043],[42.55604000000011,39.21998000000008],[42.55671000000012,39.21731000000017],[42.55650000000014,39.2150800000004],[42.55681000000004,39.21440000000024],[42.556770000000085,39.21368000000035],[42.555380000000184,39.21372000000014],[42.55515000000014,39.21529000000015],[42.55186000000009,39.21544000000034],[42.55186000000009,39.21579000000014],[42.55068000000017,39.21587000000039],[42.550550000000044,39.21652000000017],[42.54934000000014,39.21640000000019],[42.54916000000014,39.21496000000042],[42.54922000000016,39.213830000000144],[42.54837000000015,39.213790000000245],[42.546460000000195,39.213520000000074],[42.54648000000009,39.21513000000027],[42.54579000000018,39.215180000000146],[42.54617000000019,39.21810000000016],[42.546330000000125,39.22369000000009],[42.54310000000004,39.22362000000015],[42.543260000000146,39.222680000000366],[42.54148000000009,39.22272000000015],[42.54112000000015,39.223240000000374],[42.5399900000001,39.224010000000305],[42.53976000000006,39.22412000000014],[42.53920000000011,39.223890000000324],[42.538400000000195,39.224330000000464],[42.53766000000007,39.22489000000007],[42.537100000000066,39.22483000000011],[42.5365700000001,39.22461000000021],[42.536020000000065,39.22452000000055],[42.53519000000017,39.2241600000001],[42.53417000000013,39.22329000000042],[42.53386000000006,39.22282000000007],[42.53535332200016,39.221054121000066],[42.5353505414011,39.220955133874554],[42.53558246892186,39.22092421062996],[42.536230000000046,39.219930000000204],[42.53786000000008,39.21809000000019],[42.53820000000013,39.21628000000021],[42.53811000000019,39.21566000000007],[42.53797000000014,39.21536000000009],[42.53771000000012,39.21512000000013],[42.53706000000017,39.21473000000054],[42.536670000000186,39.2145500000002],[42.535400000000095,39.21428000000026],[42.533260000000155,39.21341000000007],[42.53276000000017,39.21334000000013],[42.53172000000012,39.21287000000012],[42.53187000000008,39.21223000000032],[42.53492000000017,39.21139000000005],[42.535370000000114,39.21142000000026],[42.53584000000012,39.211710000000096],[42.53691000000015,39.21205000000049],[42.53779000000014,39.211840000000166],[42.54278000000022,39.21104000000008],[42.54513000000014,39.21099000000021],[42.54511000000008,39.2103900000003],[42.544620000000236,39.206970000000126],[42.54681000000005,39.2067500000004],[42.54678000000007,39.20640000000054],[42.54996000000011,39.20598000000007],[42.54987000000011,39.20507000000009],[42.55071000000015,39.20495000000011],[42.550540000000126,39.20403000000056],[42.549060000000054,39.20418000000018],[42.548960000000136,39.20343000000014],[42.5512300000002,39.203200000000095],[42.552870000000155,39.20291000000026],[42.55362000000025,39.20398000000068],[42.553920000000176,39.20355000000063],[42.55429000000004,39.2034900000001],[42.554980000000114,39.20313000000016],[42.55530000000016,39.2024100000001],[42.55555000000004,39.202120000000264],[42.555940000000135,39.20253000000008],[42.55670000000015,39.202740000000404],[42.55684000000019,39.202890000000195],[42.556950000000256,39.203690000000165],[42.557260000000156,39.204160000000115],[42.55667000000017,39.20511000000039],[42.55663000000004,39.20550000000014],[42.556680000000085,39.2056300000001],[42.55768000000006,39.2059600000004],[42.557920000000195,39.20590000000038],[42.558320000000094,39.205400000000225],[42.55876000000006,39.20470000000057],[42.55877000000021,39.20432000000039],[42.55892000000017,39.20417000000009],[42.560110000000236,39.203540000000146],[42.56067000000019,39.20378000000011],[42.56137000000018,39.20383000000038],[42.56168000000008,39.20437000000027],[42.56212000000011,39.2046500000007],[42.562690000000146,39.20459000000017],[42.563620000000185,39.204220000000646],[42.56398000000013,39.20420000000041],[42.56440000000009,39.20430000000016],[42.56457000000012,39.20461000000023],[42.56450000000018,39.20523000000037],[42.56470000000019,39.205490000000054],[42.56530000000009,39.20572000000027],[42.56637000000018,39.20565000000033],[42.566660000000184,39.20554000000044],[42.566870000000165,39.2053600000001],[42.567090000000064,39.20477000000017],[42.5676000000002,39.20464000000004],[42.567710000000204,39.204750000000445],[42.5678200000001,39.20516000000026],[42.56697000000008,39.20628000000056],[42.56803000000025,39.20699000000036],[42.56862000000018,39.20693000000034],[42.56900000000019,39.20672000000019],[42.56895000000014,39.208120000000065],[42.570120000000145,39.20844000000022],[42.57336000000015,39.20903000000004],[42.57667000000009,39.20984000000027],[42.576250000000186,39.21214000000015],[42.57766000000015,39.21223000000032],[42.57766000000015,39.214040000000296],[42.575850000000116,39.213950000000125],[42.576040000000035,39.21555000000018],[42.578360000000146,39.21530000000013],[42.578580000000045,39.21613000000019],[42.57820000000021,39.21613000000019],[42.57821000000018,39.216580000000135],[42.57862000000017,39.217850000000055],[42.579630000000066,39.2176400000003],[42.58008000000018,39.218960000000266],[42.58057000000019,39.219590000000494],[42.58102000000014,39.2192500000001],[42.58253000000019,39.21972000000005],[42.58358000000004,39.21981000000022],[42.58523000000014,39.22031000000038],[42.58568000000008,39.2203700000004],[42.58616000000018,39.22069000000056],[42.58773000000025,39.22075000000041],[42.58881000000025,39.22122000000036],[42.58965000000012,39.22183000000041],[42.591440000000034,39.222590000000025],[42.591740000000186,39.22404000000063],[42.592760000000226,39.225320000000124],[42.59232000000003,39.22617000000014],[42.59278000000006,39.226990000000285],[42.59455000000014,39.22821000000033],[42.59851000000009,39.23040000000037]]],"type":"Polygon"}},{"type":"Feature","properties":{"area_id":"TR-49-004-2024886","name_tr":"Yurtseven Köyü","area_level":"neighbourhood","parent_id":"TR-49-004","endeksa_id":2024886},"geometry":{"coordinates":[[[42.23177448400014,39.27685928800037],[42.22913124200011,39.27648773200053],[42.228844519999996,39.27630158700032],[42.22868909200014,39.276425580000364],[42.22828624800019,39.27636895300003],[42.22616660200015,39.278359161000026],[42.22493243000014,39.27794164200003],[42.223402598000064,39.27708573400008],[42.22904092900018,39.27094077600009],[42.22197299500016,39.26867626300003],[42.22053349599997,39.26733615200004],[42.220862562000036,39.264028028999974],[42.22528893599997,39.26401318300003],[42.22491380700012,39.260469658000034],[42.221526573000176,39.260835877000545],[42.22074471300016,39.2633359350001],[42.22059554300006,39.263405577000356],[42.21616217000013,39.26385209900053],[42.21230418500005,39.25893537400009],[42.21235824600018,39.258257228000616],[42.21067710000034,39.2573705610007],[42.211060249000354,39.25583725900049],[42.21331133300026,39.25424467400029],[42.21278290100025,39.248388199000544],[42.2108844990002,39.24727829300019],[42.211424827000315,39.24697205800021],[42.21290935800033,39.246418702000256],[42.216015007000294,39.24751629800079],[42.2235147320003,39.23975471300048],[42.228729888000316,39.237913717000254],[42.22952057525231,39.2397192349743],[42.23024000000004,39.24004000000019],[42.23370000000011,39.24258000000003],[42.235700000000065,39.24410000000057],[42.23662000000013,39.245070000000396],[42.23814000000016,39.24568000000056],[42.23840000000018,39.24534000000017],[42.2390700000002,39.24605000000008],[42.23981000000015,39.24662000000018],[42.24068000000017,39.2465000000002],[42.242150000000095,39.24667000000005],[42.243480000000034,39.247090000000185],[42.24524000000014,39.24863000000022],[42.249920000000145,39.251610000000255],[42.252120000000104,39.2540400000002],[42.252434489113966,39.25417992049921],[42.25256413800008,39.254283071000145],[42.24967183700011,39.254074191000086],[42.24946527800017,39.254261551000184],[42.24920650500019,39.25420492600017],[42.24340046700013,39.259670608000135],[42.24347404800005,39.25979681900037],[42.24464633000008,39.260013880000656],[42.244238413000176,39.26146015400042],[42.24438583500012,39.261615659000086],[42.24418415600019,39.261655009000094],[42.244008829000165,39.262227943000084],[42.23960324300015,39.26677273900009],[42.23980099900018,39.26974053600003],[42.23685666800003,39.274175289000425],[42.23194600100004,39.27678201100014],[42.23177610200008,39.27674441700003],[42.23177448400014,39.27685928800037]]],"type":"Polygon"}},{"type":"Feature","properties":{"area_id":"TR-49-004-2024906","name_tr":"Aşağıkıcık Köyü","area_level":"neighbourhood","parent_id":"TR-49-004","endeksa_id":2024906},"geometry":{"coordinates":[[[42.40567835724363,39.265974860572385],[42.40419000000014,39.266480000000115],[42.401670000000195,39.26835000000045],[42.393710000000056,39.27172000000007],[42.38952000000012,39.272890000000245],[42.386460000000056,39.27422000000013],[42.38524000000018,39.274470000000235],[42.383710000000065,39.27465000000018],[42.38081000000011,39.275710000000345],[42.37765000000013,39.276580000000195],[42.37479000000013,39.27687000000054],[42.37123000000008,39.27831000000032],[42.36920000000015,39.27615000000014],[42.36754000000013,39.27464000000009],[42.36513000000019,39.27275000000003],[42.36154000000016,39.27053000000035],[42.35925000000003,39.26755000000037],[42.356640000000084,39.264990000000296],[42.35430000000014,39.26414000000028],[42.353750000000105,39.263730000000464],[42.3533700000001,39.26330000000041],[42.35303000000022,39.26284000000004],[42.35299000000009,39.262270000000456],[42.35181000000017,39.26052000000061],[42.35099000000014,39.25850000000008],[42.35083000000009,39.25767000000019],[42.35100000000011,39.25714000000022],[42.35101000000003,39.25658000000004],[42.35089000000005,39.25605000000024],[42.350280000000225,39.25452000000013],[42.35023000000018,39.253540000000044],[42.35004000000026,39.25231000000008],[42.35002000000003,39.25172000000009],[42.350100000000054,39.25133000000051],[42.35060000000004,39.249730000000284],[42.35079000000013,39.249450000000195],[42.351180000000056,39.24914000000035],[42.35201000000018,39.24885000000012],[42.35435000000018,39.248770000000434],[42.356450000000166,39.24843000000004],[42.35894000000013,39.24832000000015],[42.3602200000002,39.2480700000001],[42.36249000000009,39.247960000000205],[42.365090000000066,39.24766000000028],[42.367170000000044,39.247650000000135],[42.368000000000166,39.247800000000325],[42.36820000000017,39.247430000000406],[42.36861000000016,39.2472800000001],[42.36996000000016,39.24702000000059],[42.37128000000013,39.24663000000032],[42.37684000000007,39.24591000000004],[42.38012000000003,39.24510000000021],[42.38212000000016,39.24501000000055],[42.382440000000145,39.24504000000019],[42.38255000000021,39.24519000000015],[42.38264000000021,39.245170000000314],[42.38271000000009,39.24524000000042],[42.38264000000021,39.2453600000004],[42.382840000000044,39.2454400000006],[42.38288000000017,39.245600000000366],[42.383210000000076,39.2458900000002],[42.38345000000021,39.246600000000115],[42.383370000000184,39.24717000000021],[42.38369000000017,39.247440000000154],[42.38379000000015,39.24766000000028],[42.38410000000022,39.24772000000024],[42.38466000000017,39.24837000000019],[42.384630000000186,39.24856000000011],[42.384820000000104,39.24872000000005],[42.38484000000011,39.24890000000039],[42.385320000000036,39.24950000000007],[42.38539000000014,39.24996000000016],[42.385780000000125,39.25021000000021],[42.386090000000195,39.250870000000134],[42.3864700000002,39.25125000000031],[42.38633000000016,39.251430000000255],[42.38636000000014,39.25159000000019],[42.387830000000065,39.252580000000194],[42.388020000000154,39.25347000000011],[42.388320000000135,39.254060000000436],[42.3883800000001,39.254400000000146],[42.38870000000014,39.25466000000034],[42.389060000000086,39.25526000000025],[42.38943000000012,39.25546000000031],[42.38942000000003,39.255610000000104],[42.39022000000011,39.25605000000024],[42.39084000000008,39.25618000000037],[42.391820000000166,39.25714000000022],[42.393810000000144,39.258280000000184],[42.407490000000166,39.26536000000033],[42.40567835724363,39.265974860572385]]],"type":"Polygon"}},{"type":"Feature","properties":{"area_id":"TR-49-004-2024861","name_tr":"Tatlıca Köyü","area_level":"neighbourhood","parent_id":"TR-49-004","endeksa_id":2024861},"geometry":{"coordinates":[[[42.57488000000018,39.24321000000015],[42.57438000000019,39.24490000000014],[42.575600000000065,39.24689000000035],[42.57519000000025,39.24844000000013],[42.57347000000004,39.249760000000094],[42.57058000000018,39.24916000000019],[42.56203000000011,39.2487100000003],[42.557520000000125,39.24816000000004],[42.554420000000164,39.247930000000565],[42.55144000000013,39.24860000000058],[42.54829000000012,39.248330000000294],[42.54520000000008,39.24891000000014],[42.54180000000014,39.249260000000106],[42.53881000000018,39.249720000000195],[42.5323200000002,39.249600000000214],[42.53306000000015,39.25082000000026],[42.534310000000175,39.25054000000051],[42.534960000000126,39.25138000000038],[42.53514000000007,39.252270000000124],[42.535150000000044,39.25298000000009],[42.534810000000164,39.253510000000404],[42.5348800000001,39.25413000000054],[42.53464000000014,39.25433000000004],[42.534810000000164,39.25511000000063],[42.53472000000016,39.2554300000001],[42.53538000000026,39.255510000000356],[42.53599000000008,39.25442000000038],[42.536860000000104,39.25453000000027],[42.53613000000013,39.25549000000012],[42.53542000000016,39.25667000000038],[42.53513000000015,39.257430000000056],[42.53510000000017,39.25791000000015],[42.53454000000016,39.25872000000021],[42.53406000000007,39.25923000000046],[42.53342000000009,39.25949000000014],[42.53243000000003,39.260250000000326],[42.532200000000216,39.26009000000056],[42.53160000000014,39.261130000000094],[42.531429337928955,39.26126273716699],[42.51580990100024,39.239677602000256],[42.51584500700028,39.23940584700057],[42.51599469600018,39.23882253300013],[42.52259100400005,39.231035238000175],[42.52864336400006,39.231097260000126],[42.52845476400012,39.22786387000065],[42.53387106300016,39.22080668200044],[42.53386643100015,39.22090100200006],[42.533966785000075,39.220955660000186],[42.5353505414011,39.220955133874554],[42.53535332200016,39.221054121000066],[42.53386000000006,39.22282000000007],[42.53417000000013,39.22329000000042],[42.53519000000017,39.2241600000001],[42.536020000000065,39.22452000000055],[42.5365700000001,39.22461000000021],[42.537100000000066,39.22483000000011],[42.53766000000007,39.22489000000007],[42.538400000000195,39.224330000000464],[42.53920000000011,39.223890000000324],[42.53976000000006,39.22412000000014],[42.5399900000001,39.224010000000305],[42.54112000000015,39.223240000000374],[42.54148000000009,39.22272000000015],[42.543260000000146,39.222680000000366],[42.54310000000004,39.22362000000015],[42.546330000000125,39.22369000000009],[42.54617000000019,39.21810000000016],[42.54579000000018,39.215180000000146],[42.54648000000009,39.21513000000027],[42.546460000000195,39.213520000000074],[42.54837000000015,39.213790000000245],[42.54922000000016,39.213830000000144],[42.54916000000014,39.21496000000042],[42.54934000000014,39.21640000000019],[42.550550000000044,39.21652000000017],[42.55068000000017,39.21587000000039],[42.55186000000009,39.21579000000014],[42.55186000000009,39.21544000000034],[42.55515000000014,39.21529000000015],[42.555380000000184,39.21372000000014],[42.556770000000085,39.21368000000035],[42.55681000000004,39.21440000000024],[42.55650000000014,39.2150800000004],[42.55671000000012,39.21731000000017],[42.55604000000011,39.21998000000008],[42.556030000000135,39.22171000000043],[42.5562300000002,39.22306000000003],[42.55583000000013,39.225160000000244],[42.555750000000046,39.22635000000008],[42.56232000000011,39.22778000000028],[42.562870000000146,39.22808000000026],[42.56153000000012,39.22881000000024],[42.5603900000001,39.22903000000014],[42.55983000000015,39.2292300000002],[42.55965000000015,39.2293800000005],[42.559220000000096,39.230150000000265],[42.559090000000026,39.23196000000013],[42.56060000000008,39.23211000000043],[42.560800000000086,39.23248000000035],[42.56060000000008,39.23264000000023],[42.560800000000086,39.232780000000446],[42.560800000000086,39.23289000000034],[42.560640000000205,39.232970000000535],[42.560420000000136,39.2329500000003],[42.5603900000001,39.23316000000011],[42.560640000000205,39.23332000000039],[42.56097000000017,39.233370000000264],[42.561070000000086,39.233990000000404],[42.56474000000014,39.234110000000385],[42.565100000000086,39.23357000000044],[42.565690000000075,39.23298000000011],[42.56637000000018,39.23264000000023],[42.56645000000026,39.2329500000003],[42.56682000000012,39.23352000000057],[42.56610000000006,39.23401000000007],[42.5658600000001,39.234270000000095],[42.56641000000013,39.23491000000047],[42.56661000000014,39.23636000000039],[42.56710000000021,39.2367000000001],[42.56909000000019,39.23766000000012],[42.57488000000018,39.24321000000015]]],"type":"Polygon"}},{"type":"Feature","properties":{"area_id":"TR-49-004-60402","name_tr":"Yeni","area_level":"neighbourhood","parent_id":"TR-49-004","endeksa_id":60402},"geometry":{"coordinates":[[[42.54346013584404,39.28082999889307],[42.54346611195854,39.28095027314674],[42.543333645827886,39.28102020842351],[42.53524291700052,39.28152625600086],[42.5353606420004,39.28136329500046],[42.5351348460004,39.28162355400042],[42.532610861000535,39.281786332000706],[42.53248385800043,39.28167412400035],[42.532362215000376,39.28180431000044],[42.526477133000526,39.28218726200083],[42.52622915100045,39.28448961300046],[42.52507032118541,39.28476616742125],[42.52226212909409,39.284368340208346],[42.51302537873096,39.28126235044215],[42.510824367680925,39.28132854626307],[42.51104808989783,39.28064246479744],[42.51242161608059,39.28008058688437],[42.51289747297119,39.27962329833139],[42.512493781356284,39.27887356947872],[42.512288800000476,39.27790250000038],[42.51820233598886,39.27295204682656],[42.521723938277376,39.27095329958172],[42.52705393093049,39.269049730777056],[42.53362124330653,39.26800276793443],[42.53485856302967,39.26800276793443],[42.535248316491675,39.2677464240752],[42.53517708038436,39.267290000000685],[42.535800000000506,39.267290000000514],[42.54154000000045,39.264840000000106],[42.54551000000049,39.263300000000584],[42.54868000000039,39.263920000000724],[42.54996000000045,39.26561000000078],[42.54987000000045,39.267290000000514],[42.55046000000044,39.2739600000001],[42.54346013584404,39.28082999889307]]],"type":"Polygon"}},{"type":"Feature","properties":{"area_id":"TR-49-004-2024905","name_tr":"Alikalkan Köyü","area_level":"neighbourhood","parent_id":"TR-49-004","endeksa_id":2024905},"geometry":{"coordinates":[[[42.289905306000094,39.28850603000035],[42.28974030699999,39.28860754200008],[42.28012958800019,39.28453420000017],[42.27521146300012,39.28120930100016],[42.267138844000044,39.276862241000345],[42.24438583500012,39.261615659000086],[42.244238413000176,39.26146015400042],[42.24464633000008,39.260013880000656],[42.24347404800005,39.25979681900037],[42.24340046700013,39.259670608000135],[42.24920650500019,39.25420492600017],[42.24946527800017,39.254261551000184],[42.24967183700011,39.254074191000086],[42.25256413800008,39.254283071000145],[42.252434489113966,39.25417992049921],[42.25306000000006,39.254460000000165],[42.25378000000012,39.25464000000011],[42.25440000000009,39.2551600000005],[42.255000000000166,39.25541000000004],[42.25605000000019,39.254900000000305],[42.256210000000124,39.2550500000001],[42.25657000000007,39.255080000000305],[42.25740000000013,39.25491000000005],[42.2580200000001,39.25467000000009],[42.25893000000008,39.254000000000076],[42.260230000000206,39.25594000000041],[42.26170000000013,39.25528000000048],[42.26226000000008,39.25600000000037],[42.264390000000105,39.25515000000041],[42.26486000000011,39.255850000000066],[42.267290000000116,39.256230000000244],[42.267210000000034,39.25668000000013],[42.26876000000004,39.25922000000037],[42.26911000000024,39.25925000000018],[42.26930000000016,39.25962000000004],[42.26982000000015,39.25953000000027],[42.26982000000015,39.25992000000019],[42.27050000000014,39.25984000000011],[42.27342000000016,39.259950000000345],[42.27609902685401,39.25862359335861],[42.27714582200002,39.2589848300006],[42.27731933900009,39.258920554999975],[42.277351632000034,39.25905348900051],[42.27782931500019,39.25922194500009],[42.2824323320001,39.264254373000085],[42.28507720499999,39.26919576500018],[42.28620217299999,39.270606914000496],[42.28641935300004,39.27162434200011],[42.28962533800018,39.27738619400009],[42.29160910700011,39.27912014200001],[42.292880736000086,39.279777423000496],[42.29513167300007,39.28034266600014],[42.29600940100005,39.28034336999997],[42.30029748700008,39.27950925400006],[42.301046031,39.27849855900001],[42.30208351100009,39.276367329000095],[42.30216192000006,39.27387438600016],[42.30085401400004,39.26671112400021],[42.30114803400005,39.26655990500058],[42.30116357300017,39.26661363600067],[42.301289257000064,39.26652940900004],[42.309478160000026,39.2787489680004],[42.301718459000085,39.28526672400005],[42.299828448000085,39.28555064300019],[42.29918831700013,39.285335217000124],[42.28915131400004,39.28438995000016],[42.289076770000065,39.28449632600041],[42.289905306000094,39.28850603000035]]],"type":"Polygon"}},{"type":"Feature","properties":{"area_id":"TR-49-004-2024875","name_tr":"Karakoç Köyü","area_level":"neighbourhood","parent_id":"TR-49-004","endeksa_id":2024875},"geometry":{"coordinates":[[[42.36266814300018,39.2849081010001],[42.36249683700004,39.284839266000176],[42.35144267900006,39.288377920000585],[42.340257705000056,39.28811328400036],[42.33577813500017,39.28492419800028],[42.33444128700006,39.28587014200002],[42.333417293000025,39.28477349900015],[42.324828023000066,39.28685820900034],[42.32392928700017,39.28559752300066],[42.31891894700004,39.286362254000096],[42.31804800599997,39.285147703000064],[42.313478580000094,39.28946132000016],[42.304622254000094,39.29011995800016],[42.30302011100014,39.289929401999984],[42.30288608300003,39.29003982500069],[42.30285572000008,39.28989503800017],[42.299828448000085,39.28555064300019],[42.301718459000085,39.28526672400005],[42.309478160000026,39.2787489680004],[42.301289257000064,39.26652940900004],[42.30116357300017,39.26661363600067],[42.30103760500003,39.266178046000334],[42.30077451900013,39.266271780000125],[42.30049249400014,39.26558539000018],[42.300394201000074,39.265622045999976],[42.29911132899997,39.263283991000094],[42.29430071786089,39.25609849762236],[42.2994700000001,39.254370000000506],[42.30225000000007,39.25316000000004],[42.302830000000085,39.25299000000018],[42.30395000000004,39.252450000000124],[42.306260000000236,39.2517000000002],[42.30808000000019,39.25097000000005],[42.307630000000074,39.249660000000176],[42.308280000000195,39.24890000000039],[42.30873000000014,39.24764000000005],[42.30997000000025,39.24776000000003],[42.31089000000014,39.24559000000022],[42.310290000000066,39.24495000000019],[42.31124000000017,39.24444000000028],[42.30905000000013,39.242350000000044],[42.31843000000015,39.23491000000047],[42.318940000000055,39.234540000000436],[42.319090000000244,39.23462000000063],[42.31849000000017,39.23246000000029],[42.317890000000034,39.2313000000002],[42.316920000000096,39.22979000000032],[42.31642000000011,39.22969000000057],[42.31532000000004,39.2281900000001],[42.31393000000014,39.22665000000006],[42.312620000000095,39.224910000000136],[42.311015580621984,39.22345643688777],[42.31095572700019,39.22328492500009],[42.31132974400009,39.22317685800044],[42.31170356400014,39.22262207600005],[42.31187230200004,39.222501451000426],[42.31522593300019,39.22279212900014],[42.32332479000013,39.22194171000007],[42.32341411500016,39.22179424699999],[42.328083609000146,39.22585442000047],[42.347320859000035,39.23446330400009],[42.35046107300019,39.23411419900026],[42.352940096000054,39.23707901500006],[42.35394393300004,39.23746547600052],[42.354504005000194,39.23622452100011],[42.35466416900016,39.23617131200001],[42.35474649900004,39.23624942000009],[42.354972879000115,39.23798091700013],[42.35763117400006,39.23907511000016],[42.35859071600004,39.23877044800014],[42.35876947900016,39.238866367000526],[42.358361792000096,39.24329532700034],[42.372480458000155,39.24406030500006],[42.378241200322805,39.245563971871945],[42.37684000000007,39.24591000000004],[42.37128000000013,39.24663000000032],[42.36996000000016,39.24702000000059],[42.36861000000016,39.2472800000001],[42.36820000000017,39.247430000000406],[42.368000000000166,39.247800000000325],[42.367170000000044,39.247650000000135],[42.365090000000066,39.24766000000028],[42.36249000000009,39.247960000000205],[42.3602200000002,39.2480700000001],[42.35894000000013,39.24832000000015],[42.356450000000166,39.24843000000004],[42.35435000000018,39.248770000000434],[42.35201000000018,39.24885000000012],[42.351180000000056,39.24914000000035],[42.35079000000013,39.249450000000195],[42.35060000000004,39.249730000000284],[42.350100000000054,39.25133000000051],[42.35002000000003,39.25172000000009],[42.35004000000026,39.25231000000008],[42.35023000000018,39.253540000000044],[42.350280000000225,39.25452000000013],[42.35089000000005,39.25605000000024],[42.35101000000003,39.25658000000004],[42.35100000000011,39.25714000000022],[42.35083000000009,39.25767000000019],[42.35099000000014,39.25850000000008],[42.35181000000017,39.26052000000061],[42.35299000000009,39.262270000000456],[42.35303000000022,39.26284000000004],[42.3533700000001,39.26330000000041],[42.353750000000105,39.263730000000464],[42.35430000000014,39.26414000000028],[42.356640000000084,39.264990000000296],[42.35925000000003,39.26755000000037],[42.36154000000016,39.27053000000035],[42.36513000000019,39.27275000000003],[42.36754000000013,39.27464000000009],[42.36920000000015,39.27615000000014],[42.371250302000135,39.27833577900009],[42.37104229300007,39.27861699000016],[42.37124407100009,39.278690853000114],[42.37068005000003,39.279009226000085],[42.37008869400012,39.279701419000105],[42.36539068700017,39.28391280300053],[42.362728448999974,39.28476525800028],[42.36266814300018,39.2849081010001]]],"type":"Polygon"}},{"type":"Feature","properties":{"area_id":"TR-49-004-60403","name_tr":"Ziyaret","area_level":"neighbourhood","parent_id":"TR-49-004","endeksa_id":60403},"geometry":{"coordinates":[[[42.510824367680925,39.28132854626307],[42.510493632220914,39.28133849319414],[42.50988177337001,39.28159310481499],[42.50904691992923,39.28170017126706],[42.508218836101264,39.28167856801599],[42.50814850930692,39.28166843308486],[42.50804803400041,39.281387128000404],[42.507280285000434,39.28094290300049],[42.50515327200037,39.28031850300067],[42.50422018400042,39.28061923500053],[42.503434302000414,39.28056689000039],[42.50180420000038,39.27700607400078],[42.500529725000376,39.275183094000226],[42.498851965000426,39.273339245000386],[42.499001271000395,39.273248152000576],[42.502669125000466,39.27383551200046],[42.50279472700038,39.27378469400037],[42.50278064900044,39.27367335500048],[42.48178758600045,39.25750789600045],[42.481697656000506,39.2573733320005],[42.485546221000504,39.249206724000544],[42.48564285700036,39.24913729300022],[42.50573183800026,39.240281749000246],[42.50588694000032,39.24004852000036],[42.50602252100026,39.24014224300021],[42.5155521180003,39.23936190800026],[42.515733632000206,39.23948610000036],[42.51584500700028,39.23940584700057],[42.51580990100024,39.239677602000256],[42.531429337928955,39.26126273716699],[42.530970000000366,39.261620000000846],[42.53015000000022,39.26290000000034],[42.529570000000376,39.26428000000067],[42.529450000000224,39.265610000000606],[42.53065000000038,39.26668000000029],[42.532330000000286,39.267290000000344],[42.53517708038436,39.267290000000685],[42.535248316491675,39.2677464240752],[42.53485856302967,39.26800276793443],[42.53362124330653,39.26800276793443],[42.52705393093049,39.269049730777056],[42.521723938277376,39.27095329958172],[42.51820233598886,39.27295204682656],[42.512288800000476,39.27790250000038],[42.512493781356284,39.27887356947872],[42.51289747297119,39.27962329833139],[42.51242161608059,39.28008058688437],[42.51104808989783,39.28064246479744],[42.510824367680925,39.28132854626307]]],"type":"Polygon"}},{"type":"Feature","properties":{"area_id":"TR-49-004-2024917","name_tr":"Söğütlü Köyü","area_level":"neighbourhood","parent_id":"TR-49-004","endeksa_id":2024917},"geometry":{"coordinates":[[[42.289905306000094,39.28850603000035],[42.291800822000084,39.29770794800004],[42.28749935400015,39.30216572800026],[42.282454749000124,39.30241646100012],[42.27895116100012,39.2988768620001],[42.27879078899997,39.29903560200012],[42.27846160800004,39.2986317380001],[42.27834338100007,39.29873276700016],[42.27784575200002,39.29809495400042],[42.277783852000084,39.29814785000053],[42.27772414600008,39.298083045000055],[42.27778613700019,39.29802168400022],[42.27733554800011,39.297467885000174],[42.27718629100008,39.297499255000105],[42.27664843600007,39.29691546500044],[42.276711296000144,39.29685324500008],[42.276223781000056,39.29629181900003],[42.27613989900004,39.29636349800069],[42.273984479000035,39.293873708000206],[42.272135187000174,39.29399407700066],[42.26700834300016,39.291407064000396],[42.262296418999995,39.29248284300013],[42.256578361000095,39.29002051800006],[42.252882274000115,39.291236591000086],[42.252754290000155,39.291204063000066],[42.252359744000046,39.29075880300013],[42.251346212000044,39.29100320400005],[42.250347315000056,39.289597588000106],[42.25092549000004,39.288895428000046],[42.250427843000125,39.28817889600009],[42.25274641200008,39.28535122300053],[42.25091054900014,39.28251384000015],[42.246757993000074,39.28321501800008],[42.24362212200003,39.28799070399998],[42.24165670700006,39.2881306810001],[42.239267853000115,39.286602652000056],[42.240722144000074,39.283132897000485],[42.23934686200016,39.280547188000185],[42.23920655600011,39.28050680199999],[42.23293767600012,39.28183320400018],[42.232074294000086,39.27839847600018],[42.231399335000106,39.27792963900038],[42.231248053,39.277195439000025],[42.23177448400014,39.27685928800037],[42.23177610200008,39.27674441700003],[42.23194600100004,39.27678201100014],[42.23685666800003,39.274175289000425],[42.23980099900018,39.26974053600003],[42.23960324300015,39.26677273900009],[42.244008829000165,39.262227943000084],[42.24418415600019,39.261655009000094],[42.24438583500012,39.261615659000086],[42.267138844000044,39.276862241000345],[42.27521146300012,39.28120930100016],[42.28012958800019,39.28453420000017],[42.28974030699999,39.28860754200008],[42.289905306000094,39.28850603000035]]],"type":"Polygon"}},{"type":"Feature","properties":{"area_id":"TR-49-004-2024918","name_tr":"Yukarıkıcık Köyü","area_level":"neighbourhood","parent_id":"TR-49-004","endeksa_id":2024918},"geometry":{"coordinates":[[[42.40860682800036,39.266166526999996],[42.4156337950003,39.270387258000255],[42.42280955300015,39.27822625000084],[42.4229321120003,39.2830622890005],[42.42317264900021,39.2834350630003],[42.42369293300027,39.2910211970007],[42.42000005600033,39.29939157000058],[42.42368538500034,39.30683675100033],[42.42362202270414,39.3069467136487],[42.4186200000002,39.30574000000041],[42.412950000000194,39.3052500000004],[42.407250000000204,39.30552000000068],[42.40123000000017,39.30459000000047],[42.395526994000136,39.30632927400018],[42.39525715500008,39.30585785900013],[42.38881142299999,39.30364970600016],[42.37403878500004,39.30347704800005],[42.3739410930001,39.303413361000196],[42.37289995200007,39.30099208900009],[42.37283464200016,39.30097408299997],[42.372523727999976,39.30143068900014],[42.37236684800018,39.300846860000206],[42.36941302100013,39.30001734700005],[42.3674991420001,39.29593903900047],[42.366004552000106,39.295686731000046],[42.36266814300018,39.2849081010001],[42.362728448999974,39.28476525800028],[42.36539068700017,39.28391280300053],[42.37008869400012,39.279701419000105],[42.37068005000003,39.279009226000085],[42.37124407100009,39.278690853000114],[42.37104229300007,39.27861699000016],[42.371250302000135,39.27833577900009],[42.37116731749984,39.278247317500416],[42.37123000000008,39.27831000000032],[42.37479000000013,39.27687000000054],[42.37765000000013,39.276580000000195],[42.38081000000011,39.275710000000345],[42.383710000000065,39.27465000000018],[42.38524000000018,39.274470000000235],[42.386460000000056,39.27422000000013],[42.38952000000012,39.272890000000245],[42.393710000000056,39.27172000000007],[42.401670000000195,39.26835000000045],[42.40419000000014,39.266480000000115],[42.40567835724363,39.265974860572385],[42.40588640100009,39.26608712000012],[42.405747489000134,39.26618301600007],[42.40586160600009,39.26613137700065],[42.40758598100018,39.26700409700038],[42.40843412400011,39.26617479400005],[42.40860682800036,39.266166526999996]]],"type":"Polygon"}},{"type":"Feature","properties":{"area_id":"TR-49-004-60400","name_tr":"Atatürk","area_level":"neighbourhood","parent_id":"TR-49-004","endeksa_id":60400},"geometry":{"coordinates":[[[42.505819013107214,39.29690930021246],[42.50576366200045,39.296822133000376],[42.50130356000051,39.29772288200053],[42.50115596200021,39.297638924000694],[42.501078607000295,39.29776975100077],[42.48018110400022,39.30212574000035],[42.47265408800024,39.308442587000286],[42.47268283700021,39.30834762000069],[42.4725925540003,39.30827947300082],[42.467158067000355,39.307431291000455],[42.465927953000346,39.30703938000045],[42.460429639000324,39.30209246600043],[42.44789657700022,39.30232051500036],[42.44747808300025,39.30193652100024],[42.442330974576294,39.299051177236834],[42.44253114971053,39.2973935097541],[42.44717109867196,39.29084999198807],[42.451097209331635,39.28644798912717],[42.45573715829306,39.28133214796475],[42.46049608030472,39.27728706425478],[42.46406527181347,39.2735988996958],[42.46768671595197,39.27173610473892],[42.47227441228341,39.26729332803029],[42.476200522943145,39.26253440601863],[42.47917484920043,39.25706164570522],[42.48114643043556,39.25845074037318],[42.48157836200022,39.25754389400021],[42.48178758600045,39.25750789600045],[42.50278064900044,39.27367335500048],[42.50279472700038,39.27378469400037],[42.502669125000466,39.27383551200046],[42.499001271000395,39.273248152000576],[42.498851965000426,39.273339245000386],[42.500529725000376,39.275183094000226],[42.50180420000038,39.27700607400078],[42.503434302000414,39.28056689000039],[42.50422018400042,39.28061923500053],[42.50515327200037,39.28031850300067],[42.507280285000434,39.28094290300049],[42.50804803400041,39.281387128000404],[42.508451122000395,39.28251567100074],[42.50810542800059,39.2844955940007],[42.50780469600039,39.28866108000091],[42.50648217123495,39.29397441169857],[42.5061293834745,39.296551180558026],[42.505819013107214,39.29690930021246]]],"type":"Polygon"}},{"type":"Feature","properties":{"area_id":"TR-49-004-2024843","name_tr":"Alyar Köyü","area_level":"neighbourhood","parent_id":"TR-49-004","endeksa_id":2024843},"geometry":{"coordinates":[[[42.571210000000065,39.30649000000011],[42.5698500000002,39.306850000000054],[42.569070000000124,39.306850000000054],[42.5689000000001,39.3069000000001],[42.56861000000009,39.307210000000396],[42.56804000000017,39.307240000000206],[42.567740000000185,39.3071700000001],[42.56711000000013,39.30741000000006],[42.56671000000006,39.307430000000295],[42.56468000000018,39.30726000000027],[42.56242000000003,39.307210000000396],[42.56162000000012,39.306940000000225],[42.56104000000005,39.307060000000206],[42.56038000000018,39.306930000000136],[42.56004000000013,39.30695000000037],[42.55886000000015,39.30677000000037],[42.55869000000013,39.306290000000445],[42.55827000000005,39.306100000000356],[42.55776000000009,39.3062000000001],[42.557520000000125,39.30612000000008],[42.55697000000009,39.30617000000046],[42.557360000000074,39.306320000000085],[42.55670000000015,39.30647000000005],[42.556550000000186,39.30674000000005],[42.556240000000116,39.30701000000033],[42.55617000000018,39.306970000000035],[42.5561800000001,39.30658000000028],[42.555990000000236,39.306590000000426],[42.55489000000017,39.307120000000225],[42.55348000000021,39.307430000000295],[42.5532300000001,39.307370000000276],[42.55292000000003,39.307470000000194],[42.55273000000011,39.30692000000016],[42.55245000000025,39.30696000000046],[42.55218000000008,39.30667000000062],[42.55199000000016,39.30665000000039],[42.55173000000019,39.306810000000155],[42.551380000000165,39.30686000000071],[42.55100000000016,39.306690000000174],[42.550670000000025,39.306690000000174],[42.550450000000126,39.30653000000041],[42.54926000000006,39.306630000000155],[42.54838000000012,39.3075800000006],[42.54737000000017,39.30806000000052],[42.54651000000007,39.30826000000019],[42.544940000000054,39.308270000000164],[42.54377000000005,39.30890000000039],[42.54350000000011,39.30876000000018],[42.543140000000164,39.30875000000009],[42.543040000000246,39.309010000000285],[42.542650000000094,39.30888000000016],[42.54194000000018,39.309050000000184],[42.54131000000007,39.30938000000032],[42.54134000000005,39.30922000000004],[42.54104213031633,39.30929884785792],[42.53708701192886,39.30873442056401],[42.53500104600016,39.30608880500023],[42.53487127700015,39.30604797000012],[42.53477129800012,39.30612489600014],[42.5348123230001,39.3058486620007],[42.531403658000045,39.301516071000094],[42.53534267599997,39.301589177000096],[42.53554273300011,39.30144382500066],[42.53591576200017,39.29920471600008],[42.53382069300011,39.29866155100012],[42.53059474900016,39.29226324800004],[42.528714402000105,39.29270590100066],[42.52892245700019,39.29481611900064],[42.52553296700006,39.29365748499998],[42.52920713700047,39.28978947200051],[42.52461024700045,39.28487596400072],[42.52622915100045,39.28448961300046],[42.526477133000526,39.28218726200083],[42.532362215000376,39.28180431000044],[42.53248385800043,39.28167412400035],[42.532610861000535,39.281786332000706],[42.5351348460004,39.28162355400042],[42.5353606420004,39.28136329500046],[42.53524291700052,39.28152625600086],[42.543333645827886,39.28102020842351],[42.54346611195854,39.28095027314674],[42.54346013584404,39.28082999889307],[42.547140000000184,39.28080000000028],[42.54985000000005,39.28062000000034],[42.55334000000016,39.28053000000068],[42.571420000000046,39.27932000000004],[42.57909000000018,39.276550000000384],[42.58241000000004,39.276030000000674],[42.58980000000008,39.27515000000034],[42.59625000000011,39.27580000000012],[42.604040000000055,39.277570000000196],[42.60997000000009,39.276090000000124],[42.61588000000023,39.27579000000071],[42.62419000000017,39.271310000000256],[42.631550000000175,39.27317000000011],[42.64157000000006,39.27334000000013],[42.652710000000184,39.2784300000003],[42.655250000000194,39.28459000000015],[42.65108000000015,39.2914100000001],[42.64485000000019,39.297430000000645],[42.638360000000205,39.30100000000044],[42.63230287816515,39.30149758883567],[42.62879934400013,39.29795545500019],[42.619179626000175,39.300879925000004],[42.61702111100004,39.29975964400012],[42.61642868600012,39.299803683000164],[42.61623337800012,39.29998462800063],[42.616240425000115,39.29987708900035],[42.61611576100006,39.299828167000385],[42.605499314000156,39.300754634000214],[42.6024480979147,39.30142558349371],[42.59830000000011,39.30138000000011],[42.59559000000007,39.302110000000084],[42.591060000000084,39.30417000000017],[42.58323000000024,39.3042800000004],[42.57330000000019,39.30652000000032],[42.571730000000116,39.30637000000013],[42.5714500000002,39.30637000000013],[42.571210000000065,39.30649000000011]]],"type":"Polygon"}},{"type":"Feature","properties":{"area_id":"TR-49-004-2024910","name_tr":"Gölağılı Köyü","area_level":"neighbourhood","parent_id":"TR-49-004","endeksa_id":2024910},"geometry":{"coordinates":[[[42.432513950582575,39.30825886025269],[42.43244000000021,39.30816000000044],[42.43126000000029,39.30900000000031],[42.428030000000206,39.30993000000052],[42.424440000000345,39.30740000000009],[42.42362202270414,39.3069467136487],[42.42368538500034,39.30683675100033],[42.42000005600033,39.29939157000058],[42.42369293300027,39.2910211970007],[42.42317264900021,39.2834350630003],[42.4229321120003,39.2830622890005],[42.42280955300015,39.27822625000084],[42.4156337950003,39.270387258000255],[42.40860682800036,39.266166526999996],[42.40858493200034,39.26602648500034],[42.42059376600025,39.25427367200052],[42.422373577000315,39.25067465500001],[42.43035147800026,39.24553996300028],[42.43155463400035,39.237318459000164],[42.43905383100025,39.23821622800028],[42.43970019800014,39.23659280700036],[42.43733318300036,39.23559404500048],[42.43730983700016,39.23507951500022],[42.44479880000034,39.23011876700025],[42.44393110000027,39.22793687500024],[42.444174440000324,39.227640431000225],[42.44321413200032,39.226138880000235],[42.44302869200021,39.22567315400039],[42.4491041310003,39.22350400800036],[42.452839159000234,39.2177691510002],[42.45282571500036,39.217653639000275],[42.45423453400031,39.21722860799997],[42.46619536300028,39.224504137000565],[42.4734489840003,39.223294101000306],[42.47379356000022,39.223596448000364],[42.477870652000206,39.22789101700033],[42.47641227500026,39.23064498900027],[42.47956656900027,39.233745203000296],[42.4800982080003,39.23806001800068],[42.47970777600034,39.24086675400025],[42.47633643900036,39.24090249900041],[42.475811953000346,39.24222671300038],[42.48549408200017,39.24912424800078],[42.48564285700036,39.24913729300022],[42.485546221000504,39.249206724000544],[42.481697656000506,39.2573733320005],[42.48178758600045,39.25750789600045],[42.48157836200022,39.25754389400021],[42.48114643043556,39.25845074037318],[42.47917484920043,39.25706164570522],[42.476200522943145,39.26253440601863],[42.47227441228341,39.26729332803029],[42.46768671595197,39.27173610473892],[42.46406527181347,39.2735988996958],[42.46049608030472,39.27728706425478],[42.45573715829306,39.28133214796475],[42.451097209331635,39.28644798912717],[42.44717109867196,39.29084999198807],[42.44253114971053,39.2973935097541],[42.442330974576294,39.299051177236834],[42.44223739000029,39.298998716000256],[42.43853282300029,39.30481761300024],[42.432573254000204,39.307716990000245],[42.432513950582575,39.30825886025269]]],"type":"Polygon"}},{"type":"Feature","properties":{"area_id":"TR-49-004-2024882","name_tr":"Ulusu Köyü","area_level":"neighbourhood","parent_id":"TR-49-004","endeksa_id":2024882},"geometry":{"coordinates":[[[42.30452900400019,39.33347851400009],[42.29512891400009,39.347645973],[42.29132362700011,39.348678609000046],[42.29168417603091,39.349092779652096],[42.29152940506617,39.349077480371875],[42.291488404294284,39.34918504607805],[42.29120000000006,39.34859000000023],[42.28821000000016,39.345600000000104],[42.28460000000007,39.3423600000001],[42.28326000000004,39.33991000000043],[42.28145000000018,39.3380600000001],[42.27952000000022,39.335770000000366],[42.27757000000014,39.33424000000025],[42.27720000000011,39.33378000000039],[42.27742000000018,39.33325000000019],[42.27767000000006,39.33297000000033],[42.27806000000021,39.33273000000037],[42.282780000000116,39.330880000000036],[42.28404000000006,39.3308100000001],[42.28547000000009,39.32997000000006],[42.28571000000005,39.32965000000058],[42.28578000000016,39.32931000000019],[42.28574000000003,39.32878000000039],[42.285540000000026,39.32829000000032],[42.28526000000011,39.327970000000164],[42.283970000000124,39.32728000000009],[42.28212000000019,39.32688000000019],[42.28145000000018,39.32691000000017],[42.28134000000017,39.327040000000125],[42.281120000000044,39.327070000000276],[42.280680000000075,39.32699000000008],[42.27988000000016,39.32644000000005],[42.27949000000018,39.32573000000025],[42.279530000000136,39.32531000000034],[42.280280000000175,39.32474000000008],[42.280680000000075,39.32395000000008],[42.28088000000008,39.323330000000624],[42.28101000000004,39.3224800000001],[42.280930000000126,39.32200000000017],[42.28064000000012,39.3216900000001],[42.280430000000194,39.32121000000018],[42.279750000000035,39.32046000000048],[42.27973000000014,39.319880000000126],[42.279930000000206,39.31964000000016],[42.28175000000016,39.3185400000001],[42.2818400000001,39.31839000000008],[42.28181000000012,39.3180100000003],[42.28190000000012,39.317660000000444],[42.2824100000002,39.31630000000018],[42.28237000000013,39.31594000000024],[42.28191000000004,39.31568000000004],[42.281420000000196,39.31516000000039],[42.28063000000003,39.31494000000009],[42.278480000000116,39.313570000000254],[42.276060000000086,39.31318000000067],[42.27276855551531,39.31229713887922],[42.277445650000175,39.31045421700014],[42.28250480100013,39.30381440200006],[42.278573945000176,39.299214385000084],[42.27868166300004,39.29912233600015],[42.278255419999994,39.298807932000614],[42.27834338100007,39.29873276700016],[42.27846160800004,39.2986317380001],[42.27879078899997,39.29903560200012],[42.27895116100012,39.2988768620001],[42.282454749000124,39.30241646100012],[42.28749935400015,39.30216572800026],[42.291800822000084,39.29770794800004],[42.289905306000094,39.28850603000035],[42.289076770000065,39.28449632600041],[42.28915131400004,39.28438995000016],[42.29918831700013,39.285335217000124],[42.299828448000085,39.28555064300019],[42.30285572000008,39.28989503800017],[42.30288608300003,39.29003982500069],[42.30302178700009,39.29095729600016],[42.301980465175234,39.30016491385055],[42.301966035000135,39.30029250900026],[42.29010468000007,39.30136716600009],[42.28999404500007,39.301446284000065],[42.294492958000035,39.312203154000315],[42.30101955700013,39.31592588600017],[42.30133812300005,39.31742093300011],[42.30092170700004,39.31769276700004],[42.30161800600018,39.318714908000175],[42.30468072600013,39.333150371000215],[42.30452900400019,39.33347851400009]]],"type":"Polygon"}},{"type":"Feature","properties":{"area_id":"TR-49-004-2024874","name_tr":"Kadıköy Köyü","area_level":"neighbourhood","parent_id":"TR-49-004","endeksa_id":2024874},"geometry":{"coordinates":[[[42.372523727999976,39.30143068900014],[42.36655294400015,39.31019928400025],[42.35347915100016,39.31260143300017],[42.353218162134795,39.317007612594125],[42.35308822535933,39.317119406529685],[42.35291435933834,39.31705659447613],[42.34898449200011,39.315349761000164],[42.34667519999999,39.30961667300045],[42.3384919400001,39.30571795200018],[42.336801802000025,39.302582970000174],[42.33454567500013,39.30318769700017],[42.332019152999976,39.29871054],[42.317374601000154,39.302608174000454],[42.31489049200002,39.29971692200019],[42.31060661100008,39.301189031000035],[42.308352380000144,39.29975378800003],[42.30215591004469,39.30030154929733],[42.301980465175234,39.30016491385055],[42.30302178700009,39.29095729600016],[42.30288608300003,39.29003982500069],[42.30302011100014,39.289929401999984],[42.304622254000094,39.29011995800016],[42.313478580000094,39.28946132000016],[42.31804800599997,39.285147703000064],[42.31891894700004,39.286362254000096],[42.32392928700017,39.28559752300066],[42.324828023000066,39.28685820900034],[42.333417293000025,39.28477349900015],[42.33444128700006,39.28587014200002],[42.33577813500017,39.28492419800028],[42.340257705000056,39.28811328400036],[42.35144267900006,39.288377920000585],[42.36249683700004,39.284839266000176],[42.36266814300018,39.2849081010001],[42.366004552000106,39.295686731000046],[42.3674991420001,39.29593903900047],[42.36941302100013,39.30001734700005],[42.37236684800018,39.300846860000206],[42.372523727999976,39.30143068900014]]],"type":"Polygon"}},{"type":"Feature","properties":{"area_id":"TR-49-004-2024868","name_tr":"Boyçapkın Köyü","area_level":"neighbourhood","parent_id":"TR-49-004","endeksa_id":2024868},"geometry":{"coordinates":[[[42.35291435933834,39.31705659447613],[42.35297136300005,39.317138287000205],[42.35288862700014,39.31722399100016],[42.35034984000015,39.317715695000345],[42.346603371000185,39.32286115700015],[42.345446890000176,39.32809281700008],[42.342673279999985,39.33029546500006],[42.32959679000004,39.33344276600019],[42.32125808000001,39.330865326000094],[42.30449645700003,39.333548283000084],[42.30468072600013,39.333150371000215],[42.30161800600018,39.318714908000175],[42.30092170700004,39.31769276700004],[42.30133812300005,39.31742093300011],[42.30101955700013,39.31592588600017],[42.294492958000035,39.312203154000315],[42.28999404500007,39.301446284000065],[42.29010468000007,39.30136716600009],[42.301966035000135,39.30029250900026],[42.301980465175234,39.30016491385055],[42.30215591004469,39.30030154929733],[42.308352380000144,39.29975378800003],[42.31060661100008,39.301189031000035],[42.31489049200002,39.29971692200019],[42.317374601000154,39.302608174000454],[42.332019152999976,39.29871054],[42.33454567500013,39.30318769700017],[42.336801802000025,39.302582970000174],[42.3384919400001,39.30571795200018],[42.34667519999999,39.30961667300045],[42.34898449200011,39.315349761000164],[42.35291435933834,39.31705659447613]]],"type":"Polygon"}},{"type":"Feature","properties":{"area_id":"TR-49-004-2024851","name_tr":"Güleç Köyü","area_level":"neighbourhood","parent_id":"TR-49-004","endeksa_id":2024851},"geometry":{"coordinates":[[[42.568366112964554,39.34411436383027],[42.5654600000002,39.34506000000022],[42.56270000000012,39.34551000000033],[42.55353000000008,39.34587000000005],[42.55271000000005,39.3458600000003],[42.552030000000116,39.34565000000015],[42.54992000000016,39.34535000000005],[42.54908000000012,39.344760000000235],[42.54863000000017,39.34471000000036],[42.54868450740605,39.34466497214339],[42.54923000000008,39.34400000000005],[42.54951000000017,39.34323000000012],[42.54910000000018,39.34226000000018],[42.5489800000002,39.34173000000038],[42.54848000000004,39.341160000000116],[42.54842000000019,39.340950000000475],[42.548040000000185,39.34048000000013],[42.54752000000019,39.340020000000266],[42.54671000000013,39.33905000000033],[42.54544000000004,39.33719000000008],[42.543910000000096,39.33659000000068],[42.543760000000134,39.336460000000045],[42.543980000000204,39.335650000000385],[42.54518000000019,39.33286000000044],[42.546580000000176,39.33069000000012],[42.55000000000018,39.328650000000266],[42.55404000000016,39.32793000000038],[42.55809000000005,39.32492000000019],[42.559800000000166,39.322270000000344],[42.56353000000024,39.31974000000059],[42.56602000000021,39.31661000000025],[42.56742000000003,39.31396000000041],[42.568200000000104,39.3122800000001],[42.57022000000006,39.309750000000406],[42.571210000000065,39.30649000000011],[42.5714500000002,39.30637000000013],[42.571730000000116,39.30637000000013],[42.57330000000019,39.30652000000032],[42.58323000000024,39.3042800000004],[42.591060000000084,39.30417000000017],[42.59559000000007,39.302110000000084],[42.59830000000011,39.30138000000011],[42.60285000000016,39.301430000000494],[42.60211000000021,39.30974000000026],[42.60055000000011,39.30956000000032],[42.601500000000044,39.31522000000035],[42.60104000000018,39.31821000000048],[42.5998800000001,39.32232000000022],[42.59891000000016,39.323230000000194],[42.59839805779046,39.32431022399135],[42.597850000000165,39.3253000000002],[42.595960000000105,39.3263400000003],[42.59569374228329,39.32640264887516],[42.595879590114976,39.3264579310183],[42.59585807471109,39.32661051358372],[42.59336685300008,39.328219249000085],[42.593268352783525,39.32839607688129],[42.593043209000086,39.32842793500009],[42.59065778766251,39.32996221926368],[42.590455656881375,39.32994830097351],[42.590432404201636,39.32978775976329],[42.59018000000009,39.33003000000008],[42.58947000000012,39.33040000000011],[42.58901000000009,39.33080000000052],[42.58887000000004,39.33105000000006],[42.58830000000012,39.331500000000176],[42.588020000000256,39.331870000000265],[42.58701578843318,39.33230710578363],[42.586230000000114,39.33282000000014],[42.5854700000001,39.33297000000033],[42.58345000000014,39.333050000000526],[42.58238000000006,39.3332800000004],[42.58032000000014,39.33280000000008],[42.57979000000017,39.33222000000006],[42.5787000000002,39.3324200000003],[42.5781300000001,39.33266000000026],[42.57806000000022,39.332770000000096],[42.578140000000076,39.33362000000011],[42.578330000000165,39.33416000000017],[42.5783100000001,39.33436000000023],[42.578020000000095,39.334690000000364],[42.577270000000226,39.3352000000001],[42.57724000000019,39.335460000000296],[42.57759000000004,39.33601000000033],[42.57809000000003,39.33638000000036],[42.57878000000011,39.33666000000011],[42.57944000000015,39.33669000000043],[42.57955000000004,39.336860000000286],[42.57891000000018,39.33706000000012],[42.577680000000214,39.33682000000016],[42.57741000000004,39.33688000000052],[42.57739000000021,39.33718000000033],[42.57776000000007,39.33772000000039],[42.57779000000005,39.3383900000004],[42.5773200000001,39.339560000000574],[42.576260000000104,39.339860000000385],[42.575700000000154,39.339590000000214],[42.574800000000096,39.33896000000016],[42.57360000000011,39.33985000000041],[42.57317000000006,39.340020000000266],[42.5720300000001,39.340240000000165],[42.569690000000094,39.341350000000205],[42.56862000000018,39.341970000000344],[42.56852000000009,39.34407000000016],[42.568366112964554,39.34411436383027]]],"type":"Polygon"}},{"type":"Feature","properties":{"area_id":"TR-49-004-2024844","name_tr":"Aradere Köyü","area_level":"neighbourhood","parent_id":"TR-49-004","endeksa_id":2024844},"geometry":{"coordinates":[[[42.571210000000065,39.30649000000011],[42.57022000000006,39.309750000000406],[42.568200000000104,39.3122800000001],[42.56742000000003,39.31396000000041],[42.56602000000021,39.31661000000025],[42.56353000000024,39.31974000000059],[42.559800000000166,39.322270000000344],[42.55809000000005,39.32492000000019],[42.55404000000016,39.32793000000038],[42.55000000000018,39.328650000000266],[42.546580000000176,39.33069000000012],[42.54518000000019,39.33286000000044],[42.543980000000204,39.335650000000385],[42.543980000000204,39.335280000000296],[42.543790000000115,39.3350200000001],[42.543700000000115,39.334600000000194],[42.543700000000115,39.33437000000032],[42.54395000000022,39.3339600000005],[42.54381000000018,39.333360000000084],[42.543670000000134,39.333110000000374],[42.54368000000005,39.33300000000065],[42.543820000000096,39.33297000000033],[42.54386000000005,39.3328400000002],[42.54313000000019,39.33157000000028],[42.54275000000018,39.33126000000021],[42.5419500000001,39.3309200000005],[42.54118000000017,39.330410000000256],[42.53985000000006,39.329760000000306],[42.5387300000001,39.32978000000014],[42.53714000000019,39.32994000000042],[42.535930000000064,39.32966000000016],[42.53553000000005,39.32926000000032],[42.53534000000013,39.32888000000014],[42.535240000000215,39.328370000000405],[42.53495000000021,39.32762000000031],[42.53521000000018,39.32656000000003],[42.535490000000095,39.32598000000036],[42.53500000000008,39.32358000000016],[42.53485000000006,39.32311000000021],[42.534280000000194,39.322180000000685],[42.53408000000013,39.321340000000134],[42.53405000000015,39.3207900000001],[42.53433000000024,39.31972000000036],[42.534220000000175,39.319550000000504],[42.53434000000016,39.31928000000022],[42.53504000000015,39.318650000000105],[42.53687000000008,39.31792000000064],[42.537560000000155,39.317970000000514],[42.539700000000096,39.31724000000014],[42.54022000000015,39.31714000000005],[42.54153000000014,39.317120000000386],[42.54196000000019,39.31700000000018],[42.54359000000005,39.316290000000095],[42.54390000000012,39.31557000000021],[42.54364000000015,39.31528000000037],[42.54301000000004,39.31349000000006],[42.542240000000106,39.31181000000032],[42.54152000000005,39.31144000000023],[42.54027000000019,39.31052000000017],[42.53965000000005,39.31024000000042],[42.5399900000001,39.310160000000224],[42.539920000000166,39.30984000000018],[42.538520000000176,39.30947000000015],[42.53708701192886,39.30873442056401],[42.54104213031633,39.30929884785792],[42.54134000000005,39.30922000000004],[42.54131000000007,39.30938000000032],[42.54194000000018,39.309050000000184],[42.542650000000094,39.30888000000016],[42.543040000000246,39.309010000000285],[42.543140000000164,39.30875000000009],[42.54350000000011,39.30876000000018],[42.54377000000005,39.30890000000039],[42.544940000000054,39.308270000000164],[42.54651000000007,39.30826000000019],[42.54737000000017,39.30806000000052],[42.54838000000012,39.3075800000006],[42.54926000000006,39.306630000000155],[42.550450000000126,39.30653000000041],[42.550670000000025,39.306690000000174],[42.55100000000016,39.306690000000174],[42.551380000000165,39.30686000000071],[42.55173000000019,39.306810000000155],[42.55199000000016,39.30665000000039],[42.55218000000008,39.30667000000062],[42.55245000000025,39.30696000000046],[42.55273000000011,39.30692000000016],[42.55292000000003,39.307470000000194],[42.5532300000001,39.307370000000276],[42.55348000000021,39.307430000000295],[42.55489000000017,39.307120000000225],[42.555990000000236,39.306590000000426],[42.5561800000001,39.30658000000028],[42.55617000000018,39.306970000000035],[42.556240000000116,39.30701000000033],[42.556550000000186,39.30674000000005],[42.55670000000015,39.30647000000005],[42.557360000000074,39.306320000000085],[42.55697000000009,39.30617000000046],[42.557520000000125,39.30612000000008],[42.55776000000009,39.3062000000001],[42.55827000000005,39.306100000000356],[42.55869000000013,39.306290000000445],[42.55886000000015,39.30677000000037],[42.56004000000013,39.30695000000037],[42.56038000000018,39.306930000000136],[42.56104000000005,39.307060000000206],[42.56162000000012,39.306940000000225],[42.56242000000003,39.307210000000396],[42.56468000000018,39.30726000000027],[42.56671000000006,39.307430000000295],[42.56711000000013,39.30741000000006],[42.567740000000185,39.3071700000001],[42.56804000000017,39.307240000000206],[42.56861000000009,39.307210000000396],[42.5689000000001,39.3069000000001],[42.569070000000124,39.306850000000054],[42.5698500000002,39.306850000000054],[42.571210000000065,39.30649000000011]]],"type":"Polygon"}},{"type":"Feature","properties":{"area_id":"TR-49-004-2024870","name_tr":"Erence Köyü","area_level":"neighbourhood","parent_id":"TR-49-004","endeksa_id":2024870},"geometry":{"coordinates":[[[42.26094000000012,39.345440000000394],[42.256520000000194,39.34409000000022],[42.2539000000001,39.34360000000021],[42.249620000000164,39.34459000000038],[42.249620000000164,39.34468000000004],[42.2455300000002,39.34777000000008],[42.2427100000001,39.34648000000044],[42.242860000000064,39.346000000000515],[42.24274000000008,39.34571000000017],[42.24187000000023,39.34516000000065],[42.24170000000021,39.34488000000022],[42.23963000000015,39.34517000000005],[42.23836000000006,39.34377000000006],[42.23740149727132,39.34233224590719],[42.23695000000009,39.341690000000085],[42.237100000000055,39.33939000000004],[42.237310000000036,39.33934000000016],[42.23743000000019,39.33896000000016],[42.24007000000012,39.3393600000004],[42.24043000000006,39.33815000000044],[42.24166000000008,39.33799000000016],[42.242850000000146,39.33731000000057],[42.242360000000076,39.33582000000024],[42.241990000000214,39.33521000000019],[42.24293000000017,39.33471000000003],[42.24302000000017,39.33044000000007],[42.24283000000008,39.329830000000186],[42.24340000000018,39.32908000000032],[42.243540000000166,39.32864000000018],[42.24368000000004,39.32860000000039],[42.24374000000006,39.32793000000038],[42.243690000000186,39.32430000000005],[42.24489000000017,39.32137000000046],[42.248120000000085,39.31802000000039],[42.25084000000004,39.3155000000001],[42.25470000000024,39.31061000000034],[42.25556000000017,39.30980000000028],[42.25854000000015,39.3080300000002],[42.259490000000085,39.30719000000033],[42.26034000000004,39.306620000000066],[42.26077000000009,39.306440000000066],[42.261070000000075,39.30643000000066],[42.26152000000019,39.30656000000005],[42.262120000000095,39.306280000000356],[42.26301000000018,39.306230000000085],[42.26368000000019,39.305850000000305],[42.26397000000003,39.30581000000052],[42.264660000000106,39.30516000000006],[42.26496000000003,39.3049900000002],[42.26579000000015,39.30498000000006],[42.26599000000016,39.305040000000076],[42.266160000000184,39.305350000000146],[42.266150000000096,39.30561000000034],[42.26642000000004,39.30631000000017],[42.26666000000017,39.30635000000029],[42.266800000000046,39.30673000000007],[42.26716000000016,39.307000000000244],[42.26836000000014,39.308490000000575],[42.26833000000016,39.30876000000018],[42.2684900000001,39.309040000000095],[42.268870000000106,39.30921000000046],[42.27011000000016,39.310100000000205],[42.271290000000135,39.31119000000018],[42.27186000000023,39.31179000000009],[42.272070000000156,39.31216000000012],[42.27258000000012,39.312330000000145],[42.27276855551531,39.31229713887922],[42.276060000000086,39.31318000000067],[42.278480000000116,39.313570000000254],[42.28063000000003,39.31494000000009],[42.281420000000196,39.31516000000039],[42.28191000000004,39.31568000000004],[42.28237000000013,39.31594000000024],[42.2824100000002,39.31630000000018],[42.28190000000012,39.317660000000444],[42.28181000000012,39.3180100000003],[42.2818400000001,39.31839000000008],[42.28175000000016,39.3185400000001],[42.279930000000206,39.31964000000016],[42.27973000000014,39.319880000000126],[42.279750000000035,39.32046000000048],[42.280430000000194,39.32121000000018],[42.28064000000012,39.3216900000001],[42.280930000000126,39.32200000000017],[42.28101000000004,39.3224800000001],[42.28088000000008,39.323330000000624],[42.280680000000075,39.32395000000008],[42.280280000000175,39.32474000000008],[42.279530000000136,39.32531000000034],[42.27949000000018,39.32573000000025],[42.27988000000016,39.32644000000005],[42.280680000000075,39.32699000000008],[42.281120000000044,39.327070000000276],[42.28134000000017,39.327040000000125],[42.28145000000018,39.32691000000017],[42.28212000000019,39.32688000000019],[42.283970000000124,39.32728000000009],[42.28526000000011,39.327970000000164],[42.285540000000026,39.32829000000032],[42.28574000000003,39.32878000000039],[42.28578000000016,39.32931000000019],[42.28571000000005,39.32965000000058],[42.28547000000009,39.32997000000006],[42.28404000000006,39.3308100000001],[42.282780000000116,39.330880000000036],[42.27806000000021,39.33273000000037],[42.27767000000006,39.33297000000033],[42.27742000000018,39.33325000000019],[42.27720000000011,39.33378000000039],[42.277000000000044,39.33387000000016],[42.27640000000014,39.334600000000194],[42.27645000000018,39.334760000000074],[42.276780000000144,39.33499000000046],[42.27671000000004,39.33722000000023],[42.27632000000011,39.33861000000013],[42.275640000000124,39.339430000000334],[42.27440000000024,39.34045000000032],[42.2726100000001,39.34134000000006],[42.27254000000016,39.34124000000031],[42.271640000000104,39.34171000000015],[42.270830000000046,39.34199000000018],[42.27007000000009,39.3419600000002],[42.269590000000164,39.342040000000054],[42.26912000000016,39.34193000000005],[42.26820000000009,39.34199000000018],[42.26765000000023,39.3421800000001],[42.26648000000006,39.34239000000025],[42.26621000000006,39.342660000000194],[42.266240000000096,39.342750000000194],[42.265280000000246,39.343210000000056],[42.26525000000004,39.34332000000046],[42.26473000000021,39.343450000000416],[42.26335000000006,39.34427000000022],[42.26094000000012,39.345440000000394]]],"type":"Polygon"}},{"type":"Feature","properties":{"area_id":"TR-49-004-2024915","name_tr":"Laladağı Köyü","area_level":"neighbourhood","parent_id":"TR-49-004","endeksa_id":2024915},"geometry":{"coordinates":[[[42.438779805662875,39.32135923249143],[42.43598000000003,39.322730000000035],[42.435280000000205,39.323700000000144],[42.43506000000008,39.323790000000315],[42.43551000000019,39.32395000000008],[42.435970000000054,39.32426000000015],[42.43548000000004,39.32501000000036],[42.434320000000184,39.32591000000025],[42.434260000000165,39.326110000000426],[42.434690000000046,39.32656000000003],[42.43508000000014,39.32681000000008],[42.43511000000018,39.32697000000053],[42.43480000000011,39.32694000000021],[42.434570000000065,39.32754000000011],[42.43309000000016,39.32888000000014],[42.43118000000004,39.329920000000186],[42.42864000000003,39.32978000000014],[42.42801000000014,39.33135000000004],[42.42716000000013,39.33124000000015],[42.42526000000015,39.33201000000031],[42.423910000000205,39.333360000000084],[42.423380000000236,39.33452000000011],[42.42392000000012,39.334970000000226],[42.4234400000002,39.33532000000008],[42.42270000000008,39.3362800000001],[42.42256000000003,39.336740000000304],[42.4227800000001,39.33742000000029],[42.423450000000116,39.33809000000031],[42.423540000000116,39.338540000000194],[42.416790000000105,39.33876000000032],[42.41129000000012,39.33975000000066],[42.40662000000009,39.34269000000023],[42.4063000000001,39.343150000000605],[42.40588000000014,39.344050000000095],[42.40574000000015,39.34459000000038],[42.40502000000026,39.345440000000394],[42.40481000000011,39.345910000000174],[42.40447000000023,39.34713000000022],[42.402660000000026,39.346860000000106],[42.40041000000019,39.3480000000003],[42.40006000000017,39.3485500000001],[42.39913000000013,39.349380000000224],[42.399070000000165,39.34935000000007],[42.39875000000018,39.34899000000064],[42.39825000000019,39.34816000000018],[42.3958100000001,39.34620000000018],[42.39566000000008,39.34511000000009],[42.395040000000165,39.344240000000184],[42.39457000000016,39.34249000000017],[42.39482000000004,39.34246000000036],[42.39501000000013,39.34156000000013],[42.39481000000012,39.34122000000008],[42.3947500000001,39.34079000000003],[42.393720000000144,39.339770000000215],[42.393580000000156,39.33972000000034],[42.389590000000055,39.33902000000012],[42.38738000000018,39.33617000000021],[42.38738000000018,39.33607000000029],[42.38764000000015,39.334070000000395],[42.38940000000014,39.33228000000008],[42.389560000000245,39.33149000000009],[42.3895500000001,39.33074000000016],[42.3907200000001,39.32858000000016],[42.391450000000134,39.32829000000032],[42.39141000000018,39.327440000000365],[42.39122000000009,39.32654000000048],[42.391360000000134,39.32471000000004],[42.391170000000045,39.32471000000004],[42.39110000000011,39.32425000000018],[42.39150000000018,39.32400000000064],[42.39202000000017,39.32346000000018],[42.39329000000009,39.3228500000007],[42.39403000000004,39.32222000000007],[42.394110000000126,39.319880000000126],[42.39500000000004,39.31977000000023],[42.3955900000002,39.318490000000224],[42.39848000000018,39.317470000000355],[42.39790000000016,39.31563000000017],[42.397830000000056,39.314530000000104],[42.39745000000005,39.313440000000185],[42.39720000000017,39.31218000000035],[42.396880000000124,39.31125000000014],[42.395730000000185,39.30867000000018],[42.395380000000046,39.30696000000046],[42.395380000000046,39.306590000000426],[42.39553000000018,39.30633000000023],[42.40123000000017,39.30459000000047],[42.407250000000204,39.30552000000068],[42.412950000000194,39.3052500000004],[42.4186200000002,39.30574000000041],[42.42362202270414,39.3069467136487],[42.424440000000345,39.30740000000009],[42.428030000000206,39.30993000000052],[42.43126000000029,39.30900000000031],[42.43244000000021,39.30816000000044],[42.43273921067885,39.3085599974342],[42.43513149517236,39.310840000000326],[42.435970000000054,39.310900000000345],[42.436330000000225,39.31114000000031],[42.43660000000017,39.312210000000164],[42.43744000000021,39.312910000000386],[42.43784000000011,39.3133600000001],[42.43819000000008,39.3142600000005],[42.43846000000025,39.31563000000017],[42.438720000000046,39.31602000000032],[42.43828740932054,39.31733554973823],[42.438779805662875,39.32135923249143]]],"type":"Polygon"}},{"type":"Feature","properties":{"area_id":"TR-49-004-2024911","name_tr":"Hancağız Köyü","area_level":"neighbourhood","parent_id":"TR-49-004","endeksa_id":2024911},"geometry":{"coordinates":[[[42.54868450740605,39.34466497214339],[42.548818222000136,39.343080931000486],[42.5487191900001,39.343007323999984],[42.548184792000086,39.3429749350006],[42.54805518200004,39.34303983900014],[42.54802425600013,39.343336199000646],[42.54464921800013,39.34576659200002],[42.545849735000104,39.34893386099998],[42.545809518000056,39.349038193000126],[42.542524121999975,39.34975440100038],[42.53983153100006,39.348383102000184],[42.53834063000005,39.347617285000126],[42.53701403600007,39.34667475100048],[42.53915382600019,39.343864109000094],[42.53594218900014,39.34220996100004],[42.53833733800013,39.34029695300018],[42.535738904000084,39.33853461400014],[42.53577127700004,39.33843680300009],[42.537959282000145,39.33683754800006],[42.53564329500006,39.33309445800012],[42.534179138000184,39.33618727600003],[42.53240709700003,39.336022980000166],[42.52943450599997,39.333119974000454],[42.52737791400017,39.33353849800062],[42.526883426000154,39.33128082800016],[42.52414650400016,39.331180714000084],[42.521501311000065,39.32749302200028],[42.51032080800019,39.3274662230001],[42.51029240500009,39.32732879100013],[42.51144771700007,39.32621356300001],[42.50844317300016,39.322893327000145],[42.49765868300011,39.32161833600003],[42.49597676800016,39.3206757450003],[42.477855391000105,39.31636238200019],[42.46714515800005,39.31318482100045],[42.467157521000104,39.313062538],[42.47265408800024,39.308442587000286],[42.48018110400022,39.30212574000035],[42.501078607000295,39.29776975100077],[42.50115596200021,39.297638924000694],[42.50130356000051,39.29772288200053],[42.50576366200045,39.296822133000376],[42.505819013107214,39.29690930021246],[42.505828350000456,39.29692400400069],[42.505281095000385,39.29934439100049],[42.505432699000494,39.299452304000624],[42.52556880400044,39.29359392700076],[42.52569672900029,39.293487069000264],[42.52553296700006,39.29365748499998],[42.52892245700019,39.29481611900064],[42.528714402000105,39.29270590100066],[42.53059474900016,39.29226324800004],[42.53382069300011,39.29866155100012],[42.53591576200017,39.29920471600008],[42.53554273300011,39.30144382500066],[42.53534267599997,39.301589177000096],[42.531403658000045,39.301516071000094],[42.5348123230001,39.3058486620007],[42.53477129800012,39.30612489600014],[42.53487127700015,39.30604797000012],[42.53500104600016,39.30608880500023],[42.53708701192886,39.30873442056401],[42.538520000000176,39.30947000000015],[42.539920000000166,39.30984000000018],[42.5399900000001,39.310160000000224],[42.53965000000005,39.31024000000042],[42.54027000000019,39.31052000000017],[42.54152000000005,39.31144000000023],[42.542240000000106,39.31181000000032],[42.54301000000004,39.31349000000006],[42.54364000000015,39.31528000000037],[42.54390000000012,39.31557000000021],[42.54359000000005,39.316290000000095],[42.54196000000019,39.31700000000018],[42.54153000000014,39.317120000000386],[42.54022000000015,39.31714000000005],[42.539700000000096,39.31724000000014],[42.537560000000155,39.317970000000514],[42.53687000000008,39.31792000000064],[42.53504000000015,39.318650000000105],[42.53434000000016,39.31928000000022],[42.534220000000175,39.319550000000504],[42.53433000000024,39.31972000000036],[42.53405000000015,39.3207900000001],[42.53408000000013,39.321340000000134],[42.534280000000194,39.322180000000685],[42.53485000000006,39.32311000000021],[42.53500000000008,39.32358000000016],[42.535490000000095,39.32598000000036],[42.53521000000018,39.32656000000003],[42.53495000000021,39.32762000000031],[42.535240000000215,39.328370000000405],[42.53534000000013,39.32888000000014],[42.53553000000005,39.32926000000032],[42.535930000000064,39.32966000000016],[42.53714000000019,39.32994000000042],[42.5387300000001,39.32978000000014],[42.53985000000006,39.329760000000306],[42.54118000000017,39.330410000000256],[42.5419500000001,39.3309200000005],[42.54275000000018,39.33126000000021],[42.54313000000019,39.33157000000028],[42.54386000000005,39.3328400000002],[42.543820000000096,39.33297000000033],[42.54368000000005,39.33300000000065],[42.543670000000134,39.333110000000374],[42.54381000000018,39.333360000000084],[42.54395000000022,39.3339600000005],[42.543700000000115,39.33437000000032],[42.543700000000115,39.334600000000194],[42.543790000000115,39.3350200000001],[42.543980000000204,39.335280000000296],[42.543980000000204,39.335650000000385],[42.543760000000134,39.336460000000045],[42.543910000000096,39.33659000000068],[42.54544000000004,39.33719000000008],[42.54671000000013,39.33905000000033],[42.54752000000019,39.340020000000266],[42.548040000000185,39.34048000000013],[42.54842000000019,39.340950000000475],[42.54848000000004,39.341160000000116],[42.5489800000002,39.34173000000038],[42.54910000000018,39.34226000000018],[42.54951000000017,39.34323000000012],[42.54923000000008,39.34400000000005],[42.54868450740605,39.34466497214339]]],"type":"Polygon"}},{"type":"Feature","properties":{"area_id":"TR-49-004-2024884","name_tr":"Yapraklı Köyü","area_level":"neighbourhood","parent_id":"TR-49-004","endeksa_id":2024884},"geometry":{"coordinates":[[[42.308240389138064,39.35827992301745],[42.30826000000013,39.35878000000014],[42.30660000000012,39.36091000000067],[42.30431000000016,39.363060000000246],[42.30378000000019,39.36380000000037],[42.30328000000003,39.364650000000324],[42.30149000000006,39.36869000000013],[42.30075000000011,39.36977000000047],[42.30052000000012,39.37028000000004],[42.3003300000002,39.3702500000004],[42.29923799175373,39.37061899587712],[42.29832000000016,39.370160000000055],[42.29878000000019,39.3687800000003],[42.29901000000007,39.36770000000007],[42.2983900000001,39.36711000000014],[42.296610000000044,39.36663000000004],[42.29576000000009,39.3660900000001],[42.29336000000012,39.36501000000027],[42.290720000000135,39.36423000000042],[42.28995000000003,39.363810000000456],[42.28863000000007,39.36339000000015],[42.28739000000013,39.36321000000055],[42.286070000000166,39.36339000000015],[42.285140000000126,39.36387000000008],[42.28289000000012,39.363810000000456],[42.281730000000096,39.363990000000285],[42.28057000000018,39.364650000000324],[42.27886000000012,39.36423000000042],[42.27793000000008,39.36423000000042],[42.27661000000012,39.36489000000029],[42.27522000000005,39.36699000000067],[42.27452000000022,39.36645000000004],[42.271730000000105,39.36645000000004],[42.268320000000244,39.36621000000008],[42.2666200000001,39.36537000000021],[42.264140000000054,39.36525000000023],[42.262900000000116,39.36453000000034],[42.25824000000023,39.36405000000042],[42.25499000000008,39.3641700000004],[42.25344000000007,39.36297000000059],[42.25344000000007,39.36177000000009],[42.25530000000015,39.360930000000224],[42.25623000000019,39.360090000000355],[42.25592000000012,39.3590200000001],[42.25483000000014,39.35878000000014],[42.2535900000002,39.35806000000008],[42.2535900000002,39.35734000000019],[42.25561000000022,39.35686000000027],[42.25824000000023,39.356740000000286],[42.25948000000011,39.35578000000004],[42.25793000000016,39.35398000000015],[42.25592000000012,39.35326000000009],[42.25638000000015,39.35134000000039],[42.25638000000015,39.35050000000052],[42.25669000000005,39.349190000000135],[42.25840000000011,39.347150000000454],[42.26094000000012,39.345440000000394],[42.26335000000006,39.34427000000022],[42.26473000000021,39.343450000000416],[42.26525000000004,39.34332000000046],[42.265280000000246,39.343210000000056],[42.266240000000096,39.342750000000194],[42.26621000000006,39.342660000000194],[42.26648000000006,39.34239000000025],[42.26765000000023,39.3421800000001],[42.26820000000009,39.34199000000018],[42.26912000000016,39.34193000000005],[42.269590000000164,39.342040000000054],[42.27007000000009,39.3419600000002],[42.270830000000046,39.34199000000018],[42.271640000000104,39.34171000000015],[42.27254000000016,39.34124000000031],[42.2726100000001,39.34134000000006],[42.27440000000024,39.34045000000032],[42.275640000000124,39.339430000000334],[42.27632000000011,39.33861000000013],[42.27671000000004,39.33722000000023],[42.276780000000144,39.33499000000046],[42.27645000000018,39.334760000000074],[42.27640000000014,39.334600000000194],[42.277000000000044,39.33387000000016],[42.27720000000011,39.33378000000039],[42.27757000000014,39.33424000000025],[42.27952000000022,39.335770000000366],[42.28145000000018,39.3380600000001],[42.28326000000004,39.33991000000043],[42.28460000000007,39.3423600000001],[42.28821000000016,39.345600000000104],[42.29120000000006,39.34859000000023],[42.291488404294284,39.34918504607805],[42.29233000000016,39.350800000000106],[42.29532000000012,39.35240000000016],[42.29726000000022,39.354670000000226],[42.3001500000002,39.35586000000012],[42.308240389138064,39.35827992301745]]],"type":"Polygon"}},{"type":"Feature","properties":{"area_id":"TR-49-004-2024877","name_tr":"Kardeşler Köyü","area_level":"neighbourhood","parent_id":"TR-49-004","endeksa_id":2024877},"geometry":{"coordinates":[[[42.46800066600014,39.3618748690003],[42.46117821199999,39.359587941000086],[42.461179210000125,39.359807354000054],[42.455850399000155,39.360299005000115],[42.45518745400011,39.363705308000135],[42.44516080500017,39.36749409600009],[42.445067756000185,39.36762072900018],[42.44496229000015,39.36746999300033],[42.43126355600003,39.358577872000126],[42.432404884000164,39.35563650500035],[42.42423190700009,39.357515966000335],[42.423294586000054,39.35568540900016],[42.42302493700004,39.35584548500009],[42.42293677600014,39.35576432200003],[42.422829721000085,39.35579806800013],[42.42274866300011,39.356009494000034],[42.422688317999985,39.35584264099998],[42.42253716800013,39.35589028700002],[42.42371494300011,39.35376835000005],[42.41991774100018,39.34685170600011],[42.41986085100007,39.346239746000094],[42.419312300000115,39.34650801600009],[42.40334333000004,39.348676657000055],[42.397053685684284,39.362516594154386],[42.39720000000017,39.35440000000062],[42.399070000000165,39.34935000000007],[42.39913000000013,39.349380000000224],[42.40006000000017,39.3485500000001],[42.40041000000019,39.3480000000003],[42.402660000000026,39.346860000000106],[42.40447000000023,39.34713000000022],[42.40481000000011,39.345910000000174],[42.40502000000026,39.345440000000394],[42.40574000000015,39.34459000000038],[42.40588000000014,39.344050000000095],[42.4063000000001,39.343150000000605],[42.40662000000009,39.34269000000023],[42.41129000000012,39.33975000000066],[42.416790000000105,39.33876000000032],[42.423540000000116,39.338540000000194],[42.423450000000116,39.33809000000031],[42.4227800000001,39.33742000000029],[42.42256000000003,39.336740000000304],[42.42270000000008,39.3362800000001],[42.4234400000002,39.33532000000008],[42.42392000000012,39.334970000000226],[42.423380000000236,39.33452000000011],[42.423910000000205,39.333360000000084],[42.42526000000015,39.33201000000031],[42.42716000000013,39.33124000000015],[42.42801000000014,39.33135000000004],[42.42864000000003,39.32978000000014],[42.43118000000004,39.329920000000186],[42.43309000000016,39.32888000000014],[42.434570000000065,39.32754000000011],[42.43480000000011,39.32694000000021],[42.43511000000018,39.32697000000053],[42.43508000000014,39.32681000000008],[42.434690000000046,39.32656000000003],[42.434260000000165,39.326110000000426],[42.434320000000184,39.32591000000025],[42.43548000000004,39.32501000000036],[42.435970000000054,39.32426000000015],[42.43551000000019,39.32395000000008],[42.43506000000008,39.323790000000315],[42.435280000000205,39.323700000000144],[42.43598000000003,39.322730000000035],[42.438779805662875,39.32135923249143],[42.45227926700011,39.32548262800003],[42.456552548000104,39.32895424700013],[42.46056853800019,39.33527883000005],[42.46441810900012,39.333487070000274],[42.4692513600001,39.33498636600018],[42.470548044000054,39.33703306300015],[42.46888951900007,39.341295304000084],[42.470336981000116,39.34834092100016],[42.46815687600014,39.36192723200014],[42.46800066600014,39.3618748690003]]],"type":"Polygon"}},{"type":"Feature","properties":{"area_id":"TR-49-004-2024878","name_tr":"Kazgöl Köyü","area_level":"neighbourhood","parent_id":"TR-49-004","endeksa_id":2024878},"geometry":{"coordinates":[[[42.33005918800012,39.368969610000136],[42.32986821500003,39.368998240000565],[42.328730071000166,39.36770711000014],[42.31861482800019,39.365868718000115],[42.315494085000125,39.36244637600009],[42.31631134700007,39.36060139],[42.31077367400013,39.35903595200051],[42.31021491800004,39.36071820700016],[42.30843808100002,39.35896330100013],[42.308240389138064,39.35827992301745],[42.3001500000002,39.35586000000012],[42.29726000000022,39.354670000000226],[42.29532000000012,39.35240000000016],[42.29233000000016,39.350800000000106],[42.291488404294284,39.34918504607805],[42.29152940506617,39.349077480371875],[42.29168417603091,39.349092779652096],[42.29132362700011,39.348678609000046],[42.29512891400009,39.347645973],[42.30452900400019,39.33347851400009],[42.30449645700003,39.333548283000084],[42.32125808000001,39.330865326000094],[42.32959679000004,39.33344276600019],[42.342673279999985,39.33029546500006],[42.345446890000176,39.32809281700008],[42.346603371000185,39.32286115700015],[42.35034984000015,39.317715695000345],[42.35288862700014,39.31722399100016],[42.35297136300005,39.317138287000205],[42.35291435933834,39.31705659447613],[42.35308822535933,39.317119406529685],[42.353218162134795,39.317007612594125],[42.35347915100016,39.31260143300017],[42.36655294400015,39.31019928400025],[42.37283464200016,39.30097408299997],[42.37289995200007,39.30099208900009],[42.3739410930001,39.303413361000196],[42.37403878500004,39.30347704800005],[42.38881142299999,39.30364970600016],[42.39525715500008,39.30585785900013],[42.395526994000136,39.30632927400018],[42.39571038012508,39.306273991559635],[42.39553000000018,39.30633000000023],[42.395380000000046,39.306590000000426],[42.395380000000046,39.30696000000046],[42.395730000000185,39.30867000000018],[42.396880000000124,39.31125000000014],[42.39720000000017,39.31218000000035],[42.39745000000005,39.313440000000185],[42.397830000000056,39.314530000000104],[42.39790000000016,39.31563000000017],[42.39848000000018,39.317470000000355],[42.3955900000002,39.318490000000224],[42.39500000000004,39.31977000000023],[42.394110000000126,39.319880000000126],[42.39403000000004,39.32222000000007],[42.39329000000009,39.3228500000007],[42.39202000000017,39.32346000000018],[42.39150000000018,39.32400000000064],[42.39110000000011,39.32425000000018],[42.391170000000045,39.32471000000004],[42.391360000000134,39.32471000000004],[42.39122000000009,39.32654000000048],[42.39141000000018,39.327440000000365],[42.391450000000134,39.32829000000032],[42.3907200000001,39.32858000000016],[42.3895500000001,39.33074000000016],[42.389560000000245,39.33149000000009],[42.38940000000014,39.33228000000008],[42.38764000000015,39.334070000000395],[42.38738000000018,39.33607000000029],[42.38738000000018,39.33617000000021],[42.389590000000055,39.33902000000012],[42.38756000000012,39.340390000000355],[42.38793000000021,39.340890000000115],[42.388230000000135,39.34153000000015],[42.38850000000008,39.34261000000015],[42.38776000000013,39.34296000000052],[42.3844400000001,39.344170000000304],[42.379590000000064,39.34374000000042],[42.3792200000002,39.34384000000017],[42.378880000000095,39.34456000000006],[42.37802000000022,39.344820000000254],[42.3778700000002,39.3450000000002],[42.37765000000013,39.34506000000022],[42.37716000000012,39.34486000000015],[42.37720000000019,39.34462000000019],[42.3758900000002,39.344140000000095],[42.375780000000134,39.34416000000033],[42.37566000000015,39.34450000000004],[42.375340000000165,39.344510000000184],[42.374880000000076,39.34435000000042],[42.374230000000125,39.34429000000006],[42.3729800000001,39.34450000000004],[42.37214000000006,39.34438000000006],[42.37186000000014,39.34425000000067],[42.37166000000013,39.344670000000065],[42.37132000000008,39.34486000000015],[42.37130000000019,39.34540000000061],[42.3709300000001,39.34583000000066],[42.37057000000016,39.34610000000026],[42.37043000000011,39.34638000000018],[42.370450000000176,39.34667000000053],[42.37034000000017,39.346830000000296],[42.37016000000017,39.346860000000106],[42.369140000000186,39.3467200000004],[42.368310000000065,39.34641000000033],[42.36637000000013,39.3455900000007],[42.36613000000017,39.34530000000018],[42.365900000000124,39.345290000000034],[42.36567000000014,39.345130000000324],[42.36521000000005,39.34524000000016],[42.36479000000014,39.34508000000028],[42.364660000000185,39.34488000000022],[42.364410000000134,39.34477000000038],[42.36433000000011,39.34437000000014],[42.36425000000003,39.34431000000012],[42.36343000000005,39.34425000000067],[42.36312000000015,39.34452000000027],[42.36306000000019,39.34484000000032],[42.36318000000017,39.34519000000029],[42.363040000000126,39.345440000000394],[42.36301000000009,39.34574000000032],[42.36272000000008,39.34624000000048],[42.3626900000001,39.34667000000053],[42.362090000000194,39.347270000000435],[42.361650000000225,39.34803000000011],[42.360690000000204,39.34927000000039],[42.360010000000045,39.34982000000042],[42.35982000000013,39.35016000000013],[42.35943000000003,39.35028000000011],[42.35901000000007,39.35014000000058],[42.35863000000006,39.35016000000013],[42.35826000000003,39.35040000000009],[42.35732000000007,39.35041000000018],[42.35723000000007,39.35053000000016],[42.35688000000005,39.351570000000265],[42.35712000000018,39.35177000000044],[42.35709000000003,39.352010000000405],[42.35793000000007,39.352070000000424],[42.35797000000019,39.35271000000006],[42.358090000000175,39.35305000000011],[42.35686000000021,39.35338000000007],[42.356140000000096,39.35345000000018],[42.35615000000007,39.35383000000036],[42.357750000000124,39.35416000000066],[42.35838000000018,39.354670000000226],[42.357870000000105,39.354920000000334],[42.359730439272255,39.355386514984104],[42.33824268900014,39.364452981000454],[42.338181248000126,39.364537666000444],[42.33821131400015,39.365718724000146],[42.338145364000184,39.365799085000276],[42.33568206600012,39.365893289999974],[42.335333609000145,39.365682623000055],[42.3324970430001,39.36686993000018],[42.33163915600011,39.36871152600014],[42.33005918800012,39.368969610000136]]],"type":"Polygon"}},{"type":"Feature","properties":{"area_id":"TR-49-004-2024858","name_tr":"Muratkolu Köyü","area_level":"neighbourhood","parent_id":"TR-49-004","endeksa_id":2024858},"geometry":{"coordinates":[[[42.555140202000075,39.37233886000007],[42.55488535300003,39.372280964000026],[42.55489164900018,39.37259529500005],[42.554453708000096,39.372604064000484],[42.55442945700014,39.37241376300028],[42.553716194000174,39.3726215330006],[42.55317656000011,39.37261905000048],[42.54809252600012,39.368950715000096],[42.54763590800019,39.36811001400008],[42.54816677000002,39.36759650100049],[42.54543033500005,39.36437028900036],[42.544801110000094,39.360714842000334],[42.54723564000011,39.35598980000003],[42.540956989999984,39.3572995510001],[42.54040814500013,39.35772332700003],[42.54021757600009,39.35767541200005],[42.53901661900011,39.355144673000154],[42.54011798900012,39.34884471500061],[42.539644375000194,39.348505645000444],[42.53967912300004,39.348389849000455],[42.53983153100006,39.348383102000184],[42.542524121999975,39.34975440100038],[42.545809518000056,39.349038193000126],[42.545849735000104,39.34893386099998],[42.54464921800013,39.34576659200002],[42.54802425600013,39.343336199000646],[42.54805518200004,39.34303983900014],[42.548184792000086,39.3429749350006],[42.5487191900001,39.343007323999984],[42.548818222000136,39.343080931000486],[42.54868450740605,39.34466497214339],[42.54863000000017,39.34471000000036],[42.54908000000012,39.344760000000235],[42.54992000000016,39.34535000000005],[42.552030000000116,39.34565000000015],[42.55271000000005,39.3458600000003],[42.55353000000008,39.34587000000005],[42.56270000000012,39.34551000000033],[42.5654600000002,39.34506000000022],[42.568366112964554,39.34411436383027],[42.57411249000006,39.35332553100045],[42.582594690000064,39.361854660000176],[42.58307025900007,39.36208417200015],[42.58223039300003,39.36228925800003],[42.582243565000056,39.362446086000034],[42.581971791000115,39.36234059700047],[42.579552359000104,39.362903968000126],[42.57642207700013,39.361793120000016],[42.57329990400018,39.36379184700013],[42.573285985000155,39.36391537000014],[42.573667518000036,39.364053984000066],[42.57327201700008,39.36437730500023],[42.571937244000026,39.36444537400013],[42.57140119200011,39.36474941600005],[42.56949777300008,39.365082006000364],[42.56454697700008,39.364837772000044],[42.566948522000075,39.36928118300011],[42.56611270000002,39.36901055300007],[42.55510472400016,39.37221706400044],[42.555140202000075,39.37233886000007]]],"type":"Polygon"}},{"type":"Feature","properties":{"area_id":"TR-49-004-2024912","name_tr":"Hasanpaşa Köyü","area_level":"neighbourhood","parent_id":"TR-49-004","endeksa_id":2024912},"geometry":{"coordinates":[[[42.54021757600009,39.35767541200005],[42.54029322600013,39.357833837999976],[42.53546443500005,39.36156787900012],[42.52501331000013,39.36117663100026],[42.524379416000045,39.36368586000049],[42.51890179999998,39.36899177000021],[42.51992415100011,39.37384166100014],[42.51824377800011,39.37370627700011],[42.51822655600006,39.373920098000156],[42.51697396200018,39.37360397000026],[42.51551721500016,39.37345147000008],[42.516200483000034,39.36875138200003],[42.51066587000014,39.36836765400011],[42.50678323900013,39.36858941100007],[42.50449488700019,39.372100009000064],[42.501812459000064,39.37167441300039],[42.498580178000054,39.373463195000056],[42.49193118000005,39.37063266600012],[42.48395534300016,39.37242873300028],[42.48394933100019,39.37249788400004],[42.48389509700013,39.37239732299997],[42.47571578600008,39.36805380700014],[42.48062857900004,39.36508614600035],[42.4809585540001,39.361002441000096],[42.47771401000006,39.36066945400012],[42.47170267400003,39.36336783200011],[42.46800066600014,39.3618748690003],[42.46815687600014,39.36192723200014],[42.470336981000116,39.34834092100016],[42.46888951900007,39.341295304000084],[42.470548044000054,39.33703306300015],[42.4692513600001,39.33498636600018],[42.46441810900012,39.333487070000274],[42.46056853800019,39.33527883000005],[42.456552548000104,39.32895424700013],[42.45227926700011,39.32548262800003],[42.438779805662875,39.32135923249143],[42.43828740932054,39.31733554973823],[42.438720000000046,39.31602000000032],[42.43846000000025,39.31563000000017],[42.43819000000008,39.3142600000005],[42.43784000000011,39.3133600000001],[42.43744000000021,39.312910000000386],[42.43660000000017,39.312210000000164],[42.436330000000225,39.31114000000031],[42.435970000000054,39.310900000000345],[42.43513149517236,39.310840000000326],[42.43273921067885,39.3085599974342],[42.432513950582575,39.30825886025269],[42.432573254000204,39.307716990000245],[42.43853282300029,39.30481761300024],[42.44223739000029,39.298998716000256],[42.44747808300025,39.30193652100024],[42.44789657700022,39.30232051500036],[42.460429639000324,39.30209246600043],[42.465927953000346,39.30703938000045],[42.467158067000355,39.307431291000455],[42.4725925540003,39.30827947300082],[42.47268283700021,39.30834762000069],[42.47265408800024,39.308442587000286],[42.467157521000104,39.313062538],[42.46714515800005,39.31318482100045],[42.477855391000105,39.31636238200019],[42.49597676800016,39.3206757450003],[42.49765868300011,39.32161833600003],[42.50844317300016,39.322893327000145],[42.51144771700007,39.32621356300001],[42.51029240500009,39.32732879100013],[42.51032080800019,39.3274662230001],[42.521501311000065,39.32749302200028],[42.52414650400016,39.331180714000084],[42.526883426000154,39.33128082800016],[42.52737791400017,39.33353849800062],[42.52943450599997,39.333119974000454],[42.53240709700003,39.336022980000166],[42.534179138000184,39.33618727600003],[42.53564329500006,39.33309445800012],[42.537959282000145,39.33683754800006],[42.53577127700004,39.33843680300009],[42.535738904000084,39.33853461400014],[42.53833733800013,39.34029695300018],[42.53594218900014,39.34220996100004],[42.53915382600019,39.343864109000094],[42.53701403600007,39.34667475100048],[42.53834063000005,39.347617285000126],[42.53983153100006,39.348383102000184],[42.53967912300004,39.348389849000455],[42.539644375000194,39.348505645000444],[42.54011798900012,39.34884471500061],[42.53901661900011,39.355144673000154],[42.54021757600009,39.35767541200005]]],"type":"Polygon"}},{"type":"Feature","properties":{"area_id":"TR-49-004-2024879","name_tr":"Kuruca Köyü","area_level":"neighbourhood","parent_id":"TR-49-004","endeksa_id":2024879},"geometry":{"coordinates":[[[42.389669816760716,39.37403469582256],[42.38904000000019,39.37411000000003],[42.38803000000013,39.37387000000007],[42.38757000000004,39.37315000000018],[42.385940000000176,39.37291000000022],[42.38400000000007,39.37243000000029],[42.38260000000008,39.37225000000035],[42.38229000000018,39.37135000000046],[42.38027000000022,39.37141000000031],[42.378720000000044,39.3711100000005],[42.375770000000216,39.37051000000008],[42.37321000000014,39.36961000000019],[42.366850000000056,39.36835000000025],[42.3659100000001,39.366190000000415],[42.37158000000005,39.3640900000002],[42.37158000000005,39.36361000000028],[42.37096000000014,39.36259000000041],[42.36824000000013,39.361270000000104],[42.36576000000008,39.36061000000018],[42.36436000000009,39.36007000000012],[42.36312000000015,39.35899000000029],[42.363820000000146,39.35779000000008],[42.363270000000114,39.35689000000059],[42.36118000000005,39.35575000000006],[42.357870000000105,39.354920000000334],[42.35838000000018,39.354670000000226],[42.357750000000124,39.35416000000066],[42.35615000000007,39.35383000000036],[42.356140000000096,39.35345000000018],[42.35686000000021,39.35338000000007],[42.358090000000175,39.35305000000011],[42.35797000000019,39.35271000000006],[42.35793000000007,39.352070000000424],[42.35709000000003,39.352010000000405],[42.35712000000018,39.35177000000044],[42.35688000000005,39.351570000000265],[42.35723000000007,39.35053000000016],[42.35732000000007,39.35041000000018],[42.35826000000003,39.35040000000009],[42.35863000000006,39.35016000000013],[42.35901000000007,39.35014000000058],[42.35943000000003,39.35028000000011],[42.35982000000013,39.35016000000013],[42.360010000000045,39.34982000000042],[42.360690000000204,39.34927000000039],[42.361650000000225,39.34803000000011],[42.362090000000194,39.347270000000435],[42.3626900000001,39.34667000000053],[42.36272000000008,39.34624000000048],[42.36301000000009,39.34574000000032],[42.363040000000126,39.345440000000394],[42.36318000000017,39.34519000000029],[42.36306000000019,39.34484000000032],[42.36312000000015,39.34452000000027],[42.36343000000005,39.34425000000067],[42.36425000000003,39.34431000000012],[42.36433000000011,39.34437000000014],[42.364410000000134,39.34477000000038],[42.364660000000185,39.34488000000022],[42.36479000000014,39.34508000000028],[42.36521000000005,39.34524000000016],[42.36567000000014,39.345130000000324],[42.365900000000124,39.345290000000034],[42.36613000000017,39.34530000000018],[42.36637000000013,39.3455900000007],[42.368310000000065,39.34641000000033],[42.369140000000186,39.3467200000004],[42.37016000000017,39.346860000000106],[42.37034000000017,39.346830000000296],[42.370450000000176,39.34667000000053],[42.37043000000011,39.34638000000018],[42.37057000000016,39.34610000000026],[42.3709300000001,39.34583000000066],[42.37130000000019,39.34540000000061],[42.37132000000008,39.34486000000015],[42.37166000000013,39.344670000000065],[42.37186000000014,39.34425000000067],[42.37214000000006,39.34438000000006],[42.3729800000001,39.34450000000004],[42.374230000000125,39.34429000000006],[42.374880000000076,39.34435000000042],[42.375340000000165,39.344510000000184],[42.37566000000015,39.34450000000004],[42.375780000000134,39.34416000000033],[42.3758900000002,39.344140000000095],[42.37720000000019,39.34462000000019],[42.37716000000012,39.34486000000015],[42.37765000000013,39.34506000000022],[42.3778700000002,39.3450000000002],[42.37802000000022,39.344820000000254],[42.378880000000095,39.34456000000006],[42.3792200000002,39.34384000000017],[42.379590000000064,39.34374000000042],[42.3844400000001,39.344170000000304],[42.38776000000013,39.34296000000052],[42.38850000000008,39.34261000000015],[42.388230000000135,39.34153000000015],[42.38793000000021,39.340890000000115],[42.38756000000012,39.340390000000355],[42.389590000000055,39.33902000000012],[42.393580000000156,39.33972000000034],[42.393720000000144,39.339770000000215],[42.3947500000001,39.34079000000003],[42.39481000000012,39.34122000000008],[42.39501000000013,39.34156000000013],[42.39482000000004,39.34246000000036],[42.39457000000016,39.34249000000017],[42.395040000000165,39.344240000000184],[42.39566000000008,39.34511000000009],[42.3958100000001,39.34620000000018],[42.39825000000019,39.34816000000018],[42.39875000000018,39.34899000000064],[42.399070000000165,39.34935000000007],[42.39720000000017,39.35440000000062],[42.39701000000008,39.36494000000016],[42.39868000000024,39.3686000000003],[42.39807000000019,39.36915000000033],[42.397520000000156,39.37009000000012],[42.3968900000001,39.37178000000051],[42.39623000000017,39.371000000000095],[42.3955900000002,39.37141000000031],[42.39605000000006,39.371960000000115],[42.396040000000085,39.37216000000069],[42.39426000000009,39.372020000000475],[42.391050000000064,39.373540000000105],[42.38996000000009,39.374000000000194],[42.389669816760716,39.37403469582256]]],"type":"Polygon"}},{"type":"Feature","properties":{"area_id":"TR-49-004-2024887","name_tr":"Bilala Köyü","area_level":"neighbourhood","parent_id":"TR-49-004","endeksa_id":2024887},"geometry":{"coordinates":[[[42.38596791600003,39.3862786550003],[42.383911726000065,39.38569224400004],[42.38380674100017,39.3855797290002],[42.38373384099998,39.38571371500012],[42.37770106400012,39.38739572400044],[42.37347777100018,39.38691653600023],[42.37339420100017,39.38683144300006],[42.37330316399999,39.38515679000011],[42.36663671300005,39.382645737000075],[42.364859477000095,39.380325864999975],[42.359285741000065,39.37873727000044],[42.35244950500004,39.379329923],[42.3437317690001,39.37494982100014],[42.34033667200015,39.375267294000025],[42.337844846000166,39.377824684000075],[42.33763835500008,39.377813165000134],[42.32997804100006,39.36912283300012],[42.329964456000084,39.36903098400006],[42.33005918800012,39.368969610000136],[42.33163915600011,39.36871152600014],[42.3324970430001,39.36686993000018],[42.335333609000145,39.365682623000055],[42.33568206600012,39.365893289999974],[42.338145364000184,39.365799085000276],[42.33821131400015,39.365718724000146],[42.338181248000126,39.364537666000444],[42.33824268900014,39.364452981000454],[42.359730439272255,39.355386514984104],[42.36118000000005,39.35575000000006],[42.363270000000114,39.35689000000059],[42.363820000000146,39.35779000000008],[42.36312000000015,39.35899000000029],[42.36436000000009,39.36007000000012],[42.36576000000008,39.36061000000018],[42.36824000000013,39.361270000000104],[42.37096000000014,39.36259000000041],[42.37158000000005,39.36361000000028],[42.37158000000005,39.3640900000002],[42.3659100000001,39.366190000000415],[42.366850000000056,39.36835000000025],[42.37321000000014,39.36961000000019],[42.375770000000216,39.37051000000008],[42.378720000000044,39.3711100000005],[42.38027000000022,39.37141000000031],[42.38229000000018,39.37135000000046],[42.38260000000008,39.37225000000035],[42.38400000000007,39.37243000000029],[42.385940000000176,39.37291000000022],[42.38757000000004,39.37315000000018],[42.38803000000013,39.37387000000007],[42.38904000000019,39.37411000000003],[42.389669816760716,39.37403469582256],[42.38981901601028,39.37407827015426],[42.38984611017861,39.37420470617167],[42.38790359200016,39.37753084900004],[42.388720260000184,39.38073303600004],[42.38638616500009,39.38601162600014],[42.38631894600013,39.3861198110003],[42.38596791600003,39.3862786550003]]],"type":"Polygon"}},{"type":"Feature","properties":{"area_id":"TR-49-004-2024883","name_tr":"Uyanık Köyü","area_level":"neighbourhood","parent_id":"TR-49-004","endeksa_id":2024883},"geometry":{"coordinates":[[[42.446124501000156,39.38716235900023],[42.43859194800012,39.38686207100011],[42.43869679800008,39.38694753900006],[42.43479357899997,39.386706704999995],[42.42622885500009,39.38246075800015],[42.41141748300015,39.39004528900006],[42.39980289400006,39.385068618000275],[42.390081176000194,39.38589021500013],[42.390626659000134,39.386864505999995],[42.39060736100009,39.38696767100009],[42.39047547900003,39.38699946999998],[42.3864704290001,39.38613873800017],[42.38638616500009,39.38601162600014],[42.388720260000184,39.38073303600004],[42.38790359200016,39.37753084900004],[42.38984611017861,39.37420470617167],[42.38981901601028,39.37407827015426],[42.389669816760716,39.37403469582256],[42.38996000000009,39.374000000000194],[42.391050000000064,39.373540000000105],[42.39426000000009,39.372020000000475],[42.396040000000085,39.37216000000069],[42.39605000000006,39.371960000000115],[42.3955900000002,39.37141000000031],[42.39623000000017,39.371000000000095],[42.3968900000001,39.37178000000051],[42.397520000000156,39.37009000000012],[42.39807000000019,39.36915000000033],[42.39868000000024,39.3686000000003],[42.39701000000008,39.36494000000016],[42.397053685684284,39.362516594154386],[42.40334333000004,39.348676657000055],[42.419312300000115,39.34650801600009],[42.41986085100007,39.346239746000094],[42.41991774100018,39.34685170600011],[42.42371494300011,39.35376835000005],[42.42253716800013,39.35589028700002],[42.422688317999985,39.35584264099998],[42.42274866300011,39.356009494000034],[42.422829721000085,39.35579806800013],[42.42293677600014,39.35576432200003],[42.42302493700004,39.35584548500009],[42.423294586000054,39.35568540900016],[42.42423190700009,39.357515966000335],[42.432404884000164,39.35563650500035],[42.43126355600003,39.358577872000126],[42.44496229000015,39.36746999300033],[42.445067756000185,39.36762072900018],[42.44495116100006,39.36844179000053],[42.44511861200016,39.368548445000386],[42.44491832700015,39.36884913200015],[42.44469495700014,39.36875149700012],[42.44461723100011,39.369068716000356],[42.44472594300004,39.36913795800058],[42.44447390900018,39.36951633600012],[42.44428584600013,39.36943413400007],[42.444224474000066,39.36965817400028],[42.44433327399997,39.369727472000136],[42.44360329300008,39.37094421000046],[42.44733992200008,39.37358777200052],[42.44743974700009,39.378899990000036],[42.444080535000126,39.38041441400014],[42.44279704000007,39.38374689400018],[42.44724242300009,39.387227801000165],[42.446222690000184,39.387411706000194],[42.446124501000156,39.38716235900023]]],"type":"Polygon"}},{"type":"Feature","properties":{"area_id":"TR-49-004-2024904","name_tr":"Akalan Köyü","area_level":"neighbourhood","parent_id":"TR-49-004","endeksa_id":2024904},"geometry":{"coordinates":[[[42.47416305100012,39.39060096700052],[42.47394151399999,39.390610770000535],[42.469890141000064,39.3855632850001],[42.46240777300005,39.38433321500008],[42.44724242300009,39.387227801000165],[42.44279704000007,39.38374689400018],[42.444080535000126,39.38041441400014],[42.44743974700009,39.378899990000036],[42.44733992200008,39.37358777200052],[42.44360329300008,39.37094421000046],[42.44433327399997,39.369727472000136],[42.444224474000066,39.36965817400028],[42.44428584600013,39.36943413400007],[42.44447390900018,39.36951633600012],[42.44472594300004,39.36913795800058],[42.44461723100011,39.369068716000356],[42.44469495700014,39.36875149700012],[42.44491832700015,39.36884913200015],[42.44511861200016,39.368548445000386],[42.44495116100006,39.36844179000053],[42.445067756000185,39.36762072900018],[42.44516080500017,39.36749409600009],[42.45518745400011,39.363705308000135],[42.455850399000155,39.360299005000115],[42.461179210000125,39.359807354000054],[42.46117821199999,39.359587941000086],[42.46800066600014,39.3618748690003],[42.47170267400003,39.36336783200011],[42.47771401000006,39.36066945400012],[42.4809585540001,39.361002441000096],[42.48062857900004,39.36508614600035],[42.47571578600008,39.36805380700014],[42.48389509700013,39.37239732299997],[42.48394933100019,39.37249788400004],[42.48366046199999,39.37575007000055],[42.47416305100012,39.39060096700052]]],"type":"Polygon"}},{"type":"Feature","properties":{"area_id":"TR-49-004-2024914","name_tr":"Koçali Köyü","area_level":"neighbourhood","parent_id":"TR-49-004","endeksa_id":2024914},"geometry":{"coordinates":[[[42.51800153100004,39.38817561200017],[42.518372138000075,39.38932883399997],[42.518605995000144,39.38925151400019],[42.519187677000104,39.39066534000011],[42.51646090000003,39.3973276330002],[42.517190726000194,39.401110987000095],[42.51418161700013,39.399422953000055],[42.508594194000125,39.40413313400063],[42.50297367200017,39.40478045500009],[42.495093029000145,39.402935959000104],[42.49479060600004,39.40314278200003],[42.49459519500016,39.40325359200051],[42.49009224100007,39.40248990600003],[42.487103154000124,39.39989966500002],[42.48277733800012,39.39744739499997],[42.479905212000176,39.39804107600003],[42.47828318000006,39.39618690300017],[42.47403201100013,39.3908058610001],[42.48366046199999,39.37575007000055],[42.48395534300016,39.37242873300028],[42.49193118000005,39.37063266600012],[42.498580178000054,39.373463195000056],[42.501812459000064,39.37167441300039],[42.50449488700019,39.372100009000064],[42.50678323900013,39.36858941100007],[42.51066587000014,39.36836765400011],[42.516200483000034,39.36875138200003],[42.51551721500016,39.37345147000008],[42.51697396200018,39.37360397000026],[42.51822655600006,39.373920098000156],[42.51818038800019,39.37410636400011],[42.520078334000175,39.374573082000154],[42.52027446800008,39.37550351600004],[42.516744211000116,39.38643206100005],[42.51715149000012,39.38715678300048],[42.51703534000012,39.38751191100005],[42.51737231499999,39.387549725000156],[42.51759783000011,39.3879510120002],[42.517867814000056,39.38785115300004],[42.51794338700017,39.38819881800009],[42.51800153100004,39.38817561200017]]],"type":"Polygon"}},{"type":"Feature","properties":{"area_id":"TR-49-004-2024876","name_tr":"Karıncalı Köyü","area_level":"neighbourhood","parent_id":"TR-49-004","endeksa_id":2024876},"geometry":{"coordinates":[[[42.26645166500009,39.40278462800006],[42.26639884100018,39.40289145900016],[42.26624296200015,39.40289653900004],[42.264639272000124,39.40446514300015],[42.258226371000035,39.40505525500009],[42.258119608000186,39.40512296300005],[42.25307873300011,39.39875418700046],[42.24957076300012,39.399645384000394],[42.24897030000005,39.39769293800032],[42.2518182070001,39.39621970400009],[42.250847109000006,39.394060080000145],[42.242180406373336,39.39192824972588],[42.241710000000126,39.39042000000023],[42.238960000000134,39.388130000000444],[42.23904000000016,39.386890000000164],[42.23822000000018,39.38495000000023],[42.237160000000074,39.38517000000013],[42.23591000000022,39.38467000000037],[42.23386000000005,39.38414000000017],[42.23423000000008,39.383510000000456],[42.235830000000135,39.3838700000004],[42.236410000000205,39.38439000000011],[42.23872000000017,39.3829300000001],[42.238770000000045,39.38250000000005],[42.23739000000006,39.3824800000005],[42.2372000000002,39.38164000000063],[42.23673000000019,39.38098000000019],[42.23791000000011,39.379480000000285],[42.238020000000176,39.378640000000416],[42.23775000000023,39.37740000000014],[42.23736000000008,39.37677000000042],[42.23619000000008,39.376050000000134],[42.23602000000005,39.37538000000012],[42.233350000000144,39.374750000000404],[42.233940000000075,39.374430000000245],[42.23439000000019,39.37402000000003],[42.23426000000012,39.373730000000194],[42.234430000000145,39.37309000000022],[42.234000000000094,39.37191000000007],[42.23419000000018,39.37121000000025],[42.233940000000075,39.3710700000002],[42.23423000000008,39.370960000000196],[42.23458000000011,39.36998000000011],[42.23554000000013,39.36861000000005],[42.23655000000019,39.36825000000033],[42.236630000000105,39.36805000000027],[42.23875000000015,39.36738000000025],[42.24052000000006,39.36587000000037],[42.242920000000254,39.36457000000013],[42.24833000000024,39.36314000000044],[42.247810000000186,39.36191000000031],[42.246050000000025,39.359200000000044],[42.245520000000056,39.35779000000008],[42.24405000000013,39.35564000000022],[42.23758000000015,39.35577000000029],[42.236410000000205,39.35586000000012],[42.234960000000115,39.35375000000016],[42.233323140666016,39.3527785738022],[42.23459975700024,39.346067528000276],[42.234458572000165,39.345940081000435],[42.235237063000056,39.34622215200005],[42.235856935000186,39.34345920600043],[42.235016000000144,39.34284919600009],[42.23522557800004,39.34280451500035],[42.235606233,39.34082980400012],[42.23713999287094,39.34247739665301],[42.237353281844435,39.34249188621828],[42.23740149727132,39.34233224590719],[42.23836000000006,39.34377000000006],[42.23963000000015,39.34517000000005],[42.24170000000021,39.34488000000022],[42.24187000000023,39.34516000000065],[42.24274000000008,39.34571000000017],[42.242860000000064,39.346000000000515],[42.2427100000001,39.34648000000044],[42.2455300000002,39.34777000000008],[42.249620000000164,39.34468000000004],[42.249620000000164,39.34459000000038],[42.2539000000001,39.34360000000021],[42.256520000000194,39.34409000000022],[42.26094000000012,39.345440000000394],[42.25840000000011,39.347150000000454],[42.25669000000005,39.349190000000135],[42.25638000000015,39.35050000000052],[42.25638000000015,39.35134000000039],[42.25592000000012,39.35326000000009],[42.25793000000016,39.35398000000015],[42.25948000000011,39.35578000000004],[42.25824000000023,39.356740000000286],[42.25561000000022,39.35686000000027],[42.2535900000002,39.35734000000019],[42.2535900000002,39.35806000000008],[42.25483000000014,39.35878000000014],[42.25592000000012,39.3590200000001],[42.25623000000019,39.360090000000355],[42.25530000000015,39.360930000000224],[42.25344000000007,39.36177000000009],[42.25344000000007,39.36297000000059],[42.25499000000008,39.3641700000004],[42.25824000000023,39.36405000000042],[42.262900000000116,39.36453000000034],[42.264140000000054,39.36525000000023],[42.2666200000001,39.36537000000021],[42.268320000000244,39.36621000000008],[42.271730000000105,39.36645000000004],[42.27452000000022,39.36645000000004],[42.27522000000005,39.36699000000067],[42.27661000000012,39.36489000000029],[42.27793000000008,39.36423000000042],[42.27886000000012,39.36423000000042],[42.28057000000018,39.364650000000324],[42.281730000000096,39.363990000000285],[42.28289000000012,39.363810000000456],[42.285140000000126,39.36387000000008],[42.286070000000166,39.36339000000015],[42.28739000000013,39.36321000000055],[42.28863000000007,39.36339000000015],[42.28995000000003,39.363810000000456],[42.290720000000135,39.36423000000042],[42.29336000000012,39.36501000000027],[42.29576000000009,39.3660900000001],[42.296610000000044,39.36663000000004],[42.2983900000001,39.36711000000014],[42.29901000000007,39.36770000000007],[42.29878000000019,39.3687800000003],[42.29832000000016,39.370160000000055],[42.29923799175373,39.37061899587712],[42.288339301000065,39.37335479100034],[42.286098943000184,39.37731519500011],[42.28699882700005,39.378452381000045],[42.283348738000086,39.38150530300004],[42.28320978600016,39.38153051600045],[42.27999374000012,39.38045804000018],[42.276569016999986,39.38280393900021],[42.274029184000085,39.38845914000018],[42.27003452900004,39.3907973150001],[42.27010197000004,39.391769801000066],[42.271391589000075,39.39562020500068],[42.271267095999974,39.39567513800034],[42.26886678000017,39.395479902000034],[42.265417340000056,39.3996359300005],[42.26645166500009,39.40278462800006]]],"type":"Polygon"}},{"type":"Feature","properties":{"area_id":"TR-49-004-2024864","name_tr":"Bademözü Köyü","area_level":"neighbourhood","parent_id":"TR-49-004","endeksa_id":2024864},"geometry":{"coordinates":[[[42.446124501000156,39.38716235900023],[42.445676886000115,39.38731757700009],[42.4456938240001,39.38740450100005],[42.446209701999976,39.387437525999985],[42.43887270200008,39.38884391300013],[42.43452206600017,39.39310825600023],[42.43657491900012,39.397156578000704],[42.434542622000095,39.397894514000654],[42.4424089260001,39.400196717000085],[42.43982313100014,39.40089815800013],[42.45342917500005,39.40882277800034],[42.452627488000076,39.41057135500051],[42.44889984100007,39.40847184200044],[42.44874409900018,39.40853305500008],[42.448376488000065,39.40966893300009],[42.44844586400012,39.409775030000105],[42.4550499180001,39.412296515000435],[42.45147161600016,39.41724375800004],[42.45153826300009,39.417384037000204],[42.43474717100008,39.41244244000052],[42.43181013900005,39.41356605000004],[42.430891075000034,39.41674104700047],[42.43076414300003,39.416816832999984],[42.41639235200006,39.4126227590001],[42.41101903000009,39.41164979200016],[42.410865656000055,39.411730535000174],[42.41081781600013,39.41162154700004],[42.41059544100017,39.41157149400004],[42.409603819000154,39.40452090200006],[42.40550191800014,39.39923515100014],[42.404063066000106,39.3931256840001],[42.40509703600003,39.392318156000044],[42.405108360999975,39.39220308700021],[42.40208017200018,39.389542060000394],[42.39676683700009,39.38836856600011],[42.391410477000136,39.38817473000006],[42.390626659000134,39.386864505999995],[42.390081176000194,39.38589021500013],[42.39980289400006,39.385068618000275],[42.41141748300015,39.39004528900006],[42.42622885500009,39.38246075800015],[42.43479357899997,39.386706704999995],[42.43869679800008,39.38694753900006],[42.43859194800012,39.38686207100011],[42.446124501000156,39.38716235900023]]],"type":"Polygon"}},{"type":"Feature","properties":{"area_id":"TR-49-004-2024867","name_tr":"Beypınar Köyü","area_level":"neighbourhood","parent_id":"TR-49-004","endeksa_id":2024867},"geometry":{"coordinates":[[[42.410865656000055,39.411730535000174],[42.40922337900014,39.41968120400014],[42.407444804000136,39.42136964700046],[42.40520195500011,39.4211091130004],[42.40564177100009,39.423158528000044],[42.40525346000004,39.423535226000126],[42.405246246000104,39.42363426200052],[42.404036729000154,39.42184822900009],[42.401304353,39.42277988300026],[42.39412574800019,39.42170146800015],[42.3874520920001,39.41839816700008],[42.384060528000134,39.41849679300026],[42.38392786000014,39.41839184600019],[42.38590419400009,39.386359757000434],[42.38596791600003,39.3862786550003],[42.38631894600013,39.3861198110003],[42.38638616500009,39.38601162600014],[42.3864704290001,39.38613873800017],[42.39047547900003,39.38699946999998],[42.39060736100009,39.38696767100009],[42.390626659000134,39.386864505999995],[42.391410477000136,39.38817473000006],[42.39676683700009,39.38836856600011],[42.40208017200018,39.389542060000394],[42.405108360999975,39.39220308700021],[42.40509703600003,39.392318156000044],[42.404063066000106,39.3931256840001],[42.40550191800014,39.39923515100014],[42.409603819000154,39.40452090200006],[42.41059544100017,39.41157149400004],[42.41081781600013,39.41162154700004],[42.410865656000055,39.411730535000174]]],"type":"Polygon"}},{"type":"Feature","properties":{"area_id":"TR-49-004-2024872","name_tr":"Güzelbaba Köyü","area_level":"neighbourhood","parent_id":"TR-49-004","endeksa_id":2024872},"geometry":{"coordinates":[[[42.242180406373336,39.39192824972588],[42.243040000000235,39.39241000000004],[42.2413200000002,39.39453000000009],[42.24007000000012,39.39658000000043],[42.23664000000019,39.40019000000018],[42.23165000000017,39.406340000000114],[42.225880000000245,39.41020000000043],[42.22089000000017,39.41273000000018],[42.217610000000036,39.415260000000046],[42.21106000000003,39.41803000000027],[42.208028499224156,39.41780192470668],[42.207935173871874,39.41782788498256],[42.20791731071898,39.41793739556948],[42.20779939700003,39.41778264000004],[42.20741000000004,39.411020000000065],[42.20592000000005,39.40898000000038],[42.20669000000015,39.40810000000005],[42.20486000000005,39.4073200000002],[42.19777000000016,39.40189000000066],[42.19646000000017,39.40149000000025],[42.194970000000126,39.40090000000032],[42.19421000000017,39.40087000000011],[42.19318000000021,39.401100000000156],[42.19297000000006,39.40069000000017],[42.19182000000012,39.400670000000105],[42.18386000000015,39.39583000000022],[42.1836100000001,39.39469000000037],[42.18446000000006,39.38837000000041],[42.19201000000021,39.38333000000034],[42.19490000000019,39.37401000000028],[42.19610000000023,39.37079000000034],[42.19856000000016,39.3647000000002],[42.19806000000017,39.36432000000019],[42.1977500000001,39.36386000000033],[42.19781000000012,39.3632700000004],[42.19758000000007,39.36242000000004],[42.19855000000007,39.36265000000043],[42.1991000000001,39.36231000000015],[42.1991000000001,39.36212000000006],[42.19895000000014,39.36196000000018],[42.19913000000008,39.35998000000046],[42.19901000000027,39.35840000000064],[42.20103000000029,39.359200000000214],[42.202680000000385,39.359600000000455],[42.20713000000029,39.36125000000055],[42.20847000000032,39.36163000000056],[42.211270000000354,39.36173000000048],[42.21246000000025,39.36142000000041],[42.214430000000334,39.361520000000326],[42.213770000000295,39.35945000000066],[42.21480000000025,39.35332000000028],[42.21518000000026,39.352630000000545],[42.215630000000374,39.35219000000109],[42.216440000000205,39.35172000000057],[42.21750000000037,39.351300000000265],[42.21795000000026,39.35098000000062],[42.22015000000022,39.35026000000056],[42.222500000000366,39.35022000000026],[42.226620000000366,39.35115000000047],[42.22688000000039,39.35156000000029],[42.2271700000004,39.351730000000316],[42.22727000000032,39.35197000000028],[42.228110000000356,39.35219000000109],[42.22860000000037,39.352010000000575],[42.229510000000346,39.35237000000052],[42.22985000000028,39.35264000000029],[42.23131000000029,39.35236000000043],[42.233323140666016,39.3527785738022],[42.234960000000115,39.35375000000016],[42.236410000000205,39.35586000000012],[42.23758000000015,39.35577000000029],[42.24405000000013,39.35564000000022],[42.245520000000056,39.35779000000008],[42.246050000000025,39.359200000000044],[42.247810000000186,39.36191000000031],[42.24833000000024,39.36314000000044],[42.242920000000254,39.36457000000013],[42.24052000000006,39.36587000000037],[42.23875000000015,39.36738000000025],[42.236630000000105,39.36805000000027],[42.23655000000019,39.36825000000033],[42.23554000000013,39.36861000000005],[42.23458000000011,39.36998000000011],[42.23423000000008,39.370960000000196],[42.233940000000075,39.3710700000002],[42.23419000000018,39.37121000000025],[42.234000000000094,39.37191000000007],[42.234430000000145,39.37309000000022],[42.23426000000012,39.373730000000194],[42.23439000000019,39.37402000000003],[42.233940000000075,39.374430000000245],[42.233350000000144,39.374750000000404],[42.23602000000005,39.37538000000012],[42.23619000000008,39.376050000000134],[42.23736000000008,39.37677000000042],[42.23775000000023,39.37740000000014],[42.238020000000176,39.378640000000416],[42.23791000000011,39.379480000000285],[42.23673000000019,39.38098000000019],[42.2372000000002,39.38164000000063],[42.23739000000006,39.3824800000005],[42.238770000000045,39.38250000000005],[42.23872000000017,39.3829300000001],[42.236410000000205,39.38439000000011],[42.235830000000135,39.3838700000004],[42.23423000000008,39.383510000000456],[42.23386000000005,39.38414000000017],[42.23591000000022,39.38467000000037],[42.237160000000074,39.38517000000013],[42.23822000000018,39.38495000000023],[42.23904000000016,39.386890000000164],[42.238960000000134,39.388130000000444],[42.241710000000126,39.39042000000023],[42.242180406373336,39.39192824972588]]],"type":"Polygon"}},{"type":"Feature","properties":{"area_id":"TR-49-004-2024863","name_tr":"Ağılbaşı Köyü","area_level":"neighbourhood","parent_id":"TR-49-004","endeksa_id":2024863},"geometry":{"coordinates":[[[[42.33811529200027,39.39656901400013],[42.3370101730002,39.39041418500016],[42.337010222009674,39.390414132090385],[42.33811529200027,39.39656901400013]]],[[[42.34461887402385,39.41154056168808],[42.33897841300016,39.39857137900016],[42.339017374999926,39.39847070300007],[42.33940103800004,39.39834001800052],[42.33945586900011,39.398240452000486],[42.33726127799992,39.39037963200037],[42.33711187599991,39.39030438800023],[42.337010222009674,39.390414132090385],[42.33683873900027,39.38945892900023],[42.33763835500005,39.37781316500011],[42.337844846000095,39.377824683999954],[42.34033667200006,39.37526729400011],[42.34373176900011,39.37494982100006],[42.35244950500005,39.37932992300014],[42.35928574100018,39.37873727000048],[42.36485947700019,39.38032586499999],[42.366636713000034,39.382645737000146],[42.3733031639998,39.38515679000012],[42.373394201000174,39.38683144299996],[42.37347777100029,39.386916536000264],[42.377701063999936,39.38739572400041],[42.383733840999824,39.385713715000186],[42.38380674100002,39.38557972900021],[42.38391172600023,39.38569224400004],[42.385967916000105,39.386278655000375],[42.38590419400013,39.38635975700055],[42.383927860000085,39.41839184600012],[42.384060528000276,39.418496793000365],[42.37346505200009,39.41883088800057],[42.36863351500027,39.42076433799995],[42.36366245500019,39.42877077900007],[42.363504172000034,39.42874095600018],[42.361551871000216,39.427313074999944],[42.35939836347553,39.428741870068556],[42.35781000000024,39.426870000000164],[42.35685000000001,39.42506000000076],[42.35424000000002,39.42268999999995],[42.35432000000011,39.4226500000004],[42.35325000000018,39.421479999999974],[42.351730000000124,39.41953000000019],[42.347540000000066,39.41506000000035],[42.34461887402385,39.41154056168808]]]],"type":"MultiPolygon"}},{"type":"Feature","properties":{"area_id":"TR-49-004-2024907","name_tr":"Bahçe Köyü","area_level":"neighbourhood","parent_id":"TR-49-004","endeksa_id":2024907},"geometry":{"coordinates":[[[42.48889230960833,39.41574427513456],[42.48560000000009,39.41509000000019],[42.48245000000003,39.4156500000002],[42.47918000000021,39.41593000000006],[42.476610000000164,39.41741000000013],[42.474620000000186,39.41922000000068],[42.469880000000046,39.41801000000004],[42.46667000000019,39.418140000000164],[42.463440000000105,39.41807000000006],[42.4612800000001,39.417680000000075],[42.45890000000014,39.41713000000027],[42.45639000000017,39.41753000000011],[42.45354000000003,39.41754000000026],[42.453071531385945,39.4178589696964],[42.45153826300009,39.417384037000204],[42.45147161600016,39.41724375800004],[42.4550499180001,39.412296515000435],[42.44844586400012,39.409775030000105],[42.448376488000065,39.40966893300009],[42.44874409900018,39.40853305500008],[42.44889984100007,39.40847184200044],[42.452627488000076,39.41057135500051],[42.45342917500005,39.40882277800034],[42.43982313100014,39.40089815800013],[42.4424089260001,39.400196717000085],[42.434542622000095,39.397894514000654],[42.43657491900012,39.397156578000704],[42.43452206600017,39.39310825600023],[42.43887270200008,39.38884391300013],[42.446209701999976,39.387437525999985],[42.4456938240001,39.38740450100005],[42.445676886000115,39.38731757700009],[42.446124501000156,39.38716235900023],[42.446222690000184,39.387411706000194],[42.44724242300009,39.387227801000165],[42.46240777300005,39.38433321500008],[42.469890141000064,39.3855632850001],[42.47394151399999,39.390610770000535],[42.47416305100012,39.39060096700052],[42.47403201100013,39.3908058610001],[42.47828318000006,39.39618690300017],[42.479905212000176,39.39804107600003],[42.48277733800012,39.39744739499997],[42.487103154000124,39.39989966500002],[42.49009224100007,39.40248990600003],[42.49459519500016,39.40325359200051],[42.49479060600004,39.40314278200003],[42.49479278200005,39.40326466200054],[42.49496579700008,39.403316591000305],[42.492226669000104,39.40632180800003],[42.48931348500014,39.415733082000145],[42.48889230960833,39.41574427513456]]],"type":"Polygon"}},{"type":"Feature","properties":{"area_id":"TR-49-004-2024865","name_tr":"Balkaya Köyü","area_level":"neighbourhood","parent_id":"TR-49-004","endeksa_id":2024865},"geometry":{"coordinates":[[[42.26660114800014,39.40323968600021],[42.26541734000005,39.39963593000044],[42.268866780000195,39.39547990199987],[42.27126709599999,39.395675138000335],[42.27139158900002,39.39562020500083],[42.27010196999985,39.39176980100004],[42.27003452899988,39.39079731500006],[42.274029184000206,39.38845914000012],[42.27656901700016,39.38280393900018],[42.27999374000009,39.38045804000016],[42.283209786000036,39.38153051600046],[42.28334873800018,39.38150530300005],[42.28699882699997,39.3784523810001],[42.286098943000226,39.37731519500011],[42.28833930100005,39.37335479100029],[42.29923799175389,39.37061899587713],[42.30033000000033,39.37025000000039],[42.300519999999935,39.370279999999994],[42.30075000000026,39.36977000000047],[42.30149000000013,39.36869],[42.30328000000019,39.36465000000033],[42.30378000000019,39.36380000000042],[42.30431000000005,39.36306000000034],[42.30660000000007,39.36091000000071],[42.3082600000003,39.358780000000216],[42.308240389138135,39.35827992301728],[42.30843808099995,39.358963301000166],[42.31021491800015,39.36071820700024],[42.31077367399998,39.35903595200048],[42.31631134699999,39.36060138999993],[42.31549408499992,39.36244637600007],[42.31861482800032,39.36586871800018],[42.32873007100016,39.36770711],[42.32986821500001,39.368998240000685],[42.33005918800004,39.36896961000019],[42.32996445600031,39.36903098400009],[42.329978041000025,39.36912283300021],[42.33763835499998,39.37781316500005],[42.3368387390001,39.389458929000035],[42.33701022200961,39.39041413209058],[42.33701017300029,39.390414185000175],[42.338115292000275,39.39656901400003],[42.33701022200961,39.39041413209058],[42.33711187600018,39.39030438800017],[42.33726127799994,39.39037963200043],[42.33945586900037,39.39824045200034],[42.33940103800033,39.39834001800065],[42.339017375000196,39.39847070299992],[42.338978413000234,39.39857137900016],[42.34461887402389,39.411540561688135],[42.34029000000026,39.41370000000024],[42.339410000000264,39.4143200000003],[42.337230000000304,39.415170000000316],[42.33617000000011,39.415830000000035],[42.33573000000005,39.418340000000356],[42.332910000000155,39.42173000000021],[42.33094999999997,39.42215000000001],[42.32624000306009,39.42483000659404],[42.32463000000017,39.4263200000004],[42.32435999999996,39.4272000000001],[42.32367000000026,39.42790000000045],[42.32403999999998,39.42891000000028],[42.32380000000031,39.42948000000038],[42.323559999999965,39.42969000000007],[42.32358000000033,39.43005000000009],[42.32275000000024,39.42988000000034],[42.32252000000031,39.42968000000027],[42.32204000000004,39.4295400000005],[42.32198000000025,39.42958000000026],[42.322080000000156,39.42998000000029],[42.32131000000002,39.42969000000006],[42.32089000000012,39.430079999999926],[42.320640000000026,39.430770000000024],[42.32080000000002,39.43105000000034],[42.3206700000002,39.43109000000033],[42.32095000000017,39.43126000000003],[42.32129000000022,39.43117999999998],[42.32134000000031,39.431490000000444],[42.32116000000003,39.43177000000021],[42.320290000000035,39.432070000000145],[42.319970000000104,39.432280000000084],[42.31976,39.432200000000435],[42.31809000000019,39.43272000000066],[42.317279999999855,39.433170000000345],[42.31633999999996,39.43417000000009],[42.31618999999998,39.4345100000003],[42.31489000000018,39.43512000000017],[42.311399999999836,39.43424000000011],[42.31013000000021,39.43421000000017],[42.30862000000002,39.43356000000024],[42.30741000000035,39.43321000000024],[42.30738029808659,39.43328623491179],[42.30531780400012,39.43281912700026],[42.302072718000055,39.42600897200008],[42.29474950099999,39.421503387000094],[42.29440396499988,39.41898802300018],[42.289580882000116,39.41576817200023],[42.28810123000018,39.411910336000076],[42.287098250000234,39.41243912900022],[42.28695445600035,39.412430575],[42.28405236700012,39.40944349100023],[42.277810310999975,39.408700367000215],[42.27371466600001,39.40498477799987],[42.26660114800014,39.40323968600021]]],"type":"Polygon"}},{"type":"Feature","properties":{"area_id":"TR-49-004-2024885","name_tr":"Yolgözler Köyü","area_level":"neighbourhood","parent_id":"TR-49-004","endeksa_id":2024885},"geometry":{"coordinates":[[[42.258119608000186,39.40512296300005],[42.25723770100012,39.41022722800005],[42.25310026,39.41105197600007],[42.24869956500015,39.414693426999975],[42.25078189700014,39.418232481000416],[42.24937144700016,39.421648286000334],[42.24439078700016,39.421642095000266],[42.239943041000004,39.42637060800007],[42.240791991000094,39.42799871300008],[42.23178675500003,39.43178545500001],[42.231077001000074,39.43363022900007],[42.234252130000186,39.43477740100013],[42.233793437000145,39.43535407500042],[42.230574199000046,39.434601569000506],[42.226944052000135,39.430716603000405],[42.215533822000054,39.42793366699999],[42.20791731071898,39.41793739556948],[42.207935173871874,39.41782788498256],[42.208028499224156,39.41780192470668],[42.21106000000003,39.41803000000027],[42.217610000000036,39.415260000000046],[42.22089000000017,39.41273000000018],[42.225880000000245,39.41020000000043],[42.23165000000017,39.406340000000114],[42.23664000000019,39.40019000000018],[42.24007000000012,39.39658000000043],[42.2413200000002,39.39453000000009],[42.243040000000235,39.39241000000004],[42.242180406373336,39.39192824972588],[42.250847109000006,39.394060080000145],[42.2518182070001,39.39621970400009],[42.24897030000005,39.39769293800032],[42.24957076300012,39.399645384000394],[42.25307873300011,39.39875418700046],[42.258119608000186,39.40512296300005]]],"type":"Polygon"}},{"type":"Feature","properties":{"area_id":"TR-49-004-2024866","name_tr":"Beşdam Köyü","area_level":"neighbourhood","parent_id":"TR-49-004","endeksa_id":2024866},"geometry":{"coordinates":[[[42.395135330103585,39.442891200541],[42.39370000000014,39.44603000000063],[42.39261000000016,39.44750000000005],[42.39233000000007,39.44895000000065],[42.39132000000018,39.45145000000019],[42.38970000000006,39.45444000000015],[42.38943000000012,39.45537000000036],[42.38931000000014,39.45552000000015],[42.38846000000018,39.45567000000034],[42.38753000000014,39.45421000000033],[42.386220000000094,39.45362000000051],[42.385440000000244,39.45353000000017],[42.382090000000176,39.454040000000305],[42.37988000000007,39.45459000000011],[42.37816000000004,39.455470000000105],[42.37459000000007,39.4577100000007],[42.37341000000015,39.45563000000004],[42.36907000000025,39.45002000000039],[42.363360000000114,39.44369000000029],[42.36307000000011,39.44217000000032],[42.3634600000002,39.43853000000041],[42.36365000000012,39.438400000000286],[42.363480000000095,39.43798000000038],[42.36343000000005,39.436360000000604],[42.36328000000009,39.435490000000414],[42.36320000000018,39.43365000000023],[42.361370000000136,39.431090000000154],[42.35939836347535,39.42874187006856],[42.36155187100019,39.42731307500003],[42.36350417200015,39.42874095600013],[42.36366245500017,39.42877077900016],[42.36863351500011,39.420764338000026],[42.373465052000086,39.41883088800046],[42.384060528000134,39.41849679300026],[42.3874520920001,39.41839816700008],[42.39412574800019,39.42170146800015],[42.401304353,39.42277988300026],[42.404036729000154,39.42184822900009],[42.405377815000065,39.423836123000115],[42.40395448999999,39.428628225000125],[42.399101839000025,39.43308277000034],[42.395135330103585,39.442891200541]]],"type":"Polygon"}},{"type":"Feature","properties":{"area_id":"TR-49-004-2024880","name_tr":"Sırtdüzü Köyü","area_level":"neighbourhood","parent_id":"TR-49-004","endeksa_id":2024880},"geometry":{"coordinates":[[[42.41267430480161,39.456085995121896],[42.41251572475204,39.456065133140385],[42.41241116681999,39.456161730250074],[42.41263000000015,39.456460000000334],[42.41218000000026,39.458350000000394],[42.41228000000018,39.46069000000017],[42.41058000000004,39.46235000000024],[42.407800000000236,39.462370000000305],[42.40707000000003,39.46186000000017],[42.40572000000009,39.460700000000145],[42.40367000000009,39.45848000000046],[42.40356000000003,39.45667000000009],[42.403930000000116,39.45232000000027],[42.40545000000009,39.450520000000154],[42.40636000000006,39.447970000000055],[42.40642000000008,39.44738000000007],[42.40616000000006,39.44562000000013],[42.40494000000018,39.44361000000009],[42.403280000000166,39.44233000000003],[42.39834000000013,39.44439000000011],[42.395135330103585,39.442891200541],[42.399101839000025,39.43308277000034],[42.40395448999999,39.428628225000125],[42.405377815000065,39.423836123000115],[42.405246246000104,39.42363426200052],[42.40525346000004,39.423535226000126],[42.40564177100009,39.423158528000044],[42.40520195500011,39.4211091130004],[42.407444804000136,39.42136964700046],[42.40922337900014,39.41968120400014],[42.410865656000055,39.411730535000174],[42.41101903000009,39.41164979200016],[42.41639235200006,39.4126227590001],[42.43076414300003,39.416816832999984],[42.430891075000034,39.41674104700047],[42.43181013900005,39.41356605000004],[42.43474717100008,39.41244244000052],[42.45153826300009,39.417384037000204],[42.453071531385945,39.4178589696964],[42.45283000000012,39.41840000000036],[42.45342000000005,39.41931000000034],[42.45475000000016,39.42181000000039],[42.45321000000013,39.42249000000038],[42.45366000000024,39.42252000000019],[42.454050000000166,39.42275000000018],[42.454050000000166,39.42292000000003],[42.45465000000007,39.42376000000007],[42.45366000000024,39.42454000000032],[42.45354000000003,39.424460000000124],[42.452470000000176,39.42590000000007],[42.4544200000002,39.42708000000016],[42.45589000000018,39.428210000000036],[42.45657000000011,39.42848000000021],[42.45673000000005,39.428710000000194],[42.455790000000036,39.42970000000025],[42.455140000000085,39.429760000000215],[42.45454000000018,39.43017000000003],[42.45649000000009,39.4318600000006],[42.45840000000021,39.4332100000002],[42.45902000000012,39.43348000000037],[42.45915000000008,39.433290000000284],[42.45933000000019,39.43347000000023],[42.45967000000013,39.43351000000018],[42.45967000000013,39.43368000000055],[42.46005000000008,39.43376000000006],[42.460650000000214,39.4341100000006],[42.46141000000017,39.43422000000032],[42.46172000000007,39.43448000000012],[42.46221000000014,39.43442000000016],[42.4621800000001,39.434680000000185],[42.46172000000007,39.43473000000006],[42.46160000000009,39.43485000000004],[42.46105000000006,39.43489000000034],[42.460990000000095,39.4353500000002],[42.46045000000015,39.43556000000035],[42.46004000000016,39.435490000000414],[42.45877000000007,39.436480000000074],[42.45863000000003,39.4378200000001],[42.45631000000009,39.438090000000216],[42.454860000000224,39.43752000000012],[42.452560000000176,39.436450000000264],[42.44651000000016,39.43466000000012],[42.441510000000164,39.43380000000053],[42.438600000000065,39.4332500000005],[42.43777000000017,39.433010000000536],[42.43549000000013,39.432730000000106],[42.43525000000017,39.43389000000019],[42.43446000000017,39.433880000000045],[42.43445000000008,39.43436000000014],[42.434260000000165,39.4346000000001],[42.43223000000006,39.43485000000004],[42.43201000000016,39.435150000000135],[42.432740000000194,39.435330000000135],[42.43264000000005,39.435610000000395],[42.433430000000044,39.43627000000026],[42.43270000000007,39.43678000000017],[42.433170000000246,39.43728000000016],[42.43230000000017,39.43799000000047],[42.43210000000016,39.4378200000001],[42.430450000000064,39.438740000000166],[42.42938000000015,39.438710000000356],[42.42858000000007,39.438400000000286],[42.42808000000008,39.43830000000054],[42.42714000000012,39.43857000000014],[42.425090000000125,39.438490000000115],[42.42498000000006,39.438590000000374],[42.41895000000011,39.43826000000007],[42.41872000000012,39.43851000000018],[42.41746000000012,39.43917000000005],[42.41324000000003,39.44277000000022],[42.41054000000008,39.44539000000026],[42.40782000000007,39.44727000000023],[42.40744000000012,39.44847000000004],[42.407100000000185,39.450260000000355],[42.40701000000024,39.45143000000013],[42.40854000000019,39.45307000000048],[42.40987000000007,39.45414000000022],[42.41267430480161,39.456085995121896]]],"type":"Polygon"}},{"type":"Feature","properties":{"area_id":"TR-49-004-2024873","name_tr":"İyikomşu Köyü","area_level":"neighbourhood","parent_id":"TR-49-004","endeksa_id":2024873},"geometry":{"coordinates":[[[42.31430000000023,39.46825000000024],[42.31344000000013,39.46897000000013],[42.312400000000196,39.46951000000007],[42.31242000000009,39.46958000000018],[42.310420000000136,39.469780000000355],[42.309830000000204,39.46998000000042],[42.30962000000005,39.47015000000005],[42.30842000000007,39.46892000000025],[42.297440000000165,39.46119000000016],[42.290500000000065,39.460830000000215],[42.28473000000014,39.460050000000365],[42.28450000000015,39.459960000000706],[42.284050000000036,39.45960000000008],[42.28361000000018,39.45907000000028],[42.28348000000011,39.458780000000274],[42.28306000000015,39.45845000000014],[42.2828100000001,39.45839000000012],[42.28144000000009,39.45682000000028],[42.28113000000019,39.45665000000042],[42.27882000000017,39.45399000000003],[42.27770000000004,39.45446000000038],[42.277340000000095,39.454690000000255],[42.27395000000013,39.45549000000034],[42.273920000000146,39.455350000000124],[42.274050000000045,39.455250000000376],[42.273830000000146,39.45499000000018],[42.27361000000025,39.455000000000325],[42.27341000000018,39.45477000000045],[42.272870000000125,39.454880000000344],[42.27233000000018,39.454420000000084],[42.271640000000104,39.45471000000032],[42.27161000000012,39.45462000000015],[42.27038000000016,39.45410000000044],[42.27019000000007,39.453920000000096],[42.26964000000004,39.45427000000029],[42.26704000000018,39.45103000000012],[42.26579000000015,39.45150000000007],[42.26407000000012,39.45229000000006],[42.26282000000009,39.45272000000011],[42.25546000000003,39.45099000000033],[42.25514000000004,39.45057000000003],[42.253730000000076,39.4495400000003],[42.25232000000011,39.44945000000013],[42.25155000000018,39.449640000000215],[42.25090000000006,39.44957000000011],[42.25056000000018,39.449340000000234],[42.24990000000008,39.450080000000355],[42.24971184089509,39.45185622195174],[42.24835955300006,39.453108664000126],[42.24847934800016,39.45149282300014],[42.241576673,39.45013290100002],[42.24380662100015,39.44573209600014],[42.23990017200015,39.44221475000012],[42.23721929900006,39.435745188],[42.2329000850001,39.43728713000007],[42.23263283900019,39.437112593999984],[42.23262219700001,39.43682763100048],[42.23484437000013,39.435599733000174],[42.233793437000145,39.43535407500042],[42.234252130000186,39.43477740100013],[42.231077001000074,39.43363022900007],[42.23178675500003,39.43178545500001],[42.240791991000094,39.42799871300008],[42.239943041000004,39.42637060800007],[42.24439078700016,39.421642095000266],[42.24937144700016,39.421648286000334],[42.25078189700014,39.418232481000416],[42.24869956500015,39.414693426999975],[42.25310026,39.41105197600007],[42.25723770100012,39.41022722800005],[42.258119608000186,39.40512296300005],[42.258226371000035,39.40505525500009],[42.264639272000124,39.40446514300015],[42.26624296200015,39.40289653900004],[42.26639884100018,39.40289145900016],[42.26645166500009,39.40278462800006],[42.26660114800012,39.40323968600006],[42.27371466599999,39.40498477800003],[42.27781031100005,39.40870036700011],[42.28405236700013,39.409443491000275],[42.28695445600016,39.41243057499997],[42.287098250000156,39.41243912900018],[42.288101229999995,39.411910336000005],[42.28958088200005,39.415768172000355],[42.29440396500007,39.418988023000225],[42.29474950100007,39.42150338699997],[42.30207271800015,39.426008972000034],[42.30531780400008,39.43281912700013],[42.307380298086684,39.43328623491175],[42.30711000000019,39.43398000000036],[42.30733000000009,39.43724000000026],[42.30691000000019,39.43761000000029],[42.307100000000105,39.43825000000015],[42.3064100000002,39.44018000000011],[42.306300000000135,39.440780000000416],[42.30643000000009,39.44127000000043],[42.30653000000018,39.44232000000011],[42.305990000000065,39.44508000000019],[42.30737000000005,39.44834000000009],[42.307220000000086,39.44876000000056],[42.30717000000021,39.449330000000145],[42.30686000000014,39.44993000000005],[42.306670000000054,39.45001000000025],[42.306790000000035,39.4503600000001],[42.30643000000009,39.45064000000036],[42.306610000000035,39.451200000000654],[42.30790000000019,39.452310000000125],[42.30950000000007,39.452990000000284],[42.31001000000015,39.45334000000008],[42.310420000000136,39.45387000000005],[42.3129600000002,39.45602000000014],[42.31492000000014,39.45696000000032],[42.314470000000256,39.45945000000029],[42.31422000000015,39.46362000000016],[42.313850000000116,39.465380000000096],[42.31411000000014,39.46629000000007],[42.313950000000034,39.467020000000105],[42.31430000000023,39.46825000000024]]],"type":"Polygon"}},{"type":"Feature","properties":{"area_id":"TR-49-004-2024881","name_tr":"Tıkızlı Köyü","area_level":"neighbourhood","parent_id":"TR-49-004","endeksa_id":2024881},"geometry":{"coordinates":[[[42.45631000000009,39.438090000000216],[42.455320000000086,39.43826000000007],[42.455320000000086,39.43841000000003],[42.456280000000106,39.43857000000014],[42.45964000000009,39.43965000000014],[42.46126000000004,39.440810000000056],[42.46184000000005,39.442000000000064],[42.46074000000016,39.44329000000005],[42.46010000000018,39.44357000000031],[42.459760000000074,39.443450000000325],[42.459630000000175,39.44386000000014],[42.460310000000106,39.443970000000036],[42.461210000000165,39.443660000000136],[42.46339000000006,39.44411000000025],[42.46321000000006,39.446210000000065],[42.46373000000011,39.447440000000086],[42.46361000000013,39.44858000000005],[42.463230000000124,39.4489700000002],[42.46278000000024,39.45022000000006],[42.462230000000204,39.45080000000024],[42.46232000000015,39.45275000000032],[42.46336000000008,39.45468000000011],[42.46197000000018,39.45739000000037],[42.46085000000005,39.45759000000004],[42.459600000000194,39.45805000000041],[42.458760000000154,39.45849000000004],[42.45696000000004,39.46170000000029],[42.45447000000007,39.46326000000022],[42.455140000000085,39.46578000000051],[42.45539000000019,39.468540000000075],[42.455200000000104,39.47159000000022],[42.453280000000234,39.47218000000015],[42.44692000000015,39.47330000000028],[42.44695000000013,39.47435000000047],[42.44827000000009,39.47804000000025],[42.44368000000014,39.477900000000034],[42.44057000000021,39.477590000000134],[42.437210000000164,39.47661000000005],[42.43502000000018,39.477030000000525],[42.4316800000002,39.47716000000008],[42.428340000000105,39.4742200000004],[42.42833000000013,39.47193000000061],[42.42808000000008,39.47119000000049],[42.42458000000022,39.465600000000165],[42.41746000000012,39.45985000000013],[42.413510000000144,39.45654000000053],[42.41267430480161,39.456085995121896],[42.40987000000007,39.45414000000022],[42.40854000000019,39.45307000000048],[42.40701000000024,39.45143000000013],[42.407100000000185,39.450260000000355],[42.40744000000012,39.44847000000004],[42.40782000000007,39.44727000000023],[42.41054000000008,39.44539000000026],[42.41324000000003,39.44277000000022],[42.41746000000012,39.43917000000005],[42.41872000000012,39.43851000000018],[42.41895000000011,39.43826000000007],[42.42498000000006,39.438590000000374],[42.425090000000125,39.438490000000115],[42.42714000000012,39.43857000000014],[42.42808000000008,39.43830000000054],[42.42858000000007,39.438400000000286],[42.42938000000015,39.438710000000356],[42.430450000000064,39.438740000000166],[42.43210000000016,39.4378200000001],[42.43230000000017,39.43799000000047],[42.433170000000246,39.43728000000016],[42.43270000000007,39.43678000000017],[42.433430000000044,39.43627000000026],[42.43264000000005,39.435610000000395],[42.432740000000194,39.435330000000135],[42.43201000000016,39.435150000000135],[42.43223000000006,39.43485000000004],[42.434260000000165,39.4346000000001],[42.43445000000008,39.43436000000014],[42.43446000000017,39.433880000000045],[42.43525000000017,39.43389000000019],[42.43549000000013,39.432730000000106],[42.43777000000017,39.433010000000536],[42.438600000000065,39.4332500000005],[42.441510000000164,39.43380000000053],[42.44651000000016,39.43466000000012],[42.452560000000176,39.436450000000264],[42.454860000000224,39.43752000000012],[42.45631000000009,39.438090000000216]]],"type":"Polygon"}},{"type":"Feature","properties":{"area_id":"TR-49-004-2024909","name_tr":"Doğantaş Köyü","area_level":"neighbourhood","parent_id":"TR-49-004","endeksa_id":2024909},"geometry":{"coordinates":[[[42.490830000000074,39.48801000000026],[42.488000000000056,39.48798000000005],[42.4857100000001,39.48729000000037],[42.483320000000106,39.48741000000035],[42.4815900000001,39.48705000000041],[42.477780000000166,39.48726000000016],[42.47495000000015,39.48710000000028],[42.47294000000011,39.4872400000001],[42.470290000000034,39.48791000000011],[42.46780000000007,39.487990000000195],[42.46644000000015,39.48818000000011],[42.46473000000009,39.48872000000017],[42.46232000000015,39.488950000000045],[42.463100000000054,39.486970000000156],[42.46361000000013,39.48331000000019],[42.46453000000025,39.48164000000003],[42.46544000000023,39.479750000000365],[42.46357000000023,39.479660000000194],[42.461550000000045,39.47905000000014],[42.459100000000035,39.479010000000244],[42.4567600000002,39.47843000000017],[42.45434000000017,39.47848000000005],[42.45210000000009,39.477890000000116],[42.44827000000009,39.47804000000025],[42.44695000000013,39.47435000000047],[42.44692000000015,39.47330000000028],[42.453280000000234,39.47218000000015],[42.455200000000104,39.47159000000022],[42.45539000000019,39.468540000000075],[42.455140000000085,39.46578000000051],[42.45447000000007,39.46326000000022],[42.45696000000004,39.46170000000029],[42.458760000000154,39.45849000000004],[42.459600000000194,39.45805000000041],[42.46085000000005,39.45759000000004],[42.46197000000018,39.45739000000037],[42.46336000000008,39.45468000000011],[42.46232000000015,39.45275000000032],[42.462230000000204,39.45080000000024],[42.46278000000024,39.45022000000006],[42.463230000000124,39.4489700000002],[42.46361000000013,39.44858000000005],[42.46373000000011,39.447440000000086],[42.46321000000006,39.446210000000065],[42.46339000000006,39.44411000000025],[42.461210000000165,39.443660000000136],[42.460310000000106,39.443970000000036],[42.459630000000175,39.44386000000014],[42.459760000000074,39.443450000000325],[42.46010000000018,39.44357000000031],[42.46074000000016,39.44329000000005],[42.46184000000005,39.442000000000064],[42.46126000000004,39.440810000000056],[42.45964000000009,39.43965000000014],[42.456280000000106,39.43857000000014],[42.455320000000086,39.43841000000003],[42.455320000000086,39.43826000000007],[42.45631000000009,39.438090000000216],[42.45863000000003,39.4378200000001],[42.45877000000007,39.436480000000074],[42.46004000000016,39.435490000000414],[42.46045000000015,39.43556000000035],[42.460990000000095,39.4353500000002],[42.46105000000006,39.43489000000034],[42.46160000000009,39.43485000000004],[42.46172000000007,39.43473000000006],[42.4621800000001,39.434680000000185],[42.46221000000014,39.43442000000016],[42.46172000000007,39.43448000000012],[42.46141000000017,39.43422000000032],[42.460650000000214,39.4341100000006],[42.46005000000008,39.43376000000006],[42.45967000000013,39.43368000000055],[42.45967000000013,39.43351000000018],[42.45933000000019,39.43347000000023],[42.45915000000008,39.433290000000284],[42.45902000000012,39.43348000000037],[42.45840000000021,39.4332100000002],[42.45649000000009,39.4318600000006],[42.45454000000018,39.43017000000003],[42.455140000000085,39.429760000000215],[42.455790000000036,39.42970000000025],[42.45673000000005,39.428710000000194],[42.45657000000011,39.42848000000021],[42.45589000000018,39.428210000000036],[42.4544200000002,39.42708000000016],[42.452470000000176,39.42590000000007],[42.45354000000003,39.424460000000124],[42.45366000000024,39.42454000000032],[42.45465000000007,39.42376000000007],[42.454050000000166,39.42292000000003],[42.454050000000166,39.42275000000018],[42.45366000000024,39.42252000000019],[42.45321000000013,39.42249000000038],[42.45475000000016,39.42181000000039],[42.45342000000005,39.41931000000034],[42.45283000000012,39.41840000000036],[42.453071531385945,39.4178589696964],[42.45354000000003,39.41754000000026],[42.45639000000017,39.41753000000011],[42.45890000000014,39.41713000000027],[42.4612800000001,39.417680000000075],[42.463440000000105,39.41807000000006],[42.46667000000019,39.418140000000164],[42.469880000000046,39.41801000000004],[42.474620000000186,39.41922000000068],[42.476610000000164,39.41741000000013],[42.47918000000021,39.41593000000006],[42.48245000000003,39.4156500000002],[42.48560000000009,39.41509000000019],[42.48889230960833,39.41574427513456],[42.488614000516634,39.41628349899992],[42.48869288399999,39.41637412100016],[42.495365879317774,39.41756232709275],[42.49617000000012,39.41757000000007],[42.49878000000007,39.417960000000164],[42.50037000000003,39.418050000000505],[42.50096000000019,39.41859000000005],[42.50131000000016,39.41906000000023],[42.503640000000246,39.42150000000032],[42.501660000000186,39.42281000000071],[42.50091000000009,39.42559000000051],[42.50076000000013,39.426940000000116],[42.49886000000015,39.42876000000007],[42.49635000000012,39.42958000000027],[42.49567000000019,39.43005000000005],[42.49552000000017,39.431340000000205],[42.496960000000115,39.43281000000036],[42.49909000000014,39.43474000000015],[42.49970000000019,39.43697000000009],[42.501140000000134,39.43997000000019],[42.50357000000014,39.4437200000001],[42.50509000000011,39.44589000000042],[42.50570000000016,39.447540000000515],[42.50502000000017,39.45158000000015],[42.504860000000065,39.452990000000284],[42.50608000000011,39.45551000000057],[42.506310000000155,39.45722000000012],[42.50722000000013,39.45856000000015],[42.50790000000006,39.46068000000059],[42.50844000000018,39.4617300000001],[42.5098000000001,39.463670000000036],[42.509960000000206,39.465250000000026],[42.51125000000013,39.46818000000013],[42.51185000000004,39.469120000000316],[42.512010000000146,39.46989000000025],[42.5118300000002,39.471240000000364],[42.511670000000095,39.47180000000037],[42.504390000000114,39.4767800000003],[42.49991000000017,39.47965000000005],[42.49824000000018,39.48138000000023],[42.49121000000008,39.48713000000009],[42.490830000000074,39.48801000000026]]],"type":"Polygon"}},{"type":"Feature","properties":{"area_id":"TR-49-004-2024869","name_tr":"Çiçekveren Köyü","area_level":"neighbourhood","parent_id":"TR-49-004","endeksa_id":2024869},"geometry":{"coordinates":[[[42.350320000000124,39.494220000000325],[42.34807000000012,39.494930000000124],[42.341980000000206,39.4974900000002],[42.337180000000046,39.49135000000018],[42.33542000000011,39.48943000000048],[42.32899000000009,39.47581000000048],[42.326400000000206,39.47574000000037],[42.324790000000064,39.47370000000069],[42.32097000000016,39.4731400000004],[42.317670000000135,39.474080000000185],[42.31328000000019,39.47099000000031],[42.31477000000018,39.46975000000003],[42.31430000000023,39.46825000000024],[42.313950000000034,39.467020000000105],[42.31411000000014,39.46629000000007],[42.313850000000116,39.465380000000096],[42.31422000000015,39.46362000000016],[42.314470000000256,39.45945000000029],[42.31492000000014,39.45696000000032],[42.3129600000002,39.45602000000014],[42.310420000000136,39.45387000000005],[42.31001000000015,39.45334000000008],[42.30950000000007,39.452990000000284],[42.30790000000019,39.452310000000125],[42.306610000000035,39.451200000000654],[42.30643000000009,39.45064000000036],[42.306790000000035,39.4503600000001],[42.306670000000054,39.45001000000025],[42.30686000000014,39.44993000000005],[42.30717000000021,39.449330000000145],[42.307220000000086,39.44876000000056],[42.30737000000005,39.44834000000009],[42.305990000000065,39.44508000000019],[42.30653000000018,39.44232000000011],[42.30643000000009,39.44127000000043],[42.306300000000135,39.440780000000416],[42.3064100000002,39.44018000000011],[42.307100000000105,39.43825000000015],[42.30691000000019,39.43761000000029],[42.30733000000009,39.43724000000026],[42.30711000000019,39.43398000000036],[42.307410000000175,39.4332100000002],[42.308620000000076,39.43356000000006],[42.31013000000013,39.43421000000035],[42.31140000000005,39.43424000000016],[42.31489000000016,39.435120000000325],[42.31619000000006,39.43451000000033],[42.31634000000008,39.43417000000005],[42.31728000000004,39.4331700000003],[42.3180900000001,39.4327200000007],[42.31976000000009,39.43220000000031],[42.31997000000018,39.43228000000016],[42.32029000000006,39.43207000000024],[42.32116000000008,39.431770000000256],[42.32134000000025,39.431490000000395],[42.321290000000204,39.4311800000001],[42.320950000000096,39.43126000000018],[42.320670000000234,39.431090000000154],[42.32080000000013,39.43105000000037],[42.320640000000196,39.43077000000011],[42.320890000000134,39.43008000000003],[42.32131000000004,39.42969000000011],[42.3220800000002,39.429980000000114],[42.32198000000005,39.42958000000027],[42.32204000000007,39.429540000000486],[42.32252000000017,39.42968000000019],[42.32275000000021,39.429880000000196],[42.323580000000106,39.43005000000005],[42.32356000000004,39.42969000000011],[42.323800000000176,39.42948000000035],[42.32404000000014,39.42891000000026],[42.32367000000011,39.42790000000036],[42.32436000000018,39.42720000000014],[42.32463000000013,39.42632000000037],[42.32624000306009,39.42483000659399],[42.33095000000009,39.4221500000001],[42.33291000000008,39.421730000000196],[42.33573000000018,39.41834000000034],[42.33617000000015,39.41583000000014],[42.33723000000009,39.41517000000027],[42.339410000000214,39.41432000000026],[42.34029000000015,39.41370000000012],[42.344618874024036,39.41154056168807],[42.34754000000015,39.41506000000038],[42.35173000000009,39.419530000000066],[42.353250000000116,39.42148000000009],[42.35432000000014,39.42265000000026],[42.35424000000012,39.422690000000046],[42.356850000000065,39.42506000000071],[42.357810000000086,39.42687000000018],[42.35939836347535,39.42874187006856],[42.361370000000136,39.431090000000154],[42.36320000000018,39.43365000000023],[42.36328000000009,39.435490000000414],[42.36343000000005,39.436360000000604],[42.363480000000095,39.43798000000038],[42.36365000000012,39.438400000000286],[42.3634600000002,39.43853000000041],[42.36307000000011,39.44217000000032],[42.363360000000114,39.44369000000029],[42.36907000000025,39.45002000000039],[42.37341000000015,39.45563000000004],[42.37496000000016,39.45836000000048],[42.375780000000134,39.459470000000124],[42.37945000000019,39.465750000000185],[42.379800000000046,39.46900000000011],[42.37921000000006,39.47353000000015],[42.36480000000006,39.48602000000028],[42.35599000000013,39.49299000000019],[42.350320000000124,39.494220000000325]]],"type":"Polygon"}},{"type":"Feature","properties":{"area_id":"TR-49-004-2024871","name_tr":"Fenek Köyü","area_level":"neighbourhood","parent_id":"TR-49-004","endeksa_id":2024871},"geometry":{"coordinates":[[[42.424570000000074,39.53552000000036],[42.420140000000174,39.535600000000045],[42.416020000000174,39.53525000000019],[42.4153300000001,39.53482000000014],[42.41438000000022,39.5350600000001],[42.40904000000012,39.5356500000006],[42.40661000000017,39.53633000000019],[42.40175000000005,39.53807000000046],[42.39810000000017,39.538230000000226],[42.3939400000001,39.5393600000001],[42.391140000000235,39.54073000000028],[42.3865100000001,39.53912000000014],[42.3823000000001,39.51878000000028],[42.37533000000019,39.507230000000334],[42.37544000000008,39.506770000000074],[42.3721900000001,39.50384000000048],[42.370600000000195,39.50398000000018],[42.36934000000019,39.50347000000005],[42.36762000000016,39.50241000000011],[42.366390000000195,39.501340000000425],[42.360880000000066,39.49941000000058],[42.35805000000005,39.4997800000001],[42.35596000000015,39.49900000000008],[42.355020000000195,39.49846000000014],[42.35385000000019,39.49715000000009],[42.350320000000124,39.494220000000325],[42.35599000000013,39.49299000000019],[42.36480000000006,39.48602000000028],[42.37921000000006,39.47353000000015],[42.379800000000046,39.46900000000011],[42.37945000000019,39.465750000000185],[42.375780000000134,39.459470000000124],[42.37496000000016,39.45836000000048],[42.37459000000007,39.4577100000007],[42.37816000000004,39.455470000000105],[42.37988000000007,39.45459000000011],[42.382090000000176,39.454040000000305],[42.385440000000244,39.45353000000017],[42.386220000000094,39.45362000000051],[42.38753000000014,39.45421000000033],[42.38846000000018,39.45567000000034],[42.38931000000014,39.45552000000015],[42.38943000000012,39.45537000000036],[42.38970000000006,39.45444000000015],[42.39132000000018,39.45145000000019],[42.39233000000007,39.44895000000065],[42.39261000000016,39.44750000000005],[42.39370000000014,39.44603000000063],[42.395135330103585,39.442891200541],[42.39834000000013,39.44439000000011],[42.403280000000166,39.44233000000003],[42.40494000000018,39.44361000000009],[42.40616000000006,39.44562000000013],[42.40642000000008,39.44738000000007],[42.40636000000006,39.447970000000055],[42.40545000000009,39.450520000000154],[42.403930000000116,39.45232000000027],[42.40356000000003,39.45667000000009],[42.40367000000009,39.45848000000046],[42.40572000000009,39.460700000000145],[42.40707000000003,39.46186000000017],[42.407800000000236,39.462370000000305],[42.41058000000004,39.46235000000024],[42.41228000000018,39.46069000000017],[42.41218000000026,39.458350000000394],[42.41263000000015,39.456460000000334],[42.41241116681999,39.456161730250074],[42.41251572475204,39.456065133140385],[42.41267430480161,39.456085995121896],[42.413510000000144,39.45654000000053],[42.41746000000012,39.45985000000013],[42.42458000000022,39.465600000000165],[42.42808000000008,39.47119000000049],[42.42833000000013,39.47193000000061],[42.428340000000105,39.4742200000004],[42.4316800000002,39.47716000000008],[42.43502000000018,39.477030000000525],[42.437210000000164,39.47661000000005],[42.44057000000021,39.477590000000134],[42.44368000000014,39.477900000000034],[42.44827000000009,39.47804000000025],[42.45210000000009,39.477890000000116],[42.45434000000017,39.47848000000005],[42.4567600000002,39.47843000000017],[42.459100000000035,39.479010000000244],[42.461550000000045,39.47905000000014],[42.46357000000023,39.479660000000194],[42.46544000000023,39.479750000000365],[42.46453000000025,39.48164000000003],[42.46361000000013,39.48331000000019],[42.463100000000054,39.486970000000156],[42.46232000000015,39.488950000000045],[42.45844000000011,39.49305000000015],[42.455970000000036,39.4946000000005],[42.45107000000013,39.49985000000004],[42.44542000000018,39.5042100000004],[42.44243000000006,39.50514000000004],[42.442470000000185,39.50656000000032],[42.44074000000006,39.508000000000095],[42.44108000000011,39.5083300000004],[42.43947000000014,39.511690000000044],[42.43705000000011,39.513580000000616],[42.432430000000124,39.515350000000694],[42.43223000000006,39.51670000000013],[42.43182000000007,39.5181300000005],[42.43173000000007,39.52031000000039],[42.43084000000016,39.52228000000014],[42.431380000000104,39.522930000000315],[42.4306000000002,39.523930000000064],[42.42934000000025,39.52496000000019],[42.42736000000019,39.525410000000306],[42.425430000000176,39.5278100000001],[42.42359000000016,39.52992000000029],[42.42369000000008,39.53137000000032],[42.42270000000008,39.534420000000296],[42.424570000000074,39.53552000000036]]],"type":"Polygon"}}]}