{"type":"FeatureCollection","source_id":"endeksa","retrieved_at":null,"features":[{"type":"Feature","properties":{"area_id":"TR-53-008-2026187","name_tr":"Eskice Köyü","area_level":"neighbourhood","parent_id":"TR-53-008","endeksa_id":2026187},"geometry":{"coordinates":[[[40.50346591008412,40.60810015175815],[40.50352685000013,40.60830010200016],[40.503521245000115,40.61840408500012],[40.4972446380001,40.62414411900056],[40.48631217600007,40.62548588900006],[40.484916485000156,40.62774068800019],[40.4707004280001,40.63216004100019],[40.45235699099999,40.634934224999995],[40.443756500211464,40.6312429194021],[40.44365000000016,40.6311300000001],[40.44217000000009,40.625780000000645],[40.43815000000018,40.62289000000027],[40.43758000000008,40.616270000000384],[40.437470000000076,40.6133700000002],[40.44047000000012,40.6024900000001],[40.44095000000004,40.60034000000036],[40.44350000000003,40.59670000000045],[40.44672000000014,40.59466000000009],[40.447880000000055,40.59123000000034],[40.44864000000024,40.590310000000386],[40.450360000000046,40.58916000000045],[40.450950000000034,40.589320000000214],[40.45291000000003,40.587870000000294],[40.45502000000016,40.58707000000021],[40.455870000000175,40.5864000000002],[40.45585000000011,40.58646000000016],[40.45602000000014,40.58648000000039],[40.46510000000018,40.587250000000154],[40.46806000000015,40.586850000000084],[40.471480000000156,40.58586000000025],[40.473250000000235,40.58435000000037],[40.476010000000144,40.58531000000022],[40.47856000000007,40.58798000000019],[40.48222000000004,40.58776000000006],[40.4901900000001,40.59637000000015],[40.50346591008412,40.60810015175815]]],"type":"Polygon"}},{"type":"Feature","properties":{"area_id":"TR-53-008-2026177","name_tr":"Ballıköy Köyü","area_level":"neighbourhood","parent_id":"TR-53-008","endeksa_id":2026177},"geometry":{"coordinates":[[[40.531730000000096,40.635380000000055],[40.52773000000025,40.63666000000006],[40.52175000000017,40.63623000000041],[40.521607548630016,40.63605638739324],[40.521170000000154,40.635290000000225],[40.52158000000014,40.63469000000032],[40.521550000000104,40.63409000000041],[40.52174000000019,40.63207000000028],[40.52156000000008,40.63116000000031],[40.519400000000246,40.62814000000037],[40.51989000000009,40.62647000000021],[40.51952000000023,40.62502000000029],[40.51859000000019,40.62382000000048],[40.51716000000016,40.62174000000033],[40.515230000000145,40.62024000000042],[40.51461000000023,40.61849000000018],[40.512900000000116,40.616920000000164],[40.51282000000009,40.615650000000244],[40.51082000000014,40.612930000000404],[40.50346591008412,40.60810015175815],[40.4901900000001,40.59637000000015],[40.48222000000004,40.58776000000006],[40.47856000000007,40.58798000000019],[40.476010000000144,40.58531000000022],[40.473250000000235,40.58435000000037],[40.471480000000156,40.58586000000025],[40.46806000000015,40.586850000000084],[40.46510000000018,40.587250000000154],[40.45602000000014,40.58648000000039],[40.45585000000011,40.58646000000016],[40.45662000000004,40.58462000000014],[40.46050000000008,40.578730000000064],[40.460640000000126,40.57883000000038],[40.468980000000045,40.57063000000062],[40.46888000000013,40.566150000000164],[40.46699000000007,40.56090000000006],[40.467400000000055,40.55603000000053],[40.46896000000015,40.552710000000104],[40.47385000000014,40.54650000000072],[40.478890000000035,40.53992000000005],[40.47778000000005,40.533440000000155],[40.47603000000004,40.528260000000046],[40.47535000000005,40.52536000000026],[40.48111000000006,40.5232900000002],[40.48817000000014,40.52004000000005],[40.492360000000076,40.520150000000456],[40.50022000000007,40.52075000000036],[40.50371000000018,40.516650000000084],[40.51437000000004,40.51805000000007],[40.51505000000003,40.52045000000004],[40.516870000000154,40.523810000000594],[40.51691000000011,40.52439000000027],[40.51837000000012,40.52661000000012],[40.5193900000001,40.532350000000235],[40.522480000000144,40.5359600000001],[40.52342000000016,40.53841000000068],[40.52705000000009,40.54373000000032],[40.532230000000254,40.54567000000026],[40.53354000000007,40.54783000000009],[40.532850000000224,40.55684000000008],[40.53159000000005,40.564790000000585],[40.52998000000025,40.57779000000045],[40.52967000000018,40.582470000000285],[40.535020000000145,40.59039000000007],[40.53456000000011,40.59649000000013],[40.53327000000013,40.60873000000038],[40.532200000000046,40.610110000000134],[40.531740000000184,40.610420000000204],[40.53122000000013,40.61058000000014],[40.530930000000126,40.610850000000255],[40.53051000000005,40.61101000000019],[40.529660000000206,40.61155000000008],[40.52951000000007,40.611990000000105],[40.528480000000116,40.613240000000474],[40.5278100000001,40.61352000000022],[40.527740000000165,40.61363000000006],[40.52849000000003,40.61395000000027],[40.52877000000012,40.6144300000002],[40.5286900000001,40.614620000000286],[40.52875000000006,40.614750000000356],[40.52918000000011,40.61536000000041],[40.5297700000001,40.615870000000655],[40.5298600000001,40.616080000000295],[40.53057000000018,40.61662000000018],[40.53141000000005,40.61703000000017],[40.531730000000096,40.61768000000012],[40.53247000000022,40.61823000000038],[40.53148000000016,40.61873000000014],[40.531390000000215,40.618930000000205],[40.53109000000006,40.61894000000029],[40.53083000000021,40.619090000000085],[40.530620000000056,40.618560000000116],[40.53061000000014,40.618220000000406],[40.53041000000013,40.61846000000037],[40.530190000000175,40.618000000000166],[40.529930000000206,40.61781000000008],[40.52926000000019,40.61798000000044],[40.529630000000054,40.61849000000018],[40.530000000000086,40.61959000000007],[40.53063000000003,40.62027000000023],[40.530810000000145,40.62059000000039],[40.53079000000008,40.6211100000001],[40.531330000000196,40.62143000000026],[40.531510000000196,40.62164000000007],[40.53168000000022,40.622000000000526],[40.53160000000014,40.622210000000166],[40.53166000000016,40.6223800000007],[40.531890000000146,40.62260000000043],[40.53302000000025,40.623050000000035],[40.53338000000019,40.62332000000032],[40.53345000000013,40.62354000000005],[40.534360000000106,40.624140000000125],[40.5348400000002,40.62431000000038],[40.535080000000164,40.624600000000385],[40.535080000000164,40.62574000000018],[40.53501000000006,40.62574000000018],[40.53803000000016,40.62639000000013],[40.5421300000001,40.626340000000084],[40.54242000000011,40.62658000000005],[40.54244000000017,40.62697000000037],[40.54216000000008,40.62764000000038],[40.54220000000004,40.62821000000008],[40.542670000000044,40.62849000000034],[40.54271000000011,40.628880000000095],[40.54265000000015,40.62922000000037],[40.54203000000018,40.63014000000044],[40.54153000000019,40.63049000000029],[40.54004000000003,40.63096000000007],[40.53860000000009,40.63079000000022],[40.536780000000135,40.630990000000054],[40.53599000000014,40.63208000000037],[40.535390000000234,40.632500000000334],[40.533870000000036,40.63285000000013],[40.53287000000006,40.63268000000028],[40.53206000000023,40.63202000000041],[40.53201000000013,40.63118000000014],[40.53169000000014,40.630640000000085],[40.53058000000016,40.62988000000024],[40.53004000000004,40.62889000000007],[40.53010000000023,40.62856000000045],[40.52989000000008,40.6283100000004],[40.529720000000054,40.628810000000385],[40.52983000000006,40.62929000000031],[40.529810000000225,40.63102000000009],[40.53069000000016,40.632940000000474],[40.531730000000096,40.634450000000356],[40.531730000000096,40.635380000000055]]],"type":"Polygon"}},{"type":"Feature","properties":{"area_id":"TR-53-008-2026182","name_tr":"Çiçekli Köyü","area_level":"neighbourhood","parent_id":"TR-53-008","endeksa_id":2026182},"geometry":{"coordinates":[[[40.569304236317635,40.61348166459902],[40.56944000000004,40.613570000000095],[40.56949000000009,40.61490000000015],[40.56971000000016,40.615680000000566],[40.565430000000106,40.634980000000155],[40.55832000000015,40.638850000000616],[40.55625000000009,40.63931000000031],[40.55000000000007,40.63843000000014],[40.54854000000006,40.63850000000008],[40.54752000000019,40.638330000000224],[40.54472298141104,40.638251694030714],[40.54101000000014,40.63790000000017],[40.53661000000011,40.63651000000027],[40.53296000000006,40.63587000000007],[40.531730000000096,40.635380000000055],[40.531730000000096,40.634450000000356],[40.53069000000016,40.632940000000474],[40.529810000000225,40.63102000000009],[40.52983000000006,40.62929000000031],[40.529720000000054,40.628810000000385],[40.52989000000008,40.6283100000004],[40.53010000000023,40.62856000000045],[40.53004000000004,40.62889000000007],[40.53058000000016,40.62988000000024],[40.53169000000014,40.630640000000085],[40.53201000000013,40.63118000000014],[40.53206000000023,40.63202000000041],[40.53287000000006,40.63268000000028],[40.533870000000036,40.63285000000013],[40.535390000000234,40.632500000000334],[40.53599000000014,40.63208000000037],[40.536780000000135,40.630990000000054],[40.53860000000009,40.63079000000022],[40.54004000000003,40.63096000000007],[40.54153000000019,40.63049000000029],[40.54203000000018,40.63014000000044],[40.54265000000015,40.62922000000037],[40.54271000000011,40.628880000000095],[40.542670000000044,40.62849000000034],[40.54220000000004,40.62821000000008],[40.54216000000008,40.62764000000038],[40.54244000000017,40.62697000000037],[40.54242000000011,40.62658000000005],[40.5421300000001,40.626340000000084],[40.53803000000016,40.62639000000013],[40.53501000000006,40.62574000000018],[40.535080000000164,40.62574000000018],[40.535080000000164,40.624600000000385],[40.5348400000002,40.62431000000038],[40.534360000000106,40.624140000000125],[40.53345000000013,40.62354000000005],[40.53338000000019,40.62332000000032],[40.53302000000025,40.623050000000035],[40.531890000000146,40.62260000000043],[40.53166000000016,40.6223800000007],[40.53160000000014,40.622210000000166],[40.53168000000022,40.622000000000526],[40.531510000000196,40.62164000000007],[40.531330000000196,40.62143000000026],[40.53079000000008,40.6211100000001],[40.530810000000145,40.62059000000039],[40.53063000000003,40.62027000000023],[40.530000000000086,40.61959000000007],[40.529630000000054,40.61849000000018],[40.52926000000019,40.61798000000044],[40.529930000000206,40.61781000000008],[40.530190000000175,40.618000000000166],[40.53041000000013,40.61846000000037],[40.53061000000014,40.618220000000406],[40.530620000000056,40.618560000000116],[40.53083000000021,40.619090000000085],[40.53109000000006,40.61894000000029],[40.531390000000215,40.618930000000205],[40.53148000000016,40.61873000000014],[40.53247000000022,40.61823000000038],[40.531730000000096,40.61768000000012],[40.53141000000005,40.61703000000017],[40.53057000000018,40.61662000000018],[40.5298600000001,40.616080000000295],[40.5297700000001,40.615870000000655],[40.52918000000011,40.61536000000041],[40.52875000000006,40.614750000000356],[40.5286900000001,40.614620000000286],[40.52877000000012,40.6144300000002],[40.52849000000003,40.61395000000027],[40.527740000000165,40.61363000000006],[40.5278100000001,40.61352000000022],[40.528480000000116,40.613240000000474],[40.52951000000007,40.611990000000105],[40.529660000000206,40.61155000000008],[40.53051000000005,40.61101000000019],[40.530930000000126,40.610850000000255],[40.53122000000013,40.61058000000014],[40.531740000000184,40.610420000000204],[40.532200000000046,40.610110000000134],[40.53327000000013,40.60873000000038],[40.53456000000011,40.59649000000013],[40.535020000000145,40.59039000000007],[40.52967000000018,40.582470000000285],[40.52998000000025,40.57779000000045],[40.53159000000005,40.564790000000585],[40.532850000000224,40.55684000000008],[40.53354000000007,40.54783000000009],[40.53646000000009,40.54873000000049],[40.53869000000003,40.54878000000036],[40.539980000000185,40.54857000000004],[40.540600000000154,40.548810000000174],[40.54765000000015,40.5487200000004],[40.554590000000076,40.552210000000116],[40.55680000000012,40.55247000000014],[40.561720000000264,40.55387000000019],[40.56102000000004,40.55666000000008],[40.5609300000001,40.558870000000354],[40.55852000000016,40.57230000000027],[40.558410000000094,40.57224000000025],[40.55812000000009,40.573960000000454],[40.557940000000144,40.575880000000154],[40.55805000000015,40.578160000000366],[40.557410000000175,40.5796100000004],[40.556830000000105,40.58172000000019],[40.556830000000105,40.583470000000034],[40.55840000000018,40.584710000000314],[40.558620000000076,40.58688000000012],[40.55777000000012,40.59027000000009],[40.557840000000226,40.59097000000031],[40.557450000000074,40.59140000000036],[40.55480000000023,40.59662000000026],[40.55792000000008,40.599760000000174],[40.55904000000021,40.60107000000039],[40.56058000000007,40.60339000000033],[40.56230000000011,40.60683000000017],[40.5635700000002,40.609120000000644],[40.56489000000016,40.609270000000265],[40.56601000000012,40.60965000000044],[40.569304236317635,40.61348166459902]]],"type":"Polygon"}},{"type":"Feature","properties":{"area_id":"TR-53-008-2026183","name_tr":"Çifteköprü Köyü","area_level":"neighbourhood","parent_id":"TR-53-008","endeksa_id":2026183},"geometry":{"coordinates":[[[40.55852000000016,40.57230000000027],[40.56036000000017,40.572560000000294],[40.56380000000024,40.572690000000534],[40.56594000000018,40.5718100000002],[40.56941000000006,40.568320000000085],[40.571540000000084,40.56778000000003],[40.5761500000001,40.56722000000019],[40.58147000000014,40.566890000000285],[40.58255000000014,40.56753000000009],[40.58305000000013,40.56970000000041],[40.58394000000004,40.57155000000017],[40.58556000000016,40.57359000000042],[40.589440000000195,40.57669000000038],[40.594090000000165,40.579440000000545],[40.59414000000004,40.58039000000031],[40.59349000000009,40.58203000000026],[40.593720000000076,40.58540000000005],[40.59373000000005,40.58772000000067],[40.59086000000008,40.58729000000062],[40.5874800000002,40.5865500000005],[40.583900000000085,40.58623000000034],[40.58050000000014,40.59076000000016],[40.58068000000014,40.59188000000029],[40.58182000000011,40.59373000000005],[40.584640000000036,40.59630000000004],[40.58617000000015,40.598610000000065],[40.58382000000006,40.60039000000023],[40.585260000000176,40.60183000000018],[40.58810000000017,40.603170000000034],[40.58970000000022,40.6037400000003],[40.59184000000016,40.604220000000225],[40.592820000000074,40.60485000000011],[40.59343000000007,40.60553000000061],[40.5939800000001,40.60646000000014],[40.59510000000006,40.60724000000016],[40.60092000000003,40.60904000000028],[40.603570000000104,40.61027000000058],[40.603350000000034,40.61213000000032],[40.603390000000104,40.6133700000002],[40.60289000000017,40.614220000000046],[40.602700000000254,40.615250000000515],[40.60205000000008,40.615960000000314],[40.60209000000003,40.61733000000015],[40.60287000000011,40.61855000000071],[40.603790000000174,40.619370000000345],[40.606510000000185,40.62028000000032],[40.60763000000014,40.62038000000007],[40.60850000000016,40.62072000000035],[40.60900000000015,40.62131000000028],[40.609890000000064,40.62173000000024],[40.61016000000018,40.622400000000255],[40.60817000000003,40.623450000000275],[40.60882000000015,40.623790000000156],[40.6095200000002,40.62446000000017],[40.60851000000008,40.62500000000006],[40.60748000000012,40.6258000000002],[40.60635000000008,40.627300000000105],[40.60508000000016,40.62982000000028],[40.60627000000005,40.63070000000005],[40.60687000000013,40.631420000000105],[40.60875000000004,40.63254000000006],[40.60718000000003,40.633680000000595],[40.606630000000166,40.63426000000027],[40.605980000000216,40.63515000000018],[40.6055300000001,40.63615000000033],[40.60604000000018,40.63648000000012],[40.606020000000115,40.63697000000013],[40.60486000000009,40.637060000000304],[40.604130000000055,40.63741000000016],[40.602210000000184,40.63810000000041],[40.60107000000022,40.63841000000008],[40.598460000000046,40.63887000000017],[40.59695000000016,40.63892000000004],[40.5969800000002,40.63918000000024],[40.59679000000011,40.63954000000018],[40.59657000000021,40.640520000000265],[40.59673000000009,40.6417500000004],[40.59613000000019,40.64308000000034],[40.59565000000009,40.64352000000048],[40.59555000000017,40.64423000000028],[40.595080000000166,40.64462000000054],[40.59501000000006,40.645300000000134],[40.594610000000216,40.64603000000068],[40.593900000000076,40.64623000000017],[40.59328000000011,40.64606000000032],[40.592820000000074,40.64612000000034],[40.591550000000154,40.64664000000016],[40.59100000000012,40.64702000000017],[40.58996000000019,40.646960000000206],[40.58921000000015,40.64674000000008],[40.58881000000008,40.6463600000003],[40.58832000000007,40.646260000000154],[40.58818000000019,40.646320000000514],[40.587680000000034,40.64691000000033],[40.58766000000014,40.64745000000022],[40.58824000000021,40.64849000000032],[40.58843000000007,40.649160000000336],[40.58834000000013,40.649600000000476],[40.58849000000009,40.650250000000256],[40.58844000000005,40.6503400000006],[40.587680000000034,40.65080000000029],[40.5867300000001,40.65088000000037],[40.58638000000013,40.65101000000061],[40.58543000000003,40.65198000000004],[40.58488000000017,40.65234000000015],[40.5841428740207,40.652574398199135],[40.58115588300018,40.649344108000264],[40.57800126100011,40.649171060000185],[40.577889191000054,40.649107760000106],[40.576803201000075,40.64691041900011],[40.578654813000185,40.64564576700042],[40.57882019699997,40.645115443000236],[40.579298751000124,40.64469106500047],[40.58037948300006,40.64041864400019],[40.578979262000075,40.63848488300016],[40.581625493000104,40.63595181400012],[40.57989119200005,40.63427550400013],[40.57775160200015,40.62562499600011],[40.57850361400017,40.622003128000074],[40.575846160000026,40.61634348000007],[40.56961642900018,40.61353084900014],[40.569562372000064,40.6133380330005],[40.56947433800002,40.61342653700018],[40.56931984200003,40.61339789200002],[40.569304236317635,40.61348166459902],[40.56601000000012,40.60965000000044],[40.56489000000016,40.609270000000265],[40.5635700000002,40.609120000000644],[40.56230000000011,40.60683000000017],[40.56058000000007,40.60339000000033],[40.55904000000021,40.60107000000039],[40.55792000000008,40.599760000000174],[40.55480000000023,40.59662000000026],[40.557450000000074,40.59140000000036],[40.557840000000226,40.59097000000031],[40.55777000000012,40.59027000000009],[40.558620000000076,40.58688000000012],[40.55840000000018,40.584710000000314],[40.556830000000105,40.583470000000034],[40.556830000000105,40.58172000000019],[40.557410000000175,40.5796100000004],[40.55805000000015,40.578160000000366],[40.557940000000144,40.575880000000154],[40.55812000000009,40.573960000000454],[40.558410000000094,40.57224000000025],[40.55852000000016,40.57230000000027]]],"type":"Polygon"}},{"type":"Feature","properties":{"area_id":"TR-53-008-2026192","name_tr":"Kama Köyü","area_level":"neighbourhood","parent_id":"TR-53-008","endeksa_id":2026192},"geometry":{"coordinates":[[[40.57784167500023,40.66377798718514],[40.570091989000105,40.66400096400008],[40.56323719200003,40.66008118700006],[40.56357425600004,40.65157044200026],[40.558758702000034,40.652842491000115],[40.554823053000064,40.64755890999999],[40.54910562800012,40.649407020000126],[40.54871272300005,40.649739777000036],[40.54867183400012,40.64958617900015],[40.54832118000007,40.64966288900007],[40.548375772000156,40.649605698000414],[40.54550391600003,40.64473491400014],[40.54637492400013,40.64222431000002],[40.54369705900018,40.63982363700012],[40.54472298141104,40.638251694030714],[40.54752000000019,40.638330000000224],[40.54854000000006,40.63850000000008],[40.55000000000007,40.63843000000014],[40.55625000000009,40.63931000000031],[40.55832000000015,40.638850000000616],[40.565430000000106,40.634980000000155],[40.56971000000016,40.615680000000566],[40.56949000000009,40.61490000000015],[40.56944000000004,40.613570000000095],[40.569304236317635,40.61348166459902],[40.56931984200003,40.61339789200002],[40.56947433800002,40.61342653700018],[40.569562372000064,40.6133380330005],[40.56961642900018,40.61353084900014],[40.575846160000026,40.61634348000007],[40.57850361400017,40.622003128000074],[40.57775160200015,40.62562499600011],[40.57989119200005,40.63427550400013],[40.581625493000104,40.63595181400012],[40.578979262000075,40.63848488300016],[40.58037948300006,40.64041864400019],[40.579298751000124,40.64469106500047],[40.57882019699997,40.645115443000236],[40.578654813000185,40.64564576700042],[40.576803201000075,40.64691041900011],[40.577889191000054,40.649107760000106],[40.57800126100011,40.649171060000185],[40.58115588300018,40.649344108000264],[40.5841428740207,40.652574398199135],[40.584080000000085,40.65268000000026],[40.58431000000007,40.65281000000033],[40.58428000000009,40.65395000000018],[40.58375000000012,40.65501000000046],[40.58252000000016,40.655920000000435],[40.58104000000009,40.65507000000008],[40.579070000000115,40.65492000000012],[40.57697000000013,40.65570000000071],[40.57568000000015,40.65700000000027],[40.57654000000008,40.658210000000224],[40.57716000000022,40.659270000000504],[40.578080000000114,40.65996000000007],[40.579030000000046,40.66235000000029],[40.57784167500023,40.66377798718514]]],"type":"Polygon"}},{"type":"Feature","properties":{"area_id":"TR-53-008-2026186","name_tr":"Diktaş Köyü","area_level":"neighbourhood","parent_id":"TR-53-008","endeksa_id":2026186},"geometry":{"coordinates":[[[40.54871272300005,40.649739777000036],[40.545789248000176,40.65231579800047],[40.54534091100015,40.65279504200015],[40.54777454000015,40.655532952000385],[40.54524339500006,40.65853929600007],[40.53694382200018,40.660098419000064],[40.53043442600017,40.663574973000095],[40.53047126800004,40.6636916180006],[40.53274836200012,40.66498760900009],[40.52446457600007,40.66731590500018],[40.500000048000175,40.666516588000036],[40.48652811944703,40.66445309827179],[40.48132342386833,40.66032270755079],[40.48921407500012,40.65737351200062],[40.49804907700013,40.65052722300004],[40.50573602900005,40.64852917999997],[40.50821686700016,40.641811737000126],[40.51004335300013,40.640500739000686],[40.50942740800019,40.63703844000065],[40.516223411000055,40.63416213100061],[40.52153630000004,40.63609013200016],[40.521607548630016,40.63605638739324],[40.52175000000017,40.63623000000041],[40.52773000000025,40.63666000000006],[40.531730000000096,40.635380000000055],[40.53296000000006,40.63587000000007],[40.53661000000011,40.63651000000027],[40.54101000000014,40.63790000000017],[40.54472298141104,40.638251694030714],[40.54369705900018,40.63982363700012],[40.54637492400013,40.64222431000002],[40.54550391600003,40.64473491400014],[40.548375772000156,40.649605698000414],[40.54832118000007,40.64966288900007],[40.54867183400012,40.64958617900015],[40.54871272300005,40.649739777000036]]],"type":"Polygon"}},{"type":"Feature","properties":{"area_id":"TR-53-008-2026181","name_tr":"Çataltepe Köyü","area_level":"neighbourhood","parent_id":"TR-53-008","endeksa_id":2026181},"geometry":{"coordinates":[[[40.521607548630016,40.63605638739324],[40.52153630000004,40.63609013200016],[40.516223411000055,40.63416213100061],[40.50942740800019,40.63703844000065],[40.51004335300013,40.640500739000686],[40.50821686700016,40.641811737000126],[40.50573602900005,40.64852917999997],[40.49804907700013,40.65052722300004],[40.48921407500012,40.65737351200062],[40.48132342386833,40.66032270755079],[40.47093000000012,40.65703000000008],[40.46131000000014,40.65541000000019],[40.458320000000185,40.65242000000006],[40.456740000000195,40.65179000000035],[40.455380000000105,40.64927000000017],[40.45548000000019,40.647490000000175],[40.455690000000175,40.64633000000009],[40.45517000000012,40.64487000000008],[40.45338000000021,40.64361000000014],[40.451080000000104,40.638880000000256],[40.443756500211464,40.6312429194021],[40.45235699099999,40.634934224999995],[40.4707004280001,40.63216004100019],[40.484916485000156,40.62774068800019],[40.48631217600007,40.62548588900006],[40.4972446380001,40.62414411900056],[40.503521245000115,40.61840408500012],[40.50352685000013,40.60830010200016],[40.50346591008412,40.60810015175815],[40.51082000000014,40.612930000000404],[40.51282000000009,40.615650000000244],[40.512900000000116,40.616920000000164],[40.51461000000023,40.61849000000018],[40.515230000000145,40.62024000000042],[40.51716000000016,40.62174000000033],[40.51859000000019,40.62382000000048],[40.51952000000023,40.62502000000029],[40.51989000000009,40.62647000000021],[40.519400000000246,40.62814000000037],[40.52156000000008,40.63116000000031],[40.52174000000019,40.63207000000028],[40.521550000000104,40.63409000000041],[40.52158000000014,40.63469000000032],[40.521170000000154,40.635290000000225],[40.521607548630016,40.63605638739324]]],"type":"Polygon"}},{"type":"Feature","properties":{"area_id":"TR-53-008-2026193","name_tr":"Meşeköy Köyü","area_level":"neighbourhood","parent_id":"TR-53-008","endeksa_id":2026193},"geometry":{"coordinates":[[[40.59630319055259,40.67477656818858],[40.59616000000017,40.67493000000019],[40.595800000000054,40.67427000000032],[40.594400000000064,40.67297000000019],[40.59311000000008,40.67264000000006],[40.592170000000124,40.67338000000041],[40.590560000000096,40.67393000000004],[40.59002000000004,40.674910000000125],[40.58810000000017,40.67494000000033],[40.58664000000016,40.6742100000003],[40.58559000000014,40.673480000000325],[40.58428000000009,40.67288000000042],[40.58313000000015,40.671970000000044],[40.583060000000046,40.671400000000176],[40.58326000000005,40.67112000000043],[40.58353000000005,40.670140000000345],[40.58318000000003,40.66940000000022],[40.58310000000017,40.66873000000021],[40.582690000000184,40.668280000000095],[40.582070000000044,40.668120000000215],[40.58195000000006,40.6680200000003],[40.58199000000013,40.66798000000017],[40.581270000000075,40.66768000000019],[40.57982000000004,40.66737000000012],[40.57831000000016,40.66682000000009],[40.57831000000016,40.66650000000044],[40.57846000000012,40.66649000000035],[40.57871000000017,40.66624000000024],[40.57917000000009,40.66551000000027],[40.57871000000017,40.66501000000011],[40.578410000000076,40.664870000000064],[40.57784167500023,40.66377798718514],[40.579030000000046,40.66235000000029],[40.578080000000114,40.65996000000007],[40.57716000000022,40.659270000000504],[40.57654000000008,40.658210000000224],[40.57568000000015,40.65700000000027],[40.57697000000013,40.65570000000071],[40.579070000000115,40.65492000000012],[40.58104000000009,40.65507000000008],[40.58252000000016,40.655920000000435],[40.58375000000012,40.65501000000046],[40.58428000000009,40.65395000000018],[40.58431000000007,40.65281000000033],[40.584080000000085,40.65268000000026],[40.5841428740207,40.652574398199135],[40.58488000000017,40.65234000000015],[40.58543000000003,40.65198000000004],[40.58638000000013,40.65101000000061],[40.5867300000001,40.65088000000037],[40.587680000000034,40.65080000000029],[40.58844000000005,40.6503400000006],[40.58849000000009,40.650250000000256],[40.58834000000013,40.649600000000476],[40.58843000000007,40.649160000000336],[40.58824000000021,40.64849000000032],[40.58766000000014,40.64745000000022],[40.587680000000034,40.64691000000033],[40.58818000000019,40.646320000000514],[40.58832000000007,40.646260000000154],[40.58881000000008,40.6463600000003],[40.58921000000015,40.64674000000008],[40.58996000000019,40.646960000000206],[40.59100000000012,40.64702000000017],[40.591550000000154,40.64664000000016],[40.592820000000074,40.64612000000034],[40.59328000000011,40.64606000000032],[40.593900000000076,40.64623000000017],[40.594610000000216,40.64603000000068],[40.59501000000006,40.645300000000134],[40.595080000000166,40.64462000000054],[40.59555000000017,40.64423000000028],[40.59565000000009,40.64352000000048],[40.59613000000019,40.64308000000034],[40.59673000000009,40.6417500000004],[40.59657000000021,40.640520000000265],[40.59679000000011,40.63954000000018],[40.5969800000002,40.63918000000024],[40.59695000000016,40.63892000000004],[40.598460000000046,40.63887000000017],[40.60107000000022,40.63841000000008],[40.602210000000184,40.63810000000041],[40.604130000000055,40.63741000000016],[40.60486000000009,40.637060000000304],[40.606020000000115,40.63697000000013],[40.60604000000018,40.63648000000012],[40.6055300000001,40.63615000000033],[40.605980000000216,40.63515000000018],[40.606630000000166,40.63426000000027],[40.60718000000003,40.633680000000595],[40.60875000000004,40.63254000000006],[40.60687000000013,40.631420000000105],[40.60627000000005,40.63070000000005],[40.60508000000016,40.62982000000028],[40.60635000000008,40.627300000000105],[40.60748000000012,40.6258000000002],[40.60851000000008,40.62500000000006],[40.6095200000002,40.62446000000017],[40.60882000000015,40.623790000000156],[40.60817000000003,40.623450000000275],[40.61016000000018,40.622400000000255],[40.609890000000064,40.62173000000024],[40.60900000000015,40.62131000000028],[40.60850000000016,40.62072000000035],[40.60763000000014,40.62038000000007],[40.606510000000185,40.62028000000032],[40.603790000000174,40.619370000000345],[40.60287000000011,40.61855000000071],[40.60209000000003,40.61733000000015],[40.60205000000008,40.615960000000314],[40.602700000000254,40.615250000000515],[40.60289000000017,40.614220000000046],[40.603390000000104,40.6133700000002],[40.603350000000034,40.61213000000032],[40.603570000000104,40.61027000000058],[40.60092000000003,40.60904000000028],[40.59510000000006,40.60724000000016],[40.5939800000001,40.60646000000014],[40.59343000000007,40.60553000000061],[40.592820000000074,40.60485000000011],[40.59184000000016,40.604220000000225],[40.58970000000022,40.6037400000003],[40.58810000000017,40.603170000000034],[40.585260000000176,40.60183000000018],[40.58382000000006,40.60039000000023],[40.58617000000015,40.598610000000065],[40.584640000000036,40.59630000000004],[40.58182000000011,40.59373000000005],[40.58068000000014,40.59188000000029],[40.58050000000014,40.59076000000016],[40.583900000000085,40.58623000000034],[40.5874800000002,40.5865500000005],[40.59086000000008,40.58729000000062],[40.59373000000005,40.58772000000067],[40.593720000000076,40.58540000000005],[40.59349000000009,40.58203000000026],[40.59414000000004,40.58039000000031],[40.594090000000165,40.579440000000545],[40.589440000000195,40.57669000000038],[40.58556000000016,40.57359000000042],[40.58394000000004,40.57155000000017],[40.58305000000013,40.56970000000041],[40.58255000000014,40.56753000000009],[40.58147000000014,40.566890000000285],[40.5761500000001,40.56722000000019],[40.571540000000084,40.56778000000003],[40.56941000000006,40.568320000000085],[40.56594000000018,40.5718100000002],[40.56380000000024,40.572690000000534],[40.56036000000017,40.572560000000294],[40.55852000000016,40.57230000000027],[40.5609300000001,40.558870000000354],[40.56102000000004,40.55666000000008],[40.561720000000264,40.55387000000019],[40.56749000000019,40.55558000000025],[40.57901000000015,40.5561900000003],[40.58130000000011,40.55523000000028],[40.58417000000003,40.554750000000354],[40.585570000000075,40.55278000000021],[40.58972000000006,40.5531500000003],[40.59621000000004,40.55446000000012],[40.598020000000076,40.55435000000011],[40.60162000000025,40.55595000000034],[40.603570000000104,40.556890000000635],[40.60512000000011,40.55777000000029],[40.608000000000175,40.55795000000023],[40.613480000000095,40.55975000000012],[40.61634000000009,40.55855000000014],[40.62090000000012,40.559150000000045],[40.62192000000016,40.56022000000047],[40.62333000000007,40.56303000000008],[40.62721000000016,40.56423000000029],[40.63211000000018,40.56530000000015],[40.63478000000015,40.56472000000048],[40.63865000000004,40.56634000000025],[40.642570000000035,40.567330000000425],[40.64668000000012,40.56511000000006],[40.65042000000011,40.56811000000033],[40.656260000000145,40.57051000000013],[40.65733000000006,40.57135000000051],[40.65803000000005,40.57073000000037],[40.6591600000001,40.569240000000036],[40.66074000000009,40.56796000000014],[40.66275000000013,40.56707000000023],[40.664770000000146,40.56668000000013],[40.66646000000014,40.56620000000004],[40.668240000000196,40.566370000000575],[40.67094000000009,40.565470000000175],[40.67411000000004,40.564730000000054],[40.67611000000011,40.56394000000006],[40.67788000000019,40.56285000000014],[40.679400000000044,40.56258000000037],[40.681070000000204,40.56303000000008],[40.681750000000136,40.56283000000042],[40.68431000000004,40.562800000000095],[40.68605000000014,40.56319000000036],[40.68692000000016,40.563670000000286],[40.688940000000116,40.56428000000034],[40.690020000000175,40.56560000000013],[40.69025000000016,40.56533000000036],[40.69161000000008,40.56672000000026],[40.69254000000012,40.566430000000025],[40.693300000000136,40.56746000000015],[40.69528000000014,40.568250000000376],[40.6964000000001,40.56941000000006],[40.698820000000126,40.57112000000012],[40.70100000000019,40.57118000000014],[40.70308000000017,40.57200000000029],[40.7048200000001,40.57236000000023],[40.706510000000094,40.57305000000048],[40.7071600000001,40.57370000000026],[40.70741000000015,40.5737100000004],[40.70813000000004,40.575040000000286],[40.70782000000014,40.576000000000136],[40.707830000000115,40.57688000000047],[40.705980000000125,40.57749000000035],[40.704790000000116,40.58168000000006],[40.70441000000011,40.582500000000095],[40.70337000000018,40.583990000000426],[40.70240000000007,40.58558000000039],[40.69937000000016,40.58819000000011],[40.699000000000126,40.58965000000035],[40.69926000000015,40.59101000000004],[40.69926000000015,40.59222000000068],[40.69885000000011,40.592480000000194],[40.69760000000008,40.59382000000022],[40.69602000000009,40.595080000000166],[40.69410000000005,40.5959400000001],[40.693430000000035,40.597380000000044],[40.69262000000015,40.59656000000024],[40.690270000000055,40.59579000000048],[40.68821000000014,40.595920000000035],[40.68594000000007,40.595890000000225],[40.68443000000019,40.595390000000066],[40.68380000000013,40.594920000000286],[40.682560000000194,40.594400000000064],[40.67972000000003,40.59343000000007],[40.678350000000194,40.59357000000011],[40.67747000000003,40.59405000000021],[40.67542000000026,40.594580000000406],[40.67409000000015,40.59615000000042],[40.67363000000012,40.59696000000065],[40.672670000000096,40.59817000000004],[40.672270000000196,40.59937000000042],[40.67120000000011,40.600000000000136],[40.669860000000085,40.60061000000013],[40.66801000000015,40.60052000000036],[40.666260000000136,40.60223000000042],[40.66406000000018,40.60172000000017],[40.662450000000035,40.60198000000037],[40.65859000000023,40.60196000000013],[40.656230000000164,40.60305000000005],[40.65451000000013,40.6037400000003],[40.65238000000011,40.60526000000033],[40.65094000000016,40.60527000000042],[40.649910000000034,40.60585000000009],[40.64909000000023,40.607910000000174],[40.64826000000011,40.60890000000023],[40.647210000000086,40.60996000000051],[40.64637000000005,40.611130000000685],[40.64623000000017,40.61186000000015],[40.64512000000019,40.6123300000005],[40.642910000000086,40.61202000000043],[40.64157000000006,40.61214000000041],[40.639930000000106,40.6126000000001],[40.636930000000234,40.614510000000394],[40.63573000000025,40.61513000000053],[40.63285000000013,40.61611000000062],[40.6322600000002,40.61684000000008],[40.63254000000006,40.617570000000114],[40.63261000000017,40.61846000000037],[40.6322100000001,40.61908000000051],[40.63181000000009,40.61997000000025],[40.63196000000005,40.62181000000044],[40.63183000000015,40.62289000000027],[40.63193000000007,40.62374000000028],[40.63143000000008,40.62481000000014],[40.631390000000124,40.62544000000025],[40.63096000000007,40.62607000000048],[40.63004000000018,40.626930000000584],[40.62923000000012,40.62743000000006],[40.62806000000012,40.62845000000004],[40.625500000000045,40.62902000000014],[40.623830000000055,40.62961000000064],[40.621780000000115,40.63060000000013],[40.62250000000017,40.632100000000605],[40.622770000000116,40.63329000000033],[40.62288000000018,40.63490000000013],[40.622370000000046,40.636220000000435],[40.6220100000001,40.637830000000065],[40.62187000000006,40.639690000000485],[40.62028000000015,40.640900000000045],[40.620860000000164,40.64273000000048],[40.62183000000016,40.64357000000035],[40.62187000000006,40.64494000000019],[40.622460000000046,40.64639000000011],[40.624940000000095,40.648670000000266],[40.62428000000017,40.649480000000494],[40.62140000000011,40.64971000000037],[40.62027000000023,40.65067000000022],[40.617200000000196,40.65280000000024],[40.61248000000012,40.655360000000314],[40.61151000000018,40.656230000000505],[40.61131000000012,40.6574700000001],[40.611280000000136,40.658800000000156],[40.61048000000022,40.65882000000022],[40.609640000000184,40.659200000000396],[40.60855000000004,40.660560000000146],[40.60730000000018,40.661270000000286],[40.60717000000005,40.66170000000034],[40.60723000000007,40.66273000000007],[40.60712000000018,40.66399000000024],[40.60719000000012,40.664590000000146],[40.60742000000016,40.66517000000016],[40.60728000000012,40.66551000000027],[40.60702000000009,40.66569000000021],[40.60616000000016,40.66572000000042],[40.60579000000013,40.665860000000066],[40.605210000000056,40.66643000000033],[40.60473000000013,40.667810000000145],[40.60470000000015,40.66836000000018],[40.604340000000036,40.66882000000055],[40.60372000000007,40.669300000000476],[40.603440000000205,40.669950000000256],[40.60372000000007,40.67058000000014],[40.60353000000015,40.67083000000059],[40.602670000000046,40.67104000000023],[40.60139000000021,40.67111000000034],[40.60079000000013,40.67134000000016],[40.60045000000025,40.6713500000003],[40.599790000000155,40.67155000000048],[40.59755000000007,40.672550000000115],[40.597340000000145,40.67359000000016],[40.59713000000016,40.67415000000034],[40.59630319055259,40.67477656818858]]],"type":"Polygon"}},{"type":"Feature","properties":{"area_id":"TR-53-008-2026188","name_tr":"Gölyayla Köyü","area_level":"neighbourhood","parent_id":"TR-53-008","endeksa_id":2026188},"geometry":{"coordinates":[[[40.62806149155011,40.69245712564049],[40.62666315199999,40.695103974000176],[40.62656500400004,40.69516457000054],[40.62229832100007,40.69428350100003],[40.616074145000084,40.695021656999984],[40.60993902200005,40.69492610100008],[40.608056305843206,40.69608347662955],[40.60788243045391,40.696087372522584],[40.607799958585076,40.695970042155295],[40.606850000000065,40.69515000000058],[40.606510000000185,40.69394000000011],[40.60191000000009,40.69319000000041],[40.59998000000007,40.69297000000017],[40.59937000000025,40.69261000000006],[40.597781900237976,40.69270242908681],[40.59655293789024,40.69252097530716],[40.59648556606584,40.69241163450249],[40.59679690300004,40.689507937000315],[40.59694187600007,40.68935035800018],[40.60054750600011,40.68726322400016],[40.601865014000055,40.68395732000033],[40.601486407000095,40.68044606300015],[40.59659487400012,40.675474154000085],[40.596364982000125,40.67477274000032],[40.59630319055259,40.67477656818858],[40.59713000000016,40.67415000000034],[40.597340000000145,40.67359000000016],[40.59755000000007,40.672550000000115],[40.599790000000155,40.67155000000048],[40.60045000000025,40.6713500000003],[40.60079000000013,40.67134000000016],[40.60139000000021,40.67111000000034],[40.602670000000046,40.67104000000023],[40.60353000000015,40.67083000000059],[40.60372000000007,40.67058000000014],[40.603440000000205,40.669950000000256],[40.60372000000007,40.669300000000476],[40.604340000000036,40.66882000000055],[40.60470000000015,40.66836000000018],[40.60473000000013,40.667810000000145],[40.605210000000056,40.66643000000033],[40.60579000000013,40.665860000000066],[40.60616000000016,40.66572000000042],[40.60702000000009,40.66569000000021],[40.60728000000012,40.66551000000027],[40.60742000000016,40.66517000000016],[40.60719000000012,40.664590000000146],[40.60712000000018,40.66399000000024],[40.60723000000007,40.66273000000007],[40.60717000000005,40.66170000000034],[40.60730000000018,40.661270000000286],[40.60855000000004,40.660560000000146],[40.609640000000184,40.659200000000396],[40.61048000000022,40.65882000000022],[40.611280000000136,40.658800000000156],[40.61131000000012,40.6574700000001],[40.61151000000018,40.656230000000505],[40.61248000000012,40.655360000000314],[40.617200000000196,40.65280000000024],[40.62027000000023,40.65067000000022],[40.62140000000011,40.64971000000037],[40.62428000000017,40.649480000000494],[40.624940000000095,40.648670000000266],[40.622460000000046,40.64639000000011],[40.62187000000006,40.64494000000019],[40.62183000000016,40.64357000000035],[40.620860000000164,40.64273000000048],[40.62028000000015,40.640900000000045],[40.62187000000006,40.639690000000485],[40.6220100000001,40.637830000000065],[40.622370000000046,40.636220000000435],[40.62288000000018,40.63490000000013],[40.622770000000116,40.63329000000033],[40.62250000000017,40.632100000000605],[40.621780000000115,40.63060000000013],[40.623830000000055,40.62961000000064],[40.625500000000045,40.62902000000014],[40.62806000000012,40.62845000000004],[40.62923000000012,40.62743000000006],[40.63004000000018,40.626930000000584],[40.63096000000007,40.62607000000048],[40.631390000000124,40.62544000000025],[40.63143000000008,40.62481000000014],[40.63193000000007,40.62374000000028],[40.63183000000015,40.62289000000027],[40.63196000000005,40.62181000000044],[40.63181000000009,40.61997000000025],[40.6322100000001,40.61908000000051],[40.63261000000017,40.61846000000037],[40.63254000000006,40.617570000000114],[40.6322600000002,40.61684000000008],[40.63285000000013,40.61611000000062],[40.63573000000025,40.61513000000053],[40.636930000000234,40.614510000000394],[40.639930000000106,40.6126000000001],[40.64157000000006,40.61214000000041],[40.642910000000086,40.61202000000043],[40.64512000000019,40.6123300000005],[40.64623000000017,40.61186000000015],[40.64637000000005,40.611130000000685],[40.647210000000086,40.60996000000051],[40.64826000000011,40.60890000000023],[40.64909000000023,40.607910000000174],[40.649910000000034,40.60585000000009],[40.65094000000016,40.60527000000042],[40.65238000000011,40.60526000000033],[40.65451000000013,40.6037400000003],[40.656230000000164,40.60305000000005],[40.65859000000023,40.60196000000013],[40.662450000000035,40.60198000000037],[40.66406000000018,40.60172000000017],[40.666260000000136,40.60223000000042],[40.66801000000015,40.60052000000036],[40.669860000000085,40.60061000000013],[40.67120000000011,40.600000000000136],[40.672270000000196,40.59937000000042],[40.672670000000096,40.59817000000004],[40.67363000000012,40.59696000000065],[40.67409000000015,40.59615000000042],[40.67542000000026,40.594580000000406],[40.67747000000003,40.59405000000021],[40.678350000000194,40.59357000000011],[40.67972000000003,40.59343000000007],[40.682560000000194,40.594400000000064],[40.68380000000013,40.594920000000286],[40.68443000000019,40.595390000000066],[40.68594000000007,40.595890000000225],[40.68821000000014,40.595920000000035],[40.690270000000055,40.59579000000048],[40.69262000000015,40.59656000000024],[40.693430000000035,40.597380000000044],[40.697960000000194,40.59866000000011],[40.699750000000165,40.598430000000064],[40.70125000000013,40.59844000000021],[40.70296000000019,40.59918000000033],[40.704390000000046,40.600290000000484],[40.70609000000019,40.60133000000042],[40.70779000000016,40.60265000000038],[40.70890000000014,40.60390000000007],[40.709750000000156,40.60426000000018],[40.71078000000011,40.60455000000053],[40.71203000000014,40.6046000000004],[40.71386000000024,40.60447000000033],[40.715391904461285,40.605731817961384],[40.71509137100003,40.606077686000276],[40.72153379700018,40.614502491000394],[40.71784715500013,40.616940255000145],[40.71631216300017,40.623191261000045],[40.71289295200012,40.62875895100012],[40.71346038400003,40.6326302440001],[40.70761047000002,40.633840183000075],[40.7025544010001,40.63706341900013],[40.70057921300014,40.64271589500015],[40.69720368400016,40.642082017000064],[40.69076515100005,40.64491393200035],[40.68741503600006,40.650878866000085],[40.68234869200012,40.654231731000095],[40.68393755300002,40.66261970900064],[40.68042994500007,40.667555042000515],[40.67750763200013,40.66723697100008],[40.676725401948715,40.66778334197943],[40.6767073659467,40.667929390176255],[40.675000000000125,40.66911000000039],[40.673550000000034,40.67030000000011],[40.67266000000012,40.67084000000017],[40.671930000000145,40.6711300000004],[40.67042000000009,40.67115000000007],[40.66907000000009,40.67139000000003],[40.66576000000015,40.670970000000125],[40.664120000000196,40.67086000000023],[40.66304000000014,40.67106000000007],[40.66181000000017,40.67189000000019],[40.66030000000012,40.67230000000018],[40.65783000000005,40.67223000000007],[40.65640000000019,40.67271000000039],[40.65562000000011,40.67313000000047],[40.65418000000017,40.67344000000054],[40.64980000000014,40.675060000000315],[40.646130000000085,40.67722000000015],[40.64305000000013,40.678560000000175],[40.64176000000015,40.67936000000009],[40.64041000000003,40.68059000000028],[40.639280000000156,40.68184000000065],[40.63822000000022,40.682470000000194],[40.636470000000145,40.68306000000018],[40.634950000000174,40.683860000000095],[40.633000000000095,40.68540000000036],[40.630920000000174,40.68685000000022],[40.62986000000018,40.687980000000096],[40.62849000000017,40.690400000000125],[40.6283600000001,40.6913100000001],[40.62803000000014,40.69218000000069],[40.62806149155011,40.69245712564049]]],"type":"Polygon"}},{"type":"Feature","properties":{"area_id":"TR-53-008-2026197","name_tr":"Tozköy Köyü","area_level":"neighbourhood","parent_id":"TR-53-008","endeksa_id":2026197},"geometry":{"coordinates":[[[40.53501152704837,40.70143886046799],[40.53379739300016,40.701204769000356],[40.532532131000096,40.70182060300033],[40.51957168400003,40.69982076100024],[40.51457054700006,40.69833861500035],[40.508030260000055,40.69803988000024],[40.50722491594962,40.69791561250548],[40.507940000000076,40.6938700000004],[40.508100000000184,40.692560000000185],[40.50814000000008,40.690800000000195],[40.50526000000019,40.686210000000415],[40.50065000000012,40.683270000000334],[40.493910000000085,40.679460000000404],[40.49359000000004,40.67895000000027],[40.485860000000116,40.67051000000026],[40.485670000000255,40.67043000000018],[40.48652811944703,40.66445309827179],[40.500000048000175,40.666516588000036],[40.52446457600007,40.66731590500018],[40.53274836200012,40.66498760900009],[40.53047126800004,40.6636916180006],[40.53043442600017,40.663574973000095],[40.53694382200018,40.660098419000064],[40.54524339500006,40.65853929600007],[40.54777454000015,40.655532952000385],[40.54534091100015,40.65279504200015],[40.545789248000176,40.65231579800047],[40.54871272300005,40.649739777000036],[40.54910562800012,40.649407020000126],[40.554823053000064,40.64755890999999],[40.558758702000034,40.652842491000115],[40.56357425600004,40.65157044200026],[40.56323719200003,40.66008118700006],[40.570091989000105,40.66400096400008],[40.57784167500023,40.66377798718514],[40.578410000000076,40.664870000000064],[40.57871000000017,40.66501000000011],[40.57917000000009,40.66551000000027],[40.57871000000017,40.66624000000024],[40.57846000000012,40.66649000000035],[40.57831000000016,40.66650000000044],[40.57831000000016,40.66682000000009],[40.57982000000004,40.66737000000012],[40.581270000000075,40.66768000000019],[40.58199000000013,40.66798000000017],[40.58195000000006,40.6680200000003],[40.582070000000044,40.668120000000215],[40.582690000000184,40.668280000000095],[40.58310000000017,40.66873000000021],[40.58318000000003,40.66940000000022],[40.58353000000005,40.670140000000345],[40.58326000000005,40.67112000000043],[40.583060000000046,40.671400000000176],[40.58313000000015,40.671970000000044],[40.58428000000009,40.67288000000042],[40.58559000000014,40.673480000000325],[40.58664000000016,40.6742100000003],[40.58810000000017,40.67494000000033],[40.59002000000004,40.674910000000125],[40.590560000000096,40.67393000000004],[40.592170000000124,40.67338000000041],[40.59311000000008,40.67264000000006],[40.594400000000064,40.67297000000019],[40.595800000000054,40.67427000000032],[40.59616000000017,40.67493000000019],[40.59630319055259,40.67477656818858],[40.596364982000125,40.67477274000032],[40.59659487400012,40.675474154000085],[40.601486407000095,40.68044606300015],[40.601865014000055,40.68395732000033],[40.60054750600011,40.68726322400016],[40.59694187600007,40.68935035800018],[40.59679690300004,40.689507937000315],[40.5967467940759,40.68997517668868],[40.5966391933934,40.689878141403085],[40.59651765245667,40.68993717814783],[40.596720000000175,40.68951000000004],[40.595490000000154,40.68929000000031],[40.59420000000023,40.68874000000028],[40.592630000000156,40.68912000000046],[40.59204000000017,40.69144000000006],[40.59097000000014,40.69224000000014],[40.59069000000005,40.6928500000007],[40.58981000000006,40.692990000000236],[40.58922000000007,40.69263000000029],[40.589170000000195,40.69180000000051],[40.58840000000009,40.69135000000023],[40.58729000000011,40.690860000000214],[40.586410000000114,40.691540000000316],[40.58581000000021,40.692340000000286],[40.58404000000013,40.69297000000017],[40.58322000000015,40.69240000000042],[40.583000000000084,40.69180000000051],[40.58161000000018,40.69136000000037],[40.57909000000018,40.691510000000676],[40.57814000000013,40.69134000000014],[40.577060000000074,40.6916200000004],[40.572060000000135,40.69368000000031],[40.57099000000005,40.69367000000034],[40.57013000000012,40.69350000000048],[40.5689500000002,40.692470000000526],[40.56827000000004,40.692690000000255],[40.567050000000165,40.69344000000035],[40.56554000000011,40.69460000000055],[40.56337000000019,40.6944400000001],[40.56180000000012,40.694980000000044],[40.55929000000009,40.69645000000014],[40.55705000000023,40.69620000000009],[40.55538000000007,40.696650000000375],[40.553570000000036,40.69762000000031],[40.55108000000007,40.696070000000134],[40.549540000000036,40.69531000000035],[40.54867000000013,40.693710000000124],[40.548310000000185,40.692870000000255],[40.54312000000016,40.691820000000064],[40.54265000000015,40.69208000000026],[40.53986000000003,40.69249000000008],[40.53886000000011,40.692720000000065],[40.53842000000009,40.69298000000009],[40.53831000000025,40.69329000000016],[40.53780000000012,40.69389000000007],[40.537440000000174,40.694540000000416],[40.53710000000012,40.694880000000296],[40.53610000000015,40.695600000000184],[40.53579000000008,40.696150000000216],[40.53519000000017,40.69794000000036],[40.534830000000056,40.69872000000038],[40.534580000000176,40.69911000000013],[40.534360000000106,40.69922000000054],[40.537000000000205,40.699350000000095],[40.536250000000166,40.70000000000027],[40.533970000000124,40.70116000000047],[40.53501152704837,40.70143886046799]]],"type":"Polygon"}},{"type":"Feature","properties":{"area_id":"TR-53-008-2026200","name_tr":"Yerelma Köyü","area_level":"neighbourhood","parent_id":"TR-53-008","endeksa_id":2026200},"geometry":{"coordinates":[[[40.60756114530233,40.70787338085472],[40.60715000000022,40.7079700000001],[40.60472000000004,40.70670000000041],[40.60287000000011,40.70720000000017],[40.601250000000164,40.70747000000034],[40.59978000000024,40.707860000000096],[40.598330000000146,40.70792000000006],[40.598700000000235,40.70845000000003],[40.59881000000007,40.708890000000565],[40.59826000000004,40.709760000000074],[40.59379000000018,40.710310000000106],[40.59413000000012,40.7112800000001],[40.59435000000019,40.712950000000035],[40.59267000000011,40.713440000000446],[40.59110000000004,40.71444000000008],[40.587740000000224,40.715740000000324],[40.58606000000009,40.715890000000115],[40.58411000000007,40.71631000000059],[40.58372000000014,40.71696000000037],[40.58214000000015,40.716880000000174],[40.58119000000005,40.717190000000244],[40.580220000000054,40.71771000000007],[40.57862000000023,40.71838000000008],[40.57531000000006,40.71677000000028],[40.57214000000016,40.71723000000014],[40.57110000000006,40.71726000000035],[40.570050000000265,40.717040000000054],[40.56784000000016,40.717120000000136],[40.56541000000004,40.7166500000003],[40.56335000000013,40.715770000000134],[40.55856498276114,40.714675884675046],[40.55805000000015,40.71455000000009],[40.55849000000018,40.71278000000041],[40.55867000000012,40.71234000000038],[40.55895000000004,40.71089000000012],[40.55649000000005,40.708020000000374],[40.55567000000008,40.706820000000164],[40.55352000000016,40.70506000000057],[40.55099000000007,40.70459000000005],[40.54833000000008,40.70432000000045],[40.54624000000018,40.70429000000013],[40.54327000000012,40.703530000000455],[40.54221000000018,40.70306000000011],[40.539420000000064,40.70268000000033],[40.53501152704837,40.70143886046799],[40.533970000000124,40.70116000000047],[40.536250000000166,40.70000000000027],[40.537000000000205,40.699350000000095],[40.534360000000106,40.69922000000054],[40.534580000000176,40.69911000000013],[40.534830000000056,40.69872000000038],[40.53519000000017,40.69794000000036],[40.53579000000008,40.696150000000216],[40.53610000000015,40.695600000000184],[40.53710000000012,40.694880000000296],[40.537440000000174,40.694540000000416],[40.53780000000012,40.69389000000007],[40.53831000000025,40.69329000000016],[40.53842000000009,40.69298000000009],[40.53886000000011,40.692720000000065],[40.53986000000003,40.69249000000008],[40.54265000000015,40.69208000000026],[40.54312000000016,40.691820000000064],[40.548310000000185,40.692870000000255],[40.54867000000013,40.693710000000124],[40.549540000000036,40.69531000000035],[40.55108000000007,40.696070000000134],[40.553570000000036,40.69762000000031],[40.55538000000007,40.696650000000375],[40.55705000000023,40.69620000000009],[40.55929000000009,40.69645000000014],[40.56180000000012,40.694980000000044],[40.56337000000019,40.6944400000001],[40.56554000000011,40.69460000000055],[40.567050000000165,40.69344000000035],[40.56827000000004,40.692690000000255],[40.5689500000002,40.692470000000526],[40.57013000000012,40.69350000000048],[40.57099000000005,40.69367000000034],[40.572060000000135,40.69368000000031],[40.577060000000074,40.6916200000004],[40.57814000000013,40.69134000000014],[40.57909000000018,40.691510000000676],[40.58161000000018,40.69136000000037],[40.583000000000084,40.69180000000051],[40.58322000000015,40.69240000000042],[40.58404000000013,40.69297000000017],[40.58581000000021,40.692340000000286],[40.586410000000114,40.691540000000316],[40.58729000000011,40.690860000000214],[40.58840000000009,40.69135000000023],[40.589170000000195,40.69180000000051],[40.58922000000007,40.69263000000029],[40.58981000000006,40.692990000000236],[40.59069000000005,40.6928500000007],[40.59097000000014,40.69224000000014],[40.59204000000017,40.69144000000006],[40.592630000000156,40.68912000000046],[40.59420000000023,40.68874000000028],[40.595490000000154,40.68929000000031],[40.596720000000175,40.68951000000004],[40.59651765245667,40.68993717814783],[40.5966391933934,40.689878141403085],[40.5967467940759,40.68997517668868],[40.59648556606584,40.69241163450249],[40.59655293789024,40.69252097530716],[40.597781900237976,40.69270242908681],[40.59937000000025,40.69261000000006],[40.59998000000007,40.69297000000017],[40.60191000000009,40.69319000000041],[40.606510000000185,40.69394000000011],[40.606850000000065,40.69515000000058],[40.607799958585076,40.695970042155295],[40.60724000000016,40.69654000000048],[40.606510000000185,40.69704000000013],[40.60646000000014,40.69771000000014],[40.60687000000013,40.698050000000364],[40.60946000000018,40.69861000000037],[40.61012000000011,40.699100000000044],[40.611290000000054,40.69939000000039],[40.611690000000124,40.699930000000336],[40.610850000000084,40.702760000000694],[40.610290000000134,40.70394000000027],[40.60935000000012,40.7066700000002],[40.60915000000011,40.707500000000664],[40.60756114530233,40.70787338085472]]],"type":"Polygon"}},{"type":"Feature","properties":{"area_id":"TR-53-008-2026196","name_tr":"Sivrikaya Köyü","area_level":"neighbourhood","parent_id":"TR-53-008","endeksa_id":2026196},"geometry":{"coordinates":[[[40.745350000000144,40.6989300000007],[40.74298000000016,40.699000000000126],[40.74153000000007,40.698820000000126],[40.73985000000016,40.69840000000022],[40.73755000000011,40.69853000000029],[40.73550000000017,40.69876000000016],[40.732890000000225,40.69918000000007],[40.73013000000009,40.699280000000385],[40.72802000000013,40.69925000000018],[40.726170000000195,40.69884000000036],[40.72446000000008,40.69875000000019],[40.72145000000012,40.69891000000047],[40.71968000000021,40.6992000000003],[40.71799000000016,40.6996400000001],[40.71612000000016,40.7005200000001],[40.71483000000018,40.701300000000174],[40.71320000000014,40.702010000000314],[40.71109000000018,40.70119000000011],[40.70720000000017,40.6994600000005],[40.70718000000011,40.698820000000126],[40.70693000000006,40.69809000000015],[40.70615000000015,40.69769000000042],[40.70330000000007,40.69767000000019],[40.702570000000094,40.697420000000136],[40.70192000000014,40.69691000000017],[40.698200000000156,40.69753000000014],[40.69676000000004,40.69818000000032],[40.69648000000012,40.69906000000009],[40.69460000000021,40.69984000000068],[40.69311000000022,40.70018000000039],[40.69205000000005,40.70041000000026],[40.69075000000015,40.70054000000033],[40.689280000000224,40.70092000000051],[40.68808000000024,40.70066000000031],[40.68741000000023,40.70084000000031],[40.68603000000007,40.7010300000004],[40.68421000000012,40.70080000000053],[40.684080000000165,40.70001000000053],[40.68328000000008,40.698670000000504],[40.68306000000018,40.697650000000124],[40.68362000000013,40.69751000000031],[40.68449000000021,40.69676000000021],[40.685350000000085,40.69667000000004],[40.68630000000019,40.6962700000002],[40.6891100000002,40.69542000000018],[40.68799000000007,40.694240000000605],[40.68726000000021,40.693030000000135],[40.686460000000125,40.692030000000386],[40.68569000000019,40.69183000000015],[40.68536000000006,40.690670000000125],[40.68549000000013,40.68958000000015],[40.684910000000116,40.68810000000008],[40.684910000000116,40.686550000000295],[40.68428000000006,40.684290000000146],[40.68191000000007,40.680420000000424],[40.680920000000185,40.678350000000364],[40.68034000000017,40.6767200000005],[40.6802100000001,40.67542000000026],[40.67936000000009,40.67432000000019],[40.67801000000014,40.66959000000031],[40.6767073659467,40.667929390176255],[40.676725401948715,40.66778334197943],[40.67750763200013,40.66723697100008],[40.68042994500007,40.667555042000515],[40.68393755300002,40.66261970900064],[40.68234869200012,40.654231731000095],[40.68741503600006,40.650878866000085],[40.69076515100005,40.64491393200035],[40.69720368400016,40.642082017000064],[40.70057921300014,40.64271589500015],[40.7025544010001,40.63706341900013],[40.70761047000002,40.633840183000075],[40.71346038400003,40.6326302440001],[40.71289295200012,40.62875895100012],[40.71631216300017,40.623191261000045],[40.71784715500013,40.616940255000145],[40.72153379700018,40.614502491000394],[40.71509137100003,40.606077686000276],[40.715391904461285,40.605731817961384],[40.71637000000004,40.606450000000166],[40.717310000000225,40.60641000000027],[40.717660000000194,40.6039600000002],[40.72036000000014,40.603780000000086],[40.72448000000014,40.6027900000002],[40.72566000000006,40.601370000000315],[40.72898000000015,40.59895000000046],[40.731260000000134,40.598430000000064],[40.73275000000018,40.59817000000004],[40.73424000000017,40.59846000000027],[40.73583000000008,40.59891000000016],[40.73759000000007,40.599020000000564],[40.7390400000001,40.599450000000616],[40.74063000000007,40.59956000000034],[40.74194000000011,40.59975000000003],[40.74397000000016,40.599820000000136],[40.74557000000004,40.60083000000003],[40.74772000000013,40.60018000000008],[40.74722816677087,40.59981112507819],[40.74749047100005,40.599663506000184],[40.747493789000146,40.599481623000656],[40.747691338000095,40.5995406640003],[40.74923085100016,40.59859615100004],[40.75842907200018,40.59966544000014],[40.76063124700005,40.59833665200051],[40.76134736800003,40.59471874200011],[40.76339643700004,40.595017568000515],[40.77022676900009,40.59133273000009],[40.771965096000145,40.59139855800004],[40.77419840500011,40.594626447000394],[40.78656488200005,40.59541705900011],[40.788391872000034,40.58932318200027],[40.78304852800005,40.58589113600016],[40.78654621400011,40.5843175330001],[40.78720392600013,40.584257061000585],[40.78898936400009,40.58320366200002],[40.78949070900006,40.5801792740001],[40.796983971000145,40.57781155700019],[40.80630211700003,40.58049380300025],[40.81324889500013,40.578656827000316],[40.82048044200013,40.58089601200004],[40.82789336900015,40.58065003800016],[40.82999387700005,40.57755479700012],[40.829958928999986,40.57721289700004],[40.83006534400005,40.57729855300005],[40.83020258200003,40.57724753300005],[40.83641096100007,40.56809990700009],[40.83889330900013,40.56585163600016],[40.84077000000019,40.57062000000013],[40.84211000000005,40.572060000000306],[40.84296000000006,40.57336000000055],[40.84443000000016,40.574170000000095],[40.84517000000011,40.57555000000019],[40.84820000000019,40.577420000000416],[40.8508700000001,40.57697000000013],[40.8536900000002,40.57714000000067],[40.855530000000044,40.57766000000038],[40.85897000000011,40.57714000000067],[40.85959000000025,40.57721000000009],[40.86010000000016,40.577330000000075],[40.86127000000016,40.578760000000045],[40.86192000000011,40.57988000000017],[40.863550000000146,40.5804700000005],[40.864300000000185,40.581050000000175],[40.86556081251575,40.58069797115928],[40.8697249330001,40.59223075000068],[40.86739742200018,40.59533187900013],[40.86819268100015,40.59914976400029],[40.87111936800011,40.60115042800027],[40.87268787700009,40.607601678000606],[40.87519916700006,40.60976477500026],[40.876447420000034,40.6138544690001],[40.87427399600017,40.61951705700017],[40.87466269100008,40.61979601200005],[40.874808481857315,40.6198088010442],[40.87483164330769,40.61991115068531],[40.87301000000019,40.622830000000306],[40.86607000000009,40.630030000000204],[40.862990000000195,40.63129000000038],[40.856240000000184,40.633180000000436],[40.85313000000008,40.63304000000022],[40.85133000000019,40.636000000000195],[40.8526100000002,40.639370000000326],[40.85286000000008,40.64182000000051],[40.85362000000009,40.64593000000025],[40.851500000000215,40.646750000000566],[40.84598000000017,40.648360000000196],[40.844340000000216,40.65137000000004],[40.83755000000008,40.6538300000002],[40.8355600000001,40.653320000000065],[40.83346000000006,40.65340000000015],[40.831310000000144,40.65377000000018],[40.82904000000008,40.6538700000001],[40.82634000000019,40.653410000000235],[40.82377000000014,40.651830000000245],[40.82002000000023,40.65356000000003],[40.81298000000015,40.65448000000015],[40.80778000000015,40.65128000000021],[40.80413000000016,40.650000000000205],[40.79091000000017,40.646470000000136],[40.78826000000015,40.64767000000012],[40.786140000000046,40.6500800000004],[40.7827400000001,40.64931000000013],[40.77893000000017,40.650310000000275],[40.7732400000001,40.653940000000034],[40.769510000000025,40.65528000000006],[40.765080000000125,40.65751000000017],[40.76185000000004,40.65842000000015],[40.762440000000026,40.661310000000185],[40.762970000000166,40.66492000000045],[40.76376000000016,40.6670000000006],[40.76343000000003,40.66931000000005],[40.769540000000234,40.67168000000004],[40.767620000000136,40.67338000000041],[40.76769000000007,40.676150000000234],[40.765350000000126,40.67809000000017],[40.765610000000095,40.68026000000066],[40.762940000000185,40.684980000000394],[40.76228000000009,40.689840000000345],[40.756400000000156,40.6916600000003],[40.752590000000225,40.69326000000052],[40.75087000000019,40.6960000000002],[40.74910000000011,40.69701000000032],[40.74668000000008,40.69790000000006],[40.745350000000144,40.6989300000007]]],"type":"Polygon"}},{"type":"Feature","properties":{"area_id":"TR-53-008-2026180","name_tr":"Çamlıkköy Köyü","area_level":"neighbourhood","parent_id":"TR-53-008","endeksa_id":2026180},"geometry":{"coordinates":[[[40.70478000000014,40.71879000000007],[40.70188000000019,40.72093000000007],[40.70064000000008,40.72157000000027],[40.700000000000045,40.72211000000016],[40.698700000000144,40.72297000000026],[40.69787000000025,40.724560000000395],[40.696840000000066,40.72558000000021],[40.69540000000012,40.72594000000015],[40.69366000000025,40.725960000000384],[40.69174000000015,40.72615000000047],[40.68963000000019,40.72759000000025],[40.68801000000013,40.72904000000017],[40.68558000000013,40.729370000000074],[40.68170000000009,40.730420000000095],[40.67981000000003,40.73018000000013],[40.67777000000018,40.72968000000037],[40.67545000000007,40.72936000000033],[40.67422000000005,40.72996000000023],[40.67219000000017,40.73066000000006],[40.67037000000022,40.73081000000025],[40.66747000000004,40.73076000000037],[40.665490000000034,40.731350000000134],[40.663600000000145,40.73114000000015],[40.66102000000018,40.73032000000018],[40.659105120646416,40.729552010727105],[40.65841000000006,40.728770000000395],[40.657250000000204,40.72823000000062],[40.654870000000074,40.72767000000033],[40.65313000000015,40.72767000000033],[40.65260000000018,40.72736000000003],[40.652230000000145,40.72700000000032],[40.65164000000016,40.72686000000027],[40.651000000000124,40.72632000000033],[40.649040000000184,40.725000000000534],[40.647530000000074,40.723760000000254],[40.646220000000085,40.721960000000536],[40.644270000000176,40.72031000000044],[40.63825000000003,40.71703000000048],[40.63681000000008,40.71548000000013],[40.636220000000094,40.71410000000037],[40.634730000000104,40.71231000000006],[40.63438000000008,40.71138000000053],[40.63539000000014,40.70965000000024],[40.63633000000016,40.70909000000006],[40.63671000000011,40.70913000000053],[40.636770000000126,40.70757000000009],[40.63663000000008,40.706030000000396],[40.63615000000016,40.70503000000025],[40.63441000000006,40.70261000000039],[40.63636000000014,40.70148000000012],[40.63650000000018,40.70072000000033],[40.63575000000009,40.700270000000046],[40.634540000000186,40.699040000000025],[40.63410000000016,40.698230000000365],[40.63240000000019,40.697400000000584],[40.63134000000008,40.69649000000061],[40.63006000000024,40.69558000000063],[40.629530000000045,40.69502000000034],[40.62890000000016,40.694050000000516],[40.62808000000018,40.69315000000012],[40.62806149155011,40.69245712564049],[40.62803000000014,40.69218000000069],[40.6283600000001,40.6913100000001],[40.62849000000017,40.690400000000125],[40.62986000000018,40.687980000000096],[40.630920000000174,40.68685000000022],[40.633000000000095,40.68540000000036],[40.634950000000174,40.683860000000095],[40.636470000000145,40.68306000000018],[40.63822000000022,40.682470000000194],[40.639280000000156,40.68184000000065],[40.64041000000003,40.68059000000028],[40.64176000000015,40.67936000000009],[40.64305000000013,40.678560000000175],[40.646130000000085,40.67722000000015],[40.64980000000014,40.675060000000315],[40.65418000000017,40.67344000000054],[40.65562000000011,40.67313000000047],[40.65640000000019,40.67271000000039],[40.65783000000005,40.67223000000007],[40.66030000000012,40.67230000000018],[40.66181000000017,40.67189000000019],[40.66304000000014,40.67106000000007],[40.664120000000196,40.67086000000023],[40.66576000000015,40.670970000000125],[40.66907000000009,40.67139000000003],[40.67042000000009,40.67115000000007],[40.671930000000145,40.6711300000004],[40.67266000000012,40.67084000000017],[40.673550000000034,40.67030000000011],[40.675000000000125,40.66911000000039],[40.6767073659467,40.667929390176255],[40.67801000000014,40.66959000000031],[40.67936000000009,40.67432000000019],[40.6802100000001,40.67542000000026],[40.68034000000017,40.6767200000005],[40.680920000000185,40.678350000000364],[40.68191000000007,40.680420000000424],[40.68428000000006,40.684290000000146],[40.684910000000116,40.686550000000295],[40.684910000000116,40.68810000000008],[40.68549000000013,40.68958000000015],[40.68536000000006,40.690670000000125],[40.68569000000019,40.69183000000015],[40.686460000000125,40.692030000000386],[40.68726000000021,40.693030000000135],[40.68799000000007,40.694240000000605],[40.6891100000002,40.69542000000018],[40.68630000000019,40.6962700000002],[40.685350000000085,40.69667000000004],[40.68449000000021,40.69676000000021],[40.68362000000013,40.69751000000031],[40.68306000000018,40.697650000000124],[40.68328000000008,40.698670000000504],[40.684080000000165,40.70001000000053],[40.68421000000012,40.70080000000053],[40.68603000000007,40.7010300000004],[40.68741000000023,40.70084000000031],[40.68808000000024,40.70066000000031],[40.689280000000224,40.70092000000051],[40.69075000000015,40.70054000000033],[40.69205000000005,40.70041000000026],[40.69311000000022,40.70018000000039],[40.69460000000021,40.69984000000068],[40.69648000000012,40.69906000000009],[40.69676000000004,40.69818000000032],[40.698200000000156,40.69753000000014],[40.70192000000014,40.69691000000017],[40.702570000000094,40.697420000000136],[40.70330000000007,40.69767000000019],[40.70615000000015,40.69769000000042],[40.70693000000006,40.69809000000015],[40.70718000000011,40.698820000000126],[40.70720000000017,40.6994600000005],[40.71109000000018,40.70119000000011],[40.71320000000014,40.702010000000314],[40.71483000000018,40.701300000000174],[40.71612000000016,40.7005200000001],[40.71799000000016,40.6996400000001],[40.71968000000021,40.6992000000003],[40.72145000000012,40.69891000000047],[40.72446000000008,40.69875000000019],[40.726170000000195,40.69884000000036],[40.72802000000013,40.69925000000018],[40.73013000000009,40.699280000000385],[40.732890000000225,40.69918000000007],[40.73550000000017,40.69876000000016],[40.73755000000011,40.69853000000029],[40.73985000000016,40.69840000000022],[40.74153000000007,40.698820000000126],[40.74298000000016,40.699000000000126],[40.745350000000144,40.6989300000007],[40.74488000000014,40.700400000000116],[40.744480000000124,40.70272000000023],[40.74452000000019,40.707250000000045],[40.74478000000005,40.70978000000031],[40.7428300000002,40.712170000000526],[40.74159000000009,40.71299000000016],[40.73703000000006,40.71306000000027],[40.73536000000013,40.713200000000484],[40.73372000000012,40.71396000000016],[40.7298100000001,40.7141400000001],[40.72858000000008,40.7140500000001],[40.725650000000144,40.71456000000006],[40.72455000000008,40.71454000000051],[40.72210000000007,40.71362000000005],[40.7201800000002,40.71362000000005],[40.71623000000022,40.71453000000042],[40.71393000000012,40.71545000000049],[40.70978000000014,40.71686000000011],[40.708950000000186,40.71792000000022],[40.70781000000005,40.7184800000004],[40.706280000000106,40.71834000000018],[40.70478000000014,40.71879000000007]]],"type":"Polygon"}},{"type":"Feature","properties":{"area_id":"TR-53-008-2026198","name_tr":"Tulumpınar Köyü","area_level":"neighbourhood","parent_id":"TR-53-008","endeksa_id":2026198},"geometry":{"coordinates":[[[40.659105120646416,40.729552010727105],[40.63678475699999,40.73116167900008],[40.627038183000025,40.7326479030005],[40.61920564400009,40.73225830400014],[40.616106522000166,40.732451635000245],[40.61525259700011,40.73207825700007],[40.614364588000115,40.7320378390001],[40.61424819200005,40.731903531],[40.60352738300003,40.72695139200016],[40.60458476000002,40.722333251000066],[40.60839166400007,40.72184244300013],[40.60775651400013,40.71884092800002],[40.60105623900006,40.71748321400014],[40.60714517400015,40.707973067000125],[40.60915000000011,40.707500000000664],[40.60935000000012,40.7066700000002],[40.610290000000134,40.70394000000027],[40.610850000000084,40.702760000000694],[40.611690000000124,40.699930000000336],[40.611290000000054,40.69939000000039],[40.61012000000011,40.699100000000044],[40.60946000000018,40.69861000000037],[40.60687000000013,40.698050000000364],[40.60646000000014,40.69771000000014],[40.606510000000185,40.69704000000013],[40.60724000000016,40.69654000000048],[40.607799958585076,40.695970042155295],[40.60788243045391,40.696087372522584],[40.608056305843206,40.69608347662955],[40.60993902200005,40.69492610100008],[40.616074145000084,40.695021656999984],[40.62229832100007,40.69428350100003],[40.62656500400004,40.69516457000054],[40.62666315199999,40.695103974000176],[40.62806149155011,40.69245712564049],[40.62808000000018,40.69315000000012],[40.62890000000016,40.694050000000516],[40.629530000000045,40.69502000000034],[40.63006000000024,40.69558000000063],[40.63134000000008,40.69649000000061],[40.63240000000019,40.697400000000584],[40.63410000000016,40.698230000000365],[40.634540000000186,40.699040000000025],[40.63575000000009,40.700270000000046],[40.63650000000018,40.70072000000033],[40.63636000000014,40.70148000000012],[40.63441000000006,40.70261000000039],[40.63615000000016,40.70503000000025],[40.63663000000008,40.706030000000396],[40.636770000000126,40.70757000000009],[40.63671000000011,40.70913000000053],[40.63633000000016,40.70909000000006],[40.63539000000014,40.70965000000024],[40.63438000000008,40.71138000000053],[40.634730000000104,40.71231000000006],[40.636220000000094,40.71410000000037],[40.63681000000008,40.71548000000013],[40.63825000000003,40.71703000000048],[40.644270000000176,40.72031000000044],[40.646220000000085,40.721960000000536],[40.647530000000074,40.723760000000254],[40.649040000000184,40.725000000000534],[40.651000000000124,40.72632000000033],[40.65164000000016,40.72686000000027],[40.652230000000145,40.72700000000032],[40.65260000000018,40.72736000000003],[40.65313000000015,40.72767000000033],[40.654870000000074,40.72767000000033],[40.657250000000204,40.72823000000062],[40.65841000000006,40.728770000000395],[40.659105120646416,40.729552010727105]]],"type":"Polygon"}},{"type":"Feature","properties":{"area_id":"TR-53-008-2026185","name_tr":"Dereköy Köyü","area_level":"neighbourhood","parent_id":"TR-53-008","endeksa_id":2026185},"geometry":{"coordinates":[[[40.614364588000115,40.7320378390001],[40.613713252000025,40.73201256699997],[40.60993577100004,40.73278109700033],[40.609086593000086,40.735129298000004],[40.60591404700017,40.733356332000085],[40.60776730800012,40.731296299000064],[40.60769767000005,40.73115136600006],[40.602685313000165,40.731283444000155],[40.59870728400011,40.72911940000017],[40.59210135000012,40.73059637100022],[40.57815783800015,40.73040180800001],[40.56976646000004,40.724884186],[40.56471726299998,40.72429346399997],[40.564595147000034,40.72433308500018],[40.56458068800015,40.724431079000624],[40.56443133000005,40.724169294000035],[40.56457641500009,40.72418607100025],[40.56037263000013,40.722117694000076],[40.55996534799999,40.72116666800008],[40.55842088900005,40.716113358000484],[40.55856498276114,40.714675884675046],[40.56335000000013,40.715770000000134],[40.56541000000004,40.7166500000003],[40.56784000000016,40.717120000000136],[40.570050000000265,40.717040000000054],[40.57110000000006,40.71726000000035],[40.57214000000016,40.71723000000014],[40.57531000000006,40.71677000000028],[40.57862000000023,40.71838000000008],[40.580220000000054,40.71771000000007],[40.58119000000005,40.717190000000244],[40.58214000000015,40.716880000000174],[40.58372000000014,40.71696000000037],[40.58411000000007,40.71631000000059],[40.58606000000009,40.715890000000115],[40.587740000000224,40.715740000000324],[40.59110000000004,40.71444000000008],[40.59267000000011,40.713440000000446],[40.59435000000019,40.712950000000035],[40.59413000000012,40.7112800000001],[40.59379000000018,40.710310000000106],[40.59826000000004,40.709760000000074],[40.59881000000007,40.708890000000565],[40.598700000000235,40.70845000000003],[40.598330000000146,40.70792000000006],[40.59978000000024,40.707860000000096],[40.601250000000164,40.70747000000034],[40.60287000000011,40.70720000000017],[40.60472000000004,40.70670000000041],[40.60715000000022,40.7079700000001],[40.60756114530233,40.70787338085472],[40.60714517400015,40.707973067000125],[40.60105623900006,40.71748321400014],[40.60775651400013,40.71884092800002],[40.60839166400007,40.72184244300013],[40.60458476000002,40.722333251000066],[40.60352738300003,40.72695139200016],[40.61424819200005,40.731903531],[40.614364588000115,40.7320378390001]]],"type":"Polygon"}},{"type":"Feature","properties":{"area_id":"TR-53-008-2026199","name_tr":"Yağcılar Köyü","area_level":"neighbourhood","parent_id":"TR-53-008","endeksa_id":2026199},"geometry":{"coordinates":[[[40.6195130480001,40.745997482000064],[40.618471167000166,40.74590771600009],[40.61844867200017,40.74618414600059],[40.618052529000124,40.74588178800008],[40.61784683400009,40.74586904900036],[40.61781408400003,40.746397834000504],[40.60820619500009,40.745243167000126],[40.60676148900012,40.743490310000084],[40.59942736400018,40.74179167500017],[40.599409532000095,40.74165381000006],[40.599882831000116,40.74134473900011],[40.59981059600011,40.741207859000156],[40.59757169300019,40.742249609000055],[40.59312299800007,40.73755325800005],[40.588264065000146,40.73913130600039],[40.58565240600012,40.7359049480001],[40.57345231600004,40.73550318300016],[40.569693372000074,40.733392142000525],[40.56942919734547,40.732972414814185],[40.56924835590729,40.73296487924915],[40.569167102014035,40.73309160200586],[40.56899721500008,40.732172065000384],[40.56458068800015,40.724431079000624],[40.564595147000034,40.72433308500018],[40.56471726299998,40.72429346399997],[40.56976646000004,40.724884186],[40.57815783800015,40.73040180800001],[40.59210135000012,40.73059637100022],[40.59870728400011,40.72911940000017],[40.602685313000165,40.731283444000155],[40.60769767000005,40.73115136600006],[40.60776730800012,40.731296299000064],[40.60591404700017,40.733356332000085],[40.609086593000086,40.735129298000004],[40.60993577100004,40.73278109700033],[40.613713252000025,40.73201256699997],[40.61525259700011,40.73207825700007],[40.616106522000166,40.732451635000245],[40.61920564400009,40.73225830400014],[40.627038183000025,40.7326479030005],[40.62597791700006,40.738987178],[40.62352169000013,40.7409678210002],[40.62248838900018,40.74475618200006],[40.619719646000135,40.745985039000004],[40.6195130480001,40.745997482000064]]],"type":"Polygon"}},{"type":"Feature","properties":{"area_id":"TR-53-008-2026178","name_tr":"Başköy Köyü","area_level":"neighbourhood","parent_id":"TR-53-008","endeksa_id":2026178},"geometry":{"coordinates":[[[40.8280900000002,40.7615200000003],[40.82803000000018,40.761550000000625],[40.82593000000014,40.76007000000038],[40.820560000000114,40.75804000000011],[40.812790000000064,40.757210000000384],[40.81014000000005,40.75590000000068],[40.80555000000004,40.75441000000035],[40.802620000000104,40.75286000000017],[40.796950000000095,40.7518000000004],[40.791160000000104,40.75029000000012],[40.78279000000015,40.747860000000514],[40.7786200000001,40.74638000000027],[40.77785000000017,40.743890000000306],[40.77362000000011,40.74150000000009],[40.77418000000006,40.73826000000008],[40.77337000000023,40.735620000000324],[40.773100000000056,40.73456000000016],[40.77318000000014,40.734410000000366],[40.77345000000008,40.73418000000038],[40.77458000000013,40.73365000000018],[40.77513000000016,40.73348000000016],[40.775300000000186,40.733150000000194],[40.77556000000004,40.733080000000314],[40.77586000000019,40.73284000000035],[40.77652000000006,40.73273000000063],[40.77717000000018,40.73304000000019],[40.77792000000011,40.73303000000004],[40.77841000000012,40.73279000000008],[40.77984000000015,40.732800000000054],[40.780410000000074,40.7324100000003],[40.78052000000008,40.73219000000017],[40.78138000000018,40.73194000000012],[40.781990000000064,40.73191000000031],[40.782520000000034,40.7315900000001],[40.783260000000155,40.731740000000286],[40.784010000000194,40.73161000000033],[40.78495000000015,40.73160000000024],[40.78485000000006,40.73151000000007],[40.784880000000044,40.73129000000017],[40.7847900000001,40.73123000000015],[40.78489000000019,40.73114000000015],[40.78492000000017,40.730820000000335],[40.785180000000025,40.73047000000014],[40.78609000000017,40.730570000000284],[40.78678000000008,40.72969000000012],[40.787100000000066,40.72957000000065],[40.78721000000013,40.729300000000364],[40.78721000000013,40.72907000000049],[40.786700000000224,40.72878000000014],[40.786640000000034,40.72852000000046],[40.787630000000206,40.72720000000015],[40.788780000000145,40.7243000000002],[40.79006000000004,40.71907000000016],[40.793520000000115,40.7166500000003],[40.793520000000115,40.71252000000038],[40.797880000000134,40.71104000000014],[40.79818000000006,40.708140000000355],[40.7971500000001,40.70417000000015],[40.796520000000044,40.69722000000007],[40.798620000000255,40.69082000000043],[40.80166000000003,40.6886200000003],[40.80083000000013,40.68410000000006],[40.80388000000005,40.682250000000465],[40.80641000000014,40.67947000000015],[40.80480000000017,40.67697000000004],[40.803240000000244,40.673480000000325],[40.804820000000234,40.67133000000007],[40.808290000000056,40.670540000000074],[40.81009000000017,40.6691000000003],[40.814540000000136,40.667280000000346],[40.817300000000046,40.666980000000365],[40.81943000000007,40.66576000000032],[40.819900000000246,40.663080000000264],[40.81804000000017,40.660380000000146],[40.81624000000011,40.656320000000164],[40.814450000000136,40.65551000000062],[40.81298000000015,40.65448000000015],[40.82002000000023,40.65356000000003],[40.82377000000014,40.651830000000245],[40.82634000000019,40.653410000000235],[40.82904000000008,40.6538700000001],[40.831310000000144,40.65377000000018],[40.83346000000006,40.65340000000015],[40.8355600000001,40.653320000000065],[40.83755000000008,40.6538300000002],[40.83800000000019,40.65491000000003],[40.84336000000013,40.65758000000011],[40.845000000000084,40.66117000000014],[40.84727000000015,40.66279000000043],[40.85149000000007,40.662430000000484],[40.85480000000024,40.666270000000054],[40.85935000000012,40.66919000000007],[40.86338000000012,40.67062000000027],[40.867450000000076,40.67589000000004],[40.87317000000013,40.675810000000524],[40.874080000000106,40.679340000000195],[40.87326000000013,40.680920000000185],[40.8702600000002,40.684010000000285],[40.87034000000011,40.68694000000005],[40.86821000000009,40.68930000000006],[40.86852000000016,40.69196000000028],[40.876900000000035,40.69121000000018],[40.8789900000001,40.6919900000006],[40.882540000000176,40.692530000000374],[40.88786000000022,40.694490000000144],[40.88946000000004,40.69728000000009],[40.89290000000011,40.7001700000003],[40.89668000000006,40.703090000000316],[40.89655000000016,40.70419000000038],[40.89941000000016,40.70749000000018],[40.89632000000012,40.708890000000565],[40.89551000000006,40.71252000000038],[40.88753000000008,40.71255000000019],[40.88451000000015,40.71516000000065],[40.8801600000001,40.71865000000025],[40.88140000000004,40.72144000000014],[40.88128000000006,40.723440000000096],[40.88439000000017,40.7308000000001],[40.87732000000011,40.733540000000175],[40.874920000000145,40.7348800000002],[40.87306308413605,40.736111323888736],[40.86955000000012,40.7377400000002],[40.86543000000012,40.74267000000026],[40.86406000000005,40.745530000000315],[40.863300000000095,40.748480000000654],[40.858720000000176,40.75062000000008],[40.85454000000021,40.75156000000027],[40.85217000000023,40.753120000000195],[40.85010000000017,40.7541300000006],[40.84722000000011,40.7541300000006],[40.84315000000015,40.75614000000064],[40.839330000000075,40.75652000000014],[40.83686000000017,40.75618000000003],[40.83522000000022,40.75694000000004],[40.83390000000003,40.75863000000061],[40.831960000000095,40.759810000000186],[40.8280900000002,40.7615200000003]]],"type":"Polygon"}},{"type":"Feature","properties":{"area_id":"TR-53-008-2026179","name_tr":"Bayırköy Köyü","area_level":"neighbourhood","parent_id":"TR-53-008","endeksa_id":2026179},"geometry":{"coordinates":[[[40.6195130480001,40.745997482000064],[40.61950676300006,40.74609966600019],[40.61429566500016,40.752927119000105],[40.604367104000175,40.75348250200017],[40.59475738700007,40.75710632700003],[40.59462057500008,40.7570247080003],[40.594017098000165,40.753809173000434],[40.59235533599997,40.75812151900004],[40.58192479000007,40.76180979600008],[40.57850088500004,40.76449861700007],[40.57722619400016,40.77095408100041],[40.56907636300008,40.76837825500013],[40.56665633600011,40.76950595200009],[40.56655161600014,40.76934515300019],[40.5666323100001,40.769515466000485],[40.56510320800004,40.77012105700004],[40.56509584300005,40.770233119000125],[40.5645191210001,40.77035238200045],[40.56457713700013,40.77047482800009],[40.56436563300019,40.77057338600008],[40.56419221600015,40.7697550310005],[40.56422861800013,40.76958340100015],[40.5658864510001,40.76498414700046],[40.562442412000166,40.761617383999976],[40.56438885699998,40.75611027400049],[40.57063208400007,40.750332555],[40.57213004600004,40.74912894700026],[40.569167102014035,40.73309160200586],[40.56924835590729,40.73296487924915],[40.56942919734547,40.732972414814185],[40.569693372000074,40.733392142000525],[40.57345231600004,40.73550318300016],[40.58565240600012,40.7359049480001],[40.588264065000146,40.73913130600039],[40.59312299800007,40.73755325800005],[40.59757169300019,40.742249609000055],[40.59981059600011,40.741207859000156],[40.599882831000116,40.74134473900011],[40.599409532000095,40.74165381000006],[40.59942736400018,40.74179167500017],[40.60676148900012,40.743490310000084],[40.60820619500009,40.745243167000126],[40.61781408400003,40.746397834000504],[40.61784683400009,40.74586904900036],[40.618052529000124,40.74588178800008],[40.61844867200017,40.74618414600059],[40.618471167000166,40.74590771600009],[40.6195130480001,40.745997482000064]]],"type":"Polygon"}},{"type":"Feature","properties":{"area_id":"TR-53-008-2026195","name_tr":"Rüzgarlı Köyü","area_level":"neighbourhood","parent_id":"TR-53-008","endeksa_id":2026195},"geometry":{"coordinates":[[[40.56422861800013,40.76958340100015],[40.56158994000015,40.76999230700005],[40.560013653,40.76731461700001],[40.55785836700005,40.77207714000019],[40.55375588600015,40.76367769700005],[40.54109189100012,40.75778785900047],[40.52930436800011,40.754461689000095],[40.52932256832099,40.75451752277394],[40.52921000000009,40.754480000000285],[40.53052000000014,40.7532700000005],[40.53153000000003,40.75268000000017],[40.531520000000114,40.752010000000155],[40.531080000000145,40.75106000000028],[40.53057000000018,40.749590000000126],[40.53017000000017,40.7480500000006],[40.5306700000001,40.746930000000305],[40.53209000000004,40.74483000000009],[40.5327200000001,40.74338000000006],[40.5319300000001,40.74277000000018],[40.53060000000022,40.74056000000047],[40.529940000000124,40.739990000000205],[40.52973000000014,40.73966000000007],[40.528760000000204,40.73866000000032],[40.52819000000011,40.738290000000234],[40.52723000000009,40.73787000000033],[40.52635000000009,40.73758000000032],[40.52390000000025,40.73746000000011],[40.52289000000013,40.737760000000435],[40.52168000000006,40.73780000000022],[40.52088000000009,40.73719000000017],[40.51979000000017,40.736120000000085],[40.51982000000015,40.73546000000056],[40.51954000000006,40.73462000000018],[40.51893000000007,40.733390000000156],[40.5192600000002,40.73213000000004],[40.51929000000018,40.731350000000134],[40.51846000000006,40.73083000000031],[40.51749000000012,40.72830000000005],[40.514450000000124,40.72751000000005],[40.51304000000016,40.72740000000016],[40.512250000000165,40.72705000000036],[40.51060000000007,40.72610000000009],[40.50884000000008,40.724720000000104],[40.506980000000055,40.72350000000006],[40.506150000000105,40.72272000000021],[40.50552000000005,40.72177000000045],[40.504880000000185,40.72119000000009],[40.50470000000024,40.720690000000104],[40.50436000000013,40.72019000000046],[40.50335000000007,40.719390000000374],[40.502340000000174,40.71894000000009],[40.503420000000176,40.717430000000206],[40.504940000000204,40.71566000000013],[40.50564000000003,40.71514000000042],[40.50579000000016,40.7141400000001],[40.50523000000021,40.712890000000414],[40.505130000000065,40.71213000000006],[40.505310000000065,40.71141000000017],[40.506670000000156,40.70948000000038],[40.50724000000025,40.70747000000034],[40.505530000000135,40.70515000000023],[40.50514000000004,40.704020000000355],[40.50529000000017,40.70272000000023],[40.50594000000012,40.70096000000029],[40.50721000000004,40.69800000000049],[40.50722491594962,40.69791561250548],[40.508030260000055,40.69803988000024],[40.51457054700006,40.69833861500035],[40.51957168400003,40.69982076100024],[40.532532131000096,40.70182060300033],[40.53379739300016,40.701204769000356],[40.53501152704837,40.70143886046799],[40.539420000000064,40.70268000000033],[40.54221000000018,40.70306000000011],[40.54327000000012,40.703530000000455],[40.54624000000018,40.70429000000013],[40.54833000000008,40.70432000000045],[40.55099000000007,40.70459000000005],[40.55352000000016,40.70506000000057],[40.55567000000008,40.706820000000164],[40.55649000000005,40.708020000000374],[40.55895000000004,40.71089000000012],[40.55867000000012,40.71234000000038],[40.55849000000018,40.71278000000041],[40.55805000000015,40.71455000000009],[40.55856498276114,40.714675884675046],[40.55842088900005,40.716113358000484],[40.55996534799999,40.72116666800008],[40.56037263000013,40.722117694000076],[40.56457641500009,40.72418607100025],[40.56443133000005,40.724169294000035],[40.56899721500008,40.732172065000384],[40.57213004600004,40.74912894700026],[40.57063208400007,40.750332555],[40.56438885699998,40.75611027400049],[40.562442412000166,40.761617383999976],[40.5658864510001,40.76498414700046],[40.56422861800013,40.76958340100015]]],"type":"Polygon"}},{"type":"Feature","properties":{"area_id":"TR-53-008-2026184","name_tr":"Demirkapı Köyü","area_level":"neighbourhood","parent_id":"TR-53-008","endeksa_id":2026184},"geometry":{"coordinates":[[[40.67893000000004,40.76730000000032],[40.6758200000001,40.76664000000028],[40.67390000000006,40.76646000000045],[40.66678000000019,40.7674200000003],[40.66501000000011,40.766310000000146],[40.66240000000016,40.765790000000436],[40.6624700000001,40.76394000000016],[40.66058000000021,40.76073000000031],[40.6574700000001,40.75977000000006],[40.656040000000075,40.75822000000011],[40.64403000000004,40.75534000000039],[40.641730000000166,40.75866000000025],[40.64103000000017,40.761120000000574],[40.63725000000005,40.76468000000028],[40.633050000000196,40.76639000000034],[40.62763000000007,40.76701000000048],[40.62534000000011,40.768830000000435],[40.62238000000019,40.769510000000025],[40.61710000000011,40.7701100000001],[40.61387000000019,40.771120000000224],[40.611340000000155,40.771680000000345],[40.60765000000015,40.77201000000014],[40.60334000000006,40.7718500000002],[40.59989000000007,40.77281000000005],[40.596290000000124,40.77513000000016],[40.59420000000023,40.775150000000394],[40.59315000000021,40.7761900000001],[40.58762000000024,40.77652000000006],[40.586970000000065,40.77720000000022],[40.58607000000006,40.77742000000012],[40.58546000000018,40.77808000000056],[40.58509573518916,40.77827284607673],[40.58249907389785,40.77918710610726],[40.58150480489809,40.779416036734574],[40.57900880400007,40.777016497000375],[40.57619738600016,40.77713619300033],[40.575348469000176,40.77410291800027],[40.571976311000185,40.77302417200036],[40.57141153700019,40.7735305810001],[40.56478825099998,40.77256771100019],[40.56436563300019,40.77057338600008],[40.56457713700013,40.77047482800009],[40.5645191210001,40.77035238200045],[40.56509584300005,40.770233119000125],[40.56510320800004,40.77012105700004],[40.5666323100001,40.769515466000485],[40.56655161600014,40.76934515300019],[40.56665633600011,40.76950595200009],[40.56907636300008,40.76837825500013],[40.57722619400016,40.77095408100041],[40.57850088500004,40.76449861700007],[40.58192479000007,40.76180979600008],[40.59235533599997,40.75812151900004],[40.594017098000165,40.753809173000434],[40.59462057500008,40.7570247080003],[40.59475738700007,40.75710632700003],[40.604367104000175,40.75348250200017],[40.61429566500016,40.752927119000105],[40.61950676300006,40.74609966600019],[40.6195130480001,40.745997482000064],[40.619719646000135,40.745985039000004],[40.62248838900018,40.74475618200006],[40.62352169000013,40.7409678210002],[40.62597791700006,40.738987178],[40.627038183000025,40.7326479030005],[40.63678475699999,40.73116167900008],[40.659105120646416,40.729552010727105],[40.66102000000018,40.73032000000018],[40.663600000000145,40.73114000000015],[40.665490000000034,40.731350000000134],[40.66747000000004,40.73076000000037],[40.67037000000022,40.73081000000025],[40.67219000000017,40.73066000000006],[40.67422000000005,40.72996000000023],[40.67545000000007,40.72936000000033],[40.67777000000018,40.72968000000037],[40.67981000000003,40.73018000000013],[40.68170000000009,40.730420000000095],[40.68558000000013,40.729370000000074],[40.68801000000013,40.72904000000017],[40.68963000000019,40.72759000000025],[40.69174000000015,40.72615000000047],[40.69366000000025,40.725960000000384],[40.69540000000012,40.72594000000015],[40.696840000000066,40.72558000000021],[40.69787000000025,40.724560000000395],[40.698700000000144,40.72297000000026],[40.700000000000045,40.72211000000016],[40.70064000000008,40.72157000000027],[40.70188000000019,40.72093000000007],[40.70478000000014,40.71879000000007],[40.705140000000085,40.72006000000039],[40.70749000000018,40.72272000000021],[40.70924000000025,40.7249800000003],[40.71307000000024,40.72538000000003],[40.716470000000186,40.72842000000071],[40.71850000000006,40.73182000000065],[40.72356000000008,40.73669000000018],[40.72278000000017,40.73960000000011],[40.71754000000004,40.73993000000024],[40.714280000000144,40.74077000000011],[40.71057000000013,40.74563000000006],[40.70838000000015,40.74599000000069],[40.70648000000011,40.745220000000245],[40.70410000000004,40.7458000000006],[40.7039400000001,40.7465100000004],[40.70453000000009,40.74808000000024],[40.7041200000001,40.749900000000196],[40.70270000000016,40.75144000000006],[40.70245000000011,40.75335000000018],[40.70003000000008,40.755260000000305],[40.697030000000154,40.75604000000021],[40.69326000000018,40.756500000000074],[40.68914000000018,40.75542000000007],[40.68731000000008,40.75581000000034],[40.684880000000135,40.75543000000016],[40.68391000000014,40.75698000000051],[40.67854000000011,40.759810000000186],[40.67780000000016,40.76259000000016],[40.67893000000004,40.76730000000032]]],"type":"Polygon"}},{"type":"Feature","properties":{"area_id":"TR-53-008-2026201","name_tr":"Güvenköy Köyü","area_level":"neighbourhood","parent_id":"TR-53-008","endeksa_id":2026201},"geometry":{"coordinates":[[[40.75865000000016,40.762260000000026],[40.75271000000021,40.76137000000011],[40.74970000000019,40.76118000000042],[40.74867000000006,40.760000000000275],[40.74018000000012,40.76217000000008],[40.73446000000007,40.76091000000025],[40.7287300000001,40.75844000000052],[40.723750000000166,40.7590100000001],[40.721160000000054,40.76058000000012],[40.71960000000013,40.7613400000003],[40.713220000000035,40.76221000000015],[40.71348000000023,40.7635200000002],[40.71339000000006,40.76475000000039],[40.71160000000009,40.76564000000013],[40.71129000000019,40.76769000000007],[40.70959000000005,40.77043000000015],[40.708520000000135,40.773350000000164],[40.70705000000004,40.774530000000254],[40.70603000000017,40.77631000000031],[40.70183000000014,40.779360000000565],[40.70180000000016,40.780410000000074],[40.69928000000016,40.78126000000003],[40.67893000000004,40.76730000000032],[40.67780000000016,40.76259000000016],[40.67854000000011,40.759810000000186],[40.68391000000014,40.75698000000051],[40.684880000000135,40.75543000000016],[40.68731000000008,40.75581000000034],[40.68914000000018,40.75542000000007],[40.69326000000018,40.756500000000074],[40.697030000000154,40.75604000000021],[40.70003000000008,40.755260000000305],[40.70245000000011,40.75335000000018],[40.70270000000016,40.75144000000006],[40.7041200000001,40.749900000000196],[40.70453000000009,40.74808000000024],[40.7039400000001,40.7465100000004],[40.70410000000004,40.7458000000006],[40.70648000000011,40.745220000000245],[40.70838000000015,40.74599000000069],[40.71057000000013,40.74563000000006],[40.714280000000144,40.74077000000011],[40.71754000000004,40.73993000000024],[40.72278000000017,40.73960000000011],[40.72356000000008,40.73669000000018],[40.71850000000006,40.73182000000065],[40.716470000000186,40.72842000000071],[40.71307000000024,40.72538000000003],[40.70924000000025,40.7249800000003],[40.70749000000018,40.72272000000021],[40.705140000000085,40.72006000000039],[40.70478000000014,40.71879000000007],[40.706280000000106,40.71834000000018],[40.70781000000005,40.7184800000004],[40.708950000000186,40.71792000000022],[40.70978000000014,40.71686000000011],[40.71393000000012,40.71545000000049],[40.71623000000022,40.71453000000042],[40.7201800000002,40.71362000000005],[40.72210000000007,40.71362000000005],[40.72455000000008,40.71454000000051],[40.725650000000144,40.71456000000006],[40.72858000000008,40.7140500000001],[40.7298100000001,40.7141400000001],[40.73372000000012,40.71396000000016],[40.73536000000013,40.713200000000484],[40.73703000000006,40.71306000000027],[40.74159000000009,40.71299000000016],[40.7428300000002,40.712170000000526],[40.74478000000005,40.70978000000031],[40.74452000000019,40.707250000000045],[40.744480000000124,40.70272000000023],[40.74488000000014,40.700400000000116],[40.745350000000144,40.6989300000007],[40.74668000000008,40.69790000000006],[40.74910000000011,40.69701000000032],[40.75087000000019,40.6960000000002],[40.752590000000225,40.69326000000052],[40.756400000000156,40.6916600000003],[40.75711000000007,40.69435000000033],[40.75890000000004,40.69800000000049],[40.75691000000006,40.7050100000007],[40.75561000000016,40.71241000000049],[40.75994000000014,40.71974000000017],[40.759290000000135,40.72414000000043],[40.75701000000015,40.72598000000062],[40.756000000000085,40.73004000000009],[40.75472000000025,40.73269000000016],[40.75485000000015,40.7333100000003],[40.75463000000008,40.733640000000605],[40.75468000000012,40.734170000000404],[40.75519000000003,40.73449000000005],[40.75553000000008,40.734940000000165],[40.75551000000024,40.735440000000324],[40.755380000000116,40.73558000000054],[40.755630000000224,40.735990000000356],[40.75592000000023,40.73626000000013],[40.75608000000011,40.736800000000585],[40.75660000000016,40.73753000000005],[40.75666000000018,40.737880000000416],[40.75711000000007,40.73854000000034],[40.75636000000003,40.73864000000009],[40.75585000000012,40.73885000000041],[40.75614000000013,40.73892000000035],[40.75615000000005,40.739030000000355],[40.75604000000021,40.73907000000014],[40.75608000000011,40.73916000000031],[40.75545000000005,40.73932000000019],[40.755470000000116,40.739800000000116],[40.7555900000001,40.74014000000017],[40.75438000000014,40.740510000000086],[40.7544900000002,40.740830000000074],[40.754820000000166,40.74119000000019],[40.75425000000007,40.74178000000052],[40.75454000000008,40.742160000000695],[40.75459000000012,40.74295000000018],[40.75875000000008,40.74517000000037],[40.760440000000074,40.74646000000013],[40.76212000000021,40.74751000000015],[40.76237000000009,40.756220000000155],[40.75865000000016,40.762260000000026]]],"type":"Polygon"}},{"type":"Feature","properties":{"area_id":"TR-53-008-61428","name_tr":"Yeşilyurt","area_level":"neighbourhood","parent_id":"TR-53-008","endeksa_id":61428},"geometry":{"coordinates":[[[40.56478825099998,40.77256771100019],[40.56237665200007,40.774314587000106],[40.559131785000034,40.779696185000034],[40.55902223900006,40.78028557200008],[40.55677649869165,40.78205671953805],[40.557140000000174,40.781680000000165],[40.55693000000025,40.780190000000346],[40.555950000000166,40.77960000000053],[40.55387000000019,40.77891000000028],[40.55347000000012,40.778950000000066],[40.55316000000005,40.778800000000274],[40.553200000000174,40.77867000000032],[40.55263000000008,40.77842000000027],[40.552490000000034,40.7785300000001],[40.55210000000011,40.778460000000166],[40.55152000000004,40.778150000000096],[40.551430000000096,40.7782600000005],[40.551350000000184,40.77821000000063],[40.55118000000016,40.77828000000005],[40.5506400000001,40.77785000000017],[40.54792000000009,40.777600000000064],[40.546820000000196,40.77780000000013],[40.546420000000126,40.777780000000575],[40.54602000000011,40.77746000000042],[40.545340000000124,40.77742000000012],[40.54477000000003,40.77783000000045],[40.544310000000166,40.77794000000034],[40.54387000000003,40.7779300000002],[40.54325000000006,40.77783000000045],[40.54271000000011,40.77757000000025],[40.54237000000006,40.77759000000049],[40.54221000000018,40.777500000000146],[40.542300000000125,40.77728000000042],[40.541870000000074,40.7765000000004],[40.540940000000035,40.77615000000071],[40.54008000000016,40.77555000000012],[40.53772000000009,40.77451000000019],[40.536630000000116,40.774310000000526],[40.53562000000005,40.7732400000001],[40.53478000000018,40.77175000000045],[40.53528000000017,40.77005000000048],[40.53556000000009,40.76698000000016],[40.53549000000015,40.765670000000455],[40.53303000000017,40.76355000000018],[40.531460000000095,40.7610700000007],[40.531020000000126,40.75850000000037],[40.52932256832099,40.75451752277394],[40.52930436800011,40.754461689000095],[40.54109189100012,40.75778785900047],[40.55375588600015,40.76367769700005],[40.55785836700005,40.77207714000019],[40.560013653,40.76731461700001],[40.56158994000015,40.76999230700005],[40.56422861800013,40.76958340100015],[40.56419221600015,40.7697550310005],[40.56436563300019,40.77057338600008],[40.56478825099998,40.77256771100019]]],"type":"Polygon"}},{"type":"Feature","properties":{"area_id":"TR-53-008-61425","name_tr":"Kirazlı","area_level":"neighbourhood","parent_id":"TR-53-008","endeksa_id":61425},"geometry":{"coordinates":[[[40.553820000000144,40.78739000000007],[40.55360000000019,40.78792000000004],[40.55317000000014,40.788400000000365],[40.55295000000007,40.78829000000047],[40.55276000000015,40.787970000000314],[40.55241000000018,40.78771000000012],[40.55222000000009,40.78768000000008],[40.55189000000013,40.78733000000011],[40.55045000000018,40.786950000000445],[40.54960000000017,40.78612000000015],[40.54970000000009,40.78595000000013],[40.54961000000014,40.78567000000004],[40.54930000000007,40.78536000000037],[40.54922000000016,40.78516000000013],[40.548810000000174,40.78480000000019],[40.5480800000002,40.784440000000245],[40.548150000000135,40.78438000000028],[40.54473000000013,40.7820500000002],[40.543750000000045,40.7818300000003],[40.543140000000164,40.78154000000046],[40.54262000000017,40.78148000000033],[40.54175000000009,40.78101000000015],[40.54073000000011,40.78080000000034],[40.53996000000018,40.780410000000074],[40.53804000000008,40.779980000000705],[40.53708000000006,40.77911000000012],[40.53531000000015,40.77817000000016],[40.5348800000001,40.7781100000002],[40.53435000000013,40.777650000000335],[40.5338900000001,40.77742000000012],[40.53336000000013,40.77690000000024],[40.53222000000011,40.77649000000042],[40.531120000000044,40.776260000000036],[40.53064039400016,40.77579146200003],[40.516629646497734,40.77544233720869],[40.51661554584922,40.774721585492955],[40.51679621876889,40.77463180817796],[40.516960000000154,40.77384000000018],[40.5165300000001,40.77021000000025],[40.51508000000018,40.767770000000155],[40.515130000000056,40.76326000000017],[40.51559000000009,40.76132000000007],[40.51630000000006,40.75914000000017],[40.516340000000184,40.75750000000022],[40.51556000000011,40.75419000000005],[40.514570000000106,40.75178000000017],[40.51221000000004,40.74836000000016],[40.51144000000011,40.74642000000006],[40.51087000000018,40.74471000000011],[40.50968000000017,40.74245000000053],[40.50771000000003,40.740480000000275],[40.505000000000166,40.73654000000039],[40.50416000000013,40.73486000000014],[40.501940000000104,40.73268000000007],[40.50241000000011,40.73171000000008],[40.50210000000004,40.72698000000025],[40.50157000000007,40.72415000000018],[40.50262000000009,40.72142000000008],[40.502340000000174,40.71894000000009],[40.50335000000007,40.719390000000374],[40.50436000000013,40.72019000000046],[40.50470000000024,40.720690000000104],[40.504880000000185,40.72119000000009],[40.50552000000005,40.72177000000045],[40.506150000000105,40.72272000000021],[40.506980000000055,40.72350000000006],[40.50884000000008,40.724720000000104],[40.51060000000007,40.72610000000009],[40.512250000000165,40.72705000000036],[40.51304000000016,40.72740000000016],[40.514450000000124,40.72751000000005],[40.51749000000012,40.72830000000005],[40.51846000000006,40.73083000000031],[40.51929000000018,40.731350000000134],[40.5192600000002,40.73213000000004],[40.51893000000007,40.733390000000156],[40.51954000000006,40.73462000000018],[40.51982000000015,40.73546000000056],[40.51979000000017,40.736120000000085],[40.52088000000009,40.73719000000017],[40.52168000000006,40.73780000000022],[40.52289000000013,40.737760000000435],[40.52390000000025,40.73746000000011],[40.52635000000009,40.73758000000032],[40.52723000000009,40.73787000000033],[40.52819000000011,40.738290000000234],[40.528760000000204,40.73866000000032],[40.52973000000014,40.73966000000007],[40.529940000000124,40.739990000000205],[40.53060000000022,40.74056000000047],[40.5319300000001,40.74277000000018],[40.5327200000001,40.74338000000006],[40.53209000000004,40.74483000000009],[40.5306700000001,40.746930000000305],[40.53017000000017,40.7480500000006],[40.53057000000018,40.749590000000126],[40.531080000000145,40.75106000000028],[40.531520000000114,40.752010000000155],[40.53153000000003,40.75268000000017],[40.53052000000014,40.7532700000005],[40.52921000000009,40.754480000000285],[40.52932256832099,40.75451752277394],[40.531020000000126,40.75850000000037],[40.531460000000095,40.7610700000007],[40.53303000000017,40.76355000000018],[40.53549000000015,40.765670000000455],[40.53556000000009,40.76698000000016],[40.53528000000017,40.77005000000048],[40.53478000000018,40.77175000000045],[40.53562000000005,40.7732400000001],[40.536630000000116,40.774310000000526],[40.53772000000009,40.77451000000019],[40.54008000000016,40.77555000000012],[40.540940000000035,40.77615000000071],[40.541870000000074,40.7765000000004],[40.542300000000125,40.77728000000042],[40.54221000000018,40.777500000000146],[40.54237000000006,40.77759000000049],[40.54271000000011,40.77757000000025],[40.54325000000006,40.77783000000045],[40.54387000000003,40.7779300000002],[40.544310000000166,40.77794000000034],[40.54477000000003,40.77783000000045],[40.545340000000124,40.77742000000012],[40.54602000000011,40.77746000000042],[40.546420000000126,40.777780000000575],[40.546820000000196,40.77780000000013],[40.54792000000009,40.777600000000064],[40.5506400000001,40.77785000000017],[40.55118000000016,40.77828000000005],[40.551350000000184,40.77821000000063],[40.551430000000096,40.7782600000005],[40.55152000000004,40.778150000000096],[40.55210000000011,40.778460000000166],[40.552490000000034,40.7785300000001],[40.55263000000008,40.77842000000027],[40.553200000000174,40.77867000000032],[40.55316000000005,40.778800000000274],[40.55347000000012,40.778950000000066],[40.55387000000019,40.77891000000028],[40.555950000000166,40.77960000000053],[40.55693000000025,40.780190000000346],[40.557140000000174,40.781680000000165],[40.55677649869165,40.78205671953805],[40.55642999820259,40.782329997721206],[40.55643000000009,40.7826500000001],[40.55559000000022,40.78312000000045],[40.55513000000013,40.784000000000106],[40.55480000000023,40.78427000000039],[40.55470000000008,40.78468000000021],[40.55497000000025,40.7847900000001],[40.55491000000006,40.78492000000017],[40.55505000000011,40.78542000000033],[40.55510290900014,40.786312777000035],[40.55498000000017,40.78649000000007],[40.553820000000144,40.78739000000007]]],"type":"Polygon"}},{"type":"Feature","properties":{"area_id":"TR-53-008-61422","name_tr":"Çarşı","area_level":"neighbourhood","parent_id":"TR-53-008","endeksa_id":61422},"geometry":{"coordinates":[[[40.57083955425776,40.787840886920264],[40.56555000000026,40.787820000000124],[40.565130000000124,40.78742000000028],[40.56462000000005,40.787410000000136],[40.56359000000009,40.78681000000023],[40.56319000000019,40.786830000000464],[40.56295000000006,40.787070000000426],[40.562840000000165,40.78744000000012],[40.562490000000196,40.78754000000026],[40.56139000000013,40.78754000000026],[40.56094000000019,40.78786000000042],[40.56054000000012,40.78801000000004],[40.56036000000017,40.78837000000016],[40.56067000000007,40.78880000000004],[40.56044000000003,40.788960000000486],[40.560170000000085,40.78904000000017],[40.55865000000006,40.78907000000038],[40.55792000000008,40.788870000000145],[40.55781000000019,40.78901000000036],[40.557440000000156,40.78910000000019],[40.557140000000174,40.78889000000038],[40.555370000000096,40.7885100000002],[40.55439000000018,40.78799000000038],[40.55409000000009,40.787510000000054],[40.553820000000144,40.78739000000007],[40.55498000000017,40.78649000000007],[40.55510290900014,40.786312777000035],[40.55505000000011,40.78542000000033],[40.55491000000006,40.78492000000017],[40.55497000000025,40.7847900000001],[40.55470000000008,40.78468000000021],[40.55480000000023,40.78427000000039],[40.55513000000013,40.784000000000106],[40.55559000000022,40.78312000000045],[40.55643000000009,40.7826500000001],[40.55642999820259,40.782329997721206],[40.55902223900006,40.78028557200008],[40.559131785000034,40.779696185000034],[40.56237665200007,40.774314587000106],[40.56478825099998,40.77256771100019],[40.57141153700019,40.7735305810001],[40.56757635600002,40.77696943000012],[40.57023942300003,40.78440542400023],[40.57083955425776,40.787840886920264]]],"type":"Polygon"}},{"type":"Feature","properties":{"area_id":"TR-53-008-61423","name_tr":"Gündoğdu","area_level":"neighbourhood","parent_id":"TR-53-008","endeksa_id":61423},"geometry":{"coordinates":[[[40.58150480489809,40.779416036734574],[40.58175000000017,40.78137000000061],[40.58169000000004,40.783080000000155],[40.57958000000008,40.7840800000003],[40.5805400000001,40.78501000000051],[40.57814000000013,40.78761000000037],[40.579070000000115,40.789670000000285],[40.5785800000001,40.792000000000485],[40.577770000000044,40.79068000000018],[40.57630000000012,40.78987000000046],[40.57509000000016,40.788990000000126],[40.573430000000144,40.78858000000031],[40.57211000000018,40.78812000000062],[40.57083955425776,40.787840886920264],[40.57023942300003,40.78440542400023],[40.56757635600002,40.77696943000012],[40.571976311000185,40.77302417200036],[40.575348469000176,40.77410291800027],[40.57619738600016,40.77713619300033],[40.57900880400007,40.777016497000375],[40.58150480489809,40.779416036734574]]],"type":"Polygon"}},{"type":"Feature","properties":{"area_id":"TR-53-008-61424","name_tr":"Güney","area_level":"neighbourhood","parent_id":"TR-53-008","endeksa_id":61424},"geometry":{"coordinates":[[[40.547353969092626,40.79948190727714],[40.546270677000166,40.79963212600012],[40.54576551700006,40.80011471500035],[40.54454484200005,40.799871446000054],[40.54374158304489,40.79998283281731],[40.54256000000015,40.79952000000026],[40.54235000000017,40.79890000000012],[40.542270000000144,40.797910000000115],[40.54303000000016,40.79558000000003],[40.54302000000018,40.79507000000012],[40.54268000000013,40.79393000000033],[40.54256000000015,40.79165000000012],[40.5333103024646,40.78621947068734],[40.53351000000009,40.785870000000614],[40.532910000000186,40.7847900000001],[40.53277000000014,40.784040000000175],[40.53214000000008,40.782830000000104],[40.530870000000164,40.782550000000185],[40.53002000000015,40.781840000000045],[40.52965000000012,40.78108000000009],[40.52890000000025,40.78037000000029],[40.5277200000001,40.78025000000031],[40.527520000000095,40.77968000000004],[40.52540000000016,40.779550000000654],[40.524515166599656,40.779006196139505],[40.52458627000016,40.778997955000364],[40.52444191800015,40.778951998000025],[40.523061038000094,40.775602640000216],[40.53064039400016,40.77579146200003],[40.531120000000044,40.776260000000036],[40.53222000000011,40.77649000000042],[40.53336000000013,40.77690000000024],[40.5338900000001,40.77742000000012],[40.53435000000013,40.777650000000335],[40.5348800000001,40.7781100000002],[40.53531000000015,40.77817000000016],[40.53708000000006,40.77911000000012],[40.53804000000008,40.779980000000705],[40.53996000000018,40.780410000000074],[40.54073000000011,40.78080000000034],[40.54175000000009,40.78101000000015],[40.54262000000017,40.78148000000033],[40.543140000000164,40.78154000000046],[40.543750000000045,40.7818300000003],[40.54473000000013,40.7820500000002],[40.548150000000135,40.78438000000028],[40.5480800000002,40.784440000000245],[40.548810000000174,40.78480000000019],[40.54922000000016,40.78516000000013],[40.54930000000007,40.78536000000037],[40.54961000000014,40.78567000000004],[40.54970000000009,40.78595000000013],[40.54960000000017,40.78612000000015],[40.55045000000018,40.786950000000445],[40.55189000000013,40.78733000000011],[40.55222000000009,40.78768000000008],[40.55241000000018,40.78771000000012],[40.55276000000015,40.787970000000314],[40.55295000000007,40.78829000000047],[40.55317000000014,40.788400000000365],[40.55374000000006,40.7887700000004],[40.55356000000012,40.789270000000556],[40.5534600000002,40.789830000000165],[40.55353000000008,40.78991000000025],[40.552490000000034,40.790980000000104],[40.55237000000005,40.79139000000032],[40.55241000000018,40.79157000000043],[40.552740000000085,40.79196000000019],[40.55326000000014,40.79315000000042],[40.55326000000014,40.793520000000115],[40.55312000000009,40.79399000000029],[40.55288000000013,40.794140000000084],[40.55092000000013,40.79450000000003],[40.55019000000016,40.79576000000037],[40.55027000000018,40.796080000000416],[40.55022000000014,40.79638000000051],[40.550070000000176,40.79650000000049],[40.54959000000008,40.79641000000015],[40.549330000000054,40.79648000000026],[40.54897000000011,40.79681000000005],[40.54847000000012,40.797070000000076],[40.548310000000185,40.79741000000047],[40.548370000000034,40.79760000000056],[40.548150000000135,40.79793000000018],[40.54807000000005,40.797880000000305],[40.547660000000064,40.79856000000041],[40.547310000000095,40.7993500000004],[40.547353969092626,40.79948190727714]]],"type":"Polygon"}},{"type":"Feature","properties":{"area_id":"TR-53-008-2026194","name_tr":"Ortaköy Köyü","area_level":"neighbourhood","parent_id":"TR-53-008","endeksa_id":2026194},"geometry":{"coordinates":[[[40.82803000000018,40.761550000000625],[40.82501000000008,40.76391000000035],[40.82283000000018,40.76602000000031],[40.8217600000001,40.76679000000007],[40.81987000000004,40.76743000000005],[40.81795000000017,40.76794000000018],[40.81042000000008,40.7690300000001],[40.80750000000006,40.76934000000017],[40.804480000000126,40.76990000000018],[40.801820000000134,40.77029000000044],[40.79948000000013,40.77039000000019],[40.79657000000009,40.76941000000011],[40.79544000000021,40.76893000000018],[40.793570000000216,40.76859000000047],[40.78966000000014,40.76726000000042],[40.777600000000064,40.765360000000385],[40.77352000000019,40.76416000000006],[40.76445000000007,40.763600000000054],[40.75865000000016,40.762260000000026],[40.76237000000009,40.756220000000155],[40.76212000000021,40.74751000000015],[40.760440000000074,40.74646000000013],[40.75875000000008,40.74517000000037],[40.75459000000012,40.74295000000018],[40.75454000000008,40.742160000000695],[40.75425000000007,40.74178000000052],[40.754820000000166,40.74119000000019],[40.7544900000002,40.740830000000074],[40.75438000000014,40.740510000000086],[40.7555900000001,40.74014000000017],[40.755470000000116,40.739800000000116],[40.75545000000005,40.73932000000019],[40.75608000000011,40.73916000000031],[40.75604000000021,40.73907000000014],[40.75615000000005,40.739030000000355],[40.75614000000013,40.73892000000035],[40.75585000000012,40.73885000000041],[40.75636000000003,40.73864000000009],[40.75711000000007,40.73854000000034],[40.75666000000018,40.737880000000416],[40.75660000000016,40.73753000000005],[40.75608000000011,40.736800000000585],[40.75592000000023,40.73626000000013],[40.755630000000224,40.735990000000356],[40.755380000000116,40.73558000000054],[40.75551000000024,40.735440000000324],[40.75553000000008,40.734940000000165],[40.75519000000003,40.73449000000005],[40.75468000000012,40.734170000000404],[40.75463000000008,40.733640000000605],[40.75485000000015,40.7333100000003],[40.75472000000025,40.73269000000016],[40.756000000000085,40.73004000000009],[40.75701000000015,40.72598000000062],[40.759290000000135,40.72414000000043],[40.75994000000014,40.71974000000017],[40.75561000000016,40.71241000000049],[40.75691000000006,40.7050100000007],[40.75890000000004,40.69800000000049],[40.75711000000007,40.69435000000033],[40.756400000000156,40.6916600000003],[40.76228000000009,40.689840000000345],[40.762940000000185,40.684980000000394],[40.765610000000095,40.68026000000066],[40.765350000000126,40.67809000000017],[40.76769000000007,40.676150000000234],[40.767620000000136,40.67338000000041],[40.769540000000234,40.67168000000004],[40.76343000000003,40.66931000000005],[40.76376000000016,40.6670000000006],[40.762970000000166,40.66492000000045],[40.762440000000026,40.661310000000185],[40.76185000000004,40.65842000000015],[40.765080000000125,40.65751000000017],[40.769510000000025,40.65528000000006],[40.7732400000001,40.653940000000034],[40.77893000000017,40.650310000000275],[40.7827400000001,40.64931000000013],[40.786140000000046,40.6500800000004],[40.78826000000015,40.64767000000012],[40.79091000000017,40.646470000000136],[40.80413000000016,40.650000000000205],[40.80778000000015,40.65128000000021],[40.81298000000015,40.65448000000015],[40.814450000000136,40.65551000000062],[40.81624000000011,40.656320000000164],[40.81804000000017,40.660380000000146],[40.819900000000246,40.663080000000264],[40.81943000000007,40.66576000000032],[40.817300000000046,40.666980000000365],[40.814540000000136,40.667280000000346],[40.81009000000017,40.6691000000003],[40.808290000000056,40.670540000000074],[40.804820000000234,40.67133000000007],[40.803240000000244,40.673480000000325],[40.80480000000017,40.67697000000004],[40.80641000000014,40.67947000000015],[40.80388000000005,40.682250000000465],[40.80083000000013,40.68410000000006],[40.80166000000003,40.6886200000003],[40.798620000000255,40.69082000000043],[40.796520000000044,40.69722000000007],[40.7971500000001,40.70417000000015],[40.79818000000006,40.708140000000355],[40.797880000000134,40.71104000000014],[40.793520000000115,40.71252000000038],[40.793520000000115,40.7166500000003],[40.79006000000004,40.71907000000016],[40.788780000000145,40.7243000000002],[40.787630000000206,40.72720000000015],[40.786640000000034,40.72852000000046],[40.786700000000224,40.72878000000014],[40.78721000000013,40.72907000000049],[40.78721000000013,40.729300000000364],[40.787100000000066,40.72957000000065],[40.78678000000008,40.72969000000012],[40.78609000000017,40.730570000000284],[40.785180000000025,40.73047000000014],[40.78492000000017,40.730820000000335],[40.78489000000019,40.73114000000015],[40.7847900000001,40.73123000000015],[40.784880000000044,40.73129000000017],[40.78485000000006,40.73151000000007],[40.78495000000015,40.73160000000024],[40.784010000000194,40.73161000000033],[40.783260000000155,40.731740000000286],[40.782520000000034,40.7315900000001],[40.781990000000064,40.73191000000031],[40.78138000000018,40.73194000000012],[40.78052000000008,40.73219000000017],[40.780410000000074,40.7324100000003],[40.77984000000015,40.732800000000054],[40.77841000000012,40.73279000000008],[40.77792000000011,40.73303000000004],[40.77717000000018,40.73304000000019],[40.77652000000006,40.73273000000063],[40.77586000000019,40.73284000000035],[40.77556000000004,40.733080000000314],[40.775300000000186,40.733150000000194],[40.77513000000016,40.73348000000016],[40.77458000000013,40.73365000000018],[40.77345000000008,40.73418000000038],[40.77318000000014,40.734410000000366],[40.773100000000056,40.73456000000016],[40.77337000000023,40.735620000000324],[40.77418000000006,40.73826000000008],[40.77362000000011,40.74150000000009],[40.77785000000017,40.743890000000306],[40.7786200000001,40.74638000000027],[40.78279000000015,40.747860000000514],[40.791160000000104,40.75029000000012],[40.796950000000095,40.7518000000004],[40.802620000000104,40.75286000000017],[40.80555000000004,40.75441000000035],[40.81014000000005,40.75590000000068],[40.812790000000064,40.757210000000384],[40.820560000000114,40.75804000000011],[40.82593000000014,40.76007000000038],[40.82803000000018,40.761550000000625]]],"type":"Polygon"}},{"type":"Feature","properties":{"area_id":"TR-53-008-2026190","name_tr":"Ihlamur Köyü","area_level":"neighbourhood","parent_id":"TR-53-008","endeksa_id":2026190},"geometry":{"coordinates":[[[40.528529938866654,40.807159512165526],[40.52864884589275,40.80731706695201],[40.52830541500015,40.80744252100038],[40.52826918300019,40.80782862200044],[40.51552460500011,40.80765569300007],[40.5118083270001,40.81167239200033],[40.51055346100003,40.8067141300001],[40.509525158000145,40.80551739900011],[40.50120667600004,40.802301870000065],[40.49888756300004,40.78573182600019],[40.49890352800003,40.78530467600001],[40.49957997800004,40.785140440000646],[40.499644511000156,40.78501711600006],[40.49847547999997,40.78263087100004],[40.49833574300004,40.78064497100007],[40.49846476300007,40.780545550000056],[40.501539703000105,40.780319241000086],[40.50687438199998,40.77920556700013],[40.513028793000046,40.776438411000186],[40.51502541400009,40.77499653200016],[40.51661554584922,40.774721585492955],[40.516629646497734,40.77544233720869],[40.523061038000094,40.775602640000216],[40.52444191800015,40.778951998000025],[40.52458627000016,40.778997955000364],[40.524515166599656,40.779006196139505],[40.52444000000014,40.778960000000154],[40.52270000000004,40.78016000000014],[40.52308000000005,40.781680000000165],[40.524020000000235,40.78299000000038],[40.5247700000001,40.78448000000071],[40.52578000000017,40.78702000000055],[40.52553000000012,40.78753000000012],[40.52639000000022,40.790420000000495],[40.52620000000013,40.79211000000038],[40.525330000000054,40.79344000000026],[40.52180000000004,40.79685000000035],[40.52215000000024,40.79743000000019],[40.52231000000012,40.79793000000018],[40.52205000000009,40.798260000000084],[40.52222000000012,40.79836000000023],[40.522040000000175,40.7987100000002],[40.521860000000174,40.79891000000026],[40.52163000000019,40.79899000000046],[40.52170000000012,40.7993500000004],[40.52190000000013,40.799590000000364],[40.522480000000144,40.79986000000014],[40.52286000000015,40.80038000000036],[40.52410000000009,40.80043000000023],[40.52416000000005,40.800640000000044],[40.524390000000096,40.80084000000005],[40.524670000000185,40.80133000000012],[40.52646826896074,40.80259239290763],[40.526130000000194,40.803060000000414],[40.52631000000014,40.80393000000009],[40.52623000000011,40.80443000000008],[40.52630000000005,40.804630000000316],[40.5265500000001,40.80483000000049],[40.52707000000015,40.80486000000013],[40.52714000000009,40.80480000000017],[40.52742000000018,40.80490000000009],[40.52797000000021,40.80492000000015],[40.52853000000016,40.805100000000095],[40.52811000000003,40.80571000000015],[40.52782000000019,40.805880000000684],[40.5278100000001,40.80661000000015],[40.52806000000015,40.80707000000041],[40.528529938866654,40.807159512165526]]],"type":"Polygon"}},{"type":"Feature","properties":{"area_id":"TR-53-008-2026176","name_tr":"Ayvalık Köyü","area_level":"neighbourhood","parent_id":"TR-53-008","endeksa_id":2026176},"geometry":{"coordinates":[[[40.54374158304489,40.79998283281731],[40.54393000000016,40.8003200000004],[40.542610000000195,40.80110000000025],[40.540190000000166,40.802100000000564],[40.53823000000017,40.803240000000415],[40.532850000000224,40.80611000000016],[40.53051000000005,40.80712000000028],[40.5296400539101,40.807280300227944],[40.528529938866654,40.807159512165526],[40.52806000000015,40.80707000000041],[40.5278100000001,40.80661000000015],[40.52782000000019,40.805880000000684],[40.52811000000003,40.80571000000015],[40.52853000000016,40.805100000000095],[40.52797000000021,40.80492000000015],[40.52742000000018,40.80490000000009],[40.52714000000009,40.80480000000017],[40.52707000000015,40.80486000000013],[40.5265500000001,40.80483000000049],[40.52630000000005,40.804630000000316],[40.52623000000011,40.80443000000008],[40.52631000000014,40.80393000000009],[40.526130000000194,40.803060000000414],[40.52646826896074,40.80259239290763],[40.524670000000185,40.80133000000012],[40.524390000000096,40.80084000000005],[40.52416000000005,40.800640000000044],[40.52410000000009,40.80043000000023],[40.52286000000015,40.80038000000036],[40.522480000000144,40.79986000000014],[40.52190000000013,40.799590000000364],[40.52170000000012,40.7993500000004],[40.52163000000019,40.79899000000046],[40.521860000000174,40.79891000000026],[40.522040000000175,40.7987100000002],[40.52222000000012,40.79836000000023],[40.52205000000009,40.798260000000084],[40.52231000000012,40.79793000000018],[40.52215000000024,40.79743000000019],[40.52180000000004,40.79685000000035],[40.525330000000054,40.79344000000026],[40.52620000000013,40.79211000000038],[40.52639000000022,40.790420000000495],[40.52553000000012,40.78753000000012],[40.52578000000017,40.78702000000055],[40.5247700000001,40.78448000000071],[40.524020000000235,40.78299000000038],[40.52308000000005,40.781680000000165],[40.52270000000004,40.78016000000014],[40.52444000000014,40.778960000000154],[40.52540000000016,40.779550000000654],[40.527520000000095,40.77968000000004],[40.5277200000001,40.78025000000031],[40.52890000000025,40.78037000000029],[40.52965000000012,40.78108000000009],[40.53002000000015,40.781840000000045],[40.530870000000164,40.782550000000185],[40.53214000000008,40.782830000000104],[40.53277000000014,40.784040000000175],[40.532910000000186,40.7847900000001],[40.53351000000009,40.785870000000614],[40.5333103024646,40.78621947068734],[40.54256000000015,40.79165000000012],[40.54268000000013,40.79393000000033],[40.54302000000018,40.79507000000012],[40.54303000000016,40.79558000000003],[40.542270000000144,40.797910000000115],[40.54235000000017,40.79890000000012],[40.54256000000015,40.79952000000026],[40.54374158304489,40.79998283281731]]],"type":"Polygon"}},{"type":"Feature","properties":{"area_id":"TR-53-008-2026204","name_tr":"Şimşirli Köyü","area_level":"neighbourhood","parent_id":"TR-53-008","endeksa_id":2026204},"geometry":{"coordinates":[[[40.50120667600004,40.802301870000065],[40.50121885100003,40.80251819000017],[40.49397978500008,40.81464424400019],[40.49221877100018,40.81692934300003],[40.49204050200012,40.816962397000054],[40.485006346000034,40.81374645400052],[40.48547475600009,40.81221969500041],[40.47914029100008,40.804971361000014],[40.47848342200018,40.80229431000015],[40.472385552000105,40.800099903000046],[40.47145362499998,40.79577649100008],[40.46867500300016,40.79269496200061],[40.46993352500016,40.78836160800017],[40.46898178400005,40.78622488500008],[40.46832358600011,40.785769355000184],[40.46284849400007,40.78296108900054],[40.46222097000003,40.781545819000144],[40.46071045800011,40.78050041500069],[40.46003219800008,40.776609434000534],[40.45958661300011,40.77560449500061],[40.45973914500007,40.77492827100008],[40.45947349100015,40.77340429300028],[40.4637850420001,40.75671029400007],[40.472476801000084,40.74730913700017],[40.47851009900012,40.743749239000294],[40.478737263000085,40.74285260100004],[40.47977221043436,40.73716838792399],[40.4859400000002,40.7380000000004],[40.49192000000011,40.73842000000036],[40.496110000000215,40.73769000000033],[40.49905000000007,40.73685000000046],[40.50064000000003,40.735340000000065],[40.501940000000104,40.73268000000007],[40.50416000000013,40.73486000000014],[40.505000000000166,40.73654000000039],[40.50771000000003,40.740480000000275],[40.50968000000017,40.74245000000053],[40.51087000000018,40.74471000000011],[40.51144000000011,40.74642000000006],[40.51221000000004,40.74836000000016],[40.514570000000106,40.75178000000017],[40.51556000000011,40.75419000000005],[40.516340000000184,40.75750000000022],[40.51630000000006,40.75914000000017],[40.51559000000009,40.76132000000007],[40.515130000000056,40.76326000000017],[40.51508000000018,40.767770000000155],[40.5165300000001,40.77021000000025],[40.516960000000154,40.77384000000018],[40.51679621876889,40.77463180817796],[40.51661554584922,40.774721585492955],[40.51502541400009,40.77499653200016],[40.513028793000046,40.776438411000186],[40.50687438199998,40.77920556700013],[40.501539703000105,40.780319241000086],[40.49846476300007,40.780545550000056],[40.49833574300004,40.78064497100007],[40.49847547999997,40.78263087100004],[40.499644511000156,40.78501711600006],[40.49957997800004,40.785140440000646],[40.49890352800003,40.78530467600001],[40.49888756300004,40.78573182600019],[40.50120667600004,40.802301870000065]]],"type":"Polygon"}},{"type":"Feature","properties":{"area_id":"TR-53-008-61427","name_tr":"Çağrankaya","area_level":"neighbourhood","parent_id":"TR-53-008","endeksa_id":61427},"geometry":{"coordinates":[[[40.5785800000001,40.792000000000485],[40.578390000000184,40.79364000000032],[40.57799000000011,40.795310000000086],[40.57801000000018,40.79725000000019],[40.57627000000008,40.7963100000004],[40.57568000000015,40.79609000000016],[40.57496000000009,40.79554000000064],[40.57396000000011,40.79504000000048],[40.57351000000017,40.79372000000069],[40.57159000000013,40.79329000000064],[40.57131000000004,40.79306000000008],[40.57107000000008,40.79216000000025],[40.57069000000007,40.7918800000005],[40.5703400000001,40.7917700000001],[40.57022000000012,40.79193000000038],[40.569960000000094,40.791940000000125],[40.569680000000176,40.79183000000012],[40.56942000000015,40.791840000000036],[40.56897000000026,40.791600000000074],[40.568280000000186,40.79164000000054],[40.567760000000135,40.791560000000345],[40.567450000000065,40.79163000000028],[40.5671200000001,40.7915500000002],[40.56666000000007,40.79167000000018],[40.566060000000164,40.79164000000054],[40.565470000000175,40.79193000000038],[40.56418000000019,40.79235000000034],[40.563950000000034,40.79226000000017],[40.5634800000002,40.79227000000009],[40.56251000000009,40.79170000000016],[40.561880000000144,40.79186000000027],[40.56162000000012,40.792020000000036],[40.561410000000194,40.79223000000036],[40.56131000000005,40.79253000000028],[40.5606600000001,40.792520000000195],[40.5606600000001,40.792640000000176],[40.56018000000017,40.792560000000094],[40.55993000000012,40.792990000000145],[40.55936000000003,40.79337000000015],[40.55886000000004,40.793170000000146],[40.5587000000001,40.792830000000265],[40.55836000000005,40.79281000000071],[40.55834000000016,40.79248000000041],[40.557660000000055,40.792520000000195],[40.55653000000018,40.792400000000214],[40.55542000000014,40.79251000000005],[40.55527000000018,40.79232000000013],[40.55511000000007,40.79223000000036],[40.554900000000146,40.79226000000017],[40.55411000000015,40.79183000000012],[40.55380000000008,40.7915500000002],[40.552920000000086,40.79145000000045],[40.55241000000018,40.79157000000043],[40.55237000000005,40.79139000000032],[40.552490000000034,40.790980000000104],[40.55353000000008,40.78991000000025],[40.5534600000002,40.789830000000165],[40.55356000000012,40.789270000000556],[40.55374000000006,40.7887700000004],[40.55317000000014,40.788400000000365],[40.55360000000019,40.78792000000004],[40.553820000000144,40.78739000000007],[40.55409000000009,40.787510000000054],[40.55439000000018,40.78799000000038],[40.555370000000096,40.7885100000002],[40.557140000000174,40.78889000000038],[40.557440000000156,40.78910000000019],[40.55781000000019,40.78901000000036],[40.55792000000008,40.788870000000145],[40.55865000000006,40.78907000000038],[40.560170000000085,40.78904000000017],[40.56044000000003,40.788960000000486],[40.56067000000007,40.78880000000004],[40.56036000000017,40.78837000000016],[40.56054000000012,40.78801000000004],[40.56094000000019,40.78786000000042],[40.56139000000013,40.78754000000026],[40.562490000000196,40.78754000000026],[40.562840000000165,40.78744000000012],[40.56295000000006,40.787070000000426],[40.56319000000019,40.786830000000464],[40.56359000000009,40.78681000000023],[40.56462000000005,40.787410000000136],[40.565130000000124,40.78742000000028],[40.56555000000026,40.787820000000124],[40.57083955425776,40.787840886920264],[40.57211000000018,40.78812000000062],[40.573430000000144,40.78858000000031],[40.57509000000016,40.788990000000126],[40.57630000000012,40.78987000000046],[40.577770000000044,40.79068000000018],[40.5785800000001,40.792000000000485]]],"type":"Polygon"}},{"type":"Feature","properties":{"area_id":"TR-53-008-2026203","name_tr":"Cevizlik Köyü","area_level":"neighbourhood","parent_id":"TR-53-008","endeksa_id":2026203},"geometry":{"coordinates":[[[40.4940562167792,40.83090083159857],[40.49348143100002,40.83091410300034],[40.493351194000184,40.8308201330002],[40.49264324700016,40.82036963100006],[40.490988001000176,40.818559563000235],[40.49209275900006,40.81709233200007],[40.49204050200012,40.816962397000054],[40.49221877100018,40.81692934300003],[40.49397978500008,40.81464424400019],[40.50121885100003,40.80251819000017],[40.50120667600004,40.802301870000065],[40.509525158000145,40.80551739900011],[40.51055346100003,40.8067141300001],[40.5118083270001,40.81167239200033],[40.51552460500011,40.80765569300007],[40.52826918300019,40.80782862200044],[40.52830541500015,40.80744252100038],[40.52864884589275,40.80731706695201],[40.528529938866654,40.807159512165526],[40.5296400539101,40.807280300227944],[40.533864761000075,40.81440124600016],[40.53328392800006,40.82312439900028],[40.53181381700017,40.8258746890001],[40.52552597800013,40.83006300300008],[40.52584372189443,40.83024243710588],[40.525450000000035,40.83005000000037],[40.51676000000009,40.82963000000041],[40.51211000000012,40.82874000000015],[40.509000000000185,40.826850000000604],[40.5091000000001,40.82680000000005],[40.50705000000016,40.82674000000003],[40.50511000000023,40.82615000000027],[40.50012000000015,40.82790000000011],[40.49618000000015,40.82890000000003],[40.49477000000019,40.8287000000002],[40.4940562167792,40.83090083159857]]],"type":"Polygon"}},{"type":"Feature","properties":{"area_id":"TR-53-008-61426","name_tr":"Zafer","area_level":"neighbourhood","parent_id":"TR-53-008","endeksa_id":61426},"geometry":{"coordinates":[[[40.60994000000011,40.82351000000011],[40.60734000000008,40.82629000000031],[40.603700000000174,40.82965000000013],[40.601250000000164,40.8309500000002],[40.59621000000004,40.8329300000006],[40.59535000000017,40.83281000000011],[40.594530000000134,40.83290000000028],[40.59298000000018,40.83101000000022],[40.59152000000017,40.827400000000125],[40.5886500000002,40.82443000000006],[40.587240000000065,40.82343000000043],[40.584740000000124,40.822170000000085],[40.582940000000065,40.820310000000234],[40.5789700000002,40.81909000000019],[40.57594000000017,40.81804000000068],[40.572590000000105,40.81407000000047],[40.57155000000017,40.813280000000475],[40.56826000000012,40.811480000000074],[40.56657000000007,40.81045000000012],[40.56350000000009,40.8093300000005],[40.55811000000017,40.8061400000002],[40.55811000000017,40.80465000000038],[40.55799000000019,40.80304000000018],[40.55680000000012,40.80248000000006],[40.55635000000018,40.80176000000017],[40.55290000000019,40.800580000000025],[40.549580000000105,40.800360000000126],[40.54891000000009,40.79966000000047],[40.548620000000085,40.79952000000026],[40.5480800000002,40.79938000000004],[40.547620000000165,40.79948000000036],[40.547410000000184,40.79965000000038],[40.547310000000095,40.7993500000004],[40.547660000000064,40.79856000000041],[40.54807000000005,40.797880000000305],[40.548150000000135,40.79793000000018],[40.548370000000034,40.79760000000056],[40.548310000000185,40.79741000000047],[40.54847000000012,40.797070000000076],[40.54897000000011,40.79681000000005],[40.549330000000054,40.79648000000026],[40.54959000000008,40.79641000000015],[40.550070000000176,40.79650000000049],[40.55022000000014,40.79638000000051],[40.55027000000018,40.796080000000416],[40.55019000000016,40.79576000000037],[40.55092000000013,40.79450000000003],[40.55288000000013,40.794140000000084],[40.55312000000009,40.79399000000029],[40.55326000000014,40.793520000000115],[40.55326000000014,40.79315000000042],[40.552740000000085,40.79196000000019],[40.55241000000018,40.79157000000043],[40.552920000000086,40.79145000000045],[40.55380000000008,40.7915500000002],[40.55411000000015,40.79183000000012],[40.554900000000146,40.79226000000017],[40.55511000000007,40.79223000000036],[40.55527000000018,40.79232000000013],[40.55542000000014,40.79251000000005],[40.55653000000018,40.792400000000214],[40.557660000000055,40.792520000000195],[40.55834000000016,40.79248000000041],[40.55836000000005,40.79281000000071],[40.5587000000001,40.792830000000265],[40.55886000000004,40.793170000000146],[40.55936000000003,40.79337000000015],[40.55993000000012,40.792990000000145],[40.56018000000017,40.792560000000094],[40.5606600000001,40.792640000000176],[40.5606600000001,40.792520000000195],[40.56131000000005,40.79253000000028],[40.561410000000194,40.79223000000036],[40.56162000000012,40.792020000000036],[40.561880000000144,40.79186000000027],[40.56251000000009,40.79170000000016],[40.5634800000002,40.79227000000009],[40.563950000000034,40.79226000000017],[40.56418000000019,40.79235000000034],[40.565470000000175,40.79193000000038],[40.566060000000164,40.79164000000054],[40.56666000000007,40.79167000000018],[40.5671200000001,40.7915500000002],[40.567450000000065,40.79163000000028],[40.567760000000135,40.791560000000345],[40.568280000000186,40.79164000000054],[40.56897000000026,40.791600000000074],[40.56942000000015,40.791840000000036],[40.569680000000176,40.79183000000012],[40.569960000000094,40.791940000000125],[40.57022000000012,40.79193000000038],[40.5703400000001,40.7917700000001],[40.57069000000007,40.7918800000005],[40.57107000000008,40.79216000000025],[40.57131000000004,40.79306000000008],[40.57159000000013,40.79329000000064],[40.57351000000017,40.79372000000069],[40.57396000000011,40.79504000000048],[40.57496000000009,40.79554000000064],[40.57568000000015,40.79609000000016],[40.57627000000008,40.7963100000004],[40.57801000000018,40.79725000000019],[40.578200000000095,40.798810000000344],[40.576370000000225,40.799190000000124],[40.57730000000004,40.80037000000027],[40.57734000000016,40.80207000000024],[40.57666000000006,40.80282000000045],[40.57883000000015,40.80456000000021],[40.581800000000044,40.80610000000041],[40.587180000000046,40.81166000000019],[40.58857000000012,40.81217000000032],[40.589750000000095,40.8123700000005],[40.59134000000017,40.81277000000023],[40.592720000000156,40.81208000000015],[40.5958500000001,40.812540000000354],[40.597870000000114,40.81317000000007],[40.60027000000008,40.81267000000008],[40.60165000000006,40.81355000000008],[40.60530000000006,40.815010000000086],[40.60615000000007,40.81702000000013],[40.60869000000008,40.81883000000016],[40.608830000000125,40.82204000000053],[40.60994000000011,40.82351000000011]]],"type":"Polygon"}},{"type":"Feature","properties":{"area_id":"TR-53-008-2026202","name_tr":"Güneyce Köyü","area_level":"neighbourhood","parent_id":"TR-53-008","endeksa_id":2026202},"geometry":{"coordinates":[[[40.474064833181956,40.84522427569232],[40.47382890188186,40.84529184693588],[40.47318421099999,40.84491099100012],[40.459783846000164,40.83945863200006],[40.459327588000065,40.83896084899999],[40.45874642400014,40.838983459000076],[40.45832794400013,40.8388024700003],[40.45066048300015,40.83483353500009],[40.443279406000045,40.83245497900015],[40.443146228000046,40.83247077800007],[40.443103879000034,40.832571696000116],[40.44217459000015,40.82991091400038],[40.435200776000045,40.82433090900008],[40.435037118000025,40.82432506100014],[40.43411210000005,40.82504098600032],[40.433960680000155,40.82505250100047],[40.431780186287426,40.822865200566184],[40.42621000000008,40.817000000000064],[40.42364000000009,40.81375000000031],[40.42192000000006,40.81050000000016],[40.42298000000022,40.80841000000004],[40.42372000000012,40.80586000000045],[40.425360000000126,40.802400000000375],[40.426100000000076,40.80037000000027],[40.42907000000014,40.7984900000003],[40.4320400000002,40.797300000000064],[40.43328000000014,40.796610000000385],[40.43417000000005,40.79552000000041],[40.43461000000019,40.794290000000274],[40.434220000000096,40.79280000000006],[40.433130000000176,40.79018000000053],[40.43179000000015,40.787560000000326],[40.43179000000015,40.786420000000135],[40.4320400000002,40.785190000000114],[40.43269000000015,40.78485000000006],[40.43394000000018,40.78030000000018],[40.43565000000012,40.76990000000018],[40.43522000000007,40.76373000000052],[40.43479000000019,40.76196000000044],[40.43613000000005,40.76011000000017],[40.43721000000005,40.756410000000244],[40.43903000000017,40.754170000000386],[40.44098000000025,40.751980000000344],[40.44165000000004,40.7506800000001],[40.44342000000012,40.74817000000007],[40.44455000000022,40.746030000000076],[40.445030000000145,40.74428000000006],[40.4457900000001,40.74311000000006],[40.44716000000017,40.74221000000057],[40.450360000000046,40.741480000000195],[40.460330000000056,40.73783000000054],[40.46292000000011,40.73775000000035],[40.46403000000009,40.73741000000007],[40.466620000000205,40.73573000000016],[40.468200000000195,40.736180000000445],[40.470710000000224,40.736180000000445],[40.471830000000125,40.736610000000496],[40.47638000000018,40.73801000000037],[40.477220000000045,40.73804000000018],[40.478580000000136,40.73781000000031],[40.47977221043436,40.73716838792399],[40.478737263000085,40.74285260100004],[40.47851009900012,40.743749239000294],[40.472476801000084,40.74730913700017],[40.4637850420001,40.75671029400007],[40.45947349100015,40.77340429300028],[40.45973914500007,40.77492827100008],[40.45958661300011,40.77560449500061],[40.46003219800008,40.776609434000534],[40.46071045800011,40.78050041500069],[40.46222097000003,40.781545819000144],[40.46284849400007,40.78296108900054],[40.46832358600011,40.785769355000184],[40.46898178400005,40.78622488500008],[40.46993352500016,40.78836160800017],[40.46867500300016,40.79269496200061],[40.47145362499998,40.79577649100008],[40.472385552000105,40.800099903000046],[40.47848342200018,40.80229431000015],[40.47914029100008,40.804971361000014],[40.48547475600009,40.81221969500041],[40.485006346000034,40.81374645400052],[40.49204050200012,40.816962397000054],[40.49209275900006,40.81709233200007],[40.490988001000176,40.818559563000235],[40.49264324700016,40.82036963100006],[40.493351194000184,40.8308201330002],[40.49348143100002,40.83091410300034],[40.4940562167792,40.83090083159857],[40.493690000000186,40.8320300000002],[40.49335000000008,40.83591000000007],[40.49065000000019,40.83680000000038],[40.48717000000016,40.83607000000035],[40.48282000000012,40.8339900000002],[40.47964000000013,40.83630000000022],[40.4790000000001,40.8366800000004],[40.47829000000013,40.836760000000595],[40.47712000000013,40.83948000000004],[40.47568000000018,40.84188000000006],[40.474064833181956,40.84522427569232]]],"type":"Polygon"}},{"type":"Feature","properties":{"area_id":"TR-53-008-2026189","name_tr":"Gürdere Köyü","area_level":"neighbourhood","parent_id":"TR-53-008","endeksa_id":2026189},"geometry":{"coordinates":[[[40.57601497308622,40.84027392553975],[40.575975025355035,40.84013716571144],[40.57579342319025,40.84011284695214],[40.574805402167215,40.84070217292202],[40.56132320500035,40.83786007600048],[40.551411783000276,40.83971460700036],[40.5499854210002,40.839051785000265],[40.55006260400029,40.83929251600034],[40.54998259832314,40.83904903464935],[40.54910000000018,40.837840000000426],[40.547410000000184,40.83733000000018],[40.54488000000009,40.83699000000007],[40.543320000000165,40.836540000000184],[40.5421300000001,40.83532000000014],[40.54120000000006,40.834780000000194],[40.53692000000018,40.83424000000031],[40.53426000000013,40.83405000000022],[40.53175000000016,40.83358000000038],[40.52878000000004,40.832140000000095],[40.52723000000009,40.83092000000056],[40.52584372189443,40.83024243710588],[40.52552597800013,40.83006300300008],[40.53181381700017,40.8258746890001],[40.53328392800006,40.82312439900028],[40.533864761000075,40.81440124600016],[40.5296400539101,40.807280300227944],[40.53051000000005,40.80712000000028],[40.532850000000224,40.80611000000016],[40.53823000000017,40.803240000000415],[40.540190000000166,40.802100000000564],[40.542610000000195,40.80110000000025],[40.54393000000016,40.8003200000004],[40.54374158304489,40.79998283281731],[40.54454484200005,40.799871446000054],[40.54576551700006,40.80011471500035],[40.546270677000166,40.79963212600012],[40.547353969092626,40.79948190727714],[40.547410000000184,40.79965000000038],[40.547620000000165,40.79948000000036],[40.5480800000002,40.79938000000004],[40.548620000000085,40.79952000000026],[40.54891000000009,40.79966000000047],[40.549580000000105,40.800360000000126],[40.55290000000019,40.800580000000025],[40.55635000000018,40.80176000000017],[40.55680000000012,40.80248000000006],[40.55799000000019,40.80304000000018],[40.55811000000017,40.80465000000038],[40.55811000000017,40.8061400000002],[40.56350000000009,40.8093300000005],[40.56657000000007,40.81045000000012],[40.56826000000012,40.811480000000074],[40.57155000000017,40.813280000000475],[40.572590000000105,40.81407000000047],[40.57594000000017,40.81804000000068],[40.5789700000002,40.81909000000019],[40.582940000000065,40.820310000000234],[40.584740000000124,40.822170000000085],[40.587240000000065,40.82343000000043],[40.5886500000002,40.82443000000006],[40.59152000000017,40.827400000000125],[40.59298000000018,40.83101000000022],[40.59447799561076,40.8328365881963],[40.594395872000064,40.83297051400007],[40.58250406600007,40.83621252300014],[40.57601497308622,40.84027392553975]]],"type":"Polygon"}},{"type":"Feature","properties":{"area_id":"TR-53-008-2026191","name_tr":"Ilıcaköy Köyü","area_level":"neighbourhood","parent_id":"TR-53-008","endeksa_id":2026191},"geometry":{"coordinates":[[[40.719230000000096,40.840560000000266],[40.71052000000009,40.84169000000065],[40.707860000000096,40.840170000000114],[40.69790812361771,40.83732922455647],[40.68810000000008,40.83324000000016],[40.6799400000001,40.83059000000026],[40.67876000000018,40.830010000000584],[40.67728000000011,40.82987000000037],[40.676140000000146,40.83002000000016],[40.6749200000001,40.82996000000071],[40.673510000000135,40.82928000000004],[40.67242000000016,40.828860000000645],[40.666880000000106,40.828760000000216],[40.66492000000011,40.827750000000094],[40.65841000000006,40.82708000000008],[40.655510000000106,40.82663000000019],[40.65193000000016,40.826570000000174],[40.64852000000013,40.82663000000019],[40.645390000000134,40.827310000000296],[40.64029000000005,40.827960000000076],[40.63568000000015,40.827000000000226],[40.63268000000011,40.82602000000014],[40.63050000000004,40.8242300000004],[40.62939000000023,40.823440000000176],[40.624630000000195,40.822360000000174],[40.62030000000004,40.822480000000155],[40.61541000000011,40.82305000000025],[40.60994000000011,40.82351000000011],[40.608830000000125,40.82204000000053],[40.60869000000008,40.81883000000016],[40.60615000000007,40.81702000000013],[40.60530000000006,40.815010000000086],[40.60165000000006,40.81355000000008],[40.60027000000008,40.81267000000008],[40.597870000000114,40.81317000000007],[40.5958500000001,40.812540000000354],[40.592720000000156,40.81208000000015],[40.59134000000017,40.81277000000023],[40.589750000000095,40.8123700000005],[40.58857000000012,40.81217000000032],[40.587180000000046,40.81166000000019],[40.581800000000044,40.80610000000041],[40.57883000000015,40.80456000000021],[40.57666000000006,40.80282000000045],[40.57734000000016,40.80207000000024],[40.57730000000004,40.80037000000027],[40.576370000000225,40.799190000000124],[40.578200000000095,40.798810000000344],[40.57801000000018,40.79725000000019],[40.57799000000011,40.795310000000086],[40.578390000000184,40.79364000000032],[40.5785800000001,40.792000000000485],[40.579070000000115,40.789670000000285],[40.57814000000013,40.78761000000037],[40.5805400000001,40.78501000000051],[40.57958000000008,40.7840800000003],[40.58169000000004,40.783080000000155],[40.58175000000017,40.78137000000061],[40.58150480489809,40.779416036734574],[40.58249907389785,40.77918710610726],[40.58509573518916,40.77827284607673],[40.58546000000018,40.77808000000056],[40.58607000000006,40.77742000000012],[40.586970000000065,40.77720000000022],[40.58762000000024,40.77652000000006],[40.59315000000021,40.7761900000001],[40.59420000000023,40.775150000000394],[40.596290000000124,40.77513000000016],[40.59989000000007,40.77281000000005],[40.60334000000006,40.7718500000002],[40.60765000000015,40.77201000000014],[40.611340000000155,40.771680000000345],[40.61387000000019,40.771120000000224],[40.61710000000011,40.7701100000001],[40.62238000000019,40.769510000000025],[40.62534000000011,40.768830000000435],[40.62763000000007,40.76701000000048],[40.633050000000196,40.76639000000034],[40.63725000000005,40.76468000000028],[40.64103000000017,40.761120000000574],[40.641730000000166,40.75866000000025],[40.64403000000004,40.75534000000039],[40.656040000000075,40.75822000000011],[40.6574700000001,40.75977000000006],[40.66058000000021,40.76073000000031],[40.6624700000001,40.76394000000016],[40.66240000000016,40.765790000000436],[40.66501000000011,40.766310000000146],[40.66678000000019,40.7674200000003],[40.67390000000006,40.76646000000045],[40.6758200000001,40.76664000000028],[40.67893000000004,40.76730000000032],[40.69928000000016,40.78126000000003],[40.70180000000016,40.780410000000074],[40.70183000000014,40.779360000000565],[40.70603000000017,40.77631000000031],[40.70705000000004,40.774530000000254],[40.708520000000135,40.773350000000164],[40.70959000000005,40.77043000000015],[40.71129000000019,40.76769000000007],[40.71160000000009,40.76564000000013],[40.71339000000006,40.76475000000039],[40.71348000000023,40.7635200000002],[40.713220000000035,40.76221000000015],[40.71960000000013,40.7613400000003],[40.721160000000054,40.76058000000012],[40.723750000000166,40.7590100000001],[40.7287300000001,40.75844000000052],[40.73446000000007,40.76091000000025],[40.74018000000012,40.76217000000008],[40.74867000000006,40.760000000000275],[40.74970000000019,40.76118000000042],[40.75271000000021,40.76137000000011],[40.75865000000016,40.762260000000026],[40.76445000000007,40.763600000000054],[40.77352000000019,40.76416000000006],[40.777600000000064,40.765360000000385],[40.78966000000014,40.76726000000042],[40.793570000000216,40.76859000000047],[40.79282000000012,40.77051000000017],[40.79220000000015,40.77269000000007],[40.791290000000174,40.774830000000236],[40.78699000000023,40.77683000000013],[40.7823600000001,40.77755000000019],[40.77893000000017,40.784630000000334],[40.77658000000008,40.78688000000034],[40.769820000000095,40.78890000000035],[40.76586000000003,40.78902000000011],[40.762630000000115,40.78970000000061],[40.75785000000019,40.79019000000011],[40.75249000000008,40.792520000000195],[40.74826000000024,40.79409000000004],[40.74449000000004,40.79471000000018],[40.741440000000125,40.795370000000105],[40.738500000000045,40.80166000000003],[40.7369700000001,40.801480000000424],[40.73901000000012,40.80612000000065],[40.733230000000106,40.80743000000035],[40.73507000000012,40.81227000000007],[40.73412000000019,40.813780000000634],[40.731070000000045,40.81548000000009],[40.72903000000019,40.819320000000175],[40.72640000000018,40.82292000000018],[40.72293000000013,40.82729000000006],[40.7238200000001,40.83681000000047],[40.719230000000096,40.840560000000266]]],"type":"Polygon"}}]}