{"type":"FeatureCollection","source_id":"endeksa","retrieved_at":null,"features":[{"type":"Feature","properties":{"area_id":"TR-50-007-60455","name_tr":"Hatipoğlu","area_level":"neighbourhood","parent_id":"TR-50-007","endeksa_id":60455},"geometry":{"coordinates":[[[34.78500469500011,38.441919691000294],[34.76081469500008,38.45150462000015],[34.76076074900004,38.451621166000166],[34.76127832700007,38.452414992000115],[34.76125284400018,38.45251993900001],[34.757512219000034,38.45499246400004],[34.754950758000064,38.4562876920001],[34.75316497700004,38.45662663400026],[34.75265508900014,38.457093842000006],[34.7502460930001,38.4569443040001],[34.74784574800003,38.45638955700008],[34.74233373300018,38.45311277900004],[34.742437273000064,38.452463491000174],[34.742374176000055,38.45237545200041],[34.72292579800012,38.44375452000014],[34.71017973900001,38.438722981000296],[34.71013974900012,38.43857072200058],[34.71190825100007,38.43704773900009],[34.71054303799997,38.435235544000136],[34.71205901600018,38.430398888000695],[34.715732741434806,38.430415838009026],[34.71585000000016,38.43058000000008],[34.71648000000005,38.43070000000006],[34.718810000000076,38.42894000000007],[34.71902000000006,38.42917000000011],[34.71911000000006,38.42894000000007],[34.7192500000001,38.42895000000021],[34.71914000000004,38.42871000000025],[34.719150000000184,38.42786000000024],[34.71960000000007,38.427530000000104],[34.72080000000011,38.42705000000018],[34.72210000000018,38.426380000000165],[34.72249000000011,38.42680000000064],[34.72271000000018,38.426780000000406],[34.723170000000096,38.426960000000406],[34.72505000000018,38.42617000000041],[34.72539000000006,38.42717000000016],[34.7264100000001,38.426810000000046],[34.72617000000014,38.42602000000005],[34.72861000000006,38.425410000000056],[34.72961000000021,38.42727000000008],[34.73102000000017,38.42684000000003],[34.73051000000004,38.4258100000003],[34.7317900000001,38.425420000000145],[34.73186000000021,38.425570000000334],[34.73324000000014,38.425200000000416],[34.733430000000055,38.42518000000018],[34.73351000000014,38.42547000000019],[34.736960000000124,38.42457000000019],[34.73780000000016,38.423990000000344],[34.73586000000006,38.41776000000016],[34.7367355044384,38.40976760359786],[34.73678825900021,38.40972118700017],[34.7369154240003,38.40982873600046],[34.742583802000354,38.40960421600022],[34.74674517500034,38.41133340400029],[34.76139872500022,38.41642493700027],[34.76730767400022,38.42060824800063],[34.76749791900022,38.42067377500064],[34.767559604999974,38.42091127800012],[34.77466164200007,38.426671400000146],[34.77926436700017,38.43192873400062],[34.781921476000036,38.436057199000174],[34.785077413000124,38.44178798900009],[34.78500469500011,38.441919691000294]]],"type":"Polygon"}},{"type":"Feature","properties":{"area_id":"TR-50-007-60454","name_tr":"Camikebir","area_level":"neighbourhood","parent_id":"TR-50-007","endeksa_id":60454},"geometry":{"coordinates":[[[34.77624701399998,38.50026155300009],[34.776095996000095,38.500190423000106],[34.74751485000019,38.50551231000031],[34.746831750000126,38.50580031800018],[34.74589543900004,38.50579886100013],[34.74579479400012,38.50567787500006],[34.75396040800001,38.479255370000146],[34.75387776000014,38.47915577100031],[34.75346651000018,38.4791652250002],[34.75336595900012,38.479091116000006],[34.752374809,38.47453357200004],[34.75220256600005,38.470060833000105],[34.75083108400008,38.46193966500016],[34.750422193000134,38.460936501000106],[34.750336963000166,38.45703776900007],[34.7502460930001,38.4569443040001],[34.75265508900014,38.457093842000006],[34.75316497700004,38.45662663400026],[34.754950758000064,38.4562876920001],[34.757512219000034,38.45499246400004],[34.76125284400018,38.45251993900001],[34.76127832700007,38.452414992000115],[34.76076074900004,38.451621166000166],[34.76081469500008,38.45150462000015],[34.78500469500011,38.441919691000294],[34.78517051900019,38.44195863400023],[34.785607782,38.44275181100022],[34.78568942300012,38.4435629780001],[34.78532548600009,38.44743897600017],[34.78192138000003,38.45731851700003],[34.77963482200016,38.466481220000105],[34.780147710000165,38.47052787500053],[34.780095159000155,38.471696595000594],[34.77926543700005,38.47530852800003],[34.779267659000084,38.475621502000536],[34.778982245000066,38.4760811590001],[34.77866793400011,38.4806058260001],[34.77856381300012,38.48804725100058],[34.77739379100012,38.49623671400059],[34.77721347300013,38.49711239700048],[34.77632997500018,38.49889077900036],[34.77619103800015,38.49954066100031],[34.77624701399998,38.50026155300009]]],"type":"Polygon"}},{"type":"Feature","properties":{"area_id":"TR-50-007-60453","name_tr":"Bekirağa","area_level":"neighbourhood","parent_id":"TR-50-007","endeksa_id":60453},"geometry":{"coordinates":[[[34.74579479400012,38.50567787500006],[34.745661230999985,38.50578921700003],[34.74341759200007,38.50569174200024],[34.70112345200005,38.505945548000454],[34.70100020000018,38.505868855000415],[34.698901274000036,38.49876023500008],[34.699177385999974,38.497777923000115],[34.69835287200016,38.497004613000115],[34.69751555300007,38.49416699500017],[34.6976330920001,38.49406165700066],[34.69963080500014,38.49403700000016],[34.69962319900003,38.49136201200031],[34.69949558800005,38.49128020000029],[34.697640388000025,38.49141664800021],[34.69729827000015,38.49019721100012],[34.699849601000096,38.48926599400011],[34.699845415000084,38.48920559700014],[34.699872209000034,38.48925774200046],[34.699860418000185,38.48908410400048],[34.70014533700004,38.48910786700009],[34.70013756800006,38.48895552700009],[34.699858232,38.48905191400013],[34.69983554900017,38.488857748000044],[34.699136624000175,38.48893939800041],[34.69900352600018,38.4888383160004],[34.70210851100012,38.48540450100023],[34.7005354640001,38.478898373000504],[34.702942848000134,38.477792791000184],[34.70300275600016,38.47769731300025],[34.70018261700011,38.475393727000096],[34.70021556600011,38.47529510600003],[34.702183134000165,38.473909962000675],[34.701313883000125,38.47276713600007],[34.7003206280001,38.470385118000024],[34.703708432999974,38.4678751190001],[34.701603164000176,38.46460278800015],[34.70277590200004,38.462687073000325],[34.70349797400007,38.462108258000114],[34.70983778400006,38.46228701900009],[34.71239580100007,38.457112466000126],[34.71234020300011,38.457012105000445],[34.70753026700004,38.45461013000039],[34.70973470100017,38.449686612000335],[34.70826697200016,38.44747966799997],[34.70909980400012,38.44102551100002],[34.70949480600012,38.439386402000025],[34.70959692100013,38.439030969000555],[34.70998783600004,38.43870334900009],[34.71017973900001,38.438722981000296],[34.72292579800012,38.44375452000014],[34.742374176000055,38.45237545200041],[34.742437273000064,38.452463491000174],[34.74233373300018,38.45311277900004],[34.74784574800003,38.45638955700008],[34.7502460930001,38.4569443040001],[34.750336963000166,38.45703776900007],[34.750422193000134,38.460936501000106],[34.75083108400008,38.46193966500016],[34.75220256600005,38.470060833000105],[34.752374809,38.47453357200004],[34.75336595900012,38.479091116000006],[34.75346651000018,38.4791652250002],[34.75387776000014,38.47915577100031],[34.75396040800001,38.479255370000146],[34.74579479400012,38.50567787500006]]],"type":"Polygon"}},{"type":"Feature","properties":{"area_id":"TR-50-007-2025028","name_tr":"Özyayla Köyü","area_level":"neighbourhood","parent_id":"TR-50-007","endeksa_id":2025028},"geometry":{"coordinates":[[[34.69443447460674,38.52268113311692],[34.69290280000007,38.52055080000008],[34.69368650000007,38.51703309999999],[34.68584002099999,38.51624726500012],[34.68328871600005,38.516359311000144],[34.67828642900014,38.51713728499999],[34.67264713100019,38.51758427100003],[34.668924773000015,38.517530716000124],[34.665143200000045,38.519873100000325],[34.65771860000018,38.520518500000435],[34.653593800000124,38.523358400000575],[34.64930410000011,38.52297110000018],[34.64847910000009,38.519873100000325],[34.645509300000185,38.520002200000704],[34.640559600000074,38.515871300000185],[34.63824970000013,38.517420400000105],[34.63593990000015,38.51548400000007],[34.633960000000116,38.51703309999999],[34.629010300000175,38.51806579999999],[34.62538050000006,38.51754950000009],[34.62472049999997,38.51561310000028],[34.6263704000001,38.51432210000007],[34.626040400000136,38.51277290000047],[34.62356560000018,38.512514700000054],[34.62356560000018,38.51032000000038],[34.626040400000136,38.50954540000009],[34.62488550000012,38.50773790000011],[34.62521550000008,38.502702399999976],[34.62356560000018,38.5016695000005],[34.624555499999985,38.49766660000006],[34.62175070000012,38.49753750000002],[34.618945800000006,38.4950841000001],[34.62175070000012,38.492501400000435],[34.615481000000045,38.48927290000012],[34.61597600000016,38.48643170000008],[34.618945800000006,38.481653100000074],[34.615481000000045,38.47906990000007],[34.612181200000066,38.47906990000007],[34.61564600000003,38.475582500000144],[34.61696589999997,38.47209490000006],[34.610696300000086,38.46989900000045],[34.60871640000005,38.46783210000018],[34.61251119999997,38.46847800000012],[34.61641900000001,38.447227300000065],[34.633218800000066,38.44849860000045],[34.635426100000075,38.45449980000018],[34.63825810000009,38.45678270000002],[34.63896610000006,38.454695500000525],[34.64179800000005,38.45508680000057],[34.640923499999985,38.457174000000066],[34.643380600000114,38.45913070000017],[34.64217279999997,38.46092440000041],[34.644255200000146,38.4623266000001],[34.64587940000007,38.47012000000012],[34.64796170000005,38.472402400000135],[34.64821160000014,38.47445650000009],[34.6490862,38.475597600000185],[34.65066870000004,38.47393480000005],[34.651834800000074,38.475402000000315],[34.65358400000002,38.474163000000146],[34.655041600000175,38.47729300000009],[34.65912300000019,38.47752120000018],[34.658831500000076,38.47999900000053],[34.66153850000006,38.48188990000017],[34.661580100000094,38.484856600000285],[34.66507840000003,38.485997499999996],[34.66374580000007,38.48779050000002],[34.668951600000014,38.4885728000001],[34.67111720000014,38.493136400000026],[34.674240700000155,38.49440770000007],[34.674740400000076,38.49620040000025],[34.67594819999999,38.49724340000057],[34.67532350000005,38.49965530000014],[34.67952980000007,38.50229530000041],[34.67907170000018,38.50441380000001],[34.681112400000075,38.506858000000136],[34.68985810000004,38.507770500000106],[34.69635500000004,38.51054060000018],[34.697570138464016,38.51302516123036],[34.696660000000065,38.51328000000018],[34.69692000000009,38.51394000000005],[34.69805000000014,38.51340000000016],[34.697990000000175,38.51366000000036],[34.69805000000014,38.5140200000003],[34.6971200000001,38.51458000000042],[34.69717000000014,38.51490000000007],[34.69828000000018,38.51483000000013],[34.69848000000019,38.516710000000444],[34.697500000000105,38.51677000000029],[34.69687000000005,38.51666000000057],[34.69671000000011,38.517050000000154],[34.69617000000022,38.51696000000038],[34.69584000000009,38.51802000000015],[34.69513000000012,38.51808000000011],[34.69462000000004,38.5182700000002],[34.694770000000176,38.518530000000396],[34.694650000000195,38.518630000000144],[34.694990000000075,38.51874000000004],[34.695050000000094,38.519590000000164],[34.694250000000125,38.519490000000246],[34.694310000000144,38.51950000000039],[34.694340000000125,38.52057000000008],[34.69447000000025,38.52128000000005],[34.694400000000144,38.5216400000005],[34.69443447460674,38.52268113311692]]],"type":"Polygon"}},{"type":"Feature","properties":{"area_id":"TR-50-007-2025024","name_tr":"İcik Köyü","area_level":"neighbourhood","parent_id":"TR-50-007","endeksa_id":2025024},"geometry":{"coordinates":[[[34.629010300000175,38.51806579999999],[34.6250505000001,38.52168030000064],[34.6211320000001,38.52168030000064],[34.61848450000002,38.52651330000049],[34.6145906000001,38.526005600000076],[34.61069670000012,38.524101700000074],[34.60956090000013,38.52149950000006],[34.61029100000013,38.51908770000017],[34.60842520000011,38.51870680000013],[34.60566699999998,38.520293600000116],[34.60234100000014,38.5190242000001],[34.59779810000015,38.519341500000394],[34.59463430000005,38.52168990000018],[34.58895570000004,38.52194380000009],[34.589848100000154,38.51877030000003],[34.58741440000006,38.51769130000014],[34.58303770000009,38.51922380000025],[34.58238480000011,38.515914100000316],[34.57751740000003,38.51540630000022],[34.57643240300007,38.514390087000606],[34.58062555900011,38.503975980000064],[34.580520774000036,38.503796218000105],[34.580572229000154,38.50370043200013],[34.58038540000001,38.50375231700008],[34.58000628800011,38.50354387300007],[34.57762690900017,38.502882026000464],[34.57820750000013,38.50136350000008],[34.5764628,38.499917000000096],[34.57313680000016,38.49877420000007],[34.57362350000011,38.49744090000007],[34.57548930000013,38.49750440000014],[34.57808530000017,38.49896469999999],[34.58035670000015,38.49902820000045],[34.58003220000012,38.4971235000001],[34.575164800000096,38.495028300000115],[34.57435360000011,38.493694900000094],[34.57946440000006,38.48925030000038],[34.5788965000001,38.48582140000053],[34.58035670000015,38.48328130000033],[34.582404100000076,38.47703010000038],[34.58899190000017,38.452348600000164],[34.59019800000016,38.44882480000007],[34.60115350000012,38.44720610000007],[34.61641900000001,38.447227300000065],[34.61251119999997,38.46847800000012],[34.60871640000005,38.46783210000018],[34.610696300000086,38.46989900000045],[34.61696589999997,38.47209490000006],[34.61564600000003,38.475582500000144],[34.612181200000066,38.47906990000007],[34.615481000000045,38.47906990000007],[34.618945800000006,38.481653100000074],[34.61597600000016,38.48643170000008],[34.615481000000045,38.48927290000012],[34.62175070000012,38.492501400000435],[34.618945800000006,38.4950841000001],[34.62175070000012,38.49753750000002],[34.624555499999985,38.49766660000006],[34.62356560000018,38.5016695000005],[34.62521550000008,38.502702399999976],[34.62488550000012,38.50773790000011],[34.626040400000136,38.50954540000009],[34.62356560000018,38.51032000000038],[34.62356560000018,38.512514700000054],[34.626040400000136,38.51277290000047],[34.6263704000001,38.51432210000007],[34.62472049999997,38.51561310000028],[34.62538050000006,38.51754950000009],[34.629010300000175,38.51806579999999]]],"type":"Polygon"}},{"type":"Feature","properties":{"area_id":"TR-50-007-2025017","name_tr":"Boğaz Köyü","area_level":"neighbourhood","parent_id":"TR-50-007","endeksa_id":2025017},"geometry":{"coordinates":[[[34.66194607373552,38.579398221206475],[34.661983200000066,38.5799094000007],[34.65656520000016,38.57301490000009],[34.65587510000006,38.57236430000012],[34.65517040000003,38.57319940000008],[34.654376501000115,38.573115500000256],[34.6537757000001,38.5734846000006],[34.653153401,38.57356850000008],[34.65289590000009,38.57406329999998],[34.65125440000003,38.573685900000555],[34.65124370100011,38.57351810000017],[34.65069650000004,38.573669100000075],[34.65069650000004,38.5732497000007],[34.65055700000005,38.57285550000006],[34.648432700000114,38.57305680000019],[34.64831470100006,38.57349300000004],[34.64659810100011,38.573300000000245],[34.645707600000094,38.573300000000245],[34.64498880100018,38.57359360000038],[34.64432360100005,38.57425630000017],[34.644237701000065,38.57396270000004],[34.644237701000065,38.573132300000225],[34.64372280000015,38.57248640000006],[34.643662000999996,38.572053900000526],[34.642730300000096,38.57218020000016],[34.64245140000014,38.57239410000011],[34.64204370000016,38.573002300000155],[34.64150730000017,38.57323710000037],[34.64111030000004,38.57286810000039],[34.64078840100012,38.57269190000005],[34.64008560100007,38.57255160000017],[34.63802570100012,38.57299810000012],[34.636051600000144,38.573937500000056],[34.633943699999975,38.5740196000001],[34.63395169336951,38.57505206119504],[34.633845984370794,38.575170956642296],[34.63314000000008,38.57527000000039],[34.63323000000008,38.576020000000085],[34.630530000000135,38.576120000000515],[34.63054000000011,38.57570000000004],[34.62915000000004,38.575680000000375],[34.6290800000001,38.574970000000576],[34.62719000000004,38.57489000000038],[34.626280000000065,38.57496000000009],[34.625410000000215,38.57514000000043],[34.625410000000215,38.57613000000009],[34.62442000000016,38.57630000000012],[34.62431000000015,38.57576000000006],[34.62407000000019,38.57577000000015],[34.624270000000195,38.57520000000005],[34.62443000000013,38.57411000000047],[34.621940000000166,38.57375000000053],[34.62073000000004,38.57335000000012],[34.61999000000009,38.57319000000041],[34.61994443278007,38.57326844483464],[34.61783550000018,38.573398],[34.61596960000014,38.57212950000002],[34.618078800000035,38.57035360000003],[34.61962020000004,38.56788000000017],[34.61653750000005,38.56711890000008],[34.61694310000007,38.56261530000046],[34.61442830000016,38.56331310000064],[34.61134559999999,38.56109290000012],[34.60980430000001,38.55595460000001],[34.61175129999998,38.552973000000236],[34.61094000000003,38.54897610000029],[34.61256250000014,38.547199600000056],[34.615440900000124,38.54566890000007],[34.622149200000024,38.53706420000003],[34.62059370000014,38.53165370000005],[34.617186500000116,38.53108260000005],[34.61970130000003,38.52962300000007],[34.61848450000002,38.52651330000049],[34.6211320000001,38.52168030000064],[34.6250505000001,38.52168030000064],[34.629010300000175,38.51806579999999],[34.633960000000116,38.51703309999999],[34.63593990000015,38.51548400000007],[34.63824970000013,38.517420400000105],[34.640559600000074,38.515871300000185],[34.645509300000185,38.520002200000704],[34.64847910000009,38.519873100000325],[34.64930410000011,38.52297110000018],[34.653593800000124,38.523358400000575],[34.65771860000018,38.520518500000435],[34.665143200000045,38.519873100000325],[34.668924773000015,38.517530716000124],[34.67264713100019,38.51758427100003],[34.67828642900014,38.51713728499999],[34.68328871600005,38.516359311000144],[34.68584002099999,38.51624726500012],[34.69368650000007,38.51703309999999],[34.69290280000007,38.52055080000008],[34.69443447460674,38.52268113311692],[34.69445000000019,38.523150000000385],[34.69493000000011,38.52308000000028],[34.69513339544619,38.5240398711789],[34.69449043600014,38.52477638100004],[34.69336702300018,38.526915407000274],[34.69082447700015,38.530112034000354],[34.68936524899999,38.53374100900032],[34.68165403400013,38.54650710100037],[34.679572482000026,38.54850686900028],[34.67920612300003,38.54916442900014],[34.67803423300006,38.55299252100019],[34.67798326500008,38.55431710100015],[34.678395297000066,38.55727608900003],[34.678136175000134,38.561197441000104],[34.67399110000008,38.57066003000011],[34.67281248553735,38.57262296212349],[34.67263208488862,38.57268441697818],[34.671290000000056,38.57276000000036],[34.66933000000006,38.5726700000007],[34.66842000000008,38.5731200000003],[34.66856000000013,38.573330000000055],[34.6681700000002,38.573600000000226],[34.66775000000007,38.57346000000018],[34.6674000000001,38.57387000000051],[34.66611000000012,38.573700000000144],[34.66560000000021,38.57387000000051],[34.66512000000006,38.57376000000011],[34.66511000000014,38.57363000000055],[34.664600000000064,38.57400000000007],[34.66381000000007,38.57428000000033],[34.66365000000013,38.57458000000031],[34.66239000000013,38.57524000000018],[34.662400000000105,38.5756300000001],[34.66204000000016,38.576460000000225],[34.66210000000012,38.5766900000001],[34.661910000000034,38.57691000000051],[34.66199000000012,38.577070000000276],[34.6618400000001,38.577480000000094],[34.6618900000002,38.577790000000164],[34.661780000000135,38.577950000000044],[34.66179000000005,38.57814000000013],[34.66158000000013,38.57825000000054],[34.66164000000009,38.57845000000003],[34.66199000000012,38.57867000000033],[34.662000000000035,38.57880000000057],[34.6618400000001,38.57908000000032],[34.66194607373552,38.579398221206475]]],"type":"Polygon"}},{"type":"Feature","properties":{"area_id":"TR-50-007-60452","name_tr":"Yukarı Kavak","area_level":"neighbourhood","parent_id":"TR-50-007","endeksa_id":60452},"geometry":{"coordinates":[[[34.816091400000175,38.56953160100011],[34.81947163899997,38.569548061000035],[34.82032474600015,38.56978114200024],[34.82185499400009,38.571153493],[34.82193543700009,38.57181143700012],[34.82137869500002,38.57472236300009],[34.8207474620001,38.57677246000014],[34.81943006000017,38.579373838000265],[34.81841666100007,38.57999937600033],[34.81168993700004,38.58193866600038],[34.81090262399999,38.58250948800003],[34.810780517000126,38.58323834100054],[34.810644166000145,38.58331327899998],[34.810539291000055,38.58324870200005],[34.809113993000096,38.580177605000245],[34.80789399300005,38.5790693080001],[34.80802906900004,38.57813079900018],[34.80925889499997,38.577305569000146],[34.80944776600006,38.575256955999976],[34.80711313400019,38.57271161600005],[34.81007524700004,38.570384654000065],[34.81181407200012,38.56951077200006],[34.816091400000175,38.56953160100011]]],"type":"Polygon"}},{"type":"Feature","properties":{"area_id":"TR-50-007-200347","name_tr":"Bekdik","area_level":"neighbourhood","parent_id":"TR-50-007","endeksa_id":200347},"geometry":{"coordinates":[[[34.71278527330281,38.601010506964485],[34.71204000000023,38.60193000000015],[34.711560000000134,38.603780000000086],[34.71126000000015,38.60602000000034],[34.71126000000015,38.60728000000017],[34.70691000000011,38.606160000000045],[34.704620000000205,38.605420000000436],[34.69705000000016,38.604370000000245],[34.69522000000012,38.60398000000066],[34.6940400000002,38.60399000000007],[34.692660000000046,38.60187000000019],[34.69175000000007,38.60085000000032],[34.69029000000006,38.59990000000005],[34.688820000000135,38.59850000000006],[34.686930000000245,38.597180000000094],[34.68626000000023,38.59608000000071],[34.684510000000216,38.5942100000002],[34.683250000000044,38.5926000000004],[34.67939000000024,38.59123000000017],[34.67732000000018,38.59076000000039],[34.67711000000003,38.59273000000064],[34.67607000000015,38.59517000000005],[34.67560235516652,38.59533279513778],[34.67558790046883,38.59551114209364],[34.672395638847945,38.5929113048889],[34.67119119732274,38.59170906304183],[34.66967410543651,38.59001501737049],[34.66965783357119,38.589899129048945],[34.66987341252002,38.58961412342558],[34.66666000000015,38.586240000000146],[34.665060000000096,38.58412000000021],[34.66205000000008,38.579710000000546],[34.6618400000001,38.57908000000032],[34.662000000000035,38.57880000000057],[34.66199000000012,38.57867000000033],[34.66164000000009,38.57845000000003],[34.66158000000013,38.57825000000054],[34.66179000000005,38.57814000000013],[34.661780000000135,38.577950000000044],[34.6618900000002,38.577790000000164],[34.6618400000001,38.577480000000094],[34.66199000000012,38.577070000000276],[34.661910000000034,38.57691000000051],[34.66210000000012,38.5766900000001],[34.66204000000016,38.576460000000225],[34.662400000000105,38.5756300000001],[34.66239000000013,38.57524000000018],[34.66365000000013,38.57458000000031],[34.66381000000007,38.57428000000033],[34.664600000000064,38.57400000000007],[34.66511000000014,38.57363000000055],[34.66512000000006,38.57376000000011],[34.66560000000021,38.57387000000051],[34.66611000000012,38.573700000000144],[34.6674000000001,38.57387000000051],[34.66775000000007,38.57346000000018],[34.6681700000002,38.573600000000226],[34.66856000000013,38.573330000000055],[34.66842000000008,38.5731200000003],[34.66933000000006,38.5726700000007],[34.671290000000056,38.57276000000036],[34.67263208488862,38.57268441697818],[34.67112000000003,38.5754500000005],[34.67112000000003,38.58018000000038],[34.676489461948904,38.580276468358306],[34.678660000000036,38.58018000000038],[34.68648000000013,38.58376000000027],[34.69026000000008,38.58629000000019],[34.69270555300017,38.58864889600011],[34.69331000000017,38.58931000000047],[34.696861334000005,38.59409857400004],[34.69892701100014,38.596345142000075],[34.69949567500015,38.59683807600004],[34.70346107600005,38.59894159700025],[34.707690000000184,38.59971000000013],[34.71278527330281,38.601010506964485]]],"type":"Polygon"}},{"type":"Feature","properties":{"area_id":"TR-50-007-2025018","name_tr":"Çardak Köyü","area_level":"neighbourhood","parent_id":"TR-50-007","endeksa_id":2025018},"geometry":{"coordinates":[[[34.78102673600006,38.59125756400067],[34.780948189000014,38.59134820500009],[34.77492998800011,38.59329886900019],[34.774759427000106,38.59323170400023],[34.773033510000005,38.587886736000655],[34.77293326600011,38.587820835000116],[34.77256278100009,38.58783543100009],[34.77166806300011,38.5837967290002],[34.77153253400019,38.58375982100034],[34.76568482900012,38.58500145400012],[34.76276617800016,38.58363789500038],[34.761636094000096,38.57917375400041],[34.76236502996164,38.57570867030239],[34.76333000000005,38.57551000000035],[34.7633800000001,38.57535000000007],[34.76439000000022,38.57543000000027],[34.76445000000018,38.575800000000356],[34.76494000000025,38.57579000000021],[34.766350000000216,38.575370000000305],[34.76843000000014,38.574440000000095],[34.76948000000016,38.57453000000004],[34.76954000000018,38.57436000000041],[34.76970000000006,38.574380000000076],[34.77000000000004,38.573480000000245],[34.76935000000009,38.57304000000005],[34.76943000000011,38.57278000000042],[34.7699300000001,38.57292000000007],[34.77042000000017,38.57238000000018],[34.77058000000005,38.572430000000054],[34.770780000000116,38.57227000000029],[34.770600000000115,38.5720800000002],[34.7709000000001,38.571750000000065],[34.77031000000011,38.57118000000037],[34.770200000000045,38.570880000000386],[34.77085000000022,38.570820000000424],[34.77050000000003,38.5700800000003],[34.77096000000006,38.56962000000004],[34.77046000000007,38.569670000000315],[34.77021000000019,38.56957000000017],[34.770070000000146,38.568340000000035],[34.76944000000026,38.56826000000035],[34.76940000000013,38.56792000000007],[34.76949000000013,38.567630000000065],[34.76879000000008,38.56723000000039],[34.768770000000245,38.566890000000114],[34.7686300000002,38.56671000000017],[34.767930000000206,38.5665900000007],[34.76761000000016,38.566450000000486],[34.7674600000002,38.56607000000031],[34.76752000000016,38.56567000000007],[34.76675000000006,38.565490000000636],[34.76711000000017,38.56530000000055],[34.76739000000009,38.56485000000026],[34.76738000000017,38.56470000000013],[34.76736000000011,38.564570000000174],[34.7663800000002,38.564660000000174],[34.76615000000015,38.564030000000116],[34.766420000000096,38.56398000000007],[34.7662900000002,38.563700000000324],[34.76643000000007,38.56325000000004],[34.76458000000014,38.56304000000006],[34.76399000000015,38.563080000000184],[34.763410000000135,38.56201000000033],[34.76331000000022,38.56061000000045],[34.762950000000046,38.5595000000003],[34.76278000000019,38.5593200000003],[34.762080000000026,38.55892000000006],[34.76175000000006,38.558120000000486],[34.761370000000056,38.557630000000074],[34.76098000000013,38.557290000000194],[34.761250000000075,38.55709000000053],[34.76062000000019,38.55597000000023],[34.76115000000016,38.55563000000052],[34.76107000000013,38.55531000000036],[34.75947000000008,38.55418000000009],[34.759730000000104,38.55374000000046],[34.75984000000017,38.55265000000014],[34.759450000000186,38.552480000000116],[34.75921000000005,38.55226000000022],[34.75878000000017,38.55163000000016],[34.75838000000016,38.55173000000042],[34.75792000000007,38.5509100000001],[34.75835000000012,38.55076000000031],[34.75804000000005,38.55027000000041],[34.758360000000096,38.55005000000017],[34.757590000000164,38.549470000000326],[34.75624000000016,38.548640000000546],[34.75610000000012,38.548360000000116],[34.755640000000085,38.54807000000028],[34.75509000000005,38.54754000000048],[34.75441000000012,38.54655000000031],[34.75421000000006,38.54609000000005],[34.75430000000006,38.54602000000034],[34.754180000000076,38.54566000000017],[34.753500000000145,38.545760000000314],[34.75230000000016,38.544960000000174],[34.751270000000204,38.544610000000375],[34.75153000000017,38.54367000000019],[34.751730000000066,38.54332000000022],[34.752050000000054,38.54332000000022],[34.75289000000009,38.543660000000614],[34.75302000000022,38.543560000000184],[34.75295000000011,38.541400000000124],[34.752480000000105,38.54122000000052],[34.75289000000009,38.540400000000204],[34.75137000000012,38.53970000000038],[34.75110000000012,38.539380000000335],[34.75103000000024,38.53911000000005],[34.75066000000015,38.53884000000028],[34.7504100000001,38.53878000000043],[34.74952000000013,38.53888000000018],[34.74899000000016,38.53866000000045],[34.748230000000206,38.53849000000059],[34.74868000000009,38.53739000000053],[34.74627000000021,38.537050000000136],[34.745420000000195,38.53682000000026],[34.745600000000195,38.5355200000007],[34.745100000000036,38.535510000000045],[34.74448000000007,38.53536000000025],[34.74421000000012,38.53539000000006],[34.74413000000004,38.53518000000031],[34.743840000000034,38.53502000000054],[34.74381000000005,38.534860000000094],[34.744020000000205,38.53423000000055],[34.743840000000034,38.5337200000003],[34.743830000000116,38.53227000000038],[34.743220000000065,38.53160000000037],[34.74200000000019,38.53097000000014],[34.74189000000018,38.53087000000039],[34.74205000000006,38.53057000000041],[34.74146000000013,38.530110000000036],[34.74101000000019,38.529870000000074],[34.73925000000003,38.52927000000017],[34.73909000000015,38.52910000000031],[34.73819000000009,38.52867000000026],[34.73825000000011,38.52848000000017],[34.73745000000014,38.52809000000019],[34.737090000000194,38.52808000000044],[34.73684000000014,38.527920000000165],[34.736550000000136,38.52713000000017],[34.73706000000004,38.52715000000023],[34.73788000000019,38.527330000000234],[34.73797000000019,38.52725000000015],[34.7378700000001,38.5267800000002],[34.738540000000114,38.52672000000018],[34.73911000000021,38.5263300000006],[34.74004000000019,38.52624000000026],[34.74004000000019,38.52597000000014],[34.74033000000003,38.52508000000023],[34.74072000000018,38.524410000000216],[34.74112000000025,38.52399000000025],[34.74094000000008,38.52385000000004],[34.740770000000055,38.52325000000013],[34.74072000000018,38.52273000000008],[34.7408200000001,38.52224000000041],[34.74031000000019,38.5221700000003],[34.73991000000012,38.522250000000156],[34.73979000000014,38.52208000000013],[34.73951000000005,38.522220000000175],[34.73927000000009,38.52202000000068],[34.73899000000023,38.52194000000031],[34.73889000000008,38.5217100000001],[34.73893000000004,38.521560000000306],[34.73875000000004,38.521450000000414],[34.738700000000165,38.52123000000017],[34.73793000000006,38.520950000000255],[34.73803000000015,38.520730000000526],[34.73788000000019,38.52046000000024],[34.73768000000018,38.52041000000037],[34.73715000000021,38.52054000000044],[34.73666000000014,38.52055000000041],[34.736160000000154,38.52015000000017],[34.73555000000016,38.52022000000028],[34.73537000000016,38.52016000000026],[34.734920000000045,38.51973000000021],[34.734670000000165,38.51970000000006],[34.73438000000016,38.5198400000001],[34.73412000000013,38.51954000000012],[34.73367000000019,38.51948000000016],[34.73382000000021,38.519060000000195],[34.733800000000144,38.518500000000074],[34.73319000000009,38.518470000000036],[34.73248000000018,38.518630000000144],[34.73205000000013,38.51861000000008],[34.731910000000084,38.51868000000019],[34.731850000000065,38.51885000000004],[34.7317000000001,38.5188600000007],[34.73166000000015,38.51898000000017],[34.731320000000096,38.51874000000004],[34.73099000000013,38.51834000000031],[34.73083000000008,38.518280000000345],[34.730980000000045,38.51756000000006],[34.73074000000008,38.51745000000005],[34.73069000000004,38.51725000000039],[34.730540000000246,38.517260000000476],[34.73060000000004,38.51642000000061],[34.73003000000011,38.5156300000001],[34.73000000000013,38.515470000000164],[34.730140000000176,38.51520000000005],[34.73059000000012,38.51491000000004],[34.731600000000185,38.51471000000038],[34.731630000000166,38.51322000000016],[34.73149000000012,38.513140000000135],[34.73148000000003,38.51282000000009],[34.73117292926884,38.51276915893504],[34.732088100000055,38.51103009999997],[34.739207400000055,38.51028770000005],[34.74044490000017,38.51270840000046],[34.74056322600018,38.51252321900017],[34.74054163800014,38.511683973000345],[34.74063247300012,38.51158886100029],[34.741001029000074,38.511838056000215],[34.742301000000055,38.50980360000028],[34.744982100000016,38.51254700000061],[34.747869400000184,38.51028770000005],[34.748090927000135,38.51023390500012],[34.746768966000104,38.50590904000012],[34.746831750000126,38.50580031800018],[34.74751485000019,38.50551231000031],[34.776095996000095,38.500190423000106],[34.77624701399998,38.50026155300009],[34.778095568000026,38.50575086400033],[34.78307702200004,38.511420202000636],[34.78620411200018,38.51323992800002],[34.78648308900006,38.513069657000244],[34.787010367000164,38.51293911500028],[34.78829210000009,38.510933200000125],[34.79427300000003,38.510771900000464],[34.79819150000009,38.50738280000036],[34.802642300000116,38.507189300000334],[34.81365190000014,38.51271730000013],[34.81367290711438,38.51292632608795],[34.81306000000018,38.51351000000017],[34.81277000000017,38.51334000000014],[34.813750000000084,38.513980000000515],[34.813100000000134,38.51491000000004],[34.81376000000017,38.51524000000035],[34.813840000000255,38.516950000000406],[34.81416000000007,38.5199200000003],[34.814620000000104,38.52027000000015],[34.81476000000015,38.52061000000003],[34.81521000000009,38.520490000000564],[34.81574000000006,38.52053000000035],[34.815890000000195,38.520860000000084],[34.81653000000006,38.52103000000034],[34.81634000000014,38.52112000000011],[34.81670000000008,38.5214900000002],[34.817190000000096,38.52172000000019],[34.81678000000011,38.522220000000175],[34.81653000000006,38.5227000000001],[34.816290000000095,38.523460000000455],[34.816810000000146,38.523490000000095],[34.816820000000064,38.52366000000012],[34.81727000000018,38.5240000000004],[34.818180000000154,38.524330000000134],[34.818270000000155,38.52444000000054],[34.81801000000013,38.52467000000041],[34.81792000000013,38.52506000000017],[34.817590000000166,38.52527000000032],[34.81665000000004,38.52784000000048],[34.81631000000016,38.528350000000046],[34.81599000000011,38.52856000000037],[34.81544000000008,38.528540000000135],[34.814740000000086,38.52881000000008],[34.815330000000074,38.52924000000013],[34.81583000000023,38.52975000000009],[34.81590000000017,38.529780000000414],[34.816070000000195,38.52955000000003],[34.81683000000015,38.5298600000001],[34.817070000000115,38.53005000000019],[34.81568000000004,38.531880000000115],[34.81529000000012,38.53206000000006],[34.815760000000125,38.532470000000046],[34.815610000000106,38.5325900000002],[34.81526000000014,38.53267000000011],[34.815060000000074,38.53284000000065],[34.81438000000014,38.53289000000052],[34.813910000000135,38.53303000000005],[34.81323000000003,38.533560000000534],[34.81269000000009,38.53352000000007],[34.812390000000164,38.533680000000516],[34.81234000000012,38.533990000000585],[34.81243000000012,38.53434000000027],[34.81253000000004,38.534330000000296],[34.81383000000011,38.5351500000001],[34.814310000000035,38.53472000000005],[34.81556000000006,38.53545000000008],[34.80662642734245,38.54069606181616],[34.80656348366426,38.540796189452294],[34.80662213265765,38.540893655013576],[34.799826521000114,38.544311026000116],[34.799684174000106,38.5472061450003],[34.800137714000186,38.547350567000194],[34.80020912700013,38.54745544600041],[34.79964255700014,38.54805256499998],[34.79963520000018,38.54820220000056],[34.79930376800007,38.54840504900005],[34.797362458000066,38.55039829700013],[34.79697730200013,38.54982893300024],[34.796381501000155,38.55019358600066],[34.796308722000106,38.551343746999976],[34.79489170000005,38.5527592610004],[34.79489170000005,38.55578270000018],[34.7943082700001,38.556096357000115],[34.79445881700008,38.55636708300017],[34.794121029000166,38.55619701900008],[34.793872957000076,38.55633038500014],[34.79401353500015,38.55676415700066],[34.78842618100009,38.5601893220001],[34.78829210000009,38.56034755900032],[34.78829210000009,38.56223350000016],[34.78767340000002,38.56416870000038],[34.787420347000136,38.56436655700014],[34.787628191000124,38.56525570500003],[34.7873789030001,38.56544244100019],[34.784197495000114,38.56974496900017],[34.7839611,38.57078000000013],[34.78322901800004,38.57105473500019],[34.78258223000017,38.57183347400007],[34.77907889400018,38.573405775000026],[34.77880520000008,38.57485938200011],[34.77880520000008,38.576907100000085],[34.77983630000017,38.57948670000019],[34.77771325700007,38.58069374400009],[34.77750875200013,38.58181625900011],[34.7752991000001,38.583352537000394],[34.7752991000001,38.58651748400018],[34.77694728300014,38.58688464199997],[34.77938623600005,38.5851096290001],[34.7832861600001,38.586343705000104],[34.78108613799998,38.590783051000074],[34.78102673600006,38.59125756400067]]],"type":"Polygon"}},{"type":"Feature","properties":{"area_id":"TR-50-007-2025023","name_tr":"Güvercinlik Köyü","area_level":"neighbourhood","parent_id":"TR-50-007","endeksa_id":2025023},"geometry":{"coordinates":[[[34.77492998800011,38.59329886900019],[34.765142906000165,38.59929323600011],[34.76481222500007,38.59937677200014],[34.73456387900018,38.56564712400012],[34.73441753300017,38.56561108000017],[34.73433476300005,38.565710738000064],[34.73428465400008,38.56533614799997],[34.69997438500013,38.527124885000376],[34.69960697900012,38.526779244000465],[34.69621249199997,38.52675360700039],[34.695652303011286,38.52475574385062],[34.69528000000008,38.52461000000039],[34.69513339544619,38.5240398711789],[34.69493000000011,38.52308000000028],[34.69445000000019,38.523150000000385],[34.694400000000144,38.5216400000005],[34.69447000000025,38.52128000000005],[34.694340000000125,38.52057000000008],[34.694310000000144,38.51950000000039],[34.694250000000125,38.519490000000246],[34.695050000000094,38.519590000000164],[34.694990000000075,38.51874000000004],[34.694650000000195,38.518630000000144],[34.694770000000176,38.518530000000396],[34.69462000000004,38.5182700000002],[34.69513000000012,38.51808000000011],[34.69584000000009,38.51802000000015],[34.69617000000022,38.51696000000038],[34.69671000000011,38.517050000000154],[34.69687000000005,38.51666000000057],[34.697500000000105,38.51677000000029],[34.69848000000019,38.516710000000444],[34.69828000000018,38.51483000000013],[34.69717000000014,38.51490000000007],[34.6971200000001,38.51458000000042],[34.69805000000014,38.5140200000003],[34.697990000000175,38.51366000000036],[34.69805000000014,38.51340000000016],[34.69692000000009,38.51394000000005],[34.696660000000065,38.51328000000018],[34.697570138464016,38.51302516123036],[34.69635500000004,38.51054060000018],[34.69985330000014,38.5102473000004],[34.69927943699997,38.50965061700015],[34.70100020000018,38.505868855000415],[34.70112345200005,38.505945548000454],[34.74341759200007,38.50569174200024],[34.745661230999985,38.50578921700003],[34.74579479400012,38.50567787500006],[34.74589543900004,38.50579886100013],[34.746831750000126,38.50580031800018],[34.746768966000104,38.50590904000012],[34.748090927000135,38.51023390500012],[34.747869400000184,38.51028770000005],[34.744982100000016,38.51254700000061],[34.742301000000055,38.50980360000028],[34.741001029000074,38.511838056000215],[34.74063247300012,38.51158886100029],[34.74054163800014,38.511683973000345],[34.74056322600018,38.51252321900017],[34.74044490000017,38.51270840000046],[34.739207400000055,38.51028770000005],[34.732088100000055,38.51103009999997],[34.73117292926884,38.51276915893504],[34.73148000000003,38.51282000000009],[34.73149000000012,38.513140000000135],[34.731630000000166,38.51322000000016],[34.731600000000185,38.51471000000038],[34.73059000000012,38.51491000000004],[34.730140000000176,38.51520000000005],[34.73000000000013,38.515470000000164],[34.73003000000011,38.5156300000001],[34.73060000000004,38.51642000000061],[34.730540000000246,38.517260000000476],[34.73069000000004,38.51725000000039],[34.73074000000008,38.51745000000005],[34.730980000000045,38.51756000000006],[34.73083000000008,38.518280000000345],[34.73099000000013,38.51834000000031],[34.731320000000096,38.51874000000004],[34.73166000000015,38.51898000000017],[34.7317000000001,38.5188600000007],[34.731850000000065,38.51885000000004],[34.731910000000084,38.51868000000019],[34.73205000000013,38.51861000000008],[34.73248000000018,38.518630000000144],[34.73319000000009,38.518470000000036],[34.733800000000144,38.518500000000074],[34.73382000000021,38.519060000000195],[34.73367000000019,38.51948000000016],[34.73412000000013,38.51954000000012],[34.73438000000016,38.5198400000001],[34.734670000000165,38.51970000000006],[34.734920000000045,38.51973000000021],[34.73537000000016,38.52016000000026],[34.73555000000016,38.52022000000028],[34.736160000000154,38.52015000000017],[34.73666000000014,38.52055000000041],[34.73715000000021,38.52054000000044],[34.73768000000018,38.52041000000037],[34.73788000000019,38.52046000000024],[34.73803000000015,38.520730000000526],[34.73793000000006,38.520950000000255],[34.738700000000165,38.52123000000017],[34.73875000000004,38.521450000000414],[34.73893000000004,38.521560000000306],[34.73889000000008,38.5217100000001],[34.73899000000023,38.52194000000031],[34.73927000000009,38.52202000000068],[34.73951000000005,38.522220000000175],[34.73979000000014,38.52208000000013],[34.73991000000012,38.522250000000156],[34.74031000000019,38.5221700000003],[34.7408200000001,38.52224000000041],[34.74072000000018,38.52273000000008],[34.740770000000055,38.52325000000013],[34.74094000000008,38.52385000000004],[34.74112000000025,38.52399000000025],[34.74072000000018,38.524410000000216],[34.74033000000003,38.52508000000023],[34.74004000000019,38.52597000000014],[34.74004000000019,38.52624000000026],[34.73911000000021,38.5263300000006],[34.738540000000114,38.52672000000018],[34.7378700000001,38.5267800000002],[34.73797000000019,38.52725000000015],[34.73788000000019,38.527330000000234],[34.73706000000004,38.52715000000023],[34.736550000000136,38.52713000000017],[34.73684000000014,38.527920000000165],[34.737090000000194,38.52808000000044],[34.73745000000014,38.52809000000019],[34.73825000000011,38.52848000000017],[34.73819000000009,38.52867000000026],[34.73909000000015,38.52910000000031],[34.73925000000003,38.52927000000017],[34.74101000000019,38.529870000000074],[34.74146000000013,38.530110000000036],[34.74205000000006,38.53057000000041],[34.74189000000018,38.53087000000039],[34.74200000000019,38.53097000000014],[34.743220000000065,38.53160000000037],[34.743830000000116,38.53227000000038],[34.743840000000034,38.5337200000003],[34.744020000000205,38.53423000000055],[34.74381000000005,38.534860000000094],[34.743840000000034,38.53502000000054],[34.74413000000004,38.53518000000031],[34.74421000000012,38.53539000000006],[34.74448000000007,38.53536000000025],[34.745100000000036,38.535510000000045],[34.745600000000195,38.5355200000007],[34.745420000000195,38.53682000000026],[34.74627000000021,38.537050000000136],[34.74868000000009,38.53739000000053],[34.748230000000206,38.53849000000059],[34.74899000000016,38.53866000000045],[34.74952000000013,38.53888000000018],[34.7504100000001,38.53878000000043],[34.75066000000015,38.53884000000028],[34.75103000000024,38.53911000000005],[34.75110000000012,38.539380000000335],[34.75137000000012,38.53970000000038],[34.75289000000009,38.540400000000204],[34.752480000000105,38.54122000000052],[34.75295000000011,38.541400000000124],[34.75302000000022,38.543560000000184],[34.75289000000009,38.543660000000614],[34.752050000000054,38.54332000000022],[34.751730000000066,38.54332000000022],[34.75153000000017,38.54367000000019],[34.751270000000204,38.544610000000375],[34.75230000000016,38.544960000000174],[34.753500000000145,38.545760000000314],[34.754180000000076,38.54566000000017],[34.75430000000006,38.54602000000034],[34.75421000000006,38.54609000000005],[34.75441000000012,38.54655000000031],[34.75509000000005,38.54754000000048],[34.755640000000085,38.54807000000028],[34.75610000000012,38.548360000000116],[34.75624000000016,38.548640000000546],[34.757590000000164,38.549470000000326],[34.758360000000096,38.55005000000017],[34.75804000000005,38.55027000000041],[34.75835000000012,38.55076000000031],[34.75792000000007,38.5509100000001],[34.75838000000016,38.55173000000042],[34.75878000000017,38.55163000000016],[34.75921000000005,38.55226000000022],[34.759450000000186,38.552480000000116],[34.75984000000017,38.55265000000014],[34.759730000000104,38.55374000000046],[34.75947000000008,38.55418000000009],[34.76107000000013,38.55531000000036],[34.76115000000016,38.55563000000052],[34.76062000000019,38.55597000000023],[34.761250000000075,38.55709000000053],[34.76098000000013,38.557290000000194],[34.761370000000056,38.557630000000074],[34.76175000000006,38.558120000000486],[34.762080000000026,38.55892000000006],[34.76278000000019,38.5593200000003],[34.762950000000046,38.5595000000003],[34.76331000000022,38.56061000000045],[34.763410000000135,38.56201000000033],[34.76399000000015,38.563080000000184],[34.76458000000014,38.56304000000006],[34.76643000000007,38.56325000000004],[34.7662900000002,38.563700000000324],[34.766420000000096,38.56398000000007],[34.76615000000015,38.564030000000116],[34.7663800000002,38.564660000000174],[34.76736000000011,38.564570000000174],[34.76738000000017,38.56470000000013],[34.76739000000009,38.56485000000026],[34.76711000000017,38.56530000000055],[34.76675000000006,38.565490000000636],[34.76752000000016,38.56567000000007],[34.7674600000002,38.56607000000031],[34.76761000000016,38.566450000000486],[34.767930000000206,38.5665900000007],[34.7686300000002,38.56671000000017],[34.768770000000245,38.566890000000114],[34.76879000000008,38.56723000000039],[34.76949000000013,38.567630000000065],[34.76940000000013,38.56792000000007],[34.76944000000026,38.56826000000035],[34.770070000000146,38.568340000000035],[34.77021000000019,38.56957000000017],[34.77046000000007,38.569670000000315],[34.77096000000006,38.56962000000004],[34.77050000000003,38.5700800000003],[34.77085000000022,38.570820000000424],[34.770200000000045,38.570880000000386],[34.77031000000011,38.57118000000037],[34.7709000000001,38.571750000000065],[34.770600000000115,38.5720800000002],[34.770780000000116,38.57227000000029],[34.77058000000005,38.572430000000054],[34.77042000000017,38.57238000000018],[34.7699300000001,38.57292000000007],[34.76943000000011,38.57278000000042],[34.76935000000009,38.57304000000005],[34.77000000000004,38.573480000000245],[34.76970000000006,38.574380000000076],[34.76954000000018,38.57436000000041],[34.76948000000016,38.57453000000004],[34.76843000000014,38.574440000000095],[34.766350000000216,38.575370000000305],[34.76494000000025,38.57579000000021],[34.76445000000018,38.575800000000356],[34.76439000000022,38.57543000000027],[34.7633800000001,38.57535000000007],[34.76333000000005,38.57551000000035],[34.76236502996164,38.57570867030239],[34.761636094000096,38.57917375400041],[34.76276617800016,38.58363789500038],[34.76568482900012,38.58500145400012],[34.77153253400019,38.58375982100034],[34.77166806300011,38.5837967290002],[34.77256278100009,38.58783543100009],[34.77293326600011,38.587820835000116],[34.773033510000005,38.587886736000655],[34.774759427000106,38.59323170400023],[34.77492998800011,38.59329886900019]]],"type":"Polygon"}},{"type":"Feature","properties":{"area_id":"TR-50-007-60451","name_tr":"Aşağı Kavak","area_level":"neighbourhood","parent_id":"TR-50-007","endeksa_id":60451},"geometry":{"coordinates":[[[34.836800075400106,38.564349686964135],[34.83671507300011,38.56447971000017],[34.836575948000075,38.564506440000116],[34.83655266200009,38.56472813900007],[34.83625170000005,38.565188500000204],[34.836369700000034,38.566337700000076],[34.83732634400019,38.56709502200039],[34.83723960000009,38.56733170000007],[34.837621822000074,38.56735514600024],[34.83952382400008,38.56902957400007],[34.839116300000114,38.56950860000006],[34.83932020000009,38.569718300000545],[34.83992100000006,38.569735100000514],[34.84052902000013,38.5699325330001],[34.8404901020001,38.57063283000036],[34.840221400000075,38.57103530000012],[34.84031800000008,38.57121980000011],[34.84045771700016,38.57126838200037],[34.840229799000156,38.575252268000156],[34.83941076200017,38.57539832100008],[34.839063927000154,38.575772508],[34.83730320000001,38.576520900000105],[34.83734610000005,38.57701580000003],[34.83753815900019,38.57743004600019],[34.83634936600015,38.5786171850001],[34.838943922000055,38.57995702000005],[34.839294400000085,38.580675200000144],[34.83478815000012,38.582038385000374],[34.83198159300014,38.58578349300012],[34.83186360000008,38.58554540000006],[34.83114480000012,38.58565440000018],[34.830511800000124,38.58635889999999],[34.83039791200014,38.587896779000175],[34.82955690000017,38.588438700000495],[34.829267300000026,38.588899900000285],[34.82942763700004,38.589191527000025],[34.82869860000005,38.589025700000036],[34.82791540000005,38.58910120000024],[34.82622030000016,38.59023330000048],[34.82620770000017,38.59051890000012],[34.826338300000145,38.59061900000006],[34.82651654800014,38.59060399500015],[34.81989911800008,38.59381573400009],[34.81828090000016,38.59544070000004],[34.818205585000044,38.59562976400008],[34.81728611300019,38.59661465800036],[34.81480251900018,38.596143332999986],[34.81465460000015,38.59581810000003],[34.81408590000012,38.59572590000005],[34.81355519900001,38.595899636000354],[34.81242503900012,38.595678830000054],[34.81129650000008,38.59531500000014],[34.811271852000175,38.59545352500015],[34.80684384900019,38.594588399000486],[34.80628669999999,38.5942050000001],[34.80613152300003,38.594449065000504],[34.80586405200006,38.594464554000126],[34.80586587200003,38.594576676000315],[34.806162325000116,38.59489183100004],[34.80601790000014,38.59500470000006],[34.806114400000126,38.59523110000009],[34.80633970000014,38.59543240000005],[34.805867700000135,38.59564200000017],[34.805899800000134,38.59580970000019],[34.80627540000012,38.59589360000007],[34.806447000000105,38.59606960000002],[34.80690840000011,38.59595230000008],[34.80729460000009,38.596111600000484],[34.806984804000024,38.59669895800005],[34.80650070000013,38.596413400000074],[34.80633970000014,38.59649730000007],[34.80669380000012,38.59702560000011],[34.80588910000017,38.59709260000011],[34.80600710000016,38.59758740000001],[34.80640410000012,38.59816590000014],[34.80669380000012,38.5980737000001],[34.806844000000126,38.59828330000005],[34.807346690000145,38.598220213000104],[34.806297230000155,38.598932511000385],[34.80669380000012,38.600622699999974],[34.806983500000115,38.60090780000013],[34.80738040000011,38.60066460000007],[34.808667900000046,38.60091620000014],[34.80929786200011,38.60075687500034],[34.80993223600018,38.600789430000134],[34.81008529700017,38.600921617000154],[34.8099086310001,38.60172981300019],[34.809386700000175,38.601872000000185],[34.809793764999995,38.60225529400009],[34.80971334300011,38.60262320100003],[34.809645175000185,38.60251774300019],[34.78109607400012,38.5913559280001],[34.78102673600006,38.59125756400067],[34.78108613799998,38.590783051000074],[34.7832861600001,38.586343705000104],[34.77938623600005,38.5851096290001],[34.77694728300014,38.58688464199997],[34.7752991000001,38.58651748400018],[34.7752991000001,38.583352537000394],[34.77750875200013,38.58181625900011],[34.77771325700007,38.58069374400009],[34.77983630000017,38.57948670000019],[34.77880520000008,38.576907100000085],[34.77880520000008,38.57485938200011],[34.77907889400018,38.573405775000026],[34.78258223000017,38.57183347400007],[34.78322901800004,38.57105473500019],[34.7839611,38.57078000000013],[34.784197495000114,38.56974496900017],[34.7873789030001,38.56544244100019],[34.787628191000124,38.56525570500003],[34.787420347000136,38.56436655700014],[34.78767340000002,38.56416870000038],[34.78829210000009,38.56223350000016],[34.78829210000009,38.56034755900032],[34.78842618100009,38.5601893220001],[34.79401353500015,38.55676415700066],[34.793872957000076,38.55633038500014],[34.794121029000166,38.55619701900008],[34.79445881700008,38.55636708300017],[34.7943082700001,38.556096357000115],[34.79489170000005,38.55578270000018],[34.79489170000005,38.5527592610004],[34.796308722000106,38.551343746999976],[34.796381501000155,38.55019358600066],[34.79697730200013,38.54982893300024],[34.797362458000066,38.55039829700013],[34.79930376800007,38.54840504900005],[34.79963520000018,38.54820220000056],[34.79964255700014,38.54805256499998],[34.80020912700013,38.54745544600041],[34.800137714000186,38.547350567000194],[34.799684174000106,38.5472061450003],[34.799826521000114,38.544311026000116],[34.80662213265765,38.540893655013576],[34.80710000000016,38.54138000000029],[34.809021900000175,38.54277830000012],[34.81016991886008,38.543026729726705],[34.81305600000019,38.54484260000004],[34.815738200000055,38.54558100000003],[34.816599700000154,38.545497400000045],[34.816690000000165,38.545890000000384],[34.817500000000166,38.54726000000005],[34.81771144507621,38.547166024410785],[34.81792000000013,38.54754000000048],[34.81898000000007,38.54872000000006],[34.81929000000014,38.54931000000056],[34.81996000000015,38.549940000000106],[34.82836820859001,38.55445473596865],[34.82999000000012,38.555640000000096],[34.83205033078434,38.55643226658367],[34.83238000000017,38.55687000000012],[34.83272000000005,38.55786000000029],[34.833140000000185,38.558430000000044],[34.833790000000135,38.559080000000336],[34.834840000000156,38.55987000000033],[34.83617000000004,38.56062000000003],[34.83656195709597,38.560759007314346],[34.83715343389633,38.561196181013145],[34.83734000000004,38.56217000000021],[34.83679000000018,38.56233000000066],[34.836830000000134,38.56287000000003],[34.83698117023789,38.56307531917275],[34.83700270000003,38.563267400000086],[34.83698094510402,38.5633879616791],[34.83680000000015,38.56345000000027],[34.83680000000015,38.563950000000034],[34.836700000000235,38.56433000000004],[34.836800075400106,38.564349686964135]],[[34.816091400000175,38.56953160100011],[34.81181407200012,38.56951077200006],[34.81007524700004,38.570384654000065],[34.80711313400019,38.57271161600005],[34.80944776600006,38.575256955999976],[34.80925889499997,38.577305569000146],[34.80802906900004,38.57813079900018],[34.80789399300005,38.5790693080001],[34.809113993000096,38.580177605000245],[34.810539291000055,38.58324870200005],[34.810644166000145,38.58331327899998],[34.810780517000126,38.58323834100054],[34.81090262399999,38.58250948800003],[34.81168993700004,38.58193866600038],[34.81841666100007,38.57999937600033],[34.81943006000017,38.579373838000265],[34.8207474620001,38.57677246000014],[34.82137869500002,38.57472236300009],[34.82193543700009,38.57181143700012],[34.82185499400009,38.571153493],[34.82032474600015,38.56978114200024],[34.81947163899997,38.569548061000035],[34.816091400000175,38.56953160100011]]],"type":"Polygon"}},{"type":"Feature","properties":{"area_id":"TR-50-007-60445","name_tr":"Kasapoğlu","area_level":"neighbourhood","parent_id":"TR-50-007","endeksa_id":60445},"geometry":{"coordinates":[[[34.718337294000094,38.61025018900017],[34.71720357300012,38.61083390600021],[34.71684488000005,38.60952180500027],[34.71643139200012,38.60611744000005],[34.71622853700012,38.60558872900009],[34.71562361600007,38.605100944000185],[34.714841727000135,38.603763970000045],[34.71432151300007,38.60200444899999],[34.71381328800004,38.601541528000155],[34.71278527330281,38.601010506964485],[34.707690000000184,38.59971000000013],[34.70346107600005,38.59894159700025],[34.69949567500015,38.59683807600004],[34.69892701100014,38.596345142000075],[34.696861334000005,38.59409857400004],[34.69331000000017,38.58931000000047],[34.69270555300017,38.58864889600011],[34.69026000000008,38.58629000000019],[34.68648000000013,38.58376000000027],[34.678660000000036,38.58018000000038],[34.676489461948904,38.580276468358306],[34.67112000000003,38.58018000000038],[34.67112000000003,38.5754500000005],[34.67263208488862,38.57268441697818],[34.67281248553735,38.57262296212349],[34.67399110000008,38.57066003000011],[34.678136175000134,38.561197441000104],[34.678395297000066,38.55727608900003],[34.67798326500008,38.55431710100015],[34.67803423300006,38.55299252100019],[34.67920612300003,38.54916442900014],[34.679572482000026,38.54850686900028],[34.68165403400013,38.54650710100037],[34.68936524899999,38.53374100900032],[34.69082447700015,38.530112034000354],[34.69336702300018,38.526915407000274],[34.69449043600014,38.52477638100004],[34.69513339544619,38.5240398711789],[34.69528000000008,38.52461000000039],[34.695652303011286,38.52475574385062],[34.69621249199997,38.52675360700039],[34.69960697900012,38.526779244000465],[34.69997438500013,38.527124885000376],[34.73428465400008,38.56533614799997],[34.73433476300005,38.565710738000064],[34.734365617000094,38.56609248100011],[34.73364457800005,38.57330212900018],[34.73284650300019,38.57494730900021],[34.72947394900001,38.57712857900003],[34.72799769900013,38.57840898800055],[34.71960400500018,38.586039377000304],[34.71797416500016,38.58767927600019],[34.71740041800018,38.58879703000048],[34.71728804000014,38.59145803400003],[34.71887607300016,38.59954279100043],[34.71959846100003,38.604636851000066],[34.719391772999984,38.60653477100021],[34.71848922800001,38.61007547800034],[34.718337294000094,38.61025018900017]]],"type":"Polygon"}},{"type":"Feature","properties":{"area_id":"TR-50-007-60444","name_tr":"Afetevleri","area_level":"neighbourhood","parent_id":"TR-50-007","endeksa_id":60444},"geometry":{"coordinates":[[[34.75035535100011,38.60382127300005],[34.72273382500015,38.61230143100022],[34.7223523240001,38.61093835700024],[34.721813556000086,38.610637366000105],[34.71994296100013,38.61024918200013],[34.718588442000055,38.61019208000022],[34.71848922800001,38.61007547800034],[34.719391772999984,38.60653477100021],[34.71959846100003,38.604636851000066],[34.71887607300016,38.59954279100043],[34.71728804000014,38.59145803400003],[34.71740041800018,38.58879703000048],[34.71797416500016,38.58767927600019],[34.71960400500018,38.586039377000304],[34.72799769900013,38.57840898800055],[34.72947394900001,38.57712857900003],[34.73284650300019,38.57494730900021],[34.73364457800005,38.57330212900018],[34.734365617000094,38.56609248100011],[34.73433476300005,38.565710738000064],[34.73441753300017,38.56561108000017],[34.73456387900018,38.56564712400012],[34.76481222500007,38.59937677200014],[34.764431774000116,38.5997992880001],[34.764269241986995,38.599851222392715],[34.764062108000076,38.59969988400019],[34.76343522300016,38.599802224000314],[34.75035535100011,38.60382127300005]]],"type":"Polygon"}},{"type":"Feature","properties":{"area_id":"TR-50-007-2025015","name_tr":"Balcın Köyü","area_level":"neighbourhood","parent_id":"TR-50-007","endeksa_id":2025015},"geometry":{"coordinates":[[[34.64078020700015,38.64604452600014],[34.64059937799999,38.645995022000136],[34.634449525000036,38.64878385500003],[34.62931265200018,38.646418060000144],[34.62831090000003,38.646456300000466],[34.62751149999997,38.64586500000007],[34.626930000000186,38.64560000000034],[34.62559000000016,38.6452400000004],[34.624980000000164,38.64521000000019],[34.62100980000008,38.643791100000215],[34.618735300000026,38.64272690000013],[34.61775900035656,38.6420983981925],[34.61642000000012,38.64171000000033],[34.61481000000015,38.64074000000039],[34.61475579281472,38.64061579281503],[34.61410690836118,38.64009380969145],[34.61381000000017,38.64008000000047],[34.61282000000017,38.63958000000031],[34.61187000000007,38.63930000000005],[34.611320000000035,38.63876000000016],[34.61109000000016,38.63840000000005],[34.60993000000013,38.637410000000386],[34.6093800000001,38.63660000000033],[34.608040000000074,38.635590000000036],[34.60656000000017,38.63493000000017],[34.60533000000021,38.63388000000049],[34.60498000000018,38.63344000000035],[34.60511000000008,38.633420000000115],[34.60539000000017,38.63303000000013],[34.60560000000015,38.63307000000026],[34.60568000000018,38.63298000000009],[34.605650000000026,38.632770000000335],[34.60536000000019,38.63244000000003],[34.60614000000004,38.63124000000022],[34.60608000000008,38.631100000000174],[34.605870000000095,38.63103000000058],[34.60585000000003,38.630660000000375],[34.60665000000017,38.63002000000017],[34.60697000000016,38.62990000000019],[34.6070400000001,38.6297900000003],[34.60703000000018,38.62947000000014],[34.60715000000016,38.629240000000266],[34.606980000000135,38.628680000000145],[34.607320000000186,38.62801000000013],[34.607940000000156,38.62755000000027],[34.60787000000005,38.627410000000225],[34.60756000000015,38.627320000000054],[34.60737000000006,38.627140000000054],[34.607230000000186,38.62668000000019],[34.60703000000018,38.62641000000008],[34.607020000000034,38.62575000000015],[34.60712000000012,38.62544000000008],[34.60629000000006,38.625030000000095],[34.60546000000011,38.62518000000006],[34.60464000000013,38.62501000000003],[34.604040000000055,38.625000000000455],[34.60379000000012,38.622210000000166],[34.60362000000009,38.62219000000033],[34.60305000000017,38.6202500000004],[34.602460000000065,38.61926000000017],[34.60226000000017,38.61922000000027],[34.6019500000001,38.61878000000024],[34.60183000000012,38.618190000000084],[34.60208000000006,38.61814000000004],[34.602150000000165,38.617440000000215],[34.60265000000015,38.61743000000013],[34.602710000000116,38.615730000000156],[34.60285000000016,38.61570000000012],[34.60295000000008,38.61212000000057],[34.60366000000005,38.60919000000007],[34.604880000000094,38.60873000000004],[34.60476000000011,38.608610000000056],[34.60563000000013,38.60803000000038],[34.604970000000094,38.606750000000375],[34.604690000000176,38.60581000000019],[34.60461000000015,38.60521000000011],[34.60465000000005,38.60481000000027],[34.6047700000002,38.60448000000014],[34.60509187328182,38.60453364554712],[34.605699803996345,38.60396987544402],[34.605780000000095,38.60367000000008],[34.606060000000184,38.60343000000012],[34.60794271075673,38.60212441965848],[34.60820000000018,38.60185000000013],[34.60879995517263,38.60163409343653],[34.60949572534173,38.60116511228591],[34.60896000000014,38.60004000000009],[34.60946000000013,38.59789000000018],[34.60971676780059,38.59742944777986],[34.60984768690474,38.59691949311929],[34.60940512532113,38.596622898328064],[34.60824000000008,38.596250000000055],[34.6092000000001,38.59491000000054],[34.608290000000125,38.59249000000068],[34.607730000000174,38.59227000000027],[34.61120000000005,38.58664000000016],[34.61170000000004,38.58506000000017],[34.61214000000018,38.5820200000004],[34.614060866389536,38.57577472158522],[34.61422000000016,38.57535000000007],[34.61666000000008,38.5759400000004],[34.617110000000196,38.575310000000286],[34.61790000000019,38.57526000000041],[34.61805000000015,38.57504000000017],[34.61920000000009,38.5745500000001],[34.61999000000009,38.57319000000041],[34.62073000000004,38.57335000000012],[34.621940000000166,38.57375000000053],[34.62443000000013,38.57411000000047],[34.624270000000195,38.57520000000005],[34.62407000000019,38.57577000000015],[34.62431000000015,38.57576000000006],[34.62442000000016,38.57630000000012],[34.625410000000215,38.57613000000009],[34.625410000000215,38.57514000000043],[34.626280000000065,38.57496000000009],[34.62719000000004,38.57489000000038],[34.6290800000001,38.574970000000576],[34.62915000000004,38.575680000000375],[34.63054000000011,38.57570000000004],[34.630530000000135,38.576120000000515],[34.63323000000008,38.576020000000085],[34.63314000000008,38.57527000000039],[34.633845984370794,38.575170956642296],[34.63395169336951,38.57505206119504],[34.63370000000009,38.578810000000146],[34.63234000000017,38.58184000000006],[34.631890000000055,38.583310000000154],[34.63171000000011,38.58446000000009],[34.63174000000009,38.58492000000035],[34.63089000000008,38.5889200000002],[34.63148000000007,38.590830000000324],[34.63159000000013,38.59180000000043],[34.63206000000008,38.59259000000043],[34.632040000000245,38.59292000000005],[34.636470000000145,38.596380000000124],[34.64172000000019,38.601330000000246],[34.64399000000009,38.60394000000019],[34.647810000000106,38.6087000000004],[34.652700000000095,38.61551000000003],[34.65545000000003,38.61961000000019],[34.66369000000009,38.62465000000009],[34.669960000000174,38.63141000000007],[34.669250945223666,38.63291770934194],[34.669303463716346,38.63305073887],[34.66912525999999,38.63303533000004],[34.640820479000126,38.64589461800017],[34.64078020700015,38.64604452600014]]],"type":"Polygon"}},{"type":"Feature","properties":{"area_id":"TR-50-007-60430","name_tr":"M.Akif Ersoy","area_level":"neighbourhood","parent_id":"TR-50-007","endeksa_id":60430},"geometry":{"coordinates":[[[34.71562361600007,38.605100944000185],[34.71555461200006,38.60523462700064],[34.71340775500016,38.605807460000165],[34.71251203300011,38.60674488300003],[34.711547241000005,38.61089774900006],[34.71221715600012,38.61301712700009],[34.71226955200018,38.614077604000045],[34.71158947500015,38.615867590000676],[34.71071467600018,38.616920632000074],[34.70953242700011,38.61752842400006],[34.709433291000096,38.618087404000164],[34.70929006000006,38.61815726000009],[34.70885192800006,38.618085909000456],[34.70789000000019,38.61727000000036],[34.707200000000114,38.61712000000006],[34.7064900000002,38.61711000000008],[34.7042800000001,38.617350000000044],[34.7042400000002,38.61741000000006],[34.70434090503261,38.617479743184276],[34.69831091200007,38.61475066200012],[34.69642353000006,38.61371289400006],[34.69239739400018,38.61069975300006],[34.69086203800015,38.60912186000013],[34.68780753400017,38.603905237000106],[34.68568825000017,38.60089943700024],[34.68506251300016,38.6002220630005],[34.68168672700011,38.59831880600018],[34.68102248000014,38.59816840400049],[34.6795925240001,38.59825761400009],[34.678964771000096,38.59845618500009],[34.67558790046883,38.59551114209364],[34.67560235516652,38.59533279513778],[34.67607000000015,38.59517000000005],[34.67711000000003,38.59273000000064],[34.67732000000018,38.59076000000039],[34.67939000000024,38.59123000000017],[34.683250000000044,38.5926000000004],[34.684510000000216,38.5942100000002],[34.68626000000023,38.59608000000071],[34.686930000000245,38.597180000000094],[34.688820000000135,38.59850000000006],[34.69029000000006,38.59990000000005],[34.69175000000007,38.60085000000032],[34.692660000000046,38.60187000000019],[34.6940400000002,38.60399000000007],[34.69522000000012,38.60398000000066],[34.69705000000016,38.604370000000245],[34.704620000000205,38.605420000000436],[34.70691000000011,38.606160000000045],[34.71126000000015,38.60728000000017],[34.71126000000015,38.60602000000034],[34.711560000000134,38.603780000000086],[34.71204000000023,38.60193000000015],[34.71278527330281,38.601010506964485],[34.71381328800004,38.601541528000155],[34.71432151300007,38.60200444899999],[34.714841727000135,38.603763970000045],[34.71562361600007,38.605100944000185]]],"type":"Polygon"}},{"type":"Feature","properties":{"area_id":"TR-50-007-60434","name_tr":"Raşitbey","area_level":"neighbourhood","parent_id":"TR-50-007","endeksa_id":60434},"geometry":{"coordinates":[[[34.71717640000014,38.62194893600025],[34.71698984800014,38.621949448000294],[34.71595754700007,38.62233623500009],[34.71578970000013,38.62217520900009],[34.715424526000106,38.62230426700006],[34.71535285900012,38.62247197600004],[34.71519907100003,38.622365787000035],[34.715305242,38.62175530400003],[34.71524926600017,38.62166787400008],[34.713758461,38.62182542199997],[34.71319401400012,38.621594279000306],[34.71268556100006,38.62092187600018],[34.71164639600016,38.620404891000305],[34.711604936611536,38.62042690570752],[34.711220000000196,38.62008000000037],[34.71123000000017,38.61992000000009],[34.710690000000056,38.61848000000032],[34.710540000000094,38.618620000000135],[34.7100173472831,38.61853524550588],[34.709390918000054,38.618338351000205],[34.70939330200008,38.61821628300004],[34.70929006000006,38.61815726000009],[34.709433291000096,38.618087404000164],[34.70953242700011,38.61752842400006],[34.71071467600018,38.616920632000074],[34.71158947500015,38.615867590000676],[34.71226955200018,38.614077604000045],[34.71221715600012,38.61301712700009],[34.711547241000005,38.61089774900006],[34.71251203300011,38.60674488300003],[34.71340775500016,38.605807460000165],[34.71555461200006,38.60523462700064],[34.71562361600007,38.605100944000185],[34.71622853700012,38.60558872900009],[34.71643139200012,38.60611744000005],[34.71684488000005,38.60952180500027],[34.71720357300012,38.61083390600021],[34.718337294000094,38.61025018900017],[34.718303790000164,38.61070949100031],[34.71978448699997,38.62069400800016],[34.71816408800015,38.620397807000074],[34.71804104000006,38.62059104999997],[34.71800612700014,38.621492904000036],[34.71725068700016,38.62183227100013],[34.71717640000014,38.62194893600025]]],"type":"Polygon"}},{"type":"Feature","properties":{"area_id":"TR-50-007-60411","name_tr":"Fatih Sultan Mehmet","area_level":"neighbourhood","parent_id":"TR-50-007","endeksa_id":60411},"geometry":{"coordinates":[[[34.75280850200011,38.60545646700052],[34.75001457400003,38.60775365700016],[34.74932628700003,38.61367398900063],[34.7403581800001,38.612372135000385],[34.74014003100007,38.61240517100009],[34.74168608400015,38.61431680400011],[34.74170831400005,38.6204807420001],[34.73336479700009,38.61883047100042],[34.73239900700014,38.62041654000029],[34.73189220900008,38.62052445400019],[34.72996360000013,38.622994979000055],[34.72986310800019,38.62138036100055],[34.72860057000014,38.62109226600006],[34.72709444000009,38.621482890000095],[34.72694003099997,38.621395747000065],[34.726862945000164,38.62154341000013],[34.723370379000016,38.62244936700017],[34.71997722500015,38.62228635600013],[34.71984900299998,38.62238842400001],[34.719664805000036,38.62224878800055],[34.717113544000085,38.622047649000194],[34.71725068700016,38.62183227100013],[34.71800612700014,38.621492904000036],[34.71804104000006,38.62059104999997],[34.71816408800015,38.620397807000074],[34.71978448699997,38.62069400800016],[34.718303790000164,38.61070949100031],[34.718337294000094,38.61025018900017],[34.71848922800001,38.61007547800034],[34.718588442000055,38.61019208000022],[34.71994296100013,38.61024918200013],[34.721813556000086,38.610637366000105],[34.7223523240001,38.61093835700024],[34.72273382500015,38.61230143100022],[34.75035535100011,38.60382127300005],[34.750837221000154,38.603826633000494],[34.75280850200011,38.60545646700052]]],"type":"Polygon"}},{"type":"Feature","properties":{"area_id":"TR-50-007-60426","name_tr":"Kapucubaşı","area_level":"neighbourhood","parent_id":"TR-50-007","endeksa_id":60426},"geometry":{"coordinates":[[[34.71145011527,38.623625574315724],[34.71148000000005,38.62378000000041],[34.7110100000001,38.62362000000013],[34.7107000000002,38.62422000000004],[34.71025000000009,38.62458000000038],[34.71002000000004,38.62431000000021],[34.70948124112891,38.62398363738896],[34.708860000000186,38.62349000000006],[34.70842000000016,38.62276000000003],[34.7077900000001,38.62274000000036],[34.705490000000054,38.62324000000035],[34.704780000000085,38.622030000000564],[34.706540000000075,38.6214200000004],[34.70752000000016,38.62096000000014],[34.70600000000013,38.61885000000035],[34.70492000000013,38.61788000000041],[34.7042400000002,38.61741000000006],[34.7042800000001,38.617350000000044],[34.7064900000002,38.61711000000008],[34.707200000000114,38.61712000000006],[34.70789000000019,38.61727000000036],[34.70885192800006,38.618085909000456],[34.70929006000006,38.61815726000009],[34.70939330200008,38.61821628300004],[34.709390918000054,38.618338351000205],[34.7100173472831,38.61853524550588],[34.710540000000094,38.618620000000135],[34.710690000000056,38.61848000000032],[34.71123000000017,38.61992000000009],[34.711220000000196,38.62008000000037],[34.711604936611536,38.62042690570752],[34.71174000000008,38.620470000000125],[34.71169000000003,38.62064000000066],[34.711560000000134,38.62064000000066],[34.71129000000013,38.62104000000039],[34.70993000000004,38.6208900000002],[34.710230000000195,38.62118000000004],[34.71165000000008,38.62173000000007],[34.712150000000065,38.62231000000031],[34.71231000000017,38.622360000000185],[34.71185000000014,38.62306000000052],[34.712020000000166,38.62343000000004],[34.71157000000005,38.62348000000031],[34.71145011527,38.623625574315724]]],"type":"Polygon"}},{"type":"Feature","properties":{"area_id":"TR-50-007-60415","name_tr":"Camicedit","area_level":"neighbourhood","parent_id":"TR-50-007","endeksa_id":60415},"geometry":{"coordinates":[[[34.71535285900012,38.62247197600004],[34.715048170000046,38.624908150000124],[34.714909374000115,38.624974222000276],[34.714371463000134,38.62482935400004],[34.711820833000104,38.62389399400007],[34.71145011527,38.623625574315724],[34.71157000000005,38.62348000000031],[34.712020000000166,38.62343000000004],[34.71185000000014,38.62306000000052],[34.71231000000017,38.622360000000185],[34.712150000000065,38.62231000000031],[34.71165000000008,38.62173000000007],[34.710230000000195,38.62118000000004],[34.70993000000004,38.6208900000002],[34.71129000000013,38.62104000000039],[34.711560000000134,38.62064000000066],[34.71169000000003,38.62064000000066],[34.71174000000008,38.620470000000125],[34.711604936611536,38.62042690570752],[34.71164639600016,38.620404891000305],[34.71268556100006,38.62092187600018],[34.71319401400012,38.621594279000306],[34.713758461,38.62182542199997],[34.71524926600017,38.62166787400008],[34.715305242,38.62175530400003],[34.71519907100003,38.622365787000035],[34.71535285900012,38.62247197600004]]],"type":"Polygon"}},{"type":"Feature","properties":{"area_id":"TR-50-007-60435","name_tr":"Sümer","area_level":"neighbourhood","parent_id":"TR-50-007","endeksa_id":60435},"geometry":{"coordinates":[[[34.69763750038646,38.62493005711377],[34.696690000000046,38.62527000000006],[34.69609000000014,38.62529000000029],[34.69555000000008,38.62610000000052],[34.69493000000011,38.62613000000016],[34.693680000000086,38.62694000000039],[34.69244000000015,38.62812000000014],[34.69132000000019,38.628900000000044],[34.69072000000011,38.62920000000014],[34.690710000000195,38.629580000000146],[34.69048000000015,38.62994000000009],[34.68979000000007,38.63018000000005],[34.68883000000005,38.630700000000274],[34.688240000000064,38.630730000000085],[34.687580000000196,38.63097000000005],[34.6869200000001,38.631500000000415],[34.685290000000066,38.63211000000041],[34.67931000000016,38.6325700000001],[34.67392000000007,38.63288000000017],[34.669960000000174,38.63141000000007],[34.66369000000009,38.62465000000009],[34.65545000000003,38.61961000000019],[34.652700000000095,38.61551000000003],[34.647810000000106,38.6087000000004],[34.64399000000009,38.60394000000019],[34.64172000000019,38.601330000000246],[34.636470000000145,38.596380000000124],[34.632040000000245,38.59292000000005],[34.63206000000008,38.59259000000043],[34.63159000000013,38.59180000000043],[34.63148000000007,38.590830000000324],[34.63089000000008,38.5889200000002],[34.63174000000009,38.58492000000035],[34.63171000000011,38.58446000000009],[34.631890000000055,38.583310000000154],[34.63234000000017,38.58184000000006],[34.63370000000009,38.578810000000146],[34.63395169336951,38.57505206119504],[34.633943699999975,38.5740196000001],[34.636051600000144,38.573937500000056],[34.63802570100012,38.57299810000012],[34.64008560100007,38.57255160000017],[34.64078840100012,38.57269190000005],[34.64111030000004,38.57286810000039],[34.64150730000017,38.57323710000037],[34.64204370000016,38.573002300000155],[34.64245140000014,38.57239410000011],[34.642730300000096,38.57218020000016],[34.643662000999996,38.572053900000526],[34.64372280000015,38.57248640000006],[34.644237701000065,38.573132300000225],[34.644237701000065,38.57396270000004],[34.64432360100005,38.57425630000017],[34.64498880100018,38.57359360000038],[34.645707600000094,38.573300000000245],[34.64659810100011,38.573300000000245],[34.64831470100006,38.57349300000004],[34.648432700000114,38.57305680000019],[34.65055700000005,38.57285550000006],[34.65069650000004,38.5732497000007],[34.65069650000004,38.573669100000075],[34.65124370100011,38.57351810000017],[34.65125440000003,38.573685900000555],[34.65289590000009,38.57406329999998],[34.653153401,38.57356850000008],[34.6537757000001,38.5734846000006],[34.654376501000115,38.573115500000256],[34.65517040000003,38.57319940000008],[34.65587510000006,38.57236430000012],[34.65656520000016,38.57301490000009],[34.661983200000066,38.5799094000007],[34.66194607373552,38.579398221206475],[34.66205000000008,38.579710000000546],[34.665060000000096,38.58412000000021],[34.66666000000015,38.586240000000146],[34.66987341252002,38.58961412342558],[34.66965783357119,38.589899129048945],[34.66967410543651,38.59001501737049],[34.67119119732274,38.59170906304183],[34.672395638847945,38.5929113048889],[34.67558790046883,38.59551114209364],[34.678964771000096,38.59845618500009],[34.6795925240001,38.59825761400009],[34.68102248000014,38.59816840400049],[34.68168672700011,38.59831880600018],[34.68506251300016,38.6002220630005],[34.68568825000017,38.60089943700024],[34.68780753400017,38.603905237000106],[34.69086203800015,38.60912186000013],[34.69239739400018,38.61069975300006],[34.69642353000006,38.61371289400006],[34.69831091200007,38.61475066200012],[34.70434090503261,38.617479743184276],[34.70492000000013,38.61788000000041],[34.70600000000013,38.61885000000035],[34.70752000000016,38.62096000000014],[34.706540000000075,38.6214200000004],[34.70490076947419,38.62198814239838],[34.70487710000015,38.62193770000039],[34.70354680000003,38.62242810000009],[34.701712101,38.62296870000006],[34.70187840000017,38.623538700000154],[34.70159950000004,38.62359740000022],[34.70076800000015,38.623727300000155],[34.69763750038646,38.62493005711377]]],"type":"Polygon"}},{"type":"Feature","properties":{"area_id":"TR-50-007-60427","name_tr":"Karasoku","area_level":"neighbourhood","parent_id":"TR-50-007","endeksa_id":60427},"geometry":{"coordinates":[[[34.714371463000134,38.62482935400004],[34.71444426800019,38.624920724000106],[34.71429813200018,38.62670167800002],[34.71439320800005,38.62759049000039],[34.714318252000055,38.62771878100011],[34.71315948300003,38.62723078400029],[34.71285037400014,38.62712181400019],[34.7128890780001,38.62707257700043],[34.71280771900007,38.627085863000104],[34.71144637300006,38.62593849200016],[34.71017659400002,38.62614898500004],[34.71016628000007,38.62542887400059],[34.70970355000014,38.62423316700051],[34.70948124112891,38.62398363738896],[34.71002000000004,38.62431000000021],[34.71025000000009,38.62458000000038],[34.7107000000002,38.62422000000004],[34.7110100000001,38.62362000000013],[34.71148000000005,38.62378000000041],[34.71145011527,38.623625574315724],[34.711820833000104,38.62389399400007],[34.714371463000134,38.62482935400004]]],"type":"Polygon"}},{"type":"Feature","properties":{"area_id":"TR-50-007-60437","name_tr":"Yeni","area_level":"neighbourhood","parent_id":"TR-50-007","endeksa_id":60437},"geometry":{"coordinates":[[[34.724861394000015,38.62871489500043],[34.724842204000026,38.62885332600007],[34.721080331999985,38.629134706000116],[34.71633286700006,38.62841319500069],[34.71458864300013,38.62788821700042],[34.714318252000055,38.62771878100011],[34.71439320800005,38.62759049000039],[34.71429813200018,38.62670167800002],[34.71444426800019,38.624920724000106],[34.714371463000134,38.62482935400004],[34.714909374000115,38.624974222000276],[34.715048170000046,38.624908150000124],[34.71535285900012,38.62247197600004],[34.715424526000106,38.62230426700006],[34.71578970000013,38.62217520900009],[34.71595754700007,38.62233623500009],[34.71698984800014,38.621949448000294],[34.71717640000014,38.62194893600025],[34.717113544000085,38.622047649000194],[34.719664805000036,38.62224878800055],[34.71984900299998,38.62238842400001],[34.72003040100009,38.626662309000096],[34.72461979400015,38.62849021800008],[34.724861394000015,38.62871489500043]]],"type":"Polygon"}},{"type":"Feature","properties":{"area_id":"TR-50-007-60440","name_tr":"350 Evler","area_level":"neighbourhood","parent_id":"TR-50-007","endeksa_id":60440},"geometry":{"coordinates":[[[34.72996360000013,38.622994979000055],[34.730161580000185,38.62617592800041],[34.72837385100013,38.626288138999996],[34.72831977100009,38.626384495000025],[34.72805895100004,38.62640043100009],[34.72805084500004,38.62686365400015],[34.72779228600007,38.6273243410003],[34.72689392800015,38.62746164900011],[34.72692951700003,38.62821810600008],[34.72663730100015,38.629063288000566],[34.726687421000065,38.62916307400047],[34.72641483800015,38.62914342400012],[34.72527616400009,38.6287401860003],[34.725007092,38.62880596200006],[34.724861394000015,38.62871489500043],[34.72461979400015,38.62849021800008],[34.72003040100009,38.626662309000096],[34.71984900299998,38.62238842400001],[34.71997722500015,38.62228635600013],[34.723370379000016,38.62244936700017],[34.726862945000164,38.62154341000013],[34.72694003099997,38.621395747000065],[34.72709444000009,38.621482890000095],[34.72860057000014,38.62109226600006],[34.72986310800019,38.62138036100055],[34.72996360000013,38.622994979000055]]],"type":"Polygon"}},{"type":"Feature","properties":{"area_id":"TR-50-007-60425","name_tr":"İbrahimpaşa","area_level":"neighbourhood","parent_id":"TR-50-007","endeksa_id":60425},"geometry":{"coordinates":[[[34.71026248800007,38.62613474600005],[34.71006449999999,38.626556200000095],[34.70951200000013,38.6270088000004],[34.709302800000046,38.627394300000674],[34.70872340000005,38.62873120000012],[34.70871810000017,38.62925080000008],[34.708149400000025,38.628680900000006],[34.70570320000013,38.62373570000011],[34.70392229999999,38.62389490000032],[34.70161560000014,38.62367700000004],[34.70159950000004,38.62359740000022],[34.70187840000017,38.623538700000154],[34.701712101,38.62296870000006],[34.70354680000003,38.62242810000009],[34.70487710000015,38.62193770000039],[34.70490076947419,38.62198814239838],[34.704780000000085,38.622030000000564],[34.705490000000054,38.62324000000035],[34.7077900000001,38.62274000000036],[34.70842000000016,38.62276000000003],[34.708860000000186,38.62349000000006],[34.70948124112891,38.62398363738896],[34.70970355000014,38.62423316700051],[34.71016628000007,38.62542887400059],[34.71017659400002,38.62614898500004],[34.71026248800007,38.62613474600005]]],"type":"Polygon"}},{"type":"Feature","properties":{"area_id":"TR-50-007-60423","name_tr":"Hacırüştü","area_level":"neighbourhood","parent_id":"TR-50-007","endeksa_id":60423},"geometry":{"coordinates":[[[34.71099530000009,38.627874200000235],[34.70871810000017,38.62925080000008],[34.70872340000005,38.62873120000012],[34.709302800000046,38.627394300000674],[34.70951200000013,38.6270088000004],[34.71006449999999,38.626556200000095],[34.71026248800007,38.62613474600005],[34.71144637300006,38.62593849200016],[34.71280771900007,38.627085863000104],[34.7128890780001,38.62707257700043],[34.71285037400014,38.62712181400019],[34.71315948300003,38.62723078400029],[34.71181330000013,38.627394300000674],[34.71099530000009,38.627874200000235]]],"type":"Polygon"}},{"type":"Feature","properties":{"area_id":"TR-50-007-60424","name_tr":"Herikli","area_level":"neighbourhood","parent_id":"TR-50-007","endeksa_id":60424},"geometry":{"coordinates":[[[34.71434530000016,38.62773170000003],[34.71434800000003,38.628025100000286],[34.71396180000005,38.62890300000009],[34.71327240000005,38.62965320000035],[34.712725300000045,38.62945620000039],[34.7119421000001,38.62896590000014],[34.711652400000105,38.62893650000001],[34.71160950000012,38.629133500000194],[34.71132520000003,38.62914190000032],[34.71099530000009,38.627874200000235],[34.71181330000013,38.627394300000674],[34.71315948300003,38.62723078400029],[34.71434530000016,38.62773170000003]]],"type":"Polygon"}},{"type":"Feature","properties":{"area_id":"TR-50-007-60463","name_tr":"Aşağı Uçhisar","area_level":"neighbourhood","parent_id":"TR-50-007","endeksa_id":60463},"geometry":{"coordinates":[[[34.82530895800005,38.615082703000155],[34.825202196000134,38.61501389500012],[34.82507907200005,38.61506282700026],[34.82439740600012,38.61630876100014],[34.81806133700019,38.63131911000016],[34.817623856000125,38.63179416300011],[34.817623937000064,38.631893366999975],[34.81465295400017,38.62792451300004],[34.81222992300013,38.62777044900008],[34.809744103000185,38.62793763400015],[34.80966860300015,38.62806464200003],[34.810196507000114,38.62875716100001],[34.810170570000025,38.62887254600059],[34.808895766000035,38.629305844000385],[34.80838817500006,38.62971061700057],[34.80696334800007,38.6300628230004],[34.80569434,38.629111980000175],[34.80423086100018,38.62736761800005],[34.80349424600007,38.627564464000045],[34.79814842800005,38.623459064000144],[34.794777502000045,38.62194125400015],[34.79375337500011,38.62120929400015],[34.78991821300008,38.617833502999986],[34.78950030000004,38.61727194399998],[34.79005394400019,38.61680001500014],[34.79002458400009,38.61666563600045],[34.78738570200005,38.615400692000094],[34.78557063800014,38.615234636000025],[34.78070125400012,38.6135029080001],[34.77759909600013,38.612134359000606],[34.77474416500007,38.608528352000405],[34.77103580400012,38.6024091650001],[34.76884218100008,38.601713272000154],[34.76617415000004,38.60123694399999],[34.764269241986995,38.599851222392715],[34.764431774000116,38.5997992880001],[34.76481222500007,38.59937677200014],[34.765142906000165,38.59929323600011],[34.77492998800011,38.59329886900019],[34.780948189000014,38.59134820500009],[34.78102673600006,38.59125756400067],[34.78109607400012,38.5913559280001],[34.809645175000185,38.60251774300019],[34.80971334300011,38.60262320100003],[34.80969900300016,38.60294707500037],[34.81331212500015,38.6052921430001],[34.812803356000074,38.606100683000534],[34.81288479900013,38.606189037000206],[34.812651431000006,38.60641724900012],[34.812783858000046,38.606588256000464],[34.812979301000155,38.60628567500021],[34.81313924400018,38.60644617900016],[34.814855655000144,38.60473576100003],[34.81497222300004,38.604700946000094],[34.82572196900003,38.6087658350001],[34.82520841500019,38.61481031000005],[34.82530895800005,38.615082703000155]]],"type":"Polygon"}},{"type":"Feature","properties":{"area_id":"TR-50-007-60420","name_tr":"Esentepe","area_level":"neighbourhood","parent_id":"TR-50-007","endeksa_id":60420},"geometry":{"coordinates":[[[34.7559204223997,38.63153081663319],[34.75473903600016,38.63150781900026],[34.75115466400007,38.631929353000146],[34.74694831900007,38.631700523000006],[34.74670683800008,38.631559019000065],[34.74586436100009,38.6316415550001],[34.74304707200014,38.63128022000018],[34.73709109500004,38.631164279000586],[34.729782354000065,38.63076667600046],[34.726684212000066,38.62929865400014],[34.72674277700003,38.62919430500011],[34.726687421000065,38.62916307400047],[34.72663730100015,38.629063288000566],[34.72692951700003,38.62821810600008],[34.72689392800015,38.62746164900011],[34.72779228600007,38.6273243410003],[34.72805084500004,38.62686365400015],[34.72805895100004,38.62640043100009],[34.72831977100009,38.626384495000025],[34.72837385100013,38.626288138999996],[34.730161580000185,38.62617592800041],[34.72996360000013,38.622994979000055],[34.73189220900008,38.62052445400019],[34.73239900700014,38.62041654000029],[34.73336479700009,38.61883047100042],[34.74170831400005,38.6204807420001],[34.74168608400015,38.61431680400011],[34.74014003100007,38.61240517100009],[34.7403581800001,38.612372135000385],[34.74932628700003,38.61367398900063],[34.75001457400003,38.60775365700016],[34.75280850200011,38.60545646700052],[34.757195393000075,38.61027133400006],[34.76350690200013,38.61203792800018],[34.76326431100006,38.616635766000286],[34.76477933100017,38.61821612800048],[34.763479045000054,38.62347411500059],[34.76789479000013,38.626683797000055],[34.76332307700011,38.63049830900019],[34.7560391876155,38.63135495926667],[34.755926178264474,38.631418513514916],[34.7559204223997,38.63153081663319]]],"type":"Polygon"}},{"type":"Feature","properties":{"area_id":"TR-50-007-60429","name_tr":"Kıratlıoğlu","area_level":"neighbourhood","parent_id":"TR-50-007","endeksa_id":60429},"geometry":{"coordinates":[[[34.70871810000017,38.62925080000008],[34.707448900000145,38.630280100000164],[34.70676890000016,38.631198900000186],[34.706545500000175,38.631115700000066],[34.70535990000013,38.63194120000014],[34.70401880000003,38.63247760000013],[34.70383850000019,38.632478900000194],[34.70384506489887,38.63242133711458],[34.703940000000046,38.63242000000048],[34.70393000000013,38.631100000000174],[34.70377000000019,38.63060000000053],[34.704090000000235,38.62987000000015],[34.70401000000015,38.62871000000047],[34.70311000000015,38.627940000000194],[34.70314000000013,38.62731000000031],[34.702460000000144,38.62718000000035],[34.70247000000012,38.62708000000009],[34.701460000000225,38.627040000000136],[34.70108000000005,38.626950000000136],[34.70099000000005,38.62705000000028],[34.69954000000013,38.6274600000001],[34.69901000000016,38.62676000000005],[34.69788000000011,38.62488000000047],[34.69800000000009,38.62480000000028],[34.69763750038646,38.62493005711377],[34.70076800000015,38.623727300000155],[34.70159950000004,38.62359740000022],[34.70161560000014,38.62367700000004],[34.70392229999999,38.62389490000032],[34.70570320000013,38.62373570000011],[34.708149400000025,38.628680900000006],[34.70871810000017,38.62925080000008]]],"type":"Polygon"}},{"type":"Feature","properties":{"area_id":"TR-50-007-60419","name_tr":"Emek","area_level":"neighbourhood","parent_id":"TR-50-007","endeksa_id":60419},"geometry":{"coordinates":[[[34.729782354000065,38.63076667600046],[34.72873745400011,38.6310016650001],[34.72662034000007,38.63096045300006],[34.72634553300003,38.631539588000464],[34.72564053800005,38.63169813600007],[34.724197726,38.635886816000266],[34.72304205400013,38.635410872000136],[34.72037467800004,38.63334800200016],[34.720237806000114,38.633328907000134],[34.716553820000115,38.634573655000054],[34.715890915000045,38.634618187],[34.715604751,38.634955511000214],[34.71543306900003,38.635035145000074],[34.71572400000019,38.63428370000014],[34.7159815,38.633223499999986],[34.71597610000009,38.63232670000008],[34.715809800000045,38.63130430000018],[34.71509535500013,38.62972650500046],[34.71465330700016,38.62842449900006],[34.71458864300013,38.62788821700042],[34.71633286700006,38.62841319500069],[34.721080331999985,38.629134706000116],[34.724842204000026,38.62885332600007],[34.724861394000015,38.62871489500043],[34.725007092,38.62880596200006],[34.72527616400009,38.6287401860003],[34.72641483800015,38.62914342400012],[34.726687421000065,38.62916307400047],[34.72674277700003,38.62919430500011],[34.726684212000066,38.62929865400014],[34.729782354000065,38.63076667600046]]],"type":"Polygon"}},{"type":"Feature","properties":{"area_id":"TR-50-007-60438","name_tr":"20 Temmuz","area_level":"neighbourhood","parent_id":"TR-50-007","endeksa_id":60438},"geometry":{"coordinates":[[[34.71327240000005,38.62965320000035],[34.712049400000126,38.63097740000012],[34.71111060000004,38.63174010000017],[34.7100913000001,38.63273740000045],[34.70868590000015,38.634359100000154],[34.707752500000026,38.635025400000075],[34.70595896418877,38.63595020766036],[34.70526000000018,38.63533000000041],[34.70284000000015,38.632560000000694],[34.70323000000013,38.632430000000056],[34.70384506489887,38.63242133711458],[34.70383850000019,38.632478900000194],[34.70401880000003,38.63247760000013],[34.70535990000013,38.63194120000014],[34.706545500000175,38.631115700000066],[34.70676890000016,38.631198900000186],[34.707448900000145,38.630280100000164],[34.70871810000017,38.62925080000008],[34.71099530000009,38.627874200000235],[34.71132520000003,38.62914190000032],[34.71160950000012,38.629133500000194],[34.711652400000105,38.62893650000001],[34.7119421000001,38.62896590000014],[34.712725300000045,38.62945620000039],[34.71327240000005,38.62965320000035]]],"type":"Polygon"}},{"type":"Feature","properties":{"area_id":"TR-50-007-60412","name_tr":"Bahçelievler","area_level":"neighbourhood","parent_id":"TR-50-007","endeksa_id":60412},"geometry":{"coordinates":[[[34.709915405000174,38.63721369600012],[34.709544200000096,38.63722110000003],[34.70901850000013,38.637589800000114],[34.70870730000013,38.63805910000008],[34.70749500000005,38.63861220000052],[34.70641950000004,38.63883800000019],[34.70549940000012,38.63810940000013],[34.70481280000013,38.637958600000445],[34.70423149999999,38.63726330000014],[34.70469000000014,38.637020000000234],[34.70595896418877,38.63595020766036],[34.707752500000026,38.635025400000075],[34.70868590000015,38.634359100000154],[34.7100913000001,38.63273740000045],[34.71111060000004,38.63174010000017],[34.712049400000126,38.63097740000012],[34.71396180000005,38.62890300000009],[34.71434800000003,38.628025100000286],[34.71434530000016,38.62773170000003],[34.71458864300013,38.62788821700042],[34.71465330700016,38.62842449900006],[34.71509535500013,38.62972650500046],[34.715809800000045,38.63130430000018],[34.71597610000009,38.63232670000008],[34.7159815,38.633223499999986],[34.71572400000019,38.63428370000014],[34.71543306900003,38.635035145000074],[34.71299401700003,38.63616648300058],[34.71216137400012,38.63637607300018],[34.709872561,38.636711127000524],[34.70977886200018,38.63682417000001],[34.709915405000174,38.63721369600012]]],"type":"Polygon"}},{"type":"Feature","properties":{"area_id":"TR-50-007-60457","name_tr":"Baş","area_level":"neighbourhood","parent_id":"TR-50-007","endeksa_id":60457},"geometry":{"coordinates":[[[34.71189525800014,38.64229321100004],[34.71172118200013,38.64235321299998],[34.708434592000174,38.641056560000266],[34.70106676600017,38.640433969000355],[34.70057898400012,38.640414038000074],[34.7004827290001,38.64031996900019],[34.701023811000084,38.63910927200044],[34.701799436000044,38.63850179800045],[34.70327028600008,38.637925250000194],[34.70341700500006,38.63775106300005],[34.703546328000186,38.637817047],[34.70437442100001,38.63743424900014],[34.70481280000013,38.637958600000445],[34.70549940000012,38.63810940000013],[34.70641950000004,38.63883800000019],[34.70749500000005,38.63861220000052],[34.70870730000013,38.63805910000008],[34.70901850000013,38.637589800000114],[34.709544200000096,38.63722110000003],[34.709915405000174,38.63721369600012],[34.7099472540001,38.63730455200033],[34.71275377100005,38.637740833000635],[34.714323043000036,38.63886981000019],[34.7156833250001,38.63944777400002],[34.716074602000106,38.6401944050001],[34.71605582000012,38.64029324700061],[34.71515857400016,38.64110873400017],[34.71227334400015,38.64142258700008],[34.71189525800014,38.64229321100004]]],"type":"Polygon"}},{"type":"Feature","properties":{"area_id":"TR-50-007-140322","name_tr":"Orta","area_level":"neighbourhood","parent_id":"TR-50-007","endeksa_id":140322},"geometry":{"coordinates":[[[34.71756650600008,38.643230523000284],[34.717426578000016,38.64317216300043],[34.71642733200014,38.643390928000144],[34.71526296300016,38.64332825800011],[34.71196222500009,38.642434688000094],[34.71189525800014,38.64229321100004],[34.71227334400015,38.64142258700008],[34.71515857400016,38.64110873400017],[34.71605582000012,38.64029324700061],[34.716074602000106,38.6401944050001],[34.71674219000005,38.64029992400003],[34.71768078900004,38.640964791000044],[34.71804839100008,38.64236730300013],[34.71796448300006,38.64285883100007],[34.71757617200018,38.643113456000094],[34.71756650600008,38.643230523000284]]],"type":"Polygon"}},{"type":"Feature","properties":{"area_id":"TR-50-007-60456","name_tr":"Aşağı Nar","area_level":"neighbourhood","parent_id":"TR-50-007","endeksa_id":60456},"geometry":{"coordinates":[[[34.72722960600004,38.637228967000055],[34.72605098400004,38.639998318000096],[34.722788569000045,38.64085498700001],[34.72215634100013,38.64504825900008],[34.72163388900009,38.64583645300007],[34.72070896700012,38.64659711200039],[34.719597076000014,38.64635992200016],[34.71798034600005,38.64640255300037],[34.71811866200011,38.64485918000048],[34.71786855300007,38.64361097500017],[34.71756650600008,38.643230523000284],[34.71757617200018,38.643113456000094],[34.71796448300006,38.64285883100007],[34.71804839100008,38.64236730300013],[34.71768078900004,38.640964791000044],[34.71674219000005,38.64029992400003],[34.716074602000106,38.6401944050001],[34.7156833250001,38.63944777400002],[34.714323043000036,38.63886981000019],[34.71275377100005,38.637740833000635],[34.7099472540001,38.63730455200033],[34.70977886200018,38.63682417000001],[34.709872561,38.636711127000524],[34.71216137400012,38.63637607300018],[34.71299401700003,38.63616648300058],[34.715604751,38.634955511000214],[34.715890915000045,38.634618187],[34.716553820000115,38.634573655000054],[34.720237806000114,38.633328907000134],[34.72037467800004,38.63334800200016],[34.72304205400013,38.635410872000136],[34.72717167600007,38.63711158799998],[34.72722960600004,38.637228967000055]]],"type":"Polygon"}},{"type":"Feature","properties":{"area_id":"TR-50-007-60416","name_tr":"Cevher Dudayev","area_level":"neighbourhood","parent_id":"TR-50-007","endeksa_id":60416},"geometry":{"coordinates":[[[34.68009838500012,38.64955691100005],[34.6799400000001,38.64964000000009],[34.669303463716346,38.63305073887],[34.669250945223666,38.63291770934194],[34.669960000000174,38.63141000000007],[34.67392000000007,38.63288000000017],[34.67931000000016,38.6325700000001],[34.685290000000066,38.63211000000041],[34.6869200000001,38.631500000000415],[34.687580000000196,38.63097000000005],[34.688240000000064,38.630730000000085],[34.68883000000005,38.630700000000274],[34.68979000000007,38.63018000000005],[34.69048000000015,38.62994000000009],[34.690710000000195,38.629580000000146],[34.69072000000011,38.62920000000014],[34.69132000000019,38.628900000000044],[34.69244000000015,38.62812000000014],[34.693680000000086,38.62694000000039],[34.69493000000011,38.62613000000016],[34.69555000000008,38.62610000000052],[34.69609000000014,38.62529000000029],[34.696690000000046,38.62527000000006],[34.69800000000009,38.62480000000028],[34.69788000000011,38.62488000000047],[34.69901000000016,38.62676000000005],[34.69954000000013,38.6274600000001],[34.70099000000005,38.62705000000028],[34.70108000000005,38.626950000000136],[34.701460000000225,38.627040000000136],[34.70247000000012,38.62708000000009],[34.702460000000144,38.62718000000035],[34.70314000000013,38.62731000000031],[34.70311000000015,38.627940000000194],[34.70401000000015,38.62871000000047],[34.704090000000235,38.62987000000015],[34.70377000000019,38.63060000000053],[34.70393000000013,38.631100000000174],[34.703940000000046,38.63242000000048],[34.70323000000013,38.632430000000056],[34.70284000000015,38.632560000000694],[34.70526000000018,38.63533000000041],[34.70595896418877,38.63595020766036],[34.70469000000014,38.637020000000234],[34.70423149999999,38.63726330000014],[34.70437442100001,38.63743424900014],[34.703546328000186,38.637817047],[34.70341700500006,38.63775106300005],[34.70327028600008,38.637925250000194],[34.701799436000044,38.63850179800045],[34.701023811000084,38.63910927200044],[34.7004827290001,38.64031996900019],[34.70057898400012,38.640414038000074],[34.70106676600017,38.640433969000355],[34.69269777121269,38.641822593985296],[34.691800000000114,38.64213000000029],[34.69110000000012,38.642560000000344],[34.688536009266954,38.643753241841466],[34.68735000000015,38.64468000000022],[34.68624000000017,38.6453900000007],[34.68310534600016,38.64639021700009],[34.68247000000014,38.64670000000041],[34.68221071400018,38.64688479100016],[34.68049579489855,38.64892751824209],[34.680106735913,38.64942625875051],[34.68009838500012,38.64955691100005]]],"type":"Polygon"}},{"type":"Feature","properties":{"area_id":"TR-50-007-60422","name_tr":"Güzelyurt","area_level":"neighbourhood","parent_id":"TR-50-007","endeksa_id":60422},"geometry":{"coordinates":[[[34.7559204223997,38.63153081663319],[34.756785519999994,38.63325190700016],[34.761148982000066,38.634109332000094],[34.77107249600016,38.64261325600046],[34.77033304700012,38.64528880100005],[34.765320940031586,38.64690234771194],[34.75936000000024,38.64613000000014],[34.74967000000015,38.64508000000012],[34.739940000000104,38.645780000000286],[34.7377800000001,38.64552000000009],[34.73614000000009,38.64582000000007],[34.73172854600017,38.64615317900052],[34.731530451000026,38.64607833800028],[34.730442662000144,38.640611205000084],[34.730309500000146,38.63692122800023],[34.72956224000012,38.63669041000014],[34.72732722000012,38.637136444000134],[34.72722960600004,38.637228967000055],[34.72717167600007,38.63711158799998],[34.724197726,38.635886816000266],[34.72564053800005,38.63169813600007],[34.72634553300003,38.631539588000464],[34.72662034000007,38.63096045300006],[34.72873745400011,38.6310016650001],[34.729782354000065,38.63076667600046],[34.73709109500004,38.631164279000586],[34.74304707200014,38.63128022000018],[34.74586436100009,38.6316415550001],[34.74670683800008,38.631559019000065],[34.74694831900007,38.631700523000006],[34.75115466400007,38.631929353000146],[34.75473903600016,38.63150781900026],[34.7559204223997,38.63153081663319]]],"type":"Polygon"}},{"type":"Feature","properties":{"area_id":"TR-50-007-60450","name_tr":"Aydınlı Orta","area_level":"neighbourhood","parent_id":"TR-50-007","endeksa_id":60450},"geometry":{"coordinates":[[[34.832028471000285,38.62769761900063],[34.82822240800027,38.63825732400011],[34.828306658000315,38.63836620400059],[34.828804829000205,38.63834257499997],[34.82891117700029,38.638429709000604],[34.82883943800033,38.6405802930002],[34.82934443500028,38.64265794100015],[34.8291525370002,38.644119862000764],[34.828487458000325,38.64479293200014],[34.826320190000274,38.645937232000676],[34.824518356000226,38.64634200400042],[34.82295138200021,38.647098339000024],[34.82226507200028,38.64705748500023],[34.81400331800023,38.65496618300051],[34.80342554100031,38.662227049000364],[34.80338906800023,38.662333379000074],[34.80276231800008,38.66083123800058],[34.80565567700012,38.656612744000086],[34.80945121799999,38.645848148000596],[34.81283004600016,38.63918538300061],[34.81537670500012,38.636119233000045],[34.816231568000035,38.633881841000004],[34.81766219100018,38.632123261000174],[34.817623937000064,38.631893366999975],[34.817623856000125,38.63179416300011],[34.81806133700019,38.63131911000016],[34.82439740600012,38.61630876100014],[34.82507907200005,38.61506282700026],[34.825202196000134,38.61501389500012],[34.82530895800005,38.615082703000155],[34.82541449200011,38.61535470600052],[34.82611508100007,38.62201836300022],[34.82933868400005,38.62567680300009],[34.83202752800014,38.62751016800013],[34.832028471000285,38.62769761900063]]],"type":"Polygon"}},{"type":"Feature","properties":{"area_id":"TR-50-007-60433","name_tr":"15 Temmuz","area_level":"neighbourhood","parent_id":"TR-50-007","endeksa_id":60433},"geometry":{"coordinates":[[[34.770979909654784,38.66149443578456],[34.77118000000013,38.66252000000014],[34.771090000000186,38.66296000000068],[34.77044000000018,38.663310000000365],[34.77030000000019,38.663530000000264],[34.77036000000015,38.66387000000066],[34.77096000000006,38.66407000000015],[34.77103000000017,38.663840000000334],[34.77138000000019,38.66407000000015],[34.771040000000085,38.66444000000024],[34.77098000000012,38.66507000000047],[34.77080000000012,38.66519000000045],[34.770780000000116,38.665320000000406],[34.771780000000035,38.66581000000008],[34.77172000000007,38.66613000000007],[34.77391000000006,38.66605000000004],[34.77433000000019,38.66574000000048],[34.77510000000012,38.6656200000005],[34.777110000000164,38.66673000000014],[34.77830000000006,38.666810000000226],[34.77854000000019,38.66652000000039],[34.7792300000001,38.666720000000055],[34.77920000000006,38.666810000000226],[34.77940000000012,38.666900000000396],[34.78035000000017,38.667160000000194],[34.77875000000017,38.66860000000014],[34.77840000000015,38.66868000000005],[34.7783500000001,38.668610000000626],[34.77769000000018,38.6688400000001],[34.77734000000021,38.6679800000004],[34.776080000000036,38.6677200000002],[34.77591000000018,38.66760000000022],[34.77547000000021,38.667620000000284],[34.77506000000017,38.667770000000075],[34.77495000000016,38.66748000000024],[34.77430000000021,38.66766000000018],[34.77421000000004,38.66753000000011],[34.77235000000013,38.668050000000335],[34.7709200000001,38.668180000000575],[34.770380000000046,38.668390000000215],[34.77028000000013,38.66801000000004],[34.7701100000001,38.66807000000017],[34.76891000000006,38.66785000000027],[34.76887000000016,38.668090000000234],[34.76870000000014,38.66834000000034],[34.76835000000011,38.66828000000032],[34.76807000000019,38.66903000000019],[34.767810000000225,38.66900000000021],[34.767530000000136,38.669950000000654],[34.76643000000007,38.66946000000007],[34.76602000000008,38.670060000000376],[34.765920000000165,38.67043000000058],[34.76558000000006,38.67074000000014],[34.765640000000076,38.671120000000144],[34.76550000000003,38.67126000000036],[34.764500000000055,38.67117000000019],[34.76476000000008,38.67082000000016],[34.76445208038905,38.67029213781029],[34.751640000000066,38.66253000000063],[34.74895000000009,38.663120000000276],[34.743090000000166,38.6607800000001],[34.74114000000009,38.66070000000019],[34.73911000000021,38.66071000000068],[34.73749000000009,38.66110000000026],[34.736120000000255,38.66161000000017],[34.73604000000017,38.66150000000016],[34.73568000000006,38.66156000000012],[34.73455000000018,38.661920000000066],[34.73422000000005,38.66116000000028],[34.73350000000016,38.65877000000006],[34.733220000000074,38.65730000000008],[34.728498232134314,38.65755192703239],[34.72745000000015,38.65757000000025],[34.726640000000145,38.656720000000234],[34.72635000000008,38.65550000000019],[34.72715000000005,38.654640000000086],[34.72820000000007,38.654240000000414],[34.73091000000011,38.653530000000615],[34.73144587034892,38.6533111233789],[34.73188464000009,38.653000892000534],[34.73226649300017,38.65155617300013],[34.732071521000194,38.649099241000386],[34.73219785300017,38.64899861200013],[34.73205714600016,38.648913979000156],[34.73161992300015,38.646259351000424],[34.73172854600017,38.64615317900052],[34.73614000000009,38.64582000000007],[34.7377800000001,38.64552000000009],[34.739940000000104,38.645780000000286],[34.74967000000015,38.64508000000012],[34.75936000000024,38.64613000000014],[34.765320940031586,38.64690234771194],[34.76598000000013,38.64799000000039],[34.76611000000025,38.64834000000036],[34.766730000000166,38.6489600000005],[34.76538000000005,38.64981000000034],[34.76369000000017,38.65044000000006],[34.76322000000005,38.650740000000155],[34.762360000000115,38.651820000000384],[34.7613800000002,38.65237000000019],[34.76104000000015,38.65230000000031],[34.76102000000009,38.65252000000021],[34.76088000000004,38.65261000000015],[34.76089000000013,38.65292000000005],[34.76104000000015,38.65333000000004],[34.76088000000004,38.653590000000065],[34.76102000000009,38.65369000000038],[34.76076000000006,38.65394000000043],[34.760560000000226,38.65442000000036],[34.76023000000009,38.65488000000005],[34.76036000000016,38.65503000000041],[34.76040000000012,38.65546000000029],[34.76032000000009,38.655440000000226],[34.76033000000018,38.65568000000019],[34.76053000000019,38.65631000000042],[34.760750000000144,38.65655000000038],[34.76083000000017,38.6569600000002],[34.76098000000013,38.65722000000039],[34.76149000000004,38.657860000000085],[34.761560000000145,38.65784000000053],[34.762170000000026,38.65831000000037],[34.762389175916894,38.65819896037698],[34.76242103599998,38.65806766500009],[34.762980000000084,38.658300000000224],[34.76300000000015,38.65813000000037],[34.76364000000012,38.658420000000206],[34.76367000000016,38.65896000000015],[34.76383000000004,38.65888000000007],[34.76424000000003,38.65924000000041],[34.76445000000018,38.65945000000016],[34.76445000000018,38.659699892283015],[34.7650315902805,38.65973257869234],[34.765150000000176,38.65918000000056],[34.76621000000017,38.659250000000156],[34.768370000000175,38.65968000000004],[34.768264206304764,38.65991425746836],[34.7691369293712,38.659963306058614],[34.76917000000009,38.65982000000025],[34.76934000000011,38.65983000000034],[34.76947000000007,38.65968000000004],[34.77009000000004,38.65995000000032],[34.770070000000146,38.6598000000007],[34.770380000000046,38.65986000000015],[34.770820000000185,38.66003000000018],[34.770979909654784,38.66149443578456]]],"type":"Polygon"}},{"type":"Feature","properties":{"area_id":"TR-50-007-60465","name_tr":"Yukarı Uçhisar","area_level":"neighbourhood","parent_id":"TR-50-007","endeksa_id":60465},"geometry":{"coordinates":[[[34.80460502600016,38.62781941000014],[34.80455618399998,38.62795594900069],[34.80102289500013,38.6291996620003],[34.79608215600018,38.63133476700011],[34.79433959500011,38.632302700000366],[34.79324853800017,38.633477126],[34.78989632600013,38.63546505400018],[34.787487590000126,38.63632080400015],[34.78610318600016,38.636432372000286],[34.78472491300005,38.63733341000005],[34.782127287000094,38.64178047300021],[34.78032758000012,38.6460648850005],[34.776602134000086,38.6524687120002],[34.770979909654784,38.66149443578456],[34.770820000000185,38.66003000000018],[34.770380000000046,38.65986000000015],[34.770070000000146,38.6598000000007],[34.77009000000004,38.65995000000032],[34.76947000000007,38.65968000000004],[34.76934000000011,38.65983000000034],[34.76917000000009,38.65982000000025],[34.7691369293712,38.659963306058614],[34.768264206304764,38.65991425746836],[34.768370000000175,38.65968000000004],[34.76621000000017,38.659250000000156],[34.765150000000176,38.65918000000056],[34.7650315902805,38.65973257869234],[34.76445000000018,38.659699892283015],[34.76445000000018,38.65945000000016],[34.76424000000003,38.65924000000041],[34.76383000000004,38.65888000000007],[34.76367000000016,38.65896000000015],[34.76364000000012,38.658420000000206],[34.76300000000015,38.65813000000037],[34.762980000000084,38.658300000000224],[34.76242103599998,38.65806766500009],[34.762389175916894,38.65819896037698],[34.762170000000026,38.65831000000037],[34.761560000000145,38.65784000000053],[34.76149000000004,38.657860000000085],[34.76098000000013,38.65722000000039],[34.76083000000017,38.6569600000002],[34.760750000000144,38.65655000000038],[34.76053000000019,38.65631000000042],[34.76033000000018,38.65568000000019],[34.76032000000009,38.655440000000226],[34.76040000000012,38.65546000000029],[34.76036000000016,38.65503000000041],[34.76023000000009,38.65488000000005],[34.760560000000226,38.65442000000036],[34.76076000000006,38.65394000000043],[34.76102000000009,38.65369000000038],[34.76088000000004,38.653590000000065],[34.76104000000015,38.65333000000004],[34.76089000000013,38.65292000000005],[34.76088000000004,38.65261000000015],[34.76102000000009,38.65252000000021],[34.76104000000015,38.65230000000031],[34.7613800000002,38.65237000000019],[34.762360000000115,38.651820000000384],[34.76322000000005,38.650740000000155],[34.76369000000017,38.65044000000006],[34.76538000000005,38.64981000000034],[34.766730000000166,38.6489600000005],[34.76611000000025,38.64834000000036],[34.76598000000013,38.64799000000039],[34.765320940031586,38.64690234771194],[34.77033304700012,38.64528880100005],[34.77107249600016,38.64261325600046],[34.761148982000066,38.634109332000094],[34.756785519999994,38.63325190700016],[34.7559204223997,38.63153081663319],[34.755926178264474,38.631418513514916],[34.7560391876155,38.63135495926667],[34.76332307700011,38.63049830900019],[34.76789479000013,38.626683797000055],[34.763479045000054,38.62347411500059],[34.76477933100017,38.61821612800048],[34.76326431100006,38.616635766000286],[34.76350690200013,38.61203792800018],[34.757195393000075,38.61027133400006],[34.75280850200011,38.60545646700052],[34.750837221000154,38.603826633000494],[34.75035535100011,38.60382127300005],[34.76343522300016,38.599802224000314],[34.764062108000076,38.59969988400019],[34.76617415000004,38.60123694399999],[34.76884218100008,38.601713272000154],[34.77103580400012,38.6024091650001],[34.77474416500007,38.608528352000405],[34.77759909600013,38.612134359000606],[34.78070125400012,38.6135029080001],[34.78557063800014,38.615234636000025],[34.78738570200005,38.615400692000094],[34.79002458400009,38.61666563600045],[34.79005394400019,38.61680001500014],[34.78950030000004,38.61727194399998],[34.78991821300008,38.617833502999986],[34.79375337500011,38.62120929400015],[34.794777502000045,38.62194125400015],[34.79814842800005,38.623459064000144],[34.80349424600007,38.627564464000045],[34.80423086100018,38.62736761800005],[34.80460502600016,38.62781941000014]]],"type":"Polygon"}},{"type":"Feature","properties":{"area_id":"TR-50-007-140320","name_tr":"Yeni Nar","area_level":"neighbourhood","parent_id":"TR-50-007","endeksa_id":140320},"geometry":{"coordinates":[[[34.70368513200009,38.67012941200022],[34.69973749000013,38.67024721600001],[34.69287994600012,38.66964973100005],[34.69276143899998,38.66969704900009],[34.69271279800017,38.66985605999997],[34.692675558000076,38.66948435400013],[34.68848271200011,38.66293633600014],[34.68831192199997,38.66289266299998],[34.6883693100001,38.66275920600009],[34.68015201800006,38.64992217300062],[34.68009838500012,38.64955691100005],[34.680106735913,38.64942625875051],[34.68049579489855,38.64892751824209],[34.68221071400018,38.64688479100016],[34.68247000000014,38.64670000000041],[34.68310534600016,38.64639021700009],[34.68624000000017,38.6453900000007],[34.68735000000015,38.64468000000022],[34.688536009266954,38.643753241841466],[34.69110000000012,38.642560000000344],[34.691800000000114,38.64213000000029],[34.69269777121269,38.641822593985296],[34.70106676600017,38.640433969000355],[34.708434592000174,38.641056560000266],[34.71172118200013,38.64235321299998],[34.71189525800014,38.64229321100004],[34.71196222500009,38.642434688000094],[34.71526296300016,38.64332825800011],[34.71642733200014,38.643390928000144],[34.717426578000016,38.64317216300043],[34.71756650600008,38.643230523000284],[34.71786855300007,38.64361097500017],[34.71811866200011,38.64485918000048],[34.71798034600005,38.64640255300037],[34.719597076000014,38.64635992200016],[34.72070896700012,38.64659711200039],[34.72163388900009,38.64583645300007],[34.72215634100013,38.64504825900008],[34.722788569000045,38.64085498700001],[34.72605098400004,38.639998318000096],[34.72722960600004,38.637228967000055],[34.72732722000012,38.637136444000134],[34.72956224000012,38.63669041000014],[34.730309500000146,38.63692122800023],[34.730442662000144,38.640611205000084],[34.731530451000026,38.64607833800028],[34.73172854600017,38.64615317900052],[34.73161992300015,38.646259351000424],[34.73205714600016,38.648913979000156],[34.73219785300017,38.64899861200013],[34.732071521000194,38.649099241000386],[34.73226649300017,38.65155617300013],[34.73188464000009,38.653000892000534],[34.73144587034892,38.6533111233789],[34.73091000000011,38.653530000000615],[34.72820000000007,38.654240000000414],[34.72715000000005,38.654640000000086],[34.72635000000008,38.65550000000019],[34.726640000000145,38.656720000000234],[34.72745000000015,38.65757000000025],[34.728498232134314,38.65755192703239],[34.72852809,38.65770142300016],[34.72966122100007,38.65919909400054],[34.729876643000125,38.65918318100006],[34.72986486400015,38.65929496400048],[34.73166415800017,38.661848366000186],[34.73257376200007,38.66631154300006],[34.73241738300004,38.66694794100033],[34.732006452000064,38.66755747700017],[34.73135599600005,38.668850508000276],[34.731101607000085,38.66963526100028],[34.73098729100019,38.66970977000017],[34.72448912500005,38.670040486000175],[34.71822010300008,38.66972527700011],[34.70368513200009,38.67012941200022]]],"type":"Polygon"}},{"type":"Feature","properties":{"area_id":"TR-50-007-2025014","name_tr":"Alacaşar Köyü","area_level":"neighbourhood","parent_id":"TR-50-007","endeksa_id":2025014},"geometry":{"coordinates":[[[34.6009233580001,38.676316266000356],[34.59912380000003,38.676374800000076],[34.598743600000034,38.668359000000464],[34.596335200000055,38.66806210000004],[34.596208500000046,38.66291560000002],[34.59202560000017,38.65885750000052],[34.5803537000001,38.6563488000001],[34.5803537000001,38.65229050000005],[34.5774383000001,38.65149860000008],[34.575283500000126,38.65387420000013],[34.572748400000194,38.65149860000008],[34.57238030000008,38.64974230100012],[34.56483270000018,38.64848610100046],[34.560378300000025,38.64756800000043],[34.556821000000014,38.64418570000004],[34.54970640000005,38.64358170000014],[34.54846909999998,38.64092410100005],[34.53826120000008,38.63899120100035],[34.54283400000003,38.634184001000506],[34.54273101425014,38.63403503258604],[34.54295900000011,38.63387400000016],[34.54296463500009,38.63375565700005],[34.542882712000164,38.63354474800013],[34.5425790000001,38.63327900000013],[34.54265277300004,38.633047678000366],[34.54225803200018,38.63219434900037],[34.54167000000018,38.632206],[34.54183000000012,38.632022000000234],[34.54188096300015,38.63137922100043],[34.541355438000096,38.631474347000164],[34.5407350000001,38.63182599999999],[34.54020600000001,38.631978000000174],[34.539704000000086,38.631746000000135],[34.53992900000003,38.631702000000075],[34.54024341300004,38.63040818000013],[34.540264000000036,38.62977600000056],[34.54000400000018,38.629419000000155],[34.540435885000136,38.62942846800058],[34.54066929700008,38.6283008850001],[34.54016500000017,38.62741600000015],[34.54096204300015,38.62688667200024],[34.54120424600001,38.62571662500051],[34.540616,38.6252770000001],[34.541791517000036,38.622407267000426],[34.54151300000018,38.622173000000316],[34.54169500000012,38.62183400000015],[34.5419950000001,38.62160000000051],[34.541848000000186,38.62130500000012],[34.54214913500016,38.621152004000066],[34.54221352400003,38.62084094900018],[34.53986329200012,38.61943753700001],[34.53958315800003,38.61937493099998],[34.539221000000055,38.61944100000022],[34.53855200000015,38.618673000000626],[34.53866400000015,38.618366000000094],[34.539128000000176,38.61833000000013],[34.53922278400006,38.61842046000015],[34.53989900000005,38.618164000000434],[34.53971300000012,38.61766200000011],[34.53930200000019,38.617429000000186],[34.539098000000024,38.61708200000044],[34.53931505000003,38.61636228400022],[34.53874160000004,38.61467204300061],[34.53926418100019,38.61429501200041],[34.53899351000007,38.61419562100008],[34.53823000000011,38.61475700000062],[34.53797900000018,38.61482000000018],[34.53806350800005,38.61413958300011],[34.538241700000015,38.61371650000018],[34.54389670000006,38.613685400000065],[34.544383400000186,38.611910500000135],[34.54267990000011,38.609691800000064],[34.54470789999999,38.6084240000003],[34.547141600000145,38.60855080000016],[34.550792100000024,38.610896300000036],[34.5513600000001,38.61298810000028],[34.55574059999998,38.611910500000135],[34.55963450000013,38.61178380000047],[34.56312280000009,38.60899450000011],[34.56612440000009,38.60493740000015],[34.564826400000186,38.60303560000068],[34.56596209999998,38.60240150000044],[34.56863920000018,38.60398650000013],[34.571235100000024,38.603225800000075],[34.574155500000074,38.599865600000044],[34.57707600000015,38.60246490000003],[34.584214800000154,38.602908700000114],[34.59187620000006,38.59806520000012],[34.59593230000013,38.59768480000008],[34.596581300000025,38.594070800000054],[34.59958280000018,38.59242230000041],[34.605748200000164,38.592041800000004],[34.60789640000007,38.59634080000012],[34.607129600000064,38.600735400000076],[34.604829300000176,38.601534400000105],[34.60509187328182,38.60453364554712],[34.6047700000002,38.60448000000014],[34.60465000000005,38.60481000000027],[34.60461000000015,38.60521000000011],[34.604690000000176,38.60581000000019],[34.604970000000094,38.606750000000375],[34.60563000000013,38.60803000000038],[34.60476000000011,38.608610000000056],[34.604880000000094,38.60873000000004],[34.60366000000005,38.60919000000007],[34.60295000000008,38.61212000000057],[34.60285000000016,38.61570000000012],[34.602710000000116,38.615730000000156],[34.60265000000015,38.61743000000013],[34.602150000000165,38.617440000000215],[34.60208000000006,38.61814000000004],[34.60183000000012,38.618190000000084],[34.6019500000001,38.61878000000024],[34.60226000000017,38.61922000000027],[34.602460000000065,38.61926000000017],[34.60305000000017,38.6202500000004],[34.60362000000009,38.62219000000033],[34.60379000000012,38.622210000000166],[34.604040000000055,38.625000000000455],[34.60464000000013,38.62501000000003],[34.60546000000011,38.62518000000006],[34.60629000000006,38.625030000000095],[34.60712000000012,38.62544000000008],[34.607020000000034,38.62575000000015],[34.60703000000018,38.62641000000008],[34.607230000000186,38.62668000000019],[34.60737000000006,38.627140000000054],[34.60756000000015,38.627320000000054],[34.60787000000005,38.627410000000225],[34.607940000000156,38.62755000000027],[34.607320000000186,38.62801000000013],[34.606980000000135,38.628680000000145],[34.60715000000016,38.629240000000266],[34.60703000000018,38.62947000000014],[34.6070400000001,38.6297900000003],[34.60697000000016,38.62990000000019],[34.60665000000017,38.63002000000017],[34.60585000000003,38.630660000000375],[34.605870000000095,38.63103000000058],[34.60608000000008,38.631100000000174],[34.60614000000004,38.63124000000022],[34.60536000000019,38.63244000000003],[34.605650000000026,38.632770000000335],[34.60568000000018,38.63298000000009],[34.60560000000015,38.63307000000026],[34.60539000000017,38.63303000000013],[34.60511000000008,38.633420000000115],[34.60498000000018,38.63344000000035],[34.60533000000021,38.63388000000049],[34.60656000000017,38.63493000000017],[34.608040000000074,38.635590000000036],[34.6093800000001,38.63660000000033],[34.60993000000013,38.637410000000386],[34.61109000000016,38.63840000000005],[34.611320000000035,38.63876000000016],[34.61187000000007,38.63930000000005],[34.61282000000017,38.63958000000031],[34.61381000000017,38.64008000000047],[34.61410690836118,38.64009380969145],[34.61475579281472,38.64061579281503],[34.61481000000015,38.64074000000039],[34.61642000000012,38.64171000000033],[34.61775900035656,38.6420983981925],[34.618735300000026,38.64272690000013],[34.62100980000008,38.643791100000215],[34.624980000000164,38.64521000000019],[34.62559000000016,38.6452400000004],[34.626930000000186,38.64560000000034],[34.62751149999997,38.64586500000007],[34.62799081100013,38.64621953700015],[34.62763699800007,38.65187319600017],[34.6180825510001,38.65620737500018],[34.6009233580001,38.676316266000356]]],"type":"Polygon"}},{"type":"Feature","properties":{"area_id":"TR-50-007-60442","name_tr":"İstiklal","area_level":"neighbourhood","parent_id":"TR-50-007","endeksa_id":60442},"geometry":{"coordinates":[[[34.68831192199997,38.66289266299998],[34.66390991400016,38.672254022000175],[34.66384701400011,38.6723333540005],[34.66384540600012,38.67328868300041],[34.662721681000164,38.674285985000324],[34.662094228,38.674527436000176],[34.66189278100012,38.67484352400004],[34.65920486700014,38.674639876000015],[34.65904725100006,38.67541028500011],[34.65780443300008,38.676557901000365],[34.657605440000054,38.678687896000156],[34.657770056000174,38.67878235300003],[34.65758571399999,38.678828106000026],[34.65678346200008,38.67865671900012],[34.65623396100017,38.67808467000066],[34.65602898400016,38.67814024600028],[34.65628272700013,38.677046450000375],[34.65476282500015,38.67692937400028],[34.65381228899997,38.67565170600011],[34.65409888900007,38.67509513600004],[34.65399331500004,38.673927716000435],[34.653848985000025,38.67333231300029],[34.65336000800016,38.67321271600025],[34.652968846000135,38.67032977800028],[34.64078020700015,38.64604452600014],[34.640820479000126,38.64589461800017],[34.66912525999999,38.63303533000004],[34.669303463716346,38.63305073887],[34.6799400000001,38.64964000000009],[34.68009838500012,38.64955691100005],[34.68015201800006,38.64992217300062],[34.6883693100001,38.66275920600009],[34.68831192199997,38.66289266299998]]],"type":"Polygon"}},{"type":"Feature","properties":{"area_id":"TR-50-007-60439","name_tr":"2000 Evler","area_level":"neighbourhood","parent_id":"TR-50-007","endeksa_id":60439},"geometry":{"coordinates":[[[34.76415177000001,38.67196428500006],[34.763949382000135,38.67195509800047],[34.76107106000006,38.67501013800029],[34.75335191900007,38.68222530900033],[34.744958208000185,38.68406120899999],[34.733907627000065,38.68188344300029],[34.73381401700016,38.68180464000011],[34.731101607000085,38.66963526100028],[34.73135599600005,38.668850508000276],[34.732006452000064,38.66755747700017],[34.73241738300004,38.66694794100033],[34.73257376200007,38.66631154300006],[34.73166415800017,38.661848366000186],[34.72986486400015,38.65929496400048],[34.729876643000125,38.65918318100006],[34.72966122100007,38.65919909400054],[34.72852809,38.65770142300016],[34.728498232134314,38.65755192703239],[34.733220000000074,38.65730000000008],[34.73350000000016,38.65877000000006],[34.73422000000005,38.66116000000028],[34.73455000000018,38.661920000000066],[34.73568000000006,38.66156000000012],[34.73604000000017,38.66150000000016],[34.736120000000255,38.66161000000017],[34.73749000000009,38.66110000000026],[34.73911000000021,38.66071000000068],[34.74114000000009,38.66070000000019],[34.743090000000166,38.6607800000001],[34.74895000000009,38.663120000000276],[34.751640000000066,38.66253000000063],[34.76445208038905,38.67029213781029],[34.76461912100007,38.67065869900023],[34.764027448000036,38.67175411700009],[34.76415177000001,38.67196428500006]]],"type":"Polygon"}},{"type":"Feature","properties":{"area_id":"TR-50-007-60443","name_tr":"15 Temmuz Çat","area_level":"neighbourhood","parent_id":"TR-50-007","endeksa_id":60443},"geometry":{"coordinates":[[[34.64849588300012,38.68533272200017],[34.648297416000105,38.685429679000094],[34.643822711000155,38.6843750620003],[34.64024440000014,38.683009530000106],[34.631598186000076,38.68235817900012],[34.62770695400019,38.68074706300041],[34.620237195000186,38.67997693300009],[34.60989692300012,38.679421845000036],[34.604906204000144,38.678411553000615],[34.59995427400003,38.677700961000085],[34.599861359000045,38.67764338900065],[34.59987198600015,38.67754837100006],[34.6180825510001,38.65620737500018],[34.62763699800007,38.65187319600017],[34.62799081100013,38.64621953700015],[34.62831090000003,38.646456300000466],[34.62931265200018,38.646418060000144],[34.634449525000036,38.64878385500003],[34.64059937799999,38.645995022000136],[34.64078020700015,38.64604452600014],[34.652968846000135,38.67032977800028],[34.65336000800016,38.67321271600025],[34.653848985000025,38.67333231300029],[34.65399331500004,38.673927716000435],[34.65409888900007,38.67509513600004],[34.65381228899997,38.67565170600011],[34.65476282500015,38.67692937400028],[34.65628272700013,38.677046450000375],[34.65602898400016,38.67814024600028],[34.65612776400019,38.67926744100038],[34.655238812000164,38.67962044300009],[34.65411633000019,38.6804939590001],[34.653593811000064,38.68051640100015],[34.64849588300012,38.68533272200017]]],"type":"Polygon"}},{"type":"Feature","properties":{"area_id":"TR-50-007-60462","name_tr":"Yeni Sulusaray","area_level":"neighbourhood","parent_id":"TR-50-007","endeksa_id":60462},"geometry":{"coordinates":[[[34.73381401700016,38.68180464000011],[34.73071690100005,38.68505130000011],[34.73000306300014,38.6900481680002],[34.72828985100011,38.690190936000135],[34.720580397000106,38.68762111800015],[34.71229987300012,38.687050047000014],[34.70787407600011,38.686621744000206],[34.701163995000115,38.68676451200065],[34.69630989500013,38.68547960300015],[34.69673819800016,38.68276701700006],[34.70016462200016,38.6790550580003],[34.70430488400007,38.67434372500048],[34.70368513200009,38.67012941200022],[34.71822010300008,38.66972527700011],[34.72448912500005,38.670040486000175],[34.73098729100019,38.66970977000017],[34.731101607000085,38.66963526100028],[34.73381401700016,38.68180464000011]]],"type":"Polygon"}},{"type":"Feature","properties":{"area_id":"TR-50-007-60441","name_tr":"Cumhuriyet Çat","area_level":"neighbourhood","parent_id":"TR-50-007","endeksa_id":60441},"geometry":{"coordinates":[[[34.68606714700013,38.6851822780003],[34.66884540400014,38.681407955000054],[34.66311000000002,38.692711714000495],[34.66133515900003,38.69122171800012],[34.65963063100003,38.689429459999985],[34.65471383000005,38.68784789000023],[34.65094511600017,38.68604850300011],[34.64891284700013,38.685574788999986],[34.648518445000036,38.68547588500019],[34.64849588300012,38.68533272200017],[34.653593811000064,38.68051640100015],[34.65411633000019,38.6804939590001],[34.655238812000164,38.67962044300009],[34.65612776400019,38.67926744100038],[34.65602898400016,38.67814024600028],[34.65623396100017,38.67808467000066],[34.65678346200008,38.67865671900012],[34.65758571399999,38.678828106000026],[34.657770056000174,38.67878235300003],[34.657605440000054,38.678687896000156],[34.65780443300008,38.676557901000365],[34.65904725100006,38.67541028500011],[34.65920486700014,38.674639876000015],[34.66189278100012,38.67484352400004],[34.662094228,38.674527436000176],[34.662721681000164,38.674285985000324],[34.66384540600012,38.67328868300041],[34.66384701400011,38.6723333540005],[34.66390991400016,38.672254022000175],[34.68831192199997,38.66289266299998],[34.68848271200011,38.66293633600014],[34.692675558000076,38.66948435400013],[34.69271279800017,38.66985605999997],[34.690613352000184,38.672595293000086],[34.689702518000104,38.675240285000086],[34.68715773800005,38.68086030300003],[34.686225176000164,38.685106020000205],[34.68606714700013,38.6851822780003]]],"type":"Polygon"}},{"type":"Feature","properties":{"area_id":"TR-50-007-60449","name_tr":"İsali Gaferli Avcılar","area_level":"neighbourhood","parent_id":"TR-50-007","endeksa_id":60449},"geometry":{"coordinates":[[[34.838515968404636,38.66561774525729],[34.83818325027141,38.6655707785647],[34.83810522618717,38.66543959377418],[34.83813963735179,38.6653056585879],[34.836638069000514,38.66742337000085],[34.836655905000384,38.66756686400049],[34.82551833100041,38.67359966200064],[34.822087313000395,38.67572863400022],[34.8203696530004,38.67753566700026],[34.808415499000375,38.686601072000485],[34.8084347610004,38.686755507000385],[34.8082375610004,38.68671979500044],[34.80621160000038,38.687736411000856],[34.80315735100055,38.690328620000514],[34.79913336700048,38.69186217100048],[34.795256092000386,38.695575621000216],[34.79016813300046,38.69758571300048],[34.78998835700037,38.6975014060003],[34.78982122900021,38.69510930400031],[34.78997481800019,38.6943545120007],[34.79102621300024,38.692988902000195],[34.79221393500029,38.68787550800022],[34.79356384300024,38.68385059000042],[34.797753563000356,38.67554471700055],[34.79964759800032,38.67076412799997],[34.80014500500033,38.667801307000275],[34.80076833600032,38.6669352910007],[34.80281371400025,38.66513279200086],[34.80310814800026,38.664288825000256],[34.80338906800023,38.662333379000074],[34.80342554100031,38.662227049000364],[34.81400331800023,38.65496618300051],[34.82226507200028,38.64705748500023],[34.82295138200021,38.647098339000024],[34.824518356000226,38.64634200400042],[34.826320190000274,38.645937232000676],[34.828487458000325,38.64479293200014],[34.8291525370002,38.644119862000764],[34.82934443500028,38.64265794100015],[34.82883943800033,38.6405802930002],[34.82891117700029,38.638429709000604],[34.828804829000205,38.63834257499997],[34.828306658000315,38.63836620400059],[34.82822240800027,38.63825732400011],[34.832028471000285,38.62769761900063],[34.83222471500022,38.62764469400042],[34.83424507800032,38.628992747000495],[34.83810483000025,38.63272100400036],[34.8395262370002,38.63359077800021],[34.83971687200045,38.63355659000001],[34.839715414000466,38.63370685200073],[34.85544810500039,38.643343006000464],[34.86101405000039,38.6471054400007],[34.86443020700142,38.65033145400173],[34.86438462100136,38.650485167001364],[34.86145425600131,38.65135060300105],[34.85925589800132,38.65275641100135],[34.85429722500129,38.65458383600168],[34.85230600300031,38.65552504200048],[34.85172862900049,38.655490061000535],[34.851669565797636,38.65539839992374],[34.85164785109771,38.655534579479934],[34.84614864493278,38.660642390690896],[34.84194850000051,38.66431350000022],[34.838515968404636,38.66561774525729]]],"type":"Polygon"}},{"type":"Feature","properties":{"area_id":"TR-50-007-60464","name_tr":"Tekelli","area_level":"neighbourhood","parent_id":"TR-50-007","endeksa_id":60464},"geometry":{"coordinates":[[[34.78998835700037,38.6975014060003],[34.789928747000204,38.697641594000174],[34.78757286400025,38.698610398000255],[34.78636920200029,38.699684613000386],[34.7861735690002,38.69966275200062],[34.782943526,38.69536297200011],[34.76415177000001,38.67196428500006],[34.764027448000036,38.67175411700009],[34.76461912100007,38.67065869900023],[34.76445208038905,38.67029213781029],[34.76476000000008,38.67082000000016],[34.764500000000055,38.67117000000019],[34.76550000000003,38.67126000000036],[34.765640000000076,38.671120000000144],[34.76558000000006,38.67074000000014],[34.765920000000165,38.67043000000058],[34.76602000000008,38.670060000000376],[34.76643000000007,38.66946000000007],[34.767530000000136,38.669950000000654],[34.767810000000225,38.66900000000021],[34.76807000000019,38.66903000000019],[34.76835000000011,38.66828000000032],[34.76870000000014,38.66834000000034],[34.76887000000016,38.668090000000234],[34.76891000000006,38.66785000000027],[34.7701100000001,38.66807000000017],[34.77028000000013,38.66801000000004],[34.770380000000046,38.668390000000215],[34.7709200000001,38.668180000000575],[34.77235000000013,38.668050000000335],[34.77421000000004,38.66753000000011],[34.77430000000021,38.66766000000018],[34.77495000000016,38.66748000000024],[34.77506000000017,38.667770000000075],[34.77547000000021,38.667620000000284],[34.77591000000018,38.66760000000022],[34.776080000000036,38.6677200000002],[34.77734000000021,38.6679800000004],[34.77769000000018,38.6688400000001],[34.7783500000001,38.668610000000626],[34.77840000000015,38.66868000000005],[34.77875000000017,38.66860000000014],[34.78035000000017,38.667160000000194],[34.77940000000012,38.666900000000396],[34.77920000000006,38.666810000000226],[34.7792300000001,38.666720000000055],[34.77854000000019,38.66652000000039],[34.77830000000006,38.666810000000226],[34.777110000000164,38.66673000000014],[34.77510000000012,38.6656200000005],[34.77433000000019,38.66574000000048],[34.77391000000006,38.66605000000004],[34.77172000000007,38.66613000000007],[34.771780000000035,38.66581000000008],[34.770780000000116,38.665320000000406],[34.77080000000012,38.66519000000045],[34.77098000000012,38.66507000000047],[34.771040000000085,38.66444000000024],[34.77138000000019,38.66407000000015],[34.77103000000017,38.663840000000334],[34.77096000000006,38.66407000000015],[34.77036000000015,38.66387000000066],[34.77030000000019,38.663530000000264],[34.77044000000018,38.663310000000365],[34.771090000000186,38.66296000000068],[34.77118000000013,38.66252000000014],[34.770979909654784,38.66149443578456],[34.776602134000086,38.6524687120002],[34.78032758000012,38.6460648850005],[34.782127287000094,38.64178047300021],[34.78472491300005,38.63733341000005],[34.78610318600016,38.636432372000286],[34.787487590000126,38.63632080400015],[34.78989632600013,38.63546505400018],[34.79324853800017,38.633477126],[34.79433959500011,38.632302700000366],[34.79608215600018,38.63133476700011],[34.80102289500013,38.6291996620003],[34.80455618399998,38.62795594900069],[34.80460502600016,38.62781941000014],[34.80569434,38.629111980000175],[34.80696334800007,38.6300628230004],[34.80838817500006,38.62971061700057],[34.808895766000035,38.629305844000385],[34.810170570000025,38.62887254600059],[34.810196507000114,38.62875716100001],[34.80966860300015,38.62806464200003],[34.809744103000185,38.62793763400015],[34.81222992300013,38.62777044900008],[34.81465295400017,38.62792451300004],[34.817623937000064,38.631893366999975],[34.81766219100018,38.632123261000174],[34.816231568000035,38.633881841000004],[34.81537670500012,38.636119233000045],[34.81283004600016,38.63918538300061],[34.80945121799999,38.645848148000596],[34.80565567700012,38.656612744000086],[34.80276231800008,38.66083123800058],[34.80338906800023,38.662333379000074],[34.80310814800026,38.664288825000256],[34.80281371400025,38.66513279200086],[34.80076833600032,38.6669352910007],[34.80014500500033,38.667801307000275],[34.79964759800032,38.67076412799997],[34.797753563000356,38.67554471700055],[34.79356384300024,38.68385059000042],[34.79221393500029,38.68787550800022],[34.79102621300024,38.692988902000195],[34.78997481800019,38.6943545120007],[34.78982122900021,38.69510930400031],[34.78998835700037,38.6975014060003]]],"type":"Polygon"}},{"type":"Feature","properties":{"area_id":"TR-50-007-2025016","name_tr":"Basansarnıç Köyü","area_level":"neighbourhood","parent_id":"TR-50-007","endeksa_id":2025016},"geometry":{"coordinates":[[[34.5248352000001,38.70038290000019],[34.51786370000008,38.69949260000004],[34.51152600000006,38.69959160100018],[34.511468400000126,38.702759800000365],[34.50960160000017,38.70222390000043],[34.507509000000084,38.70036600000003],[34.507069600000136,38.699410601000125],[34.50642580000016,38.69872400000003],[34.50608250000016,38.698121100000094],[34.50748000000016,38.696142001],[34.50677350000012,38.6951696000001],[34.50533150000018,38.693515601000115],[34.50527640000007,38.69278500100006],[34.50528860000003,38.692410301000336],[34.50599669999997,38.69148910100017],[34.50655460000013,38.691355199999975],[34.507048100000134,38.690132501000164],[34.50657600000011,38.6888931000002],[34.505782099999976,38.68793840100017],[34.505033500000025,38.68553380000043],[34.506564300000036,38.675065800000084],[34.50609470000012,38.67312579999998],[34.50559980000003,38.67214220100004],[34.50842140000003,38.67100310100011],[34.50762750000007,38.66914350100012],[34.50841180000015,38.666176301000064],[34.506018100000176,38.66351420100011],[34.5044180000001,38.66066600000005],[34.502746000000116,38.66011100000014],[34.50281609400008,38.659989699000676],[34.50275618300003,38.659966264000104],[34.5029085000001,38.6598251580001],[34.50365534800005,38.65849531100031],[34.50303716800005,38.65820300200005],[34.502720000000124,38.65825100100017],[34.50205300000016,38.65866500000004],[34.50066900000007,38.65845000100029],[34.50029400000011,38.657392001000176],[34.50145200000003,38.656652001000054],[34.50181700000019,38.65632100000062],[34.504334282000116,38.65632942499997],[34.50520079400002,38.656101242000375],[34.5058522220001,38.65509252500067],[34.50552800000008,38.6547020000001],[34.505831000000114,38.65399500100045],[34.50650330200017,38.6540053930006],[34.506615585000134,38.65374275400063],[34.50611900000018,38.65360599999997],[34.50681200000014,38.653227001000175],[34.50620500000019,38.652577001],[34.506736000000046,38.65255700100016],[34.50685800000019,38.65229900000037],[34.50675699999999,38.652124001000004],[34.50747201600018,38.65173949100017],[34.507969539000044,38.65057574300016],[34.50790720400016,38.6503085170001],[34.50756600000017,38.650074001000064],[34.5077787570001,38.64965509700005],[34.50775521999998,38.649548186000175],[34.50792000000013,38.64937700100063],[34.50850086200006,38.649332934000086],[34.509048631000155,38.648051657000394],[34.50886880200011,38.6473364200001],[34.50865300000004,38.64707300000015],[34.50879659900011,38.646941276999996],[34.50876439100011,38.64680176100018],[34.51009100000016,38.64561000000043],[34.51297975900019,38.64623998700006],[34.513254751000034,38.645544613000084],[34.51321400000012,38.64544799999999],[34.513472062000176,38.644995101999996],[34.51339400000006,38.64483700000005],[34.51354120000019,38.64482027300005],[34.51358886000003,38.64469975400061],[34.51615500000008,38.64493100000038],[34.518053462000125,38.646722633000024],[34.51748887500008,38.64472209800033],[34.51716900000014,38.64459500000015],[34.517418055000064,38.64447115799999],[34.51731633900016,38.64411074000037],[34.51757748900013,38.64401239100016],[34.51757200000009,38.643759000000045],[34.51769900000011,38.64351900000008],[34.520103183000174,38.64305715700033],[34.52105565400001,38.64102312000034],[34.520929000000024,38.640771000000086],[34.52123084000016,38.640649004000295],[34.522129349000124,38.63873020600016],[34.52449100000007,38.63914700000004],[34.525001000000145,38.6389420000001],[34.525614000000076,38.63910900100018],[34.52553300000011,38.639258000000154],[34.525950222000176,38.63946718700015],[34.52663860500019,38.63959996599999],[34.52693304300004,38.6393403890001],[34.52705000000003,38.638992000000144],[34.52737212500017,38.63895254600044],[34.52995065900018,38.63667491700005],[34.529951000000096,38.63655300000016],[34.53018700000007,38.636253001000455],[34.53073300000011,38.63582500100006],[34.53088967400015,38.63584548100016],[34.53133775800006,38.63544968700006],[34.53229000000016,38.6352390010004],[34.532592044000125,38.635255283000504],[34.53935100000018,38.634194000000036],[34.54000032100015,38.634192136000024],[34.54296463500009,38.63375565700005],[34.54295900000011,38.63387400000016],[34.54273101425014,38.63403503258604],[34.54283400000003,38.634184001000506],[34.53826120000008,38.63899120100035],[34.54846909999998,38.64092410100005],[34.54970640000005,38.64358170000014],[34.556821000000014,38.64418570000004],[34.560378300000025,38.64756800000043],[34.56483270000018,38.64848610100046],[34.57238030000008,38.64974230100012],[34.572748400000194,38.65149860000008],[34.56590370000015,38.6509046000001],[34.56463610000009,38.65328030100011],[34.559439200000156,38.65139960000056],[34.55589010000011,38.65248840000004],[34.55386200000015,38.65427020000004],[34.55462250000005,38.65931830000028],[34.55284790000013,38.66367320100045],[34.5561436000001,38.66505890100035],[34.55310150000014,38.66703830100016],[34.54841150000004,38.66783010100016],[34.54828480000003,38.67238240100005],[34.542707600000085,38.67752820000027],[34.54422860000017,38.6790125010001],[34.540806300000156,38.68089260000011],[34.54866500000003,38.687323900000024],[34.544608900000185,38.692171901000506],[34.54042600000014,38.69276550100005],[34.540933000000166,38.69603030100018],[34.53598960000005,38.6959313000001],[34.53053920000008,38.69741520100001],[34.5248352000001,38.70038290000019]]],"type":"Polygon"}},{"type":"Feature","properties":{"area_id":"TR-50-007-2025020","name_tr":"Çiftlikköy Köyü","area_level":"neighbourhood","parent_id":"TR-50-007","endeksa_id":2025020},"geometry":{"coordinates":[[[34.507509000000084,38.70036600000003],[34.504375000000095,38.70066200000019],[34.500610000000165,38.700637000000086],[34.50064200000014,38.7013070000001],[34.49914500000011,38.701312000000144],[34.498948000000155,38.70127600000052],[34.49881800000003,38.701129000000435],[34.49794400000019,38.70112700000027],[34.49796000000009,38.70026700000017],[34.496307000000115,38.70011000000068],[34.49611500000003,38.700062000000116],[34.49618900000013,38.69992100000013],[34.49594500000018,38.699886000000106],[34.49566000000004,38.700247000000104],[34.49485900000019,38.7002490000001],[34.494693000000154,38.69910300000049],[34.49452700000006,38.69903800000009],[34.49444100000005,38.69871000000012],[34.49373200000019,38.69860100000017],[34.49351100000007,38.69869500000016],[34.49241800000004,38.69986400000022],[34.49238500000013,38.699523000000056],[34.49287900000013,38.698481000000186],[34.49290800000006,38.697935000000484],[34.49281300000018,38.697670000000585],[34.49070200000017,38.69791800000013],[34.49037000000004,38.69694000000004],[34.489767000000086,38.697069000000056],[34.48965900000019,38.697420000000136],[34.48721400000005,38.69730900000002],[34.48645900000008,38.69765700000022],[34.48526400000014,38.69771600000013],[34.48527000000013,38.69719900000018],[34.48545700000017,38.69652500000035],[34.48572300000012,38.69614100000001],[34.484893,38.69461700000022],[34.484241000000054,38.69463900000062],[34.48455700000011,38.69522500000011],[34.48284899999999,38.69544300000035],[34.48292100000009,38.695698000000164],[34.48350799999997,38.69570900000019],[34.483315000000175,38.69665700000007],[34.48316000000017,38.696688000000336],[34.48184500000008,38.69636400000053],[34.4818370000001,38.69708900000012],[34.48195100000015,38.6978040000003],[34.482206000000076,38.698596000000464],[34.482120000000066,38.69873800000016],[34.48194700000016,38.698829000000046],[34.481223000000114,38.69826900000004],[34.48003900000003,38.69784400000009],[34.47987400000005,38.69816100000003],[34.47879300000017,38.69899100000009],[34.47844700000013,38.69949800000012],[34.47834899999998,38.69952800000016],[34.47768000000008,38.69896100000011],[34.47724100000016,38.699235000000044],[34.47595800000005,38.698167000000126],[34.47618700000015,38.698018000000104],[34.47604800000005,38.69789300000002],[34.475202000000024,38.697532000000535],[34.475189,38.69743600000004],[34.47586800000005,38.69700400000005],[34.47556600000013,38.69679400000007],[34.47480800000011,38.69735500000013],[34.474205000000154,38.697965000000124],[34.47382300000015,38.69777800000014],[34.47331700000001,38.69819400000006],[34.473032000000046,38.69800900000007],[34.47243199999997,38.69840100000067],[34.471396000000084,38.69758600000006],[34.47150700000003,38.69750300000027],[34.47093799999999,38.69696900000014],[34.47059800000011,38.69650000000041],[34.471108000000015,38.69626800000003],[34.470775,38.69584100000009],[34.46965300000011,38.69621500000028],[34.46931000000012,38.695698000000164],[34.46798500000011,38.694173999999975],[34.46724900000015,38.69457300000016],[34.466215000000034,38.69471700000014],[34.46595600000006,38.69569500000006],[34.46595800000006,38.696610000000135],[34.4660980000001,38.69672800000012],[34.46625100000017,38.696732000000054],[34.46647500000006,38.69798900000069],[34.466794000000164,38.69871699999999],[34.4670210000001,38.69895000000008],[34.46745700000014,38.698985000000675],[34.46609600000011,38.6996410000001],[34.46628100000015,38.7002250000001],[34.46667700000006,38.700767000000326],[34.46594800000014,38.70116500000006],[34.465856000000144,38.70125500000006],[34.465981,38.70136200000053],[34.465924000000086,38.70140800000007],[34.46459600000003,38.70171100000027],[34.4636910000001,38.7016610000004],[34.46376400000008,38.70197000000002],[34.46387500000003,38.70203900000041],[34.464583000000175,38.70200800000015],[34.46498800000012,38.702193000000364],[34.46439900000007,38.70237500000013],[34.46360300000009,38.702441000000135],[34.46347100000003,38.70374700000019],[34.463921000000084,38.70425000000006],[34.46273600000012,38.704760000000306],[34.461535000000026,38.70497400000011],[34.45881800000012,38.70487800000012],[34.454165000000046,38.70535800000005],[34.45334500000007,38.70523300000036],[34.45246700000007,38.70539600000035],[34.452335000000176,38.70494100000036],[34.45186200000012,38.705014000000176],[34.451300000000174,38.705242000000396],[34.45082700000012,38.7046160000001],[34.44993800000009,38.70442200000008],[34.44864300000006,38.706385000000466],[34.44729100000012,38.705652000000214],[34.44723900000008,38.705548000000135],[34.44732800000014,38.70523700000069],[34.44701900000018,38.70536700000008],[34.44705100000016,38.7048410000001],[34.44772000000006,38.70482900000019],[34.44753600000013,38.7043450000001],[34.44715300000007,38.70382000000018],[34.44722600000006,38.70314500000012],[34.44658500000014,38.70274400000011],[34.449888000000044,38.70263700000015],[34.44992400000018,38.70159100000029],[34.450486000000126,38.70145700000057],[34.45122800000007,38.700949000000094],[34.45088800000019,38.70060000000018],[34.45040499999999,38.69977200000005],[34.44972200000018,38.698873000000106],[34.45016000000015,38.69838800000031],[34.449183000000176,38.69803500000023],[34.44817600000016,38.69654500000058],[34.44791100000009,38.695956000000194],[34.448594862486004,38.69578303429262],[34.448392071867545,38.69577450394627],[34.44825010948938,38.6956680016969],[34.448229460049674,38.69551251799743],[34.448339316217414,38.69538597470955],[34.44803300000001,38.69555800000012],[34.44778700000012,38.6952780000002],[34.44756000000018,38.69531200000017],[34.44716700000015,38.695025000000044],[34.44736900000015,38.69505800000047],[34.44773900000007,38.69479300000057],[34.44833300000016,38.69413099999997],[34.44775400000003,38.69370600000019],[34.44846300000006,38.69308900000027],[34.44578200000012,38.69294000000019],[34.4433150000001,38.68922600000002],[34.44319700000011,38.687928000000284],[34.44358100000011,38.68604200000004],[34.44322200000005,38.68559499999998],[34.44198200000011,38.685979000000316],[34.441495000000145,38.68540200000018],[34.44147100000015,38.68499600000018],[34.441192000000115,38.684582000000546],[34.44203900000002,38.68416200000007],[34.441772000000185,38.68364700000063],[34.44012700000013,38.684424999999976],[34.43850000000015,38.681975000000136],[34.438619000000074,38.68193600000046],[34.438201000000106,38.680806000000075],[34.43782500000009,38.680854000000465],[34.437640000000044,38.68068099999999],[34.437062000000026,38.6808740000007],[34.436239000000114,38.6793550000001],[34.435937000000024,38.679053000000124],[34.437259000000154,38.677829000000145],[34.438350000000185,38.676958000000695],[34.43971800000003,38.675438000000156],[34.440233000000035,38.67478100000034],[34.44001500000007,38.67427500000002],[34.4382270000001,38.674194000000114],[34.438111000000106,38.67401899999999],[34.43798200000009,38.67401300000006],[34.435970000000054,38.67410200000029],[34.435851000000184,38.67326600000007],[34.436553000000174,38.67324200000019],[34.43642700000004,38.672642999999994],[34.43626300000017,38.67254200000053],[34.4358630000001,38.67261500000018],[34.43576000000013,38.67217899999997],[34.43546400000014,38.67220200000014],[34.43539400000003,38.67174500000067],[34.43509900000015,38.67173800000012],[34.435118999999986,38.671037000000354],[34.434626000000094,38.67106200000029],[34.433907999999974,38.67095500000016],[34.43348500000019,38.67237200000068],[34.433379000000116,38.672378000000094],[34.43288600000017,38.672073000000125],[34.43314400000003,38.67168600000008],[34.43270200000006,38.6715640000001],[34.432747000000006,38.67139200000008],[34.4317880000001,38.67116700000008],[34.43207398005325,38.6704510499373],[34.43190136290815,38.67038477525489],[34.43182116684943,38.67025181613292],[34.43199471059131,38.669965461819515],[34.43107500000008,38.67095400000005],[34.430715000000134,38.67074800000006],[34.43081500000005,38.67064300000044],[34.43018200000006,38.66973200000001],[34.430264000000136,38.66970300000014],[34.43024400000007,38.669136000000094],[34.429213000000175,38.66915800000049],[34.429426000000035,38.667418000000055],[34.42975200000001,38.66670600000015],[34.430180000000064,38.66687400000052],[34.43156800000003,38.66716300000013],[34.43312700000001,38.66721200000006],[34.4366490000001,38.66761700000018],[34.43866700000012,38.668075000000044],[34.44069700000006,38.66877700000009],[34.44413379200017,38.67047901300009],[34.4445839120001,38.67059708500028],[34.44494400000008,38.67037500000015],[34.44612200000017,38.669147000000294],[34.446639000000175,38.668307000000425],[34.447072000000105,38.66674900000015],[34.447023000000115,38.666275000000155],[34.44714900000008,38.666051000000095],[34.44699200000008,38.665404000000024],[34.44701900000018,38.66519000000045],[34.44730500000003,38.664602000000116],[34.44738300000006,38.66404000000051],[34.44771000000014,38.663126000000204],[34.448028000000136,38.662476000000424],[34.44884000000019,38.66288200000008],[34.449709000000155,38.662607000000094],[34.44964800000008,38.662486],[34.45012100000014,38.66230200000024],[34.450665000000186,38.66192300000017],[34.45179200000018,38.66134999999997],[34.45214500000009,38.66126800000012],[34.45265400000011,38.66198600000001],[34.454001000000176,38.66170100000011],[34.45404000000019,38.661258000000544],[34.45566100000002,38.66148000000044],[34.45670600000017,38.661815000000445],[34.461708578000184,38.66446411900034],[34.46266100000014,38.664829000000054],[34.466049523000095,38.66676585200008],[34.46825045600002,38.66575629300013],[34.47274300000015,38.66853600000019],[34.472885791000124,38.66873481500056],[34.473910918000115,38.66939352899999],[34.474620266000045,38.66873125800004],[34.47433862500009,38.66780562300005],[34.474410517000024,38.667769433000444],[34.47438100000011,38.667694000000154],[34.474573951000025,38.66768716100006],[34.476996692,38.66646756400064],[34.47888106900007,38.66706632800009],[34.479558,38.66679400000015],[34.479634421000014,38.6668651920005],[34.48155557100017,38.6662093270005],[34.48298440700012,38.66492846700004],[34.48294045441594,38.66478162560662],[34.48297163718627,38.664673892132896],[34.48309705725279,38.664626696454775],[34.48527089800018,38.6647485310001],[34.485416346000136,38.66450716700035],[34.485498506,38.662572742000066],[34.48536200000012,38.661027000000104],[34.488497000000166,38.66093999999998],[34.48863298200018,38.661339281000096],[34.490356650000024,38.66147978000009],[34.49331400000011,38.661374000000194],[34.493415371000026,38.661729102000265],[34.49812752500003,38.662103550000154],[34.49945874900004,38.66102238000008],[34.499407000000076,38.66062900000037],[34.500394427000174,38.660260273000176],[34.50318089349133,38.66051842579816],[34.503338612840025,38.6604169079377],[34.503243600011444,38.66027617257322],[34.5044180000001,38.66066600000005],[34.506018100000176,38.66351420100011],[34.50841180000015,38.666176301000064],[34.50762750000007,38.66914350100012],[34.50842140000003,38.67100310100011],[34.50559980000003,38.67214220100004],[34.50609470000012,38.67312579999998],[34.506564300000036,38.675065800000084],[34.505033500000025,38.68553380000043],[34.505782099999976,38.68793840100017],[34.50657600000011,38.6888931000002],[34.507048100000134,38.690132501000164],[34.50655460000013,38.691355199999975],[34.50599669999997,38.69148910100017],[34.50528860000003,38.692410301000336],[34.50527640000007,38.69278500100006],[34.50533150000018,38.693515601000115],[34.50677350000012,38.6951696000001],[34.50748000000016,38.696142001],[34.50608250000016,38.698121100000094],[34.50642580000016,38.69872400000003],[34.507069600000136,38.699410601000125],[34.507509000000084,38.70036600000003]]],"type":"Polygon"}},{"type":"Feature","properties":{"area_id":"TR-50-007-60460","name_tr":"Cumhuriyet Sulusaray","area_level":"neighbourhood","parent_id":"TR-50-007","endeksa_id":60460},"geometry":{"coordinates":[[[34.68606714700013,38.6851822780003],[34.68618263800005,38.68529998899999],[34.684840943000154,38.691400205000605],[34.68163707400015,38.69573982900016],[34.68136159100004,38.6974506250001],[34.68075581700015,38.70732084200063],[34.68065146100008,38.70741366500005],[34.680512321000094,38.70735334300002],[34.67920665500009,38.704834814000094],[34.67564369400003,38.70086865500048],[34.671924364000176,38.69843840200002],[34.66934246400007,38.69641736800014],[34.664378580000005,38.69377494600036],[34.66311000000002,38.692711714000495],[34.66884540400014,38.681407955000054],[34.68606714700013,38.6851822780003]]],"type":"Polygon"}},{"type":"Feature","properties":{"area_id":"TR-50-007-60461","name_tr":"Sultan Aladdin","area_level":"neighbourhood","parent_id":"TR-50-007","endeksa_id":60461},"geometry":{"coordinates":[[[34.7861735690002,38.69966275200062],[34.786293644000295,38.69990005100044],[34.78549586300028,38.70070946000021],[34.783152002000236,38.702364491000424],[34.778564485000345,38.7041783610004],[34.77753352700029,38.70475680800075],[34.776149805000216,38.70563803000033],[34.77246666500031,38.708630519000224],[34.762219469000286,38.71241419700061],[34.75808115600029,38.71294347900016],[34.75372188200021,38.715737387000274],[34.752848831000335,38.71600215900065],[34.73013330400033,38.718658486000436],[34.72519739800032,38.71940609800083],[34.72056257300022,38.717930303000344],[34.71562797200028,38.7170950780004],[34.712704153000345,38.71569309100033],[34.70157260700017,38.714964373000214],[34.6985467840002,38.714010158000406],[34.69570479000026,38.71447881100073],[34.69332961100031,38.716462543000375],[34.690143278000335,38.71812560900048],[34.68997945400031,38.71832474700062],[34.6870097260001,38.71855398900004],[34.6845492093579,38.71628618101403],[34.683127999000135,38.712404351000146],[34.68128212900018,38.7090675770001],[34.680512321000094,38.70735334300002],[34.68065146100008,38.70741366500005],[34.68075581700015,38.70732084200063],[34.68136159100004,38.6974506250001],[34.68163707400015,38.69573982900016],[34.684840943000154,38.691400205000605],[34.68618263800005,38.68529998899999],[34.68606714700013,38.6851822780003],[34.686225176000164,38.685106020000205],[34.68715773800005,38.68086030300003],[34.689702518000104,38.675240285000086],[34.690613352000184,38.672595293000086],[34.69271279800017,38.66985605999997],[34.69276143899998,38.66969704900009],[34.69287994600012,38.66964973100005],[34.69973749000013,38.67024721600001],[34.70368513200009,38.67012941200022],[34.70430488400007,38.67434372500048],[34.70016462200016,38.6790550580003],[34.69673819800016,38.68276701700006],[34.69630989500013,38.68547960300015],[34.701163995000115,38.68676451200065],[34.70787407600011,38.686621744000206],[34.71229987300012,38.687050047000014],[34.720580397000106,38.68762111800015],[34.72828985100011,38.690190936000135],[34.73000306300014,38.6900481680002],[34.73071690100005,38.68505130000011],[34.73381401700016,38.68180464000011],[34.733907627000065,38.68188344300029],[34.744958208000185,38.68406120899999],[34.75335191900007,38.68222530900033],[34.76107106000006,38.67501013800029],[34.763949382000135,38.67195509800047],[34.76415177000001,38.67196428500006],[34.782943526,38.69536297200011],[34.7861735690002,38.69966275200062]]],"type":"Polygon"}}]}