{"type":"FeatureCollection","source_id":"endeksa","retrieved_at":null,"features":[{"type":"Feature","properties":{"area_id":"TR-74-002-90695","name_tr":"Gerişli","area_level":"neighbourhood","parent_id":"TR-74-002","endeksa_id":90695},"geometry":{"coordinates":[[[32.40657388800008,41.31649625600039],[32.40680914600017,41.317691544000525],[32.40499083500009,41.3230809460004],[32.40498858300009,41.32594081800005],[32.404474155000116,41.32837888100062],[32.40225841500012,41.33292017400004],[32.40014813000005,41.334398388000125],[32.39745034300006,41.33382553400003],[32.39627880199998,41.33371703299997],[32.39160112800005,41.33368499200009],[32.38991178800006,41.334761959000105],[32.38870934500011,41.3358607960007],[32.38845591300014,41.335934192000025],[32.38830311800018,41.33612612100018],[32.388279874000034,41.33598283500004],[32.38602241500001,41.334868976000166],[32.38470422400013,41.333826569000166],[32.38263991600002,41.33154863500016],[32.381151851000084,41.328885219000085],[32.38057776400012,41.32669728200011],[32.38034288900013,41.32140693200063],[32.38129957800015,41.31768332700011],[32.3814403720001,41.317575349000094],[32.3902201410001,41.31788791700052],[32.39255331100003,41.31788797200011],[32.39509595300012,41.3176248530001],[32.40189429100019,41.31867386400012],[32.40536503800007,41.31652633300013],[32.40644115000009,41.316408910999996],[32.40657388800008,41.31649625600039]]],"type":"Polygon"}},{"type":"Feature","properties":{"area_id":"TR-74-002-90693","name_tr":"Şabankadı","area_level":"neighbourhood","parent_id":"TR-74-002","endeksa_id":90693},"geometry":{"coordinates":[[[32.443947336000065,41.31226481300013],[32.41469464100004,41.34531166700009],[32.410906173000114,41.3430027980001],[32.401638730000116,41.34156579500012],[32.39776624400014,41.33704304300005],[32.393111687000044,41.33937711100009],[32.38889974000017,41.33912998600016],[32.38705057600009,41.34320308600019],[32.38405005700008,41.34341240200007],[32.38360284100003,41.34293140300014],[32.385336681000126,41.339365974000145],[32.38642267,41.337823396000374],[32.38830311800018,41.33612612100018],[32.38845591300014,41.335934192000025],[32.38870934500011,41.3358607960007],[32.38991178800006,41.334761959000105],[32.39160112800005,41.33368499200009],[32.39627880199998,41.33371703299997],[32.39745034300006,41.33382553400003],[32.40014813000005,41.334398388000125],[32.40225841500012,41.33292017400004],[32.404474155000116,41.32837888100062],[32.40498858300009,41.32594081800005],[32.40499083500009,41.3230809460004],[32.40680914600017,41.317691544000525],[32.40657388800008,41.31649625600039],[32.406684845000086,41.31638334000013],[32.41689870900018,41.31534073000017],[32.41862579700006,41.31475995000011],[32.41858762600003,41.314646439],[32.418880578000085,41.314671909000026],[32.41882816200001,41.31451603900024],[32.419344142000114,41.31441453900004],[32.419375856000045,41.31450772300008],[32.420165440000176,41.31424733700021],[32.443947336000065,41.31226481300013]]],"type":"Polygon"}},{"type":"Feature","properties":{"area_id":"TR-74-002-90692","name_tr":"Merkez Hasankadı","area_level":"neighbourhood","parent_id":"TR-74-002","endeksa_id":90692},"geometry":{"coordinates":[[[32.38360284100003,41.34293140300014],[32.38169080200004,41.34584410700063],[32.3761085590001,41.35041925500013],[32.37609041400009,41.35052757000045],[32.37621665500012,41.35058261800003],[32.37588740300009,41.35061913500016],[32.375624679,41.35098373100027],[32.374388824000164,41.35020155000012],[32.374185288000035,41.35028086700038],[32.374139513000046,41.35002606799998],[32.36756757000012,41.346560357000385],[32.3668677280001,41.34565873500003],[32.36583010800007,41.34563804000004],[32.36546522100019,41.34545901100006],[32.36094666200012,41.34310625400013],[32.36080726100005,41.3429951870001],[32.357238257000176,41.32438817700012],[32.349591787000065,41.319736960000114],[32.35386862900009,41.31610164700015],[32.35559199400012,41.3162384860002],[32.355709774000104,41.31641942600061],[32.35584992100007,41.316306539000095],[32.36186004600006,41.31682097100003],[32.37269170900015,41.31723936600008],[32.374377062000065,41.317125032000035],[32.37450103400005,41.31701886200011],[32.37456961900011,41.31714720800011],[32.37555765700017,41.31736588300049],[32.381178782999996,41.317566047000355],[32.38129957800015,41.31768332700011],[32.38034288900013,41.32140693200063],[32.38057776400012,41.32669728200011],[32.381151851000084,41.328885219000085],[32.38263991600002,41.33154863500016],[32.38470422400013,41.333826569000166],[32.38602241500001,41.334868976000166],[32.388279874000034,41.33598283500004],[32.38830311800018,41.33612612100018],[32.38642267,41.337823396000374],[32.385336681000126,41.339365974000145],[32.38360284100003,41.34293140300014]]],"type":"Polygon"}},{"type":"Feature","properties":{"area_id":"TR-74-002-90694","name_tr":"Tüloğlu","area_level":"neighbourhood","parent_id":"TR-74-002","endeksa_id":90694},"geometry":{"coordinates":[[[32.373065693,41.357563898000194],[32.37255744100008,41.35785771200017],[32.36427096900013,41.35783822900004],[32.363021827000125,41.357061763000104],[32.362699645000134,41.34668731100004],[32.36430039800018,41.345652814000346],[32.365416146000086,41.34563761900006],[32.365519387000006,41.34555981800014],[32.36546522100019,41.34545901100006],[32.36583010800007,41.34563804000004],[32.3668677280001,41.34565873500003],[32.36756757000012,41.346560357000385],[32.374139513000046,41.35002606799998],[32.374185288000035,41.35028086700038],[32.37411470600006,41.351665429000036],[32.376606407000054,41.35336898400004],[32.37665138400013,41.35347826300011],[32.37403809400013,41.3531682740001],[32.37383673600016,41.357118168000056],[32.373065693,41.357563898000194]]],"type":"Polygon"}},{"type":"Feature","properties":{"area_id":"TR-74-002-2036118","name_tr":"Hanyeri Köyü","area_level":"neighbourhood","parent_id":"TR-74-002","endeksa_id":2036118},"geometry":{"coordinates":[[[32.35225586900003,41.35818141500005],[32.35200040311781,41.35823001758365],[32.35002687100018,41.356713873000274],[32.350523210411154,41.35144022251899],[32.35078000000004,41.35120000000012],[32.35094000000015,41.35075000000023],[32.35094000000015,41.350370000000055],[32.35114000000016,41.34968000000049],[32.350810000000195,41.34846000000044],[32.35039000000012,41.34807000000018],[32.34976000000023,41.34789000000018],[32.349000000000046,41.347520000000145],[32.347800000000234,41.347310000000505],[32.34692000000007,41.34761000000009],[32.34684000000021,41.34772000000032],[32.34652000000017,41.3478400000003],[32.346190000000036,41.347740000000044],[32.34601000000009,41.34780000000018],[32.34568000000013,41.34813000000014],[32.34528000000006,41.34815000000037],[32.343960000000095,41.34798000000052],[32.343400000000145,41.34780000000018],[32.34240000000017,41.34695000000056],[32.34181000000018,41.34664000000049],[32.34137000000004,41.34609000000046],[32.34054000000009,41.34566000000041],[32.33851000000021,41.346600000000194],[32.33798000000019,41.34658000000036],[32.33791000000008,41.3464500000004],[32.337550000000135,41.34622000000019],[32.337430000000154,41.34601000000026],[32.336770000000115,41.34617000000014],[32.33673000000016,41.34657000000038],[32.336030000000164,41.346440000000314],[32.33478000000014,41.3467100000006],[32.33387000000016,41.347560000000044],[32.33249000000018,41.34801000000016],[32.33147000000014,41.34906000000035],[32.32802000000015,41.35049000000072],[32.32609000000019,41.35117000000014],[32.32384000000019,41.35085000000015],[32.321500000000185,41.35026000000016],[32.32006000000007,41.3504200000001],[32.316230000000076,41.35147000000012],[32.31175000000013,41.35074000000009],[32.309830000000034,41.348790000000065],[32.30709000000019,41.34937000000042],[32.29923000000019,41.34979000000038],[32.295110000000136,41.349530000000186],[32.29194000000007,41.349940000000174],[32.29019000000005,41.35049000000072],[32.282780000000116,41.349840000000256],[32.279310000000066,41.34227000000004],[32.28053000000011,41.33565000000067],[32.28285000000005,41.327200000000175],[32.29202000000009,41.31362000000007],[32.303820000000144,41.31133000000068],[32.31798000000009,41.31275000000022],[32.32180000000011,41.317200000000355],[32.32260000000008,41.320580000000064],[32.3315800000002,41.323430000000144],[32.33375000000018,41.324350000000095],[32.336340000000064,41.325780000000066],[32.33781000000016,41.32481000000047],[32.342130000000054,41.32433000000054],[32.34454000000011,41.323390000000245],[32.34655000000015,41.32233000000008],[32.34794000000005,41.32080000000013],[32.34952000000004,41.31969000000032],[32.349591787000065,41.319736960000114],[32.357238257000176,41.32438817700012],[32.36080726100005,41.3429951870001],[32.36094666200012,41.34310625400013],[32.36075153900009,41.34314804900049],[32.35210321100004,41.358045694000054],[32.35212294300004,41.358149056000116],[32.35225586900003,41.35818141500005]]],"type":"Polygon"}},{"type":"Feature","properties":{"area_id":"TR-74-002-2036115","name_tr":"Eskiemirler Köyü","area_level":"neighbourhood","parent_id":"TR-74-002","endeksa_id":2036115},"geometry":{"coordinates":[[[32.374333,41.360553],[32.37364571367886,41.35893164762322],[32.373065693,41.357563898000194],[32.37379677561169,41.35714126886083],[32.373836736802815,41.357118152253314],[32.373978282674884,41.354341599516765],[32.374038,41.353168],[32.376651,41.353478],[32.376606,41.353369],[32.37581293125735,41.352826506821266],[32.37411470600006,41.351665429000036],[32.37414942503284,41.3509843752806],[32.374185,41.350281],[32.37418528688358,41.35028088890325],[32.374185288000035,41.35028086700038],[32.374388824000164,41.35020155000012],[32.375624679,41.35098373100027],[32.375757878973495,41.35079888293209],[32.375887,41.350619],[32.3759858393753,41.35060821762579],[32.37621622742856,41.35058266542233],[32.37609,41.350528],[32.37609877726488,41.35047764626389],[32.3761085590001,41.35041925500013],[32.38169080200004,41.34584410700063],[32.382738051702475,41.34424881569526],[32.383603,41.342931],[32.38405,41.343412],[32.38705060247415,41.34320302769043],[32.38889974000017,41.33912998600016],[32.3889,41.33913],[32.39311191796291,41.33937699519074],[32.394123960970425,41.33886952762416],[32.397766,41.337043],[32.39776609905546,41.33704311568926],[32.39776624400014,41.33704304300005],[32.400426202102295,41.34014974150367],[32.40163883891199,41.341565811892565],[32.410906173000114,41.3430027980001],[32.41469464100004,41.34531166700009],[32.43789444860025,41.319106136127715],[32.443947,41.312265],[32.4439471623194,41.31226500932901],[32.443947336000065,41.31226481300013],[32.444096804544394,41.3122736096436],[32.444382,41.31229],[32.466033,41.342431],[32.47645310789772,41.356931781328186],[32.47684499500019,41.357476831000156],[32.47684498579013,41.35747698023062],[32.476845,41.357477],[32.476839,41.357579],[32.476721,41.357623],[32.476998589613224,41.35770189390152],[32.4770064870001,41.35770402600008],[32.477005959529414,41.357703988497896],[32.477006,41.357704],[32.47669762705102,41.35768206626815],[32.46144348200016,41.35659646100015],[32.45133461100016,41.351811292000264],[32.44337650706328,41.351414523244735],[32.434647,41.350979],[32.43093625024687,41.34849916724617],[32.42538410900005,41.35056516900028],[32.42622638200004,41.35239070000006],[32.42503049700014,41.35400410600033],[32.418342286000154,41.35964536900053],[32.40868938224651,41.36256921137851],[32.40733999999998,41.364060000000045],[32.40803000000011,41.367500000000405],[32.40745648861201,41.36732041562618],[32.4052700000002,41.36656000000022],[32.4049099999999,41.36676000000002],[32.4024500000001,41.3663300000004],[32.40226000000018,41.36638000000028],[32.40060000000011,41.367660000000285],[32.397050000000036,41.368780000000584],[32.39546000000004,41.368930000000105],[32.39444000000009,41.36864000000037],[32.39415000000008,41.3687700000001],[32.39361000000014,41.3685100000003],[32.39300025557414,41.368526705645024],[32.392880000000076,41.36853000000007],[32.39267000000018,41.36869000000024],[32.39260000000007,41.36861000000005],[32.39243000000009,41.36869000000002],[32.39211000000006,41.368960000000186],[32.39124000000015,41.369420000000275],[32.390890000000184,41.3697200000002],[32.38958000000005,41.37006000000012],[32.38811000000021,41.37009000000029],[32.387790000000166,41.37024000000008],[32.38779,41.37024],[32.3877899873096,41.3702400021303],[32.38694400369411,41.370382001847304],[32.38686000000013,41.37034000000034],[32.38686,41.37034],[32.38693000000006,41.37028000000015],[32.38693467845699,41.37022035008817],[32.38697,41.36977],[32.38716,41.36947],[32.3872,41.36919],[32.38708000000007,41.36889999999998],[32.38686000000013,41.368930000000205],[32.38663000000014,41.36842000000013],[32.38663,41.36842],[32.38659999999996,41.36790000000006],[32.38643999999997,41.36766000000009],[32.38655000000001,41.36718000000035],[32.386462569251,41.36691310745763],[32.38636,41.3666],[32.38642,41.36629],[32.3866,41.3661],[32.38696,41.36599],[32.38703,41.36566],[32.386928107517996,41.36516024575581],[32.38682000000006,41.36463000000026],[32.38682,41.36463],[32.387090000000114,41.364350000000066],[32.387040000000106,41.363570000000024],[32.38723,41.36338],[32.3872,41.36247],[32.38741999999981,41.36205000000005],[32.387419979784596,41.36204998992795],[32.384558,41.360624],[32.38127021140791,41.36322401279454],[32.37919978700006,41.36486124400017],[32.37884290152816,41.36204496734851],[32.37855387752762,41.361949131905014],[32.37808048699998,41.36179249000014],[32.37808035069003,41.361792116285436],[32.37808,41.361792],[32.37790301872835,41.3613070513181],[32.37759834132643,41.36124265971036],[32.374333,41.360553]]],"type":"Polygon"}},{"type":"Feature","properties":{"area_id":"TR-74-002-2036125","name_tr":"Karşıyaka Köyü","area_level":"neighbourhood","parent_id":"TR-74-002","endeksa_id":2036125},"geometry":{"coordinates":[[[32.38694400369411,41.370382001847304],[32.38674647800019,41.370368233000136],[32.38672318700009,41.370266249],[32.386617198000124,41.370466404000126],[32.38615973100019,41.37058430500002],[32.383894172000055,41.37560866199999],[32.384892344000036,41.377171667000084],[32.37702300500007,41.379091018],[32.369564512000125,41.3771076510003],[32.368901895000135,41.37692766700019],[32.36435968700016,41.37395855100016],[32.36257130545209,41.37524370792471],[32.362364800908665,41.37523863942545],[32.362319891436584,41.375090078615415],[32.36238000000009,41.37421000000012],[32.36269000000016,41.3738800000005],[32.36318000000017,41.37295000000029],[32.363260000000025,41.372520000000236],[32.36358000000007,41.37202000000008],[32.363440000000026,41.371840000000134],[32.36352000000005,41.37140000000011],[32.363320000000044,41.37109000000004],[32.36373000000003,41.3708000000002],[32.36367000000024,41.37052000000034],[32.3639500000001,41.370080000000144],[32.363970000000165,41.369330000000105],[32.36380000000014,41.36894000000035],[32.363440000000026,41.366170000000125],[32.36211000000009,41.36556000000007],[32.36077000000006,41.36514000000068],[32.36107000000004,41.36509000000012],[32.36065000000008,41.36442000000011],[32.358710000000144,41.362520000000075],[32.357030000000066,41.361870000000124],[32.35575127800013,41.36119630500025],[32.35537000000005,41.35989000000029],[32.35550000000012,41.3593900000003],[32.355360000000076,41.35903000000036],[32.355360000000076,41.358490000000415],[32.35464845900009,41.35772558300016],[32.354060000000175,41.357530000000565],[32.35365296435998,41.357943309943835],[32.35225586900003,41.35818141500005],[32.35212294300004,41.358149056000116],[32.35210321100004,41.358045694000054],[32.36075153900009,41.34314804900049],[32.36094666200012,41.34310625400013],[32.36546522100019,41.34545901100006],[32.365519387000006,41.34555981800014],[32.365416146000086,41.34563761900006],[32.36430039800018,41.345652814000346],[32.362699645000134,41.34668731100004],[32.363021827000125,41.357061763000104],[32.36427096900013,41.35783822900004],[32.37255744100008,41.35785771200017],[32.373065693,41.357563898000194],[32.3743331070001,41.36055251500045],[32.37790346200018,41.36130714500018],[32.37808048699998,41.36179249000014],[32.37884287500003,41.362044758000195],[32.37919978700006,41.36486124400017],[32.384557938000114,41.360623929000496],[32.387420000000134,41.362050000000124],[32.387200000000234,41.3624700000002],[32.387230000000045,41.36338000000018],[32.38704000000013,41.363570000000095],[32.38709000000017,41.36435000000017],[32.38682000000006,41.36463000000026],[32.38703000000021,41.36566000000039],[32.3869600000001,41.365990000000124],[32.38660000000016,41.36610000000053],[32.38642000000016,41.36629000000062],[32.386360000000195,41.366600000000176],[32.38655000000006,41.36718000000036],[32.38644000000005,41.367660000000285],[32.38660000000016,41.36790000000025],[32.38663000000014,41.36842000000013],[32.38686000000013,41.368930000000205],[32.38708000000008,41.36890000000005],[32.387200000000234,41.3691900000004],[32.38716000000011,41.36947000000015],[32.38697000000019,41.369770000000074],[32.38693000000006,41.37028000000038],[32.38686000000013,41.37034000000034],[32.38694400369411,41.370382001847304]]],"type":"Polygon"}},{"type":"Feature","properties":{"area_id":"TR-74-002-2036117","name_tr":"Eyüpoğlu Köyü","area_level":"neighbourhood","parent_id":"TR-74-002","endeksa_id":2036117},"geometry":{"coordinates":[[[32.40745648861201,41.36732041562618],[32.40770632600015,41.374294666000026],[32.40490845400012,41.3771305950001],[32.40579833600003,41.38112163799997],[32.40520272100002,41.38215120899997],[32.40527212400019,41.38334299500036],[32.40285393700003,41.38610536100066],[32.40242450100004,41.39366594900059],[32.399810250000144,41.39596022600011],[32.39989576600016,41.39602612800002],[32.395078425000065,41.39404576100003],[32.38698761500012,41.39477106600009],[32.38049572400007,41.38747817400065],[32.37888211800015,41.38345153200055],[32.36891164600013,41.37693404100014],[32.37702300500007,41.379091018],[32.384892344000036,41.377171667000084],[32.383894172000055,41.37560866199999],[32.38615973100019,41.37058430500002],[32.386617198000124,41.370466404000126],[32.38672318700009,41.370266249],[32.38674647800019,41.370368233000136],[32.38694400369411,41.370382001847304],[32.387790000000166,41.37024000000008],[32.38811000000021,41.37009000000029],[32.38958000000014,41.37006000000008],[32.390890000000184,41.3697200000002],[32.39124000000015,41.369420000000275],[32.39211000000006,41.368960000000186],[32.39243000000005,41.36869000000024],[32.39260000000007,41.36861000000005],[32.39267000000018,41.36869000000024],[32.39288000000016,41.368530000000135],[32.39361000000014,41.3685100000003],[32.39415000000008,41.3687700000001],[32.39444000000009,41.36864000000037],[32.39546000000013,41.368930000000205],[32.397050000000036,41.368780000000584],[32.40060000000011,41.367660000000285],[32.40226000000018,41.36638000000028],[32.4024500000001,41.3663300000004],[32.40491000000003,41.366760000000056],[32.4052700000002,41.36656000000022],[32.40745648861201,41.36732041562618]]],"type":"Polygon"}},{"type":"Feature","properties":{"area_id":"TR-74-002-2036128","name_tr":"Özbaşı Köyü","area_level":"neighbourhood","parent_id":"TR-74-002","endeksa_id":2036128},"geometry":{"coordinates":[[[32.40317571200006,41.40437557300015],[32.40446186771719,41.4034081788432],[32.405606,41.402547],[32.40493496321488,41.40005138478734],[32.40488697919867,41.39987298396803],[32.40245220902436,41.39799637758656],[32.399810250000144,41.39596022600011],[32.39981027075357,41.39596020778795],[32.39981,41.39596],[32.40105659691488,41.39486645460776],[32.40242450100004,41.39366594900059],[32.40285393700003,41.38610536100066],[32.4028539824661,41.386105309066096],[32.402854,41.386105],[32.405272,41.383343],[32.40525135769727,41.38298640132558],[32.40520272100002,41.38215120899997],[32.405533425222806,41.38157956313157],[32.405798,41.381122],[32.404908,41.377131],[32.40753692336972,41.37446638182659],[32.40770599987742,41.37429499657721],[32.407456,41.36732],[32.40803,41.3675],[32.40733999999998,41.364060000000045],[32.408689,41.362569],[32.418342,41.359645],[32.42503,41.354004],[32.426226,41.352391],[32.425384,41.350565],[32.430936,41.348499],[32.43093625024687,41.34849916724617],[32.43093648199999,41.34849908100057],[32.434646811000164,41.35097864900001],[32.44337650706328,41.351414523244735],[32.451335,41.351811],[32.461443,41.356596],[32.47669762705102,41.35768206626815],[32.477005959529414,41.357703988497896],[32.476998589613224,41.35770189390152],[32.476021527000114,41.357438106000245],[32.47672082300005,41.357622818000095],[32.47683868800016,41.35757902100045],[32.47684499500019,41.357476831000156],[32.47689087144598,41.3575149755932],[32.476967,41.357578],[32.47714826088317,41.35753461309289],[32.47716048031032,41.35753166695568],[32.477303,41.357497],[32.477323,41.357536],[32.477389,41.357664],[32.481525,41.350709],[32.485331,41.344312],[32.49014,41.341993],[32.490831,41.34166],[32.502586,41.349557],[32.521813,41.364011],[32.527628,41.369439],[32.530979,41.371084],[32.530992,41.371242],[32.524425,41.375206],[32.520019,41.388205],[32.519818,41.388298],[32.519438,41.38823],[32.51665,41.38773],[32.51637,41.38768],[32.513228,41.387309],[32.51306,41.387258],[32.51094,41.38662],[32.50287,41.38482],[32.50035,41.384463],[32.49969,41.38437],[32.499313,41.384338],[32.493993,41.38389],[32.49108,41.38334],[32.490746,41.383409],[32.487978,41.38398],[32.485993,41.384145],[32.48425,41.38429],[32.484245,41.38429],[32.48424483773919,41.38429001324648],[32.48424481268131,41.38429042173334],[32.48302000000018,41.384390000000394],[32.480058,41.384382],[32.479380000000106,41.384380000000306],[32.476139999999944,41.384520000000144],[32.47339000000005,41.38478000000015],[32.470742,41.384906],[32.46623000000005,41.38512000000043],[32.46312000000012,41.38477000000057],[32.46103000000005,41.384420000000034],[32.45988000000008,41.38643000000012],[32.45967000000013,41.38746000000003],[32.46011000000011,41.387949999999904],[32.46018000000005,41.38856000000008],[32.460070000000066,41.38951999999999],[32.460311,41.390363],[32.460410000000124,41.39071000000026],[32.46062,41.39114],[32.46062000000006,41.391140000000405],[32.46071649502005,41.39168350498045],[32.46071592181216,41.39168355693951],[32.460716,41.391684],[32.45479,41.392221],[32.453723,41.39157],[32.45001005860156,41.38930442075679],[32.44655972926083,41.387198968979654],[32.435873,41.385974],[32.434353990282176,41.38780026268983],[32.43263898100008,41.3898623850003],[32.429936360000056,41.38985702700006],[32.43120713091032,41.39573396466691],[32.431261,41.395983],[32.43126098881601,41.39598301768844],[32.43126104100014,41.39598325900016],[32.43071081298595,41.39685315676814],[32.430145,41.397748],[32.429179744453755,41.399273604384],[32.429138945000034,41.39933810100024],[32.42782074206346,41.400063797988004],[32.423045,41.402693],[32.42294793677884,41.403647008049646],[32.42264922500027,41.40658521000029],[32.420150324486926,41.40782471261734],[32.418638,41.408575],[32.41720905329256,41.40862358393755],[32.41657923000031,41.40864516100061],[32.4165792218821,41.40864499245855],[32.416579,41.408645],[32.41657093848067,41.408473021311366],[32.41656381700034,41.40832517200033],[32.41595648300017,41.40846609400063],[32.41595650629368,41.40846588258808],[32.415956,41.408466],[32.41597768079595,41.408273700801466],[32.41597897033521,41.40826199678412],[32.41219969781178,41.40785222485121],[32.406961025000044,41.40728430400037],[32.40584391200008,41.405044208000106],[32.40479457368457,41.40478125907475],[32.403176,41.404376],[32.40317635367467,41.40437573380897],[32.40317571200006,41.40437557300015]]],"type":"Polygon"}},{"type":"Feature","properties":{"area_id":"TR-74-002-2036136","name_tr":"Ustaoğlu Köyü","area_level":"neighbourhood","parent_id":"TR-74-002","endeksa_id":2036136},"geometry":{"coordinates":[[[32.28568108400003,41.41926296600013],[32.285602826000115,41.41936076800005],[32.2854513850001,41.41933583100018],[32.28245506248095,41.41671519580461],[32.2817800000002,41.41699000000051],[32.28019000000006,41.41737000000069],[32.278190000000166,41.41753000000028],[32.276490000000194,41.417990000000145],[32.275990000000206,41.41903000000019],[32.27602000000019,41.42006000000015],[32.27567000000016,41.42011000000019],[32.27468000000016,41.420040000000085],[32.27422000000013,41.42048000000011],[32.27446000000009,41.4206700000002],[32.27351000000016,41.42110000000025],[32.273150000000044,41.420940000000485],[32.2727900000001,41.42111000000034],[32.27298000000019,41.42154000000039],[32.2727900000001,41.42156000000011],[32.27264000000014,41.42178000000035],[32.272740000000056,41.42248000000018],[32.273150000000044,41.422770000000185],[32.27273000000008,41.422980000000166],[32.27201000000019,41.4231800000004],[32.271560000000136,41.423160000000166],[32.27111000000019,41.42333000000019],[32.26954000000012,41.423600000000306],[32.268230000000074,41.42364000000009],[32.267040000000065,41.42322000000013],[32.26700000000011,41.422730000000115],[32.267390000000034,41.42260000000016],[32.26694000000015,41.42226000000028],[32.26722000000018,41.422200000000316],[32.26672000000019,41.42174000000006],[32.26731000000018,41.42108000000019],[32.26762000000008,41.42104000000023],[32.2684500000002,41.420290000000705],[32.268970000000195,41.41959000000037],[32.26923000000005,41.41872000000012],[32.26907000000017,41.418520000000626],[32.2687600000001,41.41754000000054],[32.2666200000001,41.4165000000001],[32.26571000000013,41.416910000000314],[32.265340000000094,41.41614000000038],[32.26413000000014,41.41416000000015],[32.26385000000005,41.413470000000075],[32.263390000000186,41.412820000000124],[32.262740000000065,41.41274000000004],[32.261530000000164,41.41288000000009],[32.26166000000006,41.41257000000019],[32.26220000000018,41.41236000000026],[32.262030000000095,41.41193000000038],[32.26227000000006,41.41158000000053],[32.262650000000065,41.4118100000004],[32.26702000000017,41.41062000000068],[32.26930000000016,41.408980000000156],[32.26979000000023,41.4087700000004],[32.26983000000013,41.40862000000004],[32.26960000000014,41.40836000000019],[32.26982000000004,41.408210000000224],[32.26991000000021,41.407860000000426],[32.27034000000009,41.407400000000166],[32.27038000000016,41.40707000000003],[32.27056000000016,41.40701000000041],[32.270700000000204,41.40711000000016],[32.27069000000006,41.40733000000006],[32.27084000000025,41.40738000000033],[32.27125000000024,41.40716000000003],[32.27137000000022,41.406440000000146],[32.27226000000013,41.40639000000027],[32.27307000000019,41.40595000000013],[32.273180000000195,41.40584000000024],[32.273140000000126,41.40529000000021],[32.27325000000013,41.404830000000516],[32.273450000000196,41.40467000000007],[32.27330000000018,41.404520000000446],[32.27332000000007,41.40433000000036],[32.27344000000005,41.404240000000186],[32.273450000000196,41.403770000000236],[32.27325000000013,41.40339000000006],[32.273150000000044,41.40288000000032],[32.27329599449405,41.40270204113682],[32.27325928999238,41.40258199684786],[32.27446351283203,41.40227602957799],[32.27478000000008,41.40200000000016],[32.274980000000085,41.401950000000284],[32.2755200000002,41.40196000000037],[32.27636000000007,41.4021800000001],[32.27764000000013,41.40214000000037],[32.27768000000003,41.40185000000014],[32.27805000000012,41.40184000000039],[32.2781700000001,41.401570000000106],[32.27836000000019,41.40143000000057],[32.27840000000009,41.401110000000415],[32.279720000000054,41.40094000000016],[32.279720000000054,41.40113000000008],[32.27955000000003,41.40135000000038],[32.27967000000018,41.40146000000021],[32.279500000000155,41.40163000000007],[32.27954000000011,41.40199000000018],[32.27964000000003,41.40175000000005],[32.2799500000001,41.4019100000005],[32.28128000000021,41.40142000000009],[32.28144000000009,41.40151000000009],[32.28125000000017,41.401580000000195],[32.28197000000006,41.40234000000055],[32.2822900000001,41.40215000000046],[32.28249000000011,41.402350000000126],[32.28258000000011,41.40261000000015],[32.28245000000021,41.403460000000166],[32.2822000000001,41.404240000000186],[32.28218000000004,41.40518000000037],[32.282930000000135,41.4068700000002],[32.28348000000017,41.408700000000294],[32.28351000000015,41.40955000000025],[32.28311000000008,41.41060000000044],[32.28314000000006,41.41112000000015],[32.28343000000007,41.41165000000012],[32.2841600000001,41.411890000000085],[32.28496000000018,41.41284000000036],[32.28690000000012,41.41405000000026],[32.286830000000236,41.41426000000058],[32.28694378191193,41.414503114988634],[32.2871023098412,41.41454362471899],[32.28723028981966,41.41445560775884],[32.286690141319866,41.41583694110062],[32.28575000000018,41.416110000000174],[32.285412893262674,41.41648014156863],[32.28568108400003,41.41926296600013]]],"type":"Polygon"}},{"type":"Feature","properties":{"area_id":"TR-74-002-2036110","name_tr":"Celilbeyoğlu Köyü","area_level":"neighbourhood","parent_id":"TR-74-002","endeksa_id":2036110},"geometry":{"coordinates":[[[32.306870897769954,41.40442821338337],[32.30704447200014,41.405787884000006],[32.298302045000014,41.408940210000424],[32.29366195100016,41.412651050000136],[32.28965515800019,41.415027172000464],[32.28753506400011,41.413675976000036],[32.28723028981966,41.41445560775884],[32.2871023098412,41.41454362471899],[32.28694378191193,41.414503114988634],[32.286830000000236,41.41426000000058],[32.28690000000012,41.41405000000026],[32.28496000000018,41.41284000000036],[32.2841600000001,41.411890000000085],[32.28343000000007,41.41165000000012],[32.28314000000006,41.41112000000015],[32.28311000000008,41.41060000000044],[32.28351000000015,41.40955000000025],[32.28348000000017,41.408700000000294],[32.282930000000135,41.4068700000002],[32.28218000000004,41.40518000000037],[32.2822000000001,41.404240000000186],[32.28245000000021,41.403460000000166],[32.28258000000011,41.40261000000015],[32.28249000000011,41.402350000000126],[32.2822900000001,41.40215000000046],[32.28197000000006,41.40234000000055],[32.28125000000017,41.401580000000195],[32.28144000000009,41.40151000000009],[32.28128000000021,41.40142000000009],[32.2799500000001,41.4019100000005],[32.27964000000003,41.40175000000005],[32.27954000000011,41.40199000000018],[32.279500000000155,41.40163000000007],[32.27967000000018,41.40146000000021],[32.27955000000003,41.40135000000038],[32.279720000000054,41.40113000000008],[32.279720000000054,41.40094000000016],[32.27840000000009,41.401110000000415],[32.27836000000019,41.40143000000057],[32.2781700000001,41.401570000000106],[32.27805000000012,41.40184000000039],[32.27768000000003,41.40185000000014],[32.27764000000013,41.40214000000037],[32.27636000000007,41.4021800000001],[32.2755200000002,41.40196000000037],[32.274980000000085,41.401950000000284],[32.27478000000008,41.40200000000016],[32.27446351283203,41.40227602957799],[32.27325928999238,41.40258199684786],[32.2729726340001,41.4017722800001],[32.2730639450001,41.4017591760001],[32.27254555200011,41.400599477000185],[32.27295236600003,41.40050496500015],[32.272810856000035,41.399590780000096],[32.27291092400014,41.39965131000031],[32.27778683399998,41.39159048800019],[32.281885688000045,41.389673524000216],[32.28218672200006,41.38976442300054],[32.282987779000166,41.38930101900007],[32.28308265400011,41.38932329600004],[32.28750658000007,41.39137079500023],[32.290346548,41.390678565000144],[32.291136188000166,41.39311272900011],[32.29401882400009,41.39099343100008],[32.298349631482154,41.39063856764733],[32.29914000000019,41.39218000000011],[32.29923000000019,41.39352000000014],[32.300440000000094,41.39494000000008],[32.301580000000115,41.397120000000655],[32.30209000000019,41.397550000000706],[32.30311000000023,41.398760000000095],[32.30393000000004,41.400620000000345],[32.306870897769954,41.40442821338337]]],"type":"Polygon"}},{"type":"Feature","properties":{"area_id":"TR-74-002-2036102","name_tr":"Akbaş Köyü","area_level":"neighbourhood","parent_id":"TR-74-002","endeksa_id":2036102},"geometry":{"coordinates":[[[32.364879753198636,41.39958588210396],[32.36482000000018,41.4010100000001],[32.36441000000019,41.401670000000536],[32.36337000000009,41.4024000000004],[32.362300000000175,41.403770000000236],[32.35995000000008,41.403560000000084],[32.35747000000009,41.40448000000015],[32.35560000000004,41.40586000000047],[32.35380000000015,41.406500000000165],[32.35132000000016,41.40796000000017],[32.3484200000002,41.40907000000033],[32.34645000000006,41.41068000000013],[32.34215000000012,41.413350000000605],[32.34131000000025,41.413560000000246],[32.341080000000034,41.413380000000245],[32.340670000000046,41.413570000000334],[32.336650000000134,41.41417000000024],[32.33505000000008,41.414770000000146],[32.33316000000019,41.41507000000013],[32.32860000000022,41.41554000000008],[32.32833000000005,41.41894000000019],[32.326760000000206,41.42110000000025],[32.32639000000012,41.42129000000034],[32.32430000000005,41.42167000000012],[32.32354000000004,41.4216100000005],[32.32105000000007,41.420850000000144],[32.32046778171991,41.4205017895157],[32.319740000000195,41.41980000000012],[32.31904000000003,41.41701000000006],[32.31871000000007,41.414740000000506],[32.316240000000164,41.41227000000009],[32.31429000000014,41.409470000000056],[32.31167000000005,41.40717000000018],[32.30822000000006,41.40541000000019],[32.306870897769954,41.40442821338337],[32.30393000000004,41.400620000000345],[32.30311000000023,41.398760000000095],[32.30209000000019,41.397550000000706],[32.301580000000115,41.397120000000655],[32.300440000000094,41.39494000000008],[32.29923000000019,41.39352000000014],[32.29914000000019,41.39218000000011],[32.298349631482154,41.39063856764733],[32.29782000000023,41.38858000000033],[32.29386000000011,41.38037000000031],[32.292290000000094,41.37513000000018],[32.2914100000001,41.37288000000018],[32.28410000000008,41.35400000000038],[32.283810000000074,41.3539200000003],[32.28334000000012,41.353630000000464],[32.28300000000024,41.3526700000001],[32.2826800000002,41.350780000000555],[32.282780000000116,41.349840000000256],[32.29019000000005,41.35049000000072],[32.29194000000007,41.349940000000174],[32.295110000000136,41.349530000000186],[32.29923000000019,41.34979000000038],[32.30709000000019,41.34937000000042],[32.309830000000034,41.348790000000065],[32.31175000000013,41.35074000000009],[32.316230000000076,41.35147000000012],[32.32006000000007,41.3504200000001],[32.321500000000185,41.35026000000016],[32.32384000000019,41.35085000000015],[32.32609000000019,41.35117000000014],[32.32802000000015,41.35049000000072],[32.33147000000014,41.34906000000035],[32.33249000000018,41.34801000000016],[32.33387000000016,41.347560000000044],[32.33478000000014,41.3467100000006],[32.336030000000164,41.346440000000314],[32.33673000000016,41.34657000000038],[32.336770000000115,41.34617000000014],[32.337430000000154,41.34601000000026],[32.337550000000135,41.34622000000019],[32.33791000000008,41.3464500000004],[32.33798000000019,41.34658000000036],[32.33851000000021,41.346600000000194],[32.34054000000009,41.34566000000041],[32.34137000000004,41.34609000000046],[32.34181000000018,41.34664000000049],[32.34240000000017,41.34695000000056],[32.343400000000145,41.34780000000018],[32.343960000000095,41.34798000000052],[32.34528000000006,41.34815000000037],[32.34568000000013,41.34813000000014],[32.34601000000009,41.34780000000018],[32.346190000000036,41.347740000000044],[32.34652000000017,41.3478400000003],[32.34684000000021,41.34772000000032],[32.34692000000007,41.34761000000009],[32.347800000000234,41.347310000000505],[32.349000000000046,41.347520000000145],[32.34976000000023,41.34789000000018],[32.35039000000012,41.34807000000018],[32.350810000000195,41.34846000000044],[32.35114000000016,41.34968000000049],[32.35094000000015,41.350370000000055],[32.35094000000015,41.35075000000023],[32.35078000000004,41.35120000000012],[32.350523210411154,41.35144022251899],[32.35002687100018,41.356713873000274],[32.35200040311781,41.35823001758365],[32.35365296435998,41.357943309943835],[32.354060000000175,41.357530000000565],[32.35464845900009,41.35772558300016],[32.355360000000076,41.358490000000415],[32.355360000000076,41.35903000000036],[32.35550000000012,41.3593900000003],[32.35537000000005,41.35989000000029],[32.35575127800013,41.36119630500025],[32.357030000000066,41.361870000000124],[32.358710000000144,41.362520000000075],[32.36065000000008,41.36442000000011],[32.36107000000004,41.36509000000012],[32.36077000000006,41.36514000000068],[32.36211000000009,41.36556000000007],[32.363440000000026,41.366170000000125],[32.36380000000014,41.36894000000035],[32.363970000000165,41.369330000000105],[32.3639500000001,41.370080000000144],[32.36367000000024,41.37052000000034],[32.36373000000003,41.3708000000002],[32.363320000000044,41.37109000000004],[32.36352000000005,41.37140000000011],[32.363440000000026,41.371840000000134],[32.36358000000007,41.37202000000008],[32.363260000000025,41.372520000000236],[32.36318000000017,41.37295000000029],[32.36269000000016,41.3738800000005],[32.36238000000009,41.37421000000012],[32.362319891436584,41.375090078615415],[32.36203000000006,41.37530000000021],[32.36137000000019,41.37655000000029],[32.36107000000004,41.376580000000104],[32.36035000000015,41.37690000000026],[32.36023000000017,41.377130000000136],[32.359970000000146,41.377360000000124],[32.359660000000076,41.37734000000006],[32.35952000000003,41.37749000000008],[32.35857000000016,41.37948000000006],[32.35705000000013,41.38168000000019],[32.35645000000005,41.38295000000062],[32.35643000000016,41.38365000000027],[32.356720000000166,41.38424000000009],[32.357750000000124,41.38536000000039],[32.35874000000018,41.38673000000006],[32.359510000000114,41.38808000000017],[32.360380000000134,41.38927000000058],[32.36151000000018,41.39016000000032],[32.361990000000105,41.39097000000004],[32.36235000000005,41.393060000000105],[32.363260000000025,41.39584000000008],[32.36433000000011,41.39779000000067],[32.364879753198636,41.39958588210396]]],"type":"Polygon"}},{"type":"Feature","properties":{"area_id":"TR-74-002-2036113","name_tr":"Ecikler Köyü","area_level":"neighbourhood","parent_id":"TR-74-002","endeksa_id":2036113},"geometry":{"coordinates":[[[32.298029551635636,41.431726156586876],[32.297908508081434,41.431837221080116],[32.29465260100005,41.43247327600017],[32.29450207600013,41.43494909100008],[32.28503377900017,41.43445140300014],[32.28247214300018,41.437193720000266],[32.28240218000013,41.4371086390006],[32.28177439500013,41.437742540000045],[32.28083923800011,41.43599540700018],[32.28094345400007,41.43594016700001],[32.280310525000175,41.43477811500014],[32.280204800000035,41.43481010300013],[32.27963182800005,41.433739633000016],[32.28496457700015,41.42839229800052],[32.284367099000065,41.426284429000134],[32.28581487900016,41.423405296],[32.282275684000126,41.42071339400002],[32.28570912100008,41.41955477100004],[32.285412893262674,41.41648014156863],[32.28575000000018,41.416110000000174],[32.286690141319866,41.41583694110062],[32.28753506400011,41.413675976000036],[32.28965515800019,41.415027172000464],[32.29366195100016,41.412651050000136],[32.298302045000014,41.408940210000424],[32.30704447200014,41.405787884000006],[32.306870897769954,41.40442821338337],[32.30822000000006,41.40541000000019],[32.31167000000005,41.40717000000018],[32.31429000000014,41.409470000000056],[32.316240000000164,41.41227000000009],[32.31871000000007,41.414740000000506],[32.31904000000003,41.41701000000006],[32.319740000000195,41.41980000000012],[32.32046778171991,41.4205017895157],[32.319281484360204,41.420390279172864],[32.31241320400011,41.42545820100031],[32.298233197,41.429577654000184],[32.298029551635636,41.431726156586876]]],"type":"Polygon"}},{"type":"Feature","properties":{"area_id":"TR-74-002-2036119","name_tr":"Hasanefendi Köyü","area_level":"neighbourhood","parent_id":"TR-74-002","endeksa_id":2036119},"geometry":{"coordinates":[[[32.318476774000146,41.437707785999976],[32.31764885000001,41.43813389100052],[32.31702719100019,41.43891305100033],[32.31653586600015,41.44161633200008],[32.31313888800008,41.44256377700009],[32.307638961000066,41.44148140600015],[32.30760290800015,41.443152069000234],[32.305969936000054,41.44330395100019],[32.301708062000046,41.44181056900044],[32.3016576280001,41.44167388000005],[32.30060387600014,41.44127528500002],[32.301669412000024,41.43578211900012],[32.301640234000104,41.43521921300004],[32.298018753000065,41.43182700300025],[32.298233197,41.429577654000184],[32.31241320400011,41.42545820100031],[32.319281484360204,41.420390279172864],[32.32264833500005,41.42540640000004],[32.320433226000034,41.42673980400002],[32.321865006000166,41.42874261400004],[32.31994924700001,41.43181009200015],[32.321689802000094,41.431989414999975],[32.31884714200004,41.433054240000104],[32.318476774000146,41.437707785999976]]],"type":"Polygon"}},{"type":"Feature","properties":{"area_id":"TR-74-002-2036105","name_tr":"Aşağıdere Köyü","area_level":"neighbourhood","parent_id":"TR-74-002","endeksa_id":2036105},"geometry":{"coordinates":[[[32.399927471840044,41.440178127745014],[32.398884816000304,41.44094244500019],[32.3988389070002,41.44088649500071],[32.39875021200021,41.440944213000535],[32.398792171000196,41.4410103590003],[32.398210390000315,41.44143683400068],[32.39829913100027,41.441486873000656],[32.39666422100021,41.44252451200026],[32.39642944700029,41.44634613000045],[32.39632177200019,41.44622837700007],[32.393154819000074,41.44592863100013],[32.38372268000012,41.443828059000566],[32.38048271800005,41.44247067900017],[32.37752513289223,41.440021348684354],[32.37763949300012,41.43993519300017],[32.381924247000086,41.44021866400044],[32.37970470500011,41.43450117500015],[32.38076823800009,41.42923228300015],[32.375593473000094,41.424502464],[32.37768356500004,41.42030827899998],[32.378190050000114,41.417281403000004],[32.3780969,41.415628864000155],[32.3773660920001,41.412770956000145],[32.37486912700001,41.40864829000043],[32.37192555500019,41.404887012000074],[32.364879753198636,41.39958588210396],[32.36433000000011,41.39779000000067],[32.363260000000025,41.39584000000008],[32.36235000000005,41.393060000000105],[32.361990000000105,41.39097000000004],[32.36151000000018,41.39016000000032],[32.360380000000134,41.38927000000058],[32.359510000000114,41.38808000000017],[32.35874000000018,41.38673000000006],[32.357750000000124,41.38536000000039],[32.356720000000166,41.38424000000009],[32.35643000000016,41.38365000000027],[32.35645000000005,41.38295000000062],[32.35705000000013,41.38168000000019],[32.35857000000016,41.37948000000006],[32.35952000000003,41.37749000000008],[32.359660000000076,41.37734000000006],[32.359970000000146,41.377360000000124],[32.36023000000017,41.377130000000136],[32.36035000000015,41.37690000000026],[32.36107000000004,41.376580000000104],[32.36137000000019,41.37655000000029],[32.36203000000006,41.37530000000021],[32.362319891436584,41.375090078615415],[32.362364800908665,41.37523863942545],[32.36257130545209,41.37524370792471],[32.36435968700016,41.37395855100016],[32.368901895000135,41.37692766700019],[32.369564512000125,41.3771076510003],[32.36891164600013,41.37693404100014],[32.37888211800015,41.38345153200055],[32.38049572400007,41.38747817400065],[32.38698761500012,41.39477106600009],[32.395078425000065,41.39404576100003],[32.39989576600016,41.39602612800002],[32.404886877000024,41.399872604000166],[32.40560632000012,41.402547332000154],[32.40317571200006,41.40437557300015],[32.40584391200008,41.405044208000106],[32.406961025000044,41.40728430400037],[32.415978994,41.40826178200007],[32.41595648300017,41.40846609400063],[32.415963338000324,41.40866624900025],[32.41286658200022,41.4087722820002],[32.41967076300023,41.41685024500026],[32.41930525100014,41.41913861000029],[32.41182817700002,41.41892475000054],[32.41149198500011,41.418600469000125],[32.41088756300019,41.41889789100003],[32.39922359000013,41.41856438500048],[32.396761857000115,41.42060975900006],[32.402072956000154,41.42917059299998],[32.401980209000044,41.43820074600012],[32.39980266108756,41.43997323785595],[32.39977997975268,41.44010287623172],[32.399927471840044,41.440178127745014]]],"type":"Polygon"}},{"type":"Feature","properties":{"area_id":"TR-74-002-2036134","name_tr":"Tasmacı Köyü","area_level":"neighbourhood","parent_id":"TR-74-002","endeksa_id":2036134},"geometry":{"coordinates":[[[32.298077307841936,41.44314678852942],[32.29755000000006,41.44325000000043],[32.29689000000019,41.44292000000013],[32.296470000000056,41.44239000000033],[32.29605000000015,41.44214000000028],[32.2956200000001,41.44257000000033],[32.29406000000017,41.44249000000008],[32.293100000000095,41.44236000000069],[32.29250000000019,41.441820000000064],[32.291950000000156,41.44186000000053],[32.29160000000019,41.44207000000017],[32.2911900000002,41.442060000000026],[32.2911900000002,41.44228000000032],[32.29091000000011,41.44229000000007],[32.290430000000185,41.442680000000166],[32.289630000000045,41.44258000000042],[32.28966000000008,41.44297000000017],[32.28930000000014,41.443390000000136],[32.28859000000017,41.44373000000036],[32.28817000000004,41.44382000000019],[32.28800000000018,41.44378000000023],[32.28769000000011,41.44456000000014],[32.28757000000013,41.44465000000008],[32.287240000000224,41.44468000000012],[32.286930000000154,41.44492000000008],[32.28661000000011,41.444970000000126],[32.286220000000185,41.44523000000015],[32.28576000000015,41.44528000000071],[32.28528000000006,41.44555000000031],[32.285170000000164,41.445840000000146],[32.284240000000125,41.44662000000005],[32.28243000000015,41.44737000000026],[32.282100000000185,41.447390000000496],[32.28158000000013,41.44722000000013],[32.28125000000017,41.447260000000426],[32.28075000000024,41.44755000000026],[32.280520000000195,41.4479900000004],[32.27988000000016,41.44837000000007],[32.27952000000005,41.448480000000075],[32.27871000000016,41.44846000000024],[32.278540000000135,41.44855000000041],[32.276950000000056,41.44851000000011],[32.2757000000002,41.44858000000022],[32.27514000000019,41.44893000000019],[32.27477000000016,41.449060000000145],[32.27394000000004,41.44886000000008],[32.27348000000018,41.44858000000022],[32.273020000000145,41.4485200000002],[32.271560000000136,41.44872000000004],[32.271470000000136,41.44847000000033],[32.270980000000066,41.44815000000017],[32.27034000000009,41.448350000000346],[32.269460000000095,41.44909000000047],[32.269040022599654,41.449236503744714],[32.26926660900017,41.44911007300044],[32.26912758900005,41.44862582600007],[32.27093785100004,41.443522702999985],[32.27790135100014,41.44122824000016],[32.279256880000105,41.44017325000004],[32.27936522100015,41.440175184000395],[32.279427080000175,41.44003954100009],[32.281923677000066,41.43805292900004],[32.28177439500013,41.437742540000045],[32.28240218000013,41.4371086390006],[32.28247214300018,41.437193720000266],[32.28503377900017,41.43445140300014],[32.29450207600013,41.43494909100008],[32.29465260100005,41.43247327600017],[32.297908508081434,41.431837221080116],[32.298029551635636,41.431726156586876],[32.298018753000065,41.43182700300025],[32.301640234000104,41.43521921300004],[32.301669412000024,41.43578211900012],[32.30061759500012,41.44120456300021],[32.300459235000176,41.44137332100013],[32.29995001200007,41.44119493200003],[32.298077307841936,41.44314678852942]]],"type":"Polygon"}},{"type":"Feature","properties":{"area_id":"TR-74-002-2036106","name_tr":"Bakioğlu Köyü","area_level":"neighbourhood","parent_id":"TR-74-002","endeksa_id":2036106},"geometry":{"coordinates":[[[32.33298224400005,41.454080853000164],[32.33272436900012,41.45411952500018],[32.33287983200012,41.45387284100019],[32.32875586100005,41.44506885900006],[32.31859775600003,41.437645521000434],[32.318476774000146,41.437707785999976],[32.31884714200004,41.433054240000104],[32.321689802000094,41.431989414999975],[32.31994924700001,41.43181009200015],[32.321865006000166,41.42874261400004],[32.320433226000034,41.42673980400002],[32.32264833500005,41.42540640000004],[32.319281484360204,41.420390279172864],[32.32046778171991,41.4205017895157],[32.32105000000007,41.420850000000144],[32.32354000000004,41.4216100000005],[32.32430000000005,41.42167000000012],[32.32639000000012,41.42129000000034],[32.326760000000206,41.42110000000025],[32.32833000000005,41.41894000000019],[32.32860000000022,41.41554000000008],[32.33316000000019,41.41507000000013],[32.33505000000008,41.414770000000146],[32.336650000000134,41.41417000000024],[32.340670000000046,41.413570000000334],[32.341080000000034,41.413380000000245],[32.34131000000025,41.413560000000246],[32.34215000000012,41.413350000000605],[32.34645000000006,41.41068000000013],[32.3484200000002,41.40907000000033],[32.35132000000016,41.40796000000017],[32.35380000000015,41.406500000000165],[32.35560000000004,41.40586000000047],[32.35747000000009,41.40448000000015],[32.35995000000008,41.403560000000084],[32.362300000000175,41.403770000000236],[32.36337000000009,41.4024000000004],[32.36441000000019,41.401670000000536],[32.36482000000018,41.4010100000001],[32.364879753198636,41.39958588210396],[32.37192555500019,41.404887012000074],[32.37486912700001,41.40864829000043],[32.3773660920001,41.412770956000145],[32.3780969,41.415628864000155],[32.378190050000114,41.417281403000004],[32.37768356500004,41.42030827899998],[32.37738952000012,41.42089833900013],[32.36974522100007,41.41660914800008],[32.35642721100004,41.423743672000114],[32.351157689000104,41.42375171500015],[32.35302321400019,41.42610870900012],[32.349765355000045,41.42737401000011],[32.34751047300017,41.4365445090001],[32.35354352200011,41.438625359000184],[32.350561855000024,41.44376286800059],[32.35385653700013,41.44579549700046],[32.35350878000003,41.44636761500004],[32.35363735700014,41.44648126300018],[32.35129941200006,41.45000239000046],[32.34998654600014,41.44908039200038],[32.34934678700006,41.44919891800009],[32.3458942040001,41.44777823800047],[32.34574221500003,41.44919780300006],[32.34318189200019,41.449902236000526],[32.34324032400008,41.45008609600046],[32.34368496700017,41.45024786300007],[32.343418574000054,41.45029721700007],[32.343341498000086,41.450402918000066],[32.34364278500004,41.451352470000074],[32.34106134899997,41.45039220000007],[32.338477960000034,41.45207950600019],[32.338966271000174,41.453183493000324],[32.33298224400005,41.454080853000164]]],"type":"Polygon"}},{"type":"Feature","properties":{"area_id":"TR-74-002-2036139","name_tr":"Yeşilyurt Köyü","area_level":"neighbourhood","parent_id":"TR-74-002","endeksa_id":2036139},"geometry":{"coordinates":[[[32.3204586710001,41.457557098999985],[32.32026478100005,41.457471697000074],[32.317476697184475,41.45859706339604],[32.31745000000012,41.45875000000041],[32.31594000000024,41.45865000000009],[32.31464000000011,41.45909000000012],[32.314350000000104,41.459370000000376],[32.31352000000021,41.4598900000002],[32.31294000000014,41.45996000000031],[32.311710000000176,41.45976000000013],[32.310870000000136,41.459940000000074],[32.31077000000022,41.4603300000004],[32.31042000000019,41.46083000000016],[32.309910000000116,41.460990000000265],[32.30978000000016,41.46115000000003],[32.30946000000017,41.46123000000023],[32.309170000000165,41.4614600000001],[32.309080000000165,41.46165000000019],[32.30876000000018,41.46193000000005],[32.30859000000015,41.46243000000004],[32.308370000000025,41.46250000000015],[32.3075800000002,41.46150000000017],[32.307280000000105,41.460990000000265],[32.30720000000025,41.46061000000009],[32.306880000000035,41.46085000000005],[32.3067200000001,41.46115000000003],[32.30637000000013,41.460860000000196],[32.30629000000005,41.460370000000125],[32.3061100000001,41.46005000000014],[32.305700000000115,41.459900000000346],[32.30586000000022,41.459720000000345],[32.30461000000014,41.45925000000017],[32.303910000000144,41.45973000000009],[32.30367000000018,41.45948000000038],[32.30265000000014,41.45895000000007],[32.301740000000166,41.45931000000053],[32.301490000000115,41.45956000000007],[32.30089000000004,41.45993000000067],[32.300650000000076,41.460210000000416],[32.300130000000195,41.46020000000027],[32.300030000000106,41.46031000000016],[32.29970000000014,41.46028000000035],[32.29875000000004,41.460840000000644],[32.29794000000021,41.460990000000265],[32.297800000000166,41.46094000000039],[32.29773000000006,41.46076000000028],[32.29711000000009,41.46092000000016],[32.29702000000009,41.46103000000005],[32.2966100000001,41.461170000000266],[32.29602000000011,41.46104000000014],[32.29566000000017,41.46106000000037],[32.29532000000012,41.46091000000007],[32.29485000000017,41.46103000000005],[32.2945400000001,41.460950000000366],[32.29485000000017,41.46038000000027],[32.29462000000012,41.460340000000485],[32.29448000000008,41.46035000000006],[32.29431000000005,41.46053000000006],[32.293410000000165,41.46054000000015],[32.29305000000005,41.46062000000023],[32.292350000000056,41.46038000000027],[32.291800000000194,41.46046000000047],[32.29120000000012,41.46014000000031],[32.29045000000008,41.46019000000018],[32.290310000000034,41.460090000000264],[32.289810000000045,41.46001000000018],[32.28750000000025,41.459290000000294],[32.287490000000105,41.45908000000014],[32.28764000000007,41.45884000000018],[32.287980000000175,41.458660000000066],[32.28847000000019,41.45812000000012],[32.28957000000008,41.45719000000008],[32.28970000000015,41.456900000000076],[32.29001000000005,41.456560000000366],[32.29027000000008,41.45645000000036],[32.290620000000104,41.45607000000035],[32.291020000000174,41.45593000000014],[32.29221000000018,41.45447000000013],[32.29274000000015,41.454200000000355],[32.29290000000009,41.453930000000184],[32.293500000000165,41.453400000000386],[32.29370000000023,41.453000000000145],[32.29420000000016,41.452690000000075],[32.29463000000004,41.45218000000034],[32.29527000000007,41.45172000000014],[32.29547000000008,41.45132000000024],[32.29614000000009,41.45078000000035],[32.29683000000017,41.45081000000016],[32.29691000000025,41.45067000000046],[32.29786000000013,41.450580000000116],[32.298580000000186,41.45072000000033],[32.29946000000018,41.45071000000024],[32.29986000000008,41.45038000000011],[32.300130000000195,41.45034000000015],[32.30030000000005,41.450450000000046],[32.300660000000164,41.450420000000406],[32.301310000000115,41.450760000000116],[32.301700000000096,41.450760000000116],[32.30225000000013,41.45093000000065],[32.30306000000019,41.450860000000546],[32.30314000000004,41.45096000000029],[32.30479000000014,41.450860000000546],[32.3050300000001,41.45084000000031],[32.30516000000017,41.45072000000033],[32.30660000000012,41.45096000000029],[32.3069900000001,41.45080000000041],[32.307250000000124,41.45085000000029],[32.307250000000124,41.450950000000205],[32.307410000000175,41.45109000000042],[32.307990000000245,41.45115000000038],[32.30850000000015,41.451080000000275],[32.30927000000008,41.45079000000044],[32.31050000000005,41.451110000000085],[32.310690000000136,41.45100000000008],[32.31098000000014,41.451070000000186],[32.31156000000021,41.45091000000042],[32.31209000000018,41.45102000000031],[32.31260000000009,41.45161000000007],[32.31312000000014,41.4517800000001],[32.313690000000236,41.452100000000144],[32.31486000000024,41.45239000000015],[32.315400000000125,41.452720000000284],[32.31576000000007,41.45308000000023],[32.316320000000246,41.45282000000003],[32.31668000000019,41.453060000000164],[32.31779000000017,41.453430000000196],[32.318280000000186,41.45401000000027],[32.31826000000018,41.454110000000185],[32.319000000000074,41.45431000000036],[32.31903000000011,41.454450000000065],[32.319360000000245,41.45426000000049],[32.319550000000106,41.45447000000013],[32.31963000000019,41.45468000000028],[32.319566469419044,41.45482294380781],[32.32022769900016,41.456440628999985],[32.321425331000114,41.45683369000045],[32.32148864100003,41.45692050700012],[32.321419304000074,41.457005613000376],[32.32050993000013,41.457373870000026],[32.3204586710001,41.457557098999985]]],"type":"Polygon"}},{"type":"Feature","properties":{"area_id":"TR-74-002-2036126","name_tr":"Köyyeri Köyü","area_level":"neighbourhood","parent_id":"TR-74-002","endeksa_id":2036126},"geometry":{"coordinates":[[[32.27090441688381,41.46313861183734],[32.2710100000001,41.46329000000014],[32.27087000000006,41.46339000000006],[32.27032000000003,41.46355000000034],[32.27018000000015,41.46334000000019],[32.270210000000134,41.46302000000054],[32.26963000000012,41.462940000000344],[32.269180000000176,41.46239000000031],[32.26936000000018,41.46205000000003],[32.26898000000017,41.46168000000051],[32.26950000000022,41.461490000000424],[32.26972000000012,41.461550000000045],[32.26942000000014,41.46114000000006],[32.26936000000018,41.460870000000284],[32.26967000000025,41.460520000000315],[32.2695300000002,41.460250000000144],[32.26938000000024,41.46019000000018],[32.26954000000012,41.459810000000175],[32.26978000000008,41.45957000000004],[32.26982000000004,41.459370000000376],[32.2696600000001,41.45925000000017],[32.269710000000146,41.458970000000136],[32.26964000000004,41.45887000000039],[32.26941000000005,41.45884000000018],[32.26938000000024,41.4585000000003],[32.26837000000012,41.458360000000084],[32.267540000000224,41.458450000000425],[32.26738000000012,41.458320000000356],[32.26731000000018,41.45790000000039],[32.267040000000065,41.45781000000005],[32.266860000000065,41.45745000000011],[32.266650000000084,41.457270000000165],[32.266820000000166,41.456900000000076],[32.26678000000004,41.45682000000056],[32.26645000000008,41.456620000000385],[32.26579000000021,41.45588000000026],[32.265060000000176,41.4556400000003],[32.26520000000005,41.45515000000023],[32.265060000000176,41.4538100000002],[32.26532000000003,41.45277000000016],[32.26530000000014,41.45240000000007],[32.26544000000018,41.45206000000036],[32.265550000000246,41.452070000000106],[32.26583000000011,41.45177000000052],[32.26603000000017,41.45124000000004],[32.2668000000001,41.450770000000205],[32.26684000000017,41.450430000000495],[32.267260000000135,41.45004000000023],[32.268350000000055,41.449720000000184],[32.269040022599654,41.449236503744714],[32.269460000000095,41.44909000000047],[32.27034000000009,41.448350000000346],[32.270980000000066,41.44815000000017],[32.271470000000136,41.44847000000033],[32.271560000000136,41.44872000000004],[32.273020000000145,41.4485200000002],[32.27348000000018,41.44858000000022],[32.27394000000004,41.44886000000008],[32.27477000000016,41.449060000000145],[32.27514000000019,41.44893000000019],[32.2757000000002,41.44858000000022],[32.276950000000056,41.44851000000011],[32.278540000000135,41.44855000000041],[32.27871000000016,41.44846000000024],[32.27952000000005,41.448480000000075],[32.27988000000016,41.44837000000007],[32.280520000000195,41.4479900000004],[32.28075000000024,41.44755000000026],[32.28125000000017,41.447260000000426],[32.28158000000013,41.44722000000013],[32.282100000000185,41.447390000000496],[32.28243000000015,41.44737000000026],[32.284240000000125,41.44662000000005],[32.285170000000164,41.445840000000146],[32.28528000000006,41.44555000000031],[32.28576000000015,41.44528000000071],[32.286220000000185,41.44523000000015],[32.28661000000011,41.444970000000126],[32.286930000000154,41.44492000000008],[32.287240000000224,41.44468000000012],[32.28757000000013,41.44465000000008],[32.28769000000011,41.44456000000014],[32.28800000000018,41.44378000000023],[32.28817000000004,41.44382000000019],[32.28859000000017,41.44373000000036],[32.28930000000014,41.443390000000136],[32.28966000000008,41.44297000000017],[32.289630000000045,41.44258000000042],[32.290430000000185,41.442680000000166],[32.29091000000011,41.44229000000007],[32.2911900000002,41.44228000000032],[32.2911900000002,41.442060000000026],[32.29160000000019,41.44207000000017],[32.291950000000156,41.44186000000053],[32.29250000000019,41.441820000000064],[32.293100000000095,41.44236000000069],[32.29406000000017,41.44249000000008],[32.2956200000001,41.44257000000033],[32.29605000000015,41.44214000000028],[32.296470000000056,41.44239000000033],[32.29689000000019,41.44292000000013],[32.29755000000006,41.44325000000043],[32.298077307841936,41.44314678852942],[32.298270000000116,41.44329000000022],[32.29782000000023,41.44344000000052],[32.298330000000135,41.443400000000054],[32.29851000000008,41.4435600000005],[32.298550000000034,41.44387000000006],[32.29892000000012,41.44390000000021],[32.29944000000012,41.44415000000032],[32.2995600000001,41.444450000000245],[32.29919000000007,41.44446000000039],[32.29928000000024,41.44469000000021],[32.29918000000009,41.444760000000315],[32.2983500000002,41.444230000000516],[32.298140000000046,41.444200000000194],[32.29807000000011,41.444320000000175],[32.297900000000084,41.44438000000014],[32.298150000000135,41.444760000000315],[32.29806000000019,41.44509000000062],[32.297810000000084,41.44515000000007],[32.297580000000096,41.445380000000455],[32.2977800000001,41.44565000000006],[32.29744000000005,41.44596000000013],[32.29782000000023,41.44635000000028],[32.29756000000003,41.4466000000005],[32.29726000000005,41.446530000000394],[32.29722000000015,41.44678000000033],[32.29730000000018,41.44691000000057],[32.29752000000008,41.44701000000032],[32.29736000000014,41.44718000000017],[32.29741000000024,41.4473500000002],[32.2976500000002,41.44734000000062],[32.29764000000006,41.44744000000037],[32.297500000000184,41.447580000000585],[32.296720000000164,41.44771000000014],[32.29680000000019,41.44790000000006],[32.29722000000015,41.4482500000006],[32.297150000000215,41.44836000000032],[32.29689000000019,41.44846000000024],[32.29686000000021,41.44856000000016],[32.297460000000115,41.449000000000126],[32.29735000000005,41.44920000000036],[32.29664000000008,41.449160000000575],[32.296380000000056,41.44923000000017],[32.296350000000075,41.449370000000215],[32.296690000000126,41.449710000000096],[32.29621000000003,41.44992000000025],[32.29617000000013,41.45026000000064],[32.296000000000106,41.4503500000003],[32.295820000000106,41.45032000000009],[32.29568000000006,41.4501300000004],[32.295450000000244,41.4500900000001],[32.29543000000018,41.45020000000011],[32.29571000000004,41.450520000000154],[32.29614000000009,41.45078000000035],[32.29547000000008,41.45132000000024],[32.29527000000007,41.45172000000014],[32.29463000000004,41.45218000000034],[32.29420000000016,41.452690000000075],[32.29370000000023,41.453000000000145],[32.293500000000165,41.453400000000386],[32.29290000000009,41.453930000000184],[32.29274000000015,41.454200000000355],[32.29221000000018,41.45447000000013],[32.291020000000174,41.45593000000014],[32.290620000000104,41.45607000000035],[32.29027000000008,41.45645000000036],[32.29001000000005,41.456560000000366],[32.28970000000015,41.456900000000076],[32.28957000000008,41.45719000000008],[32.28847000000019,41.45812000000012],[32.287980000000175,41.458660000000066],[32.28764000000007,41.45884000000018],[32.287490000000105,41.45908000000014],[32.28568000000007,41.45829000000015],[32.28518000000014,41.45834000000019],[32.2850200000002,41.45816000000059],[32.2848400000002,41.45826000000034],[32.28483000000011,41.45869000000039],[32.28465000000011,41.458670000000154],[32.28427000000016,41.45843000000019],[32.28384000000011,41.45859000000064],[32.2840700000001,41.45869000000039],[32.2840700000001,41.45884000000018],[32.283680000000174,41.45908000000014],[32.283800000000156,41.45925000000017],[32.28375000000011,41.459320000000105],[32.283270000000186,41.459600000000364],[32.283810000000074,41.45967000000047],[32.28383000000014,41.45977000000022],[32.28363000000013,41.45992000000018],[32.28333000000015,41.45996000000031],[32.283150000000035,41.4601100000001],[32.28322000000014,41.46026000000029],[32.28305000000012,41.46039000000036],[32.28339000000017,41.46054000000015],[32.283370000000104,41.460680000000195],[32.282970000000034,41.46064000000007],[32.28257000000019,41.46077000000054],[32.282310000000166,41.460650000000555],[32.28234000000015,41.46098000000018],[32.2820700000002,41.46110000000016],[32.2817800000002,41.460960000000114],[32.28155000000015,41.461330000000146],[32.281040000000246,41.46140000000008],[32.28084000000018,41.461520000000064],[32.280770000000075,41.46171000000015],[32.280640000000176,41.461700000000064],[32.280550000000176,41.461980000000096],[32.279990000000055,41.46184000000028],[32.27994000000018,41.461950000000115],[32.28026000000017,41.46215000000035],[32.28020000000021,41.462290000000394],[32.27966000000009,41.462260000000185],[32.279590000000155,41.46261000000004],[32.27949000000007,41.4626600000006],[32.27900000000017,41.462420000000634],[32.27889000000016,41.46247000000051],[32.27883000000014,41.46271000000047],[32.278600000000154,41.4629300000002],[32.27818000000019,41.462940000000344],[32.27787000000012,41.4626600000006],[32.27774000000005,41.46292000000011],[32.27753000000007,41.462940000000344],[32.277390000000025,41.462850000000685],[32.277260000000126,41.46252000000038],[32.2770000000001,41.46256000000017],[32.27693000000016,41.46271000000047],[32.27667000000014,41.462780000000066],[32.27636000000007,41.46303000000012],[32.2757000000002,41.46324000000027],[32.27555000000018,41.46346000000017],[32.27542000000011,41.46351000000004],[32.27493000000004,41.46334000000019],[32.27474000000012,41.463130000000035],[32.27450000000016,41.46317000000016],[32.27412000000021,41.462790000000155],[32.27403000000004,41.46252000000038],[32.27373000000006,41.462480000000085],[32.27356000000003,41.46249000000006],[32.273370000000114,41.46268000000015],[32.27300000000008,41.462760000000344],[32.27273000000008,41.4626600000006],[32.272400000000175,41.46282000000036],[32.271910000000105,41.4628400000002],[32.27152000000018,41.46268000000015],[32.271290000000135,41.46273000000019],[32.27125000000024,41.46303000000012],[32.27090441688381,41.46313861183734]]],"type":"Polygon"}},{"type":"Feature","properties":{"area_id":"TR-74-002-2036140","name_tr":"Avgölü Köyü","area_level":"neighbourhood","parent_id":"TR-74-002","endeksa_id":2036140},"geometry":{"coordinates":[[[32.39624192000031,41.44752229300036],[32.392495408000116,41.447764931000165],[32.390882428000054,41.45143710500042],[32.38868129800005,41.452459062000514],[32.385615731000144,41.45092965700036],[32.385457142000064,41.45094311300005],[32.381396315000075,41.456227149000085],[32.37596280300011,41.458098958000335],[32.37596444500008,41.46290383000019],[32.37145791800015,41.465041573000065],[32.36734893500005,41.46536996600014],[32.36727601900009,41.46528950700065],[32.36718109200012,41.464026989000104],[32.366331605000084,41.462845030000096],[32.36502274400004,41.46261182500007],[32.362535713627324,41.46318731409701],[32.36237465697042,41.46314473728273],[32.36234792558474,41.46301593588282],[32.35934701900004,41.45841534300013],[32.35774008200019,41.45102697300024],[32.356329398000184,41.451095135],[32.356604235000134,41.450968060000605],[32.35641318400019,41.45095815100041],[32.36246929599997,41.44825626700032],[32.363388434,41.45022323500035],[32.368670658999974,41.44947338500015],[32.374743720000026,41.4410631020005],[32.37730885799999,41.43991290600019],[32.37752513289223,41.440021348684354],[32.38048271800005,41.44247067900017],[32.38372268000012,41.443828059000566],[32.393154819000074,41.44592863100013],[32.39632177200019,41.44622837700007],[32.39642944700029,41.44634613000045],[32.3963620480003,41.447436051000125],[32.39624192000031,41.44752229300036]]],"type":"Polygon"}},{"type":"Feature","properties":{"area_id":"TR-74-002-2036122","name_tr":"Hocaoğlu Köyü","area_level":"neighbourhood","parent_id":"TR-74-002","endeksa_id":2036122},"geometry":{"coordinates":[[[32.331496673000174,41.45604113100069],[32.329371646000084,41.459267812000235],[32.32171899399998,41.45692298500029],[32.321419304000074,41.457005613000376],[32.32148864100003,41.45692050700012],[32.321425331000114,41.45683369000045],[32.32022769900016,41.456440628999985],[32.319566469419044,41.45482294380781],[32.31963000000019,41.45468000000028],[32.319550000000106,41.45447000000013],[32.319360000000245,41.45426000000049],[32.31903000000011,41.454450000000065],[32.319000000000074,41.45431000000036],[32.31826000000018,41.454110000000185],[32.318280000000186,41.45401000000027],[32.31779000000017,41.453430000000196],[32.31668000000019,41.453060000000164],[32.316320000000246,41.45282000000003],[32.31576000000007,41.45308000000023],[32.315400000000125,41.452720000000284],[32.31486000000024,41.45239000000015],[32.313690000000236,41.452100000000144],[32.31312000000014,41.4517800000001],[32.31260000000009,41.45161000000007],[32.31209000000018,41.45102000000031],[32.31156000000021,41.45091000000042],[32.31098000000014,41.451070000000186],[32.310690000000136,41.45100000000008],[32.31050000000005,41.451110000000085],[32.30927000000008,41.45079000000044],[32.30850000000015,41.451080000000275],[32.307990000000245,41.45115000000038],[32.307410000000175,41.45109000000042],[32.307250000000124,41.450950000000205],[32.307250000000124,41.45085000000029],[32.3069900000001,41.45080000000041],[32.30660000000012,41.45096000000029],[32.30516000000017,41.45072000000033],[32.3050300000001,41.45084000000031],[32.30479000000014,41.450860000000546],[32.30314000000004,41.45096000000029],[32.30306000000019,41.450860000000546],[32.30225000000013,41.45093000000065],[32.301700000000096,41.450760000000116],[32.301310000000115,41.450760000000116],[32.300660000000164,41.450420000000406],[32.30030000000005,41.450450000000046],[32.300130000000195,41.45034000000015],[32.29986000000008,41.45038000000011],[32.29946000000018,41.45071000000024],[32.298580000000186,41.45072000000033],[32.29786000000013,41.450580000000116],[32.29691000000025,41.45067000000046],[32.29683000000017,41.45081000000016],[32.29614000000009,41.45078000000035],[32.29571000000004,41.450520000000154],[32.29543000000018,41.45020000000011],[32.295450000000244,41.4500900000001],[32.29568000000006,41.4501300000004],[32.295820000000106,41.45032000000009],[32.296000000000106,41.4503500000003],[32.29617000000013,41.45026000000064],[32.29621000000003,41.44992000000025],[32.296690000000126,41.449710000000096],[32.296350000000075,41.449370000000215],[32.296380000000056,41.44923000000017],[32.29664000000008,41.449160000000575],[32.29735000000005,41.44920000000036],[32.297460000000115,41.449000000000126],[32.29686000000021,41.44856000000016],[32.29689000000019,41.44846000000024],[32.297150000000215,41.44836000000032],[32.29722000000015,41.4482500000006],[32.29680000000019,41.44790000000006],[32.296720000000164,41.44771000000014],[32.297500000000184,41.447580000000585],[32.29764000000006,41.44744000000037],[32.2976500000002,41.44734000000062],[32.29741000000024,41.4473500000002],[32.29736000000014,41.44718000000017],[32.29752000000008,41.44701000000032],[32.29730000000018,41.44691000000057],[32.29722000000015,41.44678000000033],[32.29726000000005,41.446530000000394],[32.29756000000003,41.4466000000005],[32.29782000000023,41.44635000000028],[32.29744000000005,41.44596000000013],[32.2977800000001,41.44565000000006],[32.297580000000096,41.445380000000455],[32.297810000000084,41.44515000000007],[32.29806000000019,41.44509000000062],[32.298150000000135,41.444760000000315],[32.297900000000084,41.44438000000014],[32.29807000000011,41.444320000000175],[32.298140000000046,41.444200000000194],[32.2983500000002,41.444230000000516],[32.29918000000009,41.444760000000315],[32.29928000000024,41.44469000000021],[32.29919000000007,41.44446000000039],[32.2995600000001,41.444450000000245],[32.29944000000012,41.44415000000032],[32.29892000000012,41.44390000000021],[32.298550000000034,41.44387000000006],[32.29851000000008,41.4435600000005],[32.298330000000135,41.443400000000054],[32.29782000000023,41.44344000000052],[32.298270000000116,41.44329000000022],[32.298077307841936,41.44314678852942],[32.29995001200007,41.44119493200003],[32.300459235000176,41.44137332100013],[32.30061759500012,41.44120456300021],[32.30060387600014,41.44127528500002],[32.3016576280001,41.44167388000005],[32.301708062000046,41.44181056900044],[32.305969936000054,41.44330395100019],[32.30760290800015,41.443152069000234],[32.307638961000066,41.44148140600015],[32.31313888800008,41.44256377700009],[32.31653586600015,41.44161633200008],[32.31702719100019,41.43891305100033],[32.31764885000001,41.43813389100052],[32.31859775600003,41.437645521000434],[32.32875586100005,41.44506885900006],[32.33287983200012,41.45387284100019],[32.33272436900012,41.45411952500018],[32.33298224400005,41.454080853000164],[32.332699344000105,41.45415910500003],[32.331496673000174,41.45604113100069]]],"type":"Polygon"}},{"type":"Feature","properties":{"area_id":"TR-74-002-2036107","name_tr":"Barkaçboz Köyü","area_level":"neighbourhood","parent_id":"TR-74-002","endeksa_id":2036107},"geometry":{"coordinates":[[[32.36234792558474,41.46301593588282],[32.35608047000005,41.465539080999974],[32.35653855600009,41.46676558800016],[32.35647104100008,41.466875445000596],[32.35757724200005,41.469463146000066],[32.351869472000146,41.46901761700002],[32.35177265800013,41.46913842100025],[32.351653359000125,41.469001202000356],[32.34980948700013,41.46883314100057],[32.34924907700014,41.46720337900001],[32.34915909400007,41.46713484100002],[32.3490277950001,41.467160935000095],[32.34762988000017,41.468364636000445],[32.34611181000014,41.46780701300008],[32.34596862600006,41.46783711400013],[32.3459568720001,41.46795209500033],[32.34568828800013,41.467640325000104],[32.34352252100007,41.46678597500011],[32.34345399100005,41.46668106000004],[32.343560799000045,41.466600719999974],[32.34595564800003,41.46652908499999],[32.34607544400018,41.46643261200046],[32.34580537800019,41.46541060300018],[32.345616010000185,41.46317250900046],[32.34539972300013,41.462696048000055],[32.34539732000019,41.459936238000296],[32.345016672000156,41.45845422300033],[32.34384193300019,41.45717031100014],[32.342753527000184,41.456827236000095],[32.34252433200015,41.456964018000576],[32.34231195800015,41.457776134000085],[32.341917193000086,41.457880348],[32.336683139000115,41.4565065120002],[32.33176104100016,41.45606301600009],[32.331641144000116,41.455926101000045],[32.331496673000174,41.45604113100069],[32.332699344000105,41.45415910500003],[32.33298224400005,41.454080853000164],[32.338966271000174,41.453183493000324],[32.338477960000034,41.45207950600019],[32.34106134899997,41.45039220000007],[32.34364278500004,41.451352470000074],[32.343341498000086,41.450402918000066],[32.343418574000054,41.45029721700007],[32.34368496700017,41.45024786300007],[32.34324032400008,41.45008609600046],[32.34318189200019,41.449902236000526],[32.34574221500003,41.44919780300006],[32.3458942040001,41.44777823800047],[32.34934678700006,41.44919891800009],[32.34998654600014,41.44908039200038],[32.35129941200006,41.45000239000046],[32.35363735700014,41.44648126300018],[32.35350878000003,41.44636761500004],[32.35385653700013,41.44579549700046],[32.350561855000024,41.44376286800059],[32.35354352200011,41.438625359000184],[32.34751047300017,41.4365445090001],[32.349765355000045,41.42737401000011],[32.35302321400019,41.42610870900012],[32.351157689000104,41.42375171500015],[32.35642721100004,41.423743672000114],[32.36974522100007,41.41660914800008],[32.37738952000012,41.42089833900013],[32.375593473000094,41.424502464],[32.38076823800009,41.42923228300015],[32.37970470500011,41.43450117500015],[32.381924247000086,41.44021866400044],[32.37763949300012,41.43993519300017],[32.37752513289223,41.440021348684354],[32.37730885799999,41.43991290600019],[32.374743720000026,41.4410631020005],[32.368670658999974,41.44947338500015],[32.363388434,41.45022323500035],[32.36246929599997,41.44825626700032],[32.35641318400019,41.45095815100041],[32.356604235000134,41.450968060000605],[32.356329398000184,41.451095135],[32.35774008200019,41.45102697300024],[32.35934701900004,41.45841534300013],[32.36234792558474,41.46301593588282]]],"type":"Polygon"}},{"type":"Feature","properties":{"area_id":"TR-74-002-2036114","name_tr":"Ellibaş Köyü","area_level":"neighbourhood","parent_id":"TR-74-002","endeksa_id":2036114},"geometry":{"coordinates":[[[32.27090441688381,41.46313861183734],[32.272743934000175,41.464581484000064],[32.272818929000096,41.46747496100011],[32.26863544700018,41.4683875850003],[32.267417283999976,41.46696295900006],[32.26724437500019,41.467032495000126],[32.26707182199999,41.46821452400013],[32.26578907200013,41.46594362700006],[32.264614771000026,41.465452502000005],[32.25619223400008,41.47164077600007],[32.25445656700009,41.46968048100018],[32.25217005600018,41.4715754770001],[32.24975828400011,41.46818638000008],[32.25208978000012,41.46667376100061],[32.24882472100006,41.46560840800015],[32.24908651400011,41.4632515830001],[32.24426480800014,41.462177402000634],[32.244164347000094,41.461424964],[32.243990874000076,41.457990436000046],[32.24801662400006,41.454754588000014],[32.24841068400019,41.45206649800036],[32.25058180000002,41.450807502000146],[32.25062471300015,41.45009830200058],[32.25258695800005,41.449201457000186],[32.25264137300019,41.44845987400038],[32.252788048000184,41.44837937000011],[32.257643623000035,41.44915097200004],[32.25811611700004,41.449004250000144],[32.25859932700001,41.44919225000058],[32.258702480000125,41.449028992000024],[32.25906295100003,41.44937262900049],[32.259356872000126,41.44948698300004],[32.259508538000034,41.44909715800003],[32.25961824400008,41.4491276630003],[32.25981413400012,41.44966488800043],[32.260114415000146,41.449781717000235],[32.260335592000104,41.449327129000096],[32.260565316000054,41.44995714600009],[32.26071626500004,41.4494329800001],[32.26079882400006,41.44945593600005],[32.26131649800004,41.45024940500002],[32.26143477200009,41.449838698000065],[32.26171540400003,41.450150394000275],[32.26186825900015,41.44975751600009],[32.26253259800012,41.4502918120001],[32.26258766500018,41.45015027600044],[32.263266634000104,41.45064696700024],[32.26338900300004,41.45033244600006],[32.26408844000008,41.4507765270003],[32.26394560300008,41.451143658000035],[32.26432122600016,41.45141843900012],[32.26569672429923,41.45191279539398],[32.265550000000246,41.452070000000106],[32.26544000000018,41.45206000000036],[32.26530000000014,41.45240000000007],[32.26532000000003,41.45277000000016],[32.265060000000176,41.4538100000002],[32.26520000000005,41.45515000000023],[32.265060000000176,41.4556400000003],[32.26579000000021,41.45588000000026],[32.26645000000008,41.456620000000385],[32.26678000000004,41.45682000000056],[32.266820000000166,41.456900000000076],[32.266650000000084,41.457270000000165],[32.266860000000065,41.45745000000011],[32.267040000000065,41.45781000000005],[32.26731000000018,41.45790000000039],[32.26738000000012,41.458320000000356],[32.267540000000224,41.458450000000425],[32.26837000000012,41.458360000000084],[32.26938000000024,41.4585000000003],[32.26941000000005,41.45884000000018],[32.26964000000004,41.45887000000039],[32.269710000000146,41.458970000000136],[32.2696600000001,41.45925000000017],[32.26982000000004,41.459370000000376],[32.26978000000008,41.45957000000004],[32.26954000000012,41.459810000000175],[32.26938000000024,41.46019000000018],[32.2695300000002,41.460250000000144],[32.26967000000025,41.460520000000315],[32.26936000000018,41.460870000000284],[32.26942000000014,41.46114000000006],[32.26972000000012,41.461550000000045],[32.26950000000022,41.461490000000424],[32.26898000000017,41.46168000000051],[32.26936000000018,41.46205000000003],[32.269180000000176,41.46239000000031],[32.26963000000012,41.462940000000344],[32.270210000000134,41.46302000000054],[32.27018000000015,41.46334000000019],[32.27032000000003,41.46355000000034],[32.27087000000006,41.46339000000006],[32.2710100000001,41.46329000000014],[32.27090441688381,41.46313861183734]]],"type":"Polygon"}},{"type":"Feature","properties":{"area_id":"TR-74-002-90689","name_tr":"Değirmenci","area_level":"neighbourhood","parent_id":"TR-74-002","endeksa_id":90689},"geometry":{"coordinates":[[[32.33727237100004,41.46999007100055],[32.337272444999996,41.46988719200016],[32.33714556400008,41.46984013300005],[32.33491583500006,41.47020924300057],[32.32671404400014,41.47292232600006],[32.32665521800004,41.47280472500006],[32.326738065000086,41.472608226000375],[32.327148986000054,41.47194195700058],[32.32711614300007,41.47143380900013],[32.32601972400005,41.46992770100019],[32.32527138800015,41.46967716400019],[32.32263786300007,41.46944189300012],[32.32125958900008,41.46891993600002],[32.320621163000055,41.46403153800003],[32.3204586710001,41.457557098999985],[32.32050993000013,41.457373870000026],[32.321419304000074,41.457005613000376],[32.32171899399998,41.45692298500029],[32.329371646000084,41.459267812000235],[32.331496673000174,41.45604113100069],[32.331641144000116,41.455926101000045],[32.33176104100016,41.45606301600009],[32.336683139000115,41.4565065120002],[32.341917193000086,41.457880348],[32.34231195800015,41.457776134000085],[32.34252433200015,41.456964018000576],[32.342753527000184,41.456827236000095],[32.34384193300019,41.45717031100014],[32.345016672000156,41.45845422300033],[32.34539732000019,41.459936238000296],[32.34539972300013,41.462696048000055],[32.345616010000185,41.46317250900046],[32.34580537800019,41.46541060300018],[32.34607544400018,41.46643261200046],[32.34595564800003,41.46652908499999],[32.343560799000045,41.466600719999974],[32.34345399100005,41.46668106000004],[32.34352252100007,41.46678597500011],[32.34321443100015,41.46670957200013],[32.33873999200006,41.468582401000106],[32.338059738000084,41.46901914000006],[32.33727237100004,41.46999007100055]]],"type":"Polygon"}},{"type":"Feature","properties":{"area_id":"TR-74-002-2036133","name_tr":"Şirinköy Köyü","area_level":"neighbourhood","parent_id":"TR-74-002","endeksa_id":2036133},"geometry":{"coordinates":[[[32.29797627198968,41.472278253786044],[32.29708000000011,41.47203000000013],[32.296870000000126,41.472420000000284],[32.29682000000008,41.47278000000023],[32.29645000000016,41.4728300000001],[32.29603000000009,41.473100000000386],[32.29607809870055,41.473042281559685],[32.29506000000009,41.472200000000385],[32.29569000000021,41.47213000000005],[32.29609000000005,41.47190000000057],[32.29569000000021,41.47150000000016],[32.296040000000175,41.4711700000002],[32.297060000000045,41.470870000000104],[32.29716000000013,41.470690000000104],[32.29705000000007,41.470530000000224],[32.29686000000021,41.47051000000067],[32.29673000000008,41.47039000000018],[32.29655000000014,41.470000000000425],[32.29630000000003,41.469880000000046],[32.296100000000195,41.469420000000184],[32.29636000000022,41.46916000000016],[32.296190000000195,41.46872000000036],[32.29597000000007,41.468670000000486],[32.295200000000136,41.46757000000042],[32.29516000000024,41.46714000000037],[32.29523000000012,41.46710000000007],[32.29472000000004,41.466410000000394],[32.294680000000085,41.465950000000134],[32.29426000000018,41.465580000000614],[32.29382000000021,41.465450000000374],[32.293290000000184,41.4650900000002],[32.2925800000001,41.46419000000071],[32.29289000000017,41.463370000000396],[32.292260000000056,41.46321000000012],[32.29112000000009,41.46331000000038],[32.289900000000046,41.46330000000029],[32.28850203850271,41.46289177478985],[32.28840000000008,41.46250000000015],[32.28844514800011,41.46233925200016],[32.288790000000176,41.461820000000046],[32.289380000000165,41.461300000000335],[32.28970000000015,41.46088000000003],[32.28970000000015,41.46053000000006],[32.28988000000015,41.460030000000415],[32.289810000000045,41.46001000000018],[32.290310000000034,41.460090000000264],[32.29045000000008,41.46019000000018],[32.29120000000012,41.46014000000031],[32.291800000000194,41.46046000000047],[32.292350000000056,41.46038000000027],[32.29305000000005,41.46062000000023],[32.293410000000165,41.46054000000015],[32.29431000000005,41.46053000000006],[32.29448000000008,41.46035000000006],[32.29462000000012,41.460340000000485],[32.29485000000017,41.46038000000027],[32.2945400000001,41.460950000000366],[32.29485000000017,41.46103000000005],[32.29532000000012,41.46091000000007],[32.29566000000017,41.46106000000037],[32.29602000000011,41.46104000000014],[32.2966100000001,41.461170000000266],[32.29702000000009,41.46103000000005],[32.29711000000009,41.46092000000016],[32.29773000000006,41.46076000000028],[32.297800000000166,41.46094000000039],[32.29794000000021,41.460990000000265],[32.29875000000004,41.460840000000644],[32.29970000000014,41.46028000000035],[32.300030000000106,41.46031000000016],[32.300130000000195,41.46020000000027],[32.300650000000076,41.460210000000416],[32.30089000000004,41.45993000000067],[32.301490000000115,41.45956000000007],[32.301740000000166,41.45931000000053],[32.30265000000014,41.45895000000007],[32.30367000000018,41.45948000000038],[32.303910000000144,41.45973000000009],[32.30461000000014,41.45925000000017],[32.30586000000022,41.459720000000345],[32.305700000000115,41.459900000000346],[32.3061100000001,41.46005000000014],[32.30629000000005,41.460370000000125],[32.30637000000013,41.460860000000196],[32.3067200000001,41.46115000000003],[32.306880000000035,41.46085000000005],[32.30720000000025,41.46061000000009],[32.307280000000105,41.460990000000265],[32.3075800000002,41.46150000000017],[32.308370000000025,41.46250000000015],[32.30765000000014,41.46274000000011],[32.30704000000014,41.4628400000002],[32.306940000000225,41.463530000000105],[32.30678000000012,41.46377000000007],[32.30647000000005,41.46389000000005],[32.30662000000018,41.46407000000005],[32.30590000000012,41.46457000000021],[32.305950000000166,41.46469000000019],[32.306100000000185,41.46473000000009],[32.30600000000004,41.46504000000016],[32.30580000000003,41.46504000000016],[32.30532000000011,41.464800000000025],[32.305180000000064,41.464830000000404],[32.304900000000146,41.465110000000095],[32.30473000000012,41.465760000000046],[32.30399000000017,41.46605000000005],[32.30337000000003,41.46692000000064],[32.30261000000007,41.467370000000244],[32.30311000000023,41.46772000000004],[32.303470000000175,41.46786000000026],[32.30345000000011,41.46809000000013],[32.30314000000004,41.46871000000027],[32.30198000000013,41.46936000000005],[32.30110000000019,41.468640000000164],[32.30049000000014,41.46905000000015],[32.30045000000024,41.469230000000096],[32.300130000000195,41.46952000000033],[32.300250000000176,41.469910000000084],[32.30005000000017,41.469970000000046],[32.29992000000004,41.47015000000005],[32.29992000000004,41.47039000000018],[32.29939000000007,41.4707300000004],[32.29940000000022,41.470900000000256],[32.29849000000024,41.47177000000033],[32.29829000000018,41.472110000000214],[32.29818000000017,41.472040000000106],[32.29790405051665,41.47208123327397],[32.2978738616311,41.472195380268374],[32.29797627198968,41.472278253786044]]],"type":"Polygon"}},{"type":"Feature","properties":{"area_id":"TR-74-002-2036121","name_tr":"Hıdırlar Köyü","area_level":"neighbourhood","parent_id":"TR-74-002","endeksa_id":2036121},"geometry":{"coordinates":[[[32.316291497000066,41.47932808100029],[32.31606765400011,41.47940821200007],[32.30911514100012,41.476777469000126],[32.30892372700009,41.476865451000094],[32.308977740000046,41.47662342600006],[32.30889760200017,41.47418429300012],[32.30398318000016,41.473272751000025],[32.30184195100003,41.47096502900007],[32.30008300100013,41.47286792800037],[32.29797627198968,41.472278253786044],[32.2978738616311,41.472195380268374],[32.29790405051665,41.47208123327397],[32.29818000000017,41.472040000000106],[32.29829000000018,41.472110000000214],[32.29849000000024,41.47177000000033],[32.29940000000022,41.470900000000256],[32.29939000000007,41.4707300000004],[32.29992000000004,41.47039000000018],[32.29992000000004,41.47015000000005],[32.30005000000017,41.469970000000046],[32.300250000000176,41.469910000000084],[32.300130000000195,41.46952000000033],[32.30045000000024,41.469230000000096],[32.30049000000014,41.46905000000015],[32.30110000000019,41.468640000000164],[32.30198000000013,41.46936000000005],[32.30314000000004,41.46871000000027],[32.30345000000011,41.46809000000013],[32.303470000000175,41.46786000000026],[32.30311000000023,41.46772000000004],[32.30261000000007,41.467370000000244],[32.30337000000003,41.46692000000064],[32.30399000000017,41.46605000000005],[32.30473000000012,41.465760000000046],[32.304900000000146,41.465110000000095],[32.305180000000064,41.464830000000404],[32.30532000000011,41.464800000000025],[32.30580000000003,41.46504000000016],[32.30600000000004,41.46504000000016],[32.306100000000185,41.46473000000009],[32.305950000000166,41.46469000000019],[32.30590000000012,41.46457000000021],[32.30662000000018,41.46407000000005],[32.30647000000005,41.46389000000005],[32.30678000000012,41.46377000000007],[32.306940000000225,41.463530000000105],[32.30704000000014,41.4628400000002],[32.30765000000014,41.46274000000011],[32.30859000000015,41.46243000000004],[32.30876000000018,41.46193000000005],[32.309080000000165,41.46165000000019],[32.309170000000165,41.4614600000001],[32.30946000000017,41.46123000000023],[32.30978000000016,41.46115000000003],[32.309910000000116,41.460990000000265],[32.31042000000019,41.46083000000016],[32.31077000000022,41.4603300000004],[32.310870000000136,41.459940000000074],[32.311710000000176,41.45976000000013],[32.31294000000014,41.45996000000031],[32.31352000000021,41.4598900000002],[32.314350000000104,41.459370000000376],[32.31464000000011,41.45909000000012],[32.31594000000024,41.45865000000009],[32.31745000000012,41.45875000000041],[32.317476697184475,41.45859706339604],[32.32026478100005,41.457471697000074],[32.3204586710001,41.457557098999985],[32.320621163000055,41.46403153800003],[32.32125958900008,41.46891993600002],[32.32122256000014,41.46907727299998],[32.32070439600005,41.46928295700013],[32.318973458000016,41.47173405100011],[32.316839344000186,41.47395594400018],[32.315807866000114,41.47568934300017],[32.31602526900008,41.478150564000146],[32.3163761940001,41.479206604000126],[32.316291497000066,41.47932808100029]]],"type":"Polygon"}},{"type":"Feature","properties":{"area_id":"TR-74-002-182972","name_tr":"Yenişar","area_level":"neighbourhood","parent_id":"TR-74-002","endeksa_id":182972},"geometry":{"coordinates":[[[32.35177265800013,41.46913842100025],[32.351994776000026,41.469989654000074],[32.35171500900003,41.470842140000116],[32.35137176300009,41.47282500500046],[32.35112930100007,41.47365727700003],[32.35093690800005,41.475787516000025],[32.351047237000046,41.47658910600006],[32.35054092800016,41.47730078300009],[32.350457389999974,41.47807284900017],[32.35026759100003,41.47873159400041],[32.34977677100011,41.47908877600014],[32.34958446600007,41.47938997300008],[32.34877654400003,41.47986660999999],[32.346324788000175,41.480828822000205],[32.34595198700015,41.48089485100007],[32.34574359800007,41.48087522600014],[32.345361002000004,41.48035395900007],[32.345804445000056,41.478379265000115],[32.34465406200013,41.47806117900012],[32.34480628100005,41.4779947990001],[32.34683259400009,41.47425993600007],[32.346757744000115,41.474159565000036],[32.34382734200017,41.47314263800018],[32.344595567,41.47104801000006],[32.34681830700009,41.46908360700019],[32.3459568720001,41.46795209500033],[32.34596862600006,41.46783711400013],[32.34611181000014,41.46780701300008],[32.34762988000017,41.468364636000445],[32.3490277950001,41.467160935000095],[32.34915909400007,41.46713484100002],[32.34924907700014,41.46720337900001],[32.34980948700013,41.46883314100057],[32.351653359000125,41.469001202000356],[32.35177265800013,41.46913842100025]]],"type":"Polygon"}},{"type":"Feature","properties":{"area_id":"TR-74-002-100428","name_tr":"Kavlaklık","area_level":"neighbourhood","parent_id":"TR-74-002","endeksa_id":100428},"geometry":{"coordinates":[[[32.32023466200013,41.480813588000046],[32.320202381,41.48091984500019],[32.32006354300006,41.48094059100015],[32.31682122400014,41.47979911300018],[32.316291497000066,41.47932808100029],[32.3163761940001,41.479206604000126],[32.31602526900008,41.478150564000146],[32.315807866000114,41.47568934300017],[32.316839344000186,41.47395594400018],[32.318973458000016,41.47173405100011],[32.32070439600005,41.46928295700013],[32.32122256000014,41.46907727299998],[32.32125958900008,41.46891993600002],[32.32263786300007,41.46944189300012],[32.32527138800015,41.46967716400019],[32.32601972400005,41.46992770100019],[32.32711614300007,41.47143380900013],[32.327148986000054,41.47194195700058],[32.326738065000086,41.472608226000375],[32.326667156000156,41.47256764400004],[32.32670265000007,41.47249455000002],[32.32580023700007,41.47243296099998],[32.324890194000034,41.47322121400015],[32.32236980500011,41.47465790700005],[32.32058896400014,41.47828860599998],[32.32018445700015,41.48007355500033],[32.32013888900008,41.48060989000021],[32.32023466200013,41.480813588000046]]],"type":"Polygon"}},{"type":"Feature","properties":{"area_id":"TR-74-002-2036131","name_tr":"Şabankadı Köyü","area_level":"neighbourhood","parent_id":"TR-74-002","endeksa_id":2036131},"geometry":{"coordinates":[[[32.28850203850271,41.46289177478985],[32.282578668000156,41.46540293600003],[32.282243279000056,41.46620832000019],[32.2820338410001,41.46623584100007],[32.28215400900012,41.4664019650005],[32.281515109,41.46746962600014],[32.27650267700005,41.472640543000296],[32.27288314100008,41.47376617600008],[32.26636909200016,41.48163554600052],[32.26256484100003,41.48247187400011],[32.25540222100017,41.47936625199998],[32.255342977000055,41.479263686000024],[32.25538092400012,41.47940196900004],[32.25466176000009,41.47967254800028],[32.25725626800005,41.47744610699999],[32.255677258000105,41.47433952700004],[32.25619223400008,41.47164077600007],[32.264614771000026,41.465452502000005],[32.26578907200013,41.46594362700006],[32.26707182199999,41.46821452400013],[32.26724437500019,41.467032495000126],[32.267417283999976,41.46696295900006],[32.26863544700018,41.4683875850003],[32.272818929000096,41.46747496100011],[32.272743934000175,41.464581484000064],[32.27090441688381,41.46313861183734],[32.27125000000024,41.46303000000012],[32.271290000000135,41.46273000000019],[32.27152000000018,41.46268000000015],[32.271910000000105,41.4628400000002],[32.272400000000175,41.46282000000036],[32.27273000000008,41.4626600000006],[32.27300000000008,41.462760000000344],[32.273370000000114,41.46268000000015],[32.27356000000003,41.46249000000006],[32.27373000000006,41.462480000000085],[32.27403000000004,41.46252000000038],[32.27412000000021,41.462790000000155],[32.27450000000016,41.46317000000016],[32.27474000000012,41.463130000000035],[32.27493000000004,41.46334000000019],[32.27542000000011,41.46351000000004],[32.27555000000018,41.46346000000017],[32.2757000000002,41.46324000000027],[32.27636000000007,41.46303000000012],[32.27667000000014,41.462780000000066],[32.27693000000016,41.46271000000047],[32.2770000000001,41.46256000000017],[32.277260000000126,41.46252000000038],[32.277390000000025,41.462850000000685],[32.27753000000007,41.462940000000344],[32.27774000000005,41.46292000000011],[32.27787000000012,41.4626600000006],[32.27818000000019,41.462940000000344],[32.278600000000154,41.4629300000002],[32.27883000000014,41.46271000000047],[32.27889000000016,41.46247000000051],[32.27900000000017,41.462420000000634],[32.27949000000007,41.4626600000006],[32.279590000000155,41.46261000000004],[32.27966000000009,41.462260000000185],[32.28020000000021,41.462290000000394],[32.28026000000017,41.46215000000035],[32.27994000000018,41.461950000000115],[32.279990000000055,41.46184000000028],[32.280550000000176,41.461980000000096],[32.280640000000176,41.461700000000064],[32.280770000000075,41.46171000000015],[32.28084000000018,41.461520000000064],[32.281040000000246,41.46140000000008],[32.28155000000015,41.461330000000146],[32.2817800000002,41.460960000000114],[32.2820700000002,41.46110000000016],[32.28234000000015,41.46098000000018],[32.282310000000166,41.460650000000555],[32.28257000000019,41.46077000000054],[32.282970000000034,41.46064000000007],[32.283370000000104,41.460680000000195],[32.28339000000017,41.46054000000015],[32.28305000000012,41.46039000000036],[32.28322000000014,41.46026000000029],[32.283150000000035,41.4601100000001],[32.28333000000015,41.45996000000031],[32.28363000000013,41.45992000000018],[32.28383000000014,41.45977000000022],[32.283810000000074,41.45967000000047],[32.283270000000186,41.459600000000364],[32.28375000000011,41.459320000000105],[32.283800000000156,41.45925000000017],[32.283680000000174,41.45908000000014],[32.2840700000001,41.45884000000018],[32.2840700000001,41.45869000000039],[32.28384000000011,41.45859000000064],[32.28427000000016,41.45843000000019],[32.28465000000011,41.458670000000154],[32.28483000000011,41.45869000000039],[32.2848400000002,41.45826000000034],[32.2850200000002,41.45816000000059],[32.28518000000014,41.45834000000019],[32.28568000000007,41.45829000000015],[32.287490000000105,41.45908000000014],[32.28750000000025,41.459290000000294],[32.28988000000015,41.460030000000415],[32.28970000000015,41.46053000000006],[32.28970000000015,41.46088000000003],[32.289380000000165,41.461300000000335],[32.288790000000176,41.461820000000046],[32.28844514800011,41.46233925200016],[32.28840000000008,41.46250000000015],[32.28850203850271,41.46289177478985]]],"type":"Polygon"}},{"type":"Feature","properties":{"area_id":"TR-74-002-90690","name_tr":"Demirci Ahmetler","area_level":"neighbourhood","parent_id":"TR-74-002","endeksa_id":90690},"geometry":{"coordinates":[[[32.341737285000136,41.4830631050001],[32.341673601000025,41.48293602700005],[32.341470216000175,41.48318223400008],[32.341426241000136,41.482993733],[32.33958345799999,41.483423632000495],[32.338804794000055,41.48300903800015],[32.33819220200019,41.4831452090001],[32.33740221400018,41.48267462700011],[32.33543924100002,41.47901724400009],[32.335434466000095,41.477030232000175],[32.33608131700004,41.473552396000514],[32.33643721300018,41.47296361100001],[32.33713610000018,41.470169388000045],[32.33727237100004,41.46999007100055],[32.338059738000084,41.46901914000006],[32.33873999200006,41.468582401000106],[32.34321443100015,41.46670957200013],[32.34352252100007,41.46678597500011],[32.34568828800013,41.467640325000104],[32.3459568720001,41.46795209500033],[32.34681830700009,41.46908360700019],[32.344595567,41.47104801000006],[32.34382734200017,41.47314263800018],[32.346757744000115,41.474159565000036],[32.34683259400009,41.47425993600007],[32.34480628100005,41.4779947990001],[32.34465406200013,41.47806117900012],[32.34283108600016,41.47837547600011],[32.34248500400008,41.482771811000475],[32.34240436800019,41.48276554700067],[32.34247389700016,41.482914776000314],[32.34231074900015,41.48295825100013],[32.3422489240001,41.482834884000454],[32.341737285000136,41.4830631050001]]],"type":"Polygon"}},{"type":"Feature","properties":{"area_id":"TR-74-002-2036132","name_tr":"Şarköy Köyü","area_level":"neighbourhood","parent_id":"TR-74-002","endeksa_id":2036132},"geometry":{"coordinates":[[[32.39167702000009,41.47758935900049],[32.384538808000116,41.47665960100011],[32.38258762300006,41.47937541000039],[32.38247643300008,41.47942488300066],[32.376521183000136,41.47787311400043],[32.37066355000013,41.48303482900002],[32.36802942800017,41.48306594800039],[32.36839568300019,41.48370610500018],[32.36833512100014,41.483819591000156],[32.360087580000084,41.486552294000035],[32.35993804599997,41.486489194000114],[32.35983784600006,41.48639576100015],[32.359410720000085,41.48526705600011],[32.35892381000008,41.48547131200013],[32.35856514699998,41.48452969599998],[32.35635995800004,41.48321431500017],[32.35198295000009,41.48479109000016],[32.35019383400004,41.48337491500013],[32.35024689199997,41.48326991000039],[32.35158480400003,41.482624953000084],[32.35144578000006,41.48232681999997],[32.351696493000134,41.48215405400043],[32.35157715899999,41.48205417500043],[32.35131092099999,41.482089291000136],[32.35088628800014,41.48150179400011],[32.346860276000086,41.48227804300012],[32.34586270300008,41.48103497700015],[32.34595198700015,41.48089485100007],[32.346324788000175,41.480828822000205],[32.34877654400003,41.47986660999999],[32.34958446600007,41.47938997300008],[32.34977677100011,41.47908877600014],[32.35026759100003,41.47873159400041],[32.350457389999974,41.47807284900017],[32.35054092800016,41.47730078300009],[32.351047237000046,41.47658910600006],[32.35093690800005,41.475787516000025],[32.35112930100007,41.47365727700003],[32.35137176300009,41.47282500500046],[32.35171500900003,41.470842140000116],[32.351994776000026,41.469989654000074],[32.35177265800013,41.46913842100025],[32.351869472000146,41.46901761700002],[32.35757724200005,41.469463146000066],[32.35647104100008,41.466875445000596],[32.35653855600009,41.46676558800016],[32.35608047000005,41.465539080999974],[32.36234792558474,41.46301593588282],[32.36237465697042,41.46314473728273],[32.362535713627324,41.46318731409701],[32.36502274400004,41.46261182500007],[32.366331605000084,41.462845030000096],[32.36718109200012,41.464026989000104],[32.36727601900009,41.46528950700065],[32.36734893500005,41.46536996600014],[32.37145791800015,41.465041573000065],[32.37596444500008,41.46290383000019],[32.37596280300011,41.458098958000335],[32.381396315000075,41.456227149000085],[32.385457142000064,41.45094311300005],[32.385615731000144,41.45092965700036],[32.38868129800005,41.452459062000514],[32.390882428000054,41.45143710500042],[32.392495408000116,41.447764931000165],[32.39624192000031,41.44752229300036],[32.39638655400023,41.44759461700028],[32.40456829700031,41.47023383400057],[32.404715049000345,41.47122390000004],[32.40458904900004,41.471269457000176],[32.40235505500016,41.47106101700052],[32.393074228000046,41.471352850000244],[32.388839619000066,41.47513048200017],[32.39180037600016,41.47742810400001],[32.391813543000126,41.47754129000015],[32.39167702000009,41.47758935900049]]],"type":"Polygon"}},{"type":"Feature","properties":{"area_id":"TR-74-002-90691","name_tr":"Merkez Kozcağız","area_level":"neighbourhood","parent_id":"TR-74-002","endeksa_id":90691},"geometry":{"coordinates":[[[32.338374917000124,41.485130758000025],[32.33819114700003,41.4850719480001],[32.33715034100004,41.48566256300006],[32.33529895800007,41.486332790000176],[32.333919875000106,41.48821376900008],[32.33219705200008,41.488470395000036],[32.326304929000116,41.488587934000066],[32.32619039800011,41.48854108000006],[32.32535989500008,41.48748199600004],[32.32547440600007,41.486645153000325],[32.32414008000012,41.48508367400018],[32.321765324000125,41.485418796000374],[32.32161966700005,41.485312714000656],[32.32185679000003,41.48294743399998],[32.32172888800011,41.4828719300005],[32.320409712000014,41.48298083400027],[32.32028480399998,41.48293168600014],[32.32034843700001,41.4810413190001],[32.32013888900008,41.48060989000021],[32.32018445700015,41.48007355500033],[32.32058896400014,41.47828860599998],[32.32236980500011,41.47465790700005],[32.324890194000034,41.47322121400015],[32.32580023700007,41.47243296099998],[32.32670265000007,41.47249455000002],[32.326667156000156,41.47256764400004],[32.326738065000086,41.472608226000375],[32.32665521800004,41.47280472500006],[32.32671404400014,41.47292232600006],[32.33491583500006,41.47020924300057],[32.33714556400008,41.46984013300005],[32.337272444999996,41.46988719200016],[32.33727237100004,41.46999007100055],[32.33713610000018,41.470169388000045],[32.33643721300018,41.47296361100001],[32.33608131700004,41.473552396000514],[32.335434466000095,41.477030232000175],[32.33543924100002,41.47901724400009],[32.33740221400018,41.48267462700011],[32.33819220200019,41.4831452090001],[32.338804794000055,41.48300903800015],[32.33958345799999,41.483423632000495],[32.341426241000136,41.482993733],[32.341470216000175,41.48318223400008],[32.341673601000025,41.48293602700005],[32.34180840200008,41.483205011999985],[32.341499636000094,41.483240940000655],[32.34156455700008,41.48337048500008],[32.338398005000045,41.484957380000026],[32.338374917000124,41.485130758000025]]],"type":"Polygon"}},{"type":"Feature","properties":{"area_id":"TR-74-002-2036129","name_tr":"Sülek Köyü","area_level":"neighbourhood","parent_id":"TR-74-002","endeksa_id":2036129},"geometry":{"coordinates":[[[32.25161383500006,41.48665157600004],[32.251372160000074,41.48674621900034],[32.25123510899999,41.48856735200047],[32.249030691740586,41.48861374057452],[32.24889703000008,41.48845926800004],[32.24212771300017,41.488058335000005],[32.23202859600008,41.481916266000155],[32.23202064900005,41.48189491900007],[32.23932434100004,41.47887660300006],[32.24005695300008,41.47723459700012],[32.2432220770001,41.47756636700018],[32.24154069100007,41.469242630999986],[32.240760562000105,41.468030225000575],[32.2442853340001,41.46394595800024],[32.24426480800014,41.462177402000634],[32.24908651400011,41.4632515830001],[32.24882472100006,41.46560840800015],[32.25208978000012,41.46667376100061],[32.24975828400011,41.46818638000008],[32.25217005600018,41.4715754770001],[32.25445656700009,41.46968048100018],[32.25619223400008,41.47164077600007],[32.255677258000105,41.47433952700004],[32.25725626800005,41.47744610699999],[32.25466176000009,41.47967254800028],[32.25458017300019,41.479975186000274],[32.252612787000146,41.4813853660001],[32.25390056800018,41.48296139299998],[32.25151813800005,41.48478089100007],[32.25146025700019,41.486667769000064],[32.25161383500006,41.48665157600004]]],"type":"Polygon"}},{"type":"Feature","properties":{"area_id":"TR-74-002-2036135","name_tr":"Uluköy Köyü","area_level":"neighbourhood","parent_id":"TR-74-002","endeksa_id":2036135},"geometry":{"coordinates":[[[32.279051726000034,41.49144142299997],[32.278993133000085,41.4922632410001],[32.27463103200017,41.49126667100012],[32.27000024400019,41.49108361300057],[32.25858576700017,41.492180323000184],[32.2530566530001,41.48649918100068],[32.25146025700019,41.486667769000064],[32.25151813800005,41.48478089100007],[32.25390056800018,41.48296139299998],[32.252612787000146,41.4813853660001],[32.25458017300019,41.479975186000274],[32.25466176000009,41.47967254800028],[32.25538092400012,41.47940196900004],[32.255342977000055,41.479263686000024],[32.25540222100017,41.47936625199998],[32.26256484100003,41.48247187400011],[32.26636909200016,41.48163554600052],[32.27288314100008,41.47376617600008],[32.27650267700005,41.472640543000296],[32.281515109,41.46746962600014],[32.28215400900012,41.4664019650005],[32.2820338410001,41.46623584100007],[32.282243279000056,41.46620832000019],[32.282578668000156,41.46540293600003],[32.28850203850271,41.46289177478985],[32.289900000000046,41.46330000000029],[32.29112000000009,41.46331000000038],[32.292260000000056,41.46321000000012],[32.29289000000017,41.463370000000396],[32.2925800000001,41.46419000000071],[32.293290000000184,41.4650900000002],[32.29382000000021,41.465450000000374],[32.29426000000018,41.465580000000614],[32.294680000000085,41.465950000000134],[32.29472000000004,41.466410000000394],[32.29523000000012,41.46710000000007],[32.29516000000024,41.46714000000037],[32.295200000000136,41.46757000000042],[32.29597000000007,41.468670000000486],[32.296190000000195,41.46872000000036],[32.29636000000022,41.46916000000016],[32.296100000000195,41.469420000000184],[32.29630000000003,41.469880000000046],[32.29655000000014,41.470000000000425],[32.29673000000008,41.47039000000018],[32.29686000000021,41.47051000000067],[32.29705000000007,41.470530000000224],[32.29716000000013,41.470690000000104],[32.297060000000045,41.470870000000104],[32.296040000000175,41.4711700000002],[32.29569000000021,41.47150000000016],[32.29609000000005,41.47190000000057],[32.29569000000021,41.47213000000005],[32.29506000000009,41.472200000000385],[32.29607809870055,41.473042281559685],[32.29590598600009,41.4730141310003],[32.29739334300018,41.474965150000344],[32.28999131400013,41.47476087200016],[32.29031953100019,41.476694195000164],[32.288302944000066,41.47762508600016],[32.285258179000095,41.48380853700013],[32.28058058800008,41.486167030000104],[32.2791687780001,41.48978605400009],[32.279051726000034,41.49144142299997]]],"type":"Polygon"}},{"type":"Feature","properties":{"area_id":"TR-74-002-2036141","name_tr":"Sofular Köyü","area_level":"neighbourhood","parent_id":"TR-74-002","endeksa_id":2036141},"geometry":{"coordinates":[[[32.40513691200033,41.49262531800014],[32.4050782220001,41.492639586999985],[32.398962131000076,41.49286474700068],[32.398825267999996,41.492862348000074],[32.39367850100007,41.48957192400013],[32.3952774440001,41.48498199000011],[32.39495468000007,41.484235409000064],[32.39353442800012,41.48310766900005],[32.39221440300008,41.48294168800004],[32.390312323000046,41.480549182000516],[32.39207559000005,41.4776412730007],[32.39167702000009,41.47758935900049],[32.391813543000126,41.47754129000015],[32.39180037600016,41.47742810400001],[32.388839619000066,41.47513048200017],[32.393074228000046,41.471352850000244],[32.40235505500016,41.47106101700052],[32.40458904900004,41.471269457000176],[32.404715049000345,41.47122390000004],[32.40584971300029,41.4788789280002],[32.41115024600032,41.48669651200004],[32.405078378000326,41.49263892000073],[32.40513691200033,41.49262531800014]]],"type":"Polygon"}},{"type":"Feature","properties":{"area_id":"TR-74-002-2036127","name_tr":"Mamak Köyü","area_level":"neighbourhood","parent_id":"TR-74-002","endeksa_id":2036127},"geometry":{"coordinates":[[[32.36444705700012,41.49746558900017],[32.36401686400012,41.49757617500006],[32.361000047000005,41.49703586800007],[32.35939059400016,41.49504325000004],[32.35926789300004,41.49375228300022],[32.357708519575,41.494140987273965],[32.35764514391684,41.49397750873641],[32.35792372900005,41.493798065000135],[32.353913116000115,41.491301530000214],[32.358963314000164,41.48692773800019],[32.359980494000126,41.48659040900009],[32.35993804599997,41.486489194000114],[32.360087580000084,41.486552294000035],[32.36833512100014,41.483819591000156],[32.36839568300019,41.48370610500018],[32.36802942800017,41.48306594800039],[32.37066355000013,41.48303482900002],[32.376521183000136,41.47787311400043],[32.38247643300008,41.47942488300066],[32.38258762300006,41.47937541000039],[32.384538808000116,41.47665960100011],[32.39207559000005,41.4776412730007],[32.390312323000046,41.480549182000516],[32.39221440300008,41.48294168800004],[32.39353442800012,41.48310766900005],[32.39495468000007,41.484235409000064],[32.3952774440001,41.48498199000011],[32.39367850100007,41.48957192400013],[32.398825267999996,41.492862348000074],[32.391063203000044,41.4954572850001],[32.39092284000003,41.495365481000135],[32.39101074600006,41.49519405600023],[32.387552954000114,41.493161429],[32.38228190400008,41.49359619700027],[32.37869513100003,41.492318073000035],[32.3706643590001,41.4961796180001],[32.369044153000175,41.49628383900006],[32.36444705700012,41.49746558900017]]],"type":"Polygon"}},{"type":"Feature","properties":{"area_id":"TR-74-002-2036109","name_tr":"Bedil Köyü","area_level":"neighbourhood","parent_id":"TR-74-002","endeksa_id":2036109},"geometry":{"coordinates":[[[32.29783943000007,41.49462481400002],[32.29773584600002,41.494484287000034],[32.294454323000025,41.49811761000018],[32.29378545500009,41.498081535000665],[32.29353336899999,41.49824911700017],[32.29336173200011,41.498058641],[32.292812901000104,41.49802895600067],[32.292530940621305,41.49635951008031],[32.29245338927444,41.49645455868489],[32.292305769918244,41.49641089622952],[32.29236604300007,41.49649964300016],[32.29011845600019,41.49826070600011],[32.287008749000165,41.49650049000013],[32.287280921000104,41.4944070830004],[32.289293786000144,41.49396683500021],[32.28776129700009,41.49155117600009],[32.285055655000065,41.495373627000106],[32.285623702000066,41.49597097000003],[32.28560071700019,41.49608323800044],[32.28361235400007,41.49645910300018],[32.283189786000094,41.495374692999974],[32.282439262000025,41.49442879400033],[32.281745073526736,41.494580807536295],[32.28153308002112,41.49448167110927],[32.28151351800017,41.49350898400007],[32.27968524800002,41.49146646700012],[32.279051726000034,41.49144142299997],[32.2791687780001,41.48978605400009],[32.28058058800008,41.486167030000104],[32.285258179000095,41.48380853700013],[32.288302944000066,41.47762508600016],[32.29031953100019,41.476694195000164],[32.28999131400013,41.47476087200016],[32.29739334300018,41.474965150000344],[32.29590598600009,41.4730141310003],[32.29607809870055,41.473042281559685],[32.29603000000009,41.473100000000386],[32.29645000000016,41.4728300000001],[32.29682000000008,41.47278000000023],[32.296870000000126,41.472420000000284],[32.29708000000011,41.47203000000013],[32.30008300100013,41.47286792800037],[32.30184195100003,41.47096502900007],[32.30398318000016,41.473272751000025],[32.30889760200017,41.47418429300012],[32.308977740000046,41.47662342600006],[32.30892372700009,41.476865451000094],[32.30891664600017,41.47951281800039],[32.308621960000096,41.48167436500012],[32.30314540100005,41.481735791000006],[32.299287897000056,41.49276569500012],[32.29777624800016,41.49444002200005],[32.29783943000007,41.49462481400002]]],"type":"Polygon"}},{"type":"Feature","properties":{"area_id":"TR-74-002-2036138","name_tr":"Yenihamidiye Köyü","area_level":"neighbourhood","parent_id":"TR-74-002","endeksa_id":2036138},"geometry":{"coordinates":[[[32.338374917000124,41.485130758000025],[32.341178602000184,41.49176666600033],[32.34352849700019,41.491388036000444],[32.343693696000116,41.49592393100016],[32.343107761,41.49633269800012],[32.34396881600014,41.49837068700043],[32.34390376100015,41.498467242000515],[32.34319094300014,41.49869816100016],[32.34306252700003,41.498663019000105],[32.34301603300008,41.49852747500012],[32.34267482200016,41.49714527800006],[32.34257715400008,41.497069175000036],[32.34021636800014,41.49834982400057],[32.33047315499999,41.49640113600009],[32.33018048500014,41.49610625600002],[32.32847850500019,41.49590023800022],[32.33036250100008,41.493693798000265],[32.33036653700009,41.49360048200003],[32.32736318399998,41.492787728999986],[32.3271679610001,41.49132445000015],[32.327200251000136,41.49113296600012],[32.329456671000116,41.489990471],[32.32949840100002,41.489866027000005],[32.32254897600012,41.48827282700017],[32.32144910700015,41.487032099000544],[32.32161966700005,41.485312714000656],[32.321765324000125,41.485418796000374],[32.32414008000012,41.48508367400018],[32.32547440600007,41.486645153000325],[32.32535989500008,41.48748199600004],[32.32619039800011,41.48854108000006],[32.326304929000116,41.488587934000066],[32.33219705200008,41.488470395000036],[32.333919875000106,41.48821376900008],[32.33529895800007,41.486332790000176],[32.33715034100004,41.48566256300006],[32.33819114700003,41.4850719480001],[32.338374917000124,41.485130758000025]]],"type":"Polygon"}},{"type":"Feature","properties":{"area_id":"TR-74-002-2036108","name_tr":"Başoğlu Köyü","area_level":"neighbourhood","parent_id":"TR-74-002","endeksa_id":2036108},"geometry":{"coordinates":[[[32.25088791293524,41.50055997471975],[32.23897013900006,41.50258106200005],[32.239145313000165,41.50097171099998],[32.23429365600009,41.49968000200067],[32.2339083010001,41.49883908000004],[32.23287408900012,41.492059531000166],[32.232818445000134,41.49104046900004],[32.23401102500003,41.48724081000017],[32.23202859600008,41.481916266000155],[32.24212771300017,41.488058335000005],[32.24889703000008,41.48845926800004],[32.25235623900005,41.492459118000056],[32.25093351800018,41.49377302400006],[32.25268324199999,41.4952408850001],[32.25234061499998,41.49542079600019],[32.25255600100007,41.49567302200006],[32.24859000000009,41.497390219000124],[32.25036112111883,41.499574411603476],[32.25096479148834,41.50042650662448],[32.25088791293524,41.50055997471975]]],"type":"Polygon"}},{"type":"Feature","properties":{"area_id":"TR-74-002-2036116","name_tr":"Eskihamidiye Köyü","area_level":"neighbourhood","parent_id":"TR-74-002","endeksa_id":2036116},"geometry":{"coordinates":[[[32.36444705700012,41.49746558900017],[32.36436383500018,41.49758685800015],[32.36469203100012,41.497697096000024],[32.364475981000055,41.4980426570001],[32.36324048300014,41.49914556000033],[32.348081503000174,41.496479673000465],[32.346469438999975,41.49868993300038],[32.3476577190001,41.50156560500028],[32.344557387000066,41.50265927900017],[32.34403627400019,41.50263890500008],[32.34028538900009,41.50242130000015],[32.340170059000116,41.50230146700005],[32.34101824800007,41.499409891000084],[32.34295234800004,41.498631213000124],[32.34301603300008,41.49852747500012],[32.34306252700003,41.498663019000105],[32.34319094300014,41.49869816100016],[32.34390376100015,41.498467242000515],[32.34396881600014,41.49837068700043],[32.343107761,41.49633269800012],[32.343693696000116,41.49592393100016],[32.34352849700019,41.491388036000444],[32.341178602000184,41.49176666600033],[32.338374917000124,41.485130758000025],[32.338398005000045,41.484957380000026],[32.34156455700008,41.48337048500008],[32.341499636000094,41.483240940000655],[32.34180840200008,41.483205011999985],[32.341737285000136,41.4830631050001],[32.3422489240001,41.482834884000454],[32.34231074900015,41.48295825100013],[32.34247389700016,41.482914776000314],[32.34240436800019,41.48276554700067],[32.34248500400008,41.482771811000475],[32.34283108600016,41.47837547600011],[32.34465406200013,41.47806117900012],[32.345804445000056,41.478379265000115],[32.345361002000004,41.48035395900007],[32.34574359800007,41.48087522600014],[32.34595198700015,41.48089485100007],[32.34586270300008,41.48103497700015],[32.346860276000086,41.48227804300012],[32.35088628800014,41.48150179400011],[32.35131092099999,41.482089291000136],[32.35157715899999,41.48205417500043],[32.351696493000134,41.48215405400043],[32.35144578000006,41.48232681999997],[32.35158480400003,41.482624953000084],[32.35024689199997,41.48326991000039],[32.35019383400004,41.48337491500013],[32.35198295000009,41.48479109000016],[32.35635995800004,41.48321431500017],[32.35856514699998,41.48452969599998],[32.35892381000008,41.48547131200013],[32.359410720000085,41.48526705600011],[32.35983784600006,41.48639576100015],[32.35993804599997,41.486489194000114],[32.359980494000126,41.48659040900009],[32.358963314000164,41.48692773800019],[32.353913116000115,41.491301530000214],[32.35792372900005,41.493798065000135],[32.35764514391684,41.49397750873641],[32.357708519575,41.494140987273965],[32.35926789300004,41.49375228300022],[32.35939059400016,41.49504325000004],[32.361000047000005,41.49703586800007],[32.36401686400012,41.49757617500006],[32.36444705700012,41.49746558900017]]],"type":"Polygon"}},{"type":"Feature","properties":{"area_id":"TR-74-002-2036112","name_tr":"Dırazlar Köyü","area_level":"neighbourhood","parent_id":"TR-74-002","endeksa_id":2036112},"geometry":{"coordinates":[[[32.3271679610001,41.49132445000015],[32.32696334700006,41.49125216900012],[32.31501198600017,41.49729956400017],[32.31423251399997,41.50084726200026],[32.312557300000094,41.50444447300009],[32.312384565000116,41.50461253500032],[32.31163245700009,41.504412838000405],[32.31174328499998,41.50421156200008],[32.310951209000166,41.50357870900007],[32.31042566400015,41.50363941200004],[32.31052019000015,41.503231001000586],[32.308162161000155,41.50401083300045],[32.30419914200007,41.5021180950007],[32.30295961600001,41.49952279500019],[32.30550664200007,41.498165646000075],[32.30227232599998,41.49745335500006],[32.30239500100009,41.49550584600013],[32.29906451400018,41.496227549000025],[32.29783943000007,41.49462481400002],[32.29777624800016,41.49444002200005],[32.299287897000056,41.49276569500012],[32.30314540100005,41.481735791000006],[32.308621960000096,41.48167436500012],[32.30891664600017,41.47951281800039],[32.30892372700009,41.476865451000094],[32.30911514100012,41.476777469000126],[32.31606765400011,41.47940821200007],[32.316291497000066,41.47932808100029],[32.31682122400014,41.47979911300018],[32.32006354300006,41.48094059100015],[32.320202381,41.48091984500019],[32.32023466200013,41.480813588000046],[32.32034843700001,41.4810413190001],[32.32028480399998,41.48293168600014],[32.320409712000014,41.48298083400027],[32.32172888800011,41.4828719300005],[32.32185679000003,41.48294743399998],[32.32144910700015,41.487032099000544],[32.32254897600012,41.48827282700017],[32.32949840100002,41.489866027000005],[32.329456671000116,41.489990471],[32.327200251000136,41.49113296600012],[32.3271679610001,41.49132445000015]]],"type":"Polygon"}},{"type":"Feature","properties":{"area_id":"TR-74-002-2036123","name_tr":"Karacaoğlu Köyü","area_level":"neighbourhood","parent_id":"TR-74-002","endeksa_id":2036123},"geometry":{"coordinates":[[[32.281745073526736,41.494580807536295],[32.28163156800014,41.49460566300013],[32.28157242200007,41.4968034820007],[32.27871296500018,41.49793932000017],[32.27022859300018,41.50508046700031],[32.26480142800011,41.50641844200044],[32.25342382100007,41.50357049800016],[32.252937935000034,41.502949268000634],[32.251305864000074,41.50048909700001],[32.25088791293524,41.50055997471975],[32.25096479148834,41.50042650662448],[32.25036112111883,41.499574411603476],[32.24859000000009,41.497390219000124],[32.25255600100007,41.49567302200006],[32.25234061499998,41.49542079600019],[32.25268324199999,41.4952408850001],[32.25093351800018,41.49377302400006],[32.25235623900005,41.492459118000056],[32.249030691740586,41.48861374057452],[32.25123510899999,41.48856735200047],[32.251372160000074,41.48674621900034],[32.25161383500006,41.48665157600004],[32.2530566530001,41.48649918100068],[32.25858576700017,41.492180323000184],[32.27000024400019,41.49108361300057],[32.27463103200017,41.49126667100012],[32.278993133000085,41.4922632410001],[32.279051726000034,41.49144142299997],[32.27968524800002,41.49146646700012],[32.28151351800017,41.49350898400007],[32.28153308002112,41.49448167110927],[32.281745073526736,41.494580807536295]]],"type":"Polygon"}},{"type":"Feature","properties":{"area_id":"TR-74-002-2036124","name_tr":"Karayakup Köyü","area_level":"neighbourhood","parent_id":"TR-74-002","endeksa_id":2036124},"geometry":{"coordinates":[[[32.32228769000017,41.505989318000104],[32.322153749000165,41.50597126800005],[32.320796646000076,41.5049658330006],[32.31546236100007,41.50669604600017],[32.315344966,41.50665927500006],[32.314830787000176,41.506072803000166],[32.31066338800008,41.50617069700013],[32.30986662100014,41.50592476500003],[32.310048242000164,41.50512214300056],[32.31058483000015,41.50422505000017],[32.31072859600016,41.504219127000454],[32.311429102000034,41.504544944000145],[32.31163245700009,41.504412838000405],[32.312384565000116,41.50461253500032],[32.312557300000094,41.50444447300009],[32.31423251399997,41.50084726200026],[32.31501198600017,41.49729956400017],[32.32696334700006,41.49125216900012],[32.3271679610001,41.49132445000015],[32.32736318399998,41.492787728999986],[32.33036653700009,41.49360048200003],[32.33036250100008,41.493693798000265],[32.32847850500019,41.49590023800022],[32.33018048500014,41.49610625600002],[32.33047315499999,41.49640113600009],[32.34021636800014,41.49834982400057],[32.34257715400008,41.497069175000036],[32.34267482200016,41.49714527800006],[32.34301603300008,41.49852747500012],[32.34295234800004,41.498631213000124],[32.34101824800007,41.499409891000084],[32.340170059000116,41.50230146700005],[32.34002327600018,41.50240615900037],[32.330967612000165,41.501880942000525],[32.32898199100009,41.50402906000045],[32.32228769000017,41.505989318000104]]],"type":"Polygon"}},{"type":"Feature","properties":{"area_id":"TR-74-002-2036130","name_tr":"Sütlüce Köyü","area_level":"neighbourhood","parent_id":"TR-74-002","endeksa_id":2036130},"geometry":{"coordinates":[[[32.38094351000018,41.51680451600021],[32.380810638000185,41.51668125100008],[32.38078153400011,41.51679427400006],[32.37070977800005,41.516857346000165],[32.36585351000008,41.51521462000011],[32.358195681000154,41.51716958900016],[32.358541155000125,41.514250155000184],[32.351494689000106,41.51572599500008],[32.35006670900009,41.510822775000065],[32.34592940000016,41.51248930900016],[32.34566210700018,41.51254761500019],[32.341842710000094,41.51065394400041],[32.34368649600003,41.507585811000126],[32.342651381999985,41.50333208500007],[32.3445340830001,41.50266777600007],[32.34403627400019,41.50263890500008],[32.344557387000066,41.50265927900017],[32.3476577190001,41.50156560500028],[32.346469438999975,41.49868993300038],[32.348081503000174,41.496479673000465],[32.36324048300014,41.49914556000033],[32.364475981000055,41.4980426570001],[32.36469203100012,41.497697096000024],[32.36436383500018,41.49758685800015],[32.36444705700012,41.49746558900017],[32.369044153000175,41.49628383900006],[32.3706643590001,41.4961796180001],[32.37869513100003,41.492318073000035],[32.38228190400008,41.49359619700027],[32.387552954000114,41.493161429],[32.39101074600006,41.49519405600023],[32.39092284000003,41.495365481000135],[32.386882652000054,41.501068891000216],[32.39145036200017,41.50419795200003],[32.39130951700014,41.50802628300033],[32.38897140800003,41.5101684950003],[32.38247847700006,41.51136160400034],[32.38136374900006,41.512814370000285],[32.38345244300001,41.51455043900012],[32.38097359300008,41.515206852000176],[32.3808827360001,41.516126546000066],[32.38115589000017,41.51612781000017],[32.38094351000018,41.51680451600021]]],"type":"Polygon"}},{"type":"Feature","properties":{"area_id":"TR-74-002-2036048","name_tr":"Karahüseyinli Köyü","area_level":"neighbourhood","parent_id":"TR-74-002","endeksa_id":2036048},"geometry":{"coordinates":[[[32.273916039000085,41.52900924400035],[32.27392154500018,41.529106671000136],[32.27391553800015,41.529009381000094],[32.271607509000034,41.529060831000265],[32.26960603300017,41.52584106900014],[32.265768632000174,41.52783502400018],[32.265820249000114,41.52772270000048],[32.26575029700018,41.52766620900019],[32.26556132100018,41.5258756880001],[32.26430271600003,41.52512100000018],[32.2598218550001,41.5245928770006],[32.25554860800014,41.52661798100047],[32.255474303000085,41.52676408600007],[32.25260187600003,41.52157465900012],[32.25188065400005,41.5141670320001],[32.25401192200019,41.51129399000007],[32.253433385000164,41.50369610700017],[32.252937935000034,41.502949268000634],[32.25342382100007,41.50357049800016],[32.26480142800011,41.50641844200044],[32.27022859300018,41.50508046700031],[32.27871296500018,41.49793932000017],[32.28157242200007,41.4968034820007],[32.28163156800014,41.49460566300013],[32.282439262000025,41.49442879400033],[32.283189786000094,41.495374692999974],[32.28361235400007,41.49645910300018],[32.28560071700019,41.49608323800044],[32.285623702000066,41.49597097000003],[32.285055655000065,41.495373627000106],[32.28776129700009,41.49155117600009],[32.289293786000144,41.49396683500021],[32.287280921000104,41.4944070830004],[32.287008749000165,41.49650049000013],[32.29011845600019,41.49826070600011],[32.29236604300007,41.49649964300016],[32.292305769918244,41.49641089622952],[32.29245338927444,41.49645455868489],[32.292530940621305,41.49635951008031],[32.292812901000104,41.49802895600067],[32.29336173200011,41.498058641],[32.29353336899999,41.49824911700017],[32.29378545500009,41.498081535000665],[32.294454323000025,41.49811761000018],[32.29773584600002,41.494484287000034],[32.29906451400018,41.496227549000025],[32.30239500100009,41.49550584600013],[32.30227232599998,41.49745335500006],[32.30550664200007,41.498165646000075],[32.30295961600001,41.49952279500019],[32.30419914200007,41.5021180950007],[32.2982971240001,41.508232583000165],[32.294712685000036,41.50947018900007],[32.291858735000176,41.51616838700005],[32.2926607870001,41.51854687400066],[32.28316034700009,41.521760386000096],[32.27773152000003,41.52371006300007],[32.278944644000035,41.5254548580001],[32.273916039000085,41.52900924400035]]],"type":"Polygon"}},{"type":"Feature","properties":{"area_id":"TR-74-002-2036137","name_tr":"Yeğenli Köyü","area_level":"neighbourhood","parent_id":"TR-74-002","endeksa_id":2036137},"geometry":{"coordinates":[[[32.37548987500003,41.53113432800018],[32.37462951600003,41.53149353400005],[32.36264806600002,41.529115620000084],[32.35629591900016,41.52925683300032],[32.34666993800016,41.52705017400007],[32.34409943100019,41.52768308500049],[32.34304577900002,41.52660311150021],[32.342982180000035,41.52632476100018],[32.34781929600001,41.52396820399997],[32.34937933400016,41.521299473000056],[32.34592940000016,41.51248930900016],[32.35006670900009,41.510822775000065],[32.351494689000106,41.51572599500008],[32.358541155000125,41.514250155000184],[32.358195681000154,41.51716958900016],[32.36585351000008,41.51521462000011],[32.37070977800005,41.516857346000165],[32.38078153400011,41.51679427400006],[32.380810638000185,41.51668125100008],[32.38103139700007,41.51688604800006],[32.38079078700008,41.52279996700008],[32.386204620000115,41.52665973000046],[32.385589030000176,41.52691888900017],[32.38557300200006,41.527058614000055],[32.385469400000034,41.526966788000095],[32.37987897300013,41.52930140100045],[32.37970869000014,41.529273381999985],[32.379682782000145,41.52910028100018],[32.37545197100013,41.53094193000021],[32.375677138000185,41.53105612500019],[32.37548987500003,41.53113432800018]]],"type":"Polygon"}},{"type":"Feature","properties":{"area_id":"TR-74-002-2036101","name_tr":"Akağaç Köyü","area_level":"neighbourhood","parent_id":"TR-74-002","endeksa_id":2036101},"geometry":{"coordinates":[[[32.41519806200006,41.52362928600019],[32.41528279400012,41.523567016000186],[32.411568248000094,41.52291177000018],[32.407897753999976,41.526033172000666],[32.399480794000056,41.527479229000164],[32.39164995600015,41.53242298300063],[32.39154953100012,41.53232891900012],[32.391524207000145,41.52895331800016],[32.38745056800019,41.52870728000005],[32.38557300200006,41.527058614000055],[32.385589030000176,41.52691888900017],[32.386204620000115,41.52665973000046],[32.38079078700008,41.52279996700008],[32.38103139700007,41.51688604800006],[32.38094351000018,41.51680451600021],[32.38115589000017,41.51612781000017],[32.3808827360001,41.516126546000066],[32.38097359300008,41.515206852000176],[32.38345244300001,41.51455043900012],[32.38136374900006,41.512814370000285],[32.38247847700006,41.51136160400034],[32.38897140800003,41.5101684950003],[32.39130951700014,41.50802628300033],[32.39145036200017,41.50419795200003],[32.386882652000054,41.501068891000216],[32.39092284000003,41.495365481000135],[32.391063203000044,41.4954572850001],[32.398825267999996,41.492862348000074],[32.398962131000076,41.49286474700068],[32.4050782220001,41.492639586999985],[32.40578849900015,41.492473904000576],[32.4059604440003,41.49256932600048],[32.40595467500026,41.492464738000706],[32.40673880200018,41.4924214880005],[32.4068174220003,41.49250107600034],[32.40681280700022,41.4924174060007],[32.40761543400026,41.49237313500032],[32.40767439900026,41.4924328260002],[32.40767093800025,41.492370073000245],[32.41024533100034,41.492228076000345],[32.413548914000216,41.49069770600016],[32.41882544000032,41.49356946300054],[32.427249702000324,41.487526404000675],[32.4394974460003,41.48910831100022],[32.44090189100024,41.4896232450007],[32.44115061600013,41.48975736600016],[32.44260264400003,41.49547725800039],[32.448024979000024,41.50274352300022],[32.44764567900012,41.504496067000275],[32.447594424000044,41.504675856000176],[32.43853389100008,41.51533353799999],[32.43372219700001,41.51781424500035],[32.43376023100018,41.519531939000046],[32.42672906000007,41.51819720300006],[32.425385147000156,41.51874546100066],[32.42614867500009,41.52011021599998],[32.42612001500004,41.52021256100005],[32.42594237000014,41.52022131100006],[32.42544398700005,41.519678050000095],[32.419149897000125,41.524118849000104],[32.41542037200014,41.52352507699999],[32.41519806200006,41.52362928600019]]],"type":"Polygon"}},{"type":"Feature","properties":{"area_id":"TR-74-002-2036042","name_tr":"Hacıhatipoğlu Köyü","area_level":"neighbourhood","parent_id":"TR-74-002","endeksa_id":2036042},"geometry":{"coordinates":[[[32.251927988000034,41.52936132399998],[32.25158878700012,41.52975256800039],[32.25142261400015,41.52957809500043],[32.24881902000004,41.53206372900007],[32.24852732000005,41.53213426600013],[32.24838339900015,41.53121186599998],[32.24828442100011,41.53116893300006],[32.2483032990001,41.53109957700019],[32.24322922200008,41.53333135500014],[32.23804310000014,41.53126306400031],[32.238145004000046,41.53430857900014],[32.23359184300017,41.533290407000095],[32.23422499300017,41.53684978900009],[32.229759263000176,41.53766986599999],[32.225454622000086,41.533321294000075],[32.22524849800004,41.53352641500027],[32.224761098000045,41.533079883000084],[32.22497958700012,41.53284141199998],[32.22484136000014,41.532701773999975],[32.22460358400019,41.53293557600017],[32.22426381000014,41.53262429100005],[32.224390228508696,41.53248630991624],[32.22446349449308,41.532342477025225],[32.22431824265652,41.53218561171127],[32.22414118714801,41.53218123092449],[32.223958670000115,41.53234473700019],[32.223766519000094,41.532168698000135],[32.22402951800012,41.53188164600016],[32.22139183600018,41.52921704600067],[32.224468705000106,41.52931905900016],[32.22561543400002,41.52851846200042],[32.225579474000085,41.5258734680001],[32.225167250000084,41.52240400000005],[32.224151673000165,41.51924417200013],[32.2241930310002,41.515500516000486],[32.224214947000235,41.51460254600062],[32.2281131750002,41.50909032100026],[32.228105348000156,41.508987658000194],[32.22917905600019,41.51015968200005],[32.23039435800001,41.508072191000224],[32.23505067799999,41.506476496999994],[32.234543819000066,41.50300395800036],[32.23429365600009,41.49968000200067],[32.239145313000165,41.50097171099998],[32.23897013900006,41.50258106200005],[32.251305864000074,41.50048909700001],[32.253433385000164,41.50369610700017],[32.25401192200019,41.51129399000007],[32.25188065400005,41.5141670320001],[32.25260187600003,41.52157465900012],[32.255474303000085,41.52676408600007],[32.25495352650012,41.527788083500695],[32.25327266700003,41.52781186100049],[32.25256483600015,41.528805430000034],[32.25244555200004,41.52876435200034],[32.251927988000034,41.52936132399998]]],"type":"Polygon"}},{"type":"Feature","properties":{"area_id":"TR-74-002-2036103","name_tr":"Akıncılar Köyü","area_level":"neighbourhood","parent_id":"TR-74-002","endeksa_id":2036103},"geometry":{"coordinates":[[[32.32228769000017,41.505989318000104],[32.32190859900015,41.506100233000666],[32.321350358000075,41.506590351],[32.32470820500015,41.50978028300051],[32.32700081400003,41.51771401100041],[32.32976711300006,41.52113240900013],[32.32771210499999,41.52351356400038],[32.32808447000019,41.526540903000125],[32.32529919600012,41.52874868200013],[32.316918492000184,41.52564724500007],[32.31226180000016,41.52558687800018],[32.30495354400017,41.537804043000165],[32.301104922000036,41.53709150100019],[32.28385768700002,41.52653946700019],[32.273916039000085,41.52900924400035],[32.278944644000035,41.5254548580001],[32.27773152000003,41.52371006300007],[32.28316034700009,41.521760386000096],[32.2926607870001,41.51854687400066],[32.291858735000176,41.51616838700005],[32.294712685000036,41.50947018900007],[32.2982971240001,41.508232583000165],[32.30419914200007,41.5021180950007],[32.308162161000155,41.50401083300045],[32.31052019000015,41.503231001000586],[32.31042566400015,41.50363941200004],[32.310951209000166,41.50357870900007],[32.31174328499998,41.50421156200008],[32.31163245700009,41.504412838000405],[32.311429102000034,41.504544944000145],[32.31072859600016,41.504219127000454],[32.31058483000015,41.50422505000017],[32.310048242000164,41.50512214300056],[32.30986662100014,41.50592476500003],[32.31066338800008,41.50617069700013],[32.314830787000176,41.506072803000166],[32.315344966,41.50665927500006],[32.31546236100007,41.50669604600017],[32.320796646000076,41.5049658330006],[32.322153749000165,41.50597126800005],[32.32228769000017,41.505989318000104]]],"type":"Polygon"}},{"type":"Feature","properties":{"area_id":"TR-74-002-2036024","name_tr":"Çiftlikköy Köyü","area_level":"neighbourhood","parent_id":"TR-74-002","endeksa_id":2036024},"geometry":{"coordinates":[[[32.201758104000135,41.54015415400005],[32.199021625000114,41.54151891300023],[32.19891215500013,41.54164867000003],[32.19885927300004,41.541515188000005],[32.19848744100017,41.541450732000044],[32.19569928100003,41.54034919999998],[32.19547147899999,41.53998497000009],[32.19023180500011,41.53655778300026],[32.18598206000007,41.535754434000125],[32.18471851400017,41.53288393600013],[32.179944926000076,41.533623725000325],[32.17562823000014,41.53186943000003],[32.17391487300006,41.53305616500012],[32.17293136700005,41.53322838400021],[32.17118883300009,41.53507023500009],[32.16511127000001,41.53428382800013],[32.16453280200011,41.536857835000035],[32.16001424800004,41.53713896000011],[32.15955117400006,41.537731319000045],[32.159035675000155,41.53779396400017],[32.15873829100002,41.53877114900007],[32.15808663100012,41.539604746000066],[32.15827267200018,41.53680047200004],[32.15628839300018,41.534505712000055],[32.154173661000186,41.534624775000054],[32.14970590500019,41.52443954200044],[32.15510305600009,41.52221817900005],[32.15738545700003,41.52337262000009],[32.15800700600005,41.522833289000175],[32.15861187100006,41.522961410000164],[32.15844323500016,41.52245476300044],[32.15921791000005,41.521782561000066],[32.15772816700013,41.51873714500033],[32.15808397600017,41.518187985],[32.16294498500014,41.51840535300005],[32.17171653100007,41.51596530700067],[32.17479508000014,41.51380818900003],[32.17654821200006,41.51498898700004],[32.1845387420002,41.5137968330003],[32.18465300600042,41.51393231600093],[32.18499277400048,41.51394519600058],[32.18637732400049,41.513453696000454],[32.191177923000225,41.512332782000215],[32.19240847900005,41.517624323999996],[32.191975157000115,41.52133428000019],[32.189794827000185,41.526879011000574],[32.191483300000186,41.528391941000166],[32.187927286000104,41.532866980000506],[32.188805357000035,41.53383751700011],[32.19659024700002,41.53804042300004],[32.20122579300005,41.53977565100041],[32.201758104000135,41.54015415400005]]],"type":"Polygon"}},{"type":"Feature","properties":{"area_id":"TR-74-002-2036012","name_tr":"Bayıryüzü Köyü","area_level":"neighbourhood","parent_id":"TR-74-002","endeksa_id":2036012},"geometry":{"coordinates":[[[32.482398184804936,41.522530466459045],[32.483365235000065,41.52404870900034],[32.4810226080001,41.53226758300002],[32.48084713900005,41.53229834000035],[32.47917456400012,41.531443889000116],[32.47343393400013,41.53316509500007],[32.46301705200017,41.541662782000174],[32.46240175286226,41.54152845944657],[32.4621600000001,41.54150000000038],[32.46149000000008,41.54119000000031],[32.45963000000023,41.54104000000012],[32.45918000000012,41.5408700000001],[32.45788000000016,41.54065000000037],[32.45757000000009,41.54065000000037],[32.456990000000076,41.54086000000018],[32.45546000000013,41.5405600000002],[32.45388000000014,41.54006000000004],[32.45172000000014,41.53920000000011],[32.45007000000004,41.53917000000013],[32.45006000000012,41.53944000000007],[32.44982000000016,41.539580000000115],[32.449770000000115,41.53977000000003],[32.44955000000016,41.53990000000016],[32.44754000000012,41.54062000000005],[32.44624789130688,41.54084718115962],[32.445990582000036,41.540171587000486],[32.445835129000045,41.54008592000059],[32.43966492600015,41.540967323000245],[32.43980699700006,41.540917486000296],[32.43183449800006,41.532336995000264],[32.432242017000135,41.53020809600042],[32.436609614000076,41.52778655400061],[32.43836241300011,41.524894391000146],[32.44025423800019,41.52464591300037],[32.44089538500003,41.526036186000056],[32.44348927300007,41.52450065199997],[32.44255986900009,41.52320437800006],[32.44654417000015,41.520025478000434],[32.44679888200011,41.51582253200013],[32.44922315600013,41.51159901200009],[32.46104638500009,41.50269627900008],[32.46129845100012,41.50265901299997],[32.461951308000096,41.50336494000021],[32.48036635000017,41.51934054100019],[32.482398184804936,41.522530466459045]]],"type":"Polygon"}},{"type":"Feature","properties":{"area_id":"TR-74-002-2036104","name_tr":"Akçamescit Köyü","area_level":"neighbourhood","parent_id":"TR-74-002","endeksa_id":2036104},"geometry":{"coordinates":[[[32.336549678000154,41.54736557200005],[32.33639600700013,41.547384913000144],[32.33632328200008,41.547285332000115],[32.33689882200008,41.54526382600005],[32.33847414000007,41.54317871799998],[32.33849560200008,41.539662092000185],[32.34120292800009,41.53606755300001],[32.34031551600003,41.53412818800041],[32.34549830900011,41.529287344000124],[32.34379957200014,41.527816951500085],[32.34414102799997,41.527725722000014],[32.34409943100019,41.52768308500049],[32.34666993800016,41.52705017400007],[32.35629591900016,41.52925683300032],[32.36264806600002,41.529115620000084],[32.37462951600003,41.53149353400005],[32.37548987500003,41.53113432800018],[32.37573637200012,41.53108644800011],[32.37755448500019,41.53201999400005],[32.37749998700008,41.532157815000176],[32.376180760000125,41.53255379300026],[32.37766804300014,41.53398193200002],[32.377681030000076,41.5340853740006],[32.370089578999966,41.53875917000005],[32.370734243000015,41.53982569200019],[32.36789990000011,41.54299763100005],[32.36820817900008,41.54565211800053],[32.36570903300009,41.54663479400011],[32.36554386000017,41.54660616300015],[32.363216900000054,41.54420031600017],[32.36278331700015,41.544374051000034],[32.362421905000076,41.544249475000015],[32.35676614099998,41.546933943000454],[32.351692809000156,41.54373926900013],[32.347978017000116,41.54363159900009],[32.347508942000104,41.54536245000037],[32.34739006600006,41.54543614800025],[32.34228038100014,41.543897786000684],[32.336549678000154,41.54736557200005]]],"type":"Polygon"}},{"type":"Feature","properties":{"area_id":"TR-74-002-2036111","name_tr":"Çaybükü Köyü","area_level":"neighbourhood","parent_id":"TR-74-002","endeksa_id":2036111},"geometry":{"coordinates":[[[32.336549678000154,41.54736557200005],[32.336213798000074,41.54836431300032],[32.33444425700014,41.54849967500019],[32.328822258000116,41.546425766000084],[32.320458921000125,41.546709612000086],[32.317143523000084,41.54503045600006],[32.3166135030001,41.542541977000326],[32.30884082400007,41.53943149400027],[32.30862616100018,41.53940728900017],[32.308648699000116,41.539354784000125],[32.30495354400017,41.537804043000165],[32.31226180000016,41.52558687800018],[32.316918492000184,41.52564724500007],[32.32529919600012,41.52874868200013],[32.32808447000019,41.526540903000125],[32.32771210499999,41.52351356400038],[32.32976711300006,41.52113240900013],[32.32700081400003,41.51771401100041],[32.32470820500015,41.50978028300051],[32.321350358000075,41.506590351],[32.32190859900015,41.506100233000666],[32.32898199100009,41.50402906000045],[32.330967612000165,41.501880942000525],[32.34002327600018,41.50240615900037],[32.340170059000116,41.50230146700005],[32.34028538900009,41.50242130000015],[32.3445340830001,41.50266777600007],[32.342651381999985,41.50333208500007],[32.34368649600003,41.507585811000126],[32.341842710000094,41.51065394400041],[32.34566210700018,41.51254761500019],[32.34592940000016,41.51248930900016],[32.34937933400016,41.521299473000056],[32.34781929600001,41.52396820399997],[32.342982180000035,41.52632476100018],[32.34304577900002,41.52660311150021],[32.34414102799997,41.527725722000014],[32.34379957200014,41.527816951500085],[32.34549830900011,41.529287344000124],[32.34031551600003,41.53412818800041],[32.34120292800009,41.53606755300001],[32.33849560200008,41.539662092000185],[32.33847414000007,41.54317871799998],[32.33689882200008,41.54526382600005],[32.33632328200008,41.547285332000115],[32.33639600700013,41.547384913000144],[32.336549678000154,41.54736557200005]]],"type":"Polygon"}},{"type":"Feature","properties":{"area_id":"TR-74-002-2036021","name_tr":"Çamlık Köyü","area_level":"neighbourhood","parent_id":"TR-74-002","endeksa_id":2036021},"geometry":{"coordinates":[[[32.4999423019114,41.55967542061637],[32.500260000000196,41.559710000000166],[32.50024000000013,41.56019000000009],[32.50000000000017,41.56106000000017],[32.49994000000021,41.56201000000004],[32.49997000000019,41.563180000000045],[32.500270000000114,41.56454000000031],[32.500110000000234,41.565600000000074],[32.50006000000019,41.56765000000041],[32.49976000000004,41.56815000000006],[32.49948000000012,41.568970000000206],[32.498280000000136,41.57063000000028],[32.497820000000104,41.57225000000017],[32.49696000000017,41.57268000000022],[32.49657000000008,41.573060000000396],[32.49622000000005,41.57379000000043],[32.495650000000126,41.57450000000017],[32.49566995774228,41.57496999894232],[32.48968000000019,41.574820000000386],[32.48380000000003,41.57318000000038],[32.4769500000001,41.57446000000027],[32.47051000000016,41.574730000000045],[32.465290000000095,41.57239000000038],[32.460060000000055,41.57236000000006],[32.454010000000096,41.57415000000037],[32.44892000000027,41.572690000000534],[32.44816000000026,41.566960000000336],[32.44952000000035,41.56486000000035],[32.44973000000033,41.56189000000006],[32.450580000000116,41.55947000000003],[32.45329000000021,41.556960000000174],[32.45334000000008,41.55131000000006],[32.455600000000175,41.54939000000019],[32.45441000000011,41.54715000000033],[32.45282000000003,41.547220000000266],[32.45255000000009,41.54730000000063],[32.45198000000016,41.54715000000033],[32.45180000000016,41.54628000000008],[32.451820000000055,41.546210000000144],[32.45211000000006,41.546210000000144],[32.45239000000015,41.545960000000605],[32.45226000000025,41.545640000000276],[32.445840000000146,41.54088000000024],[32.44624789130688,41.54084718115962],[32.44754000000012,41.54062000000005],[32.44955000000016,41.53990000000016],[32.449770000000115,41.53977000000003],[32.44982000000016,41.539580000000115],[32.45006000000012,41.53944000000007],[32.45007000000004,41.53917000000013],[32.45172000000014,41.53920000000011],[32.45388000000014,41.54006000000004],[32.45546000000013,41.5405600000002],[32.456990000000076,41.54086000000018],[32.45757000000009,41.54065000000037],[32.45788000000016,41.54065000000037],[32.45918000000012,41.5408700000001],[32.45963000000023,41.54104000000012],[32.46149000000008,41.54119000000031],[32.4621600000001,41.54150000000038],[32.46240175286226,41.54152845944657],[32.46274000000011,41.54166000000009],[32.46295000000009,41.54448000000036],[32.463340000000244,41.546170000000245],[32.46826000000016,41.54894000000007],[32.4688000000001,41.55001000000033],[32.46918000000005,41.552090000000476],[32.4701800000002,41.55294000000009],[32.470030000000065,41.55363000000017],[32.46949000000012,41.55417000000011],[32.46933000000007,41.55486000000019],[32.470030000000065,41.556550000000186],[32.47080000000017,41.5577100000001],[32.471640000000036,41.5597800000001],[32.472790000000145,41.5597800000001],[32.474020000000166,41.55963000000048],[32.47525000000013,41.55901000000034],[32.475640000000055,41.55778000000021],[32.47541000000007,41.556090000000324],[32.47649000000007,41.55278000000004],[32.47726000000017,41.552090000000476],[32.478330000000085,41.55255000000017],[32.48033000000015,41.55378000000036],[32.48172000000005,41.55478000000011],[32.48325000000017,41.55701000000005],[32.48618000000016,41.55747000000014],[32.48764000000017,41.558010000000195],[32.493020000000115,41.55878000000013],[32.496640000000184,41.559090000000026],[32.49879000000004,41.559550000000286],[32.4999423019114,41.55967542061637]]],"type":"Polygon"}},{"type":"Feature","properties":{"area_id":"TR-74-002-2036037","name_tr":"Gökçekıran Köyü","area_level":"neighbourhood","parent_id":"TR-74-002","endeksa_id":2036037},"geometry":{"coordinates":[[[32.43966492600015,41.540967323000245],[32.43714284300006,41.541879137000194],[32.4380931660001,41.54293921400006],[32.43668518900006,41.546278321000386],[32.42947085500015,41.54798418200022],[32.42886813300004,41.54851893200009],[32.42881479200014,41.55286536200015],[32.4284461850001,41.55322979500005],[32.42507915600015,41.55426650600026],[32.42488561200014,41.556288196000025],[32.42417330000018,41.55589040000018],[32.423820723000006,41.556200972000624],[32.42297065200012,41.5537816650002],[32.427382857000055,41.54987636600009],[32.42520890600002,41.54827615200003],[32.42361985000019,41.54104290400005],[32.419556735000185,41.542092663999995],[32.41101595500015,41.539304749000166],[32.41125624000006,41.53911842100007],[32.41076508200007,41.53894242900003],[32.412165416000164,41.53663956500009],[32.412429853000106,41.534892549000176],[32.414057044000174,41.53352876500014],[32.414283834000116,41.533155807000185],[32.41265835200005,41.525495725000155],[32.41292476700016,41.52529993600007],[32.412822589000086,41.52476034200015],[32.41542037200014,41.52352507699999],[32.419149897000125,41.524118849000104],[32.42544398700005,41.519678050000095],[32.42594237000014,41.52022131100006],[32.42612001500004,41.52021256100005],[32.42614867500009,41.52011021599998],[32.425385147000156,41.51874546100066],[32.42672906000007,41.51819720300006],[32.43376023100018,41.519531939000046],[32.43372219700001,41.51781424500035],[32.43853389100008,41.51533353799999],[32.447594424000044,41.504675856000176],[32.44764567900012,41.504496067000275],[32.447817266000186,41.5046066380001],[32.46022388100005,41.50149361600063],[32.46111822200004,41.50264221600008],[32.44922315600013,41.51159901200009],[32.44679888200011,41.51582253200013],[32.44654417000015,41.520025478000434],[32.44255986900009,41.52320437800006],[32.44348927300007,41.52450065199997],[32.44089538500003,41.526036186000056],[32.44025423800019,41.52464591300037],[32.43836241300011,41.524894391000146],[32.436609614000076,41.52778655400061],[32.432242017000135,41.53020809600042],[32.43183449800006,41.532336995000264],[32.43980699700006,41.540917486000296],[32.43966492600015,41.540967323000245]]],"type":"Polygon"}},{"type":"Feature","properties":{"area_id":"TR-74-002-2036066","name_tr":"Mekeçler Köyü","area_level":"neighbourhood","parent_id":"TR-74-002","endeksa_id":2036066},"geometry":{"coordinates":[[[32.38010440090278,41.555885300993964],[32.37988948138593,41.55586423403298],[32.37971908021984,41.55594975649444],[32.37966194525518,41.55609999328652],[32.379744422908004,41.556238643983136],[32.37302493600009,41.551022120000084],[32.36516742900005,41.54922344400012],[32.36503103300015,41.549265361000266],[32.364803306,41.5496207760001],[32.36459613200009,41.54958166600005],[32.36447794600008,41.5493056290004],[32.36570903300009,41.54663479400011],[32.36820817900008,41.54565211800053],[32.36789990000011,41.54299763100005],[32.370734243000015,41.53982569200019],[32.370089578999966,41.53875917000005],[32.377681030000076,41.5340853740006],[32.37766804300014,41.53398193200002],[32.376180760000125,41.53255379300026],[32.37749998700008,41.532157815000176],[32.37755448500019,41.53201999400005],[32.37573637200012,41.53108644800011],[32.37548987500003,41.53113432800018],[32.375677138000185,41.53105612500019],[32.37545197100013,41.53094193000021],[32.379682782000145,41.52910028100018],[32.37970869000014,41.529273381999985],[32.37987897300013,41.52930140100045],[32.37968189100013,41.529383704000054],[32.379657466000026,41.53266696700007],[32.38305267800007,41.535178836000114],[32.39374320700006,41.53737309800016],[32.39439037400007,41.53847888000013],[32.394524705000094,41.53833807100011],[32.394631528000104,41.53834224000002],[32.394427130999986,41.538441172000034],[32.394498752000175,41.53866406000054],[32.3961694410001,41.54151868200012],[32.38746739400011,41.54768352800039],[32.38470764200008,41.55370054200068],[32.379833021000024,41.555773110000075],[32.38010440090278,41.555885300993964]]],"type":"Polygon"}},{"type":"Feature","properties":{"area_id":"TR-74-002-2036008","name_tr":"Akmanlar Köyü","area_level":"neighbourhood","parent_id":"TR-74-002","endeksa_id":2036008},"geometry":{"coordinates":[[[32.251927988000034,41.52936132399998],[32.25207950600014,41.52946860700007],[32.251694472999986,41.52982739900045],[32.25178928000014,41.52989452700018],[32.25103266800005,41.53095702000007],[32.249730684000156,41.54534942900011],[32.24967878400014,41.545413552000184],[32.24200983100019,41.54552695700039],[32.24379397300004,41.54809504700006],[32.24107558900016,41.55468265700017],[32.24182450600006,41.556152087000044],[32.237722411000334,41.557609400000445],[32.237465899000426,41.557446293000396],[32.2370293160003,41.557408598000166],[32.2377429230001,41.557467722000126],[32.228793201000144,41.552625137000064],[32.22796701600009,41.55277601000057],[32.22512620500015,41.55150424900006],[32.221294647000036,41.542330412000126],[32.22062145300009,41.54106533100003],[32.22064170700003,41.540970233000166],[32.221394478000036,41.54023363700014],[32.223100317000046,41.531778516000145],[32.223200792000114,41.531649700000685],[32.22413607240469,41.53250586613888],[32.224390228508696,41.53248630991624],[32.22426381000014,41.53262429100005],[32.22460358400019,41.53293557600017],[32.22484136000014,41.532701773999975],[32.22497958700012,41.53284141199998],[32.224761098000045,41.533079883000084],[32.22524849800004,41.53352641500027],[32.225454622000086,41.533321294000075],[32.229759263000176,41.53766986599999],[32.23422499300017,41.53684978900009],[32.23359184300017,41.533290407000095],[32.238145004000046,41.53430857900014],[32.23804310000014,41.53126306400031],[32.24322922200008,41.53333135500014],[32.2483032990001,41.53109957700019],[32.24828442100011,41.53116893300006],[32.24838339900015,41.53121186599998],[32.24852732000005,41.53213426600013],[32.24881902000004,41.53206372900007],[32.25142261400015,41.52957809500043],[32.25158878700012,41.52975256800039],[32.251927988000034,41.52936132399998]]],"type":"Polygon"}},{"type":"Feature","properties":{"area_id":"TR-74-002-2036022","name_tr":"Çayır Köyü","area_level":"neighbourhood","parent_id":"TR-74-002","endeksa_id":2036022},"geometry":{"coordinates":[[[32.42530810651789,41.55874430561988],[32.424720000000264,41.558910000000594],[32.423140000000274,41.557850000000485],[32.42200000000031,41.55790000000036],[32.42150000000032,41.557700000000125],[32.4205400000003,41.557580000000144],[32.418640000000266,41.55750000000063],[32.4173200000003,41.55780000000044],[32.41649000000035,41.55809000000045],[32.41538000000037,41.558320000000265],[32.41481000000027,41.55834258985328],[32.41490936100007,41.558336868000424],[32.4152878970001,41.55651519700007],[32.41522936100006,41.5564582560001],[32.41538443000019,41.556050641000354],[32.40920822100014,41.55162532200006],[32.40844313600019,41.549464634000174],[32.408528363000016,41.548450364000246],[32.407746847000055,41.54445395800019],[32.40825830200015,41.54144316600008],[32.41101595500015,41.539304749000166],[32.419556735000185,41.542092663999995],[32.42361985000019,41.54104290400005],[32.42520890600002,41.54827615200003],[32.427382857000055,41.54987636600009],[32.42297065200012,41.5537816650002],[32.423820723000006,41.556200972000624],[32.42417330000018,41.55589040000018],[32.42488561200014,41.556288196000025],[32.4252355000001,41.55655680000007],[32.425525200000095,41.557142800000065],[32.42551440000011,41.55766470000009],[32.424817100000155,41.55886090000007],[32.42530810651789,41.55874430561988]]],"type":"Polygon"}},{"type":"Feature","properties":{"area_id":"TR-74-002-2036043","name_tr":"Hacıosmanoğlu Köyü","area_level":"neighbourhood","parent_id":"TR-74-002","endeksa_id":2036043},"geometry":{"coordinates":[[[32.19891215500013,41.54164867000003],[32.19760007000019,41.543495837000194],[32.19778249400002,41.54386704400008],[32.20609123600019,41.54862334799998],[32.20818997800012,41.55124858200031],[32.20776147900011,41.55436172500009],[32.20452423100011,41.556763076000095],[32.204713268000035,41.55876321200003],[32.20152625900005,41.55912100000029],[32.19751426800019,41.55820215600011],[32.197384444000136,41.558229207000124],[32.19735324999999,41.55832583200004],[32.19562543100017,41.55397827200039],[32.18802486900012,41.550006155999995],[32.180661176,41.550985266000055],[32.17613484700007,41.55203121000005],[32.172222848000104,41.552909466000244],[32.17096249100018,41.55246933100051],[32.16994768900008,41.55257328900041],[32.16111288200017,41.54903892700054],[32.15848768000018,41.5519304660001],[32.15001986600015,41.55458264800012],[32.14992665700015,41.55479233100016],[32.14957005800005,41.55491146600019],[32.15001398000004,41.554586996000126],[32.15011078200001,41.55438512600011],[32.15002312200005,41.55418925900017],[32.15561492400019,41.54895536200013],[32.1545171140001,41.54849986900052],[32.1544697760001,41.548405447000164],[32.15455345700019,41.548329871000135],[32.15562078400012,41.548030193000386],[32.15605164800007,41.5462089080001],[32.156871375000094,41.5449055400004],[32.159035675000155,41.53779396400017],[32.15955117400006,41.537731319000045],[32.16001424800004,41.53713896000011],[32.16453280200011,41.536857835000035],[32.16511127000001,41.53428382800013],[32.17118883300009,41.53507023500009],[32.17293136700005,41.53322838400021],[32.17391487300006,41.53305616500012],[32.17562823000014,41.53186943000003],[32.179944926000076,41.533623725000325],[32.18471851400017,41.53288393600013],[32.18598206000007,41.535754434000125],[32.19023180500011,41.53655778300026],[32.19547147899999,41.53998497000009],[32.19569928100003,41.54034919999998],[32.19848744100017,41.541450732000044],[32.19885927300004,41.541515188000005],[32.19891215500013,41.54164867000003]]],"type":"Polygon"}},{"type":"Feature","properties":{"area_id":"TR-74-002-2036060","name_tr":"Kurt Köyü","area_level":"neighbourhood","parent_id":"TR-74-002","endeksa_id":2036060},"geometry":{"coordinates":[[[32.41481000000027,41.55834258985328],[32.41481000000027,41.55802000000085],[32.41451000000035,41.5583500000003],[32.41295000000042,41.558380000000284],[32.41163000000023,41.55871000000059],[32.411240000000305,41.55910000000068],[32.41103000000032,41.55948000000035],[32.41128000000026,41.56047000000052],[32.411136538716676,41.5609522303115],[32.407211331000155,41.56047090800007],[32.40488760100004,41.55656083100047],[32.401145915000086,41.5554379740002],[32.401030693000166,41.554151604000026],[32.39580705000003,41.55188430600015],[32.395669376,41.54991415100011],[32.40629397800018,41.54834751100003],[32.405699771000116,41.54631807500016],[32.40376874100002,41.54376392800009],[32.40204869400009,41.54064185200008],[32.39982292500008,41.538544849000175],[32.394524705000094,41.53833807100011],[32.39439037400007,41.53847888000013],[32.39374320700006,41.53737309800016],[32.38305267800007,41.535178836000114],[32.379657466000026,41.53266696700007],[32.37968189100013,41.529383704000054],[32.385469400000034,41.526966788000095],[32.38745056800019,41.52870728000005],[32.391524207000145,41.52895331800016],[32.39154953100012,41.53232891900012],[32.39164995600015,41.53242298300063],[32.399480794000056,41.527479229000164],[32.407897753999976,41.526033172000666],[32.411568248000094,41.52291177000018],[32.41528279400012,41.523567016000186],[32.41519806200006,41.52362928600019],[32.412822589000086,41.52476034200015],[32.41292476700016,41.52529993600007],[32.41265835200005,41.525495725000155],[32.414283834000116,41.533155807000185],[32.414057044000174,41.53352876500014],[32.412429853000106,41.534892549000176],[32.412165416000164,41.53663956500009],[32.41076508200007,41.53894242900003],[32.41125624000006,41.53911842100007],[32.40825830200015,41.54144316600008],[32.407746847000055,41.54445395800019],[32.408528363000016,41.548450364000246],[32.40844313600019,41.549464634000174],[32.40920822100014,41.55162532200006],[32.41538443000019,41.556050641000354],[32.41522936100006,41.5564582560001],[32.4152878970001,41.55651519700007],[32.41490936100007,41.558336868000424],[32.41481000000027,41.55834258985328]]],"type":"Polygon"}},{"type":"Feature","properties":{"area_id":"TR-74-002-2036027","name_tr":"Derbent Köyü","area_level":"neighbourhood","parent_id":"TR-74-002","endeksa_id":2036027},"geometry":{"coordinates":[[[32.4999423019114,41.55967542061637],[32.49879000000004,41.559550000000286],[32.496640000000184,41.559090000000026],[32.493020000000115,41.55878000000013],[32.48764000000017,41.558010000000195],[32.48618000000016,41.55747000000014],[32.48325000000017,41.55701000000005],[32.48172000000005,41.55478000000011],[32.48033000000015,41.55378000000036],[32.478330000000085,41.55255000000017],[32.47726000000017,41.552090000000476],[32.47649000000007,41.55278000000004],[32.47541000000007,41.556090000000324],[32.475640000000055,41.55778000000021],[32.47525000000013,41.55901000000034],[32.474020000000166,41.55963000000048],[32.472790000000145,41.5597800000001],[32.471640000000036,41.5597800000001],[32.47080000000017,41.5577100000001],[32.470030000000065,41.556550000000186],[32.46933000000007,41.55486000000019],[32.46949000000012,41.55417000000011],[32.470030000000065,41.55363000000017],[32.4701800000002,41.55294000000009],[32.46918000000005,41.552090000000476],[32.4688000000001,41.55001000000033],[32.46826000000016,41.54894000000007],[32.463340000000244,41.546170000000245],[32.46295000000009,41.54448000000036],[32.46274000000011,41.54166000000009],[32.46240175286226,41.54152845944657],[32.46301705200017,41.541662782000174],[32.47343393400013,41.53316509500007],[32.47917456400012,41.531443889000116],[32.48084713900005,41.53229834000035],[32.4810226080001,41.53226758300002],[32.483365235000065,41.52404870900034],[32.482398184804936,41.522530466459045],[32.482531215258405,41.522601342545556],[32.494951788000094,41.52362282100012],[32.50095705200016,41.52204221100004],[32.508438158861054,41.523221263890605],[32.50586278400016,41.52543121200006],[32.50692503400012,41.5286427300004],[32.505933697000046,41.53228878300018],[32.513648539000144,41.541273754000144],[32.51076155800013,41.548727045000135],[32.511186511000176,41.55424184999998],[32.50381928100006,41.55338355600003],[32.502487537000036,41.553121556000065],[32.50244822500014,41.55322382500009],[32.502322782000135,41.55320921100008],[32.4999423019114,41.55967542061637]]],"type":"Polygon"}},{"type":"Feature","properties":{"area_id":"TR-74-002-2036063","name_tr":"Kutlubeyyazıcılar Köyü","area_level":"neighbourhood","parent_id":"TR-74-002","endeksa_id":2036063},"geometry":{"coordinates":[[[32.28278735100014,41.56426394700014],[32.283081444000004,41.563912512000115],[32.28137565500003,41.56458748200015],[32.27788593600019,41.562775792000025],[32.276405106000084,41.56048212200011],[32.27627655499998,41.56043321300024],[32.276164674600125,41.560503004000054],[32.27626248800016,41.56025974500045],[32.2749681950001,41.558247208000466],[32.27338074100004,41.55846745700012],[32.273119878000045,41.557480777000194],[32.27315333300004,41.55611181900008],[32.275536101,41.55149906200006],[32.26683126500012,41.548072085000115],[32.269034723000175,41.542547140000124],[32.27258957700013,41.54023613000004],[32.275763854000104,41.5340406900001],[32.274169173000075,41.533116808000216],[32.273916039000085,41.52900924400035],[32.28385768700002,41.52653946700019],[32.301104922000036,41.53709150100019],[32.30495354400017,41.537804043000165],[32.308648699000116,41.539354784000125],[32.30862616100018,41.53940728900017],[32.308640808000064,41.53947485400016],[32.30816953100009,41.539647116000026],[32.30186523200007,41.545928795000066],[32.29990964600012,41.55241493],[32.30167173100011,41.55657169300048],[32.304912269000056,41.558425499000066],[32.30507335800013,41.55842066800011],[32.30510899900014,41.55830440800008],[32.305318890000024,41.558657391000565],[32.300683559000106,41.56107726800013],[32.30039824700009,41.561455545000626],[32.300374680000004,41.56133520500026],[32.300210547000006,41.56132425900006],[32.29401661100019,41.56455775300009],[32.28483060700006,41.56299787299997],[32.283256257000176,41.56371366000013],[32.28278735100014,41.56426394700014]]],"type":"Polygon"}},{"type":"Feature","properties":{"area_id":"TR-74-002-2036036","name_tr":"Gerişkatırcı Köyü","area_level":"neighbourhood","parent_id":"TR-74-002","endeksa_id":2036036},"geometry":{"coordinates":[[[32.44973000000033,41.56189000000006],[32.44891000000035,41.5613800000005],[32.44771000000037,41.56091000000055],[32.44729000000024,41.56099000000074],[32.44682000000023,41.56124000000028],[32.44698000000034,41.56152000000054],[32.44715000000036,41.56249000000054],[32.446920000000375,41.56332000000043],[32.44552000000033,41.56233000000077],[32.4444000000002,41.56193000000053],[32.442830000000356,41.56236000000058],[32.44196000000028,41.56249000000054],[32.44140000000033,41.56283000000042],[32.44097000000028,41.56297000000046],[32.440760000000296,41.56285000000031],[32.440630000000226,41.562590000000455],[32.440170000000364,41.562410000000455],[32.44000000000034,41.56248000000056],[32.439370000000224,41.563460000000646],[32.43917000000022,41.563640000000476],[32.436420000000226,41.56326000000047],[32.435460000000205,41.563210000000595],[32.43491000000034,41.56329000000062],[32.43470000000036,41.56320000000045],[32.43488000000036,41.56379000000027],[32.43461000000036,41.563860000000886],[32.43375000000026,41.563680000000375],[32.433390000000315,41.56351000000052],[32.43302000000028,41.56322000000068],[32.43287000000032,41.56280000000004],[32.43265000000042,41.56280000000004],[32.43254000000036,41.563150000000576],[32.432147600000235,41.563690254000335],[32.431179300000224,41.56317180000025],[32.43097540000019,41.56261790000025],[32.43021370000025,41.56256170000057],[32.429269500000316,41.562088100000324],[32.428829700000335,41.562160400000266],[32.42770796900032,41.56206511000033],[32.426083100000255,41.56017750000029],[32.42642640000025,41.55995270000017],[32.42655000000036,41.5597300000004],[32.42563000000024,41.55951000000067],[32.42530810651789,41.55874430561988],[32.424817100000155,41.55886090000007],[32.42551440000011,41.55766470000009],[32.425525200000095,41.557142800000065],[32.4252355000001,41.55655680000007],[32.42488561200014,41.556288196000025],[32.42507915600015,41.55426650600026],[32.4284461850001,41.55322979500005],[32.42881479200014,41.55286536200015],[32.42886813300004,41.54851893200009],[32.42947085500015,41.54798418200022],[32.43668518900006,41.546278321000386],[32.4380931660001,41.54293921400006],[32.43714284300006,41.541879137000194],[32.43966492600015,41.540967323000245],[32.445835129000045,41.54008592000059],[32.445990582000036,41.540171587000486],[32.44624789130688,41.54084718115962],[32.445840000000146,41.54088000000024],[32.45226000000025,41.545640000000276],[32.45239000000015,41.545960000000605],[32.45211000000006,41.546210000000144],[32.451820000000055,41.546210000000144],[32.45180000000016,41.54628000000008],[32.45198000000016,41.54715000000033],[32.45255000000009,41.54730000000063],[32.45282000000003,41.547220000000266],[32.45441000000011,41.54715000000033],[32.455600000000175,41.54939000000019],[32.45334000000008,41.55131000000006],[32.45329000000021,41.556960000000174],[32.450580000000116,41.55947000000003],[32.44973000000033,41.56189000000006]]],"type":"Polygon"}},{"type":"Feature","properties":{"area_id":"TR-74-002-2036023","name_tr":"Çeştepe Köyü","area_level":"neighbourhood","parent_id":"TR-74-002","endeksa_id":2036023},"geometry":{"coordinates":[[[32.32915945700006,41.56573334700005],[32.328825087999974,41.56580778600022],[32.32434046500009,41.568989699000326],[32.324202111000034,41.569009990000495],[32.32412057700003,41.568937020000135],[32.32389398000004,41.567924110000035],[32.318791611000165,41.563130502000035],[32.31460788600015,41.56058898700019],[32.31244622500009,41.55977203300006],[32.31208693600007,41.55905717900009],[32.31022006600017,41.55792299000046],[32.304516568000054,41.557308094000064],[32.30510899900014,41.55830440800008],[32.30507335800013,41.55842066800011],[32.304912269000056,41.558425499000066],[32.30167173100011,41.55657169300048],[32.29990964600012,41.55241493],[32.30186523200007,41.545928795000066],[32.30816953100009,41.539647116000026],[32.308640808000064,41.53947485400016],[32.30862616100018,41.53940728900017],[32.30884082400007,41.53943149400027],[32.3166135030001,41.542541977000326],[32.317143523000084,41.54503045600006],[32.320458921000125,41.546709612000086],[32.328822258000116,41.546425766000084],[32.33444425700014,41.54849967500019],[32.33409043600011,41.54894443699999],[32.33128447500019,41.55256503400017],[32.331176768000034,41.5533136520001],[32.331513265000126,41.55930017300028],[32.32915945700006,41.56573334700005]]],"type":"Polygon"}},{"type":"Feature","properties":{"area_id":"TR-74-002-2036077","name_tr":"Terkehatipler Köyü","area_level":"neighbourhood","parent_id":"TR-74-002","endeksa_id":2036077},"geometry":{"coordinates":[[[32.37126820000009,41.56366182800048],[32.37107800200016,41.56382296000015],[32.372362836000036,41.56618415700018],[32.370697833000065,41.567341658000146],[32.3644921930001,41.57024513600004],[32.35992023600011,41.56980819300037],[32.353594728000076,41.565302506000194],[32.353452344000175,41.56528474700019],[32.35332741900004,41.56538949499998],[32.348419977000106,41.561894324000605],[32.348045487000036,41.562019618000136],[32.34786027300015,41.561935624000114],[32.348025113999995,41.56133518900026],[32.347121326000035,41.56069141300014],[32.34230758700005,41.55826844500018],[32.34238069600019,41.55633975600006],[32.33887043700008,41.554122135000114],[32.333642922000024,41.55309878100019],[32.335086158000024,41.55209348700032],[32.33425642600014,41.5490708960001],[32.33409043600011,41.54894443699999],[32.33444425700014,41.54849967500019],[32.336213798000074,41.54836431300032],[32.336549678000154,41.54736557200005],[32.34228038100014,41.543897786000684],[32.34739006600006,41.54543614800025],[32.347508942000104,41.54536245000037],[32.347978017000116,41.54363159900009],[32.351692809000156,41.54373926900013],[32.35676614099998,41.546933943000454],[32.362421905000076,41.544249475000015],[32.36278331700015,41.544374051000034],[32.363216900000054,41.54420031600017],[32.36554386000017,41.54660616300015],[32.36570903300009,41.54663479400011],[32.36447794600008,41.5493056290004],[32.364691848000064,41.54983261000007],[32.36294194100009,41.55280780600003],[32.36486942199997,41.55481451700007],[32.36353129200012,41.55631388100011],[32.36561592600009,41.558217362000164],[32.36271972700018,41.55993295500059],[32.36267965200017,41.560040657000116],[32.370173186000045,41.56235325000006],[32.37115140100008,41.56337834800047],[32.37126820000009,41.56366182800048]]],"type":"Polygon"}},{"type":"Feature","properties":{"area_id":"TR-74-002-2036031","name_tr":"Esenyurt Köyü","area_level":"neighbourhood","parent_id":"TR-74-002","endeksa_id":2036031},"geometry":{"coordinates":[[[32.25040358500047,41.57072368600052],[32.250229299000466,41.570705017000535],[32.250188317000436,41.570836771000415],[32.2421410340005,41.5713280730007],[32.24079054200047,41.57024774500053],[32.24539993400049,41.56821372500059],[32.24433288300037,41.56581633300067],[32.24009851700049,41.564544871000635],[32.23900614300055,41.564028475000384],[32.239292893000425,41.5638537410008],[32.241179655000394,41.5635092600005],[32.2413297850004,41.56261253800051],[32.24178022700039,41.56230685000048],[32.238346349000494,41.56027170700054],[32.23832931900046,41.55958498000052],[32.23826271200039,41.559587054000644],[32.238240864000375,41.55944117800067],[32.2383252660004,41.55941909300054],[32.2383125450005,41.558898468000564],[32.23816029200043,41.558903209000505],[32.23811937900052,41.55863004100047],[32.238304360000484,41.55856351300042],[32.2381801840005,41.5582155540007],[32.23805403500046,41.55821948200082],[32.23799700500052,41.55781913500067],[32.23785255400037,41.55785693300061],[32.237828917000456,41.55767569000045],[32.23762205800051,41.557644699000605],[32.24182450600006,41.556152087000044],[32.24107558900016,41.55468265700017],[32.24379397300004,41.54809504700006],[32.24200983100019,41.54552695700039],[32.24967878400014,41.545413552000184],[32.249730684000156,41.54534942900011],[32.25103266800005,41.53095702000007],[32.25178928000014,41.52989452700018],[32.251694472999986,41.52982739900045],[32.25207950600014,41.52946860700007],[32.251927988000034,41.52936132399998],[32.25244555200004,41.52876435200034],[32.25256483600015,41.528805430000034],[32.25327266700003,41.52781186100049],[32.25495352650012,41.527788083500695],[32.25554860800014,41.52661798100047],[32.2598218550001,41.5245928770006],[32.26430271600003,41.52512100000018],[32.26556132100018,41.5258756880001],[32.26575029700018,41.52766620900019],[32.265820249000114,41.52772270000048],[32.265768632000174,41.52783502400018],[32.26960603300017,41.52584106900014],[32.271607509000034,41.529060831000265],[32.27391553800015,41.529009381000094],[32.274169173000075,41.533116808000216],[32.275763854000104,41.5340406900001],[32.27258957700013,41.54023613000004],[32.269034723000175,41.542547140000124],[32.26683126500012,41.548072085000115],[32.275536101,41.55149906200006],[32.27315333300004,41.55611181900008],[32.273119878000045,41.557480777000194],[32.27338074100004,41.55846745700012],[32.2749681950001,41.558247208000466],[32.27626248800016,41.56025974500045],[32.276164674600125,41.560503004000054],[32.27583291400015,41.56123525099997],[32.2728971140001,41.56197598699998],[32.272768556000074,41.56192707800011],[32.2719174290001,41.560708714000384],[32.27068662100004,41.56190434500013],[32.26784118899997,41.56027222600051],[32.26708426800013,41.55886974500004],[32.268637225000134,41.55812219700016],[32.26646186700009,41.55685945400057],[32.266148678000036,41.556912733000274],[32.26362083400011,41.55568417000018],[32.25523834100011,41.556093012000076],[32.25067172100012,41.558936413000026],[32.2505200060001,41.5588913210002],[32.24876963300011,41.568486594000035],[32.24997872800009,41.56829735200017],[32.249147771455625,41.56945955835192],[32.25040358500047,41.57072368600052]]],"type":"Polygon"}},{"type":"Feature","properties":{"area_id":"TR-74-002-2036015","name_tr":"Büyükkıran Köyü","area_level":"neighbourhood","parent_id":"TR-74-002","endeksa_id":2036015},"geometry":{"coordinates":[[[32.41672522275576,41.56704025223115],[32.41479707900021,41.569625124000254],[32.41401310000026,41.57037220000058],[32.41305461900026,41.57196144800008],[32.41263774000015,41.57171233700018],[32.397750189000135,41.56522322400019],[32.39503490400011,41.560904217000484],[32.39091932300005,41.56281230400003],[32.38829605900003,41.56085234400018],[32.385155022000106,41.56294048700039],[32.38351382900015,41.56146319800064],[32.38411215400015,41.55756850600062],[32.382032933000175,41.556682779000255],[32.38173018800006,41.55674122400006],[32.38181018300003,41.55666473600013],[32.381762406000064,41.55657244900004],[32.379833021000024,41.555773110000075],[32.38470764200008,41.55370054200068],[32.38746739400011,41.54768352800039],[32.3961694410001,41.54151868200012],[32.394498752000175,41.53866406000054],[32.394427130999986,41.538441172000034],[32.394631528000104,41.53834224000002],[32.39982292500008,41.538544849000175],[32.40204869400009,41.54064185200008],[32.40376874100002,41.54376392800009],[32.405699771000116,41.54631807500016],[32.40629397800018,41.54834751100003],[32.395669376,41.54991415100011],[32.39580705000003,41.55188430600015],[32.401030693000166,41.554151604000026],[32.401145915000086,41.5554379740002],[32.40488760100004,41.55656083100047],[32.407211331000155,41.56047090800007],[32.411136538716676,41.5609522303115],[32.41106000000036,41.56121000000064],[32.4109500000003,41.5613000000003],[32.41094000000038,41.562100000000385],[32.410490000000266,41.562560000000076],[32.41058000000021,41.56316000000055],[32.410840000000235,41.56369000000052],[32.41162426355015,41.56428953048851],[32.41185946900032,41.565881751000234],[32.4166618670003,41.56552903300087],[32.416591150000215,41.56564907700067],[32.41708058500029,41.566567927000676],[32.41672522275576,41.56704025223115]]],"type":"Polygon"}},{"type":"Feature","properties":{"area_id":"TR-74-002-2036014","name_tr":"Budakdüzü Köyü","area_level":"neighbourhood","parent_id":"TR-74-002","endeksa_id":2036014},"geometry":{"coordinates":[[[32.35209113600018,41.57233027500018],[32.35019963500008,41.57342890000018],[32.343331045000184,41.568740993000176],[32.33878055200017,41.56905405000009],[32.330265299000075,41.566407866000134],[32.32996786900014,41.56671212200007],[32.32974884600003,41.56670487500014],[32.32915945700006,41.56573334700005],[32.331513265000126,41.55930017300028],[32.331176768000034,41.5533136520001],[32.33128447500019,41.55256503400017],[32.33409043600011,41.54894443699999],[32.33425642600014,41.5490708960001],[32.335086158000024,41.55209348700032],[32.333642922000024,41.55309878100019],[32.33887043700008,41.554122135000114],[32.34238069600019,41.55633975600006],[32.34230758700005,41.55826844500018],[32.347121326000035,41.56069141300014],[32.348025113999995,41.56133518900026],[32.34786027300015,41.561935624000114],[32.348045487000036,41.562019618000136],[32.34780901400006,41.56209873400064],[32.34741085100006,41.56350556000018],[32.34979559800013,41.56885971000014],[32.34971186500002,41.56902047000011],[32.35173823700018,41.57239014000004],[32.3518853650001,41.572438964000526],[32.35209113600018,41.57233027500018]]],"type":"Polygon"}},{"type":"Feature","properties":{"area_id":"TR-74-002-2036035","name_tr":"Geriş Köyü","area_level":"neighbourhood","parent_id":"TR-74-002","endeksa_id":2036035},"geometry":{"coordinates":[[[32.44243417665791,41.5762453067361],[32.442180000000405,41.57634000000053],[32.44197000000025,41.57625000000036],[32.44195000000036,41.57587000000041],[32.44163000000037,41.57562000000064],[32.44013000000024,41.57484000000022],[32.4399300000004,41.574490000000765],[32.43991000000034,41.57422000000048],[32.44000000000034,41.5737900000006],[32.440420000000245,41.57320000000061],[32.43978000000021,41.5729300000005],[32.439430000000414,41.572910000000775],[32.438930000000255,41.572660000000326],[32.43777000000034,41.57298000000037],[32.43680000000023,41.57309000000021],[32.43520000000035,41.572410000000616],[32.43518000000029,41.57215000000059],[32.4346800000003,41.57221000000044],[32.43430000000029,41.57239000000055],[32.43359000000038,41.57242000000036],[32.4329000000003,41.5722200000007],[32.43206980000036,41.57230660000022],[32.431500000000256,41.57209000000029],[32.431280000000356,41.57211000000029],[32.431030000000305,41.5719600000005],[32.42990000000026,41.57178000000056],[32.429640000000404,41.57165000000043],[32.42877000000033,41.571700000000305],[32.428270000000396,41.57128000000091],[32.42826000000025,41.57112000000063],[32.42799000000031,41.57117000000051],[32.42776000000026,41.571050000000525],[32.4275200000003,41.57104000000095],[32.42721000000023,41.571140000000696],[32.42678000000035,41.571140000000696],[32.426540000000216,41.57107000000059],[32.42641000000032,41.570920000000456],[32.42571000000032,41.570920000000456],[32.42503000000033,41.57076000000069],[32.424280000000294,41.570270000000335],[32.42429000000021,41.56974000000031],[32.4244800000003,41.56865000000073],[32.42463000000026,41.5682400000004],[32.42488000000037,41.56804000000034],[32.425153712726114,41.568076988206485],[32.424287025989486,41.56722359614582],[32.42346347752681,41.56663953274017],[32.422294697018,41.56727507937751],[32.41839786000014,41.567259288061166],[32.41672522275576,41.56704025223115],[32.41708058500029,41.566567927000676],[32.416591150000215,41.56564907700067],[32.4166618670003,41.56552903300087],[32.41185946900032,41.565881751000234],[32.41162426355015,41.56428953048851],[32.410840000000235,41.56369000000052],[32.41058000000021,41.56316000000055],[32.410490000000266,41.562560000000076],[32.41094000000038,41.562100000000385],[32.4109500000003,41.5613000000003],[32.41106000000036,41.56121000000064],[32.41128000000026,41.56047000000052],[32.41103000000032,41.55948000000035],[32.411240000000305,41.55910000000068],[32.41163000000023,41.55871000000059],[32.41295000000042,41.558380000000284],[32.41451000000035,41.5583500000003],[32.41481000000027,41.55802000000085],[32.41481000000027,41.55834258985328],[32.41538000000037,41.558320000000265],[32.41649000000035,41.55809000000045],[32.4173200000003,41.55780000000044],[32.418640000000266,41.55750000000063],[32.4205400000003,41.557580000000144],[32.42150000000032,41.557700000000125],[32.42200000000031,41.55790000000036],[32.423140000000274,41.557850000000485],[32.424720000000264,41.558910000000594],[32.42530810651789,41.55874430561988],[32.42563000000024,41.55951000000067],[32.42655000000036,41.5597300000004],[32.42642640000025,41.55995270000017],[32.426083100000255,41.56017750000029],[32.42770796900032,41.56206511000033],[32.428829700000335,41.562160400000266],[32.429269500000316,41.562088100000324],[32.43021370000025,41.56256170000057],[32.43097540000019,41.56261790000025],[32.431179300000224,41.56317180000025],[32.432147600000235,41.563690254000335],[32.43254000000036,41.563150000000576],[32.43265000000042,41.56280000000004],[32.43287000000032,41.56280000000004],[32.43302000000028,41.56322000000068],[32.433390000000315,41.56351000000052],[32.43375000000026,41.563680000000375],[32.43461000000036,41.563860000000886],[32.43488000000036,41.56379000000027],[32.43470000000036,41.56320000000045],[32.43491000000034,41.56329000000062],[32.435460000000205,41.563210000000595],[32.436420000000226,41.56326000000047],[32.43917000000022,41.563640000000476],[32.439370000000224,41.563460000000646],[32.44000000000034,41.56248000000056],[32.440170000000364,41.562410000000455],[32.440630000000226,41.562590000000455],[32.440760000000296,41.56285000000031],[32.44097000000028,41.56297000000046],[32.44140000000033,41.56283000000042],[32.44196000000028,41.56249000000054],[32.442830000000356,41.56236000000058],[32.4444000000002,41.56193000000053],[32.44552000000033,41.56233000000077],[32.446920000000375,41.56332000000043],[32.44715000000036,41.56249000000054],[32.44698000000034,41.56152000000054],[32.44682000000023,41.56124000000028],[32.44729000000024,41.56099000000074],[32.44771000000037,41.56091000000055],[32.44891000000035,41.5613800000005],[32.44973000000033,41.56189000000006],[32.44952000000035,41.56486000000035],[32.44816000000026,41.566960000000336],[32.44892000000027,41.572690000000534],[32.44725000000028,41.57336000000055],[32.445960000000355,41.57438000000036],[32.445220000000404,41.574550000000215],[32.44478000000021,41.574300000000676],[32.444500000000346,41.57435000000055],[32.44375000000025,41.57484000000005],[32.44290000000029,41.57620000000031],[32.44269000000031,41.57615000000044],[32.44243417665791,41.5762453067361]]],"type":"Polygon"}},{"type":"Feature","properties":{"area_id":"TR-74-002-2036005","name_tr":"Akbaba Köyü","area_level":"neighbourhood","parent_id":"TR-74-002","endeksa_id":2036005},"geometry":{"coordinates":[[[32.17424389100012,41.573187506000465],[32.17363914700013,41.573499549000076],[32.1726078910001,41.57430172400046],[32.170254345000046,41.57557913100004],[32.1687593580001,41.576829436000025],[32.168544629000166,41.57677054300018],[32.16847965500011,41.57648632100012],[32.16627715900012,41.5740398330002],[32.161251899000035,41.57233478800043],[32.160290929999974,41.569409131000214],[32.15452501700014,41.568687745000034],[32.15425440300015,41.565437044000134],[32.15218605400014,41.563444958000105],[32.15551759499999,41.561263165000696],[32.14837450400006,41.5582842770001],[32.14983398100014,41.55500028300031],[32.14979156800007,41.55489830300007],[32.14965323000018,41.55488367900011],[32.14992665700015,41.55479233100016],[32.15001986600015,41.55458264800012],[32.15848768000018,41.5519304660001],[32.16111288200017,41.54903892700054],[32.16994768900008,41.55257328900041],[32.17096249100018,41.55246933100051],[32.172222848000104,41.552909466000244],[32.17613484700007,41.55203121000005],[32.17466349900019,41.55559905800038],[32.18019162600007,41.563013498000146],[32.18012613500008,41.563147404000006],[32.17961254200014,41.563130014000194],[32.17950357200016,41.56322755000025],[32.18016058500007,41.564279506000105],[32.17898705100015,41.56749959500013],[32.17709220200015,41.56928770000002],[32.175304371000095,41.57220414100004],[32.17449009300003,41.57283762900056],[32.17458737200019,41.57296268000016],[32.174173827000175,41.57309744000065],[32.17424389100012,41.573187506000465]]],"type":"Polygon"}},{"type":"Feature","properties":{"area_id":"TR-74-002-2036079","name_tr":"Tuzcular Köyü","area_level":"neighbourhood","parent_id":"TR-74-002","endeksa_id":2036079},"geometry":{"coordinates":[[[32.33077261200003,41.57840437100003],[32.32866510499997,41.57890559100008],[32.32852591300019,41.57885787200013],[32.32853960000017,41.578744246000156],[32.33158298800009,41.57605796600029],[32.33160488500005,41.5759583880004],[32.32464629499998,41.57143272700017],[32.31758672800004,41.57361370600006],[32.31733554600004,41.57330327800008],[32.30608971200019,41.57153555700012],[32.30499734100016,41.56822888400035],[32.299483946000066,41.56840830400063],[32.297577401000126,41.566732828000056],[32.30124570000015,41.56338900700001],[32.30118541600012,41.56326599200008],[32.29945676099999,41.56270397700018],[32.300683559000106,41.56107726800013],[32.305318890000024,41.558657391000565],[32.304516568000054,41.557308094000064],[32.31022006600017,41.55792299000046],[32.31208693600007,41.55905717900009],[32.31244622500009,41.55977203300006],[32.31460788600015,41.56058898700019],[32.318791611000165,41.563130502000035],[32.32389398000004,41.567924110000035],[32.32412057700003,41.568937020000135],[32.324202111000034,41.569009990000495],[32.32434046500009,41.568989699000326],[32.328825087999974,41.56580778600022],[32.32915945700006,41.56573334700005],[32.32974884600003,41.56670487500014],[32.32996786900014,41.56671212200007],[32.326838788000146,41.56991300800007],[32.32706841900006,41.57153739100045],[32.33110129400001,41.57214779800006],[32.332540194000046,41.57602707400008],[32.33077261200003,41.57840437100003]]],"type":"Polygon"}},{"type":"Feature","properties":{"area_id":"TR-74-002-2036050","name_tr":"Karamazak Köyü","area_level":"neighbourhood","parent_id":"TR-74-002","endeksa_id":2036050},"geometry":{"coordinates":[[[32.22224069100048,41.58131877600073],[32.221599901000445,41.58215324100075],[32.21574054300004,41.58162582600022],[32.215729625000165,41.581745443000045],[32.21567269420058,41.581612007441095],[32.21372592000006,41.58055159000048],[32.20929268200007,41.57793175600011],[32.20827645600019,41.577891505000025],[32.20343346900012,41.57552907200005],[32.197830860000124,41.57367266600011],[32.19780453800007,41.57360522000039],[32.19731906371317,41.57349302809769],[32.19724777975398,41.573365685662054],[32.19753142400003,41.572952915000144],[32.19649692500013,41.57030165100019],[32.19179129900016,41.56882685900035],[32.193023348000054,41.56472728500012],[32.19753510700008,41.559569970000666],[32.19777289900003,41.55946200200026],[32.19735324999999,41.55832583200004],[32.197384444000136,41.558229207000124],[32.19751426800019,41.55820215600011],[32.20152625900005,41.55912100000029],[32.204713268000035,41.55876321200003],[32.20452423100011,41.556763076000095],[32.20776147900011,41.55436172500009],[32.20818997800012,41.55124858200031],[32.20609123600019,41.54862334799998],[32.19778249400002,41.54386704400008],[32.19760007000019,41.543495837000194],[32.19891215500013,41.54164867000003],[32.199021625000114,41.54151891300023],[32.201758104000135,41.54015415400005],[32.20212565600019,41.54013466100008],[32.20383773499998,41.54074827600033],[32.21167386900015,41.54222446200043],[32.219410922000066,41.54160675000048],[32.22014246900011,41.54140380700011],[32.22064170700003,41.540970233000166],[32.22062145300009,41.54106533100003],[32.221294647000036,41.542330412000126],[32.22512620500015,41.55150424900006],[32.22796701600009,41.55277601000057],[32.228793201000144,41.552625137000064],[32.2377429230001,41.557467722000126],[32.235005019000425,41.55725262500067],[32.22848771300045,41.563834858000746],[32.22492660300054,41.56482659400058],[32.222852281000485,41.56997491700065],[32.22041596600042,41.57184291200059],[32.22056009700037,41.57570464900044],[32.22368365000045,41.57554911000045],[32.222631138000224,41.58081031900048],[32.22224069100048,41.58131877600073]]],"type":"Polygon"}},{"type":"Feature","properties":{"area_id":"TR-74-002-2036057","name_tr":"Kızılelma Köyü","area_level":"neighbourhood","parent_id":"TR-74-002","endeksa_id":2036057},"geometry":{"coordinates":[[[32.19111533300003,41.57588458000015],[32.19121050200016,41.57594736900029],[32.1911915550001,41.57604112300004],[32.185630737000054,41.581331797000644],[32.17958288000017,41.58415252999998],[32.17948301300015,41.58409115700016],[32.178613925000036,41.58231753100017],[32.173408002000144,41.58020744600043],[32.17346447199998,41.580081074000134],[32.177990937000175,41.578381687000444],[32.17587882800012,41.5769804090005],[32.17682017200019,41.574666557],[32.17494518800015,41.573033217000045],[32.174697025000114,41.57316790100003],[32.17461379000008,41.572996640000156],[32.17436768600015,41.5733466410004],[32.174173827000175,41.57309744000065],[32.17458737200019,41.57296268000016],[32.17449009300003,41.57283762900056],[32.175304371000095,41.57220414100004],[32.17709220200015,41.56928770000002],[32.17898705100015,41.56749959500013],[32.18016058500007,41.564279506000105],[32.17950357200016,41.56322755000025],[32.17961254200014,41.563130014000194],[32.18012613500008,41.563147404000006],[32.18019162600007,41.563013498000146],[32.17466349900019,41.55559905800038],[32.17613484700007,41.55203121000005],[32.180661176,41.550985266000055],[32.18802486900012,41.550006155999995],[32.19562543100017,41.55397827200039],[32.19735324999999,41.55832583200004],[32.19777289900003,41.55946200200026],[32.19753510700008,41.559569970000666],[32.193023348000054,41.56472728500012],[32.19179129900016,41.56882685900035],[32.19649692500013,41.57030165100019],[32.19753142400003,41.572952915000144],[32.19724777975398,41.573365685662054],[32.197099876271636,41.57342278649759],[32.195736269408826,41.57314516037286],[32.19205542200007,41.574385966000136],[32.19111533300003,41.57588458000015]]],"type":"Polygon"}},{"type":"Feature","properties":{"area_id":"TR-74-002-2036076","name_tr":"Terkehaliller Köyü","area_level":"neighbourhood","parent_id":"TR-74-002","endeksa_id":2036076},"geometry":{"coordinates":[[[32.3963746510002,41.58537644700027],[32.39621159700005,41.58558028800036],[32.39304142000003,41.58499017700029],[32.392729730000156,41.58518562900048],[32.389682106000066,41.584615356000086],[32.38965973400019,41.58451268800013],[32.38967348400007,41.58435291200004],[32.388503822000075,41.584131381000134],[32.38815985200006,41.58180521700001],[32.38806085100015,41.58172090100015],[32.38756744500017,41.58170346100013],[32.3862300780001,41.58338969500005],[32.38502758500016,41.583641877000105],[32.384893114000135,41.58360087],[32.38378309900003,41.582216638000034],[32.38318251800018,41.578394579000076],[32.38215144000014,41.57783683500048],[32.381344978000186,41.57277617599999],[32.381224799999984,41.57272524200005],[32.38122097400003,41.57262752700041],[32.38195633500004,41.57158475300014],[32.379155438000055,41.57043539100022],[32.381202973000086,41.568691732000275],[32.377243717000056,41.56293146200062],[32.37209146800018,41.56330828500012],[32.37147359800019,41.563654854000106],[32.37136832300007,41.563598060000174],[32.37126820000009,41.56366182800048],[32.37115140100008,41.56337834800047],[32.370173186000045,41.56235325000006],[32.36267965200017,41.560040657000116],[32.36271972700018,41.55993295500059],[32.36561592600009,41.558217362000164],[32.36353129200012,41.55631388100011],[32.36486942199997,41.55481451700007],[32.36294194100009,41.55280780600003],[32.364691848000064,41.54983261000007],[32.36459613200009,41.54958166600005],[32.364803306,41.5496207760001],[32.36503103300015,41.549265361000266],[32.36516742900005,41.54922344400012],[32.37302493600009,41.551022120000084],[32.379744422908004,41.556238643983136],[32.37966194525518,41.55609999328652],[32.37971908021984,41.55594975649444],[32.37988948138593,41.55586423403298],[32.38010440090278,41.555885300993964],[32.381762406000064,41.55657244900004],[32.38181018300003,41.55666473600013],[32.38173018800006,41.55674122400006],[32.382032933000175,41.556682779000255],[32.38411215400015,41.55756850600062],[32.38351382900015,41.56146319800064],[32.385155022000106,41.56294048700039],[32.38829605900003,41.56085234400018],[32.39091932300005,41.56281230400003],[32.39503490400011,41.560904217000484],[32.397750189000135,41.56522322400019],[32.41263774000015,41.57171233700018],[32.41305461900026,41.57196144800008],[32.41005391500033,41.57623124400027],[32.40928154800025,41.57614898600053],[32.40921781200035,41.575999984000816],[32.407547889000284,41.57781517500064],[32.40170315800026,41.577542136000204],[32.400706465000326,41.57814887700022],[32.3995843630002,41.57770147400038],[32.39856415800028,41.5793101830007],[32.3952322480003,41.57981330200067],[32.395190845000286,41.57992439600031],[32.39597127500025,41.58137551200008],[32.395572461000256,41.58174431100031],[32.39495850400016,41.5820081720002],[32.39399585100023,41.58264461800064],[32.39367324400024,41.5834811940004],[32.39388416200029,41.58362992100018],[32.39382150000023,41.58379140000034],[32.394304300000215,41.58436120000056],[32.39526990000036,41.58485070000074],[32.3958257980002,41.584991548000346],[32.3963746510002,41.58537644700027]]],"type":"Polygon"}},{"type":"Feature","properties":{"area_id":"TR-74-002-2036062","name_tr":"Kutlubeytabaklar Köyü","area_level":"neighbourhood","parent_id":"TR-74-002","endeksa_id":2036062},"geometry":{"coordinates":[[[32.32853960000017,41.578744246000156],[32.32824656000008,41.578994032000026],[32.328066376000095,41.57895778000005],[32.32666013400012,41.57638472100024],[32.31906631800007,41.57491544100003],[32.31604271900011,41.57773902800011],[32.3157531330001,41.577781684000115],[32.31560865200015,41.577908274000265],[32.31515703800011,41.57789890400005],[32.312049770000044,41.5814632090005],[32.30927795700012,41.582590711000535],[32.301473163000026,41.58521834900034],[32.30172707300011,41.58548243000007],[32.30166883900006,41.58553839800027],[32.30195972700017,41.585724500000026],[32.30172141200006,41.58588711900006],[32.301566299000115,41.58567174400014],[32.301069248600186,41.58571833460064],[32.2974890910001,41.58564644800015],[32.297242950000054,41.585486778000075],[32.29516854100012,41.58557967300004],[32.29463103900008,41.58306822400016],[32.290455567000095,41.58098406100015],[32.29095373100006,41.579045025000084],[32.28899691600009,41.57783130100006],[32.29089672900017,41.57671060600029],[32.288492302000066,41.57532032],[32.28984883500016,41.572231884000075],[32.28059173900016,41.5701553990005],[32.28060948200016,41.57002894500016],[32.283258000000046,41.56779143100016],[32.28041959700016,41.56734069400022],[32.28031927000012,41.567261385000165],[32.28278735100014,41.56426394700014],[32.283256257000176,41.56371366000013],[32.28483060700006,41.56299787299997],[32.29401661100019,41.56455775300009],[32.300210547000006,41.56132425900006],[32.300374680000004,41.56133520500026],[32.30039824700009,41.561455545000626],[32.29945676099999,41.56270397700018],[32.30118541600012,41.56326599200008],[32.30124570000015,41.56338900700001],[32.297577401000126,41.566732828000056],[32.299483946000066,41.56840830400063],[32.30499734100016,41.56822888400035],[32.30608971200019,41.57153555700012],[32.31733554600004,41.57330327800008],[32.31758672800004,41.57361370600006],[32.32464629499998,41.57143272700017],[32.33160488500005,41.5759583880004],[32.33158298800009,41.57605796600029],[32.32853960000017,41.578744246000156]]],"type":"Polygon"}},{"type":"Feature","properties":{"area_id":"TR-74-002-2036065","name_tr":"Kümesler Köyü","area_level":"neighbourhood","parent_id":"TR-74-002","endeksa_id":2036065},"geometry":{"coordinates":[[[32.38122097400003,41.57262752700041],[32.381070973000135,41.57274436600039],[32.37749092900009,41.57234639600017],[32.376972058000035,41.57660968100038],[32.36575131500001,41.58517978499998],[32.36546411400019,41.58404250200016],[32.36530632400007,41.583974470000044],[32.36245240500011,41.586806157000126],[32.35889915600018,41.58646865700041],[32.35867770600015,41.586281027000155],[32.357518139000035,41.58501518000014],[32.35828543600002,41.5843519830006],[32.3539580580001,41.578343547000486],[32.35209113600018,41.57233027500018],[32.3518853650001,41.572438964000526],[32.35173823700018,41.57239014000004],[32.34971186500002,41.56902047000011],[32.34979559800013,41.56885971000014],[32.34741085100006,41.56350556000018],[32.34780901400006,41.56209873400064],[32.348419977000106,41.561894324000605],[32.35332741900004,41.56538949499998],[32.353452344000175,41.56528474700019],[32.353594728000076,41.565302506000194],[32.35992023600011,41.56980819300037],[32.3644921930001,41.57024513600004],[32.370697833000065,41.567341658000146],[32.372362836000036,41.56618415700018],[32.37107800200016,41.56382296000015],[32.37126820000009,41.56366182800048],[32.37136832300007,41.563598060000174],[32.37147359800019,41.563654854000106],[32.37209146800018,41.56330828500012],[32.377243717000056,41.56293146200062],[32.381202973000086,41.568691732000275],[32.379155438000055,41.57043539100022],[32.38195633500004,41.57158475300014],[32.38122097400003,41.57262752700041]]],"type":"Polygon"}},{"type":"Feature","properties":{"area_id":"TR-74-002-2036081","name_tr":"Ulugeçitambarcı Köyü","area_level":"neighbourhood","parent_id":"TR-74-002","endeksa_id":2036081},"geometry":{"coordinates":[[[32.25040358500047,41.57072368600052],[32.25093350500066,41.57122307400067],[32.2502597680006,41.57241970700062],[32.24985329497804,41.572605164718766],[32.24901384900045,41.57369756300051],[32.24261578420976,41.575997913544825],[32.24257891174841,41.576557576182324],[32.24495103100054,41.58114589900072],[32.24471832337349,41.58441442025969],[32.24418703962533,41.58466379834573],[32.24121271336804,41.584425852245374],[32.23944884873271,41.58623553154655],[32.22242433800068,41.581844053000964],[32.22250955900074,41.581337021000934],[32.222369884000614,41.581269867001026],[32.22224069100048,41.58131877600073],[32.222631138000224,41.58081031900048],[32.22368365000045,41.57554911000045],[32.22056009700037,41.57570464900044],[32.22041596600042,41.57184291200059],[32.222852281000485,41.56997491700065],[32.22492660300054,41.56482659400058],[32.22848771300045,41.563834858000746],[32.235005019000425,41.55725262500067],[32.237465899000426,41.557446293000396],[32.237722411000334,41.557609400000445],[32.23762205800051,41.557644699000605],[32.237828917000456,41.55767569000045],[32.23785255400037,41.55785693300061],[32.23799700500052,41.55781913500067],[32.23805403500046,41.55821948200082],[32.2381801840005,41.5582155540007],[32.238304360000484,41.55856351300042],[32.23811937900052,41.55863004100047],[32.23816029200043,41.558903209000505],[32.2383125450005,41.558898468000564],[32.2383252660004,41.55941909300054],[32.238240864000375,41.55944117800067],[32.23826271200039,41.559587054000644],[32.23832931900046,41.55958498000052],[32.238346349000494,41.56027170700054],[32.24178022700039,41.56230685000048],[32.2413297850004,41.56261253800051],[32.241179655000394,41.5635092600005],[32.239292893000425,41.5638537410008],[32.23900614300055,41.564028475000384],[32.24009851700049,41.564544871000635],[32.24433288300037,41.56581633300067],[32.24539993400049,41.56821372500059],[32.24079054200047,41.57024774500053],[32.2421410340005,41.5713280730007],[32.250188317000436,41.570836771000415],[32.250229299000466,41.570705017000535],[32.25040358500047,41.57072368600052]]],"type":"Polygon"}},{"type":"Feature","properties":{"area_id":"TR-74-002-2036004","name_tr":"Ahmetpaşa Köyü","area_level":"neighbourhood","parent_id":"TR-74-002","endeksa_id":2036004},"geometry":{"coordinates":[[[32.27444761968235,41.57852025309148],[32.27428876500005,41.5786606340007],[32.267058285000076,41.579558395000106],[32.264255202000186,41.58166119800012],[32.25644719400003,41.581841095000186],[32.2564555350001,41.581733050000025],[32.25635383700006,41.58184106100015],[32.255798557783464,41.5818571512653],[32.25728271800028,41.57012749400059],[32.25215142500031,41.567957292000244],[32.24876963300011,41.568486594000035],[32.2505200060001,41.5588913210002],[32.25067172100012,41.558936413000026],[32.25523834100011,41.556093012000076],[32.26362083400011,41.55568417000018],[32.266148678000036,41.556912733000274],[32.26646186700009,41.55685945400057],[32.268637225000134,41.55812219700016],[32.26708426800013,41.55886974500004],[32.26784118899997,41.56027222600051],[32.27068662100004,41.56190434500013],[32.2719174290001,41.560708714000384],[32.272768556000074,41.56192707800011],[32.2728971140001,41.56197598699998],[32.27583291400015,41.56123525099997],[32.276164674600125,41.560503004000054],[32.27627655499998,41.56043321300024],[32.276405106000084,41.56048212200011],[32.27788593600019,41.562775792000025],[32.28137565500003,41.56458748200015],[32.283081444000004,41.563912512000115],[32.28031927000012,41.567261385000165],[32.28041959700016,41.56734069400022],[32.283258000000046,41.56779143100016],[32.28046477200007,41.57015119800042],[32.28055433600019,41.570211857000004],[32.279977531000156,41.57080384600005],[32.27679043900008,41.57373051400009],[32.27761933700009,41.57571738600018],[32.27444761968235,41.57852025309148]]],"type":"Polygon"}},{"type":"Feature","properties":{"area_id":"TR-74-002-2036084","name_tr":"Yanaz Köyü","area_level":"neighbourhood","parent_id":"TR-74-002","endeksa_id":2036084},"geometry":{"coordinates":[[[32.44243417665791,41.5762453067361],[32.44275570000025,41.576183200000344],[32.44297030000024,41.576255500000286],[32.442873700000234,41.576552400000196],[32.44233730000025,41.57688950000016],[32.44249820000027,41.57730690000028],[32.44226220000024,41.577740300000755],[32.44224070000024,41.57823780000052],[32.44241240000025,41.57873540000048],[32.44224070000024,41.57900830000068],[32.44112490000032,41.579843000000324],[32.44098540000033,41.58026030000053],[32.44047040000032,41.580388700000356],[32.44047040000032,41.580741800000226],[32.43956920000022,41.581383800000765],[32.4390650000002,41.582130199999995],[32.43890400000021,41.58257160000028],[32.43860360000025,41.58290860000045],[32.438303200000234,41.58270000000027],[32.43818520000025,41.582459200000244],[32.437949200000276,41.582306800000254],[32.43762730000026,41.58183330000065],[32.4373805000003,41.58204990000064],[32.43624330000034,41.58126350000026],[32.4356210000002,41.58112700000066],[32.43568540000035,41.58160050000026],[32.43559960000022,41.581881400000555],[32.43573900000035,41.582066000000225],[32.43566390000035,41.5822105000006],[32.43607160000033,41.58301300000056],[32.43607160000033,41.583526600000425],[32.435771200000204,41.58370310000032],[32.43559960000022,41.583927800000765],[32.43512750000019,41.58408830000036],[32.435052400000245,41.58480250000048],[32.434687600000245,41.58495500000066],[32.434634000000244,41.585107500000674],[32.43436570000023,41.58517170000033],[32.43403310000025,41.58504330000051],[32.4337757000003,41.584754400000406],[32.43334650000031,41.58473830000014],[32.4327779000003,41.58458590000032],[32.431930300000204,41.584754400000406],[32.431093400000236,41.584794500000214],[32.43041750000026,41.58504330000051],[32.43004200000024,41.585067400000014],[32.42856140000032,41.58465010000066],[32.42849710000036,41.58477040000031],[32.42781040000034,41.58472230000024],[32.426973600000224,41.58428090000035],[32.42631910000023,41.58429700000022],[32.426286900000264,41.58404820000078],[32.42564320000025,41.584168600000794],[32.42511750000028,41.584425400000214],[32.42440940000034,41.58513960000084],[32.42415190000014,41.58598220000039],[32.423733500000196,41.58622290000005],[32.423154100000204,41.58625500000022],[32.422467500000266,41.58606240000063],[32.42218850000023,41.585869800000864],[32.421695000000284,41.58638340000073],[32.421169300000315,41.58715380000069],[32.42074010000033,41.58729820000025],[32.4207938000003,41.58755500000035],[32.42004270000035,41.58805250000063],[32.419699400000354,41.58846180000023],[32.41710003800023,41.587912010000366],[32.41600870000036,41.58822910000049],[32.41563320000034,41.58809270000057],[32.41517190000036,41.587747600000796],[32.41508674300036,41.5875196930005],[32.41009406800015,41.58654680600074],[32.4094534000003,41.58623900000032],[32.40935837200021,41.58609893300019],[32.40537306100026,41.583708274],[32.40453491600027,41.583737147000704],[32.403466700000195,41.584208700000374],[32.40314480000035,41.58397600000035],[32.401782300000264,41.58424880000035],[32.39992620000032,41.5841525000007],[32.39849542700034,41.58395182100071],[32.39830390600025,41.58413820500067],[32.39793060000022,41.584866700000646],[32.397586105000244,41.58483675400032],[32.39739308400016,41.585024597000654],[32.397265400000265,41.585356300000115],[32.3965166080003,41.585166579000315],[32.3963746510002,41.58537644700027],[32.3958257980002,41.584991548000346],[32.39526990000036,41.58485070000074],[32.394304300000215,41.58436120000056],[32.39382150000023,41.58379140000034],[32.39388416200029,41.58362992100018],[32.39367324400024,41.5834811940004],[32.39399585100023,41.58264461800064],[32.39495850400016,41.5820081720002],[32.395572461000256,41.58174431100031],[32.39597127500025,41.58137551200008],[32.395190845000286,41.57992439600031],[32.3952322480003,41.57981330200067],[32.39856415800028,41.5793101830007],[32.3995843630002,41.57770147400038],[32.400706465000326,41.57814887700022],[32.40170315800026,41.577542136000204],[32.407547889000284,41.57781517500064],[32.40921781200035,41.575999984000816],[32.40928154800025,41.57614898600053],[32.41005391500033,41.57623124400027],[32.41305461900026,41.57196144800008],[32.41401310000026,41.57037220000058],[32.41479707900021,41.569625124000254],[32.41672522275576,41.56704025223115],[32.41839786000014,41.567259288061166],[32.422294697018,41.56727507937751],[32.42346347752681,41.56663953274017],[32.424287025989486,41.56722359614582],[32.425153712726114,41.568076988206485],[32.42488000000037,41.56804000000034],[32.42463000000026,41.5682400000004],[32.4244800000003,41.56865000000073],[32.42429000000021,41.56974000000031],[32.424280000000294,41.570270000000335],[32.42503000000033,41.57076000000069],[32.42571000000032,41.570920000000456],[32.42641000000032,41.570920000000456],[32.426540000000216,41.57107000000059],[32.42678000000035,41.571140000000696],[32.42721000000023,41.571140000000696],[32.4275200000003,41.57104000000095],[32.42776000000026,41.571050000000525],[32.42799000000031,41.57117000000051],[32.42826000000025,41.57112000000063],[32.428270000000396,41.57128000000091],[32.42877000000033,41.571700000000305],[32.429640000000404,41.57165000000043],[32.42990000000026,41.57178000000056],[32.431030000000305,41.5719600000005],[32.431280000000356,41.57211000000029],[32.431500000000256,41.57209000000029],[32.43206980000036,41.57230660000022],[32.4329000000003,41.5722200000007],[32.43359000000038,41.57242000000036],[32.43430000000029,41.57239000000055],[32.4346800000003,41.57221000000044],[32.43518000000029,41.57215000000059],[32.43520000000035,41.572410000000616],[32.43680000000023,41.57309000000021],[32.43777000000034,41.57298000000037],[32.438930000000255,41.572660000000326],[32.439430000000414,41.572910000000775],[32.43978000000021,41.5729300000005],[32.440420000000245,41.57320000000061],[32.44000000000034,41.5737900000006],[32.43991000000034,41.57422000000048],[32.4399300000004,41.574490000000765],[32.44013000000024,41.57484000000022],[32.44163000000037,41.57562000000064],[32.44195000000036,41.57587000000041],[32.44197000000025,41.57625000000036],[32.442180000000405,41.57634000000053],[32.44243417665791,41.5762453067361]]],"type":"Polygon"}},{"type":"Feature","properties":{"area_id":"TR-74-002-2036019","name_tr":"Çakırömerağa Köyü","area_level":"neighbourhood","parent_id":"TR-74-002","endeksa_id":2036019},"geometry":{"coordinates":[[[32.3023472110001,41.5946021080004],[32.29534722600005,41.595226148000165],[32.290709598000035,41.589449168000044],[32.28746514700009,41.58786597300002],[32.28469805900011,41.58900516000023],[32.278743988000144,41.57977901800018],[32.274515054393135,41.578719031472986],[32.27441285868059,41.57863153139681],[32.27444761968235,41.57852025309148],[32.27761933700009,41.57571738600018],[32.27679043900008,41.57373051400009],[32.279977531000156,41.57080384600005],[32.28055433600019,41.570211857000004],[32.28046477200007,41.57015119800042],[32.28060948200016,41.57002894500016],[32.28059173900016,41.5701553990005],[32.28984883500016,41.572231884000075],[32.288492302000066,41.57532032],[32.29089672900017,41.57671060600029],[32.28899691600009,41.57783130100006],[32.29095373100006,41.579045025000084],[32.290455567000095,41.58098406100015],[32.29463103900008,41.58306822400016],[32.29516854100012,41.58557967300004],[32.297242950000054,41.585486778000075],[32.2974890910001,41.58564644800015],[32.301069248600186,41.58571833460064],[32.301404000000105,41.58607460600058],[32.301086830000145,41.59363673000064],[32.30330451300006,41.59451308900009],[32.3023472110001,41.5946021080004]]],"type":"Polygon"}},{"type":"Feature","properties":{"area_id":"TR-74-002-2036016","name_tr":"Büyükkızılkum Köyü","area_level":"neighbourhood","parent_id":"TR-74-002","endeksa_id":2036016},"geometry":{"coordinates":[[[32.1353002620001,41.57193469300046],[32.135464957000124,41.57191456400011],[32.135523872000135,41.57203216500017],[32.13383052800003,41.575250239000184],[32.13443807800019,41.57930011600013],[32.13773040000012,41.58371214800019],[32.13586802700013,41.58561581800063],[32.13340062600014,41.58939399900015],[32.12646181000014,41.59399480600007],[32.12530457000014,41.59717093800032],[32.12504309500008,41.59712153000049],[32.125090804000024,41.59735882600023],[32.12317580500013,41.596870489000594],[32.11792572800016,41.59607611400014],[32.115335449000156,41.59544261100007],[32.11434710300006,41.59510043299997],[32.109956751000084,41.594270839000615],[32.10878504000004,41.59421775500016],[32.10781503700014,41.59386614400012],[32.10578566200019,41.593482677000054],[32.102928990000066,41.59214348200004],[32.10126366700007,41.591677106000134],[32.10057889800032,41.59129050400048],[32.100544263000245,41.59102553200023],[32.09955153700031,41.590560146000314],[32.10021397700024,41.58991344100036],[32.100172846000305,41.58977494700076],[32.10641708600019,41.5837171240002],[32.10531222400027,41.57655934600024],[32.11324481900016,41.57616255500051],[32.11544934900013,41.56743795400013],[32.11838438400008,41.568019077000486],[32.11736288100019,41.56726059599998],[32.11845912600006,41.567984759000126],[32.12117097900017,41.568320991000064],[32.12408845700014,41.568421313000044],[32.12431197400008,41.56860287900065],[32.123935825253284,41.567797185472216],[32.124045866405424,41.567670492789034],[32.12424113944763,41.567717044700146],[32.127319432000036,41.5710458690001],[32.13391974400008,41.573105944000645],[32.1353002620001,41.57193469300046]]],"type":"Polygon"}},{"type":"Feature","properties":{"area_id":"TR-74-002-2036082","name_tr":"Ulugeçitkadı Köyü","area_level":"neighbourhood","parent_id":"TR-74-002","endeksa_id":2036082},"geometry":{"coordinates":[[[32.255863780000254,41.58752707300005],[32.24882951501269,41.585175060466725],[32.247637258083614,41.58516348515673],[32.24637614375047,41.58625803721941],[32.244662931826326,41.587447767722324],[32.24327399856031,41.588292389303206],[32.24371250000064,41.58972750500061],[32.24116606300055,41.5901842220008],[32.24299461700065,41.59429790800067],[32.23764871700064,41.59558816200081],[32.23159319600063,41.593711898000834],[32.22875880800058,41.59844356700057],[32.22541976200057,41.600210064000635],[32.21603158000056,41.59677149000066],[32.2137413610007,41.59804095000072],[32.213873484000544,41.59885463800072],[32.21417474200041,41.59917206700061],[32.21395162900052,41.599181902000794],[32.214038669000445,41.59987194400037],[32.20999642800058,41.59710222100057],[32.20916611800044,41.58763862700039],[32.21466879000042,41.58453214700057],[32.21469670100055,41.5840409960004],[32.21566227040506,41.5818797143088],[32.21567269420058,41.581612007441095],[32.215729625000165,41.581745443000045],[32.21574054300004,41.58162582600022],[32.221599901000445,41.58215324100075],[32.22224069100048,41.58131877600073],[32.222369884000614,41.581269867001026],[32.22250955900074,41.581337021000934],[32.22242433800068,41.581844053000964],[32.23944884873271,41.58623553154655],[32.24121271336804,41.584425852245374],[32.24418703962533,41.58466379834573],[32.24471832337349,41.58441442025969],[32.24495103100054,41.58114589900072],[32.24257891174841,41.576557576182324],[32.24261578420976,41.575997913544825],[32.24901384900045,41.57369756300051],[32.24985329497804,41.572605164718766],[32.2502597680006,41.57241970700062],[32.25093350500066,41.57122307400067],[32.25040358500047,41.57072368600052],[32.249147771455625,41.56945955835192],[32.24997872800009,41.56829735200017],[32.25215142500031,41.567957292000244],[32.25728271800028,41.57012749400059],[32.255798557783464,41.5818571512653],[32.255863780000254,41.58752707300005]]],"type":"Polygon"}},{"type":"Feature","properties":{"area_id":"TR-74-002-2036018","name_tr":"Çakırkadı Köyü","area_level":"neighbourhood","parent_id":"TR-74-002","endeksa_id":2036018},"geometry":{"coordinates":[[[32.27791373400004,41.601050056000645],[32.274902626000085,41.60095724000007],[32.27348199600016,41.60128076000001],[32.270497825000064,41.60093020900041],[32.270139079000046,41.60060503700015],[32.264911660000166,41.60021792900045],[32.263120001000175,41.596198275000575],[32.26136349800021,41.59655430100054],[32.26085970800028,41.59591182400027],[32.261045219000266,41.595815809000214],[32.26099402100027,41.59572517800024],[32.26106913800021,41.595704364000824],[32.26044131800029,41.594341375000226],[32.26040166000024,41.59419251700052],[32.260463847000324,41.594167922],[32.26039176000029,41.59415535900047],[32.2601848660002,41.59337877299998],[32.25681671000024,41.591559379000614],[32.2596222640002,41.59007288700019],[32.25757781600032,41.58876385300027],[32.257382693000295,41.58878942900026],[32.257383684000274,41.58863973700045],[32.2558653920002,41.58766724700047],[32.255798557783464,41.5818571512653],[32.25635383700006,41.58184106100015],[32.2564555350001,41.581733050000025],[32.25644719400003,41.581841095000186],[32.264255202000186,41.58166119800012],[32.267058285000076,41.579558395000106],[32.27428876500005,41.5786606340007],[32.27444761968235,41.57852025309148],[32.27441285868059,41.57863153139681],[32.274515054393135,41.578719031472986],[32.278743988000144,41.57977901800018],[32.28469805900011,41.58900516000023],[32.28746514700009,41.58786597300002],[32.290709598000035,41.589449168000044],[32.29534722600005,41.595226148000165],[32.29238769300008,41.59599989000009],[32.27791373400004,41.601050056000645]]],"type":"Polygon"}},{"type":"Feature","properties":{"area_id":"TR-74-002-2036061","name_tr":"Kutlubeydemirci Köyü","area_level":"neighbourhood","parent_id":"TR-74-002","endeksa_id":2036061},"geometry":{"coordinates":[[[32.360045860000014,41.59598757800046],[32.35997447300008,41.59613143200011],[32.337870502000044,41.60176590900028],[32.33514444400009,41.602276421000056],[32.33504874500005,41.6023596120001],[32.33014139400018,41.59576521300045],[32.330200276000085,41.595666919000166],[32.33536927300014,41.593253780000396],[32.33523600300009,41.59277027500008],[32.32974360500003,41.58691880900017],[32.32955456000013,41.58630117200016],[32.329471645000126,41.58382189600053],[32.329626701000166,41.58371207100009],[32.32967642300002,41.5822952690001],[32.33342652400006,41.58063303600011],[32.331747651000114,41.57932819000018],[32.33097937600007,41.57889075800006],[32.33111021300016,41.5788327640002],[32.33073883300017,41.578537294000114],[32.33077261200003,41.57840437100003],[32.332540194000046,41.57602707400008],[32.33110129400001,41.57214779800006],[32.32706841900006,41.57153739100045],[32.326838788000146,41.56991300800007],[32.330265299000075,41.566407866000134],[32.33878055200017,41.56905405000009],[32.343331045000184,41.568740993000176],[32.35019963500008,41.57342890000018],[32.35209113600018,41.57233027500018],[32.3539580580001,41.578343547000486],[32.35828543600002,41.5843519830006],[32.357518139000035,41.58501518000014],[32.35867770600015,41.586281027000155],[32.35865425800017,41.586413507000145],[32.35845094800004,41.58642826800053],[32.358363747000055,41.59382015800054],[32.360045860000014,41.59598757800046]]],"type":"Polygon"}},{"type":"Feature","properties":{"area_id":"TR-74-002-2036029","name_tr":"Epçiler Köyü","area_level":"neighbourhood","parent_id":"TR-74-002","endeksa_id":2036029},"geometry":{"coordinates":[[[32.445631000000105,41.60519060000007],[32.44463320000017,41.60482150000041],[32.444139700000164,41.60478140000015],[32.443753500000184,41.605094300000246],[32.443002500000034,41.606474100000185],[32.44279860000006,41.60663460000018],[32.442487500000084,41.60659450000003],[32.441929600000094,41.60556760000014],[32.44191880000011,41.60480550000051],[32.441618400000095,41.60413160000053],[32.44058850000016,41.603537900000106],[32.43936540000004,41.60300850000033],[32.43906500000003,41.60300850000033],[32.438710900000046,41.60324909999997],[32.43858220000004,41.60390700000005],[32.43896840000002,41.604524700000184],[32.438882600000056,41.60478950000061],[32.438689500000066,41.6049900000005],[32.43677970000016,41.605166499999996],[32.43601800000016,41.60496590000014],[32.43561030000018,41.60479750000002],[32.43550300000004,41.604572800000085],[32.435567400000025,41.60427600000003],[32.43680120000016,41.603225100000486],[32.43713380000014,41.60284000000024],[32.437251800000126,41.60243880000007],[32.4371230000001,41.602029700000344],[32.4371230000001,41.60160450000069],[32.43690850000013,41.60149220000028],[32.43666170000017,41.60149220000028],[32.4354386,41.602623400000084],[32.43513820000004,41.6027517000004],[32.43466610000007,41.602743700000076],[32.43392590000008,41.6024228],[32.4333572000001,41.60182910000009],[32.433056800000145,41.60104290000004],[32.43288520000016,41.600850300000104],[32.431308,41.60068190000038],[32.43082520000007,41.600521400000105],[32.42998840000007,41.59987150000012],[32.429205200000126,41.59958270000038],[32.42869020000012,41.59959070000019],[32.42856768900003,41.59972395199998],[32.427870882000036,41.59934682000005],[32.42792187800018,41.59912777500017],[32.42758509999999,41.59905320000013],[32.427574400000026,41.59880450000014],[32.42810215500009,41.59835343100019],[32.42817438000009,41.59804320100028],[32.427939200000026,41.59787380000006],[32.42803570000018,41.5975207000003],[32.42832494700019,41.59739646700024],[32.42902449200011,41.59422542100009],[32.427939200000026,41.593757700000026],[32.42770310000003,41.59384600000004],[32.42714520000004,41.59339660000012],[32.427430672000185,41.593206900999974],[32.42514019700013,41.591775432000645],[32.425063800000146,41.591815900000086],[32.42401240000015,41.59121410000006],[32.42335658899998,41.59066073800011],[32.42031573300011,41.588760307000484],[32.41990330000016,41.588734600000066],[32.419699400000354,41.58846180000023],[32.42004270000035,41.58805250000063],[32.4207938000003,41.58755500000035],[32.42074010000033,41.58729820000025],[32.421169300000315,41.58715380000069],[32.421695000000284,41.58638340000073],[32.42218850000023,41.585869800000864],[32.422467500000266,41.58606240000063],[32.423154100000204,41.58625500000022],[32.423733500000196,41.58622290000005],[32.42415190000014,41.58598220000039],[32.42440940000034,41.58513960000084],[32.42511750000028,41.584425400000214],[32.42564320000025,41.584168600000794],[32.426286900000264,41.58404820000078],[32.42631910000023,41.58429700000022],[32.426973600000224,41.58428090000035],[32.42781040000034,41.58472230000024],[32.42849710000036,41.58477040000031],[32.42856140000032,41.58465010000066],[32.43004200000024,41.585067400000014],[32.43041750000026,41.58504330000051],[32.431093400000236,41.584794500000214],[32.431930300000204,41.584754400000406],[32.4327779000003,41.58458590000032],[32.43334650000031,41.58473830000014],[32.4337757000003,41.584754400000406],[32.43403310000025,41.58504330000051],[32.43436570000023,41.58517170000033],[32.434634000000244,41.585107500000674],[32.434687600000245,41.58495500000066],[32.435052400000245,41.58480250000048],[32.43512750000019,41.58408830000036],[32.43559960000022,41.583927800000765],[32.435771200000204,41.58370310000032],[32.43607160000033,41.583526600000425],[32.43607160000033,41.58301300000056],[32.43566390000035,41.5822105000006],[32.43573900000035,41.582066000000225],[32.43559960000022,41.581881400000555],[32.43568540000035,41.58160050000026],[32.4356210000002,41.58112700000066],[32.43624330000034,41.58126350000026],[32.4373805000003,41.58204990000064],[32.43762730000026,41.58183330000065],[32.437949200000276,41.582306800000254],[32.43818520000025,41.582459200000244],[32.438303200000234,41.58270000000027],[32.43860360000025,41.58290860000045],[32.43890400000021,41.58257160000028],[32.4390650000002,41.582130199999995],[32.43956920000022,41.581383800000765],[32.44047040000032,41.580741800000226],[32.44047040000032,41.580388700000356],[32.44098540000033,41.58026030000053],[32.44112490000032,41.579843000000324],[32.44224070000024,41.57900830000068],[32.44241240000025,41.57873540000048],[32.44224070000024,41.57823780000052],[32.44226220000024,41.577740300000755],[32.44249820000027,41.57730690000028],[32.44233730000025,41.57688950000016],[32.442873700000234,41.576552400000196],[32.44297030000024,41.576255500000286],[32.44275570000025,41.576183200000344],[32.44243417665791,41.5762453067361],[32.44269000000031,41.57615000000044],[32.44290000000029,41.57620000000031],[32.44375000000025,41.57484000000005],[32.444500000000346,41.57435000000055],[32.44478000000021,41.574300000000676],[32.445220000000404,41.574550000000215],[32.445960000000355,41.57438000000036],[32.44725000000028,41.57336000000055],[32.44892000000027,41.572690000000534],[32.454010000000096,41.57415000000037],[32.460060000000055,41.57236000000006],[32.465290000000095,41.57239000000038],[32.47051000000016,41.574730000000045],[32.4769500000001,41.57446000000027],[32.48380000000003,41.57318000000038],[32.48968000000019,41.574820000000386],[32.49566995774228,41.57496999894232],[32.495326900000066,41.58052520000007],[32.50365880800001,41.583650924000096],[32.51030371900015,41.58881816800039],[32.51033369000004,41.588918774000035],[32.510229600000116,41.588984748000314],[32.490448959000105,41.59127049000011],[32.48352923800019,41.59432739400023],[32.48333757200015,41.59427214300018],[32.48330850600007,41.59442438299999],[32.48203120500017,41.59499005100008],[32.482009084000026,41.595301667000285],[32.4817116000001,41.59491330000003],[32.47964140000005,41.59566730000006],[32.47028590000008,41.59866000000005],[32.46758350000016,41.59941920000017],[32.465329200000156,41.599253799999985],[32.46503950000016,41.59903710000003],[32.46465320000016,41.59898900000064],[32.46419190000017,41.59916550000014],[32.46319410000007,41.59870820000015],[32.462410900000066,41.59852370000016],[32.462207100000114,41.598266900000226],[32.461831600000096,41.598114500000406],[32.46149900000012,41.597777500000234],[32.46067280000017,41.598002099999974],[32.459685800000045,41.597825600000306],[32.45924590000004,41.59801420000014],[32.45810870000008,41.59821070000055],[32.45754000000011,41.598636000000056],[32.45751860000013,41.598820500000556],[32.45725030000011,41.59904520000032],[32.45658520000018,41.59911740000007],[32.456553000000156,41.59926980000006],[32.456231100000025,41.5994142000003],[32.45598430000018,41.59964690000004],[32.45532990000004,41.59966290000011],[32.45392440000012,41.599919700000555],[32.45353820000014,41.60029680000014],[32.45304460000011,41.60036090000011],[32.45261550000015,41.600818200000106],[32.45196099999998,41.601107100000036],[32.451628400000004,41.60151620000016],[32.45059850000007,41.60180510000009],[32.45042680000006,41.60160450000069],[32.4493968000001,41.6019495000001],[32.44912860000011,41.60227840000016],[32.44874240000013,41.6024068000001],[32.44883890000017,41.60264740000014],[32.44840980000015,41.6027517000004],[32.44803430000019,41.603377500000306],[32.44817380000018,41.60369840000021],[32.44793770000018,41.60381870000003],[32.44769100000019,41.60381070000062],[32.447454900000025,41.603971200000046],[32.44717600000007,41.60390700000005],[32.44705800000003,41.60369840000021],[32.44678970000007,41.603858800000694],[32.44640350000009,41.604388300000096],[32.44591000000008,41.60456480000016],[32.445631000000105,41.60519060000007]]],"type":"Polygon"}},{"type":"Feature","properties":{"area_id":"TR-74-002-2036064","name_tr":"Küçükkızılkum Köyü","area_level":"neighbourhood","parent_id":"TR-74-002","endeksa_id":2036064},"geometry":{"coordinates":[[[32.168544629000166,41.57677054300018],[32.168590714000175,41.57697214299998],[32.168201633000024,41.577297990000034],[32.16820230000019,41.586006446000624],[32.16311927600009,41.591548080000166],[32.16268126067985,41.59291954621841],[32.16265971494613,41.59277057797675],[32.162521996700264,41.59266607705666],[32.16215782833956,41.5927249005764],[32.16300035400019,41.59119307200007],[32.16087980700013,41.58950219700023],[32.163270119,41.58947559500018],[32.166315179000094,41.584776966000504],[32.16415823100016,41.58534712200043],[32.16348593600003,41.58466621700012],[32.154237175000105,41.585967174000075],[32.15029819299997,41.585039407000636],[32.150334886999985,41.58231222600017],[32.14314861400004,41.58083753900007],[32.141962442000136,41.577939044000175],[32.142007340000134,41.5778941720007],[32.139510920000134,41.57194856600063],[32.135797271000115,41.571513024000296],[32.13391974400008,41.573105944000645],[32.127319432000036,41.5710458690001],[32.12352068600018,41.56693795600012],[32.12889087900015,41.55737719000007],[32.129793423000024,41.55720423000014],[32.13074844100015,41.55705719000059],[32.130718622000074,41.55688367700003],[32.13119714600009,41.55679568100004],[32.1312238970001,41.55695134500013],[32.131450702999985,41.556987444000185],[32.135145646000126,41.559369831000026],[32.135332100000085,41.55935702100004],[32.13653210400008,41.56030243900011],[32.139715616000046,41.55767674900011],[32.13988564200008,41.55773821800045],[32.140383916000076,41.559190123000235],[32.143447897000044,41.558425383000554],[32.14489509900005,41.55567194500014],[32.14217548000016,41.554922634000036],[32.142144628000096,41.5548251540003],[32.14259641700011,41.55380795100007],[32.14454030600007,41.5532087900005],[32.14858053800009,41.555538613000124],[32.14907146600018,41.55508224900052],[32.14965323000018,41.55488367900011],[32.14979156800007,41.55489830300007],[32.14983398100014,41.55500028300031],[32.14837450400006,41.5582842770001],[32.15551759499999,41.561263165000696],[32.15218605400014,41.563444958000105],[32.15425440300015,41.565437044000134],[32.15452501700014,41.568687745000034],[32.160290929999974,41.569409131000214],[32.161251899000035,41.57233478800043],[32.16627715900012,41.5740398330002],[32.16847965500011,41.57648632100012],[32.168544629000166,41.57677054300018]]],"type":"Polygon"}},{"type":"Feature","properties":{"area_id":"TR-74-002-2036045","name_tr":"Hatipler Köyü","area_level":"neighbourhood","parent_id":"TR-74-002","endeksa_id":2036045},"geometry":{"coordinates":[[[32.14923859400017,41.6068918360001],[32.148668765000195,41.60695918200054],[32.14727732037346,41.60644007305967],[32.14595536500019,41.60699131500007],[32.14550039300002,41.606859909000036],[32.145162323000136,41.6049155070001],[32.14452571500004,41.604372128000534],[32.143758578000075,41.604256337000095],[32.14349627500013,41.60380296700009],[32.14131929300015,41.60222388700015],[32.1299928200001,41.598609073000205],[32.125090804000024,41.59735882600023],[32.12504309500008,41.59712153000049],[32.12530457000014,41.59717093800032],[32.12646181000014,41.59399480600007],[32.13340062600014,41.58939399900015],[32.13586802700013,41.58561581800063],[32.13773040000012,41.58371214800019],[32.13443807800019,41.57930011600013],[32.13383052800003,41.575250239000184],[32.135523872000135,41.57203216500017],[32.135464957000124,41.57191456400011],[32.1353002620001,41.57193469300046],[32.135797271000115,41.571513024000296],[32.139510920000134,41.57194856600063],[32.142007340000134,41.5778941720007],[32.141962442000136,41.577939044000175],[32.14314861400004,41.58083753900007],[32.150334886999985,41.58231222600017],[32.15029819299997,41.585039407000636],[32.154237175000105,41.585967174000075],[32.16348593600003,41.58466621700012],[32.16415823100016,41.58534712200043],[32.166315179000094,41.584776966000504],[32.163270119,41.58947559500018],[32.16087980700013,41.58950219700023],[32.16300035400019,41.59119307200007],[32.16215782833956,41.5927249005764],[32.162521996700264,41.59266607705666],[32.16265971494613,41.59277057797675],[32.16268126067985,41.59291954621841],[32.16142681513742,41.59684771823686],[32.1631113579939,41.60187957533333],[32.16081617786938,41.60431989789623],[32.14923859400017,41.6068918360001]]],"type":"Polygon"}},{"type":"Feature","properties":{"area_id":"TR-74-002-2036067","name_tr":"Muratbey Köyü","area_level":"neighbourhood","parent_id":"TR-74-002","endeksa_id":2036067},"geometry":{"coordinates":[[[32.37357392600006,41.607190252000294],[32.373510950000025,41.607083468000155],[32.37336014800013,41.60709337000009],[32.37230633800016,41.60798942400015],[32.37147504200016,41.60744149300007],[32.370113925000055,41.607917908000104],[32.369423293000125,41.60777370500034],[32.36225221700005,41.59841548300017],[32.3618618050001,41.598308886000325],[32.360045860000014,41.59598757800046],[32.358363747000055,41.59382015800054],[32.35845094800004,41.58642826800053],[32.35865425800017,41.586413507000145],[32.35867770600015,41.586281027000155],[32.35889915600018,41.58646865700041],[32.36245240500011,41.586806157000126],[32.36530632400007,41.583974470000044],[32.36546411400019,41.58404250200016],[32.36575131500001,41.58517978499998],[32.376972058000035,41.57660968100038],[32.37749092900009,41.57234639600017],[32.381070973000135,41.57274436600039],[32.38122097400003,41.57262752700041],[32.381224799999984,41.57272524200005],[32.381344978000186,41.57277617599999],[32.38215144000014,41.57783683500048],[32.38318251800018,41.578394579000076],[32.38378309900003,41.582216638000034],[32.384893114000135,41.58360087],[32.38502758500016,41.583641877000105],[32.3862300780001,41.58338969500005],[32.38756744500017,41.58170346100013],[32.38806085100015,41.58172090100015],[32.38815985200006,41.58180521700001],[32.388503822000075,41.584131381000134],[32.38967348400007,41.58435291200004],[32.38965973400019,41.58451268800013],[32.38966260800004,41.58462779700051],[32.387190711906385,41.58620502772061],[32.384940000000086,41.58512000000064],[32.38458000000014,41.58532000000014],[32.3843100000002,41.58598000000006],[32.38430000000005,41.58671000000004],[32.38509000000005,41.587780000000464],[32.3855200000001,41.58872000000008],[32.38551000000018,41.59038000000032],[32.38532000000009,41.590780000000166],[32.38489000000004,41.59131000000036],[32.38328000000007,41.592020000000275],[32.382370000000094,41.592730000000074],[32.38214000000005,41.59278000000063],[32.381010000000174,41.59359000000018],[32.380420000000186,41.59461000000016],[32.38044000000008,41.59557000000041],[32.380730000000085,41.595830000000035],[32.38097000000005,41.596230000000446],[32.38080000000019,41.59656000000007],[32.380390000000034,41.5968400000001],[32.38037000000014,41.596950000000334],[32.378930000000025,41.59785000000022],[32.37721000000016,41.59965000000011],[32.376610000000085,41.60047000000026],[32.37671000000017,41.60244000000017],[32.37712000000022,41.602830000000154],[32.37810321056611,41.602880269240984],[32.37420964299997,41.60631192200009],[32.374184012000114,41.606403348000015],[32.37428093700004,41.606493614000385],[32.374109401000055,41.606483629000536],[32.37369636700015,41.60680744400008],[32.37357392600006,41.607190252000294]]],"type":"Polygon"}},{"type":"Feature","properties":{"area_id":"TR-74-002-2036038","name_tr":"Gözpınar Köyü","area_level":"neighbourhood","parent_id":"TR-74-002","endeksa_id":2036038},"geometry":{"coordinates":[[[32.21417474200041,41.59917206700061],[32.215671731000214,41.60074989100042],[32.21567983000023,41.60096562800027],[32.21623089300027,41.60133858200021],[32.21393678900034,41.60701571699997],[32.214076381000154,41.60726641500048],[32.21400828700024,41.60745376700015],[32.21237420200032,41.60769589300048],[32.21152697400021,41.609194919000686],[32.209597588000065,41.608073272000524],[32.20761128400005,41.60830015200014],[32.20508654700012,41.60546714100013],[32.205077145000075,41.60524206200057],[32.2018357930001,41.60324456300009],[32.201163468000175,41.60313020600063],[32.2007795670001,41.60258225000041],[32.194226680000156,41.598525497000026],[32.189007343000014,41.59911653900008],[32.18245445200006,41.598265290000086],[32.18218441100004,41.59839446800015],[32.18222635100011,41.59829594300004],[32.1821295150001,41.59822329100007],[32.17877991400013,41.59778091100043],[32.17521005900011,41.595182430000136],[32.18330800200016,41.594306491],[32.18641345499998,41.5909566720004],[32.19080525300012,41.589240178000125],[32.19151977100006,41.58432373900007],[32.19422097500012,41.584015613000304],[32.19547816900001,41.58093072600059],[32.19463441200014,41.57697787100011],[32.19437249600014,41.57647349700011],[32.191485016000115,41.57576444300025],[32.191354210000156,41.57588632400012],[32.19111533300003,41.57588458000015],[32.19205542200007,41.574385966000136],[32.195736269408826,41.57314516037286],[32.197099876271636,41.57342278649759],[32.19724777975398,41.573365685662054],[32.19731906371317,41.57349302809769],[32.19780453800007,41.57360522000039],[32.197830860000124,41.57367266600011],[32.20343346900012,41.57552907200005],[32.20827645600019,41.577891505000025],[32.20929268200007,41.57793175600011],[32.21372592000006,41.58055159000048],[32.21567269420058,41.581612007441095],[32.21566227040506,41.5818797143088],[32.21469670100055,41.5840409960004],[32.21466879000042,41.58453214700057],[32.20916611800044,41.58763862700039],[32.20999642800058,41.59710222100057],[32.214038669000445,41.59987194400037],[32.21395162900052,41.599181902000794],[32.21417474200041,41.59917206700061]]],"type":"Polygon"}},{"type":"Feature","properties":{"area_id":"TR-74-002-2036044","name_tr":"Hasanlar Köyü","area_level":"neighbourhood","parent_id":"TR-74-002","endeksa_id":2036044},"geometry":{"coordinates":[[[32.46758350000016,41.59941920000017],[32.46668100000005,41.60005610000047],[32.465318400000115,41.60023259999997],[32.465103900000145,41.60065780000019],[32.46575830000012,41.60189330000043],[32.46557590000015,41.60221420000033],[32.465683200000115,41.602583300000674],[32.4661660000001,41.603120800000056],[32.46633770000011,41.60347380000013],[32.46663810000007,41.60366630000004],[32.466756100000055,41.60391500000037],[32.4665308000001,41.60403530000019],[32.4664557000001,41.60421180000009],[32.46688480000006,41.60483760000068],[32.46684190000008,41.60567990000038],[32.46701360000009,41.605976800000064],[32.46758220000004,41.60620140000003],[32.46789340000004,41.606474100000185],[32.467839700000184,41.60665060000008],[32.4668205000001,41.60709180000032],[32.46649860000008,41.607677500000136],[32.465672500000096,41.608126700000184],[32.46453520000017,41.60831120000017],[32.46345160000004,41.60880050000014],[32.46265770000008,41.608912799999985],[32.46212120000007,41.6088888000005],[32.46160630000014,41.60923370000012],[32.46060850000015,41.60926580000006],[32.460265100000186,41.60896900000006],[32.45940680000001,41.6088888000005],[32.459331700000064,41.60829520000004],[32.45868800000005,41.608150800000544],[32.458055000000115,41.60813470000028],[32.4577761000001,41.607894100000124],[32.45751860000013,41.60781380000037],[32.45682120000015,41.60780580000005],[32.45622040000018,41.60755710000012],[32.45571610000019,41.60704370000025],[32.45536210000006,41.60635380000036],[32.45495440000008,41.606105100000036],[32.453484500000116,41.605535499999974],[32.45304460000011,41.605286800000044],[32.451521100000036,41.60494990000001],[32.45048050000008,41.60455680000018],[32.45022300000011,41.60465310000018],[32.450008400000115,41.60507830000034],[32.450394600000095,41.60573610000006],[32.45029810000011,41.6063137000001],[32.449847400000124,41.60659450000003],[32.44920370000011,41.60675490000051],[32.44808790000019,41.60665060000008],[32.44725110000002,41.60626560000003],[32.445631000000105,41.60519060000007],[32.44591000000008,41.60456480000016],[32.44640350000009,41.604388300000096],[32.44678970000007,41.603858800000694],[32.44705800000003,41.60369840000021],[32.44717600000007,41.60390700000005],[32.447454900000025,41.603971200000046],[32.44769100000019,41.60381070000062],[32.44793770000018,41.60381870000003],[32.44817380000018,41.60369840000021],[32.44803430000019,41.603377500000306],[32.44840980000015,41.6027517000004],[32.44883890000017,41.60264740000014],[32.44874240000013,41.6024068000001],[32.44912860000011,41.60227840000016],[32.4493968000001,41.6019495000001],[32.45042680000006,41.60160450000069],[32.45059850000007,41.60180510000009],[32.451628400000004,41.60151620000016],[32.45196099999998,41.601107100000036],[32.45261550000015,41.600818200000106],[32.45304460000011,41.60036090000011],[32.45353820000014,41.60029680000014],[32.45392440000012,41.599919700000555],[32.45532990000004,41.59966290000011],[32.45598430000018,41.59964690000004],[32.456231100000025,41.5994142000003],[32.456553000000156,41.59926980000006],[32.45658520000018,41.59911740000007],[32.45725030000011,41.59904520000032],[32.45751860000013,41.598820500000556],[32.45754000000011,41.598636000000056],[32.45810870000008,41.59821070000055],[32.45924590000004,41.59801420000014],[32.459685800000045,41.597825600000306],[32.46067280000017,41.598002099999974],[32.46149900000012,41.597777500000234],[32.461831600000096,41.598114500000406],[32.462207100000114,41.598266900000226],[32.462410900000066,41.59852370000016],[32.46319410000007,41.59870820000015],[32.46419190000017,41.59916550000014],[32.46465320000016,41.59898900000064],[32.46503950000016,41.59903710000003],[32.465329200000156,41.599253799999985],[32.46758350000016,41.59941920000017]]],"type":"Polygon"}},{"type":"Feature","properties":{"area_id":"TR-74-002-2036075","name_tr":"Tabanözü Köyü","area_level":"neighbourhood","parent_id":"TR-74-002","endeksa_id":2036075},"geometry":{"coordinates":[[[32.42856768900003,41.59972395199998],[32.428454100000124,41.59984750000012],[32.42826371900014,41.60042253500018],[32.42785235800011,41.600946356000236],[32.42488140000012,41.60081020000018],[32.422993200000064,41.600513400000295],[32.422252900000046,41.600593600000025],[32.420832949999976,41.601629085000184],[32.41940621000009,41.6024401320002],[32.41585381000016,41.60313163400002],[32.4133212910001,41.60335500800022],[32.41259690000015,41.60313680000013],[32.41221070000017,41.60319300000032],[32.41192100000018,41.603409600000475],[32.41180300000019,41.603786600000035],[32.411837726000044,41.604454345000136],[32.410207990000174,41.607822097999986],[32.40985030000007,41.60806250000019],[32.409818200000075,41.60824700000069],[32.41035460000006,41.60883260000014],[32.41068720000004,41.60948240000005],[32.41057990000007,41.60971500000011],[32.409646500000065,41.609883500000194],[32.408938400000125,41.609699000000035],[32.40862730000015,41.609811300000445],[32.40836980000017,41.61010010000018],[32.4080694970001,41.61021229800008],[32.40650533000007,41.60635379700045],[32.40635653300012,41.6063185870002],[32.4057015250001,41.60654992400009],[32.405571255000154,41.606818520000445],[32.40498875600019,41.60573040300005],[32.40430706193206,41.60492622870686],[32.40621000000016,41.603910000000155],[32.406440000000146,41.60386000000011],[32.4068700000002,41.60337000000004],[32.406710000000146,41.60329000000053],[32.406590000000165,41.60281000000009],[32.40665000000013,41.60250000000053],[32.406410000000164,41.60204000000016],[32.40516000000014,41.601810000000285],[32.40467000000007,41.60147000000006],[32.40459000000004,41.5997700000006],[32.40391000000011,41.599080000000356],[32.40379000000013,41.59886000000063],[32.40340000000015,41.59754000000015],[32.40341000000012,41.59673000000009],[32.403680000000065,41.595270000000596],[32.402720000000045,41.59458000000035],[32.4020500000002,41.59398000000044],[32.401320000000226,41.592770000000144],[32.40204000000011,41.59274000000016],[32.401890000000094,41.592550000000074],[32.401570000000106,41.59237000000013],[32.400920000000156,41.59134000000017],[32.40104000000014,41.590970000000084],[32.4010600000002,41.590440000000285],[32.401140000000055,41.59033000000005],[32.40107000000012,41.59008000000034],[32.400830000000155,41.58976000000018],[32.4007900000002,41.5893700000002],[32.400430000000085,41.589510000000075],[32.40004000000016,41.58952000000022],[32.39983000000018,41.5893700000002],[32.399770000000046,41.58909000000017],[32.39908000000014,41.58875000000006],[32.39888000000013,41.58838000000037],[32.39858000000015,41.58815000000038],[32.39818000000008,41.58828000000062],[32.39763000000005,41.58866000000012],[32.396960000000036,41.588920000000314],[32.39625000000012,41.589350000000366],[32.3959900000001,41.58887000000027],[32.39685000000003,41.58865000000014],[32.397450000000106,41.58867000000021],[32.39752000000004,41.588580000000036],[32.39624000000015,41.58834000000007],[32.39613000000014,41.58817000000005],[32.39558000000011,41.58847000000071],[32.394790000000114,41.587990000000104],[32.393830000000094,41.587840000000085],[32.39230000000015,41.58742000000052],[32.39142000000015,41.58744000000007],[32.39094000000006,41.58758000000029],[32.3908600000002,41.587000000000046],[32.39029000000011,41.58625000000035],[32.38972000000018,41.58575000000019],[32.3896260466463,41.58614064815686],[32.38943389900004,41.585931540000104],[32.38753126675488,41.586393301945975],[32.387190711906385,41.58620502772061],[32.38966260800004,41.58462779700051],[32.38965973400019,41.58451268800013],[32.389682106000066,41.584615356000086],[32.392729730000156,41.58518562900048],[32.39304142000003,41.58499017700029],[32.39621159700005,41.58558028800036],[32.3963746510002,41.58537644700027],[32.3965166080003,41.585166579000315],[32.397265400000265,41.585356300000115],[32.39739308400016,41.585024597000654],[32.397586105000244,41.58483675400032],[32.39793060000022,41.584866700000646],[32.39830390600025,41.58413820500067],[32.39849542700034,41.58395182100071],[32.39992620000032,41.5841525000007],[32.401782300000264,41.58424880000035],[32.40314480000035,41.58397600000035],[32.403466700000195,41.584208700000374],[32.40453491600027,41.583737147000704],[32.40537306100026,41.583708274],[32.40935837200021,41.58609893300019],[32.4094534000003,41.58623900000032],[32.41009406800015,41.58654680600074],[32.41508674300036,41.5875196930005],[32.41517190000036,41.587747600000796],[32.41563320000034,41.58809270000057],[32.41600870000036,41.58822910000049],[32.41710003800023,41.587912010000366],[32.419699400000354,41.58846180000023],[32.41990330000016,41.588734600000066],[32.42031573300011,41.588760307000484],[32.42335658899998,41.59066073800011],[32.42401240000015,41.59121410000006],[32.425063800000146,41.591815900000086],[32.42514019700013,41.591775432000645],[32.427430672000185,41.593206900999974],[32.42714520000004,41.59339660000012],[32.42770310000003,41.59384600000004],[32.427939200000026,41.593757700000026],[32.42902449200011,41.59422542100009],[32.42832494700019,41.59739646700024],[32.42803570000018,41.5975207000003],[32.427939200000026,41.59787380000006],[32.42817438000009,41.59804320100028],[32.42810215500009,41.59835343100019],[32.427574400000026,41.59880450000014],[32.42758509999999,41.59905320000013],[32.42792187800018,41.59912777500017],[32.427870882000036,41.59934682000005],[32.42856768900003,41.59972395199998]]],"type":"Polygon"}},{"type":"Feature","properties":{"area_id":"TR-74-002-355495","name_tr":"Gecen","area_level":"neighbourhood","parent_id":"TR-74-002","endeksa_id":355495},"geometry":{"coordinates":[[[32.325344030999986,41.61002258000019],[32.32356367600005,41.61034772100015],[32.32261888700015,41.60623068800015],[32.32427191500011,41.602534509000634],[32.32120619400001,41.59970447500007],[32.32032406800005,41.596238456000435],[32.31310531800017,41.594510322000076],[32.312724069000126,41.594480388000136],[32.310637867000025,41.596096289000116],[32.3066501510001,41.59583518100055],[32.30455612500003,41.595007687000475],[32.3023472110001,41.5946021080004],[32.30330451300006,41.59451308900009],[32.301086830000145,41.59363673000064],[32.301404000000105,41.58607460600058],[32.301069248600186,41.58571833460064],[32.301566299000115,41.58567174400014],[32.30172141200006,41.58588711900006],[32.30195972700017,41.585724500000026],[32.30166883900006,41.58553839800027],[32.30172707300011,41.58548243000007],[32.301473163000026,41.58521834900034],[32.30927795700012,41.582590711000535],[32.312049770000044,41.5814632090005],[32.31515703800011,41.57789890400005],[32.31560865200015,41.577908274000265],[32.3157531330001,41.577781684000115],[32.31604271900011,41.57773902800011],[32.31906631800007,41.57491544100003],[32.32666013400012,41.57638472100024],[32.328066376000095,41.57895778000005],[32.32824656000008,41.578994032000026],[32.32853960000017,41.578744246000156],[32.32852591300019,41.57885787200013],[32.32866510499997,41.57890559100008],[32.33077261200003,41.57840437100003],[32.33073883300017,41.578537294000114],[32.33111021300016,41.5788327640002],[32.33097937600007,41.57889075800006],[32.331747651000114,41.57932819000018],[32.33342652400006,41.58063303600011],[32.32967642300002,41.5822952690001],[32.329626701000166,41.58371207100009],[32.329471645000126,41.58382189600053],[32.32955456000013,41.58630117200016],[32.32974360500003,41.58691880900017],[32.33523600300009,41.59277027500008],[32.33536927300014,41.593253780000396],[32.330200276000085,41.595666919000166],[32.33014139400018,41.59576521300045],[32.33504874500005,41.6023596120001],[32.33473410200003,41.60426579099999],[32.33490091300007,41.60436132000035],[32.33512833200018,41.6069636150001],[32.3350069980001,41.60704522200001],[32.32816041600006,41.60676274299999],[32.329297048000115,41.60930065300056],[32.325344030999986,41.61002258000019]]],"type":"Polygon"}},{"type":"Feature","properties":{"area_id":"TR-74-002-2036006","name_tr":"Akçalı Köyü","area_level":"neighbourhood","parent_id":"TR-74-002","endeksa_id":2036006},"geometry":{"coordinates":[[[32.40430706193206,41.60492622870686],[32.40419000000014,41.60486000000043],[32.40379000000013,41.6054800000004],[32.40321000000006,41.60579000000007],[32.40288000000015,41.60637000000031],[32.40265000000011,41.60659000000004],[32.40270000000015,41.60662000000036],[32.402540000000045,41.60725000000008],[32.40237000000019,41.607630000000086],[32.402190000000076,41.60774000000015],[32.40181000000007,41.60762000000068],[32.40163000000007,41.60767000000055],[32.401660000000106,41.60796000000039],[32.40026000000006,41.608350000000144],[32.3992300000001,41.61000000000007],[32.398820000000114,41.61047000000008],[32.398540000000196,41.61053000000004],[32.398170000000164,41.61100000000039],[32.39797000000016,41.61111000000028],[32.396490000000085,41.610940000000426],[32.39458000000013,41.60967000000011],[32.3938500000001,41.609400000000164],[32.39342000000005,41.609370000000524],[32.39234000000005,41.60904000000022],[32.392500000000155,41.608740000000296],[32.39282000000014,41.60873000000015],[32.39296000000019,41.60851000000042],[32.39051000000018,41.608220000000074],[32.39013000000017,41.60873000000015],[32.389400000000194,41.60845000000029],[32.389210000000105,41.608000000000175],[32.38960000000003,41.60730000000035],[32.38923000000011,41.60712000000052],[32.38877000000008,41.60706000000039],[32.388470000000154,41.60681000000045],[32.387750000000096,41.60681000000045],[32.387010000000146,41.60663000000034],[32.385220000000174,41.60550000000006],[32.38509000000005,41.6052600000001],[32.384510000000034,41.60482000000013],[32.38418000000007,41.60479000000032],[32.3836100000002,41.60513000000071],[32.38288000000017,41.60516000000035],[32.38194000000004,41.604880000000094],[32.381310000000155,41.60452000000015],[32.38173000000006,41.60355000000004],[32.381650000000036,41.60337000000004],[32.38142000000016,41.60340000000042],[32.380850000000066,41.60322000000042],[32.38056000000006,41.60328000000027],[32.37966000000023,41.603110000000186],[32.379520000000184,41.603170000000546],[32.37888000000015,41.60282000000018],[32.378800000000126,41.60305000000005],[32.37810321056611,41.602880269240984],[32.37712000000022,41.602830000000154],[32.37671000000017,41.60244000000017],[32.376610000000085,41.60047000000026],[32.37721000000016,41.59965000000011],[32.378930000000025,41.59785000000022],[32.38037000000014,41.596950000000334],[32.380390000000034,41.5968400000001],[32.38080000000019,41.59656000000007],[32.38097000000005,41.596230000000446],[32.380730000000085,41.595830000000035],[32.38044000000008,41.59557000000041],[32.380420000000186,41.59461000000016],[32.381010000000174,41.59359000000018],[32.38214000000005,41.59278000000063],[32.382370000000094,41.592730000000074],[32.38328000000007,41.592020000000275],[32.38489000000004,41.59131000000036],[32.38532000000009,41.590780000000166],[32.38551000000018,41.59038000000032],[32.3855200000001,41.58872000000008],[32.38509000000005,41.587780000000464],[32.38430000000005,41.58671000000004],[32.3843100000002,41.58598000000006],[32.38458000000014,41.58532000000014],[32.384940000000086,41.58512000000064],[32.387190711906385,41.58620502772061],[32.38753126675488,41.586393301945975],[32.38943389900004,41.585931540000104],[32.3896260466463,41.58614064815686],[32.38972000000018,41.58575000000019],[32.39029000000011,41.58625000000035],[32.3908600000002,41.587000000000046],[32.39094000000006,41.58758000000029],[32.39142000000015,41.58744000000007],[32.39230000000015,41.58742000000052],[32.393830000000094,41.587840000000085],[32.394790000000114,41.587990000000104],[32.39558000000011,41.58847000000071],[32.39613000000014,41.58817000000005],[32.39624000000015,41.58834000000007],[32.39752000000004,41.588580000000036],[32.397450000000106,41.58867000000021],[32.39685000000003,41.58865000000014],[32.3959900000001,41.58887000000027],[32.39625000000012,41.589350000000366],[32.396960000000036,41.588920000000314],[32.39763000000005,41.58866000000012],[32.39818000000008,41.58828000000062],[32.39858000000015,41.58815000000038],[32.39888000000013,41.58838000000037],[32.39908000000014,41.58875000000006],[32.399770000000046,41.58909000000017],[32.39983000000018,41.5893700000002],[32.40004000000016,41.58952000000022],[32.400430000000085,41.589510000000075],[32.4007900000002,41.5893700000002],[32.400830000000155,41.58976000000018],[32.40107000000012,41.59008000000034],[32.401140000000055,41.59033000000005],[32.4010600000002,41.590440000000285],[32.40104000000014,41.590970000000084],[32.400920000000156,41.59134000000017],[32.401570000000106,41.59237000000013],[32.401890000000094,41.592550000000074],[32.40204000000011,41.59274000000016],[32.401320000000226,41.592770000000144],[32.4020500000002,41.59398000000044],[32.402720000000045,41.59458000000035],[32.403680000000065,41.595270000000596],[32.40341000000012,41.59673000000009],[32.40340000000015,41.59754000000015],[32.40379000000013,41.59886000000063],[32.40391000000011,41.599080000000356],[32.40459000000004,41.5997700000006],[32.40467000000007,41.60147000000006],[32.40516000000014,41.601810000000285],[32.406410000000164,41.60204000000016],[32.40665000000013,41.60250000000053],[32.406590000000165,41.60281000000009],[32.406710000000146,41.60329000000053],[32.4068700000002,41.60337000000004],[32.406440000000146,41.60386000000011],[32.40621000000016,41.603910000000155],[32.40430706193206,41.60492622870686]]],"type":"Polygon"}},{"type":"Feature","properties":{"area_id":"TR-74-002-2036013","name_tr":"Beşköprü Köyü","area_level":"neighbourhood","parent_id":"TR-74-002","endeksa_id":2036013},"geometry":{"coordinates":[[[32.18218441100004,41.59839446800015],[32.15830933200016,41.613827425000295],[32.158238519000065,41.613782379000156],[32.15713482700005,41.61443270500013],[32.15658877100003,41.61342781799999],[32.15552676500005,41.613584725000464],[32.15443180500006,41.613132835000556],[32.15439286100002,41.61273043800003],[32.154456325000126,41.61264794500005],[32.15597952800016,41.61240222200041],[32.1560638310001,41.6109924940003],[32.15541846800005,41.61012328000032],[32.15270753100003,41.6081353190001],[32.14923859400017,41.6068918360001],[32.16081617786938,41.60431989789623],[32.1631113579939,41.60187957533333],[32.16142681513742,41.59684771823686],[32.16311927600009,41.591548080000166],[32.16820230000019,41.586006446000624],[32.168201633000024,41.577297990000034],[32.168590714000175,41.57697214299998],[32.168544629000166,41.57677054300018],[32.1687593580001,41.576829436000025],[32.170254345000046,41.57557913100004],[32.1726078910001,41.57430172400046],[32.17363914700013,41.573499549000076],[32.17424389100012,41.573187506000465],[32.17436768600015,41.5733466410004],[32.17461379000008,41.572996640000156],[32.174697025000114,41.57316790100003],[32.17494518800015,41.573033217000045],[32.17682017200019,41.574666557],[32.17587882800012,41.5769804090005],[32.177990937000175,41.578381687000444],[32.17346447199998,41.580081074000134],[32.173408002000144,41.58020744600043],[32.178613925000036,41.58231753100017],[32.17948301300015,41.58409115700016],[32.17958288000017,41.58415252999998],[32.185630737000054,41.581331797000644],[32.1911915550001,41.57604112300004],[32.19121050200016,41.57594736900029],[32.19111533300003,41.57588458000015],[32.191354210000156,41.57588632400012],[32.191485016000115,41.57576444300025],[32.19437249600014,41.57647349700011],[32.19463441200014,41.57697787100011],[32.19547816900001,41.58093072600059],[32.19422097500012,41.584015613000304],[32.19151977100006,41.58432373900007],[32.19080525300012,41.589240178000125],[32.18641345499998,41.5909566720004],[32.18330800200016,41.594306491],[32.17521005900011,41.595182430000136],[32.17877991400013,41.59778091100043],[32.1821295150001,41.59822329100007],[32.18222635100011,41.59829594300004],[32.18218441100004,41.59839446800015]]],"type":"Polygon"}},{"type":"Feature","properties":{"area_id":"TR-74-002-2036010","name_tr":"Alibaş Köyü","area_level":"neighbourhood","parent_id":"TR-74-002","endeksa_id":2036010},"geometry":{"coordinates":[[[32.49258040000018,41.606393900000114],[32.4784183000001,41.616404900000305],[32.48132590000017,41.608872700000234],[32.479941800000006,41.608391400000016],[32.47859000000011,41.608391400000016],[32.47784970000009,41.609362100000226],[32.47696990000014,41.60965890000011],[32.476433499999985,41.61014020000016],[32.47416970000012,41.61115890000002],[32.47050050000007,41.612281900000085],[32.469524100000115,41.61322850000039],[32.46903060000017,41.61342100000019],[32.468386899999985,41.61328460000004],[32.467507100000034,41.6135493000001],[32.466058700000076,41.61365360000002],[32.46476050000018,41.61358940000008],[32.46462110000016,41.61411879999997],[32.464277700000025,41.614544000000194],[32.46451380000019,41.61484070000006],[32.46444939999998,41.615073400000085],[32.46334430000002,41.61577920000008],[32.462968800000056,41.61520970000004],[32.462786400000084,41.61520170000023],[32.46271130000008,41.61561880000028],[32.46229290000008,41.61588350000051],[32.460576300000184,41.615755200000194],[32.45950340000002,41.61618030000005],[32.459267400000044,41.61601980000006],[32.45832320000011,41.61616420000064],[32.45831250000009,41.61579530000017],[32.4581194000001,41.61561880000028],[32.45774390000014,41.61553060000011],[32.45682120000015,41.61550650000004],[32.45565170000003,41.61501720000024],[32.45505090000006,41.61467230000011],[32.45411750000011,41.6135172000001],[32.453817100000094,41.61278730000015],[32.45314120000012,41.61199320000014],[32.45276570000016,41.611888900000395],[32.45145680000002,41.6122098000003],[32.45029810000011,41.61217770000013],[32.450029800000095,41.611880900000074],[32.44992260000009,41.61132740000011],[32.44998690000011,41.61085410000004],[32.45051260000008,41.610196300000325],[32.45105980000005,41.609931600000095],[32.45213270000016,41.609803300000124],[32.45335580000011,41.60953050000012],[32.45596290000003,41.609394200000395],[32.45653150000015,41.60973910000018],[32.45700360000012,41.6098755000001],[32.4573898000001,41.60981930000003],[32.458194500000104,41.60930590000055],[32.45834470000011,41.60874440000009],[32.458055000000115,41.60813470000028],[32.45868800000005,41.608150800000544],[32.459331700000064,41.60829520000004],[32.45940680000001,41.6088888000005],[32.460265100000186,41.60896900000006],[32.46060850000015,41.60926580000006],[32.46160630000014,41.60923370000012],[32.46212120000007,41.6088888000005],[32.46265770000008,41.608912799999985],[32.46345160000004,41.60880050000014],[32.46453520000017,41.60831120000017],[32.465672500000096,41.608126700000184],[32.46649860000008,41.607677500000136],[32.4668205000001,41.60709180000032],[32.467839700000184,41.60665060000008],[32.46789340000004,41.606474100000185],[32.46758220000004,41.60620140000003],[32.46701360000009,41.605976800000064],[32.46684190000008,41.60567990000038],[32.46688480000006,41.60483760000068],[32.4664557000001,41.60421180000009],[32.4665308000001,41.60403530000019],[32.466756100000055,41.60391500000037],[32.46663810000007,41.60366630000004],[32.46633770000011,41.60347380000013],[32.4661660000001,41.603120800000056],[32.465683200000115,41.602583300000674],[32.46557590000015,41.60221420000033],[32.46575830000012,41.60189330000043],[32.465103900000145,41.60065780000019],[32.465318400000115,41.60023259999997],[32.46668100000005,41.60005610000047],[32.46758350000016,41.59941920000017],[32.47028590000008,41.59866000000005],[32.47964140000005,41.59566730000006],[32.4817116000001,41.59491330000003],[32.482009084000026,41.595301667000285],[32.482108012000026,41.59523147200025],[32.482253516000185,41.59527799200055],[32.4880226090001,41.60274993100052],[32.49258040000018,41.606393900000114]]],"type":"Polygon"}},{"type":"Feature","properties":{"area_id":"TR-74-002-140727","name_tr":"Ağdacı","area_level":"neighbourhood","parent_id":"TR-74-002","endeksa_id":140727},"geometry":{"coordinates":[[[32.37197952900004,41.612895134000155],[32.37181078200018,41.61298561000018],[32.37136380900006,41.61268103200007],[32.370371105000174,41.612526374000026],[32.369127128,41.61269690800009],[32.36852101300008,41.617524908000064],[32.367220725000095,41.617949048000526],[32.36016418200006,41.61741216800016],[32.35676081600019,41.61741259600001],[32.35531234300015,41.6175724580001],[32.353499426000155,41.61404231400007],[32.348597693000045,41.614809918000674],[32.340234103000114,41.61322292000028],[32.33708827300006,41.60799572200017],[32.33557633200013,41.60638735700002],[32.33508316800015,41.60641232000023],[32.33490091300007,41.60436132000035],[32.33473410200003,41.60426579099999],[32.33504874500005,41.6023596120001],[32.33514444400009,41.602276421000056],[32.337870502000044,41.60176590900028],[32.35997447300008,41.59613143200011],[32.360045860000014,41.59598757800046],[32.3618618050001,41.598308886000325],[32.36225221700005,41.59841548300017],[32.369423293000125,41.60777370500034],[32.370113925000055,41.607917908000104],[32.37147504200016,41.60744149300007],[32.37230633800016,41.60798942400015],[32.37336014800013,41.60709337000009],[32.373510950000025,41.607083468000155],[32.37357392600006,41.607190252000294],[32.37290800000005,41.60949196000013],[32.372082599000066,41.61125056700007],[32.37197952900004,41.612895134000155]]],"type":"Polygon"}},{"type":"Feature","properties":{"area_id":"TR-74-002-140729","name_tr":"Şiremirçavuş","area_level":"neighbourhood","parent_id":"TR-74-002","endeksa_id":140729},"geometry":{"coordinates":[[[32.325344030999986,41.61002258000019],[32.324967464,41.61062741800015],[32.32899652300006,41.61143018600012],[32.32984290400003,41.613574009000104],[32.32638019500013,41.61472434000052],[32.32959143400018,41.61587243500003],[32.329238131000125,41.61667586599998],[32.32949596000009,41.61685192300007],[32.329059520000044,41.617082038000376],[32.32873349400006,41.61782343900035],[32.32650519100014,41.618783350000456],[32.32684329700004,41.619195646000094],[32.32319489499997,41.618311933000086],[32.3230553140001,41.618195171000195],[32.32372819400018,41.613603665000255],[32.32244008800018,41.61219972399999],[32.3170556770001,41.61213182000006],[32.31175885700003,41.609925894000185],[32.310743881000064,41.608703049000496],[32.31307615300017,41.606869200000006],[32.31013861800017,41.60294325600012],[32.305930807000095,41.604814148000514],[32.30589422000003,41.59933983500008],[32.30426331400008,41.59699535100009],[32.2975086890001,41.60029138700031],[32.296382982000125,41.60708892500003],[32.298570170999994,41.60798216300003],[32.297454515000084,41.60896382600049],[32.30022918800006,41.613698009000245],[32.29539751100003,41.6154569550003],[32.296994980000136,41.61759540900016],[32.29426203700007,41.61891890700002],[32.28411604700011,41.61331218300012],[32.28537819800016,41.6093371190002],[32.28053895400018,41.608335932000045],[32.27733684000009,41.60505125300017],[32.27791373400004,41.601050056000645],[32.29238769300008,41.59599989000009],[32.29534722600005,41.595226148000165],[32.3023472110001,41.5946021080004],[32.30455612500003,41.595007687000475],[32.3066501510001,41.59583518100055],[32.310637867000025,41.596096289000116],[32.312724069000126,41.594480388000136],[32.31310531800017,41.594510322000076],[32.32032406800005,41.596238456000435],[32.32120619400001,41.59970447500007],[32.32427191500011,41.602534509000634],[32.32261888700015,41.60623068800015],[32.32356367600005,41.61034772100015],[32.325344030999986,41.61002258000019]]],"type":"Polygon"}},{"type":"Feature","properties":{"area_id":"TR-74-002-2036030","name_tr":"Epçilerkadı Köyü","area_level":"neighbourhood","parent_id":"TR-74-002","endeksa_id":2036030},"geometry":{"coordinates":[[[32.42759580000018,41.62033500000041],[32.42685560000007,41.62032700000009],[32.425385700000106,41.62059970000064],[32.42491360000014,41.62096860000025],[32.42447380000016,41.62111300000015],[32.42426990000018,41.6210248000001],[32.42407680000019,41.620623700000124],[32.42342230000003,41.61999010000011],[32.42285370000002,41.619669300000396],[32.42251040000008,41.61962920000013],[32.421566200000086,41.619212100000084],[32.42228510000007,41.618065200000046],[32.42237090000009,41.61767220000036],[32.42234940000009,41.61729520000006],[32.421373100000096,41.61645300000038],[32.42127660000011,41.61600380000016],[32.42140530000012,41.61565890000003],[32.41836900000004,41.61592360000009],[32.41834760000006,41.61561880000028],[32.419688700000165,41.61455200000012],[32.42002129999997,41.6143996000003],[32.42003200000016,41.61424720000048],[32.41984960000019,41.614167000000236],[32.41909860000004,41.614167000000236],[32.41836900000004,41.61383010000043],[32.41765020000008,41.61381400000016],[32.41653440000016,41.61409480000066],[32.416180400000144,41.61370170000009],[32.414217000000065,41.612041300000215],[32.413852200000065,41.611030600000106],[32.41335870000012,41.61086210000019],[32.41178150000019,41.61065360000015],[32.41140600000017,41.61083000000053],[32.410955400000034,41.61068570000032],[32.41061210000004,41.61080600000014],[32.41041900000005,41.61117500000012],[32.410258000000056,41.611287300000356],[32.41005420000005,41.611287300000356],[32.40944270000011,41.611022600000126],[32.40872380000013,41.61049310000004],[32.40830540000013,41.61050120000033],[32.4080694970001,41.61021229800008],[32.40836980000017,41.61010010000018],[32.40862730000015,41.609811300000445],[32.408938400000125,41.609699000000035],[32.409646500000065,41.609883500000194],[32.41057990000007,41.60971500000011],[32.41068720000004,41.60948240000005],[32.41035460000006,41.60883260000014],[32.409818200000075,41.60824700000069],[32.40985030000007,41.60806250000019],[32.410207990000174,41.607822097999986],[32.411837726000044,41.604454345000136],[32.41180300000019,41.603786600000035],[32.41192100000018,41.603409600000475],[32.41221070000017,41.60319300000032],[32.41259690000015,41.60313680000013],[32.4133212910001,41.60335500800022],[32.41585381000016,41.60313163400002],[32.41940621000009,41.6024401320002],[32.420832949999976,41.601629085000184],[32.422252900000046,41.600593600000025],[32.422993200000064,41.600513400000295],[32.42488140000012,41.60081020000018],[32.42785235800011,41.600946356000236],[32.42826371900014,41.60042253500018],[32.428454100000124,41.59984750000012],[32.42869020000012,41.59959070000019],[32.429205200000126,41.59958270000038],[32.42998840000007,41.59987150000012],[32.43082520000007,41.600521400000105],[32.431308,41.60068190000038],[32.43288520000016,41.600850300000104],[32.433056800000145,41.60104290000004],[32.4333572000001,41.60182910000009],[32.43392590000008,41.6024228],[32.43466610000007,41.602743700000076],[32.43513820000004,41.6027517000004],[32.4354386,41.602623400000084],[32.43666170000017,41.60149220000028],[32.43690850000013,41.60149220000028],[32.4371230000001,41.60160450000069],[32.4371230000001,41.602029700000344],[32.437251800000126,41.60243880000007],[32.43713380000014,41.60284000000024],[32.43680120000016,41.603225100000486],[32.435567400000025,41.60427600000003],[32.43550300000004,41.604572800000085],[32.43561030000018,41.60479750000002],[32.43601800000016,41.60496590000014],[32.43532060000001,41.60642600000011],[32.43557810000004,41.60680300000058],[32.43276710000015,41.608126700000184],[32.432338000000186,41.60886470000014],[32.430857400000036,41.61031670000034],[32.43043900000009,41.61084610000012],[32.43039610000005,41.611632200000145],[32.4302459000001,41.612161600000036],[32.430492600000036,41.61251460000011],[32.43039610000005,41.61289160000058],[32.430653600000085,41.61320440000003],[32.43088960000006,41.61328460000004],[32.43088960000006,41.61346110000045],[32.43052480000006,41.61371780000019],[32.43046040000007,41.61425520000006],[32.429891800000064,41.61447180000005],[32.42948410000008,41.61480060000008],[32.428797500000144,41.61504130000009],[32.427874799999984,41.61563480000018],[32.427713900000185,41.6160840000004],[32.42782110000019,41.616404900000305],[32.4274671,41.616789900000185],[32.427574400000026,41.61704650000013],[32.42798210000018,41.61695830000008],[32.42816450000015,41.61710270000049],[32.428797500000144,41.61712669999997],[32.42828250000014,41.618209500000034],[32.42817520000017,41.61871490000016],[32.42821810000015,41.61919610000018],[32.42759580000018,41.619934000000626],[32.42759580000018,41.62033500000041]]],"type":"Polygon"}},{"type":"Feature","properties":{"area_id":"TR-74-002-2036017","name_tr":"Çakırdemirci Köyü","area_level":"neighbourhood","parent_id":"TR-74-002","endeksa_id":2036017},"geometry":{"coordinates":[[[32.21697351400036,41.623611977000735],[32.21677584900027,41.62367589100052],[32.21460687800027,41.62252626399999],[32.21152697400021,41.609194919000686],[32.21237420200032,41.60769589300048],[32.21400828700024,41.60745376700015],[32.214076381000154,41.60726641500048],[32.21393678900034,41.60701571699997],[32.21623089300027,41.60133858200021],[32.21567983000023,41.60096562800027],[32.215671731000214,41.60074989100042],[32.213873484000544,41.59885463800072],[32.2137413610007,41.59804095000072],[32.21603158000056,41.59677149000066],[32.22541976200057,41.600210064000635],[32.22875880800058,41.59844356700057],[32.23159319600063,41.593711898000834],[32.23764871700064,41.59558816200081],[32.24299461700065,41.59429790800067],[32.24116606300055,41.5901842220008],[32.24371250000064,41.58972750500061],[32.24327399856031,41.588292389303206],[32.244662931826326,41.587447767722324],[32.24637614375047,41.58625803721941],[32.247637258083614,41.58516348515673],[32.24882951501269,41.585175060466725],[32.255863780000254,41.58752707300005],[32.2558653920002,41.58766724700047],[32.257383684000274,41.58863973700045],[32.257382693000295,41.58878942900026],[32.25757781600032,41.58876385300027],[32.2596222640002,41.59007288700019],[32.25681671000024,41.591559379000614],[32.2601848660002,41.59337877299998],[32.26039176000029,41.59415535900047],[32.260463847000324,41.594167922],[32.26040166000024,41.59419251700052],[32.26044131800029,41.594341375000226],[32.26106913800021,41.595704364000824],[32.26099402100027,41.59572517800024],[32.261045219000266,41.595815809000214],[32.26085970800028,41.59591182400027],[32.26136349800021,41.59655430100054],[32.26108062900033,41.59674071500086],[32.2612546980003,41.596694495000236],[32.26130117900033,41.59676019099999],[32.262713666000195,41.60034877800052],[32.25434021000035,41.60597612100048],[32.24977135100022,41.61215223900024],[32.24571019700028,41.61283337400039],[32.24545967800026,41.61577619500059],[32.23989761100023,41.61657257300027],[32.240010447000316,41.618851673000506],[32.23802853100028,41.6207823890004],[32.23809560700033,41.62088840800038],[32.23795280600035,41.621053778000544],[32.23380506600034,41.62114001500066],[32.22842371000024,41.618094348000284],[32.21891494100032,41.61575419700023],[32.21705875600031,41.618813104000424],[32.2179817450002,41.620057770000244],[32.21697351400036,41.623611977000735]]],"type":"Polygon"}},{"type":"Feature","properties":{"area_id":"TR-74-002-90678","name_tr":"Karaköy","area_level":"neighbourhood","parent_id":"TR-74-002","endeksa_id":90678},"geometry":{"coordinates":[[[32.34719453400004,41.62228863200005],[32.34618429300019,41.62357547700003],[32.34623729300017,41.62369884500015],[32.34652030000001,41.623730863000276],[32.34649696200006,41.62385161200041],[32.34638071200004,41.623738920000164],[32.34575116800016,41.623799875000145],[32.34582796700005,41.623641886000144],[32.345594972000185,41.62309584800005],[32.34415437400003,41.62265995800004],[32.342530417000035,41.62177628800015],[32.34139493000015,41.62162897500008],[32.340871444000186,41.622254918000635],[32.34029974000015,41.622399822000034],[32.33533628300006,41.621546009000156],[32.33547589900007,41.62091982600066],[32.33725542900004,41.618261727000004],[32.337800773000026,41.6170121080001],[32.33896710700009,41.61671802700005],[32.33903847800002,41.616594546000044],[32.33873657400011,41.61596925100008],[32.335606993000056,41.61357117500023],[32.33435386200006,41.613229884000134],[32.332907269000145,41.61327025000014],[32.332811957000104,41.613201779000065],[32.332809759999975,41.61302553300038],[32.332667257000026,41.61312392400026],[32.3309959770001,41.6199083840001],[32.3295608520001,41.61985389000006],[32.32684329700004,41.619195646000094],[32.32650519100014,41.618783350000456],[32.32873349400006,41.61782343900035],[32.329059520000044,41.617082038000376],[32.32949596000009,41.61685192300007],[32.329238131000125,41.61667586599998],[32.32959143400018,41.61587243500003],[32.32638019500013,41.61472434000052],[32.32984290400003,41.613574009000104],[32.32899652300006,41.61143018600012],[32.324967464,41.61062741800015],[32.325344030999986,41.61002258000019],[32.329297048000115,41.60930065300056],[32.32816041600006,41.60676274299999],[32.3350069980001,41.60704522200001],[32.33512833200018,41.6069636150001],[32.33508316800015,41.60641232000023],[32.33557633200013,41.60638735700002],[32.33708827300006,41.60799572200017],[32.340234103000114,41.61322292000028],[32.348597693000045,41.614809918000674],[32.34899725400015,41.61474734700005],[32.3487194760001,41.62074359700006],[32.34743699200004,41.62181355199999],[32.347323461000144,41.62197479400004],[32.34734846800018,41.6221326700001],[32.34719453400004,41.62228863200005]]],"type":"Polygon"}},{"type":"Feature","properties":{"area_id":"TR-74-002-2036052","name_tr":"Kaşbaşı Köyü","area_level":"neighbourhood","parent_id":"TR-74-002","endeksa_id":2036052},"geometry":{"coordinates":[[[32.409313900000086,41.62420079999998],[32.40898130000011,41.623984199999995],[32.408412700000156,41.62385590000008],[32.406728300000054,41.623912000000075],[32.40664240000007,41.624401300000045],[32.40552660000009,41.62462580000016],[32.4053335000001,41.624152600000116],[32.40412110000017,41.623871900000154],[32.403327200000035,41.623791700000424],[32.40243670000007,41.62383990000018],[32.40137163962345,41.62445626014852],[32.401210686054014,41.624466826017056],[32.401119288212215,41.624391985473665],[32.401134661630294,41.62428619727626],[32.40319983300003,41.6220554600003],[32.402184659000056,41.62186046200014],[32.4007845000001,41.621979200000055],[32.40053770000014,41.62184280000014],[32.40044120000016,41.62162630000017],[32.40049261200011,41.62153544800026],[32.40037589300016,41.62137094000013],[32.400090509000165,41.61994105400032],[32.39991540000017,41.619621200000324],[32.39992620000015,41.619204100000275],[32.40018370000013,41.61883520000015],[32.40143905100018,41.618204981000474],[32.401713307000136,41.61796766500038],[32.401647823000076,41.61655550900042],[32.40096690000013,41.61634070000014],[32.40063430000015,41.61603590000033],[32.400580600000126,41.61569100000003],[32.400752300000136,41.61546640000046],[32.40102050000013,41.615346100000124],[32.401660993000064,41.61530055600008],[32.401759027000026,41.6126218440001],[32.40210344500008,41.61219934900009],[32.401819345000035,41.61154530700014],[32.402910128000144,41.61096867800046],[32.405571255000154,41.606818520000445],[32.4057015250001,41.60654992400009],[32.40635653300012,41.6063185870002],[32.40650533000007,41.60635379700045],[32.4080694970001,41.61021229800008],[32.40830540000013,41.61050120000033],[32.40872380000013,41.61049310000004],[32.40944270000011,41.611022600000126],[32.41005420000005,41.611287300000356],[32.410258000000056,41.611287300000356],[32.41041900000005,41.61117500000012],[32.41061210000004,41.61080600000014],[32.410955400000034,41.61068570000032],[32.41140600000017,41.61083000000053],[32.41178150000019,41.61065360000015],[32.41335870000012,41.61086210000019],[32.413852200000065,41.611030600000106],[32.414217000000065,41.612041300000215],[32.416180400000144,41.61370170000009],[32.41653440000016,41.61409480000066],[32.41765020000008,41.61381400000016],[32.41836900000004,41.61383010000043],[32.41909860000004,41.614167000000236],[32.41984960000019,41.614167000000236],[32.42003200000016,41.61424720000048],[32.42002129999997,41.6143996000003],[32.419688700000165,41.61455200000012],[32.41834760000006,41.61561880000028],[32.41836900000004,41.61592360000009],[32.42140530000012,41.61565890000003],[32.42127660000011,41.61600380000016],[32.421373100000096,41.61645300000038],[32.42234940000009,41.61729520000006],[32.42237090000009,41.61767220000036],[32.42228510000007,41.618065200000046],[32.421566200000086,41.619212100000084],[32.42251040000008,41.61962920000013],[32.42285370000002,41.619669300000396],[32.42342230000003,41.61999010000011],[32.42407680000019,41.620623700000124],[32.42426990000018,41.6210248000001],[32.42383000000018,41.62120920000012],[32.42302540000003,41.62131350000004],[32.42257470000004,41.62181080000016],[32.42167350000011,41.62176260000058],[32.420986900000116,41.62133760000023],[32.420407500000124,41.62082430000004],[32.41943120000019,41.62035910000009],[32.41885180000003,41.62035910000009],[32.41793990000008,41.62059970000064],[32.417403400000126,41.62058360000037],[32.416459300000156,41.62096860000025],[32.41630910000015,41.621706500000016],[32.41594430000015,41.62190700000008],[32.41564390000019,41.622243900000115],[32.41522550000019,41.62234810000035],[32.41498950000005,41.62217970000063],[32.41395950000009,41.622292000000186],[32.41312260000012,41.62202730000013],[32.412071200000184,41.622821300000055],[32.41077300000006,41.62289350000003],[32.410043500000086,41.623318600000175],[32.40958210000008,41.62338270000015],[32.409549900000115,41.62365540000019],[32.409313900000086,41.62420079999998]]],"type":"Polygon"}},{"type":"Feature","properties":{"area_id":"TR-74-002-90675","name_tr":"Esentepe","area_level":"neighbourhood","parent_id":"TR-74-002","endeksa_id":90675},"geometry":{"coordinates":[[[32.355757211000025,41.62322431000001],[32.35487395700011,41.625101865000204],[32.35389485400003,41.62576116000031],[32.35319600600013,41.62586064200019],[32.352322095000034,41.62570798400003],[32.35111359700005,41.625904263000336],[32.349987737000106,41.6256423320001],[32.34954917800019,41.62502926500008],[32.3478590520001,41.624659686000655],[32.347405396000056,41.62244601800046],[32.34734296300013,41.62250427200013],[32.34719453400004,41.62228863200005],[32.34734846800018,41.6221326700001],[32.347323461000144,41.62197479400004],[32.34743699200004,41.62181355199999],[32.3487194760001,41.62074359700006],[32.34899725400015,41.61474734700005],[32.353499426000155,41.61404231400007],[32.35531234300015,41.6175724580001],[32.35493772500007,41.61761380300004],[32.354832839000096,41.61772507800015],[32.355510256000116,41.62125104900008],[32.354902137000124,41.62158180900013],[32.354769011000144,41.62221065500012],[32.354908739000166,41.6229402780005],[32.35568586500017,41.623100797000006],[32.355757211000025,41.62322431000001]]],"type":"Polygon"}},{"type":"Feature","properties":{"area_id":"TR-74-002-2036032","name_tr":"Fırınlı Köyü","area_level":"neighbourhood","parent_id":"TR-74-002","endeksa_id":2036032},"geometry":{"coordinates":[[[32.4784183000001,41.616404900000305],[32.47822520000011,41.616942300000176],[32.47658370000016,41.617439600000296],[32.47566100000006,41.61805720000024],[32.475907800000186,41.61839400000002],[32.47546790000007,41.61869080000008],[32.47547860000003,41.61902770000006],[32.474963700000046,41.619244200000026],[32.47440580000011,41.61981370000012],[32.47361180000013,41.62003020000009],[32.473375800000156,41.62038310000048],[32.47286080000015,41.62038310000048],[32.47277500000018,41.620631800000126],[32.47183080000019,41.62118520000041],[32.47173430000004,41.62172250000009],[32.47140170000006,41.62211550000029],[32.47147680000006,41.62246840000017],[32.47129440000003,41.62306190000044],[32.47010350000011,41.62380780000069],[32.47003910000012,41.624144600000136],[32.46903060000017,41.62438520000018],[32.468419100000176,41.624401300000045],[32.46751780000005,41.62497070000063],[32.467485700000054,41.6252353000005],[32.466616600000066,41.6257887000001],[32.466037300000096,41.62637410000008],[32.46555450000011,41.626157600000056],[32.465361300000154,41.625965100000485],[32.46500730000014,41.625267400000666],[32.464782000000184,41.62434510000003],[32.46446010000017,41.62412860000023],[32.4637735,41.62400830000058],[32.462035400000104,41.62348700000007],[32.459739400000046,41.62240430000003],[32.45903130000005,41.62115310000024],[32.45881680000008,41.62018260000059],[32.45880600000004,41.619661300000075],[32.45808720000008,41.61884320000007],[32.45728250000013,41.61815340000038],[32.45718600000015,41.617680200000166],[32.45613450000019,41.61824160000003],[32.45481490000009,41.61842610000002],[32.454214100000115,41.61755180000034],[32.45439650000009,41.61712669999997],[32.45482560000005,41.61695030000067],[32.45505090000006,41.61592360000009],[32.455501500000025,41.615578700000185],[32.45565170000003,41.61501720000024],[32.45682120000015,41.61550650000004],[32.45774390000014,41.61553060000011],[32.4581194000001,41.61561880000028],[32.45831250000009,41.61579530000017],[32.45832320000011,41.61616420000064],[32.459267400000044,41.61601980000006],[32.45950340000002,41.61618030000005],[32.460576300000184,41.615755200000194],[32.46229290000008,41.61588350000051],[32.46271130000008,41.61561880000028],[32.462786400000084,41.61520170000023],[32.462968800000056,41.61520970000004],[32.46334430000002,41.61577920000008],[32.46444939999998,41.615073400000085],[32.46451380000019,41.61484070000006],[32.464277700000025,41.614544000000194],[32.46462110000016,41.61411879999997],[32.46476050000018,41.61358940000008],[32.466058700000076,41.61365360000002],[32.467507100000034,41.6135493000001],[32.468386899999985,41.61328460000004],[32.46903060000017,41.61342100000019],[32.469524100000115,41.61322850000039],[32.47050050000007,41.612281900000085],[32.47416970000012,41.61115890000002],[32.476433499999985,41.61014020000016],[32.47696990000014,41.60965890000011],[32.47784970000009,41.609362100000226],[32.47859000000011,41.608391400000016],[32.479941800000006,41.608391400000016],[32.48132590000017,41.608872700000234],[32.4784183000001,41.616404900000305]]],"type":"Polygon"}},{"type":"Feature","properties":{"area_id":"TR-74-002-90672","name_tr":"Cumhuriyet","area_level":"neighbourhood","parent_id":"TR-74-002","endeksa_id":90672},"geometry":{"coordinates":[[[32.322402185584224,41.626810695794404],[32.3222086716886,41.626932719733475],[32.32155000000006,41.62672000000009],[32.31879000000015,41.625470000000405],[32.31758000000019,41.625040000000354],[32.317320000000166,41.62482000000006],[32.31706000000014,41.62425000000036],[32.316480000000126,41.62356000000011],[32.314120000000116,41.62226000000015],[32.312120000000164,41.62171000000035],[32.31072455332372,41.62151641202195],[32.31070308000017,41.621432483000035],[32.31143499700005,41.62092110700013],[32.31634001500004,41.61857061300003],[32.32263404200006,41.61891505300025],[32.322742794000135,41.61900611400006],[32.32269331300006,41.61946664300024],[32.32319992600014,41.62093394500016],[32.322685665000165,41.625496349000514],[32.322402185584224,41.626810695794404]]],"type":"Polygon"}},{"type":"Feature","properties":{"area_id":"TR-74-002-2036070","name_tr":"Serdar Köyü","area_level":"neighbourhood","parent_id":"TR-74-002","endeksa_id":2036070},"geometry":{"coordinates":[[[32.454214100000115,41.61755180000034],[32.45151040000019,41.61750370000027],[32.45134950000005,41.61764810000017],[32.45098470000005,41.61767220000036],[32.45077010000006,41.61787270000025],[32.44990110000009,41.61828170000069],[32.44933250000014,41.618939400000045],[32.448570700000175,41.619131900000184],[32.44835610000018,41.619332400000076],[32.447959200000184,41.61939660000007],[32.44734760000006,41.619332400000076],[32.447090100000025,41.619476800000086],[32.446897000000035,41.62007030000018],[32.44496580000015,41.62106490000008],[32.44480490000012,41.621361600000114],[32.44446160000018,41.62162630000017],[32.44425770000015,41.62201930000015],[32.44385000000017,41.62228400000038],[32.44312050000002,41.62326240000033],[32.442669900000055,41.623639400000116],[32.44264840000005,41.624104500000044],[32.44235870000006,41.62460980000026],[32.44239090000008,41.625179200000105],[32.44210120000008,41.625532100000044],[32.44223000000011,41.6263100000001],[32.4417150000001,41.62683929999997],[32.44107130000015,41.62674300000003],[32.44051340000016,41.62629390000018],[32.44023440000018,41.625812800000176],[32.439794500000176,41.625492000000065],[32.43933320000019,41.62546790000056],[32.438689500000066,41.6257887000001],[32.43807790000011,41.62593310000068],[32.43710160000012,41.62584480000015],[32.43622180000017,41.625315500000056],[32.43584629999998,41.625371700000414],[32.43538500000005,41.62477820000015],[32.434183300000086,41.62412060000014],[32.43381860000011,41.62372760000045],[32.43385080000007,41.6234389],[32.434129700000085,41.62286140000003],[32.43367910000012,41.62254860000024],[32.43287440000012,41.62270100000006],[32.43210200000016,41.62199520000013],[32.431737199999986,41.621979200000055],[32.43120070000003,41.62227590000009],[32.43075010000007,41.62206740000022],[32.4301708000001,41.62145790000005],[32.42970940000009,41.621361600000114],[32.429409000000135,41.6215461000001],[32.428990600000134,41.62156210000069],[32.42878670000016,41.621096900000566],[32.42777819999998,41.62059970000064],[32.42759580000018,41.62033500000041],[32.42759580000018,41.619934000000626],[32.42821810000015,41.61919610000018],[32.42817520000017,41.61871490000016],[32.42828250000014,41.618209500000034],[32.428797500000144,41.61712669999997],[32.42816450000015,41.61710270000049],[32.42798210000018,41.61695830000008],[32.427574400000026,41.61704650000013],[32.4274671,41.616789900000185],[32.42782110000019,41.616404900000305],[32.427713900000185,41.6160840000004],[32.427874799999984,41.61563480000018],[32.428797500000144,41.61504130000009],[32.42948410000008,41.61480060000008],[32.429891800000064,41.61447180000005],[32.43046040000007,41.61425520000006],[32.43052480000006,41.61371780000019],[32.43088960000006,41.61346110000045],[32.43088960000006,41.61328460000004],[32.430653600000085,41.61320440000003],[32.43039610000005,41.61289160000058],[32.430492600000036,41.61251460000011],[32.4302459000001,41.612161600000036],[32.43039610000005,41.611632200000145],[32.43043900000009,41.61084610000012],[32.430857400000036,41.61031670000034],[32.432338000000186,41.60886470000014],[32.43276710000015,41.608126700000184],[32.43557810000004,41.60680300000058],[32.43532060000001,41.60642600000011],[32.43601800000016,41.60496590000014],[32.43677970000016,41.605166499999996],[32.438689500000066,41.6049900000005],[32.438882600000056,41.60478950000061],[32.43896840000002,41.604524700000184],[32.43858220000004,41.60390700000005],[32.438710900000046,41.60324909999997],[32.43906500000003,41.60300850000033],[32.43936540000004,41.60300850000033],[32.44058850000016,41.603537900000106],[32.441618400000095,41.60413160000053],[32.44191880000011,41.60480550000051],[32.441929600000094,41.60556760000014],[32.442487500000084,41.60659450000003],[32.44279860000006,41.60663460000018],[32.443002500000034,41.606474100000185],[32.443753500000184,41.605094300000246],[32.444139700000164,41.60478140000015],[32.44463320000017,41.60482150000041],[32.445631000000105,41.60519060000007],[32.44725110000002,41.60626560000003],[32.44808790000019,41.60665060000008],[32.44920370000011,41.60675490000051],[32.449847400000124,41.60659450000003],[32.45029810000011,41.6063137000001],[32.450394600000095,41.60573610000006],[32.450008400000115,41.60507830000034],[32.45022300000011,41.60465310000018],[32.45048050000008,41.60455680000018],[32.451521100000036,41.60494990000001],[32.45304460000011,41.605286800000044],[32.453484500000116,41.605535499999974],[32.45495440000008,41.606105100000036],[32.45536210000006,41.60635380000036],[32.45571610000019,41.60704370000025],[32.45622040000018,41.60755710000012],[32.45682120000015,41.60780580000005],[32.45751860000013,41.60781380000037],[32.4577761000001,41.607894100000124],[32.458055000000115,41.60813470000028],[32.45834470000011,41.60874440000009],[32.458194500000104,41.60930590000055],[32.4573898000001,41.60981930000003],[32.45700360000012,41.6098755000001],[32.45653150000015,41.60973910000018],[32.45596290000003,41.609394200000395],[32.45335580000011,41.60953050000012],[32.45213270000016,41.609803300000124],[32.45105980000005,41.609931600000095],[32.45051260000008,41.610196300000325],[32.44998690000011,41.61085410000004],[32.44992260000009,41.61132740000011],[32.450029800000095,41.611880900000074],[32.45029810000011,41.61217770000013],[32.45145680000002,41.6122098000003],[32.45276570000016,41.611888900000395],[32.45314120000012,41.61199320000014],[32.453817100000094,41.61278730000015],[32.45411750000011,41.6135172000001],[32.45505090000006,41.61467230000011],[32.45565170000003,41.61501720000024],[32.455501500000025,41.615578700000185],[32.45505090000006,41.61592360000009],[32.45482560000005,41.61695030000067],[32.45439650000009,41.61712669999997],[32.454214100000115,41.61755180000034]]],"type":"Polygon"}},{"type":"Feature","properties":{"area_id":"TR-74-002-2036046","name_tr":"Kabagöz Köyü","area_level":"neighbourhood","parent_id":"TR-74-002","endeksa_id":2036046},"geometry":{"coordinates":[[[32.40037589300016,41.62137094000013],[32.400220082000146,41.62148325800001],[32.395389724000154,41.620556212000054],[32.39525590000011,41.62058850000005],[32.395234820000155,41.62068959100003],[32.3973168820001,41.62443675700024],[32.39574568000012,41.625867508000226],[32.39577473800006,41.62681002000005],[32.393222808000075,41.62808089300012],[32.39288810000011,41.62807430000021],[32.392281617000094,41.62854961000028],[32.38795726200016,41.628719538000155],[32.387618932000066,41.628877417000126],[32.38671900000003,41.62906070000014],[32.386491273000104,41.62940363100017],[32.38373444700011,41.63069008500037],[32.38360113600015,41.63063455000048],[32.383094982000046,41.629833801000075],[32.383189200000174,41.629501800000185],[32.38264200000003,41.628844200000174],[32.38246829600007,41.628842368000164],[32.38236127000005,41.62867305000054],[32.3802230820001,41.628657649000104],[32.377762236000024,41.62988900900052],[32.37782004100012,41.629795908000006],[32.37773886600007,41.629715026999975],[32.371843285000125,41.62790389500009],[32.371665146000055,41.62799072700017],[32.37165306000014,41.62786778399999],[32.37153044200011,41.62780765600053],[32.37153226200007,41.62764464600036],[32.37239190400015,41.62704321000069],[32.37368383800009,41.625897146],[32.374069324000004,41.6253862440002],[32.374574587000154,41.62398692300013],[32.37610932600006,41.62337161000016],[32.37670434900019,41.62344783700013],[32.377592186000186,41.62511697000048],[32.379620457000044,41.626114106000045],[32.38076561700012,41.62726584500001],[32.381969278000156,41.628039055000045],[32.3838410140001,41.62809483000012],[32.384802094000065,41.627652503000036],[32.38561868900001,41.6270237870001],[32.38572816100003,41.625723504000064],[32.38517988300015,41.62453824800019],[32.3849687230001,41.623208698000326],[32.383957384000155,41.62164624100012],[32.38352799800015,41.620599585000036],[32.38303215800016,41.62022784300018],[32.37982396900003,41.6209175310002],[32.37752295700005,41.620237154000165],[32.37747998700007,41.620145516000036],[32.377651625000055,41.61963881700012],[32.3798494400001,41.61907717000025],[32.37974558000019,41.61842687300003],[32.378658122000104,41.61774737400003],[32.37760920400018,41.61741868800016],[32.37509572000005,41.61746125000013],[32.37287187300018,41.6166555420001],[32.37218459200005,41.61369552400015],[32.371968691000006,41.61312253000017],[32.372082599000066,41.61125056700007],[32.37290800000005,41.60949196000013],[32.37357392600006,41.607190252000294],[32.37369636700015,41.60680744400008],[32.374109401000055,41.606483629000536],[32.37428093700004,41.606493614000385],[32.374184012000114,41.606403348000015],[32.37420964299997,41.60631192200009],[32.37810321056611,41.602880269240984],[32.378800000000126,41.60305000000005],[32.37888000000015,41.60282000000018],[32.379520000000184,41.603170000000546],[32.37966000000023,41.603110000000186],[32.38056000000006,41.60328000000027],[32.380850000000066,41.60322000000042],[32.38142000000016,41.60340000000042],[32.381650000000036,41.60337000000004],[32.38173000000006,41.60355000000004],[32.381310000000155,41.60452000000015],[32.38194000000004,41.604880000000094],[32.38288000000017,41.60516000000035],[32.3836100000002,41.60513000000071],[32.38418000000007,41.60479000000032],[32.384510000000034,41.60482000000013],[32.38509000000005,41.6052600000001],[32.385220000000174,41.60550000000006],[32.387010000000146,41.60663000000034],[32.387750000000096,41.60681000000045],[32.388470000000154,41.60681000000045],[32.38877000000008,41.60706000000039],[32.38923000000011,41.60712000000052],[32.38960000000003,41.60730000000035],[32.389210000000105,41.608000000000175],[32.389400000000194,41.60845000000029],[32.39013000000017,41.60873000000015],[32.39051000000018,41.608220000000074],[32.39296000000019,41.60851000000042],[32.39282000000014,41.60873000000015],[32.392500000000155,41.608740000000296],[32.39234000000005,41.60904000000022],[32.39342000000005,41.609370000000524],[32.3938500000001,41.609400000000164],[32.39458000000013,41.60967000000011],[32.396490000000085,41.610940000000426],[32.39797000000016,41.61111000000028],[32.398170000000164,41.61100000000039],[32.398540000000196,41.61053000000004],[32.398820000000114,41.61047000000008],[32.3992300000001,41.61000000000007],[32.40026000000006,41.608350000000144],[32.401660000000106,41.60796000000039],[32.40163000000007,41.60767000000055],[32.40181000000007,41.60762000000068],[32.402190000000076,41.60774000000015],[32.40237000000019,41.607630000000086],[32.402540000000045,41.60725000000008],[32.40270000000015,41.60662000000036],[32.40265000000011,41.60659000000004],[32.40288000000015,41.60637000000031],[32.40321000000006,41.60579000000007],[32.40379000000013,41.6054800000004],[32.40419000000014,41.60486000000043],[32.40430706193206,41.60492622870686],[32.40498875600019,41.60573040300005],[32.405571255000154,41.606818520000445],[32.402910128000144,41.61096867800046],[32.401819345000035,41.61154530700014],[32.40210344500008,41.61219934900009],[32.401759027000026,41.6126218440001],[32.401660993000064,41.61530055600008],[32.40102050000013,41.615346100000124],[32.400752300000136,41.61546640000046],[32.400580600000126,41.61569100000003],[32.40063430000015,41.61603590000033],[32.40096690000013,41.61634070000014],[32.401647823000076,41.61655550900042],[32.401713307000136,41.61796766500038],[32.40143905100018,41.618204981000474],[32.40018370000013,41.61883520000015],[32.39992620000015,41.619204100000275],[32.39991540000017,41.619621200000324],[32.400090509000165,41.61994105400032],[32.40037589300016,41.62137094000013]]],"type":"Polygon"}},{"type":"Feature","properties":{"area_id":"TR-74-002-2036011","name_tr":"Arıönü Köyü","area_level":"neighbourhood","parent_id":"TR-74-002","endeksa_id":2036011},"geometry":{"coordinates":[[[32.21460687800027,41.62252626399999],[32.21466270400009,41.622607150000135],[32.21460402200006,41.62268948100012],[32.20479377200013,41.627535290000196],[32.20225720100012,41.62467687100002],[32.19939352200009,41.62286194500018],[32.194374525,41.624426219999975],[32.186948057000166,41.6277241790001],[32.186279067000044,41.630984046000265],[32.18004124900017,41.62839763400012],[32.177716069000155,41.63000179700026],[32.17610954200018,41.62797485600015],[32.17375555600012,41.62649436400022],[32.17241685500011,41.62617204100013],[32.171398034000106,41.62560882100058],[32.17114133700005,41.62515176400018],[32.17103754499999,41.62383193000005],[32.17045808900019,41.62315879100004],[32.16731988300006,41.62183262500042],[32.16513334100017,41.621651344999975],[32.16074251200007,41.62070656600042],[32.16054165500003,41.62031098300014],[32.160597774000166,41.620209371000044],[32.16198444000014,41.62007986000026],[32.16185253500015,41.619408644000146],[32.16089590500002,41.618175709000184],[32.16030706900017,41.61666253600015],[32.15939972100006,41.6163383140003],[32.15737199300014,41.61486915299997],[32.15713482700005,41.61443270500013],[32.158238519000065,41.613782379000156],[32.15830933200016,41.613827425000295],[32.18218441100004,41.59839446800015],[32.18245445200006,41.598265290000086],[32.189007343000014,41.59911653900008],[32.194226680000156,41.598525497000026],[32.2007795670001,41.60258225000041],[32.201163468000175,41.60313020600063],[32.2018357930001,41.60324456300009],[32.205077145000075,41.60524206200057],[32.20508654700012,41.60546714100013],[32.20761128400005,41.60830015200014],[32.209597588000065,41.608073272000524],[32.21152697400021,41.609194919000686],[32.21460687800027,41.62252626399999]]],"type":"Polygon"}},{"type":"Feature","properties":{"area_id":"TR-74-002-90674","name_tr":"Demirciler","area_level":"neighbourhood","parent_id":"TR-74-002","endeksa_id":90674},"geometry":{"coordinates":[[[32.34748474600008,41.63100875600003],[32.347451140000146,41.63108430800003],[32.346630700000105,41.63106950000008],[32.34561680000007,41.631201800000156],[32.34503188712654,41.631462923338745],[32.34507568354496,41.631337532200064],[32.34495434637353,41.631250387118314],[32.34296875400014,41.63116343600018],[32.34244656800013,41.630989205000105],[32.34117810500004,41.630761570000686],[32.33960669500004,41.631373956000004],[32.33941482400007,41.63130366300015],[32.3395157760001,41.630986194000116],[32.3391575660001,41.63068507400004],[32.33902127300013,41.630717248000394],[32.339023573000134,41.63057243700007],[32.340963951000106,41.62758139700037],[32.34408242300003,41.62542940500066],[32.34534977400017,41.62439213100009],[32.34575116800016,41.623799875000145],[32.34638071200004,41.623738920000164],[32.34649696200006,41.62385161200041],[32.346245844000066,41.62515590900006],[32.34662530200018,41.62649460100033],[32.34659819400008,41.6271428230005],[32.34634174700011,41.627702836000026],[32.34829145200018,41.62867861000029],[32.348627148000105,41.62967984400018],[32.34775945600006,41.630250217000025],[32.34755957200002,41.630983232000006],[32.34748474600008,41.63100875600003]]],"type":"Polygon"}},{"type":"Feature","properties":{"area_id":"TR-74-002-2036073","name_tr":"Şiremirtabaklar Köyü","area_level":"neighbourhood","parent_id":"TR-74-002","endeksa_id":2036073},"geometry":{"coordinates":[[[32.31072455332372,41.62151641202195],[32.31039000000004,41.621470000000386],[32.31036000000023,41.62162000000018],[32.31020000000012,41.62164000000041],[32.30727000000013,41.621690000000285],[32.30678000000012,41.62189000000046],[32.30651000000017,41.621880000000374],[32.30461000000014,41.62237000000039],[32.30163000000016,41.62415000000004],[32.29888000000017,41.625930000000096],[32.29516000000024,41.626370000000236],[32.29293000000007,41.627820000000156],[32.292053133319996,41.63029883465447],[32.28402219300017,41.625294107000116],[32.29054851200004,41.622492954999984],[32.29002225200003,41.620866588000695],[32.29426203700007,41.61891890700002],[32.296994980000136,41.61759540900016],[32.29539751100003,41.6154569550003],[32.30022918800006,41.613698009000245],[32.297454515000084,41.60896382600049],[32.298570170999994,41.60798216300003],[32.296382982000125,41.60708892500003],[32.2975086890001,41.60029138700031],[32.30426331400008,41.59699535100009],[32.30589422000003,41.59933983500008],[32.305930807000095,41.604814148000514],[32.31013861800017,41.60294325600012],[32.31307615300017,41.606869200000006],[32.310743881000064,41.608703049000496],[32.31175885700003,41.609925894000185],[32.3170556770001,41.61213182000006],[32.32244008800018,41.61219972399999],[32.32372819400018,41.613603665000255],[32.3230553140001,41.618195171000195],[32.32319489499997,41.618311933000086],[32.32302939300018,41.61837435700028],[32.32294414300003,41.61893171800011],[32.32282295900012,41.61899686000004],[32.32269331300006,41.61946664300024],[32.322742794000135,41.61900611400006],[32.32263404200006,41.61891505300025],[32.31634001500004,41.61857061300003],[32.31143499700005,41.62092110700013],[32.31070308000017,41.621432483000035],[32.31072455332372,41.62151641202195]]],"type":"Polygon"}},{"type":"Feature","properties":{"area_id":"TR-74-002-2036074","name_tr":"Şahne Köyü","area_level":"neighbourhood","parent_id":"TR-74-002","endeksa_id":2036074},"geometry":{"coordinates":[[[32.238195884,41.6207140980007],[32.2382315850002,41.6205854080007],[32.2400104470003,41.6188516730005],[32.2398976110002,41.6165725730003],[32.2454596780003,41.6157761950006],[32.2457101970003,41.6128333740004],[32.2497713510002,41.6121522390002],[32.2543402100004,41.6059761210005],[32.2627136660002,41.6003487780005],[32.2613011790003,41.596760191],[32.2612546980003,41.5966944950002],[32.2613634980002,41.5965543010005],[32.2631200010002,41.5961982750006],[32.2649116600002,41.6002179290005],[32.270139079,41.6006050370002],[32.2704978250001,41.6009302090004],[32.2734819960002,41.60128076],[32.2749026260001,41.6009572400001],[32.277913734,41.6010500560006],[32.2773368400001,41.6050512530002],[32.2805389540002,41.608335932],[32.2853781980002,41.6093371190002],[32.2841160470001,41.6133121830001],[32.2942620370001,41.618918907],[32.290022252,41.6208665880007],[32.290548512,41.622492955],[32.2840221930002,41.6252941070001],[32.29205313332,41.6302988346545],[32.2918900000002,41.6307600000004],[32.2861700000001,41.6325200000003],[32.2876800000002,41.6334000000002],[32.287536362,41.6334122040001],[32.2791573520001,41.6328053080002],[32.276507924,41.6312445320003],[32.2765323630001,41.6311253830003],[32.27669219,41.6311122690005],[32.2747962920002,41.6302470420001],[32.2594350650001,41.6211957890001],[32.2594337290001,41.6210946960001],[32.263717273,41.6155878330003],[32.2629953990001,41.6142139640002],[32.2628489370001,41.6142435740002],[32.2587489190001,41.6179500550002],[32.2574779440001,41.6177794410004],[32.2578221050001,41.6158350920001],[32.2577050020002,41.6157281370005],[32.254067159,41.6190025800001],[32.25180308,41.6178751800005],[32.2519684430001,41.6177810180003],[32.2519684420002,41.6176782920005],[32.2512810920002,41.6172355530001],[32.2537705820001,41.6165943210004],[32.253849358,41.6165015300002],[32.253762581,41.6164106210005],[32.246563575,41.6170803470002],[32.2419862570002,41.6188348080001],[32.2419782910001,41.6189260490001],[32.2420761510002,41.6189837070001],[32.2440035470001,41.6191192460005],[32.244012921,41.619413804],[32.244234842,41.619498005],[32.24347765,41.6207493200001],[32.2383182050001,41.6207812670002],[32.238195884,41.6207140980007]]],"type":"Polygon"}},{"type":"Feature","properties":{"area_id":"TR-74-002-90673","name_tr":"Çaydüzü","area_level":"neighbourhood","parent_id":"TR-74-002","endeksa_id":90673},"geometry":{"coordinates":[[[32.371665146000055,41.62799072700017],[32.37134192100007,41.632060234000164],[32.37118865500014,41.632152061],[32.369735474000095,41.63197047500012],[32.3672183270001,41.63105928700054],[32.35869285500007,41.62560384000011],[32.35799031200014,41.624935619000155],[32.35921054700009,41.624039535000236],[32.359047822000036,41.623519403000046],[32.35836560900003,41.62279250000017],[32.3558784170001,41.623109548000116],[32.355757211000025,41.62322431000001],[32.35568586500017,41.623100797000006],[32.354908739000166,41.6229402780005],[32.354769011000144,41.62221065500012],[32.354902137000124,41.62158180900013],[32.355510256000116,41.62125104900008],[32.354832839000096,41.61772507800015],[32.35493772500007,41.61761380300004],[32.35676081600019,41.61741259600001],[32.36016418200006,41.61741216800016],[32.367220725000095,41.617949048000526],[32.36852101300008,41.617524908000064],[32.369127128,41.61269690800009],[32.370371105000174,41.612526374000026],[32.37136380900006,41.61268103200007],[32.37181078200018,41.61298561000018],[32.37197952900004,41.612895134000155],[32.371968691000006,41.61312253000017],[32.37218459200005,41.61369552400015],[32.37287187300018,41.6166555420001],[32.37509572000005,41.61746125000013],[32.37760920400018,41.61741868800016],[32.378658122000104,41.61774737400003],[32.37974558000019,41.61842687300003],[32.3798494400001,41.61907717000025],[32.377651625000055,41.61963881700012],[32.37747998700007,41.620145516000036],[32.37752295700005,41.620237154000165],[32.37982396900003,41.6209175310002],[32.38303215800016,41.62022784300018],[32.38352799800015,41.620599585000036],[32.383957384000155,41.62164624100012],[32.3849687230001,41.623208698000326],[32.38517988300015,41.62453824800019],[32.38572816100003,41.625723504000064],[32.38561868900001,41.6270237870001],[32.384802094000065,41.627652503000036],[32.3838410140001,41.62809483000012],[32.381969278000156,41.628039055000045],[32.38076561700012,41.62726584500001],[32.379620457000044,41.626114106000045],[32.377592186000186,41.62511697000048],[32.37670434900019,41.62344783700013],[32.37610932600006,41.62337161000016],[32.374574587000154,41.62398692300013],[32.374069324000004,41.6253862440002],[32.37368383800009,41.625897146],[32.37239190400015,41.62704321000069],[32.37153226200007,41.62764464600036],[32.37153044200011,41.62780765600053],[32.37165306000014,41.62786778399999],[32.371665146000055,41.62799072700017]]],"type":"Polygon"}},{"type":"Feature","properties":{"area_id":"TR-74-002-90677","name_tr":"Kemer Köprü","area_level":"neighbourhood","parent_id":"TR-74-002","endeksa_id":90677},"geometry":{"coordinates":[[[32.33902127300013,41.630717248000394],[32.33900622200002,41.63082770300002],[32.33888120000017,41.63082561700003],[32.338118332000136,41.632133960000374],[32.33812093900008,41.632284096000035],[32.33801226100013,41.63219435700012],[32.336801017000084,41.63211540800012],[32.33643089000009,41.6316386200001],[32.33494877100014,41.63119955400015],[32.334925331000136,41.63087915900002],[32.33581898200009,41.62995508800003],[32.336964368,41.62957254000003],[32.336987049000015,41.62883551500022],[32.323330519000024,41.627088132000324],[32.32293691300015,41.62716516900002],[32.32289739800018,41.627298881000115],[32.322402185584224,41.626810695794404],[32.322685665000165,41.625496349000514],[32.32319992600014,41.62093394500016],[32.32269331300006,41.61946664300024],[32.32282295900012,41.61899686000004],[32.32294414300003,41.61893171800011],[32.32302939300018,41.61837435700028],[32.32319489499997,41.618311933000086],[32.3295608520001,41.61985389000006],[32.3309959770001,41.6199083840001],[32.332667257000026,41.61312392400026],[32.332809759999975,41.61302553300038],[32.332811957000104,41.613201779000065],[32.332907269000145,41.61327025000014],[32.33435386200006,41.613229884000134],[32.335606993000056,41.61357117500023],[32.33873657400011,41.61596925100008],[32.33903847800002,41.616594546000044],[32.33896710700009,41.61671802700005],[32.337800773000026,41.6170121080001],[32.33725542900004,41.618261727000004],[32.33547589900007,41.62091982600066],[32.33533628300006,41.621546009000156],[32.34029974000015,41.622399822000034],[32.340871444000186,41.622254918000635],[32.34139493000015,41.62162897500008],[32.342530417000035,41.62177628800015],[32.34415437400003,41.62265995800004],[32.345594972000185,41.62309584800005],[32.34582796700005,41.623641886000144],[32.34575116800016,41.623799875000145],[32.34534977400017,41.62439213100009],[32.34408242300003,41.62542940500066],[32.340963951000106,41.62758139700037],[32.339023573000134,41.63057243700007],[32.33902127300013,41.630717248000394]]],"type":"Polygon"}},{"type":"Feature","properties":{"area_id":"TR-74-002-90671","name_tr":"Aladağ","area_level":"neighbourhood","parent_id":"TR-74-002","endeksa_id":90671},"geometry":{"coordinates":[[[32.29281000000009,41.63848000000036],[32.2922700000002,41.63829000000027],[32.29120000000012,41.63815000000005],[32.290650000000085,41.63785000000013],[32.2901500000001,41.63846000000012],[32.28958000000017,41.638540000000376],[32.289280000000076,41.63911000000007],[32.28859000000017,41.63913000000014],[32.28870000000023,41.63943000000012],[32.28840000000008,41.639470000000415],[32.28769000000011,41.63913000000014],[32.28763000000015,41.63903000000039],[32.287460000000124,41.63863000000015],[32.28745000000015,41.638390000000186],[32.28764000000007,41.637800000000254],[32.28679000000011,41.63760000000019],[32.28717000000012,41.63725000000022],[32.28748000000019,41.63723000000016],[32.287860000000194,41.63742000000008],[32.288330000000144,41.63783000000058],[32.288360000000125,41.63821000000007],[32.28853000000021,41.63830000000041],[32.288730000000044,41.63815000000005],[32.28942000000012,41.63790000000017],[32.2894500000001,41.637800000000254],[32.28931000000006,41.637590000000614],[32.28888000000018,41.637280000000544],[32.289630000000045,41.6373700000002],[32.289870000000235,41.63732000000033],[32.2899300000002,41.63664000000017],[32.28931000000006,41.63660000000027],[32.28923000000003,41.6365100000001],[32.28986000000009,41.6358000000003],[32.29072000000019,41.63540000000006],[32.29055000000017,41.634550000000104],[32.288760000000195,41.63493000000011],[32.2882800000001,41.63578000000007],[32.28753000000006,41.63586000000032],[32.28676000000013,41.636530000000334],[32.2862300000001,41.63661000000053],[32.28583000000009,41.636780000000385],[32.28508109019441,41.636778326753415],[32.284944066975186,41.636712994776246],[32.284975632734074,41.63662565159433],[32.287010166324364,41.63485106557414],[32.287680000000194,41.633400000000165],[32.28617000000014,41.63252000000034],[32.291890000000194,41.63076000000041],[32.29293000000007,41.627820000000156],[32.29516000000024,41.626370000000236],[32.29888000000017,41.625930000000096],[32.30163000000016,41.62415000000004],[32.30461000000014,41.62237000000039],[32.30651000000017,41.621880000000374],[32.30678000000012,41.62189000000046],[32.30727000000013,41.621690000000285],[32.31020000000012,41.62164000000041],[32.31036000000023,41.62162000000018],[32.31039000000004,41.621470000000386],[32.312120000000164,41.62171000000035],[32.314120000000116,41.62226000000015],[32.316480000000126,41.62356000000011],[32.31706000000014,41.62425000000036],[32.317320000000166,41.62482000000006],[32.31758000000019,41.625040000000354],[32.31879000000015,41.625470000000405],[32.32155000000006,41.62672000000009],[32.3222086716886,41.626932719733475],[32.322402185584224,41.626810695794404],[32.32289739800018,41.627298881000115],[32.323211385815625,41.62768686497748],[32.32507000000015,41.62873000000013],[32.325310000000115,41.628970000000095],[32.3253400000001,41.629220000000146],[32.32502000000011,41.630210000000375],[32.32502000000011,41.63076000000041],[32.32483000000019,41.63101000000046],[32.32445000000018,41.63124000000033],[32.32385000000011,41.63209000000029],[32.32380000000006,41.63242000000059],[32.32251000000008,41.632440000000145],[32.32179000000019,41.63261000000068],[32.32082000000025,41.63249000000019],[32.319860000000176,41.63278000000054],[32.31845000000004,41.63304000000005],[32.31823000000014,41.6330200000005],[32.31815000000012,41.6327600000003],[32.31711000000024,41.63281000000018],[32.316850000000215,41.633220000000165],[32.31626000000006,41.63359000000008],[32.31529000000006,41.633650000000046],[32.314340000000186,41.63345000000055],[32.31380000000007,41.63307000000037],[32.312980000000096,41.63278000000054],[32.31136000000015,41.63251000000025],[32.31099000000012,41.632350000000486],[32.31011000000012,41.63237000000072],[32.3098500000001,41.63214000000016],[32.30878000000024,41.632560000000126],[32.30783000000014,41.63273000000015],[32.30674000000016,41.63313000000039],[32.30613000000017,41.633210000000076],[32.30565000000007,41.63315000000006],[32.303940000000125,41.633620000000406],[32.30346000000003,41.63367000000028],[32.30313000000007,41.63385000000028],[32.30293000000006,41.63409000000024],[32.30048000000005,41.634980000000155],[32.29936000000009,41.635110000000054],[32.29919000000007,41.63506000000018],[32.29918000000009,41.63524000000018],[32.298640000000034,41.635540000000105],[32.29860000000008,41.63566000000009],[32.29744000000005,41.63652000000019],[32.297580000000096,41.63670000000019],[32.297280000000114,41.63674000000009],[32.29665000000006,41.636560000000145],[32.296350000000075,41.63720000000035],[32.296100000000195,41.63694000000015],[32.296190000000195,41.63652000000019],[32.29555000000016,41.63643000000019],[32.295480000000055,41.63668000000064],[32.295570000000225,41.63676000000015],[32.29513000000003,41.6369200000006],[32.29488000000015,41.63720000000035],[32.29516000000024,41.63751000000042],[32.29423579209322,41.638170038068324],[32.29281000000009,41.63848000000036]]],"type":"Polygon"}},{"type":"Feature","properties":{"area_id":"TR-74-002-2036071","name_tr":"Sipahiler Köyü","area_level":"neighbourhood","parent_id":"TR-74-002","endeksa_id":2036071},"geometry":{"coordinates":[[[32.477345500000126,41.63444950000047],[32.47512460000007,41.63453770000012],[32.47362250000015,41.63392830000015],[32.47338650000012,41.634305200000256],[32.472957400000155,41.63444950000047],[32.47186300000004,41.63442540000011],[32.47142310000004,41.63460190000029],[32.47105840000006,41.63343110000005],[32.470790100000045,41.63336700000008],[32.46949190000015,41.63372780000009],[32.46850489999997,41.63365560000051],[32.467882599999996,41.63345520000013],[32.467120900000054,41.63302220000014],[32.46670250000005,41.63247690000014],[32.465715400000136,41.63169900000008],[32.46518970000017,41.63083300000005],[32.465297000000135,41.63036780000061],[32.4660909000001,41.629421600000114],[32.46775390000005,41.628491300000064],[32.468193799999995,41.62814650000013],[32.46837610000017,41.6277295000001],[32.46827960000019,41.627440800000045],[32.46789340000004,41.627168100000006],[32.46674540000009,41.62679120000013],[32.466037300000096,41.62637410000008],[32.466616600000066,41.6257887000001],[32.467485700000054,41.6252353000005],[32.46751780000005,41.62497070000063],[32.468419100000176,41.624401300000045],[32.46903060000017,41.62438520000018],[32.47003910000012,41.624144600000136],[32.47010350000011,41.62380780000069],[32.47129440000003,41.62306190000044],[32.47147680000006,41.62246840000017],[32.47140170000006,41.62211550000029],[32.47173430000004,41.62172250000009],[32.47183080000019,41.62118520000041],[32.47277500000018,41.620631800000126],[32.47286080000015,41.62038310000048],[32.473375800000156,41.62038310000048],[32.47361180000013,41.62003020000009],[32.47440580000011,41.61981370000012],[32.474963700000046,41.619244200000026],[32.47547860000003,41.61902770000006],[32.47546790000007,41.61869080000008],[32.475907800000186,41.61839400000002],[32.47566100000006,41.61805720000024],[32.47658370000016,41.617439600000296],[32.47822520000011,41.616942300000176],[32.4784183000001,41.616404900000305],[32.49258040000018,41.606393900000114],[32.50269695800006,41.614249556000175],[32.50261500000016,41.614347000000066],[32.504929300000185,41.61589950000041],[32.50677470000011,41.617367400000035],[32.50825520000001,41.61800899999997],[32.510014800000135,41.61850630000009],[32.508029900000054,41.61901160000019],[32.50332000000009,41.62196310000047],[32.49989750000003,41.62390400000015],[32.49937180000006,41.62432110000003],[32.49864220000012,41.624441400000535],[32.49738690000015,41.62543580000039],[32.494715400000075,41.6268553000001],[32.49407170000012,41.62691950000004],[32.493953700000134,41.6271921000004],[32.4944043000001,41.627713400000005],[32.49372840000012,41.62796199999997],[32.493288500000176,41.627873800000316],[32.49285940000016,41.62738459999997],[32.49277350000017,41.625924999999995],[32.492537500000026,41.6257566000001],[32.49207610000019,41.62599720000014],[32.49043460000007,41.62566040000013],[32.488127899999995,41.6257566000001],[32.48705510000008,41.62598120000007],[32.484844900000155,41.62667890000057],[32.48546720000013,41.6276974000001],[32.48535990000016,41.6282427000001],[32.48563880000012,41.628451200000484],[32.48659370000007,41.62844319999999],[32.48673320000006,41.628659700000185],[32.487205300000085,41.628844200000174],[32.487355500000035,41.62906870000006],[32.48718380000008,41.629205000000184],[32.487366200000054,41.62964610000023],[32.48769880000003,41.62993480000017],[32.488632199999984,41.62968619999998],[32.488846799999976,41.62983860000003],[32.489050600000155,41.63027160000047],[32.489576300000124,41.63100140000046],[32.48953340000014,41.63120990000016],[32.488997000000154,41.63136220000047],[32.48851420000017,41.631161700000575],[32.4881709,41.63112970000009],[32.48728040000009,41.63133820000007],[32.48669030000008,41.63112970000009],[32.4857032000001,41.631121600000085],[32.48457670000016,41.63157870000026],[32.48439430000019,41.631931600000144],[32.48373980000002,41.63235660000032],[32.48341800000003,41.63222830000018],[32.48255970000008,41.63141840000014],[32.48185160000014,41.631442400000026],[32.481583300000125,41.63169100000016],[32.479566300000045,41.63199570000012],[32.478643600000055,41.63113770000018],[32.47780680000011,41.63148250000012],[32.477377600000125,41.63108960000011],[32.47687340000016,41.631153700000084],[32.476626599999975,41.631386300000145],[32.47580050000005,41.63100140000046],[32.475532300000054,41.6313301000003],[32.47578980000003,41.63181930000013],[32.47631550000017,41.63205190000019],[32.47650860000016,41.632300400000645],[32.477345500000126,41.63444950000047]]],"type":"Polygon"}},{"type":"Feature","properties":{"area_id":"TR-74-002-90683","name_tr":"Orta","area_level":"neighbourhood","parent_id":"TR-74-002","endeksa_id":90683},"geometry":{"coordinates":[[[32.34055820000003,41.6338401000005],[32.34013970000001,41.633691700000156],[32.33974280000007,41.633407100000056],[32.33972670000014,41.6331785000001],[32.339538900000036,41.633202600000686],[32.33945310000007,41.634144800000115],[32.33899180000009,41.63444550000014],[32.33760240000004,41.634750200000155],[32.337387800000045,41.63445350000012],[32.33664432400019,41.63457560299997],[32.33702632000018,41.63360905600007],[32.338077110000086,41.63322691000002],[32.33817423700003,41.63279696300043],[32.33812093900008,41.632284096000035],[32.338118332000136,41.632133960000374],[32.33888120000017,41.63082561700003],[32.33900622200002,41.63082770300002],[32.33902127300013,41.630717248000394],[32.3391575660001,41.63068507400004],[32.3395157760001,41.630986194000116],[32.33941482400007,41.63130366300015],[32.33960669500004,41.631373956000004],[32.34117810500004,41.630761570000686],[32.34244656800013,41.630989205000105],[32.34296875400014,41.63116343600018],[32.34495434637353,41.631250387118314],[32.34507568354496,41.631337532200064],[32.34503188712654,41.631462923338745],[32.34467348700008,41.631875014000116],[32.34447757700019,41.63241326000002],[32.34435620000005,41.63314240000068],[32.34379830000006,41.63378390000014],[32.34245179999999,41.63329880000015],[32.34169540000016,41.63286180000006],[32.34055820000003,41.6338401000005]]],"type":"Polygon"}},{"type":"Feature","properties":{"area_id":"TR-74-002-2036025","name_tr":"Çukurbük Köyü","area_level":"neighbourhood","parent_id":"TR-74-002","endeksa_id":2036025},"geometry":{"coordinates":[[[32.46518970000017,41.63083300000005],[32.46447089999998,41.63160280000011],[32.463719800000035,41.63217210000033],[32.46305460000008,41.63232450000015],[32.46295810000004,41.63266930000026],[32.46271130000008,41.63243680000005],[32.46217490000009,41.63254900000061],[32.46110200000015,41.631835300000034],[32.46084450000018,41.631522600000096],[32.460383200000024,41.63171510000018],[32.45971800000001,41.631386300000145],[32.45903130000005,41.631931600000144],[32.45869870000007,41.63141840000014],[32.458387600000094,41.63137830000005],[32.45793700000013,41.63173110000008],[32.45772240000014,41.631666900000084],[32.45476130000009,41.63229240000015],[32.45457890000006,41.63250090000054],[32.45399950000012,41.632845700000644],[32.45364550000011,41.63336700000008],[32.452722800000174,41.634000400000104],[32.45126370000003,41.63470610000002],[32.44960070000013,41.63568440000017],[32.44985820000011,41.63528340000005],[32.449804500000084,41.635058900000445],[32.449225200000114,41.634505600000125],[32.44825959999997,41.6344014000004],[32.44775530000004,41.63358350000004],[32.447068700000045,41.6338561000004],[32.44643570000005,41.63382400000023],[32.44682190000003,41.63292590000003],[32.446650300000044,41.63207590000019],[32.44641420000005,41.63175520000016],[32.445942200000104,41.63140230000005],[32.44537350000013,41.63137830000005],[32.44565250000011,41.62947770000051],[32.442734200000075,41.6296942000003],[32.44260550000007,41.62948570000009],[32.44290590000003,41.62900460000009],[32.44261620000009,41.628731900000616],[32.44303460000003,41.628218700000104],[32.44258400000007,41.627938000000654],[32.44229430000007,41.62759310000018],[32.44109270000013,41.62784980000009],[32.44112490000015,41.62763320000016],[32.44167210000012,41.62716010000008],[32.4417150000001,41.62683929999997],[32.44223000000011,41.6263100000001],[32.44210120000008,41.625532100000044],[32.44239090000008,41.625179200000105],[32.44235870000006,41.62460980000026],[32.44264840000005,41.624104500000044],[32.442669900000055,41.623639400000116],[32.44312050000002,41.62326240000033],[32.44385000000017,41.62228400000038],[32.44425770000015,41.62201930000015],[32.44446160000018,41.62162630000017],[32.44480490000012,41.621361600000114],[32.44496580000015,41.62106490000008],[32.446897000000035,41.62007030000018],[32.447090100000025,41.619476800000086],[32.44734760000006,41.619332400000076],[32.447959200000184,41.61939660000007],[32.44835610000018,41.619332400000076],[32.448570700000175,41.619131900000184],[32.44933250000014,41.618939400000045],[32.44990110000009,41.61828170000069],[32.45077010000006,41.61787270000025],[32.45098470000005,41.61767220000036],[32.45134950000005,41.61764810000017],[32.45151040000019,41.61750370000027],[32.454214100000115,41.61755180000034],[32.45481490000009,41.61842610000002],[32.45613450000019,41.61824160000003],[32.45718600000015,41.617680200000166],[32.45728250000013,41.61815340000038],[32.45808720000008,41.61884320000007],[32.45880600000004,41.619661300000075],[32.45881680000008,41.62018260000059],[32.45903130000005,41.62115310000024],[32.459739400000046,41.62240430000003],[32.462035400000104,41.62348700000007],[32.4637735,41.62400830000058],[32.46446010000017,41.62412860000023],[32.464782000000184,41.62434510000003],[32.46500730000014,41.625267400000666],[32.465361300000154,41.625965100000485],[32.46555450000011,41.626157600000056],[32.466037300000096,41.62637410000008],[32.46674540000009,41.62679120000013],[32.46789340000004,41.627168100000006],[32.46827960000019,41.627440800000045],[32.46837610000017,41.6277295000001],[32.468193799999995,41.62814650000013],[32.46775390000005,41.628491300000064],[32.4660909000001,41.629421600000114],[32.465297000000135,41.63036780000061],[32.46518970000017,41.63083300000005]]],"type":"Polygon"}},{"type":"Feature","properties":{"area_id":"TR-74-002-90679","name_tr":"Kırtepe","area_level":"neighbourhood","parent_id":"TR-74-002","endeksa_id":90679},"geometry":{"coordinates":[[[32.33503447800001,41.63806365000005],[32.332764935000114,41.638167085000134],[32.33236681300019,41.63842939900019],[32.332346382000026,41.63853169100014],[32.33089705900011,41.636638775000335],[32.33079786200017,41.635569833000034],[32.333497056,41.63207386800019],[32.334925331000136,41.63087915900002],[32.33494877100014,41.63119955400015],[32.33643089000009,41.6316386200001],[32.336801017000084,41.63211540800012],[32.33801226100013,41.63219435700012],[32.33812093900008,41.632284096000035],[32.33817423700003,41.63279696300043],[32.338077110000086,41.63322691000002],[32.33702632000018,41.63360905600007],[32.33664432400019,41.63457560299997],[32.33710361599998,41.63555047600062],[32.33604968800017,41.63630234000016],[32.336308649000046,41.63686910100006],[32.33503447800001,41.63806365000005]]],"type":"Polygon"}},{"type":"Feature","properties":{"area_id":"TR-74-002-90681","name_tr":"Okulak","area_level":"neighbourhood","parent_id":"TR-74-002","endeksa_id":90681},"geometry":{"coordinates":[[[32.34379830000006,41.63378390000014],[32.34359650700014,41.63405466700004],[32.34288099999998,41.63929260000009],[32.342811200000085,41.63957730000004],[32.34250539999999,41.63989000000049],[32.340316800000096,41.638198100000125],[32.33980710000003,41.637676899999974],[32.33929750000016,41.63685110000023],[32.33989830000013,41.63661450000001],[32.34012900000005,41.636245700000586],[32.340429400000176,41.63539570000006],[32.34024170000009,41.63489850000013],[32.34055820000003,41.6338401000005],[32.34169540000016,41.63286180000006],[32.34245179999999,41.63329880000015],[32.34379830000006,41.63378390000014]]],"type":"Polygon"}},{"type":"Feature","properties":{"area_id":"TR-74-002-90680","name_tr":"Köyortası","area_level":"neighbourhood","parent_id":"TR-74-002","endeksa_id":90680},"geometry":{"coordinates":[[[32.34250539999999,41.63989000000049],[32.34166860000005,41.64004230000012],[32.340506910000045,41.63976649600022],[32.336202300000025,41.63854290000023],[32.33503447800001,41.63806365000005],[32.336308649000046,41.63686910100006],[32.33604968800017,41.63630234000016],[32.33710361599998,41.63555047600062],[32.33664432400019,41.63457560299997],[32.337387800000045,41.63445350000012],[32.33760240000004,41.634750200000155],[32.33899180000009,41.63444550000014],[32.33945310000007,41.634144800000115],[32.339538900000036,41.633202600000686],[32.33972670000014,41.6331785000001],[32.33974280000007,41.633407100000056],[32.34013970000001,41.633691700000156],[32.34055820000003,41.6338401000005],[32.34024170000009,41.63489850000013],[32.340429400000176,41.63539570000006],[32.34012900000005,41.636245700000586],[32.33989830000013,41.63661450000001],[32.33929750000016,41.63685110000023],[32.33980710000003,41.637676899999974],[32.340316800000096,41.638198100000125],[32.34250539999999,41.63989000000049]]],"type":"Polygon"}},{"type":"Feature","properties":{"area_id":"TR-74-002-90684","name_tr":"Tuna","area_level":"neighbourhood","parent_id":"TR-74-002","endeksa_id":90684},"geometry":{"coordinates":[[[32.36982890800016,41.64166708900018],[32.36973469200018,41.64175073800044],[32.36959851600011,41.641720964000285],[32.367059445999985,41.639364390000026],[32.3632372080001,41.6368656410001],[32.36159839300012,41.63703180200008],[32.360528471000066,41.638715258000104],[32.360537175000104,41.63919037700009],[32.359745363000116,41.63885810300064],[32.35747236200007,41.63883551000009],[32.357377812000095,41.63892209500011],[32.357263476000014,41.64033276100008],[32.35635552200006,41.64083313400005],[32.35491373600013,41.64119207100049],[32.353122781000025,41.64071928999999],[32.35215618900014,41.63972118100014],[32.351794495000036,41.63835912400066],[32.35120477300012,41.637736533000066],[32.35029109800007,41.63701603200019],[32.3484738570001,41.6360822770003],[32.347693571000036,41.634193007000476],[32.34754228100013,41.633168757000135],[32.348152396000046,41.63238549200008],[32.34816032900011,41.631614381000134],[32.34748474600008,41.63100875600003],[32.34755957200002,41.630983232000006],[32.34775945600006,41.630250217000025],[32.348627148000105,41.62967984400018],[32.34829145200018,41.62867861000029],[32.34634174700011,41.627702836000026],[32.34659819400008,41.6271428230005],[32.34662530200018,41.62649460100033],[32.346245844000066,41.62515590900006],[32.34652030000001,41.623730863000276],[32.34623729300017,41.62369884500015],[32.34618429300019,41.62357547700003],[32.34719453400004,41.62228863200005],[32.34734296300013,41.62250427200013],[32.347405396000056,41.62244601800046],[32.3478590520001,41.624659686000655],[32.34954917800019,41.62502926500008],[32.349987737000106,41.6256423320001],[32.35111359700005,41.625904263000336],[32.352322095000034,41.62570798400003],[32.35319600600013,41.62586064200019],[32.35389485400003,41.62576116000031],[32.35487395700011,41.625101865000204],[32.355757211000025,41.62322431000001],[32.3558784170001,41.623109548000116],[32.35836560900003,41.62279250000017],[32.359047822000036,41.623519403000046],[32.35921054700009,41.624039535000236],[32.35799031200014,41.624935619000155],[32.35869285500007,41.62560384000011],[32.3672183270001,41.63105928700054],[32.369735474000095,41.63197047500012],[32.37118865500014,41.632152061],[32.37131792000008,41.632264183000075],[32.36982890800016,41.64166708900018]]],"type":"Polygon"}},{"type":"Feature","properties":{"area_id":"TR-74-002-2036040","name_tr":"Gürpınar Köyü","area_level":"neighbourhood","parent_id":"TR-74-002","endeksa_id":2036040},"geometry":{"coordinates":[[[32.445995800000105,41.63724000000008],[32.44076010000015,41.639565200000106],[32.43973020000004,41.639436900000305],[32.43919370000003,41.63970150000017],[32.43900060000004,41.6410967000005],[32.43834610000005,41.64120890000004],[32.438281800000084,41.6418584000001],[32.43803500000007,41.64209089999997],[32.43749860000014,41.64229929999999],[32.43728400000015,41.64274830000005],[32.437015800000154,41.64289270000006],[32.43657590000015,41.64282050000031],[32.43672610000016,41.641633900000045],[32.43580340000017,41.64120890000004],[32.43567469999999,41.64080000000047],[32.43479490000004,41.64060760000018],[32.43479490000004,41.639669500000366],[32.43460180000005,41.63928460000017],[32.43381860000011,41.63937280000033],[32.43264910000016,41.6379616000001],[32.43265990000015,41.637632900000256],[32.432917300000156,41.63746450000053],[32.43224140000018,41.63626970000007],[32.431329500000004,41.63623760000013],[32.43106130000007,41.636085300000104],[32.43094320000006,41.63568440000017],[32.43041750000009,41.635291500000505],[32.429215900000145,41.6346099000001],[32.42888330000011,41.63315850000009],[32.42798210000018,41.63310230000002],[32.42756370000018,41.6327495000005],[32.427907000000175,41.63236460000013],[32.42798210000018,41.631707000000574],[32.42752070000017,41.631835300000034],[32.427016500000036,41.631747100000155],[32.426265500000056,41.631241900000134],[32.42576120000007,41.63047210000036],[32.425171100000114,41.630568300000505],[32.42436650000013,41.63031170000005],[32.42362620000017,41.63035980000012],[32.423207700000034,41.63014330000016],[32.42287520000002,41.63032770000012],[32.42310050000003,41.63062450000018],[32.42332580000004,41.63145840000061],[32.4232614,41.63178720000013],[32.42260690000006,41.63226840000016],[32.42074010000016,41.63254100000012],[32.420600600000114,41.632933900000126],[32.42012860000017,41.63324670000043],[32.419334600000184,41.63328680000001],[32.41914150000002,41.633527300000196],[32.41877670000002,41.63435330000033],[32.418454900000086,41.634730200000604],[32.41814370000009,41.6349467000004],[32.41775750000011,41.63539570000006],[32.417339100000106,41.6355240000002],[32.4168992000001,41.6351231000001],[32.416963600000145,41.63479430000007],[32.417360500000086,41.63439340000008],[32.417693100000065,41.63367170000009],[32.41728540000008,41.633559400000365],[32.416920700000105,41.633118400000114],[32.41694210000014,41.63255710000021],[32.41501090000003,41.63336700000008],[32.41464610000003,41.63292590000003],[32.413004600000136,41.63238060000003],[32.413530300000104,41.631859400000394],[32.4134231000001,41.631153700000084],[32.412554000000114,41.63093720000012],[32.4134767000001,41.62983060000022],[32.41344450000008,41.62959800000016],[32.41324070000013,41.62933340000029],[32.41251110000013,41.62893240000051],[32.41237160000014,41.629197000000374],[32.411330899999996,41.629164900000205],[32.41083740000005,41.62851540000014],[32.409700100000066,41.62813040000009],[32.40978600000011,41.62761720000003],[32.41029020000008,41.627408700000046],[32.410429700000066,41.62707190000003],[32.40993620000006,41.62509900000009],[32.40886330000012,41.62505890000011],[32.409313900000086,41.62420079999998],[32.409549900000115,41.62365540000019],[32.40958210000008,41.62338270000015],[32.410043500000086,41.623318600000175],[32.41077300000006,41.62289350000003],[32.412071200000184,41.622821300000055],[32.41312260000012,41.62202730000013],[32.41395950000009,41.622292000000186],[32.41498950000005,41.62217970000063],[32.41522550000019,41.62234810000035],[32.41564390000019,41.622243900000115],[32.41594430000015,41.62190700000008],[32.41630910000015,41.621706500000016],[32.416459300000156,41.62096860000025],[32.417403400000126,41.62058360000037],[32.41793990000008,41.62059970000064],[32.41885180000003,41.62035910000009],[32.41943120000019,41.62035910000009],[32.420407500000124,41.62082430000004],[32.420986900000116,41.62133760000023],[32.42167350000011,41.62176260000058],[32.42257470000004,41.62181080000016],[32.42302540000003,41.62131350000004],[32.42383000000018,41.62120920000012],[32.42426990000018,41.6210248000001],[32.42447380000016,41.62111300000015],[32.42491360000014,41.62096860000025],[32.425385700000106,41.62059970000064],[32.42685560000007,41.62032700000009],[32.42759580000018,41.62033500000041],[32.42777819999998,41.62059970000064],[32.42878670000016,41.621096900000566],[32.428990600000134,41.62156210000069],[32.429409000000135,41.6215461000001],[32.42970940000009,41.621361600000114],[32.4301708000001,41.62145790000005],[32.43075010000007,41.62206740000022],[32.43120070000003,41.62227590000009],[32.431737199999986,41.621979200000055],[32.43210200000016,41.62199520000013],[32.43287440000012,41.62270100000006],[32.43367910000012,41.62254860000024],[32.434129700000085,41.62286140000003],[32.43385080000007,41.6234389],[32.43381860000011,41.62372760000045],[32.434183300000086,41.62412060000014],[32.43538500000005,41.62477820000015],[32.43584629999998,41.625371700000414],[32.43622180000017,41.625315500000056],[32.43710160000012,41.62584480000015],[32.43807790000011,41.62593310000068],[32.438689500000066,41.6257887000001],[32.43933320000019,41.62546790000056],[32.439794500000176,41.625492000000065],[32.44023440000018,41.625812800000176],[32.44051340000016,41.62629390000018],[32.44107130000015,41.62674300000003],[32.4417150000001,41.62683929999997],[32.44167210000012,41.62716010000008],[32.44112490000015,41.62763320000016],[32.44109270000013,41.62784980000009],[32.44229430000007,41.62759310000018],[32.44258400000007,41.627938000000654],[32.44303460000003,41.628218700000104],[32.44261620000009,41.628731900000616],[32.44290590000003,41.62900460000009],[32.44260550000007,41.62948570000009],[32.442734200000075,41.6296942000003],[32.44565250000011,41.62947770000051],[32.44537350000013,41.63137830000005],[32.445942200000104,41.63140230000005],[32.44641420000005,41.63175520000016],[32.446650300000044,41.63207590000019],[32.44682190000003,41.63292590000003],[32.44643570000005,41.63382400000023],[32.447068700000045,41.6338561000004],[32.44775530000004,41.63358350000004],[32.44825959999997,41.6344014000004],[32.449225200000114,41.634505600000125],[32.449804500000084,41.635058900000445],[32.44985820000011,41.63528340000005],[32.44960070000013,41.63568440000017],[32.445995800000105,41.63724000000008]]],"type":"Polygon"}},{"type":"Feature","properties":{"area_id":"TR-74-002-90676","name_tr":"Gölbucağı","area_level":"neighbourhood","parent_id":"TR-74-002","endeksa_id":90676},"geometry":{"coordinates":[[[32.332346382000026,41.63853169100014],[32.33290877900009,41.63951800600012],[32.33431688700006,41.640399689000105],[32.33461401400007,41.64084469000011],[32.33489846000015,41.642056419000596],[32.33489546300018,41.642579082000054],[32.334408791000044,41.64347974200018],[32.333146543000055,41.644445921000056],[32.33179183900006,41.64491716700019],[32.330846282000095,41.64501716799998],[32.329967752000016,41.64486173900036],[32.324338207000096,41.64135349700052],[32.32270387600016,41.64135406100007],[32.32216909400012,41.64160296100056],[32.32129870400007,41.64236363400016],[32.320569645797946,41.64347413286373],[32.3203400000001,41.64335000000028],[32.31941000000012,41.64438000000041],[32.31863000000004,41.64479000000023],[32.31788000000017,41.64498000000032],[32.317100000000096,41.64493000000027],[32.316540000000145,41.64461000000023],[32.315740000000176,41.643470000000036],[32.31365000000011,41.63967000000008],[32.31283000000013,41.63909000000041],[32.31179000000003,41.638730000000066],[32.31076000000007,41.638700000000085],[32.31031000000013,41.639010000000155],[32.30927000000008,41.640460000000076],[32.30880279781735,41.6414820047749],[32.30855422100012,41.64194075800003],[32.307579010000154,41.642624093000165],[32.30539245300014,41.64277983900041],[32.301547790000086,41.64195542200014],[32.298372099000176,41.641722086000016],[32.29601058900016,41.64245680400006],[32.295843941000044,41.6424134290001],[32.295158334000064,41.64125850200003],[32.29514358400007,41.64067176400016],[32.29423579209322,41.638170038068324],[32.29516000000024,41.63751000000042],[32.29488000000015,41.63720000000035],[32.29513000000003,41.6369200000006],[32.295570000000225,41.63676000000015],[32.295480000000055,41.63668000000064],[32.29555000000016,41.63643000000019],[32.296190000000195,41.63652000000019],[32.296100000000195,41.63694000000015],[32.296350000000075,41.63720000000035],[32.29665000000006,41.636560000000145],[32.297280000000114,41.63674000000009],[32.297580000000096,41.63670000000019],[32.29744000000005,41.63652000000019],[32.29860000000008,41.63566000000009],[32.298640000000034,41.635540000000105],[32.29918000000009,41.63524000000018],[32.29919000000007,41.63506000000018],[32.29936000000009,41.635110000000054],[32.30048000000005,41.634980000000155],[32.30293000000006,41.63409000000024],[32.30313000000007,41.63385000000028],[32.30346000000003,41.63367000000028],[32.303940000000125,41.633620000000406],[32.30565000000007,41.63315000000006],[32.30613000000017,41.633210000000076],[32.30674000000016,41.63313000000039],[32.30783000000014,41.63273000000015],[32.30878000000024,41.632560000000126],[32.3098500000001,41.63214000000016],[32.31011000000012,41.63237000000072],[32.31099000000012,41.632350000000486],[32.31136000000015,41.63251000000025],[32.312980000000096,41.63278000000054],[32.31380000000007,41.63307000000037],[32.314340000000186,41.63345000000055],[32.31529000000006,41.633650000000046],[32.31626000000006,41.63359000000008],[32.316850000000215,41.633220000000165],[32.31711000000024,41.63281000000018],[32.31815000000012,41.6327600000003],[32.31823000000014,41.6330200000005],[32.31845000000004,41.63304000000005],[32.319860000000176,41.63278000000054],[32.32082000000025,41.63249000000019],[32.32179000000019,41.63261000000068],[32.32251000000008,41.632440000000145],[32.32380000000006,41.63242000000059],[32.32385000000011,41.63209000000029],[32.32445000000018,41.63124000000033],[32.32483000000019,41.63101000000046],[32.32502000000011,41.63076000000041],[32.32502000000011,41.630210000000375],[32.3253400000001,41.629220000000146],[32.325310000000115,41.628970000000095],[32.32507000000015,41.62873000000013],[32.323211385815625,41.62768686497748],[32.32289739800018,41.627298881000115],[32.32293691300015,41.62716516900002],[32.323330519000024,41.627088132000324],[32.336987049000015,41.62883551500022],[32.336964368,41.62957254000003],[32.33581898200009,41.62995508800003],[32.334925331000136,41.63087915900002],[32.333497056,41.63207386800019],[32.33079786200017,41.635569833000034],[32.33089705900011,41.636638775000335],[32.332346382000026,41.63853169100014]]],"type":"Polygon"}},{"type":"Feature","properties":{"area_id":"TR-74-002-2036053","name_tr":"Kayadibi Köyü","area_level":"neighbourhood","parent_id":"TR-74-002","endeksa_id":2036053},"geometry":{"coordinates":[[[32.4962175,41.63861110000005],[32.49554160000008,41.63918040000004],[32.4944794000001,41.63932470000026],[32.494125400000144,41.640463300000135],[32.49390000000011,41.640591500000085],[32.49393220000013,41.64098440000009],[32.49331000000018,41.64170600000011],[32.493385100000125,41.64209890000029],[32.49382490000011,41.642275300000165],[32.49352450000015,41.64279640000012],[32.49340650000016,41.64322140000007],[32.49219420000003,41.643197300000224],[32.491786500000046,41.64333360000012],[32.49155040000005,41.643566100000044],[32.491561200000035,41.643846800000176],[32.491421700000046,41.64405519999997],[32.49039170000009,41.64398300000022],[32.489962600000126,41.64453630000003],[32.48894330000019,41.64479280000006],[32.48844980000018,41.64459240000019],[32.486647400000095,41.64474469999999],[32.48625040000013,41.644848900000454],[32.485724700000105,41.64517770000066],[32.48490929999997,41.64640430000054],[32.48463030000016,41.64631609999998],[32.48354670000003,41.64520169999997],[32.4826240000001,41.64522580000005],[32.48160480000013,41.64496120000018],[32.48126150000013,41.644969200000105],[32.48082160000018,41.6451055],[32.48048899999998,41.64534600000019],[32.48000620000005,41.64503330000008],[32.4798667,41.64446410000005],[32.48052120000017,41.64431180000042],[32.480499700000166,41.644127400000116],[32.479931100000044,41.64386280000008],[32.479748700000016,41.64318930000013],[32.48033880000003,41.64294880000011],[32.48021010000019,41.64258000000012],[32.47925520000007,41.64237150000014],[32.47930880000007,41.64197060000015],[32.479544900000064,41.64152160000049],[32.47912640000004,41.640391100000386],[32.47902990000006,41.63985390000016],[32.4787080000001,41.639228500000115],[32.4784183000001,41.639236500000095],[32.478622200000075,41.63862710000012],[32.47803210000012,41.63825830000013],[32.477688800000124,41.63786540000012],[32.47850420000009,41.63730410000005],[32.47851490000011,41.637111700000105],[32.47781750000013,41.63618150000025],[32.477345500000126,41.63444950000047],[32.47650860000016,41.632300400000645],[32.47631550000017,41.63205190000019],[32.47578980000003,41.63181930000013],[32.475532300000054,41.6313301000003],[32.47580050000005,41.63100140000046],[32.476626599999975,41.631386300000145],[32.47687340000016,41.631153700000084],[32.477377600000125,41.63108960000011],[32.47780680000011,41.63148250000012],[32.478643600000055,41.63113770000018],[32.479566300000045,41.63199570000012],[32.481583300000125,41.63169100000016],[32.48185160000014,41.631442400000026],[32.48255970000008,41.63141840000014],[32.48341800000003,41.63222830000018],[32.48373980000002,41.63235660000032],[32.48439430000019,41.631931600000144],[32.48457670000016,41.63157870000026],[32.4857032000001,41.631121600000085],[32.48669030000008,41.63112970000009],[32.48728040000009,41.63133820000007],[32.4881709,41.63112970000009],[32.48851420000017,41.631161700000575],[32.488997000000154,41.63136220000047],[32.48935100000017,41.632092000000455],[32.489984000000106,41.632613200000094],[32.48989820000014,41.63306220000044],[32.49119640000009,41.63438530000013],[32.491411000000085,41.635339600000066],[32.49243020000017,41.635932900000284],[32.49251600000002,41.636566400000106],[32.49308470000017,41.636959300000115],[32.493234900000175,41.63728000000003],[32.49371770000016,41.63744040000017],[32.49391080000015,41.63784930000003],[32.49468330000008,41.63808990000041],[32.49561670000003,41.63789750000012],[32.4962175,41.63861110000005]]],"type":"Polygon"}},{"type":"Feature","properties":{"area_id":"TR-74-002-2036068","name_tr":"Okçular Köyü","area_level":"neighbourhood","parent_id":"TR-74-002","endeksa_id":2036068},"geometry":{"coordinates":[[[32.411330899999996,41.646829200000525],[32.41082670000003,41.64704570000032],[32.41051550000003,41.64704570000032],[32.410032700000045,41.647222100000704],[32.408766700000115,41.647438500000135],[32.40791920000015,41.64735030000065],[32.40706090000003,41.647406400000136],[32.40574120000008,41.64701360000015],[32.40550520000011,41.64644440000012],[32.40505460000014,41.64604350000053],[32.40448590000011,41.64581100000015],[32.40397090000016,41.645041400000025],[32.402737100000024,41.64518570000007],[32.402157800000055,41.64502530000016],[32.40011930000014,41.644945100000086],[32.399636500000156,41.64500930000008],[32.39788770000007,41.64466450000015],[32.39811300000008,41.64450420000003],[32.39716890000011,41.6443919000003],[32.39639640000013,41.644127400000116],[32.395602500000166,41.644079300000044],[32.39517330000018,41.64386280000008],[32.39466900000019,41.643397800000116],[32.39443300000005,41.64294880000011],[32.39402530000007,41.64290070000004],[32.39387510000006,41.642355500000065],[32.39367130000011,41.64229929999999],[32.39346740000008,41.64169000000021],[32.39287730000012,41.641633900000045],[32.3928451000001,41.640671700000155],[32.39199760000014,41.64021470000017],[32.39210490000016,41.639829800000484],[32.39184740000019,41.63955720000013],[32.391396800000166,41.63945300000057],[32.39096760000018,41.639148300000045],[32.390677900000014,41.63861110000005],[32.38943340000009,41.63816210000016],[32.38926170000008,41.63761680000016],[32.38896130000012,41.63746450000053],[32.38881110000011,41.63712770000001],[32.38844630000011,41.63679890000003],[32.38834980000013,41.636534300000164],[32.38945480000007,41.63598110000004],[32.3893690000001,41.635652300000515],[32.388714500000106,41.63536360000006],[32.38699790000004,41.63574050000017],[32.3855281000001,41.63584470000012],[32.385045300000115,41.63576460000007],[32.38440150000014,41.635451800000624],[32.384145198506474,41.63498071905002],[32.38433167588744,41.6353350363878],[32.38428654970551,41.63550276175988],[32.384017514937,41.635602293523334],[32.38371687819341,41.63547703966981],[32.38422990000015,41.635772600000166],[32.384358600000155,41.63614940000008],[32.38425130000013,41.63661450000001],[32.38385440000013,41.63699140000011],[32.382330900000056,41.63749650000034],[32.38204120000006,41.63793750000059],[32.38234160000002,41.63857900000005],[32.382330900000056,41.6388596000005],[32.381418900000085,41.63938080000014],[32.38082880000013,41.640703800000324],[32.38060350000012,41.640864200000124],[32.38026020000012,41.64090420000002],[32.378522100000055,41.640110500000105],[32.378318300000046,41.63990200000006],[32.37836120000003,41.63964540000018],[32.378704500000026,41.639228500000115],[32.37902639999999,41.63775310000011],[32.37872600000003,41.637320100000125],[32.37821100000002,41.637007400000186],[32.37819196300018,41.6366017630001],[32.3771703000001,41.63639800000004],[32.37686990000009,41.636157500000024],[32.3767304000001,41.63571640000049],[32.37689140000009,41.63535560000048],[32.377825041000165,41.634537460000104],[32.377397121000115,41.63212998400007],[32.37695570000011,41.63161080000043],[32.37656950000013,41.6309452000001],[32.37654800000013,41.63063250000016],[32.37674120000014,41.63030370000013],[32.3774600000001,41.62992680000036],[32.37759334500004,41.62998873700025],[32.377762236000024,41.62988900900052],[32.3802230820001,41.628657649000104],[32.38236127000005,41.62867305000054],[32.38246829600007,41.628842368000164],[32.38264200000003,41.628844200000174],[32.383189200000174,41.629501800000185],[32.383094982000046,41.629833801000075],[32.38360113600015,41.63063455000048],[32.38373444700011,41.63069008500037],[32.386491273000104,41.62940363100017],[32.38671900000003,41.62906070000014],[32.387618932000066,41.628877417000126],[32.38795726200016,41.628719538000155],[32.392281617000094,41.62854961000028],[32.39288810000011,41.62807430000021],[32.393222808000075,41.62808089300012],[32.39577473800006,41.62681002000005],[32.39574568000012,41.625867508000226],[32.3973168820001,41.62443675700024],[32.395234820000155,41.62068959100003],[32.39525590000011,41.62058850000005],[32.395389724000154,41.620556212000054],[32.400220082000146,41.62148325800001],[32.40037589300016,41.62137094000013],[32.40049261200011,41.62153544800026],[32.40044120000016,41.62162630000017],[32.40053770000014,41.62184280000014],[32.4007845000001,41.621979200000055],[32.402184659000056,41.62186046200014],[32.40319983300003,41.6220554600003],[32.401134661630294,41.62428619727626],[32.401119288212215,41.624391985473665],[32.401210686054014,41.624466826017056],[32.40137163962345,41.62445626014852],[32.40243670000007,41.62383990000018],[32.403327200000035,41.623791700000424],[32.40412110000017,41.623871900000154],[32.4053335000001,41.624152600000116],[32.40552660000009,41.62462580000016],[32.40664240000007,41.624401300000045],[32.406728300000054,41.623912000000075],[32.408412700000156,41.62385590000008],[32.40898130000011,41.623984199999995],[32.409313900000086,41.62420079999998],[32.40886330000012,41.62505890000011],[32.40993620000006,41.62509900000009],[32.410429700000066,41.62707190000003],[32.41029020000008,41.627408700000046],[32.40978600000011,41.62761720000003],[32.409700100000066,41.62813040000009],[32.41083740000005,41.62851540000014],[32.411330899999996,41.629164900000205],[32.41237160000014,41.629197000000374],[32.41251110000013,41.62893240000051],[32.41324070000013,41.62933340000029],[32.41344450000008,41.62959800000016],[32.4134767000001,41.62983060000022],[32.412554000000114,41.63093720000012],[32.4134231000001,41.631153700000084],[32.413530300000104,41.631859400000394],[32.413004600000136,41.63238060000003],[32.41464610000003,41.63292590000003],[32.41501090000003,41.63336700000008],[32.41694210000014,41.63255710000021],[32.416920700000105,41.633118400000114],[32.41728540000008,41.633559400000365],[32.417693100000065,41.63367170000009],[32.417360500000086,41.63439340000008],[32.416963600000145,41.63479430000007],[32.4168992000001,41.6351231000001],[32.417339100000106,41.6355240000002],[32.417306900000085,41.63583670000014],[32.416920700000105,41.63618150000025],[32.41685630000012,41.636967300000606],[32.416631000000166,41.63782530000003],[32.416287600000146,41.63841860000025],[32.41649150000012,41.63899600000042],[32.416427100000135,41.63936480000001],[32.41674900000015,41.63976570000051],[32.41688850000014,41.640190600000494],[32.41636280000017,41.64049530000011],[32.416405700000155,41.640824100000145],[32.41608379999997,41.64107260000014],[32.416040900000155,41.64144140000025],[32.41582630000016,41.64171400000009],[32.41577270000016,41.64193050000006],[32.41603020000019,41.64206680000012],[32.41605160000017,41.64266820000017],[32.41462470000005,41.643277500000465],[32.41401310000009,41.64503330000008],[32.412221400000135,41.646187800000064],[32.412200000000155,41.646460400000024],[32.411330899999996,41.646829200000525]]],"type":"Polygon"}},{"type":"Feature","properties":{"area_id":"TR-74-002-2036054","name_tr":"Kayadibiçavuş Köyü","area_level":"neighbourhood","parent_id":"TR-74-002","endeksa_id":2036054},"geometry":{"coordinates":[[[32.46426700000018,41.65076550000043],[32.463988099999995,41.65054110000034],[32.46379490000004,41.650733500000115],[32.46302250000008,41.65092590000006],[32.46256110000007,41.651142300000345],[32.46172430000013,41.65119040000042],[32.46085520000014,41.65091780000006],[32.460007700000176,41.65034060000045],[32.45947120000005,41.64957900000013],[32.45852710000008,41.64893770000003],[32.455533700000046,41.64783940000012],[32.45545860000004,41.64729420000009],[32.45543720000006,41.64537010000009],[32.45566250000019,41.64512150000013],[32.4556839,41.6445844000001],[32.45609159999998,41.64421560000028],[32.45610240000019,41.64341380000019],[32.45579120000019,41.64278840000014],[32.45487930000007,41.64238750000004],[32.45485780000007,41.642147000000364],[32.45552300000003,41.6421069000001],[32.45608090000019,41.64189850000008],[32.456553000000156,41.641874400000006],[32.456563700000174,41.64170600000011],[32.45522260000007,41.6401666000001],[32.453978100000086,41.63910019999997],[32.45426770000006,41.6388596000005],[32.454171200000076,41.63861110000005],[32.45442870000011,41.63834650000018],[32.453978100000086,41.63777720000047],[32.45443940000007,41.63658240000001],[32.4538922000001,41.6362537],[32.4538386000001,41.6360693000002],[32.45390290000012,41.63578860000007],[32.45374200000009,41.63547590000013],[32.45304460000011,41.63584470000012],[32.452583300000185,41.63664660000018],[32.45195030000019,41.63682300000039],[32.451521100000036,41.63658240000001],[32.45050190000006,41.6367669],[32.449965500000076,41.637007400000186],[32.44930030000012,41.63715170000023],[32.44886040000017,41.63687110000046],[32.448538500000154,41.63684710000007],[32.447959200000184,41.637119700000426],[32.44805570000017,41.6379616000001],[32.446907700000054,41.638354500000275],[32.44645710000009,41.63861910000014],[32.44629620000006,41.63897990000015],[32.446156700000074,41.63909220000005],[32.44600650000007,41.63881150000043],[32.44602800000007,41.63793750000059],[32.44614600000011,41.63760080000009],[32.445995800000105,41.63724000000008],[32.44960070000013,41.63568440000017],[32.45126370000003,41.63470610000002],[32.452722800000174,41.634000400000104],[32.45364550000011,41.63336700000008],[32.45399950000012,41.632845700000644],[32.45457890000006,41.63250090000054],[32.45476130000009,41.63229240000015],[32.45772240000014,41.631666900000084],[32.45793700000013,41.63173110000008],[32.458387600000094,41.63137830000005],[32.45869870000007,41.63141840000014],[32.45903130000005,41.631931600000144],[32.45971800000001,41.631386300000145],[32.460383200000024,41.63171510000018],[32.46084450000018,41.631522600000096],[32.46110200000015,41.631835300000034],[32.46217490000009,41.63254900000061],[32.46271130000008,41.63243680000005],[32.46295810000004,41.63266930000026],[32.46305460000008,41.63232450000015],[32.463719800000035,41.63217210000033],[32.46447089999998,41.63160280000011],[32.46518970000017,41.63083300000005],[32.465715400000136,41.63169900000008],[32.46670250000005,41.63247690000014],[32.467120900000054,41.63302220000014],[32.467882599999996,41.63345520000013],[32.46850489999997,41.63365560000051],[32.46949190000015,41.63372780000009],[32.470790100000045,41.63336700000008],[32.47105840000006,41.63343110000005],[32.47142310000004,41.63460190000029],[32.47016790000009,41.635692400000096],[32.4696636000001,41.63642210000012],[32.469191500000136,41.636734800000056],[32.4699318000001,41.63720790000008],[32.469363200000146,41.6379295000001],[32.46926660000014,41.63829840000011],[32.47027520000012,41.640310900000145],[32.46962070000012,41.64063160000006],[32.4706614000001,41.64176220000013],[32.469534900000156,41.64248379999998],[32.469749400000126,41.64285260000048],[32.46970650000014,41.64314120000006],[32.46941680000015,41.64344590000019],[32.47046830000011,41.64415140000011],[32.47139100000004,41.64407120000004],[32.471380200000056,41.64463250000017],[32.471187100000066,41.6455224000004],[32.470017700000085,41.64545830000043],[32.46928810000014,41.64522580000005],[32.468944800000145,41.645867100000146],[32.469309600000145,41.64633210000011],[32.46779680000003,41.64745450000004],[32.46688480000006,41.647230100000115],[32.465672500000096,41.64930650000014],[32.465350600000136,41.64958710000013],[32.46492150000017,41.65053300000005],[32.46426700000018,41.65076550000043]]],"type":"Polygon"}},{"type":"Feature","properties":{"area_id":"TR-74-002-2036056","name_tr":"Kışlaköy Köyü","area_level":"neighbourhood","parent_id":"TR-74-002","endeksa_id":2036056},"geometry":{"coordinates":[[[32.45545860000004,41.64729420000009],[32.455147500000066,41.64714190000046],[32.45516900000007,41.64675710000006],[32.45491150000004,41.64643640000003],[32.45486850000003,41.64592329999999],[32.454557400000056,41.64551440000008],[32.4538922000001,41.64549030000023],[32.453624000000104,41.64502530000016],[32.45326990000012,41.64475270000031],[32.453066100000115,41.64475270000031],[32.452915900000164,41.6450895000001],[32.45314120000012,41.645546400000114],[32.45286230000016,41.645698800000105],[32.45246529999997,41.64545020000014],[32.452175599999975,41.64543420000007],[32.451660600000025,41.64559460000015],[32.45105980000005,41.64520169999997],[32.45064140000005,41.64531390000002],[32.45100620000005,41.64577090000017],[32.45094180000007,41.64609160000009],[32.450737900000036,41.64643640000003],[32.45078090000004,41.64681320000011],[32.45136020000001,41.646789100000035],[32.45107050000007,41.64848869999997],[32.45056630000005,41.64956300000006],[32.45030880000007,41.649755400000345],[32.4500513000001,41.649795500000096],[32.44953630000009,41.64963519999998],[32.449257400000135,41.64985160000049],[32.44930030000012,41.65010010000009],[32.44953630000009,41.65038070000003],[32.44952560000013,41.65096590000013],[32.4497080000001,41.65129459999997],[32.44856000000016,41.65139880000061],[32.44830250000018,41.65268149999997],[32.44808790000019,41.65274560000012],[32.44756220000005,41.6526174],[32.447100900000066,41.65274560000012],[32.44697210000004,41.653074300000185],[32.44630690000008,41.65317850000042],[32.44565250000011,41.653042200000186],[32.445073100000116,41.65302620000011],[32.44428990000017,41.65238490000013],[32.4435282,41.6520321000001],[32.4435282,41.65188790000008],[32.443807100000186,41.65176760000003],[32.443807100000186,41.65156720000033],[32.443227800000045,41.651390800000115],[32.442884400000025,41.651390800000115],[32.44257330000005,41.65082970000009],[32.44190810000009,41.65038070000003],[32.441800800000124,41.650036000000114],[32.440867400000116,41.649426700000504],[32.440481200000136,41.64896170000003],[32.43997689999998,41.64888159999998],[32.439408300000025,41.64831240000018],[32.43933320000019,41.6476550000001],[32.43892550000004,41.64743050000004],[32.438850400000035,41.64698150000015],[32.43835690000009,41.646596700000146],[32.43837830000007,41.6463081000004],[32.43861440000006,41.645939300000066],[32.43855000000008,41.645546400000114],[32.43823880000008,41.64542620000026],[32.43654370000013,41.645779000000175],[32.43610380000018,41.64560260000064],[32.43517040000006,41.64496120000018],[32.43478420000008,41.64453630000003],[32.43270280000013,41.64419150000009],[32.43240240000017,41.64406320000046],[32.43201610000017,41.64367040000013],[32.43172640000017,41.64354210000033],[32.429752300000075,41.643325600000026],[32.428518500000166,41.643477900000164],[32.425857800000074,41.64346190000009],[32.424967300000105,41.64368640000055],[32.42380860000003,41.64345390000017],[32.423840800000164,41.642636100000686],[32.423475999999994,41.642523800000276],[32.42342230000003,41.64222720000009],[32.42305750000003,41.641962600000056],[32.42241380000007,41.64101650000026],[32.42227430000008,41.64030290000005],[32.42227430000008,41.63970960000012],[32.422351662312906,41.63959392232772],[32.422103221736506,41.639716934717],[32.42183552698998,41.639618699097355],[32.42211340000006,41.63992610000014],[32.42178080000008,41.640671700000155],[32.4215233000001,41.6409604000001],[32.42153410000009,41.64124900000013],[32.421705700000075,41.64144950000002],[32.4217915000001,41.64179420000016],[32.421319500000095,41.64248379999998],[32.42107270000014,41.6426441000001],[32.4210513000001,41.642908700000135],[32.4214482000001,41.64318930000013],[32.422263600000065,41.64342980000009],[32.42161990000011,41.64368640000055],[32.42050410000013,41.64367040000013],[32.42017150000015,41.64338170000002],[32.42022510000015,41.642908700000135],[32.42004270000018,41.642884600000286],[32.41962430000018,41.64322140000007],[32.41921660000003,41.64305300000018],[32.418648000000076,41.6430129000006],[32.41830470000008,41.64275640000034],[32.41763950000012,41.642636100000686],[32.41605160000017,41.64266820000017],[32.41603020000019,41.64206680000012],[32.41577270000016,41.64193050000006],[32.41582630000016,41.64171400000009],[32.416040900000155,41.64144140000025],[32.41608379999997,41.64107260000014],[32.416405700000155,41.640824100000145],[32.41636280000017,41.64049530000011],[32.41688850000014,41.640190600000494],[32.41674900000015,41.63976570000051],[32.416427100000135,41.63936480000001],[32.41649150000012,41.63899600000042],[32.416287600000146,41.63841860000025],[32.416631000000166,41.63782530000003],[32.41685630000012,41.636967300000606],[32.416920700000105,41.63618150000025],[32.417306900000085,41.63583670000014],[32.417339100000106,41.6355240000002],[32.41775750000011,41.63539570000006],[32.41814370000009,41.6349467000004],[32.418454900000086,41.634730200000604],[32.41877670000002,41.63435330000033],[32.41914150000002,41.633527300000196],[32.419334600000184,41.63328680000001],[32.42012860000017,41.63324670000043],[32.420600600000114,41.632933900000126],[32.42074010000016,41.63254100000012],[32.42260690000006,41.63226840000016],[32.4232614,41.63178720000013],[32.42332580000004,41.63145840000061],[32.42310050000003,41.63062450000018],[32.42287520000002,41.63032770000012],[32.423207700000034,41.63014330000016],[32.42362620000017,41.63035980000012],[32.42436650000013,41.63031170000005],[32.425171100000114,41.630568300000505],[32.42576120000007,41.63047210000036],[32.426265500000056,41.631241900000134],[32.427016500000036,41.631747100000155],[32.42752070000017,41.631835300000034],[32.42798210000018,41.631707000000574],[32.427907000000175,41.63236460000013],[32.42756370000018,41.6327495000005],[32.42798210000018,41.63310230000002],[32.42888330000011,41.63315850000009],[32.429215900000145,41.6346099000001],[32.43041750000009,41.635291500000505],[32.43094320000006,41.63568440000017],[32.43106130000007,41.636085300000104],[32.431329500000004,41.63623760000013],[32.43224140000018,41.63626970000007],[32.432917300000156,41.63746450000053],[32.43265990000015,41.637632900000256],[32.43264910000016,41.6379616000001],[32.43381860000011,41.63937280000033],[32.43460180000005,41.63928460000017],[32.43479490000004,41.639669500000366],[32.43479490000004,41.64060760000018],[32.43567469999999,41.64080000000047],[32.43580340000017,41.64120890000004],[32.43672610000016,41.641633900000045],[32.43657590000015,41.64282050000031],[32.437015800000154,41.64289270000006],[32.43728400000015,41.64274830000005],[32.43749860000014,41.64229929999999],[32.43803500000007,41.64209089999997],[32.438281800000084,41.6418584000001],[32.43834610000005,41.64120890000004],[32.43900060000004,41.6410967000005],[32.43919370000003,41.63970150000017],[32.43973020000004,41.639436900000305],[32.44076010000015,41.639565200000106],[32.445995800000105,41.63724000000008],[32.44614600000011,41.63760080000009],[32.44602800000007,41.63793750000059],[32.44600650000007,41.63881150000043],[32.446156700000074,41.63909220000005],[32.44629620000006,41.63897990000015],[32.44645710000009,41.63861910000014],[32.446907700000054,41.638354500000275],[32.44805570000017,41.6379616000001],[32.447959200000184,41.637119700000426],[32.448538500000154,41.63684710000007],[32.44886040000017,41.63687110000046],[32.44930030000012,41.63715170000023],[32.449965500000076,41.637007400000186],[32.45050190000006,41.6367669],[32.451521100000036,41.63658240000001],[32.45195030000019,41.63682300000039],[32.452583300000185,41.63664660000018],[32.45304460000011,41.63584470000012],[32.45374200000009,41.63547590000013],[32.45390290000012,41.63578860000007],[32.4538386000001,41.6360693000002],[32.4538922000001,41.6362537],[32.45443940000007,41.63658240000001],[32.453978100000086,41.63777720000047],[32.45442870000011,41.63834650000018],[32.454171200000076,41.63861110000005],[32.45426770000006,41.6388596000005],[32.453978100000086,41.63910019999997],[32.45522260000007,41.6401666000001],[32.456563700000174,41.64170600000011],[32.456553000000156,41.641874400000006],[32.45608090000019,41.64189850000008],[32.45552300000003,41.6421069000001],[32.45485780000007,41.642147000000364],[32.45487930000007,41.64238750000004],[32.45579120000019,41.64278840000014],[32.45610240000019,41.64341380000019],[32.45609159999998,41.64421560000028],[32.4556839,41.6445844000001],[32.45566250000019,41.64512150000013],[32.45543720000006,41.64537010000009],[32.45545860000004,41.64729420000009]]],"type":"Polygon"}},{"type":"Feature","properties":{"area_id":"TR-74-002-2036020","name_tr":"Çamaltı Köyü","area_level":"neighbourhood","parent_id":"TR-74-002","endeksa_id":2036020},"geometry":{"coordinates":[[[32.39045260000006,41.64638020000018],[32.390323900000055,41.646909400000084],[32.390377500000056,41.647831400000314],[32.39003420000006,41.64818410000004],[32.38933680000008,41.64820820000023],[32.388886200000115,41.64855290000014],[32.38877890000009,41.64959510000023],[32.38917590000011,41.65010010000009],[32.38847850000013,41.65075750000011],[32.38787770000016,41.6506773000001],[32.38760950000017,41.650861700000064],[32.38808150000017,41.651262600000166],[32.38803860000013,41.65145500000028],[32.387566600000184,41.65157520000014],[32.386697500000025,41.65125450000039],[32.38630060000003,41.65145500000028],[32.386332700000025,41.6517917000001],[32.38726609999998,41.65227260000006],[32.387234000000035,41.652529200000345],[32.38548520000006,41.65268950000046],[32.38561390000007,41.653547300000014],[32.38534570000007,41.65396410000005],[32.384648300000094,41.6540603000002],[32.384498100000144,41.65364349999999],[32.384069000000125,41.653475100000094],[32.38385440000013,41.653226600000494],[32.38381150000015,41.65288990000016],[32.38368270000018,41.65274560000012],[32.38294239999999,41.6533869000001],[32.38240600000006,41.6533869000001],[32.38109710000009,41.65208830000046],[32.38112930000011,41.65111830000012],[32.38090390000008,41.650909800000136],[32.380110000000116,41.650861700000064],[32.379595000000165,41.65051700000015],[32.37939120000016,41.64989970000056],[32.37894060000019,41.64933050000036],[32.37896182205753,41.64886109307338],[32.378649080686614,41.64900394669115],[32.37838323348956,41.6488111257014],[32.37854360000006,41.64933050000036],[32.378093000000035,41.64952290000065],[32.378135900000075,41.64998790000004],[32.37748140000008,41.650084100000186],[32.3770416000001,41.65070940000004],[32.37670900000012,41.65070940000004],[32.376312000000155,41.65082970000009],[32.37609740000016,41.65074150000004],[32.375421500000186,41.650933900000155],[32.37510800000018,41.65091048100044],[32.37335600200015,41.644919673000174],[32.37324494100011,41.64374845999998],[32.37296340600017,41.64322089100017],[32.36986074500004,41.64192873600007],[32.36982890800016,41.64166708900018],[32.37131792000008,41.632264183000075],[32.37118865500014,41.632152061],[32.37134192100007,41.632060234000164],[32.371665146000055,41.62799072700017],[32.371843285000125,41.62790389500009],[32.37773886600007,41.629715026999975],[32.37782004100012,41.629795908000006],[32.377762236000024,41.62988900900052],[32.37759334500004,41.62998873700025],[32.3774600000001,41.62992680000036],[32.37674120000014,41.63030370000013],[32.37654800000013,41.63063250000016],[32.37656950000013,41.6309452000001],[32.37695570000011,41.63161080000043],[32.377397121000115,41.63212998400007],[32.377825041000165,41.634537460000104],[32.37689140000009,41.63535560000048],[32.3767304000001,41.63571640000049],[32.37686990000009,41.636157500000024],[32.3771703000001,41.63639800000004],[32.37819196300018,41.6366017630001],[32.37821100000002,41.637007400000186],[32.37872600000003,41.637320100000125],[32.37902639999999,41.63775310000011],[32.378704500000026,41.639228500000115],[32.37836120000003,41.63964540000018],[32.378318300000046,41.63990200000006],[32.378522100000055,41.640110500000105],[32.38026020000012,41.64090420000002],[32.38060350000012,41.640864200000124],[32.38082880000013,41.640703800000324],[32.381418900000085,41.63938080000014],[32.382330900000056,41.6388596000005],[32.38234160000002,41.63857900000005],[32.38204120000006,41.63793750000059],[32.382330900000056,41.63749650000034],[32.38385440000013,41.63699140000011],[32.38425130000013,41.63661450000001],[32.384358600000155,41.63614940000008],[32.38422990000015,41.635772600000166],[32.38371687819341,41.63547703966981],[32.384017514937,41.635602293523334],[32.38428654970551,41.63550276175988],[32.38433167588744,41.6353350363878],[32.384145198506474,41.63498071905002],[32.38440150000014,41.635451800000624],[32.385045300000115,41.63576460000007],[32.3855281000001,41.63584470000012],[32.38699790000004,41.63574050000017],[32.388714500000106,41.63536360000006],[32.3893690000001,41.635652300000515],[32.38945480000007,41.63598110000004],[32.38834980000013,41.636534300000164],[32.38844630000011,41.63679890000003],[32.38881110000011,41.63712770000001],[32.38896130000012,41.63746450000053],[32.38926170000008,41.63761680000016],[32.38943340000009,41.63816210000016],[32.390677900000014,41.63861110000005],[32.39096760000018,41.639148300000045],[32.391396800000166,41.63945300000057],[32.39184740000019,41.63955720000013],[32.39210490000016,41.639829800000484],[32.39199760000014,41.64021470000017],[32.3928451000001,41.640671700000155],[32.39287730000012,41.641633900000045],[32.392212100000165,41.64197860000013],[32.39210490000016,41.64213100000046],[32.392362300000116,41.64302090000001],[32.39257690000011,41.64302090000001],[32.3927700000001,41.643317600000046],[32.3928130000001,41.6438067000002],[32.39153620000019,41.643886800000075],[32.39171860000016,41.644319800000005],[32.391772300000184,41.64474469999999],[32.39168639999997,41.645001300000274],[32.39097830000003,41.645418200000165],[32.39125730000018,41.645698800000105],[32.39086030000004,41.64588320000041],[32.39045260000006,41.646260000000325],[32.39045260000006,41.64638020000018]]],"type":"Polygon"}},{"type":"Feature","properties":{"area_id":"TR-74-002-2036055","name_tr":"Kayadibikavlak Köyü","area_level":"neighbourhood","parent_id":"TR-74-002","endeksa_id":2036055},"geometry":{"coordinates":[[[32.48233440000013,41.65366750000038],[32.48204470000013,41.65408430000008],[32.48149750000016,41.653811800000085],[32.48115420000016,41.653595400000086],[32.48069290000018,41.65309830000018],[32.479888200000005,41.65284980000058],[32.47964140000005,41.652697500000045],[32.47922300000005,41.65209630000004],[32.4787831000001,41.65180770000018],[32.47692700000016,41.65100600000011],[32.476605200000165,41.65076550000043],[32.47603650000019,41.65017230000001],[32.47567180000004,41.64920230000041],[32.47481880000015,41.64798370000011],[32.474556000000064,41.64811190000006],[32.47290370000013,41.64691740000018],[32.47086520000005,41.64609160000009],[32.469309600000145,41.64633210000011],[32.468944800000145,41.645867100000146],[32.46928810000014,41.64522580000005],[32.470017700000085,41.64545830000043],[32.471187100000066,41.6455224000004],[32.471380200000056,41.64463250000017],[32.47139100000004,41.64407120000004],[32.47046830000011,41.64415140000011],[32.46941680000015,41.64344590000019],[32.46970650000014,41.64314120000006],[32.469749400000126,41.64285260000048],[32.469534900000156,41.64248379999998],[32.4706614000001,41.64176220000013],[32.46962070000012,41.64063160000006],[32.47027520000012,41.640310900000145],[32.46926660000014,41.63829840000011],[32.469363200000146,41.6379295000001],[32.4699318000001,41.63720790000008],[32.469191500000136,41.636734800000056],[32.4696636000001,41.63642210000012],[32.47016790000009,41.635692400000096],[32.47142310000004,41.63460190000029],[32.47186300000004,41.63442540000011],[32.472957400000155,41.63444950000047],[32.47338650000012,41.634305200000256],[32.47362250000015,41.63392830000015],[32.47512460000007,41.63453770000012],[32.477345500000126,41.63444950000047],[32.47781750000013,41.63618150000025],[32.47851490000011,41.637111700000105],[32.47850420000009,41.63730410000005],[32.477688800000124,41.63786540000012],[32.47803210000012,41.63825830000013],[32.478622200000075,41.63862710000012],[32.4784183000001,41.639236500000095],[32.4787080000001,41.639228500000115],[32.47902990000006,41.63985390000016],[32.47912640000004,41.640391100000386],[32.479544900000064,41.64152160000049],[32.47930880000007,41.64197060000015],[32.47925520000007,41.64237150000014],[32.48021010000019,41.64258000000012],[32.48033880000003,41.64294880000011],[32.479748700000016,41.64318930000013],[32.479931100000044,41.64386280000008],[32.480499700000166,41.644127400000116],[32.48052120000017,41.64431180000042],[32.4798667,41.64446410000005],[32.48000620000005,41.64503330000008],[32.48048899999998,41.64534600000019],[32.48082160000018,41.6451055],[32.48126150000013,41.644969200000105],[32.48160480000013,41.64496120000018],[32.4826240000001,41.64522580000005],[32.48354670000003,41.64520169999997],[32.48463030000016,41.64631609999998],[32.48490929999997,41.64640430000054],[32.484684000000186,41.64670899999999],[32.484684000000186,41.64685330000003],[32.484877100000176,41.64717390000027],[32.485177500000134,41.64820820000023],[32.48460890000018,41.64953900000006],[32.48437280000019,41.64973940000044],[32.484651800000165,41.650124200000164],[32.48437280000019,41.65047690000017],[32.483943700000054,41.65063730000048],[32.48312830000009,41.65069340000014],[32.4826240000001,41.65086969999999],[32.4825489000001,41.65136680000012],[32.48378280000003,41.65259330000032],[32.48367550000006,41.65293000000014],[32.482656200000065,41.653234600000076],[32.48233440000013,41.65366750000038]]],"type":"Polygon"}},{"type":"Feature","properties":{"area_id":"TR-74-002-2036093","name_tr":"Karaköyşeyhler Köyü","area_level":"neighbourhood","parent_id":"TR-74-002","endeksa_id":2036093},"geometry":{"coordinates":[[[32.57304670000019,41.654749700000025],[32.57236000000006,41.65511040000007],[32.57182360000007,41.65471760000008],[32.57117990000012,41.654557300000135],[32.57092240000014,41.65417250000024],[32.56997820000015,41.653723600000035],[32.56946320000003,41.65360340000041],[32.56870150000003,41.65360340000041],[32.56761790000007,41.65336290000005],[32.56687760000011,41.65353920000007],[32.56586910000016,41.65337890000012],[32.565300500000035,41.65302620000011],[32.56370190000007,41.65279370000002],[32.56325120000008,41.65213640000053],[32.562747000000115,41.65180770000018],[32.562060300000155,41.65218450000009],[32.561148400000036,41.65141490000019],[32.55982870000008,41.64959510000023],[32.559152800000106,41.649875700000166],[32.55791900000014,41.64963519999998],[32.557307500000036,41.6498115],[32.55723240000003,41.649266400000386],[32.55670670000006,41.648977800000125],[32.555784000000074,41.648729300000355],[32.554947100000106,41.64823220000011],[32.55447510000016,41.64820010000062],[32.553874200000166,41.64702960000005],[32.554947100000106,41.647446500000115],[32.55553720000006,41.64676510000004],[32.55504370000011,41.646292100000494],[32.55506510000009,41.64577090000017],[32.55444290000014,41.645249800000045],[32.55435700000015,41.64447210000003],[32.55367040000016,41.64423160000018],[32.55209330000008,41.64441599999998],[32.5516856000001,41.64398300000022],[32.550559000000135,41.64368640000055],[32.549250100000165,41.642836500000215],[32.54878880000001,41.64279640000012],[32.54841330000005,41.642908700000135],[32.547984100000065,41.64379860000008],[32.54622460000013,41.644680600000015],[32.54566669999997,41.645530399999984],[32.54417540000003,41.646179800000084],[32.54285570000013,41.646099600000014],[32.541729200000134,41.645698800000105],[32.54066700000004,41.64466450000015],[32.53932590000011,41.64451220000012],[32.53805990000012,41.64406320000046],[32.53650430000005,41.644031200000654],[32.533961500000146,41.64483290000055],[32.532470200000034,41.64463250000017],[32.53130080000011,41.64387880000015],[32.53027080000015,41.643846800000176],[32.52960560000014,41.644207500000675],[32.52818940000003,41.64400710000007],[32.52767440000008,41.6438067000002],[32.52632260000013,41.64386280000008],[32.525861300000145,41.64365430000038],[32.52522829999998,41.643678400000056],[32.52472399999999,41.643309600000634],[32.52231000000012,41.64386280000008],[32.520303700000056,41.64315720000013],[32.51930590000006,41.64315720000013],[32.51865150000009,41.64272430000017],[32.51793260000011,41.64260400000052],[32.51624820000001,41.64265210000008],[32.511119800000074,41.6435902000004],[32.50809430000004,41.64428770000006],[32.5067317000001,41.64287660000019],[32.50530480000015,41.64060760000018],[32.50187160000013,41.64064770000016],[32.4962175,41.63861110000005],[32.49561670000003,41.63789750000012],[32.49468330000008,41.63808990000041],[32.49391080000015,41.63784930000003],[32.49371770000016,41.63744040000017],[32.493234900000175,41.63728000000003],[32.49308470000017,41.636959300000115],[32.49251600000002,41.636566400000106],[32.49243020000017,41.635932900000284],[32.491411000000085,41.635339600000066],[32.49119640000009,41.63438530000013],[32.48989820000014,41.63306220000044],[32.489984000000106,41.632613200000094],[32.48935100000017,41.632092000000455],[32.488997000000154,41.63136220000047],[32.48953340000014,41.63120990000016],[32.489576300000124,41.63100140000046],[32.489050600000155,41.63027160000047],[32.488846799999976,41.62983860000003],[32.488632199999984,41.62968619999998],[32.48769880000003,41.62993480000017],[32.487366200000054,41.62964610000023],[32.48718380000008,41.629205000000184],[32.487355500000035,41.62906870000006],[32.487205300000085,41.628844200000174],[32.48673320000006,41.628659700000185],[32.48659370000007,41.62844319999999],[32.48563880000012,41.628451200000484],[32.48535990000016,41.6282427000001],[32.48546720000013,41.6276974000001],[32.484844900000155,41.62667890000057],[32.48705510000008,41.62598120000007],[32.488127899999995,41.6257566000001],[32.49043460000007,41.62566040000013],[32.49207610000019,41.62599720000014],[32.492537500000026,41.6257566000001],[32.49277350000017,41.625924999999995],[32.49285940000016,41.62738459999997],[32.493288500000176,41.627873800000316],[32.49372840000012,41.62796199999997],[32.4944043000001,41.627713400000005],[32.493953700000134,41.6271921000004],[32.49407170000012,41.62691950000004],[32.494715400000075,41.6268553000001],[32.49738690000015,41.62543580000039],[32.49864220000012,41.624441400000535],[32.49937180000006,41.62432110000003],[32.49989750000003,41.62390400000015],[32.50332000000009,41.62196310000047],[32.508029900000054,41.61901160000019],[32.510014800000135,41.61850630000009],[32.50825520000001,41.61800899999997],[32.50677470000011,41.617367400000035],[32.504929300000185,41.61589950000041],[32.50261500000016,41.614347000000066],[32.506227400000114,41.61005200000011],[32.5065213740001,41.60987452900008],[32.522113909000154,41.614012566999975],[32.526311800000144,41.61672570000002],[32.52623920600013,41.616948218000175],[32.526436131000025,41.61708835400054],[32.52589751000011,41.619112157000075],[32.52594265100004,41.61920522500009],[32.53158741400017,41.619894602000386],[32.53486884900019,41.61715764700068],[32.53765990000011,41.6073758],[32.54922860000016,41.60825510000029],[32.55107367900018,41.609538491000194],[32.55208185300012,41.61001828200034],[32.555785707000155,41.60948097300002],[32.55791756800005,41.608901720000176],[32.55840037500013,41.60910166900044],[32.558927500000095,41.60902520000042],[32.56271023400012,41.610971088000156],[32.56417114100009,41.61160187500036],[32.5642294785697,41.611719152773276],[32.564040900000066,41.61165560000063],[32.56334780000009,41.612530600000014],[32.56169560000018,41.61379800000026],[32.56154540000017,41.61415890000012],[32.56101960000018,41.614584100000286],[32.56090160000019,41.615193700000134],[32.5593674000001,41.6170626],[32.55790830000018,41.617182900000046],[32.55693200000019,41.61755990000012],[32.555086600000095,41.61761600000068],[32.554206800000145,41.61788070000006],[32.55357380000015,41.61835390000027],[32.55275840000019,41.61948480000041],[32.55227560000003,41.61995000000053],[32.55301589999999,41.62064780000003],[32.55388500000015,41.621008700000004],[32.55464670000015,41.62145790000005],[32.55438920000012,41.622163700000044],[32.5548720000001,41.62281330000047],[32.55662080000002,41.62342280000013],[32.55661010000006,41.62463380000014],[32.55699630000004,41.62533160000015],[32.55739330000017,41.625732600000106],[32.55755419999997,41.62655860000007],[32.55782250000016,41.62698360000002],[32.560225700000046,41.62714400000033],[32.56074070000005,41.62760920000045],[32.560955300000046,41.62878000000069],[32.561255700000174,41.62977440000054],[32.562038900000175,41.63013530000006],[32.56298300000009,41.630151300000136],[32.56358380000006,41.63032770000012],[32.56409880000007,41.63157870000026],[32.56465670000006,41.63177120000006],[32.56523609999999,41.63298210000005],[32.566394800000126,41.633174500000166],[32.56669520000014,41.63386409999998],[32.56723160000013,41.63428910000016],[32.567124400000125,41.63472210000015],[32.56673810000012,41.63510700000052],[32.56652350000013,41.63584470000012],[32.56683470000013,41.63682300000039],[32.5674891000001,41.637039500000185],[32.568444000000056,41.63780930000064],[32.568980400000044,41.63857100000007],[32.569001900000046,41.63944500000008],[32.56843330000004,41.63986190000014],[32.56829380000005,41.64054340000001],[32.56688830000013,41.641994700000055],[32.56673810000012,41.64289270000006],[32.5670707000001,41.64328550000005],[32.567156500000124,41.6445202000001],[32.5669420000001,41.644929100000695],[32.567156500000124,41.64548230000014],[32.56725310000013,41.64640430000054],[32.566920500000094,41.64681320000011],[32.56683470000013,41.64726210000009],[32.56693120000011,41.64799170000043],[32.567338900000095,41.64877740000043],[32.56862640000003,41.64896170000003],[32.57011770000014,41.64931450000046],[32.5711477000001,41.65038870000052],[32.57271410000004,41.651262600000166],[32.572799900000064,41.65144690000068],[32.57326130000018,41.65166340000047],[32.57355089999999,41.652376900000036],[32.57459160000013,41.65284180000009],[32.57422680000013,41.653547300000014],[32.5733793,41.65365950000006],[32.57319690000003,41.65390800000006],[32.57342220000004,41.65418050000005],[32.57304670000019,41.654749700000025]]],"type":"Polygon"}},{"type":"Feature","properties":{"area_id":"TR-74-002-99750","name_tr":"Hürriyet","area_level":"neighbourhood","parent_id":"TR-74-002","endeksa_id":99750},"geometry":{"coordinates":[[[32.33638570942708,41.65471068730989],[32.337390000000084,41.65538000000032],[32.33654000000007,41.65551000000028],[32.333860000000186,41.654960000000415],[32.33317000000011,41.65457000000009],[32.33285000000012,41.65461000000005],[32.33272000000022,41.65443000000005],[32.33241000000015,41.65451000000013],[32.3317100000001,41.653720000000135],[32.33095000000014,41.653070000000355],[32.330050000000085,41.652800000000184],[32.32864000000012,41.651990000000126],[32.326980000000106,41.65164000000016],[32.32662000000016,41.6513300000006],[32.32659000000018,41.65110000000004],[32.32678000000004,41.65082000000035],[32.32701000000009,41.65057000000024],[32.32719000000009,41.65051000000028],[32.3276800000001,41.650500000000136],[32.329300000000046,41.65098000000006],[32.32941000000005,41.65093000000019],[32.32932000000011,41.65028000000041],[32.32939000000022,41.649790000000394],[32.329620000000034,41.6493500000002],[32.33104000000009,41.649630000000116],[32.331600000000094,41.65001000000012],[32.33254000000005,41.650160000000426],[32.33342000000005,41.65049000000005],[32.333490000000154,41.651300000000276],[32.333080000000166,41.651370000000384],[32.33262000000008,41.651620000000435],[32.332470000000114,41.65189000000004],[32.332430000000215,41.652490000000114],[32.33344000000011,41.652700000000266],[32.3337600000001,41.65300000000025],[32.33421000000004,41.653690000000324],[32.334140000000104,41.65390000000008],[32.334660000000156,41.6539600000001],[32.334980000000144,41.65439000000015],[32.33638570942708,41.65471068730989]]],"type":"Polygon"}},{"type":"Feature","properties":{"area_id":"TR-74-002-90682","name_tr":"Orduyeri","area_level":"neighbourhood","parent_id":"TR-74-002","endeksa_id":90682},"geometry":{"coordinates":[[[32.35820511900005,41.65098616600039],[32.35803686200006,41.6510772110002],[32.357173307000096,41.653862983000124],[32.356704384000125,41.65441805100022],[32.35662326700009,41.65429601799997],[32.35611959100015,41.65424965600005],[32.34754879100012,41.65622084200044],[32.345920095,41.65637817600049],[32.33651672785322,41.654482308547585],[32.33632287828624,41.65455394256861],[32.33638570942708,41.65471068730989],[32.334980000000144,41.65439000000015],[32.334660000000156,41.6539600000001],[32.334140000000104,41.65390000000008],[32.33421000000004,41.653690000000324],[32.3337600000001,41.65300000000025],[32.33344000000011,41.652700000000266],[32.332430000000215,41.652490000000114],[32.332470000000114,41.65189000000004],[32.33262000000008,41.651620000000435],[32.333080000000166,41.651370000000384],[32.333490000000154,41.651300000000276],[32.33342000000005,41.65049000000005],[32.33254000000005,41.650160000000426],[32.331600000000094,41.65001000000012],[32.33104000000009,41.649630000000116],[32.329620000000034,41.6493500000002],[32.32966000000016,41.648950000000355],[32.3294600000001,41.6485600000002],[32.32970000000006,41.647870000000125],[32.32944000000009,41.64758000000012],[32.32945000000018,41.64739000000003],[32.32990000000012,41.64684000000017],[32.32958000000008,41.64670000000035],[32.32854000000003,41.64704000000023],[32.32749000000018,41.64764000000014],[32.32690000000025,41.648460000000455],[32.32665000000014,41.64864000000006],[32.32650000000018,41.64864000000006],[32.32622000000009,41.64897000000019],[32.325750000000085,41.64857000000035],[32.32599000000005,41.648060000000044],[32.32610000000011,41.64724000000041],[32.32512000000003,41.64652000000052],[32.32504000000017,41.64621000000045],[32.32472000000013,41.645980000000066],[32.3242400000002,41.645820000000185],[32.323640000000125,41.645110000000386],[32.32319000000024,41.644890000000146],[32.32284000000004,41.644900000000064],[32.32249000000019,41.644740000000354],[32.32205000000005,41.64426000000043],[32.3209100000002,41.64377000000036],[32.320569645797946,41.64347413286373],[32.32129870400007,41.64236363400016],[32.32216909400012,41.64160296100056],[32.32270387600016,41.64135406100007],[32.324338207000096,41.64135349700052],[32.329967752000016,41.64486173900036],[32.330846282000095,41.64501716799998],[32.33179183900006,41.64491716700019],[32.333146543000055,41.644445921000056],[32.334408791000044,41.64347974200018],[32.33489546300018,41.642579082000054],[32.33489846000015,41.642056419000596],[32.33461401400007,41.64084469000011],[32.33431688700006,41.640399689000105],[32.33290877900009,41.63951800600012],[32.332346382000026,41.63853169100014],[32.33236681300019,41.63842939900019],[32.332764935000114,41.638167085000134],[32.33503447800001,41.63806365000005],[32.336202300000025,41.63854290000023],[32.340506910000045,41.63976649600022],[32.34166860000005,41.64004230000012],[32.34250539999999,41.63989000000049],[32.342811200000085,41.63957730000004],[32.34288099999998,41.63929260000009],[32.34359650700014,41.63405466700004],[32.34379830000006,41.63378390000014],[32.34435620000005,41.63314240000068],[32.34447757700019,41.63241326000002],[32.34467348700008,41.631875014000116],[32.34503188712654,41.631462923338745],[32.34561680000007,41.631201800000156],[32.346630700000105,41.63106950000008],[32.347451140000146,41.63108430800003],[32.34748474600008,41.63100875600003],[32.34816032900011,41.631614381000134],[32.348152396000046,41.63238549200008],[32.34754228100013,41.633168757000135],[32.347693571000036,41.634193007000476],[32.3484738570001,41.6360822770003],[32.35029109800007,41.63701603200019],[32.35120477300012,41.637736533000066],[32.351794495000036,41.63835912400066],[32.35215618900014,41.63972118100014],[32.353122781000025,41.64071928999999],[32.35491373600013,41.64119207100049],[32.35635552200006,41.64083313400005],[32.357263476000014,41.64033276100008],[32.357377812000095,41.63892209500011],[32.35747236200007,41.63883551000009],[32.359745363000116,41.63885810300064],[32.360537175000104,41.63919037700009],[32.36075284800006,41.63969874600048],[32.36092367399999,41.6404516020001],[32.36069420000001,41.6410999090005],[32.35953100800009,41.642582728000036],[32.35953000900008,41.64321636700015],[32.35985840700005,41.6436473170001],[32.35987925300003,41.64434451500006],[32.35954269400014,41.64495661800015],[32.35883908599999,41.645137192000504],[32.35820511900005,41.65098616600039]]],"type":"Polygon"}},{"type":"Feature","properties":{"area_id":"TR-74-002-2036085","name_tr":"Yıldız Köyü","area_level":"neighbourhood","parent_id":"TR-74-002","endeksa_id":2036085},"geometry":{"coordinates":[[[32.373712422117194,41.64613842124561],[32.37510800000018,41.65091048100044],[32.375452462000055,41.65210123900005],[32.37454050538355,41.65764976831139],[32.3743803210001,41.65771783900004],[32.372584463399335,41.657285038092425],[32.37104000000022,41.65680000000003],[32.37039000000004,41.65696000000031],[32.369730000000175,41.65678000000037],[32.36929000000015,41.65677000000022],[32.369080000000224,41.65687000000014],[32.368614698288354,41.6574352568058],[32.368599067813534,41.65730559960332],[32.36844525913165,41.65725484535824],[32.367797107,41.65754748000006],[32.367634376000126,41.65753077100055],[32.366244163938404,41.65619239737583],[32.373712422117194,41.64613842124561]]],"type":"Polygon"}},{"type":"Feature","properties":{"area_id":"TR-74-002-2036094","name_tr":"Kayacılar Köyü","area_level":"neighbourhood","parent_id":"TR-74-002","endeksa_id":2036094},"geometry":{"coordinates":[[[32.60623099999998,41.65588800000006],[32.60278700000015,41.656160500000055],[32.600748500000066,41.656681600000184],[32.598345300000176,41.65713050000056],[32.597250900000006,41.65781980000003],[32.593967900000166,41.65729080000017],[32.59344220000003,41.65773170000057],[32.59145740000014,41.65682590000023],[32.58862490000007,41.65623270000003],[32.58336780000013,41.65667360000009],[32.582638300000156,41.656994200000156],[32.581543899999986,41.656946100000084],[32.580803600000024,41.65720260000012],[32.57998820000006,41.657274700000414],[32.579537600000094,41.65743510000004],[32.578840200000116,41.65741900000012],[32.5789261000001,41.65656130000036],[32.578271600000164,41.65606430000008],[32.57739190000018,41.655711600000075],[32.575750300000095,41.65536690000016],[32.57489200000015,41.65482180000032],[32.57395859999997,41.65492610000007],[32.57304670000019,41.654749700000025],[32.57342220000004,41.65418050000005],[32.57319690000003,41.65390800000006],[32.5733793,41.65365950000006],[32.57422680000013,41.653547300000014],[32.57459160000013,41.65284180000009],[32.57355089999999,41.652376900000036],[32.57326130000018,41.65166340000047],[32.572799900000064,41.65144690000068],[32.57271410000004,41.651262600000166],[32.5711477000001,41.65038870000052],[32.57011770000014,41.64931450000046],[32.56862640000003,41.64896170000003],[32.567338900000095,41.64877740000043],[32.56693120000011,41.64799170000043],[32.56683470000013,41.64726210000009],[32.566920500000094,41.64681320000011],[32.56725310000013,41.64640430000054],[32.567156500000124,41.64548230000014],[32.5669420000001,41.644929100000695],[32.567156500000124,41.6445202000001],[32.5670707000001,41.64328550000005],[32.56673810000012,41.64289270000006],[32.56688830000013,41.641994700000055],[32.56829380000005,41.64054340000001],[32.56843330000004,41.63986190000014],[32.569001900000046,41.63944500000008],[32.568980400000044,41.63857100000007],[32.568444000000056,41.63780930000064],[32.5674891000001,41.637039500000185],[32.56683470000013,41.63682300000039],[32.56652350000013,41.63584470000012],[32.56673810000012,41.63510700000052],[32.567124400000125,41.63472210000015],[32.56723160000013,41.63428910000016],[32.56669520000014,41.63386409999998],[32.566394800000126,41.633174500000166],[32.56523609999999,41.63298210000005],[32.56465670000006,41.63177120000006],[32.56409880000007,41.63157870000026],[32.56358380000006,41.63032770000012],[32.56298300000009,41.630151300000136],[32.562038900000175,41.63013530000006],[32.561255700000174,41.62977440000054],[32.560955300000046,41.62878000000069],[32.56074070000005,41.62760920000045],[32.560225700000046,41.62714400000033],[32.55782250000016,41.62698360000002],[32.55755419999997,41.62655860000007],[32.55739330000017,41.625732600000106],[32.55699630000004,41.62533160000015],[32.55661010000006,41.62463380000014],[32.55662080000002,41.62342280000013],[32.5548720000001,41.62281330000047],[32.55438920000012,41.622163700000044],[32.55464670000015,41.62145790000005],[32.55388500000015,41.621008700000004],[32.55301589999999,41.62064780000003],[32.55227560000003,41.61995000000053],[32.55275840000019,41.61948480000041],[32.55357380000015,41.61835390000027],[32.554206800000145,41.61788070000006],[32.555086600000095,41.61761600000068],[32.55693200000019,41.61755990000012],[32.55790830000018,41.617182900000046],[32.5593674000001,41.6170626],[32.56090160000019,41.615193700000134],[32.56101960000018,41.614584100000286],[32.56154540000017,41.61415890000012],[32.56169560000018,41.61379800000026],[32.56334780000009,41.612530600000014],[32.564040900000066,41.61165560000063],[32.5642294785697,41.611719152773276],[32.564312377154806,41.61162432514806],[32.564463987411955,41.61161814001849],[32.565779867000174,41.612212818000046],[32.567124400000125,41.612049300000194],[32.57115428600014,41.614589282],[32.571269916999995,41.614469858000064],[32.57229374300016,41.61516140700036],[32.57269545800011,41.61533949000011],[32.57401775400007,41.615520986000035],[32.57654430000008,41.61529800000005],[32.577352405000056,41.61597869600007],[32.584188438000126,41.61691700100016],[32.58434331799998,41.61682108300005],[32.584406962000116,41.61701543800001],[32.59718310400012,41.62238842700003],[32.59732914700004,41.622296482000024],[32.597232422000104,41.62177354800042],[32.59729462299998,41.62167488400007],[32.59743639600009,41.621677205000026],[32.598211537,41.62227938300026],[32.59875566400018,41.62513582400044],[32.59939660000009,41.62588500000061],[32.59946644600001,41.62627655400013],[32.6030593480001,41.62590831900013],[32.61013709800005,41.63207361700012],[32.61676671400005,41.63478241200016],[32.61695599300003,41.6347176540001],[32.61699770200016,41.63487941500006],[32.621370484000124,41.63680972500009],[32.62142854700005,41.63689393000004],[32.620153604000166,41.63960334800004],[32.61395174100011,41.647231415000135],[32.613421915000174,41.64783051000006],[32.6122800280001,41.64800539200013],[32.60928587900008,41.65455926000027],[32.60623099999998,41.65588800000006]]],"type":"Polygon"}},{"type":"Feature","properties":{"area_id":"TR-74-002-2036009","name_tr":"Akpınar Köyü","area_level":"neighbourhood","parent_id":"TR-74-002","endeksa_id":2036009},"geometry":{"coordinates":[[[32.40732910000003,41.664737100000025],[32.407125199999996,41.66488140000007],[32.405837800000086,41.66504170000019],[32.40484000000015,41.66455280000042],[32.40443230000017,41.6646169000004],[32.40438940000013,41.66484930000007],[32.40453119586482,41.6650648424764],[32.404216849470004,41.66494278389234],[32.40396727934365,41.66512447028663],[32.403659800000185,41.66450470000035],[32.40283370000003,41.66363100000018],[32.40243670000007,41.66347070000006],[32.40170720000009,41.66262110000014],[32.40129950000011,41.661931800000275],[32.400913200000105,41.66166730000009],[32.40045190000012,41.6611944],[32.40009780000014,41.66054510000015],[32.399775999999974,41.66017640000018],[32.39938970000003,41.659927900000014],[32.39881040000006,41.66008020000004],[32.398381200000074,41.65991990000043],[32.39864940000001,41.659479100000055],[32.39809150000008,41.65907830000043],[32.396868500000096,41.658813800000075],[32.39589210000014,41.65882980000015],[32.39503380000019,41.658557300000666],[32.39373560000007,41.65842900000035],[32.3928130000001,41.658148500000095],[32.39238380000012,41.65793200000007],[32.391654200000175,41.65777170000018],[32.390345300000035,41.65820460000026],[32.39020580000005,41.65873360000069],[32.38926170000008,41.65889390000012],[32.38916520000009,41.65866950000003],[32.389444100000105,41.65843700000016],[32.38957280000005,41.65805230000012],[32.38877890000009,41.657779700000276],[32.38916520000009,41.65733890000007],[32.389969800000074,41.657274700000414],[32.39001270000006,41.65705030000032],[32.38974450000006,41.65684990000011],[32.38945480000007,41.65632090000037],[32.38909010000009,41.656032300000106],[32.38780260000016,41.65559940000003],[32.387384199999985,41.65507840000009],[32.38782400000014,41.65488600000015],[32.38779189999997,41.65461340000013],[32.38751290000016,41.65437290000011],[32.3868799,41.654220600000315],[32.386869200000035,41.6540763000001],[32.38709449999999,41.65399620000022],[32.38755579999997,41.654012200000125],[32.38811370000013,41.654252700000484],[32.38881110000011,41.65418050000005],[32.390484800000024,41.65332280000064],[32.39086030000004,41.65337090000003],[32.39133240000018,41.65283380000017],[32.391031999999996,41.65174360000003],[32.3927379000001,41.65163930000011],[32.393252800000084,41.65145500000028],[32.39307040000011,41.65108620000018],[32.393424500000094,41.650653300000386],[32.39297390000013,41.649787500000514],[32.39259840000011,41.64881740000004],[32.392019000000175,41.64864110000019],[32.39183660000015,41.6484246],[32.39199760000014,41.64788749999997],[32.39191170000015,41.647518700000376],[32.39116070000017,41.64670090000021],[32.39045260000006,41.64638020000018],[32.39045260000006,41.646260000000325],[32.39086030000004,41.64588320000041],[32.39125730000018,41.645698800000105],[32.39097830000003,41.645418200000165],[32.39168639999997,41.645001300000274],[32.391772300000184,41.64474469999999],[32.39171860000016,41.644319800000005],[32.39153620000019,41.643886800000075],[32.3928130000001,41.6438067000002],[32.3927700000001,41.643317600000046],[32.39257690000011,41.64302090000001],[32.392362300000116,41.64302090000001],[32.39210490000016,41.64213100000046],[32.392212100000165,41.64197860000013],[32.39287730000012,41.641633900000045],[32.39346740000008,41.64169000000021],[32.39367130000011,41.64229929999999],[32.39387510000006,41.642355500000065],[32.39402530000007,41.64290070000004],[32.39443300000005,41.64294880000011],[32.39466900000019,41.643397800000116],[32.39517330000018,41.64386280000008],[32.395602500000166,41.644079300000044],[32.39639640000013,41.644127400000116],[32.39716890000011,41.6443919000003],[32.39811300000008,41.64450420000003],[32.39788770000007,41.64466450000015],[32.399636500000156,41.64500930000008],[32.40011930000014,41.644945100000086],[32.402157800000055,41.64502530000016],[32.402737100000024,41.64518570000007],[32.40397090000016,41.645041400000025],[32.40448590000011,41.64581100000015],[32.40505460000014,41.64604350000053],[32.40550520000011,41.64644440000012],[32.40574120000008,41.64701360000015],[32.40706090000003,41.647406400000136],[32.40791920000015,41.64735030000065],[32.408766700000115,41.647438500000135],[32.410032700000045,41.647222100000704],[32.41051550000003,41.64704570000032],[32.41082670000003,41.64704570000032],[32.411330899999996,41.646829200000525],[32.411674300000186,41.64747860000011],[32.41141680000004,41.64812000000006],[32.41157770000018,41.64859300000012],[32.41078380000005,41.64937060000011],[32.410258000000056,41.650116200000355],[32.41049410000005,41.6504048000001],[32.41050480000007,41.65105410000018],[32.41031170000008,41.65149500000007],[32.41080520000003,41.65218450000009],[32.41078380000005,41.65351520000007],[32.41045120000007,41.65383580000008],[32.41052630000007,41.65417250000024],[32.41036530000008,41.65448520000018],[32.40828390000013,41.65467760000047],[32.407865500000185,41.65415650000034],[32.40732910000003,41.65402820000003],[32.40688920000002,41.654044300000294],[32.40664240000007,41.65420460000041],[32.40713600000004,41.65426870000039],[32.40713600000004,41.65449320000016],[32.40589140000009,41.65593610000013],[32.40579480000008,41.65629680000018],[32.405998700000055,41.65660140000011],[32.40593430000007,41.657611400000064],[32.40620250000006,41.658012200000144],[32.405837800000086,41.65878170000008],[32.40610600000008,41.65933480000069],[32.40621330000005,41.66041689999997],[32.40578410000006,41.660673400000064],[32.40610600000008,41.660937900000135],[32.40640640000004,41.66161120000004],[32.40634200000005,41.66233260000007],[32.406052300000056,41.66326230000004],[32.406191800000045,41.663647100000446],[32.406610200000046,41.66403180000066],[32.40689990000004,41.664536700000156],[32.40732910000003,41.664737100000025]]],"type":"Polygon"}},{"type":"Feature","properties":{"area_id":"TR-74-002-2036007","name_tr":"Akgöz Köyü","area_level":"neighbourhood","parent_id":"TR-74-002","endeksa_id":2036007},"geometry":{"coordinates":[[[32.30073274979071,41.65652475090775],[32.30090000000013,41.65625000000017],[32.30122000000017,41.65613000000042],[32.30122000000017,41.65594000000033],[32.30138000000005,41.655890000000056],[32.30262000000016,41.65615000000008],[32.3037700000001,41.6562100000001],[32.304120000000125,41.656390000000044],[32.30438000000015,41.65638000000013],[32.305050000000165,41.65593000000035],[32.3051200000001,41.65529000000015],[32.304780000000164,41.654650000000345],[32.30523000000011,41.65454000000045],[32.30545000000018,41.654720000000054],[32.305730000000096,41.65480000000014],[32.30630000000019,41.65473000000054],[32.30647000000005,41.65424000000013],[32.30804000000012,41.65386000000035],[32.30853000000013,41.65433000000013],[32.309110000000146,41.65386000000035],[32.309290000000146,41.653820000000565],[32.30934000000019,41.654030000000205],[32.310130000000186,41.65466000000043],[32.31039000000004,41.65463000000011],[32.31064000000009,41.65448000000009],[32.31074000000018,41.65463000000011],[32.31095000000016,41.65467000000018],[32.31172000000009,41.65418000000051],[32.31189000000012,41.65417000000042],[32.31161000000009,41.654560000000174],[32.311310000000105,41.65526000000034],[32.31163000000015,41.65551000000028],[32.31269000000009,41.65549000000021],[32.31294000000014,41.655610000000195],[32.31312000000014,41.65585000000016],[32.31306000000012,41.65613000000042],[32.31294000000014,41.65610000000021],[32.312420000000145,41.65643000000051],[32.31239000000011,41.65675000000016],[32.31225000000006,41.65681000000018],[32.31208000000004,41.65677000000022],[32.31179000000003,41.65640000000019],[32.311150000000225,41.65624000000042],[32.311030000000244,41.65641000000028],[32.31183000000016,41.65727000000038],[32.31163000000015,41.65765000000056],[32.3121000000001,41.65780000000018],[32.31239000000011,41.65805000000029],[32.3131800000001,41.65822000000014],[32.31356000000011,41.658430000000294],[32.31408000000016,41.658770000000175],[32.31459000000007,41.65938000000017],[32.31557000000015,41.659510000000296],[32.31587000000013,41.65997000000016],[32.31556000000006,41.66023000000018],[32.3148300000002,41.66049000000038],[32.315270000000226,41.66084000000018],[32.315310000000125,41.66096000000016],[32.31367000000017,41.66181000000017],[32.31302250486567,41.66200457387288],[32.312850000000196,41.662340000000654],[32.31262000000015,41.66251000000051],[32.31138000000004,41.66402000000039],[32.31034000000017,41.664100000000076],[32.30971000000005,41.66433000000046],[32.30933324399996,41.66434298777807],[32.309200000000146,41.664380000000335],[32.30900000000014,41.6646200000003],[32.30850000000015,41.66453000000013],[32.30831000000006,41.664690000000405],[32.30790601300009,41.664558791000104],[32.307620000000156,41.666610000000105],[32.30629000000005,41.66717000000028],[32.30609572118021,41.66711755495993],[32.30519176276471,41.667422158157365],[32.30491000000012,41.66756000000055],[32.304770000000076,41.66777000000019],[32.30454000000003,41.66767000000027],[32.304250000000195,41.66774000000015],[32.30354000000011,41.6674000000001],[32.302450000000135,41.6674000000001],[32.302010000000166,41.667260000000056],[32.3019000000001,41.667110000000264],[32.30185846400002,41.66647367400037],[32.30271000000016,41.6654800000004],[32.3028700000001,41.66516000000024],[32.30281000000008,41.664910000000134],[32.30286000000012,41.663820000000214],[32.303070000000105,41.66335000000038],[32.30325000000005,41.6631900000001],[32.30302000000006,41.662830000000156],[32.302730000000054,41.66272000000015],[32.30275000000012,41.66238000000004],[32.30240000000009,41.66152000000034],[32.302230000000066,41.66142000000019],[32.30207000000013,41.66114000000016],[32.302110000000084,41.660870000000386],[32.3019900000001,41.660780000000216],[32.30247000000003,41.66075000000018],[32.302670000000035,41.66083000000009],[32.30286000000012,41.66065000000009],[32.30280000000016,41.66036000000025],[32.303290000000175,41.66027000000008],[32.30317000000019,41.66023000000018],[32.303290000000175,41.65994000000035],[32.30314000000004,41.65932000000021],[32.302450000000135,41.659240000000125],[32.302450000000135,41.65909000000033],[32.30266000000012,41.659080000000245],[32.30265000000014,41.658900000000244],[32.30321000000015,41.658990000000585],[32.30336000000011,41.65894000000071],[32.30404000000004,41.659240000000125],[32.30405000000019,41.65915000000035],[32.3038600000001,41.65901000000014],[32.30388000000016,41.65879000000041],[32.303750000000036,41.65875000000062],[32.30385000000018,41.6585400000003],[32.30371000000014,41.65857000000011],[32.303720000000055,41.658250000000464],[32.303820000000144,41.65814000000006],[32.30361000000022,41.6580100000005],[32.303010000000086,41.658150000000035],[32.302480000000116,41.65776000000028],[32.302450000000135,41.65727000000038],[32.30271000000016,41.656730000000096],[32.302510000000154,41.656570000000045],[32.301770000000204,41.65659000000028],[32.30163000000016,41.65677000000022],[32.301490000000115,41.65675000000016],[32.30126000000007,41.65696000000031],[32.30083000000019,41.65706000000006],[32.30073274979071,41.65652475090775]]],"type":"Polygon"}},{"type":"Feature","properties":{"area_id":"TR-74-002-2036069","name_tr":"Saraylı Köyü","area_level":"neighbourhood","parent_id":"TR-74-002","endeksa_id":2036069},"geometry":{"coordinates":[[[32.27843852222907,41.651829863382204],[32.27837163908242,41.65193340055447],[32.27285380600006,41.65511657600001],[32.269251164000025,41.662836314000174],[32.26156460700008,41.66867675700013],[32.26134107300004,41.66862651000014],[32.260837184000025,41.66672877200034],[32.26066619000005,41.666654097000105],[32.25541216200003,41.668047543000114],[32.25527347700017,41.668023229000596],[32.24959641900011,41.66307745300014],[32.24981667700007,41.66009479800016],[32.24638699800005,41.66080757100025],[32.23969992800011,41.65547694700007],[32.241730571000176,41.653216636000025],[32.24167231200005,41.65310427900005],[32.23973834499998,41.65228468700013],[32.24148328300015,41.650745113000255],[32.24646106000017,41.65268107500003],[32.24785632400011,41.651899442000285],[32.24787260000005,41.6517599120001],[32.242726365000124,41.64918751699997],[32.240975634000165,41.65012950000039],[32.236882401000116,41.64994510700018],[32.23294797700004,41.64435490800008],[32.22674864200019,41.64139758500062],[32.22611731300009,41.64106800700017],[32.22528702900013,41.63785001300005],[32.21473379000014,41.63156217600067],[32.21697351400036,41.623611977000735],[32.2179817450002,41.620057770000244],[32.21705875600031,41.618813104000424],[32.21891494100032,41.61575419700023],[32.22842371000024,41.618094348000284],[32.23380506600034,41.62114001500066],[32.23795280600035,41.621053778000544],[32.23809560700033,41.62088840800038],[32.23802853100028,41.6207823890004],[32.23823158500022,41.62058540800069],[32.23819588399999,41.62071409800069],[32.2383182050001,41.620781267000154],[32.243477650000045,41.62074932000007],[32.24423484199997,41.619498005000025],[32.244012921000035,41.61941380400003],[32.24400354700015,41.61911924600054],[32.24207615100016,41.6189837070001],[32.241978291000066,41.618926049000095],[32.24198625700018,41.61883480800009],[32.24656357500004,41.61708034700018],[32.253762581000046,41.61641062100051],[32.253849358000025,41.616501530000164],[32.25377058200007,41.616594321000434],[32.25128109200017,41.61723555300006],[32.25196844200019,41.617678292000505],[32.25196844300012,41.6177810180003],[32.25180308,41.61787518000045],[32.254067159000044,41.61900258000014],[32.25770500200019,41.61572813700053],[32.25782210500006,41.615835092000054],[32.25747794400007,41.61777944100044],[32.25874891900014,41.617950055000165],[32.262848937000115,41.61424357400017],[32.26299539900015,41.614213964000214],[32.263717273,41.61558783300029],[32.259433729000136,41.62109469600006],[32.259435065000105,41.621195789000126],[32.27479629200019,41.630247042000065],[32.276692190000006,41.63111226900048],[32.27653236300006,41.631125383000324],[32.27650792400004,41.63124453200032],[32.279157352000084,41.63280530800017],[32.287536362000026,41.63341220400008],[32.28754792000012,41.63353878900017],[32.28720041677229,41.63390025802363],[32.28736659350602,41.63387917075585],[32.28741116250484,41.633982387662854],[32.287010166324364,41.63485106557414],[32.284975632734074,41.63662565159433],[32.284944066975186,41.636712994776246],[32.28508109019441,41.636778326753415],[32.28422000000006,41.636870000000044],[32.284080000000245,41.63713000000024],[32.28453000000013,41.63754000000006],[32.28448000000009,41.63766000000004],[32.28492000000011,41.63788000000045],[32.285200000000145,41.637710000000084],[32.285630000000026,41.637930000000324],[32.28610000000003,41.63799000000034],[32.28606000000008,41.63812000000041],[32.28664000000015,41.638570000000186],[32.28670000000011,41.638890000000174],[32.28638000000012,41.639170000000604],[32.28587000000016,41.63925000000012],[32.28552000000019,41.63860000000034],[32.28534000000019,41.63872000000032],[32.285380000000146,41.639170000000604],[32.28552000000019,41.639470000000415],[32.285040000000095,41.63984000000062],[32.285070000000076,41.639940000000365],[32.283710000000156,41.63993000000028],[32.28329000000025,41.63980000000015],[32.28356000000019,41.63959000000017],[32.2839400000002,41.63949000000008],[32.28357000000011,41.63894000000005],[32.28310000000016,41.63872000000032],[32.28294000000005,41.63874000000055],[32.28239000000019,41.63850000000059],[32.28184000000016,41.63840000000016],[32.281790000000115,41.638580000000104],[32.28152000000017,41.63852000000014],[32.2812100000001,41.63859000000025],[32.2811200000001,41.63871000000023],[32.281260000000145,41.63895000000019],[32.281200000000126,41.63943000000012],[32.280960000000164,41.639720000000125],[32.28076000000016,41.63974000000019],[32.280210000000125,41.6404100000002],[32.28007000000008,41.640070000000094],[32.28020000000021,41.6398800000004],[32.28022000000004,41.63967000000008],[32.27979000000016,41.639500000000226],[32.27939000000015,41.63946000000044],[32.278760000000034,41.63911000000007],[32.27838000000003,41.63915000000037],[32.27893000000006,41.63977000000051],[32.27848000000017,41.6406700000004],[32.277880000000096,41.64103000000034],[32.27764000000013,41.641080000000215],[32.27751000000018,41.641270000000304],[32.27731000000017,41.64123000000052],[32.27720000000011,41.64150000000012],[32.276870000000145,41.64136000000008],[32.27666000000022,41.64148000000006],[32.27635000000015,41.64146000000039],[32.27515000000017,41.6418800000003],[32.27585000000016,41.642020000000514],[32.27637000000021,41.64253000000008],[32.276650000000075,41.6430000000006],[32.276650000000075,41.643560000000036],[32.276520000000176,41.643410000000415],[32.27554000000009,41.643230000000074],[32.2757000000002,41.64308000000011],[32.275340000000256,41.64296000000013],[32.27488000000017,41.642980000000364],[32.27443000000005,41.64269000000053],[32.27338000000009,41.64265000000006],[32.271160000000066,41.641520000000355],[32.27062000000012,41.64141000000012],[32.270670000000166,41.641650000000084],[32.26995000000011,41.641710000000444],[32.269150000000195,41.64146000000039],[32.26911000000007,41.641180000000645],[32.26938000000024,41.641050000000405],[32.26943000000011,41.64091000000036],[32.26913000000013,41.64085000000034],[32.269180000000176,41.64079000000038],[32.268870000000106,41.64088000000015],[32.26870000000008,41.640620000000354],[32.26837000000012,41.6404500000001],[32.26806000000005,41.64097000000032],[32.26721000000009,41.64136000000008],[32.26718000000011,41.641640000000336],[32.26700000000011,41.64169000000021],[32.266330000000096,41.64156000000014],[32.266820000000166,41.64114000000018],[32.26634000000024,41.640990000000556],[32.26569000000006,41.64106000000015],[32.26570000000004,41.641300000000115],[32.2655400000001,41.64097000000032],[32.26542000000012,41.64089000000013],[32.26505000000009,41.64116000000041],[32.26474000000019,41.64091000000036],[32.264380000000244,41.64119000000005],[32.264660000000106,41.64147000000048],[32.26413000000014,41.641640000000336],[32.263660000000186,41.64193000000017],[32.26426000000009,41.642080000000135],[32.26498000000015,41.64243000000033],[32.2654500000001,41.64303000000024],[32.26649000000003,41.64321000000024],[32.2667100000001,41.64317000000045],[32.267510000000186,41.64261000000033],[32.26846000000012,41.642350000000135],[32.268780000000106,41.64240000000018],[32.27013000000011,41.64290000000017],[32.27094000000017,41.64303000000024],[32.27155000000016,41.643310000000156],[32.2717100000001,41.643470000000036],[32.271510000000035,41.64376000000027],[32.271560000000136,41.64389000000034],[32.272340000000156,41.643940000000214],[32.272530000000074,41.64403000000004],[32.27154000000007,41.64451000000048],[32.27115000000009,41.6443100000003],[32.27091000000013,41.644800000000316],[32.271290000000135,41.645050000000026],[32.27118000000013,41.645490000000564],[32.27143000000018,41.645760000000166],[32.27220000000011,41.645980000000066],[32.272740000000056,41.64641000000012],[32.273240000000044,41.649230000000216],[32.27406000000019,41.64925000000045],[32.2748400000001,41.64890000000008],[32.275100000000066,41.64865000000054],[32.27616000000006,41.64854000000014],[32.27707000000004,41.648050000000126],[32.27722000000017,41.64810000000051],[32.27781000000016,41.64866000000012],[32.27774000000005,41.64922000000013],[32.27720000000011,41.64966000000027],[32.27742000000018,41.649910000000375],[32.27712000000008,41.65010000000029],[32.27697000000012,41.650350000000515],[32.27641000000011,41.6507400000001],[32.27576000000016,41.65093000000019],[32.27403000000004,41.65185000000031],[32.27310000000017,41.65401000000065],[32.27497000000017,41.65309000000019],[32.27737000000013,41.652240000000575],[32.278192578154005,41.65169589916724],[32.2783727512724,41.65170475614991],[32.27843852222907,41.651829863382204]]],"type":"Polygon"}},{"type":"Feature","properties":{"area_id":"TR-74-002-139546","name_tr":"Karaçay","area_level":"neighbourhood","parent_id":"TR-74-002","endeksa_id":139546},"geometry":{"coordinates":[[[32.36475351926725,41.67264262934532],[32.364720000000034,41.67307000000028],[32.36458000000022,41.67322000000007],[32.36411000000004,41.67344000000037],[32.36378000000008,41.673090000000514],[32.363660000000095,41.673360000000116],[32.36281000000014,41.6736600000001],[32.36238000000009,41.67353000000014],[32.36247000000026,41.673850000000186],[32.36223000000007,41.67430000000007],[32.3617900000001,41.674540000000036],[32.36021000000011,41.67480000000006],[32.35982402754951,41.67530778582341],[32.35778000000016,41.67455000000052],[32.35484043884583,41.6711254694452],[32.35488346069553,41.670979968321376],[32.35507833809885,41.67096555269461],[32.35666000000003,41.67211000000043],[32.35763000000014,41.67238000000003],[32.35822000000013,41.67105000000015],[32.35525000000007,41.66805000000005],[32.35383000000019,41.66833000000031],[32.34967000000006,41.66554000000042],[32.34959000000015,41.66542000000027],[32.349620000000186,41.66495000000009],[32.35085000000015,41.66470000000038],[32.35202000000015,41.663510000000144],[32.35354000000012,41.66292000000033],[32.35457000000008,41.66197000000005],[32.35507000000007,41.66168000000005],[32.35507000000007,41.66136000000006],[32.35485000000017,41.66107000000005],[32.355630000000076,41.660940000000096],[32.3588400000001,41.66055000000034],[32.36011000000019,41.660630000000026],[32.361460000000136,41.66092000000026],[32.36387000000008,41.66171000000003],[32.36554000000007,41.66243000000031],[32.36674000000005,41.66243000000031],[32.36724000000004,41.66251000000051],[32.3681600000001,41.66192000000018],[32.368060000000185,41.6606800000003],[32.36813000000012,41.66028000000006],[32.368370000000084,41.659830000000454],[32.3683400000001,41.65874000000014],[32.36769000000015,41.65774000000022],[32.36841000000021,41.65780000000018],[32.368614698288354,41.6574352568058],[32.369080000000224,41.65687000000014],[32.36929000000015,41.65677000000022],[32.369730000000175,41.65678000000037],[32.37039000000004,41.65696000000031],[32.37104000000022,41.65680000000003],[32.372584463399335,41.657285038092425],[32.3743803210001,41.65771783900004],[32.37454050538355,41.65764976831139],[32.37453907543636,41.6577776072935],[32.3755900000001,41.659080000000245],[32.376980000000174,41.65963000000028],[32.375150000000076,41.6610500000005],[32.37474000000009,41.661120000000096],[32.37527000000006,41.66226000000029],[32.37659000000019,41.66322000000031],[32.37265000000019,41.66516000000024],[32.35993000000019,41.66594000000009],[32.361120000000085,41.667440000000056],[32.362300000000175,41.668350000000544],[32.36246000000011,41.66858000000042],[32.362300000000175,41.66883000000047],[32.36237000000011,41.668930000000216],[32.36302000000006,41.669800000000066],[32.36352000000005,41.66997000000032],[32.36361000000005,41.670300000000054],[32.363940000000184,41.67069000000021],[32.36441000000019,41.67084000000051],[32.36509000000012,41.67091000000062],[32.36603000000008,41.67127000000005],[32.36602000000016,41.67140000000012],[32.365860000000055,41.6714800000002],[32.36498000000006,41.67142000000018],[32.364770000000135,41.671570000000145],[32.36460000000005,41.67192000000034],[32.36438000000015,41.67210000000034],[32.36475351926725,41.67264262934532]]],"type":"Polygon"}},{"type":"Feature","properties":{"area_id":"TR-74-002-2036098","name_tr":"Şahin Köyü","area_level":"neighbourhood","parent_id":"TR-74-002","endeksa_id":2036098},"geometry":{"coordinates":[[[32.578840200000116,41.65741900000012],[32.57925870000014,41.65890999999999],[32.57894750000014,41.65938290000008],[32.57947320000011,41.66040090000007],[32.57981660000007,41.66205200000013],[32.58112550000004,41.66379930000011],[32.58176920000017,41.66382340000047],[32.58193010000019,41.66396770000017],[32.58176920000017,41.66419210000009],[32.58215550000017,41.66440850000021],[32.58235930000018,41.66472910000044],[32.58216620000019,41.66487340000015],[32.58187650000019,41.66485730000039],[32.58186580000017,41.66517790000012],[32.58203740000016,41.66596340000007],[32.58194090000018,41.66700530000048],[32.582284200000174,41.667822800000124],[32.58157610000018,41.66814340000013],[32.58098600000005,41.6686883000001],[32.580674900000076,41.66880860000015],[32.58057830000007,41.67129300000033],[32.58088950000007,41.671942100000024],[32.580471000000045,41.672463000000505],[32.578260900000146,41.67333660000031],[32.57802490000017,41.672975900000665],[32.57772440000019,41.67286370000011],[32.57742400000018,41.67290380000003],[32.57728460000004,41.67345680000017],[32.576630100000045,41.673657100000185],[32.576211700000044,41.67295990000008],[32.575922000000105,41.67307210000013],[32.5758254000001,41.67334460000012],[32.5754070000001,41.67372120000016],[32.575192400000105,41.67506750000035],[32.575417700000116,41.67524380000037],[32.574259000000154,41.67625360000011],[32.57467750000012,41.676846500000465],[32.574977900000135,41.67685460000007],[32.57466670000014,41.67759180000013],[32.574044500000184,41.678016500000126],[32.57329340000018,41.678048600000125],[32.57286430000005,41.677495599999986],[32.572821400000066,41.67621350000013],[32.572242000000074,41.67625360000011],[32.57188800000006,41.67609330000016],[32.57188800000006,41.67555640000012],[32.5715661000001,41.675500300000635],[32.57155540000008,41.675283900000125],[32.571190600000136,41.67504350000013],[32.569699300000025,41.67474700000048],[32.56918430000019,41.674835100000166],[32.56876590000002,41.675035500000035],[32.56762860000009,41.676101300000084],[32.5670707000001,41.676317700000084],[32.56649140000013,41.67617340000004],[32.56603000000018,41.675796800000114],[32.565504299999986,41.67565250000007],[32.56454940000003,41.67560450000019],[32.56408810000005,41.67585290000068],[32.56398080000008,41.676229500000034],[32.56415250000009,41.67651000000069],[32.56575110000017,41.67693470000012],[32.56608370000015,41.67711900000063],[32.566008600000146,41.67764790000069],[32.5650751,41.67884990000016],[32.56468890000002,41.67911429999998],[32.56408810000005,41.67901820000003],[32.563144000000136,41.67909830000008],[32.56172779999997,41.67956299999997],[32.56116990000004,41.679442900000026],[32.56071920000005,41.679082300000175],[32.56048320000002,41.678601500000184],[32.56026860000003,41.67728730000016],[32.56065490000003,41.676494000000105],[32.560375900000054,41.676061200000504],[32.55882020000013,41.67506750000035],[32.55862710000014,41.67461880000053],[32.55869150000012,41.674170000000345],[32.55937810000012,41.67307210000013],[32.5590241000001,41.67048360000018],[32.55870220000014,41.66979430000032],[32.557972700000164,41.66956190000013],[32.55608440000009,41.66949780000016],[32.55524750000012,41.66919330000019],[32.55355240000017,41.66923330000009],[32.55304810000018,41.66899290000009],[32.55261900000005,41.66833570000006],[32.551267100000075,41.66721370000016],[32.550698500000124,41.66700530000048],[32.55024790000016,41.66707740000004],[32.54992600000014,41.66739000000018],[32.55025860000012,41.66808730000048],[32.55010840000017,41.6684800000001],[32.549647100000186,41.66864030000005],[32.54863860000006,41.66834370000038],[32.54688980000009,41.66813530000019],[32.54565600000018,41.66813530000019],[32.544851300000005,41.66787890000029],[32.54300590000008,41.666332100000204],[32.5425982000001,41.665747000000465],[32.54033450000003,41.66419210000009],[32.539712200000054,41.6639917],[32.539186500000085,41.66403980000007],[32.538725100000136,41.664328300000136],[32.53709429999998,41.66505770000009],[32.536675900000034,41.66505770000009],[32.53622530000007,41.6648012],[32.53566740000008,41.6633024000007],[32.53548500000005,41.66308600000002],[32.5349915000001,41.66313410000009],[32.53442290000015,41.66346270000014],[32.53411170000015,41.66427220000014],[32.53374690000015,41.664368400000114],[32.53330710000017,41.66424820000009],[32.53258820000019,41.66361500000028],[32.53242730000005,41.66299780000037],[32.532663300000024,41.6618677000003],[32.53243800000001,41.66141080000051],[32.53184790000006,41.660970000000134],[32.530775100000085,41.66044899999997],[32.52909060000019,41.660088300000155],[32.52831820000006,41.660096300000134],[32.52772810000005,41.66036880000013],[32.52704140000009,41.66032870000015],[32.52589340000014,41.659887900000626],[32.52429480000001,41.65971150000024],[32.52355460000007,41.659350800000084],[32.522975200000076,41.65862940000005],[32.52222420000015,41.65845310000003],[32.52124790000016,41.65853320000008],[32.51993890000006,41.659014200000456],[32.51905920000007,41.65888590000014],[32.51803990000013,41.659807700000385],[32.51682760000017,41.66006420000065],[32.51628040000003,41.659968000000504],[32.51574400000004,41.660056200000156],[32.51431700000012,41.659927900000014],[32.51357670000016,41.66012030000013],[32.51248240000018,41.660144400000036],[32.511860100000035,41.660304700000154],[32.51136660000009,41.660304700000154],[32.51013280000012,41.659623400000044],[32.51013280000012,41.65903820000017],[32.510594100000105,41.65826070000014],[32.510401000000115,41.65795610000066],[32.50976800000012,41.65777170000018],[32.508437600000036,41.657916],[32.50761150000005,41.65772360000011],[32.506892700000094,41.657178600000634],[32.50653860000011,41.65715450000005],[32.505830500000116,41.65802820000005],[32.50517609999997,41.65783590000012],[32.50430700000004,41.65778780000005],[32.50334140000007,41.658012200000144],[32.50278350000008,41.657851900000026],[32.502719200000115,41.657571300000086],[32.50337360000009,41.65643310000041],[32.50354530000004,41.65590400000019],[32.503480900000056,41.65534290000045],[32.503159000000096,41.65489400000007],[32.50121710000013,41.65417250000024],[32.50057340000018,41.65385190000018],[32.499039200000084,41.65333880000003],[32.49812720000011,41.65398820000013],[32.497129400000176,41.65415650000034],[32.496013600000026,41.654589400000134],[32.494533000000104,41.65461340000013],[32.492505300000175,41.65459740000023],[32.49133590000008,41.65441300000009],[32.48999480000015,41.65462140000011],[32.489082800000176,41.65441300000009],[32.48857850000019,41.654044300000294],[32.48691560000009,41.653763700000525],[32.485595900000135,41.653194500000325],[32.484651800000165,41.65328269999998],[32.48379350000005,41.653683500000284],[32.48233440000013,41.65366750000038],[32.482656200000065,41.653234600000076],[32.48367550000006,41.65293000000014],[32.48378280000003,41.65259330000032],[32.4825489000001,41.65136680000012],[32.4826240000001,41.65086969999999],[32.48312830000009,41.65069340000014],[32.483943700000054,41.65063730000048],[32.48437280000019,41.65047690000017],[32.484651800000165,41.650124200000164],[32.48437280000019,41.64973940000044],[32.48460890000018,41.64953900000006],[32.485177500000134,41.64820820000023],[32.484877100000176,41.64717390000027],[32.484684000000186,41.64685330000003],[32.484684000000186,41.64670899999999],[32.48490929999997,41.64640430000054],[32.485724700000105,41.64517770000066],[32.48625040000013,41.644848900000454],[32.486647400000095,41.64474469999999],[32.48844980000018,41.64459240000019],[32.48894330000019,41.64479280000006],[32.489962600000126,41.64453630000003],[32.49039170000009,41.64398300000022],[32.491421700000046,41.64405519999997],[32.491561200000035,41.643846800000176],[32.49155040000005,41.643566100000044],[32.491786500000046,41.64333360000012],[32.49219420000003,41.643197300000224],[32.49340650000016,41.64322140000007],[32.49352450000015,41.64279640000012],[32.49382490000011,41.642275300000165],[32.493385100000125,41.64209890000029],[32.49331000000018,41.64170600000011],[32.49393220000013,41.64098440000009],[32.49390000000011,41.640591500000085],[32.494125400000144,41.640463300000135],[32.4944794000001,41.63932470000026],[32.49554160000008,41.63918040000004],[32.4962175,41.63861110000005],[32.50187160000013,41.64064770000016],[32.50530480000015,41.64060760000018],[32.5067317000001,41.64287660000019],[32.50809430000004,41.64428770000006],[32.511119800000074,41.6435902000004],[32.51624820000001,41.64265210000008],[32.51793260000011,41.64260400000052],[32.51865150000009,41.64272430000017],[32.51930590000006,41.64315720000013],[32.520303700000056,41.64315720000013],[32.52231000000012,41.64386280000008],[32.52472399999999,41.643309600000634],[32.52522829999998,41.643678400000056],[32.525861300000145,41.64365430000038],[32.52632260000013,41.64386280000008],[32.52767440000008,41.6438067000002],[32.52818940000003,41.64400710000007],[32.52960560000014,41.644207500000675],[32.53027080000015,41.643846800000176],[32.53130080000011,41.64387880000015],[32.532470200000034,41.64463250000017],[32.533961500000146,41.64483290000055],[32.53650430000005,41.644031200000654],[32.53805990000012,41.64406320000046],[32.53932590000011,41.64451220000012],[32.54066700000004,41.64466450000015],[32.541729200000134,41.645698800000105],[32.54285570000013,41.646099600000014],[32.54417540000003,41.646179800000084],[32.54566669999997,41.645530399999984],[32.54622460000013,41.644680600000015],[32.547984100000065,41.64379860000008],[32.54841330000005,41.642908700000135],[32.54878880000001,41.64279640000012],[32.549250100000165,41.642836500000215],[32.550559000000135,41.64368640000055],[32.5516856000001,41.64398300000022],[32.55209330000008,41.64441599999998],[32.55367040000016,41.64423160000018],[32.55435700000015,41.64447210000003],[32.55444290000014,41.645249800000045],[32.55506510000009,41.64577090000017],[32.55504370000011,41.646292100000494],[32.55553720000006,41.64676510000004],[32.554947100000106,41.647446500000115],[32.553874200000166,41.64702960000005],[32.55447510000016,41.64820010000062],[32.554947100000106,41.64823220000011],[32.555784000000074,41.648729300000355],[32.55670670000006,41.648977800000125],[32.55723240000003,41.649266400000386],[32.557307500000036,41.6498115],[32.55791900000014,41.64963519999998],[32.559152800000106,41.649875700000166],[32.55982870000008,41.64959510000023],[32.561148400000036,41.65141490000019],[32.562060300000155,41.65218450000009],[32.562747000000115,41.65180770000018],[32.56325120000008,41.65213640000053],[32.56370190000007,41.65279370000002],[32.565300500000035,41.65302620000011],[32.56586910000016,41.65337890000012],[32.56687760000011,41.65353920000007],[32.56761790000007,41.65336290000005],[32.56870150000003,41.65360340000041],[32.56946320000003,41.65360340000041],[32.56997820000015,41.653723600000035],[32.57092240000014,41.65417250000024],[32.57117990000012,41.654557300000135],[32.57182360000007,41.65471760000008],[32.57236000000006,41.65511040000007],[32.57304670000019,41.654749700000025],[32.57395859999997,41.65492610000007],[32.57489200000015,41.65482180000032],[32.575750300000095,41.65536690000016],[32.57739190000018,41.655711600000075],[32.578271600000164,41.65606430000008],[32.5789261000001,41.65656130000036],[32.578840200000116,41.65741900000012]]],"type":"Polygon"}},{"type":"Feature","properties":{"area_id":"TR-74-002-2036051","name_tr":"Karasu Köyü","area_level":"neighbourhood","parent_id":"TR-74-002","endeksa_id":2036051},"geometry":{"coordinates":[[[32.22171968405979,41.65443649779081],[32.222896057000185,41.650906306000024],[32.22530170800019,41.64951444800016],[32.22689757899997,41.646930657000155],[32.226289628000075,41.64411888400008],[32.22674864200019,41.64139758500062],[32.23294797700004,41.64435490800008],[32.236882401000116,41.64994510700018],[32.240975634000165,41.65012950000039],[32.242726365000124,41.64918751699997],[32.24787260000005,41.6517599120001],[32.24785632400011,41.651899442000285],[32.24646106000017,41.65268107500003],[32.24148328300015,41.650745113000255],[32.23973834499998,41.65228468700013],[32.24167231200005,41.65310427900005],[32.241730571000176,41.653216636000025],[32.23969992800011,41.65547694700007],[32.24638699800005,41.66080757100025],[32.24981667700007,41.66009479800016],[32.24959641900011,41.66307745300014],[32.25527347700017,41.668023229000596],[32.25541216200003,41.668047543000114],[32.26066619000005,41.666654097000105],[32.260837184000025,41.66672877200034],[32.26134107300004,41.66862651000014],[32.26134046600009,41.66884699100018],[32.253942435,41.67445213400009],[32.24559785005431,41.673276903685235],[32.245460470000125,41.67315568600009],[32.23988470500001,41.67175251300006],[32.23729991400012,41.67060782000016],[32.23401353600019,41.66831843299997],[32.231908777,41.66713681400017],[32.22939783700008,41.665918268999974],[32.22710845000012,41.66469972500005],[32.22559450000011,41.663001147000045],[32.224486732000116,41.660600984000155],[32.22496676500009,41.6583485220001],[32.22326818800019,41.65580065600017],[32.22171968405979,41.65443649779081]]],"type":"Polygon"}},{"type":"Feature","properties":{"area_id":"TR-74-002-2036034","name_tr":"Gençali Köyü","area_level":"neighbourhood","parent_id":"TR-74-002","endeksa_id":2036034},"geometry":{"coordinates":[[[32.509606000000076,41.678161500000556],[32.50560000000007,41.67930000000007],[32.49840000000012,41.68160000000012],[32.49860000000018,41.68500000000006],[32.491000000000156,41.687300000000164],[32.480100000000164,41.678900000000056],[32.47934100000003,41.67747960000008],[32.47805360000012,41.67652600000008],[32.47780680000011,41.67592500000006],[32.47694850000016,41.675283900000125],[32.47605800000002,41.67480310000013],[32.473515300000145,41.67406580000011],[32.47274280000016,41.67360900000011],[32.47198100000003,41.67331250000012],[32.47088670000005,41.67338460000019],[32.470629200000076,41.67327250000034],[32.4703932000001,41.67294390000018],[32.4703932000001,41.67209440000056],[32.470114200000125,41.671773800000324],[32.469878200000096,41.67085220000013],[32.46949190000015,41.67040340000062],[32.468440500000156,41.67001870000041],[32.46745350000003,41.669217300000184],[32.46720670000008,41.668752500000096],[32.467303300000026,41.66822350000001],[32.46723890000004,41.66783080000022],[32.46738910000005,41.66751020000015],[32.46800060000004,41.66692510000024],[32.46846200000016,41.66621180000004],[32.46846200000016,41.66584320000061],[32.46831179999998,41.6654745000003],[32.46705650000007,41.664945500000044],[32.46693850000008,41.66466500000047],[32.46735690000003,41.663695100000155],[32.46735690000003,41.663062000000025],[32.46856930000018,41.66000010000016],[32.46836539999998,41.659679500000436],[32.46723890000004,41.659134400000084],[32.46689560000004,41.65840500000013],[32.4664557000001,41.657779700000276],[32.46600510000013,41.65675370000065],[32.46542570000014,41.656248700000106],[32.46508240000014,41.655166500000064],[32.46484640000017,41.655046300000095],[32.464224100000024,41.65506230000017],[32.46351600000003,41.655455100000495],[32.46315120000003,41.65543910000008],[32.46281860000005,41.655246700000305],[32.462593300000094,41.65490999999997],[32.46257180000009,41.654469100000085],[32.462775700000066,41.65397210000003],[32.46400950000003,41.65301019999998],[32.463988099999995,41.65240890000018],[32.463526700000045,41.65188790000008],[32.46340870000006,41.65156720000033],[32.46426700000018,41.65076550000043],[32.46492150000017,41.65053300000005],[32.465350600000136,41.64958710000013],[32.465672500000096,41.64930650000014],[32.46688480000006,41.647230100000115],[32.46779680000003,41.64745450000004],[32.469309600000145,41.64633210000011],[32.47086520000005,41.64609160000009],[32.47290370000013,41.64691740000018],[32.474556000000064,41.64811190000006],[32.47481880000015,41.64798370000011],[32.47567180000004,41.64920230000041],[32.47603650000019,41.65017230000001],[32.476605200000165,41.65076550000043],[32.47692700000016,41.65100600000011],[32.4787831000001,41.65180770000018],[32.47922300000005,41.65209630000004],[32.47964140000005,41.652697500000045],[32.479888200000005,41.65284980000058],[32.48069290000018,41.65309830000018],[32.48115420000016,41.653595400000086],[32.48149750000016,41.653811800000085],[32.48204470000013,41.65408430000008],[32.48233440000013,41.65366750000038],[32.48379350000005,41.653683500000284],[32.484651800000165,41.65328269999998],[32.485595900000135,41.653194500000325],[32.48691560000009,41.653763700000525],[32.48857850000019,41.654044300000294],[32.489082800000176,41.65441300000009],[32.48999480000015,41.65462140000011],[32.49133590000008,41.65441300000009],[32.492505300000175,41.65459740000023],[32.494533000000104,41.65461340000013],[32.496292600000004,41.65803630000005],[32.49369620000016,41.65944700000006],[32.49305250000015,41.660473000000366],[32.49131440000008,41.660889800000064],[32.49122470000009,41.66182140000001],[32.4915577000001,41.66360309999999],[32.49321970000017,41.665269000000194],[32.49835390000004,41.66892800000005],[32.502673300000026,41.669980800000474],[32.505261900000164,41.670796100000075],[32.50908130000016,41.673905600000126],[32.50820810000005,41.67670070000048],[32.509606000000076,41.678161500000556]]],"type":"Polygon"}},{"type":"Feature","properties":{"area_id":"TR-74-002-2049387","name_tr":"Cöcü Köyü","area_level":"neighbourhood","parent_id":"TR-74-002","endeksa_id":2049387},"geometry":{"coordinates":[[[32.63176560000011,41.69036380000017],[32.630413799999985,41.69096470000011],[32.62994170000019,41.69093260000017],[32.62852550000008,41.69016350000027],[32.627935400000126,41.6900273],[32.62747410000014,41.690011300000094],[32.62654070000019,41.69025970000041],[32.62587550000001,41.690243600000144],[32.62578960000019,41.68921810000006],[32.62643340000017,41.689138000000185],[32.62634750000018,41.68876940000001],[32.62603640000003,41.688649300000066],[32.62581110000019,41.68844900000016],[32.626025700000184,41.687800000000095],[32.62562870000005,41.68765580000007],[32.62547850000004,41.68731930000013],[32.625145900000064,41.687102900000696],[32.624995700000056,41.68666230000048],[32.62542490000004,41.686037300000635],[32.62587550000001,41.68571680000008],[32.62551070000006,41.68530820000035],[32.62502790000008,41.6854364000003],[32.62506010000004,41.68494759999999],[32.625328300000035,41.68460310000012],[32.624942100000055,41.68408230000017],[32.62493130000007,41.68376980000011],[32.62463090000006,41.68352940000011],[32.624588000000074,41.682535800000096],[32.624234000000115,41.68184670000011],[32.62452360000009,41.68131790000024],[32.62418030000009,41.681101500000125],[32.624416300000064,41.68064480000032],[32.62379410000011,41.67970730000002],[32.623729700000126,41.678609500000675],[32.62335420000011,41.67806460000003],[32.622624600000165,41.67803250000054],[32.62241000000017,41.67784820000003],[32.62254950000016,41.677399500000035],[32.622399300000154,41.6771671000007],[32.62246369999997,41.67678240000049],[32.62217400000003,41.67646190000062],[32.62159470000006,41.6767263000001],[32.62103680000007,41.67590900000016],[32.6204896000001,41.67538810000008],[32.61995310000009,41.67582880000009],[32.61965270000013,41.675892900000065],[32.61921290000015,41.67585290000068],[32.61881590000013,41.67560450000019],[32.618032700000185,41.675460199999975],[32.61809710000017,41.67501140000019],[32.61737820000002,41.67513160000033],[32.61583330000013,41.67443450000002],[32.61450290000016,41.674474500000315],[32.61317250000002,41.674346300000366],[32.61281850000006,41.67332859999999],[32.61268970000009,41.67127700000043],[32.61395570000019,41.66634810000011],[32.614438500000176,41.66542640000023],[32.614631600000166,41.66430430000014],[32.61414880000018,41.66367110000016],[32.614052300000026,41.66327030000053],[32.61283990000004,41.66250890000009],[32.610211400000026,41.65856530000008],[32.608044100000086,41.65701020000006],[32.60623099999998,41.65588800000006],[32.609953899999994,41.65426870000039],[32.61413810000016,41.65426870000039],[32.61594050000008,41.65386800000027],[32.61739970000002,41.65390000000008],[32.61900890000015,41.653226700000175],[32.62398710000008,41.65393210000025],[32.626776700000164,41.654044300000294],[32.62869990000013,41.653754200000094],[32.634651600000154,41.655984200000034],[32.63640600000019,41.65605300000004],[32.64761220000014,41.655552500000056],[32.64694690000016,41.65775570000005],[32.64698980000014,41.65973560000009],[32.64642120000019,41.66253290000009],[32.646453399999984,41.663190200000145],[32.64695760000018,41.66396770000017],[32.647204400000135,41.664913400000046],[32.64690400000018,41.66754230000015],[32.64727950000014,41.66808730000048],[32.64685030000015,41.66920130000028],[32.64656070000018,41.67086820000003],[32.64764430000014,41.671437200000184],[32.648330900000076,41.672206600000095],[32.648502600000086,41.67275150000057],[32.64823440000009,41.673536900000045],[32.648685000000114,41.67470689999999],[32.64859910000007,41.67547620000005],[32.647440400000164,41.675724700000046],[32.646646499999974,41.67624550000011],[32.64587400000005,41.67652600000008],[32.64530540000004,41.67741550000011],[32.64441490000007,41.677495599999986],[32.64441490000007,41.67876970000043],[32.64346000000012,41.679010100000426],[32.642301299999986,41.679747300000315],[32.641722000000016,41.680252199999984],[32.64147520000006,41.68077300000027],[32.6407885000001,41.68125380000026],[32.64058470000009,41.682135200000175],[32.6403165000001,41.682319500000176],[32.640091200000086,41.68265600000046],[32.639769300000125,41.68271210000012],[32.63936160000014,41.68259190000049],[32.63886809999997,41.68260800000007],[32.63861060000016,41.683056700000066],[32.63822440000018,41.683136800000455],[32.637548400000014,41.68303259999999],[32.63764500000002,41.6835054000004],[32.637580600000035,41.68370570000013],[32.636716999999976,41.68390199999999],[32.63653990000006,41.68435470000014],[32.634437100000184,41.68566870000018],[32.63366460000003,41.685829000000126],[32.63345000000004,41.686173499999995],[32.632473700000105,41.686470000000554],[32.632420100000104,41.68711090000011],[32.63202310000008,41.687455500000056],[32.63181920000011,41.687904100000196],[32.63142230000011,41.68818460000017],[32.63123990000014,41.68874540000053],[32.63119700000016,41.68981100000008],[32.63176560000011,41.69036380000017]]],"type":"Polygon"}},{"type":"Feature","properties":{"area_id":"TR-74-002-2036049","name_tr":"Karainler Köyü","area_level":"neighbourhood","parent_id":"TR-74-002","endeksa_id":2036049},"geometry":{"coordinates":[[[32.44736910000006,41.69138930000008],[32.446188900000095,41.69172580000003],[32.44000000000011,41.690000000000055],[32.439043500000025,41.68884160000016],[32.43664020000017,41.6878961000001],[32.43465750000007,41.68641660000003],[32.431576199999995,41.68629370000053],[32.42875670000012,41.685892300000035],[32.428604400000154,41.684931600000084],[32.42758509999999,41.684498899999994],[32.426437100000044,41.684274600000094],[32.42593290000008,41.68459510000014],[32.4251819000001,41.68457100000046],[32.424066100000175,41.6842185000001],[32.42358330000019,41.68342520000016],[32.427016500000036,41.677960400000075],[32.42444160000014,41.67598910000004],[32.42321850000019,41.67429019999997],[32.422789300000034,41.67400970000023],[32.42330430000004,41.67204630000049],[32.42273570000003,41.670884300000125],[32.42111560000012,41.6682636000005],[32.41966720000016,41.667141500000014],[32.41870160000002,41.66589120000032],[32.416738300000134,41.66517790000012],[32.416180400000144,41.66484130000049],[32.415343500000176,41.6646169000004],[32.41358400000007,41.663358500000186],[32.41266130000014,41.66312610000068],[32.40705010000005,41.663446700000065],[32.40705010000005,41.6637513],[32.407296900000176,41.664368400000114],[32.40732910000003,41.664737100000025],[32.40689990000004,41.664536700000156],[32.406610200000046,41.66403180000066],[32.406191800000045,41.663647100000446],[32.406052300000056,41.66326230000004],[32.40634200000005,41.66233260000007],[32.40640640000004,41.66161120000004],[32.40610600000008,41.660937900000135],[32.40578410000006,41.660673400000064],[32.40621330000005,41.66041689999997],[32.40610600000008,41.65933480000069],[32.405837800000086,41.65878170000008],[32.40620250000006,41.658012200000144],[32.40593430000007,41.657611400000064],[32.405998700000055,41.65660140000011],[32.40579480000008,41.65629680000018],[32.40589140000009,41.65593610000013],[32.40713600000004,41.65449320000016],[32.40713600000004,41.65426870000039],[32.40664240000007,41.65420460000041],[32.40688920000002,41.654044300000294],[32.40732910000003,41.65402820000003],[32.407865500000185,41.65415650000034],[32.40828390000013,41.65467760000047],[32.41036530000008,41.65448520000018],[32.41052630000007,41.65417250000024],[32.41045120000007,41.65383580000008],[32.41078380000005,41.65351520000007],[32.41080520000003,41.65218450000009],[32.41031170000008,41.65149500000007],[32.41050480000007,41.65105410000018],[32.41049410000005,41.6504048000001],[32.410258000000056,41.650116200000355],[32.41078380000005,41.64937060000011],[32.41157770000018,41.64859300000012],[32.41141680000004,41.64812000000006],[32.411674300000186,41.64747860000011],[32.411330899999996,41.646829200000525],[32.412200000000155,41.646460400000024],[32.412221400000135,41.646187800000064],[32.41401310000009,41.64503330000008],[32.41462470000005,41.643277500000465],[32.41605160000017,41.64266820000017],[32.41763950000012,41.642636100000686],[32.41830470000008,41.64275640000034],[32.418648000000076,41.6430129000006],[32.41921660000003,41.64305300000018],[32.41962430000018,41.64322140000007],[32.42004270000018,41.642884600000286],[32.42022510000015,41.642908700000135],[32.42017150000015,41.64338170000002],[32.42050410000013,41.64367040000013],[32.42161990000011,41.64368640000055],[32.422263600000065,41.64342980000009],[32.4214482000001,41.64318930000013],[32.4210513000001,41.642908700000135],[32.42107270000014,41.6426441000001],[32.421319500000095,41.64248379999998],[32.4217915000001,41.64179420000016],[32.421705700000075,41.64144950000002],[32.42153410000009,41.64124900000013],[32.4215233000001,41.6409604000001],[32.42178080000008,41.640671700000155],[32.42211340000006,41.63992610000014],[32.42183552698998,41.639618699097355],[32.422103221736506,41.639716934717],[32.422351662312906,41.63959392232772],[32.42227430000008,41.63970960000012],[32.42227430000008,41.64030290000005],[32.42241380000007,41.64101650000026],[32.42305750000003,41.641962600000056],[32.42342230000003,41.64222720000009],[32.423475999999994,41.642523800000276],[32.423840800000164,41.642636100000686],[32.42380860000003,41.64345390000017],[32.424967300000105,41.64368640000055],[32.425857800000074,41.64346190000009],[32.428518500000166,41.643477900000164],[32.429752300000075,41.643325600000026],[32.43172640000017,41.64354210000033],[32.43201610000017,41.64367040000013],[32.43240240000017,41.64406320000046],[32.43270280000013,41.64419150000009],[32.43478420000008,41.64453630000003],[32.43517040000006,41.64496120000018],[32.43610380000018,41.64560260000064],[32.43654370000013,41.645779000000175],[32.43823880000008,41.64542620000026],[32.43855000000008,41.645546400000114],[32.43861440000006,41.645939300000066],[32.43837830000007,41.6463081000004],[32.43801350000007,41.64633210000011],[32.437723900000094,41.64661270000005],[32.43834610000005,41.64699760000025],[32.438195900000096,41.647510700000055],[32.438314000000105,41.6478714000001],[32.438303200000064,41.64847270000007],[32.437809700000116,41.649434700000086],[32.43734840000013,41.649883700000146],[32.4371230000001,41.65023639999998],[32.43727330000013,41.65047690000017],[32.43820670000008,41.65050100000008],[32.43845340000007,41.65146300000009],[32.437412700000095,41.651503100000355],[32.43698360000013,41.65180770000018],[32.43690850000013,41.65238490000013],[32.43715520000012,41.65274560000012],[32.4378526000001,41.653226600000494],[32.43859290000006,41.653547300000014],[32.44136090000012,41.65609640000008],[32.44155410000013,41.65670560000058],[32.442315800000074,41.65741900000012],[32.44216560000007,41.65787590000042],[32.4423695000001,41.65826070000014],[32.443249200000025,41.65882180000017],[32.44303460000003,41.66092190000006],[32.44351740000019,41.66153910000014],[32.443420900000035,41.662036],[32.44365690000018,41.66243680000014],[32.4434852,41.66315810000049],[32.44354960000004,41.66365510000003],[32.444000200000175,41.663903500000345],[32.44408610000016,41.66420810000068],[32.44365690000018,41.664953500000536],[32.44435430000016,41.66639620000018],[32.44451520000018,41.66789490000019],[32.44419340000019,41.66860020000013],[32.44423630000017,41.66900090000007],[32.44478340000012,41.66938560000011],[32.44445080000014,41.6697863],[32.44385000000017,41.66989050000046],[32.44362470000004,41.670499600000085],[32.44363550000003,41.6707320000001],[32.443388700000014,41.67111670000031],[32.443614000000025,41.671990200000096],[32.443474500000036,41.672382900000116],[32.44315270000004,41.67277560000008],[32.443614000000025,41.67307210000013],[32.44359250000019,41.67364110000028],[32.443785700000035,41.674041800000396],[32.44363550000003,41.674642800000015],[32.44341010000005,41.674835100000166],[32.443442300000186,41.675468200000466],[32.443774899999994,41.67585290000068],[32.44354960000004,41.67655000000008],[32.444332800000154,41.67690260000012],[32.444493800000146,41.67785620000052],[32.44463320000017,41.678176800000074],[32.44447230000014,41.678569400000015],[32.444880000000126,41.67895400000003],[32.444890700000144,41.6792585],[32.444686900000136,41.679482900000096],[32.44500870000013,41.680091900000036],[32.444826400000125,41.6807089000003],[32.44485850000012,41.6811977000001],[32.44444010000018,41.68162240000021],[32.44442940000016,41.682527800000514],[32.444890700000144,41.68291240000036],[32.44478340000012,41.68451500000009],[32.44459030000013,41.685340200000155],[32.444869300000164,41.685909100000686],[32.44537350000013,41.68615750000009],[32.44774460000019,41.688721400000134],[32.44756220000005,41.690147500000364],[32.447229600000014,41.690812500000675],[32.44736910000006,41.69138930000008]]],"type":"Polygon"}},{"type":"Feature","properties":{"area_id":"TR-74-002-2036099","name_tr":"Yeniköy Köyü","area_level":"neighbourhood","parent_id":"TR-74-002","endeksa_id":2036099},"geometry":{"coordinates":[[[32.640380800000116,41.693993000000034],[32.63944740000011,41.69442560000016],[32.63898610000018,41.694529800000225],[32.63854620000018,41.69431350000008],[32.63793470000019,41.69368860000026],[32.637559200000055,41.693536400000085],[32.63597130000011,41.69392890000006],[32.63558510000013,41.69392890000006],[32.63510230000014,41.69376070000004],[32.63431910000003,41.69335210000048],[32.633739700000035,41.69271920000034],[32.63296720000005,41.69120500000014],[32.63273120000008,41.69033980000029],[32.63176560000011,41.69036380000017],[32.63119700000016,41.68981100000008],[32.63123990000014,41.68874540000053],[32.63142230000011,41.68818460000017],[32.63181920000011,41.687904100000196],[32.63202310000008,41.687455500000056],[32.632420100000104,41.68711090000011],[32.632473700000105,41.686470000000554],[32.63345000000004,41.686173499999995],[32.63366460000003,41.685829000000126],[32.634437100000184,41.68566870000018],[32.63653990000006,41.68435470000014],[32.636716999999976,41.68390199999999],[32.637580600000035,41.68370570000013],[32.63764500000002,41.6835054000004],[32.637548400000014,41.68303259999999],[32.63822440000018,41.683136800000455],[32.63861060000016,41.683056700000066],[32.63886809999997,41.68260800000007],[32.63936160000014,41.68259190000049],[32.639769300000125,41.68271210000012],[32.640091200000086,41.68265600000046],[32.6403165000001,41.682319500000176],[32.64058470000009,41.682135200000175],[32.6407885000001,41.68125380000026],[32.64147520000006,41.68077300000027],[32.641722000000016,41.680252199999984],[32.642301299999986,41.679747300000315],[32.64346000000012,41.679010100000426],[32.64441490000007,41.67876970000043],[32.64441490000007,41.677495599999986],[32.64530540000004,41.67741550000011],[32.64587400000005,41.67652600000008],[32.646646499999974,41.67624550000011],[32.647440400000164,41.675724700000046],[32.64859910000007,41.67547620000005],[32.648685000000114,41.67470689999999],[32.64823440000009,41.673536900000045],[32.648502600000086,41.67275150000057],[32.648330900000076,41.672206600000095],[32.64764430000014,41.671437200000184],[32.64656070000018,41.67086820000003],[32.64685030000015,41.66920130000028],[32.64727950000014,41.66808730000048],[32.64690400000018,41.66754230000015],[32.647204400000135,41.664913400000046],[32.64695760000018,41.66396770000017],[32.646453399999984,41.663190200000145],[32.64642120000019,41.66253290000009],[32.64698980000014,41.65973560000009],[32.64694690000016,41.65775570000005],[32.64761220000014,41.655552500000056],[32.651109600000154,41.6560484000002],[32.65535889200004,41.658063337000385],[32.65812630000005,41.659479100000055],[32.66426320000011,41.661547100000064],[32.66591550000004,41.66462489999998],[32.66722430000016,41.66611570000009],[32.66672010000019,41.66678090000039],[32.66710640000019,41.668159400000036],[32.66771790000013,41.67098850000036],[32.667514100000176,41.67235890000006],[32.667063500000154,41.674041800000396],[32.66746040000015,41.674650800000336],[32.668190000000095,41.674819100000036],[32.6691019000001,41.67647790000052],[32.6690483000001,41.677103000000045],[32.66811490000015,41.67855340000011],[32.66758920000012,41.68138200000021],[32.66763210000016,41.683008600000505],[32.666366100000005,41.68339320000035],[32.66519660000006,41.68391400000013],[32.664542200000085,41.68405020000017],[32.663641000000155,41.684450900000115],[32.66262169999999,41.68474730000048],[32.661827800000026,41.68528410000016],[32.66121620000007,41.6854524000002],[32.66095880000006,41.685684800000104],[32.661967300000015,41.6876077],[32.66209600000019,41.68868130000055],[32.66190290000003,41.689001800000426],[32.660529600000075,41.68876140000043],[32.66078710000011,41.688216600000146],[32.660197000000096,41.68779200000051],[32.6603472000001,41.68728720000013],[32.66008970000013,41.687102900000696],[32.66013260000011,41.686878600000114],[32.65988590000012,41.68650200000036],[32.65944600000017,41.686429900000064],[32.65916700000014,41.68681450000014],[32.65868419999998,41.686838500000135],[32.65840530000003,41.686742400000355],[32.658051200000045,41.68637380000041],[32.65751480000006,41.686133500000096],[32.656688700000075,41.686309700000436],[32.65646340000012,41.68606130000012],[32.65565870000012,41.6857088000001],[32.65497210000018,41.68566870000018],[32.654864800000155,41.68587710000003],[32.65503640000014,41.68625360000004],[32.65292290000008,41.688288700000044],[32.65263320000008,41.68799230000002],[32.65194650000012,41.68802430000005],[32.65204310000013,41.68845700000014],[32.651796300000115,41.68883349999999],[32.651217000000145,41.688857600000574],[32.65082000000018,41.68902580000014],[32.650347899999986,41.688993800000105],[32.649757900000054,41.68921810000006],[32.64972570000003,41.689538600000105],[32.64936090000003,41.68995520000044],[32.64903900000007,41.68997920000015],[32.648878100000104,41.68981100000008],[32.64856700000007,41.68903380000023],[32.64797690000012,41.68892170000004],[32.64784810000015,41.688336800000116],[32.647204400000135,41.687944200000175],[32.646818200000155,41.6878481],[32.64660360000016,41.687663800000564],[32.64662499999997,41.68743139999998],[32.64694690000016,41.687151000000085],[32.64702200000016,41.686838500000135],[32.64683960000019,41.68655010000043],[32.64628170000003,41.68629370000053],[32.64589550000005,41.685957200000075],[32.64571310000002,41.68602130000005],[32.64563800000002,41.686349800000016],[32.64458660000008,41.686974700000064],[32.64409300000011,41.687527600000124],[32.6437926000001,41.68720710000008],[32.64376040000013,41.686838500000135],[32.64344930000016,41.68657410000014],[32.64261240000019,41.68698280000035],[32.64187220000019,41.6871270000002],[32.642344200000025,41.687575700000025],[32.64222620000004,41.68787210000039],[32.641915100000006,41.68814450000019],[32.64221550000019,41.688825500000405],[32.64190430000019,41.68907389999998],[32.641786300000035,41.689618700000665],[32.641925800000024,41.69075640000011],[32.64134640000003,41.69164570000015],[32.64090660000005,41.69274330000002],[32.64097090000007,41.693408200000135],[32.6403701000001,41.693768700000135],[32.640380800000116,41.693993000000034]]],"type":"Polygon"}},{"type":"Feature","properties":{"area_id":"TR-74-002-2049391","name_tr":"Yukarışeyhler Köyü","area_level":"neighbourhood","parent_id":"TR-74-002","endeksa_id":2049391},"geometry":{"coordinates":[[[32.610790700000166,41.68722310000015],[32.61029720000016,41.68703880000004],[32.60994310000018,41.68716700000016],[32.60902050000004,41.68773590000012],[32.60848400000009,41.68818460000017],[32.60810850000007,41.688296700000706],[32.60663870000013,41.688288700000044],[32.60502930000007,41.68844900000016],[32.60281920000017,41.68896170000016],[32.60156390000003,41.68942640000006],[32.598699300000135,41.68997120000034],[32.59702560000005,41.689538600000105],[32.596489200000065,41.69027570000031],[32.5961137000001,41.690604200000166],[32.59531970000012,41.69085250000006],[32.595244600000115,41.691060800000116],[32.59624240000005,41.692783300000315],[32.59815210000016,41.694978400000025],[32.59755130000019,41.695122600000104],[32.597068500000034,41.69509860000039],[32.59663940000007,41.69532290000012],[32.59623170000009,41.6953549000001],[32.59614590000007,41.694842200000494],[32.59592060000011,41.69469800000013],[32.59584550000011,41.69424140000052],[32.59608150000008,41.693945000000156],[32.596070800000064,41.69375270000023],[32.59588840000009,41.69362450000028],[32.59550210000009,41.69370460000016],[32.59518030000015,41.69388890000016],[32.59497640000012,41.693768700000135],[32.594343400000184,41.69279930000022],[32.59361390000004,41.692510900000514],[32.593206200000054,41.69257500000049],[32.59310960000005,41.69270320000044],[32.593259800000055,41.693063700000096],[32.593259800000055,41.69316790000016],[32.59315250000003,41.69322390000053],[32.592508800000076,41.693007600000044],[32.592347800000084,41.69287140000017],[32.592315700000086,41.69271920000034],[32.590706300000136,41.6921023000001],[32.58936520000003,41.691950100000156],[32.58562090000004,41.69095670000053],[32.58479470000003,41.69044390000005],[32.582241300000135,41.68936630000002],[32.58088950000007,41.68867330000006],[32.57650140000004,41.68707090000004],[32.571866500000056,41.68606940000012],[32.569838800000184,41.68246370000054],[32.56649140000013,41.68172650000065],[32.56575110000017,41.68046049999998],[32.56463530000002,41.68108550000005],[32.56442070000003,41.68239960000005],[32.562747000000115,41.6820871000001],[32.56155610000019,41.68207110000003],[32.56172779999997,41.67956299999997],[32.563144000000136,41.67909830000008],[32.56408810000005,41.67901820000003],[32.56468890000002,41.67911429999998],[32.5650751,41.67884990000016],[32.566008600000146,41.67764790000069],[32.56608370000015,41.67711900000063],[32.56575110000017,41.67693470000012],[32.56415250000009,41.67651000000069],[32.56398080000008,41.676229500000034],[32.56408810000005,41.67585290000068],[32.56454940000003,41.67560450000019],[32.565504299999986,41.67565250000007],[32.56603000000018,41.675796800000114],[32.56649140000013,41.67617340000004],[32.5670707000001,41.676317700000084],[32.56762860000009,41.676101300000084],[32.56876590000002,41.675035500000035],[32.56918430000019,41.674835100000166],[32.569699300000025,41.67474700000048],[32.571190600000136,41.67504350000013],[32.57155540000008,41.675283900000125],[32.5715661000001,41.675500300000635],[32.57188800000006,41.67555640000012],[32.57188800000006,41.67609330000016],[32.572242000000074,41.67625360000011],[32.572821400000066,41.67621350000013],[32.57286430000005,41.677495599999986],[32.57329340000018,41.678048600000125],[32.574044500000184,41.678016500000126],[32.57466670000014,41.67759180000013],[32.574977900000135,41.67685460000007],[32.57467750000012,41.676846500000465],[32.574259000000154,41.67625360000011],[32.575417700000116,41.67524380000037],[32.575192400000105,41.67506750000035],[32.5754070000001,41.67372120000016],[32.5758254000001,41.67334460000012],[32.575922000000105,41.67307210000013],[32.576211700000044,41.67295990000008],[32.576630100000045,41.673657100000185],[32.57728460000004,41.67345680000017],[32.57742400000018,41.67290380000003],[32.57772440000019,41.67286370000011],[32.57802490000017,41.672975900000665],[32.578260900000146,41.67333660000031],[32.580471000000045,41.672463000000505],[32.58088950000007,41.671942100000024],[32.58057830000007,41.67129300000033],[32.580674900000076,41.66880860000015],[32.58098600000005,41.6686883000001],[32.58157610000018,41.66814340000013],[32.582284200000174,41.667822800000124],[32.58194090000018,41.66700530000048],[32.58203740000016,41.66596340000007],[32.58186580000017,41.66517790000012],[32.58187650000019,41.66485730000039],[32.58216620000019,41.66487340000015],[32.58235930000018,41.66472910000044],[32.58215550000017,41.66440850000021],[32.58176920000017,41.66419210000009],[32.58193010000019,41.66396770000017],[32.58176920000017,41.66382340000047],[32.58112550000004,41.66379930000011],[32.57981660000007,41.66205200000013],[32.57947320000011,41.66040090000007],[32.57894750000014,41.65938290000008],[32.57925870000014,41.65890999999999],[32.578840200000116,41.65741900000012],[32.579537600000094,41.65743510000004],[32.57998820000006,41.657274700000414],[32.580803600000024,41.65720260000012],[32.581543899999986,41.656946100000084],[32.582638300000156,41.656994200000156],[32.58336780000013,41.65667360000009],[32.58862490000007,41.65623270000003],[32.59145740000014,41.65682590000023],[32.59344220000003,41.65773170000057],[32.593967900000166,41.65729080000017],[32.597250900000006,41.65781980000003],[32.598345300000176,41.65713050000056],[32.600748500000066,41.656681600000184],[32.60278700000015,41.656160500000055],[32.60623099999998,41.65588800000006],[32.608044100000086,41.65701020000006],[32.610211400000026,41.65856530000008],[32.61283990000004,41.66250890000009],[32.614052300000026,41.66327030000053],[32.61414880000018,41.66367110000016],[32.614631600000166,41.66430430000014],[32.614438500000176,41.66542640000023],[32.61395570000019,41.66634810000011],[32.61268970000009,41.67127700000043],[32.61281850000006,41.67332859999999],[32.61317250000002,41.674346300000366],[32.61322620000004,41.67476300000038],[32.61337640000005,41.674979399999984],[32.61323690000006,41.67535600000042],[32.61352660000006,41.675724700000046],[32.61336560000001,41.67638180000006],[32.613462200000015,41.6779284000001],[32.61324760000002,41.67855340000011],[32.61319400000002,41.679346700000565],[32.61263610000009,41.679747300000315],[32.61260390000007,41.680083900000454],[32.61273260000007,41.680356300000255],[32.612614600000086,41.68062880000042],[32.612743400000056,41.68089320000013],[32.61246440000008,41.682047100000034],[32.61263610000009,41.68243170000005],[32.61301160000005,41.682567900000095],[32.61287210000006,41.68286440000065],[32.613140300000055,41.68311280000006],[32.61308670000005,41.683409200000256],[32.61320470000004,41.683745800000395],[32.61305450000003,41.684242500000096],[32.61278630000004,41.684458900000095],[32.612947200000065,41.68479540000055],[32.61262530000005,41.68566070000003],[32.612249800000086,41.685772900000075],[32.612389300000075,41.68618950000007],[32.61199230000011,41.68629370000053],[32.61174560000012,41.68668630000019],[32.611112600000126,41.68691060000009],[32.610790700000166,41.68722310000015]]],"type":"Polygon"}},{"type":"Feature","properties":{"area_id":"TR-74-002-2036086","name_tr":"Arıt Köyü","area_level":"neighbourhood","parent_id":"TR-74-002","endeksa_id":2036086},"geometry":{"coordinates":[[[32.62654070000019,41.69025970000041],[32.626766000000146,41.690516000000116],[32.626830300000165,41.69097270000043],[32.62662650000016,41.69146140000004],[32.625939800000026,41.69209430000018],[32.623536600000136,41.69371260000014],[32.623869200000115,41.69442560000016],[32.62429830000008,41.69469000000015],[32.62447000000009,41.69497040000044],[32.62400860000008,41.69559530000009],[32.623139600000115,41.69544310000015],[32.62274260000015,41.69553120000012],[32.62235640000017,41.69601990000024],[32.620993800000065,41.69667680000009],[32.61680960000007,41.696692800000164],[32.616037100000085,41.69636430000031],[32.61674520000008,41.69550710000044],[32.616788100000065,41.69448970000013],[32.617142200000046,41.6942494000001],[32.61722800000007,41.69392090000065],[32.616927600000054,41.693672600000355],[32.61507150000011,41.69267920000004],[32.61458870000018,41.69258300000007],[32.61403080000002,41.69274330000002],[32.613140300000055,41.69267120000063],[32.612389300000075,41.69241480000005],[32.61229280000009,41.69211030000008],[32.61152030000011,41.69203820000013],[32.61140230000012,41.69174980000042],[32.61114480000015,41.691533500000105],[32.61066200000016,41.69160560000057],[32.61035080000016,41.69148540000003],[32.610361599999976,41.691084900000476],[32.61080140000013,41.690812500000675],[32.61095170000016,41.69044390000005],[32.61066200000016,41.69021160000034],[32.609846600000026,41.69009139999997],[32.6097393,41.68982700000049],[32.61006120000019,41.68960270000008],[32.610146999999984,41.68928220000004],[32.609986100000185,41.68893770000045],[32.610018200000184,41.688641300000086],[32.61046890000017,41.6881365000001],[32.61088730000017,41.68804040000009],[32.61103750000012,41.6873834000001],[32.610790700000166,41.68722310000015],[32.611112600000126,41.68691060000009],[32.61174560000012,41.68668630000019],[32.61199230000011,41.68629370000053],[32.612389300000075,41.68618950000007],[32.612249800000086,41.685772900000075],[32.61262530000005,41.68566070000003],[32.612947200000065,41.68479540000055],[32.61278630000004,41.684458900000095],[32.61305450000003,41.684242500000096],[32.61320470000004,41.683745800000395],[32.61308670000005,41.683409200000256],[32.613140300000055,41.68311280000006],[32.61287210000006,41.68286440000065],[32.61301160000005,41.682567900000095],[32.61263610000009,41.68243170000005],[32.61246440000008,41.682047100000034],[32.612743400000056,41.68089320000013],[32.612614600000086,41.68062880000042],[32.61273260000007,41.680356300000255],[32.61260390000007,41.680083900000454],[32.61263610000009,41.679747300000315],[32.61319400000002,41.679346700000565],[32.61324760000002,41.67855340000011],[32.613462200000015,41.6779284000001],[32.61336560000001,41.67638180000006],[32.61352660000006,41.675724700000046],[32.61323690000006,41.67535600000042],[32.61337640000005,41.674979399999984],[32.61322620000004,41.67476300000038],[32.61317250000002,41.674346300000366],[32.61450290000016,41.674474500000315],[32.61583330000013,41.67443450000002],[32.61737820000002,41.67513160000033],[32.61809710000017,41.67501140000019],[32.618032700000185,41.675460199999975],[32.61881590000013,41.67560450000019],[32.61921290000015,41.67585290000068],[32.61965270000013,41.675892900000065],[32.61995310000009,41.67582880000009],[32.6204896000001,41.67538810000008],[32.62103680000007,41.67590900000016],[32.62159470000006,41.6767263000001],[32.62217400000003,41.67646190000062],[32.62246369999997,41.67678240000049],[32.622399300000154,41.6771671000007],[32.62254950000016,41.677399500000035],[32.62241000000017,41.67784820000003],[32.622624600000165,41.67803250000054],[32.62335420000011,41.67806460000003],[32.623729700000126,41.678609500000675],[32.62379410000011,41.67970730000002],[32.624416300000064,41.68064480000032],[32.62418030000009,41.681101500000125],[32.62452360000009,41.68131790000024],[32.624234000000115,41.68184670000011],[32.624588000000074,41.682535800000096],[32.62463090000006,41.68352940000011],[32.62493130000007,41.68376980000011],[32.624942100000055,41.68408230000017],[32.625328300000035,41.68460310000012],[32.62506010000004,41.68494759999999],[32.62502790000008,41.6854364000003],[32.62551070000006,41.68530820000035],[32.62587550000001,41.68571680000008],[32.62542490000004,41.686037300000635],[32.624995700000056,41.68666230000048],[32.625145900000064,41.687102900000696],[32.62547850000004,41.68731930000013],[32.62562870000005,41.68765580000007],[32.626025700000184,41.687800000000095],[32.62581110000019,41.68844900000016],[32.62603640000003,41.688649300000066],[32.62634750000018,41.68876940000001],[32.62643340000017,41.689138000000185],[32.62578960000019,41.68921810000006],[32.62587550000001,41.690243600000144],[32.62654070000019,41.69025970000041]]],"type":"Polygon"}},{"type":"Feature","properties":{"area_id":"TR-74-002-2036092","name_tr":"İmamlar Köyü","area_level":"neighbourhood","parent_id":"TR-74-002","endeksa_id":2036092},"geometry":{"coordinates":[[[32.67329690000008,41.69734170000004],[32.67255660000012,41.69740580000018],[32.672073800000135,41.6976621000004],[32.67152670000013,41.6981988000004],[32.670958000000155,41.69810270000062],[32.67050740000019,41.69761400000033],[32.67008900000002,41.69752590000013],[32.66830800000014,41.69765410000008],[32.66700980000019,41.69763010000008],[32.66607640000001,41.69742980000018],[32.66451000000012,41.697550000000035],[32.663662400000135,41.69663670000011],[32.66307230000018,41.69684500000011],[32.66270760000003,41.69682900000004],[32.662160400000005,41.696108000000095],[32.66209600000019,41.69584360000022],[32.662160400000005,41.69559530000009],[32.66267540000018,41.69529080000012],[32.66268610000003,41.69501050000002],[32.66232130000003,41.69448170000015],[32.66165610000007,41.69418530000013],[32.660197000000096,41.69388090000018],[32.65913489999997,41.69396100000006],[32.65899540000015,41.69378470000004],[32.65969280000013,41.69324000000012],[32.66035790000012,41.692510900000514],[32.6603472000001,41.691950100000156],[32.661999500000036,41.691181000000256],[32.662192600000026,41.69099670000014],[32.66217110000002,41.69066830000014],[32.6624501,41.69038780000017],[32.66261100000003,41.68941840000008],[32.662353499999995,41.68916200000018],[32.66232130000003,41.688857600000574],[32.66209600000019,41.68868130000055],[32.661967300000015,41.6876077],[32.66095880000006,41.685684800000104],[32.66121620000007,41.6854524000002],[32.661827800000026,41.68528410000016],[32.66262169999999,41.68474730000048],[32.663641000000155,41.684450900000115],[32.664542200000085,41.68405020000017],[32.66519660000006,41.68391400000013],[32.666366100000005,41.68339320000035],[32.66763210000016,41.683008600000505],[32.66758920000012,41.68138200000021],[32.66811490000015,41.67855340000011],[32.6690483000001,41.677103000000045],[32.6691019000001,41.67647790000052],[32.668190000000095,41.674819100000036],[32.66746040000015,41.674650800000336],[32.667063500000154,41.674041800000396],[32.667514100000176,41.67235890000006],[32.66771790000013,41.67098850000036],[32.66710640000019,41.668159400000036],[32.66672010000019,41.66678090000039],[32.66722430000016,41.66611570000009],[32.667673653707084,41.6661453168241],[32.66695000000021,41.66663000000034],[32.667880000000025,41.66686000000021],[32.67006000000015,41.6671300000005],[32.67106000000007,41.66716000000014],[32.67226000000005,41.66753000000023],[32.676180000000045,41.67015000000026],[32.677540000000135,41.67117000000013],[32.67867000000018,41.6717400000004],[32.68124000000023,41.67254000000048],[32.683436463627174,41.67368065278515],[32.68303870000017,41.674474500000315],[32.68268460000019,41.67482710000036],[32.68144010000009,41.675195800000665],[32.6809037000001,41.675764700000116],[32.68067840000009,41.67614140000006],[32.680774900000074,41.67699080000068],[32.6805925000001,41.67738340000011],[32.67985220000014,41.67799250000007],[32.67935870000014,41.678705600000455],[32.67935870000014,41.679434800000024],[32.679487500000164,41.68032430000045],[32.679165599999976,41.68115760000012],[32.67958400000015,41.68175060000016],[32.6801741000001,41.6823596000001],[32.680195600000104,41.683128800000134],[32.679905900000165,41.68360150000018],[32.68056030000008,41.6849236000005],[32.68123630000008,41.68504380000013],[32.68157960000008,41.68530820000035],[32.68159030000004,41.68576490000015],[32.681375700000046,41.68606940000012],[32.68020630000012,41.68666230000048],[32.67960550000015,41.687575700000025],[32.678950999999984,41.68783200000013],[32.67813560000002,41.68795220000027],[32.67743820000004,41.68830480000031],[32.67668720000012,41.6893383000002],[32.6766765000001,41.689706800000124],[32.67694470000009,41.68986710000007],[32.67745970000004,41.689843000000394],[32.677685000000054,41.69013950000004],[32.6770949000001,41.69022760000024],[32.676966200000095,41.69085250000006],[32.67659070000013,41.69105280000031],[32.676461900000106,41.69133320000009],[32.67668720000012,41.691565600000104],[32.67723440000009,41.691894000000275],[32.67676230000012,41.69259899999997],[32.676236600000095,41.69299160000014],[32.67596840000016,41.69336010000006],[32.67592550000012,41.69400910000013],[32.6762581000001,41.69452180000013],[32.67508860000015,41.695427000000564],[32.67440200000004,41.695731500000534],[32.67401570000004,41.69630020000034],[32.67360810000008,41.69670880000007],[32.67329690000008,41.69734170000004]]],"type":"Polygon"}},{"type":"Feature","properties":{"area_id":"TR-74-002-2036090","name_tr":"Darıören Köyü","area_level":"neighbourhood","parent_id":"TR-74-002","endeksa_id":2036090},"geometry":{"coordinates":[[[32.560397400000056,41.678048600000125],[32.55607370000007,41.6774395000005],[32.55530120000009,41.677231200000165],[32.554571600000145,41.678176800000074],[32.552651200000014,41.67962720000014],[32.555419200000074,41.68163040000019],[32.556341900000064,41.682439700000145],[32.558745100000124,41.683409200000256],[32.55964640000008,41.68473130000007],[32.559657100000095,41.68509990000052],[32.55933520000008,41.68520400000011],[32.55935670000008,41.685524500000156],[32.55958200000009,41.68574890000008],[32.559464000000105,41.68619760000007],[32.55996820000007,41.686437900000385],[32.560021900000095,41.68695070000018],[32.560783600000036,41.686998800000254],[32.56101960000018,41.687808000000416],[32.56143810000003,41.68808840000003],[32.56222130000015,41.6881365000001],[32.56266120000015,41.68840090000009],[32.56303670000011,41.6893383000002],[32.56324050000012,41.689626700000076],[32.56309030000011,41.69013950000004],[32.562425100000155,41.6910208000005],[32.56201740000017,41.691189000000065],[32.561255700000174,41.69102880000008],[32.56085870000004,41.69111690000028],[32.560794300000055,41.691717800000106],[32.562178400000164,41.69259100000039],[32.56304740000013,41.6928554000001],[32.5635195000001,41.6940491000006],[32.562564600000144,41.694041100000106],[32.56104110000018,41.6953309000001],[32.55991460000007,41.69683700000019],[32.55924940000011,41.69731760000013],[32.55649210000007,41.69851120000067],[32.55563630000012,41.698777500000176],[32.554900000000146,41.697000000000685],[32.55040000000014,41.69459999999998],[32.54750000000013,41.6949000000003],[32.53809210000014,41.690011300000094],[32.52763680000015,41.68496920000018],[32.51762150000013,41.67949900000019],[32.509606000000076,41.678161500000556],[32.50820810000005,41.67670070000048],[32.50908130000016,41.673905600000126],[32.505261900000164,41.670796100000075],[32.502673300000026,41.669980800000474],[32.49835390000004,41.66892800000005],[32.49321970000017,41.665269000000194],[32.4915577000001,41.66360309999999],[32.49122470000009,41.66182140000001],[32.49131440000008,41.660889800000064],[32.49305250000015,41.660473000000366],[32.49369620000016,41.65944700000006],[32.496292600000004,41.65803630000005],[32.494533000000104,41.65461340000013],[32.496013600000026,41.654589400000134],[32.497129400000176,41.65415650000034],[32.49812720000011,41.65398820000013],[32.499039200000084,41.65333880000003],[32.50057340000018,41.65385190000018],[32.50121710000013,41.65417250000024],[32.503159000000096,41.65489400000007],[32.503480900000056,41.65534290000045],[32.50354530000004,41.65590400000019],[32.50337360000009,41.65643310000041],[32.502719200000115,41.657571300000086],[32.50278350000008,41.657851900000026],[32.50334140000007,41.658012200000144],[32.50430700000004,41.65778780000005],[32.50517609999997,41.65783590000012],[32.505830500000116,41.65802820000005],[32.50653860000011,41.65715450000005],[32.506892700000094,41.657178600000634],[32.50761150000005,41.65772360000011],[32.508437600000036,41.657916],[32.50976800000012,41.65777170000018],[32.510401000000115,41.65795610000066],[32.510594100000105,41.65826070000014],[32.51013280000012,41.65903820000017],[32.51013280000012,41.659623400000044],[32.51136660000009,41.660304700000154],[32.511860100000035,41.660304700000154],[32.51248240000018,41.660144400000036],[32.51357670000016,41.66012030000013],[32.51431700000012,41.659927900000014],[32.51574400000004,41.660056200000156],[32.51628040000003,41.659968000000504],[32.51682760000017,41.66006420000065],[32.51803990000013,41.659807700000385],[32.51905920000007,41.65888590000014],[32.51993890000006,41.659014200000456],[32.52124790000016,41.65853320000008],[32.52222420000015,41.65845310000003],[32.522975200000076,41.65862940000005],[32.52355460000007,41.659350800000084],[32.52429480000001,41.65971150000024],[32.52589340000014,41.659887900000626],[32.52704140000009,41.66032870000015],[32.52772810000005,41.66036880000013],[32.52831820000006,41.660096300000134],[32.52909060000019,41.660088300000155],[32.530775100000085,41.66044899999997],[32.53184790000006,41.660970000000134],[32.53243800000001,41.66141080000051],[32.532663300000024,41.6618677000003],[32.53242730000005,41.66299780000037],[32.53258820000019,41.66361500000028],[32.53330710000017,41.66424820000009],[32.53374690000015,41.664368400000114],[32.53411170000015,41.66427220000014],[32.53442290000015,41.66346270000014],[32.5349915000001,41.66313410000009],[32.53548500000005,41.66308600000002],[32.53566740000008,41.6633024000007],[32.53622530000007,41.6648012],[32.536675900000034,41.66505770000009],[32.53709429999998,41.66505770000009],[32.538725100000136,41.664328300000136],[32.539186500000085,41.66403980000007],[32.539712200000054,41.6639917],[32.54033450000003,41.66419210000009],[32.5425982000001,41.665747000000465],[32.54300590000008,41.666332100000204],[32.544851300000005,41.66787890000029],[32.54565600000018,41.66813530000019],[32.54688980000009,41.66813530000019],[32.54863860000006,41.66834370000038],[32.549647100000186,41.66864030000005],[32.55010840000017,41.6684800000001],[32.55025860000012,41.66808730000048],[32.54992600000014,41.66739000000018],[32.55024790000016,41.66707740000004],[32.550698500000124,41.66700530000048],[32.551267100000075,41.66721370000016],[32.55261900000005,41.66833570000006],[32.55304810000018,41.66899290000009],[32.55355240000017,41.66923330000009],[32.55524750000012,41.66919330000019],[32.55608440000009,41.66949780000016],[32.557972700000164,41.66956190000013],[32.55870220000014,41.66979430000032],[32.5590241000001,41.67048360000018],[32.55937810000012,41.67307210000013],[32.55869150000012,41.674170000000345],[32.55862710000014,41.67461880000053],[32.55882020000013,41.67506750000035],[32.560375900000054,41.676061200000504],[32.56065490000003,41.676494000000105],[32.56026860000003,41.67728730000016],[32.560397400000056,41.678048600000125]]],"type":"Polygon"}},{"type":"Feature","properties":{"area_id":"TR-74-002-2036026","name_tr":"Dallıca Köyü","area_level":"neighbourhood","parent_id":"TR-74-002","endeksa_id":2036026},"geometry":{"coordinates":[[[32.33563734064268,41.666755156543275],[32.33449000000013,41.66693000000032],[32.33403000000004,41.667140000000074],[32.33399000000014,41.66728000000012],[32.33428000000015,41.66761000000042],[32.334170000000086,41.668040000000474],[32.33356000000009,41.66840000000042],[32.332870000000185,41.668310000000076],[32.332500000000095,41.6681700000002],[32.330420000000174,41.668500000000165],[32.33012000000019,41.66889000000009],[32.32957000000016,41.669120000000305],[32.32893000000013,41.66925000000043],[32.32880000000006,41.669180000000324],[32.32883000000004,41.66897000000017],[32.32836000000003,41.668500000000165],[32.32837000000018,41.668030000000385],[32.327730000000145,41.66746000000012],[32.32681000000008,41.66728000000012],[32.3266000000001,41.6671300000005],[32.32661000000019,41.66693000000032],[32.32644000000016,41.666670000000124],[32.32576000000006,41.666760000000295],[32.325370000000134,41.66651000000036],[32.32441000000006,41.66558000000015],[32.323610000000144,41.66524000000044],[32.32349000000016,41.66530000000006],[32.323480000000245,41.66554000000042],[32.322860000000105,41.66504000000026],[32.322990000000175,41.664780000000064],[32.32291000000015,41.66443000000021],[32.32263000000006,41.66402000000039],[32.32258000000019,41.66350000000017],[32.32205000000005,41.66327000000018],[32.32183000000015,41.663110000000415],[32.32177000000013,41.66295000000014],[32.32148000000012,41.66278000000011],[32.3221700000002,41.662550000000294],[32.321750000000065,41.66220000000044],[32.32138000000003,41.66213000000033],[32.32095000000015,41.661870000000135],[32.3211800000002,41.66160000000053],[32.32111000000009,41.66146000000032],[32.321530000000166,41.660600000000215],[32.321577206843074,41.66000157138478],[32.32186000000013,41.65937000000008],[32.32188000000019,41.65896000000026],[32.32229000000018,41.65875000000062],[32.322370000000035,41.65836000000036],[32.32332000000014,41.65773000000007],[32.323210000000074,41.65737000000013],[32.32388000000009,41.65641000000028],[32.32407000000018,41.6562100000001],[32.324690000000146,41.656050000000334],[32.32471000000004,41.65587000000039],[32.32304000000005,41.65501000000029],[32.32222000000007,41.65475000000009],[32.322560000000124,41.65443000000005],[32.32323000000014,41.654250000000616],[32.32369000000017,41.65380000000033],[32.32295000000005,41.65345000000036],[32.322520000000225,41.65336000000019],[32.3224800000001,41.6531700000001],[32.321440000000166,41.65285000000006],[32.32103000000018,41.65303000000006],[32.32008000000013,41.65222000000034],[32.31960000000021,41.652050000000486],[32.319550000000106,41.65169000000054],[32.319000000000074,41.6513300000006],[32.31851000000006,41.651740000000416],[32.31817000000018,41.652180000000044],[32.31690000000009,41.652020000000164],[32.31641000000019,41.65207000000004],[32.316420000000164,41.651920000000416],[32.31586000000016,41.65146000000016],[32.31542000000019,41.6517800000002],[32.3152300000001,41.65181000000052],[32.31497000000007,41.65157000000056],[32.31461000000013,41.650720000000035],[32.31473000000011,41.65023000000053],[32.3148300000002,41.65017000000017],[32.31476000000009,41.64984000000027],[32.31467000000015,41.64971000000014],[32.3137500000002,41.649330000000134],[32.313600000000065,41.64915000000019],[32.31367000000017,41.648830000000146],[32.3139300000002,41.648670000000095],[32.3134500000001,41.64812000000006],[32.31169000000011,41.64686000000023],[32.311500000000194,41.64662000000027],[32.31182000000024,41.646170000000154],[32.312020000000075,41.64557000000008],[32.312050000000056,41.64500000000015],[32.31235000000021,41.64429000000007],[32.31207000000012,41.64396000000045],[32.31229000000019,41.643620000000055],[32.31203000000016,41.64334000000031],[32.31218000000018,41.64293000000049],[32.31165000000016,41.64277000000004],[32.31086000000016,41.64271000000008],[32.30955000000017,41.64242000000024],[32.30937000000017,41.64219000000037],[32.30863000000005,41.641860000000065],[32.30927000000008,41.640460000000076],[32.31031000000013,41.639010000000155],[32.31076000000007,41.638700000000085],[32.31179000000003,41.638730000000066],[32.31283000000013,41.63909000000041],[32.31365000000011,41.63967000000008],[32.315740000000176,41.643470000000036],[32.316540000000145,41.64461000000023],[32.317100000000096,41.64493000000027],[32.31788000000017,41.64498000000032],[32.31863000000004,41.64479000000023],[32.31941000000012,41.64438000000041],[32.3203400000001,41.64335000000028],[32.320569645797946,41.64347413286373],[32.3209100000002,41.64377000000036],[32.32205000000005,41.64426000000043],[32.32249000000019,41.644740000000354],[32.32284000000004,41.644900000000064],[32.32319000000024,41.644890000000146],[32.323640000000125,41.645110000000386],[32.3242400000002,41.645820000000185],[32.32472000000013,41.645980000000066],[32.32504000000017,41.64621000000045],[32.32512000000003,41.64652000000052],[32.32610000000011,41.64724000000041],[32.32599000000005,41.648060000000044],[32.325750000000085,41.64857000000035],[32.32622000000009,41.64897000000019],[32.32650000000018,41.64864000000006],[32.32665000000014,41.64864000000006],[32.32690000000025,41.648460000000455],[32.32749000000018,41.64764000000014],[32.32854000000003,41.64704000000023],[32.32958000000008,41.64670000000035],[32.32990000000012,41.64684000000017],[32.32945000000018,41.64739000000003],[32.32944000000009,41.64758000000012],[32.32970000000006,41.647870000000125],[32.3294600000001,41.6485600000002],[32.32966000000016,41.648950000000355],[32.329620000000034,41.6493500000002],[32.32939000000022,41.649790000000394],[32.32932000000011,41.65028000000041],[32.32941000000005,41.65093000000019],[32.329300000000046,41.65098000000006],[32.3276800000001,41.650500000000136],[32.32719000000009,41.65051000000028],[32.32701000000009,41.65057000000024],[32.32678000000004,41.65082000000035],[32.32659000000018,41.65110000000004],[32.32662000000016,41.6513300000006],[32.326980000000106,41.65164000000016],[32.32864000000012,41.651990000000126],[32.330050000000085,41.652800000000184],[32.33095000000014,41.653070000000355],[32.3317100000001,41.653720000000135],[32.33241000000015,41.65451000000013],[32.33272000000022,41.65443000000005],[32.33285000000012,41.65461000000005],[32.33317000000011,41.65457000000009],[32.333860000000186,41.654960000000415],[32.33654000000007,41.65551000000028],[32.336890000000096,41.65580000000028],[32.33821000000006,41.65649000000013],[32.33946000000009,41.65669000000071],[32.340710000000115,41.65776000000028],[32.34078000000005,41.65821000000017],[32.34116000000006,41.65822000000014],[32.34146000000004,41.65857000000011],[32.34128215054096,41.65883642771786],[32.341640000000154,41.65864000000005],[32.34220000000016,41.65903000000037],[32.34233000000006,41.659240000000125],[32.34192000000007,41.66089000000005],[32.34161000000017,41.66049000000038],[32.341140000000166,41.66067000000032],[32.340830000000096,41.6610500000005],[32.341020000000185,41.66155000000015],[32.340890000000115,41.6619100000006],[32.340980000000116,41.66241000000008],[32.34056000000015,41.663200000000074],[32.33995000000016,41.6640100000003],[32.339840000000095,41.66466000000008],[32.33968000000016,41.664600000000064],[32.33951000000013,41.664780000000064],[32.33872000000014,41.66502000000071],[32.33862000000005,41.66519000000005],[32.33693000000022,41.666210000000035],[32.3370900000001,41.66654000000017],[32.33618000000013,41.666980000000194],[32.3360100000001,41.66672000000017],[32.33563734064268,41.666755156543275]]],"type":"Polygon"}},{"type":"Feature","properties":{"area_id":"TR-74-002-2036059","name_tr":"Kocareis Köyü","area_level":"neighbourhood","parent_id":"TR-74-002","endeksa_id":2036059},"geometry":{"coordinates":[[[32.31239551800007,41.69927084200009],[32.31229839200017,41.69926490900059],[32.311854071000084,41.70003392700045],[32.29778114800018,41.700748566000186],[32.29230000000018,41.69380000000024],[32.29230066500014,41.6939064610001],[32.29210712700012,41.693664880000426],[32.299056821000136,41.68373667300011],[32.298748407000005,41.67589136500004],[32.29438004400015,41.672654748000014],[32.295664448000025,41.671228472000166],[32.29426575900004,41.669970434000504],[32.30185846400002,41.66647367400037],[32.3019000000001,41.667110000000264],[32.302010000000166,41.667260000000056],[32.302450000000135,41.6674000000001],[32.30354000000011,41.6674000000001],[32.304250000000195,41.66774000000015],[32.30454000000003,41.66767000000027],[32.304770000000076,41.66777000000019],[32.30491000000012,41.66756000000055],[32.30519176276471,41.667422158157365],[32.30609572118021,41.66711755495993],[32.30629000000005,41.66717000000028],[32.307620000000156,41.666610000000105],[32.30790601300009,41.664558791000104],[32.30831000000006,41.664690000000405],[32.30850000000015,41.66453000000013],[32.30900000000014,41.6646200000003],[32.309200000000146,41.664380000000335],[32.30933324399996,41.66434298777807],[32.30971000000005,41.66433000000046],[32.31034000000017,41.664100000000076],[32.31138000000004,41.66402000000039],[32.31262000000015,41.66251000000051],[32.312850000000196,41.662340000000654],[32.31302250486567,41.66200457387288],[32.31367000000017,41.66181000000017],[32.315310000000125,41.66096000000016],[32.315270000000226,41.66084000000018],[32.3148300000002,41.66049000000038],[32.31556000000006,41.66023000000018],[32.31587000000013,41.65997000000016],[32.31557000000015,41.659510000000296],[32.31459000000007,41.65938000000017],[32.31408000000016,41.658770000000175],[32.31356000000011,41.658430000000294],[32.3131800000001,41.65822000000014],[32.31239000000011,41.65805000000029],[32.3121000000001,41.65780000000018],[32.31163000000015,41.65765000000056],[32.31183000000016,41.65727000000038],[32.311030000000244,41.65641000000028],[32.311150000000225,41.65624000000042],[32.31179000000003,41.65640000000019],[32.31208000000004,41.65677000000022],[32.31225000000006,41.65681000000018],[32.31239000000011,41.65675000000016],[32.312420000000145,41.65643000000051],[32.31294000000014,41.65610000000021],[32.31306000000012,41.65613000000042],[32.31312000000014,41.65585000000016],[32.31294000000014,41.655610000000195],[32.31269000000009,41.65549000000021],[32.31163000000015,41.65551000000028],[32.311310000000105,41.65526000000034],[32.31161000000009,41.654560000000174],[32.31189000000012,41.65417000000042],[32.31172000000009,41.65418000000051],[32.31095000000016,41.65467000000018],[32.31074000000018,41.65463000000011],[32.31064000000009,41.65448000000009],[32.31039000000004,41.65463000000011],[32.310130000000186,41.65466000000043],[32.30934000000019,41.654030000000205],[32.309290000000146,41.653820000000565],[32.309110000000146,41.65386000000035],[32.30853000000013,41.65433000000013],[32.30804000000012,41.65386000000035],[32.30647000000005,41.65424000000013],[32.30630000000019,41.65473000000054],[32.305730000000096,41.65480000000014],[32.30545000000018,41.654720000000054],[32.30523000000011,41.65454000000045],[32.304780000000164,41.654650000000345],[32.3051200000001,41.65529000000015],[32.305050000000165,41.65593000000035],[32.30438000000015,41.65638000000013],[32.304120000000125,41.656390000000044],[32.3037700000001,41.6562100000001],[32.30262000000016,41.65615000000008],[32.30138000000005,41.655890000000056],[32.30122000000017,41.65594000000033],[32.30122000000017,41.65613000000042],[32.30090000000013,41.65625000000017],[32.30073274979071,41.65652475090775],[32.30059566800003,41.65569683400042],[32.30112086800011,41.655499398000075],[32.30001855700016,41.65045221700018],[32.30023793400005,41.65020067500018],[32.29578425000017,41.64827854100008],[32.29596034200017,41.64729671300006],[32.292225244000065,41.6467419650005],[32.291286829000114,41.644907494000506],[32.28913261300005,41.64510913000049],[32.28706252600011,41.64168359200039],[32.28384401700015,41.642549364000615],[32.280048818000125,41.64560461900004],[32.2792527359328,41.64868012625743],[32.279072471276265,41.648771829615555],[32.27892270559431,41.64864615107922],[32.27893097086542,41.64779742744753],[32.2792094260202,41.64660425524471],[32.28039000000007,41.644340000000625],[32.282000000000096,41.64289000000019],[32.28530000000012,41.64131000000003],[32.29046000000017,41.6404100000002],[32.2934800000001,41.6402300000002],[32.293070000000114,41.639720000000125],[32.29296000000011,41.639040000000364],[32.29273000000006,41.63887000000011],[32.292910000000234,41.63865000000021],[32.29281000000009,41.63848000000036],[32.29423579209322,41.638170038068324],[32.29514358400007,41.64067176400016],[32.295158334000064,41.64125850200003],[32.295843941000044,41.6424134290001],[32.29601058900016,41.64245680400006],[32.298372099000176,41.641722086000016],[32.301547790000086,41.64195542200014],[32.30539245300014,41.64277983900041],[32.307579010000154,41.642624093000165],[32.30855422100012,41.64194075800003],[32.30880279781735,41.6414820047749],[32.30863000000005,41.641860000000065],[32.30937000000017,41.64219000000037],[32.30955000000017,41.64242000000024],[32.31086000000016,41.64271000000008],[32.31165000000016,41.64277000000004],[32.31218000000018,41.64293000000049],[32.31203000000016,41.64334000000031],[32.31229000000019,41.643620000000055],[32.31207000000012,41.64396000000045],[32.31235000000021,41.64429000000007],[32.312050000000056,41.64500000000015],[32.312020000000075,41.64557000000008],[32.31182000000024,41.646170000000154],[32.311500000000194,41.64662000000027],[32.31169000000011,41.64686000000023],[32.3134500000001,41.64812000000006],[32.3139300000002,41.648670000000095],[32.31367000000017,41.648830000000146],[32.313600000000065,41.64915000000019],[32.3137500000002,41.649330000000134],[32.31467000000015,41.64971000000014],[32.31476000000009,41.64984000000027],[32.3148300000002,41.65017000000017],[32.31473000000011,41.65023000000053],[32.31461000000013,41.650720000000035],[32.31497000000007,41.65157000000056],[32.3152300000001,41.65181000000052],[32.31542000000019,41.6517800000002],[32.31586000000016,41.65146000000016],[32.316420000000164,41.651920000000416],[32.31641000000019,41.65207000000004],[32.31690000000009,41.652020000000164],[32.31817000000018,41.652180000000044],[32.31851000000006,41.651740000000416],[32.319000000000074,41.6513300000006],[32.319550000000106,41.65169000000054],[32.31960000000021,41.652050000000486],[32.32008000000013,41.65222000000034],[32.32103000000018,41.65303000000006],[32.321440000000166,41.65285000000006],[32.3224800000001,41.6531700000001],[32.322520000000225,41.65336000000019],[32.32295000000005,41.65345000000036],[32.32369000000017,41.65380000000033],[32.32323000000014,41.654250000000616],[32.322560000000124,41.65443000000005],[32.32222000000007,41.65475000000009],[32.32304000000005,41.65501000000029],[32.32471000000004,41.65587000000039],[32.324690000000146,41.656050000000334],[32.32407000000018,41.6562100000001],[32.32388000000009,41.65641000000028],[32.323210000000074,41.65737000000013],[32.32332000000014,41.65773000000007],[32.322370000000035,41.65836000000036],[32.32229000000018,41.65875000000062],[32.32188000000019,41.65896000000026],[32.32186000000013,41.65937000000008],[32.321577206843074,41.66000157138478],[32.32042002200018,41.66147324000019],[32.319722614,41.66107335700002],[32.31844353700018,41.661894385000096],[32.318044966000116,41.66505409200033],[32.31582587600019,41.667509674000144],[32.31743675200005,41.675551426000425],[32.3143027320001,41.67817059099997],[32.31239551800007,41.69927084200009]]],"type":"Polygon"}},{"type":"Feature","properties":{"area_id":"TR-74-002-2036095","name_tr":"Kumaçorak Köyü","area_level":"neighbourhood","parent_id":"TR-74-002","endeksa_id":2036095},"geometry":{"coordinates":[[[32.709385376372666,41.68907087697994],[32.70843920000004,41.690548100000115],[32.707768700000145,41.69116500000035],[32.707210799999984,41.691317200000185],[32.705966200000034,41.69126910000011],[32.7049363000001,41.69187000000005],[32.70451780000013,41.691950100000156],[32.70388480000014,41.6918299000003],[32.70349860000016,41.69188600000018],[32.70327329999998,41.69213440000027],[32.70319820000003,41.69250290000002],[32.702522300000055,41.69310380000019],[32.70109530000008,41.693904900000064],[32.70088080000011,41.69374470000014],[32.70099880000009,41.693368100000384],[32.7007306000001,41.69329600000009],[32.70000100000016,41.69335210000048],[32.69932510000018,41.69376070000004],[32.69919629999998,41.69443360000008],[32.69859550000001,41.69559530000009],[32.696846700000094,41.69650050000007],[32.69526960000019,41.69689310000018],[32.69462580000004,41.69683700000019],[32.69405720000003,41.69706130000043],[32.69401430000005,41.69750990000006],[32.69353150000006,41.69765410000008],[32.693198900000084,41.69761400000033],[32.69312380000008,41.69728560000016],[32.69259810000011,41.696965200000136],[32.692898500000126,41.696596699999986],[32.6926625000001,41.696452500000134],[32.690624000000184,41.6968530000006],[32.69058110000003,41.69725350000016],[32.689722800000084,41.69743780000067],[32.68774870000016,41.698535300000174],[32.686804499999994,41.698639400000616],[32.685581400000046,41.69961670000015],[32.685377600000095,41.7000733000001],[32.68396140000016,41.70089040000016],[32.68354300000016,41.70098650000011],[32.68303870000017,41.70076220000004],[32.68254520000005,41.70024150000012],[32.681729800000085,41.70012140000017],[32.68060330000009,41.70011340000036],[32.680045400000154,41.700353700000164],[32.67923000000019,41.70042580000063],[32.678564800000004,41.70030560000009],[32.678232200000025,41.699953200000095],[32.67765280000003,41.69975290000019],[32.67580750000013,41.69942450000002],[32.67537830000015,41.699264300000095],[32.67505640000019,41.698991900000294],[32.674949200000185,41.698415100000034],[32.67473460000019,41.69789440000011],[32.67329690000008,41.69734170000004],[32.67360810000008,41.69670880000007],[32.67401570000004,41.69630020000034],[32.67440200000004,41.695731500000534],[32.67508860000015,41.695427000000564],[32.6762581000001,41.69452180000013],[32.67592550000012,41.69400910000013],[32.67596840000016,41.69336010000006],[32.676236600000095,41.69299160000014],[32.67676230000012,41.69259899999997],[32.67723440000009,41.691894000000275],[32.67668720000012,41.691565600000104],[32.676461900000106,41.69133320000009],[32.67659070000013,41.69105280000031],[32.676966200000095,41.69085250000006],[32.6770949000001,41.69022760000024],[32.677685000000054,41.69013950000004],[32.67745970000004,41.689843000000394],[32.67694470000009,41.68986710000007],[32.6766765000001,41.689706800000124],[32.67668720000012,41.6893383000002],[32.67743820000004,41.68830480000031],[32.67813560000002,41.68795220000027],[32.678950999999984,41.68783200000013],[32.67960550000015,41.687575700000025],[32.68020630000012,41.68666230000048],[32.681375700000046,41.68606940000012],[32.68159030000004,41.68576490000015],[32.68157960000008,41.68530820000035],[32.68123630000008,41.68504380000013],[32.68056030000008,41.6849236000005],[32.679905900000165,41.68360150000018],[32.680195600000104,41.683128800000134],[32.6801741000001,41.6823596000001],[32.67958400000015,41.68175060000016],[32.679165599999976,41.68115760000012],[32.679487500000164,41.68032430000045],[32.67935870000014,41.679434800000024],[32.67935870000014,41.678705600000455],[32.67985220000014,41.67799250000007],[32.6805925000001,41.67738340000011],[32.680774900000074,41.67699080000068],[32.68067840000009,41.67614140000006],[32.6809037000001,41.675764700000116],[32.68144010000009,41.675195800000665],[32.68268460000019,41.67482710000036],[32.68303870000017,41.674474500000315],[32.683436463627174,41.67368065278515],[32.684790000000135,41.6739900000004],[32.68784000000005,41.67534000000052],[32.68936000000008,41.676490000000456],[32.691140000000075,41.67726000000022],[32.693430000000035,41.678410000000156],[32.6944400000001,41.67879000000033],[32.694950000000176,41.679370000000176],[32.696220000000096,41.67994000000027],[32.69698000000011,41.680520000000115],[32.697240000000136,41.68147000000039],[32.69800000000015,41.68205000000006],[32.699780000000146,41.68282000000016],[32.701300000000174,41.68416000000019],[32.702820000000145,41.68531000000013],[32.70486000000017,41.68646000000007],[32.70714000000021,41.687610000000404],[32.708920000000035,41.688950000000034],[32.709385376372666,41.68907087697994]]],"type":"Polygon"}},{"type":"Feature","properties":{"area_id":"TR-74-002-2036058","name_tr":"Yeşilkaya Köyü","area_level":"neighbourhood","parent_id":"TR-74-002","endeksa_id":2036058},"geometry":{"coordinates":[[[32.42065430000014,41.70225220000003],[32.42047810000014,41.701855800000146],[32.41541860000018,41.70220410000019],[32.412600000000054,41.70320000000015],[32.411695700000166,41.702812900000254],[32.41105200000004,41.703053200000056],[32.41049410000005,41.70298910000008],[32.41007570000005,41.702684700000304],[32.409453400000075,41.70254050000045],[32.40826250000015,41.70044180000053],[32.40741489999999,41.69949660000049],[32.407275400000174,41.6990079000002],[32.40682480000004,41.69879160000005],[32.40643860000006,41.69757400000003],[32.40576270000008,41.69698920000013],[32.404732700000125,41.69651650000014],[32.404024600000184,41.695603300000585],[32.40433570000016,41.69473010000013],[32.403842200000156,41.69363250000009],[32.40246890000003,41.692510900000514],[32.40205050000009,41.69125310000004],[32.39994760000013,41.69133320000009],[32.39959360000017,41.69173380000052],[32.399067900000034,41.691950100000156],[32.39890690000004,41.69187800000037],[32.39887470000019,41.69164570000015],[32.39815590000006,41.69123710000014],[32.3977053000001,41.69134920000067],[32.396750400000144,41.692334700000174],[32.396374900000126,41.6923106000001],[32.39610670000013,41.692062299999975],[32.39606380000015,41.691493500000036],[32.395473700000025,41.69093260000017],[32.39517330000018,41.68618950000007],[32.394325700000024,41.68581300000005],[32.39485140000005,41.685236100000054],[32.393971700000066,41.684931600000084],[32.393220700000086,41.68482740000036],[32.3928130000001,41.68441880000012],[32.391783000000146,41.6842185000001],[32.39130019999999,41.684274600000094],[32.39134310000003,41.684675200000015],[32.390935400000046,41.685115900000426],[32.39038820000002,41.685372300000324],[32.38926170000008,41.68530020000003],[32.38868240000011,41.685476400000084],[32.388510700000154,41.685372300000324],[32.388854000000094,41.684979699999985],[32.38898280000012,41.68457100000046],[32.3885643000001,41.68441880000012],[32.3885643000001,41.684250500000076],[32.38903640000012,41.68411430000015],[32.38943340000009,41.68378580000018],[32.390838900000006,41.683441300000425],[32.39130019999999,41.68268810000063],[32.390871000000004,41.68192690000018],[32.390356100000076,41.68175860000014],[32.39063500000003,41.68139000000019],[32.39060280000001,41.68118169999997],[32.39040970000002,41.681125600000314],[32.39005560000004,41.68037240000052],[32.389401200000066,41.67972330000009],[32.388693100000125,41.67925050000042],[32.388854000000094,41.67894600000045],[32.389218800000094,41.678705600000455],[32.38878960000011,41.67842520000016],[32.38829610000016,41.67841720000007],[32.38799570000015,41.67816070000049],[32.38804940000017,41.67777610000064],[32.38745930000016,41.67738340000011],[32.387588000000164,41.67713500000053],[32.38463760000013,41.67557240000002],[32.38522770000009,41.675195800000665],[32.38554950000008,41.67482710000036],[32.38677260000003,41.67462680000011],[32.387577299999975,41.67412990000008],[32.38770600000015,41.67341670000019],[32.38733050000019,41.67286370000011],[32.386708200000044,41.673048100000244],[32.38605380000007,41.67226270000009],[32.385571000000084,41.672190600000704],[32.38500240000013,41.671813900000075],[32.38458390000011,41.671821900000396],[32.38343600000019,41.67018700000011],[32.38254550000005,41.66962600000011],[32.38179440000005,41.668496000000005],[32.38096830000012,41.66827160000008],[32.38002420000015,41.66755030000013],[32.38003490000017,41.66717360000001],[32.377932100000066,41.66586720000009],[32.377545800000064,41.666219800000135],[32.37722400000007,41.6660676000007],[32.37729910000007,41.66534620000016],[32.376687500000116,41.66440850000021],[32.37639878918736,41.663314149487064],[32.37659000000019,41.66322000000031],[32.37527000000006,41.66226000000029],[32.37474000000009,41.661120000000096],[32.375150000000076,41.6610500000005],[32.376980000000174,41.65963000000028],[32.3755900000001,41.659080000000245],[32.37453907543636,41.6577776072935],[32.37454050538355,41.65764976831139],[32.375452462000055,41.65210123900005],[32.37510800000018,41.65091048100044],[32.375421500000186,41.650933900000155],[32.37609740000016,41.65074150000004],[32.376312000000155,41.65082970000009],[32.37670900000012,41.65070940000004],[32.3770416000001,41.65070940000004],[32.37748140000008,41.650084100000186],[32.378135900000075,41.64998790000004],[32.378093000000035,41.64952290000065],[32.37854360000006,41.64933050000036],[32.37838323348956,41.6488111257014],[32.378649080686614,41.64900394669115],[32.37896182205753,41.64886109307338],[32.37894060000019,41.64933050000036],[32.37939120000016,41.64989970000056],[32.379595000000165,41.65051700000015],[32.380110000000116,41.650861700000064],[32.38090390000008,41.650909800000136],[32.38112930000011,41.65111830000012],[32.38109710000009,41.65208830000046],[32.38240600000006,41.6533869000001],[32.38294239999999,41.6533869000001],[32.38368270000018,41.65274560000012],[32.38381150000015,41.65288990000016],[32.38385440000013,41.653226600000494],[32.384069000000125,41.653475100000094],[32.384498100000144,41.65364349999999],[32.384648300000094,41.6540603000002],[32.38534570000007,41.65396410000005],[32.38561390000007,41.653547300000014],[32.38548520000006,41.65268950000046],[32.387234000000035,41.652529200000345],[32.38726609999998,41.65227260000006],[32.386332700000025,41.6517917000001],[32.38630060000003,41.65145500000028],[32.386697500000025,41.65125450000039],[32.387566600000184,41.65157520000014],[32.38803860000013,41.65145500000028],[32.38808150000017,41.651262600000166],[32.38760950000017,41.650861700000064],[32.38787770000016,41.6506773000001],[32.38847850000013,41.65075750000011],[32.38917590000011,41.65010010000009],[32.38877890000009,41.64959510000023],[32.388886200000115,41.64855290000014],[32.38933680000008,41.64820820000023],[32.39003420000006,41.64818410000004],[32.390377500000056,41.647831400000314],[32.390323900000055,41.646909400000084],[32.39045260000006,41.64638020000018],[32.39116070000017,41.64670090000021],[32.39191170000015,41.647518700000376],[32.39199760000014,41.64788749999997],[32.39183660000015,41.6484246],[32.392019000000175,41.64864110000019],[32.39259840000011,41.64881740000004],[32.39297390000013,41.649787500000514],[32.393424500000094,41.650653300000386],[32.39307040000011,41.65108620000018],[32.393252800000084,41.65145500000028],[32.3927379000001,41.65163930000011],[32.391031999999996,41.65174360000003],[32.39133240000018,41.65283380000017],[32.39086030000004,41.65337090000003],[32.390484800000024,41.65332280000064],[32.38881110000011,41.65418050000005],[32.38811370000013,41.654252700000484],[32.38755579999997,41.654012200000125],[32.38709449999999,41.65399620000022],[32.386869200000035,41.6540763000001],[32.3868799,41.654220600000315],[32.38751290000016,41.65437290000011],[32.38779189999997,41.65461340000013],[32.38782400000014,41.65488600000015],[32.387384199999985,41.65507840000009],[32.38780260000016,41.65559940000003],[32.38909010000009,41.656032300000106],[32.38945480000007,41.65632090000037],[32.38974450000006,41.65684990000011],[32.39001270000006,41.65705030000032],[32.389969800000074,41.657274700000414],[32.38916520000009,41.65733890000007],[32.38877890000009,41.657779700000276],[32.38957280000005,41.65805230000012],[32.389444100000105,41.65843700000016],[32.38916520000009,41.65866950000003],[32.38926170000008,41.65889390000012],[32.39020580000005,41.65873360000069],[32.390345300000035,41.65820460000026],[32.391654200000175,41.65777170000018],[32.39238380000012,41.65793200000007],[32.3928130000001,41.658148500000095],[32.39373560000007,41.65842900000035],[32.39503380000019,41.658557300000666],[32.39589210000014,41.65882980000015],[32.396868500000096,41.658813800000075],[32.39809150000008,41.65907830000043],[32.39864940000001,41.659479100000055],[32.398381200000074,41.65991990000043],[32.39881040000006,41.66008020000004],[32.39938970000003,41.659927900000014],[32.399775999999974,41.66017640000018],[32.40009780000014,41.66054510000015],[32.40045190000012,41.6611944],[32.400913200000105,41.66166730000009],[32.40129950000011,41.661931800000275],[32.40170720000009,41.66262110000014],[32.40243670000007,41.66347070000006],[32.40283370000003,41.66363100000018],[32.403659800000185,41.66450470000035],[32.40396727934365,41.66512447028663],[32.404216849470004,41.66494278389234],[32.40453119586482,41.6650648424764],[32.40438940000013,41.66484930000007],[32.40443230000017,41.6646169000004],[32.40484000000015,41.66455280000042],[32.405837800000086,41.66504170000019],[32.407125199999996,41.66488140000007],[32.40732910000003,41.664737100000025],[32.407296900000176,41.664368400000114],[32.40705010000005,41.6637513],[32.40705010000005,41.663446700000065],[32.41266130000014,41.66312610000068],[32.41358400000007,41.663358500000186],[32.415343500000176,41.6646169000004],[32.416180400000144,41.66484130000049],[32.416738300000134,41.66517790000012],[32.41870160000002,41.66589120000032],[32.41966720000016,41.667141500000014],[32.42111560000012,41.6682636000005],[32.42273570000003,41.670884300000125],[32.42330430000004,41.67204630000049],[32.422789300000034,41.67400970000023],[32.42321850000019,41.67429019999997],[32.42444160000014,41.67598910000004],[32.427016500000036,41.677960400000075],[32.42358330000019,41.68342520000016],[32.424066100000175,41.6842185000001],[32.4251819000001,41.68457100000046],[32.42593290000008,41.68459510000014],[32.426437100000044,41.684274600000094],[32.42758509999999,41.684498899999994],[32.428604400000154,41.684931600000084],[32.42875670000012,41.685892300000035],[32.42844340000016,41.6861014000001],[32.42814300000015,41.68751160000005],[32.42730000000006,41.687800000000095],[32.42934460000009,41.69044390000005],[32.42944290000008,41.69258400000052],[32.42700570000005,41.693007600000044],[32.426100000000076,41.69270000000017],[32.42490290000012,41.693135800000164],[32.42430000000019,41.694300000000396],[32.42383000000018,41.69436960000047],[32.423336500000005,41.69356840000012],[32.42183440000008,41.693135800000164],[32.420000000000186,41.6934],[32.41977450000019,41.694497700000056],[32.42161990000011,41.6953309000001],[32.422300000000064,41.69590000000062],[32.42140530000012,41.69722150000018],[32.42050410000013,41.69744580000008],[32.41980000000018,41.698300000000245],[32.42004270000018,41.698767600000565],[32.420439700000145,41.699136100000146],[32.42084740000013,41.69929630000007],[32.420986900000116,41.69951260000039],[32.420825900000125,41.700281600000096],[32.42109420000014,41.70076220000004],[32.42145890000012,41.7010106000007],[32.42211340000006,41.701923700000066],[32.42211340000006,41.70212400000008],[32.42304940000008,41.702728200000706],[32.42352040000014,41.70286460000011],[32.42349480000013,41.70303200000012],[32.423186300000054,41.70306920000013],[32.421021500000165,41.702603599999975],[32.42065430000014,41.70225220000003]]],"type":"Polygon"}},{"type":"Feature","properties":{"area_id":"TR-74-002-2036028","name_tr":"Doğaşı Köyü","area_level":"neighbourhood","parent_id":"TR-74-002","endeksa_id":2036028},"geometry":{"coordinates":[[[32.480100000000164,41.678900000000056],[32.47910000000019,41.68150000000003],[32.47642280000019,41.68332910000038],[32.474900000000105,41.683000000000504],[32.47307540000014,41.6865982000005],[32.47322560000015,41.68725520000015],[32.47230000000013,41.6884],[32.470994000000076,41.6893223000003],[32.46957780000014,41.68916200000018],[32.46906280000013,41.69021960000015],[32.46524330000011,41.692062299999975],[32.463500000000124,41.69200000000052],[32.46329070000007,41.69259100000039],[32.46420000000012,41.69350000000014],[32.463000000000136,41.694400000000144],[32.46540000000016,41.697800000000086],[32.464621000000136,41.69938440000044],[32.465178900000126,41.70050590000051],[32.46417080000003,41.7017072000001],[32.46570000000008,41.70520000000005],[32.449900000000184,41.692600000000425],[32.44736910000006,41.69138930000008],[32.447229600000014,41.690812500000675],[32.44756220000005,41.690147500000364],[32.44774460000019,41.688721400000134],[32.44537350000013,41.68615750000009],[32.444869300000164,41.685909100000686],[32.44459030000013,41.685340200000155],[32.44478340000012,41.68451500000009],[32.444890700000144,41.68291240000036],[32.44442940000016,41.682527800000514],[32.44444010000018,41.68162240000021],[32.44485850000012,41.6811977000001],[32.444826400000125,41.6807089000003],[32.44500870000013,41.680091900000036],[32.444686900000136,41.679482900000096],[32.444890700000144,41.6792585],[32.444880000000126,41.67895400000003],[32.44447230000014,41.678569400000015],[32.44463320000017,41.678176800000074],[32.444493800000146,41.67785620000052],[32.444332800000154,41.67690260000012],[32.44354960000004,41.67655000000008],[32.443774899999994,41.67585290000068],[32.443442300000186,41.675468200000466],[32.44341010000005,41.674835100000166],[32.44363550000003,41.674642800000015],[32.443785700000035,41.674041800000396],[32.44359250000019,41.67364110000028],[32.443614000000025,41.67307210000013],[32.44315270000004,41.67277560000008],[32.443474500000036,41.672382900000116],[32.443614000000025,41.671990200000096],[32.443388700000014,41.67111670000031],[32.44363550000003,41.6707320000001],[32.44362470000004,41.670499600000085],[32.44385000000017,41.66989050000046],[32.44445080000014,41.6697863],[32.44478340000012,41.66938560000011],[32.44423630000017,41.66900090000007],[32.44419340000019,41.66860020000013],[32.44451520000018,41.66789490000019],[32.44435430000016,41.66639620000018],[32.44365690000018,41.664953500000536],[32.44408610000016,41.66420810000068],[32.444000200000175,41.663903500000345],[32.44354960000004,41.66365510000003],[32.4434852,41.66315810000049],[32.44365690000018,41.66243680000014],[32.443420900000035,41.662036],[32.44351740000019,41.66153910000014],[32.44303460000003,41.66092190000006],[32.443249200000025,41.65882180000017],[32.4423695000001,41.65826070000014],[32.44216560000007,41.65787590000042],[32.442315800000074,41.65741900000012],[32.44155410000013,41.65670560000058],[32.44136090000012,41.65609640000008],[32.43859290000006,41.653547300000014],[32.4378526000001,41.653226600000494],[32.43715520000012,41.65274560000012],[32.43690850000013,41.65238490000013],[32.43698360000013,41.65180770000018],[32.437412700000095,41.651503100000355],[32.43845340000007,41.65146300000009],[32.43820670000008,41.65050100000008],[32.43727330000013,41.65047690000017],[32.4371230000001,41.65023639999998],[32.43734840000013,41.649883700000146],[32.437809700000116,41.649434700000086],[32.438303200000064,41.64847270000007],[32.438314000000105,41.6478714000001],[32.438195900000096,41.647510700000055],[32.43834610000005,41.64699760000025],[32.437723900000094,41.64661270000005],[32.43801350000007,41.64633210000011],[32.43837830000007,41.6463081000004],[32.43835690000009,41.646596700000146],[32.438850400000035,41.64698150000015],[32.43892550000004,41.64743050000004],[32.43933320000019,41.6476550000001],[32.439408300000025,41.64831240000018],[32.43997689999998,41.64888159999998],[32.440481200000136,41.64896170000003],[32.440867400000116,41.649426700000504],[32.441800800000124,41.650036000000114],[32.44190810000009,41.65038070000003],[32.44257330000005,41.65082970000009],[32.442884400000025,41.651390800000115],[32.443227800000045,41.651390800000115],[32.443807100000186,41.65156720000033],[32.443807100000186,41.65176760000003],[32.4435282,41.65188790000008],[32.4435282,41.6520321000001],[32.44428990000017,41.65238490000013],[32.445073100000116,41.65302620000011],[32.44565250000011,41.653042200000186],[32.44630690000008,41.65317850000042],[32.44697210000004,41.653074300000185],[32.447100900000066,41.65274560000012],[32.44756220000005,41.6526174],[32.44808790000019,41.65274560000012],[32.44830250000018,41.65268149999997],[32.44856000000016,41.65139880000061],[32.4497080000001,41.65129459999997],[32.44952560000013,41.65096590000013],[32.44953630000009,41.65038070000003],[32.44930030000012,41.65010010000009],[32.449257400000135,41.64985160000049],[32.44953630000009,41.64963519999998],[32.4500513000001,41.649795500000096],[32.45030880000007,41.649755400000345],[32.45056630000005,41.64956300000006],[32.45107050000007,41.64848869999997],[32.45136020000001,41.646789100000035],[32.45078090000004,41.64681320000011],[32.450737900000036,41.64643640000003],[32.45094180000007,41.64609160000009],[32.45100620000005,41.64577090000017],[32.45064140000005,41.64531390000002],[32.45105980000005,41.64520169999997],[32.451660600000025,41.64559460000015],[32.452175599999975,41.64543420000007],[32.45246529999997,41.64545020000014],[32.45286230000016,41.645698800000105],[32.45314120000012,41.645546400000114],[32.452915900000164,41.6450895000001],[32.453066100000115,41.64475270000031],[32.45326990000012,41.64475270000031],[32.453624000000104,41.64502530000016],[32.4538922000001,41.64549030000023],[32.454557400000056,41.64551440000008],[32.45486850000003,41.64592329999999],[32.45491150000004,41.64643640000003],[32.45516900000007,41.64675710000006],[32.455147500000066,41.64714190000046],[32.45545860000004,41.64729420000009],[32.455533700000046,41.64783940000012],[32.45852710000008,41.64893770000003],[32.45947120000005,41.64957900000013],[32.460007700000176,41.65034060000045],[32.46085520000014,41.65091780000006],[32.46172430000013,41.65119040000042],[32.46256110000007,41.651142300000345],[32.46302250000008,41.65092590000006],[32.46379490000004,41.650733500000115],[32.463988099999995,41.65054110000034],[32.46426700000018,41.65076550000043],[32.46340870000006,41.65156720000033],[32.463526700000045,41.65188790000008],[32.463988099999995,41.65240890000018],[32.46400950000003,41.65301019999998],[32.462775700000066,41.65397210000003],[32.46257180000009,41.654469100000085],[32.462593300000094,41.65490999999997],[32.46281860000005,41.655246700000305],[32.46315120000003,41.65543910000008],[32.46351600000003,41.655455100000495],[32.464224100000024,41.65506230000017],[32.46484640000017,41.655046300000095],[32.46508240000014,41.655166500000064],[32.46542570000014,41.656248700000106],[32.46600510000013,41.65675370000065],[32.4664557000001,41.657779700000276],[32.46689560000004,41.65840500000013],[32.46723890000004,41.659134400000084],[32.46836539999998,41.659679500000436],[32.46856930000018,41.66000010000016],[32.46735690000003,41.663062000000025],[32.46735690000003,41.663695100000155],[32.46693850000008,41.66466500000047],[32.46705650000007,41.664945500000044],[32.46831179999998,41.6654745000003],[32.46846200000016,41.66584320000061],[32.46846200000016,41.66621180000004],[32.46800060000004,41.66692510000024],[32.46738910000005,41.66751020000015],[32.46723890000004,41.66783080000022],[32.467303300000026,41.66822350000001],[32.46720670000008,41.668752500000096],[32.46745350000003,41.669217300000184],[32.468440500000156,41.67001870000041],[32.46949190000015,41.67040340000062],[32.469878200000096,41.67085220000013],[32.470114200000125,41.671773800000324],[32.4703932000001,41.67209440000056],[32.4703932000001,41.67294390000018],[32.470629200000076,41.67327250000034],[32.47088670000005,41.67338460000019],[32.47198100000003,41.67331250000012],[32.47274280000016,41.67360900000011],[32.473515300000145,41.67406580000011],[32.47605800000002,41.67480310000013],[32.47694850000016,41.675283900000125],[32.47780680000011,41.67592500000006],[32.47805360000012,41.67652600000008],[32.47934100000003,41.67747960000008],[32.480100000000164,41.678900000000056]]],"type":"Polygon"}},{"type":"Feature","properties":{"area_id":"TR-74-002-2036091","name_tr":"Esbey Köyü","area_level":"neighbourhood","parent_id":"TR-74-002","endeksa_id":2036091},"geometry":{"coordinates":[[[32.70808356800012,41.710111950000396],[32.70722150000017,41.71018180000067],[32.70700690000018,41.710085700000036],[32.70702734700018,41.710007876000134],[32.70692263500007,41.71003510800011],[32.70680116900013,41.70961389500013],[32.70688745000007,41.71004342000009],[32.706665041000065,41.71006616300025],[32.70665826200013,41.71016295200053],[32.70644062400004,41.71020487000027],[32.706384600000035,41.710390100000495],[32.70611640000004,41.71053430000035],[32.70508640800011,41.710454512000126],[32.70419765000008,41.71051839400013],[32.70370240000017,41.710710500000175],[32.703412800000024,41.71063040000013],[32.70314249500012,41.71042856000048],[32.70256135700015,41.71021527100015],[32.70213600000005,41.71018990000027],[32.701138200000116,41.7098615000001],[32.7015138000001,41.70943700000015],[32.70195360000008,41.709180700000616],[32.70222190000004,41.708852300000444],[32.701792700000055,41.70861200000013],[32.70136360000009,41.708547900000156],[32.70074130000012,41.70870810000008],[32.70045160000012,41.7090125000002],[32.70007610000016,41.709076600000174],[32.69931429999997,41.70897240000011],[32.69913200000019,41.70879620000005],[32.69909980000017,41.70851590000018],[32.69896030000018,41.708267600000056],[32.69794110000004,41.7078992000001],[32.6973081000001,41.70785110000003],[32.69683600000013,41.70769890000008],[32.696524800000134,41.70741860000015],[32.696492700000135,41.70712220000047],[32.69617080000012,41.70697800000062],[32.695580700000164,41.707098200000075],[32.69528029999998,41.70684990000018],[32.694443500000034,41.706777800000395],[32.69418600000006,41.70623310000008],[32.693971400000066,41.706048900000155],[32.69294140000011,41.70586470000052],[32.691932900000154,41.70544819999998],[32.69153590000013,41.70579260000005],[32.68992130000015,41.705940800000064],[32.688660600000105,41.70653750000008],[32.68812420000012,41.70662560000005],[32.68761990000013,41.70689790000006],[32.686965499999985,41.70674580000059],[32.68675089999999,41.70624920000017],[32.68607500000007,41.70570450000008],[32.6865363,41.70531200000062],[32.68639680000001,41.703918300000055],[32.68604280000005,41.703597900000545],[32.685205900000085,41.70353380000006],[32.684851900000126,41.70310930000062],[32.68483040000012,41.70262860000014],[32.684658800000136,41.70216400000021],[32.683875600000135,41.70160329999999],[32.68354300000016,41.70098650000011],[32.68396140000016,41.70089040000016],[32.685377600000095,41.7000733000001],[32.685581400000046,41.69961670000015],[32.686804499999994,41.698639400000616],[32.68774870000016,41.698535300000174],[32.689722800000084,41.69743780000067],[32.69058110000003,41.69725350000016],[32.690624000000184,41.6968530000006],[32.6926625000001,41.696452500000134],[32.692898500000126,41.696596699999986],[32.69259810000011,41.696965200000136],[32.69312380000008,41.69728560000016],[32.693198900000084,41.69761400000033],[32.69353150000006,41.69765410000008],[32.69401430000005,41.69750990000006],[32.69405720000003,41.69706130000043],[32.69462580000004,41.69683700000019],[32.69526960000019,41.69689310000018],[32.696846700000094,41.69650050000007],[32.69859550000001,41.69559530000009],[32.69919629999998,41.69443360000008],[32.69932510000018,41.69376070000004],[32.70000100000016,41.69335210000048],[32.7007306000001,41.69329600000009],[32.70099880000009,41.693368100000384],[32.70088080000011,41.69374470000014],[32.70109530000008,41.693904900000064],[32.702522300000055,41.69310380000019],[32.70319820000003,41.69250290000002],[32.70327329999998,41.69213440000027],[32.70349860000016,41.69188600000018],[32.70388480000014,41.6918299000003],[32.70451780000013,41.691950100000156],[32.7049363000001,41.69187000000005],[32.705966200000034,41.69126910000011],[32.707210799999984,41.691317200000185],[32.707768700000145,41.69116500000035],[32.70843920000004,41.690548100000115],[32.709385376372666,41.68907087697994],[32.70969000000014,41.68915000000061],[32.71173000000016,41.68896000000052],[32.71300000000008,41.68896000000052],[32.71376000000009,41.68973000000028],[32.714270000000226,41.69050000000004],[32.71477000000016,41.691640000000575],[32.7163000000001,41.69222000000025],[32.71782000000013,41.6931800000001],[32.71986000000015,41.69376000000034],[32.72138000000018,41.694520000000125],[32.722860000000026,41.69565000000017],[32.72419449478707,41.6948964030463],[32.72251966500005,41.69804763200068],[32.71508418700017,41.69992198200015],[32.71441764300005,41.7014082850003],[32.71411618700017,41.70133485300062],[32.71318670000011,41.70163539999999],[32.71265030000012,41.701595300000406],[32.71254300000015,41.70150720000004],[32.71265030000012,41.701363000000185],[32.71252150000015,41.701266900000235],[32.711542191000035,41.70087641499998],[32.71055624600007,41.70376110100028],[32.71074060000001,41.70430280000011],[32.71035430000006,41.70532800000052],[32.70996637200011,41.70548696100008],[32.70944221499997,41.707020502000034],[32.70973200000009,41.707610800000396],[32.70958180000008,41.708259600000076],[32.70910980000008,41.709276800000396],[32.70842310000012,41.71006970000013],[32.70808356800012,41.710111950000396]]],"type":"Polygon"}},{"type":"Feature","properties":{"area_id":"TR-74-002-2036080","name_tr":"Uğurlar Köyü","area_level":"neighbourhood","parent_id":"TR-74-002","endeksa_id":2036080},"geometry":{"coordinates":[[[32.412600000000054,41.70320000000015],[32.416200000000174,41.70409999999998],[32.41740000000016,41.70610000000045],[32.4169,41.710600000000454],[32.41668460000011,41.71115900000052],[32.41340000000014,41.711900000000185],[32.41282960000001,41.71156590000044],[32.410075600000084,41.70763480000011],[32.41067650000002,41.70699410000003],[32.41076440000006,41.70652819999998],[32.40861650000011,41.70745860000005],[32.40651370000006,41.70785910000018],[32.40466830000014,41.707426600000076],[32.4002000000001,41.708400000000324],[32.399000000000115,41.710500000000025],[32.396400000000085,41.70979999999997],[32.39621400000016,41.7092207],[32.39702940000012,41.70829160000005],[32.397244000000114,41.707186300000444],[32.39690000000007,41.70550000000003],[32.392800000000136,41.7059000000001],[32.39162060000007,41.70395630000036],[32.390377500000056,41.704254700000035],[32.38956210000009,41.70511979999998],[32.38727943657574,41.70622547413711],[32.38722000000007,41.70617000000004],[32.38646000000011,41.70655000000005],[32.385770000000036,41.70626000000021],[32.38482539640893,41.70726728921471],[32.383382300000164,41.70590470000013],[32.38130000000018,41.70500000000038],[32.38172150000008,41.702832600000136],[32.38024950000016,41.70141910000007],[32.378811799999994,41.699720900000216],[32.378500000000145,41.6982000000005],[32.37960000000004,41.69600000000037],[32.37851460000013,41.69246850000002],[32.37885470000003,41.69087660000014],[32.378618700000004,41.68808840000003],[32.37984180000018,41.68664620000021],[32.38000000000011,41.68570000000011],[32.37782480000004,41.68475530000006],[32.37730000000016,41.683800000000076],[32.37720250000007,41.68175860000014],[32.376700000000085,41.681100000000185],[32.375163999999984,41.6806368],[32.374584700000014,41.679611100000045],[32.373404500000106,41.67967520000002],[32.371000000000095,41.67840000000007],[32.368640900000116,41.675796800000114],[32.36860000000013,41.67440000000005],[32.365386600000136,41.6729648000001],[32.3653170500001,41.67275212900017],[32.364980571000046,41.672593342000084],[32.36475351926725,41.67264262934532],[32.36438000000015,41.67210000000034],[32.36460000000005,41.67192000000034],[32.364770000000135,41.671570000000145],[32.36498000000006,41.67142000000018],[32.365860000000055,41.6714800000002],[32.36602000000016,41.67140000000012],[32.36603000000008,41.67127000000005],[32.36509000000012,41.67091000000062],[32.36441000000019,41.67084000000051],[32.363940000000184,41.67069000000021],[32.36361000000005,41.670300000000054],[32.36352000000005,41.66997000000032],[32.36302000000006,41.669800000000066],[32.36237000000011,41.668930000000216],[32.362300000000175,41.66883000000047],[32.36246000000011,41.66858000000042],[32.362300000000175,41.668350000000544],[32.361120000000085,41.667440000000056],[32.35993000000019,41.66594000000009],[32.37265000000019,41.66516000000024],[32.37639878918736,41.663314149487064],[32.376687500000116,41.66440850000021],[32.37729910000007,41.66534620000016],[32.37722400000007,41.6660676000007],[32.377545800000064,41.666219800000135],[32.377932100000066,41.66586720000009],[32.38003490000017,41.66717360000001],[32.38002420000015,41.66755030000013],[32.38096830000012,41.66827160000008],[32.38179440000005,41.668496000000005],[32.38254550000005,41.66962600000011],[32.38343600000019,41.67018700000011],[32.38458390000011,41.671821900000396],[32.38500240000013,41.671813900000075],[32.385571000000084,41.672190600000704],[32.38605380000007,41.67226270000009],[32.386708200000044,41.673048100000244],[32.38733050000019,41.67286370000011],[32.38770600000015,41.67341670000019],[32.387577299999975,41.67412990000008],[32.38677260000003,41.67462680000011],[32.38554950000008,41.67482710000036],[32.38522770000009,41.675195800000665],[32.38463760000013,41.67557240000002],[32.387588000000164,41.67713500000053],[32.38745930000016,41.67738340000011],[32.38804940000017,41.67777610000064],[32.38799570000015,41.67816070000049],[32.38829610000016,41.67841720000007],[32.38878960000011,41.67842520000016],[32.389218800000094,41.678705600000455],[32.388854000000094,41.67894600000045],[32.388693100000125,41.67925050000042],[32.389401200000066,41.67972330000009],[32.39005560000004,41.68037240000052],[32.39040970000002,41.681125600000314],[32.39060280000001,41.68118169999997],[32.39063500000003,41.68139000000019],[32.390356100000076,41.68175860000014],[32.390871000000004,41.68192690000018],[32.39130019999999,41.68268810000063],[32.390838900000006,41.683441300000425],[32.38943340000009,41.68378580000018],[32.38903640000012,41.68411430000015],[32.3885643000001,41.684250500000076],[32.3885643000001,41.68441880000012],[32.38898280000012,41.68457100000046],[32.388854000000094,41.684979699999985],[32.388510700000154,41.685372300000324],[32.38868240000011,41.685476400000084],[32.38926170000008,41.68530020000003],[32.39038820000002,41.685372300000324],[32.390935400000046,41.685115900000426],[32.39134310000003,41.684675200000015],[32.39130019999999,41.684274600000094],[32.391783000000146,41.6842185000001],[32.3928130000001,41.68441880000012],[32.393220700000086,41.68482740000036],[32.393971700000066,41.684931600000084],[32.39485140000005,41.685236100000054],[32.394325700000024,41.68581300000005],[32.39517330000018,41.68618950000007],[32.395473700000025,41.69093260000017],[32.39606380000015,41.691493500000036],[32.39610670000013,41.692062299999975],[32.396374900000126,41.6923106000001],[32.396750400000144,41.692334700000174],[32.3977053000001,41.69134920000067],[32.39815590000006,41.69123710000014],[32.39887470000019,41.69164570000015],[32.39890690000004,41.69187800000037],[32.399067900000034,41.691950100000156],[32.39959360000017,41.69173380000052],[32.39994760000013,41.69133320000009],[32.40205050000009,41.69125310000004],[32.40246890000003,41.692510900000514],[32.403842200000156,41.69363250000009],[32.40433570000016,41.69473010000013],[32.404024600000184,41.695603300000585],[32.404732700000125,41.69651650000014],[32.40576270000008,41.69698920000013],[32.40643860000006,41.69757400000003],[32.40682480000004,41.69879160000005],[32.407275400000174,41.6990079000002],[32.40741489999999,41.69949660000049],[32.40826250000015,41.70044180000053],[32.409453400000075,41.70254050000045],[32.41007570000005,41.702684700000304],[32.41049410000005,41.70298910000008],[32.41105200000004,41.703053200000056],[32.411695700000166,41.702812900000254],[32.412600000000054,41.70320000000015]]],"type":"Polygon"}},{"type":"Feature","properties":{"area_id":"TR-74-002-2036047","name_tr":"Kaman Köyü","area_level":"neighbourhood","parent_id":"TR-74-002","endeksa_id":2036047},"geometry":{"coordinates":[[[32.3470512880001,41.7116463050001],[32.34644939000003,41.71219393700062],[32.34576700000002,41.71160750100006],[32.344953981000174,41.71156324800006],[32.34086346700013,41.70960976900017],[32.33973532700003,41.708161196000106],[32.33922240000015,41.70777100000015],[32.338314857000114,41.70773526500011],[32.3373002240001,41.70743102600011],[32.33705990100003,41.70762355500011],[32.33651880000008,41.70741060000017],[32.33602520000011,41.70698610000022],[32.335220600000184,41.70716230000005],[32.334845100000166,41.70713820000037],[32.33407260000001,41.706881900000155],[32.333428800000036,41.706209101000184],[32.3327958000001,41.70606490000006],[32.33206630000012,41.70562440000003],[32.33157280000012,41.70563240100057],[32.33124020000014,41.705512301000226],[32.331165100000135,41.705079700000226],[32.330650100000184,41.70489550100035],[32.33055350000018,41.7045511],[32.329952700000035,41.704527000000326],[32.32967380000002,41.704254700000035],[32.32937330000004,41.70417460000016],[32.329223100000036,41.704318801000056],[32.3284829000001,41.7046071000002],[32.32801840000002,41.70469200100007],[32.32779620000014,41.704479000000106],[32.32781770000014,41.703461700000105],[32.32737250000008,41.702248801000565],[32.32687350000015,41.702139999999986],[32.32678770000018,41.701907700000675],[32.32610110000019,41.70179560000014],[32.325821600000154,41.702248000000054],[32.32561830000003,41.70210800100028],[32.32550020000002,41.701803601000165],[32.32488870000009,41.7015793000005],[32.32416990000013,41.70189170000009],[32.32377290000011,41.70176350000014],[32.323601200000155,41.70137900000009],[32.32291460000016,41.70096250000063],[32.32130530000006,41.70074620000014],[32.32033970000009,41.70028960100046],[32.31985320000018,41.6997442],[32.319079337000176,41.699784576000184],[32.318902625000135,41.69967599300014],[32.31897119900009,41.69967251200012],[32.31239551800007,41.69927084200009],[32.3143027320001,41.67817059099997],[32.31743675200005,41.675551426000425],[32.31582587600019,41.667509674000144],[32.318044966000116,41.66505409200033],[32.31844353700018,41.661894385000096],[32.319722614,41.66107335700002],[32.32042002200018,41.66147324000019],[32.321577206843074,41.66000157138478],[32.321530000000166,41.660600000000215],[32.32111000000009,41.66146000000032],[32.3211800000002,41.66160000000053],[32.32095000000015,41.661870000000135],[32.32138000000003,41.66213000000033],[32.321750000000065,41.66220000000044],[32.3221700000002,41.662550000000294],[32.32148000000012,41.66278000000011],[32.32177000000013,41.66295000000014],[32.32183000000015,41.663110000000415],[32.32205000000005,41.66327000000018],[32.32258000000019,41.66350000000017],[32.32263000000006,41.66402000000039],[32.32291000000015,41.66443000000021],[32.322990000000175,41.664780000000064],[32.322860000000105,41.66504000000026],[32.323480000000245,41.66554000000042],[32.32349000000016,41.66530000000006],[32.323610000000144,41.66524000000044],[32.32441000000006,41.66558000000015],[32.325370000000134,41.66651000000036],[32.32576000000006,41.666760000000295],[32.32644000000016,41.666670000000124],[32.32661000000019,41.66693000000032],[32.3266000000001,41.6671300000005],[32.32681000000008,41.66728000000012],[32.327730000000145,41.66746000000012],[32.32837000000018,41.668030000000385],[32.32836000000003,41.668500000000165],[32.32883000000004,41.66897000000017],[32.32880000000006,41.669180000000324],[32.32893000000013,41.66925000000043],[32.32957000000016,41.669120000000305],[32.33012000000019,41.66889000000009],[32.330420000000174,41.668500000000165],[32.332500000000095,41.6681700000002],[32.332870000000185,41.668310000000076],[32.33356000000009,41.66840000000042],[32.334170000000086,41.668040000000474],[32.33428000000015,41.66761000000042],[32.33399000000014,41.66728000000012],[32.33403000000004,41.667140000000074],[32.33449000000013,41.66693000000032],[32.33563734064268,41.666755156543275],[32.334910281000134,41.66716515700011],[32.33447113500006,41.67513517300017],[32.35637867788239,41.66919007866903],[32.35822000000013,41.67105000000015],[32.35763000000014,41.67238000000003],[32.35666000000003,41.67211000000043],[32.35507833809885,41.67096555269461],[32.35488346069553,41.670979968321376],[32.35484043884583,41.6711254694452],[32.35778000000016,41.67455000000052],[32.35982402754951,41.67530778582341],[32.35970000000003,41.67570000100005],[32.359821800000134,41.67773599999998],[32.35874890000002,41.67802450000005],[32.35909220000019,41.67917840100023],[32.36000000000013,41.68020000100006],[32.35889910000003,41.68090920000003],[32.35904739800003,41.682631222],[32.358055153000066,41.6849845900004],[32.3578,41.68530000000038],[32.358393674000126,41.692008398000326],[32.35798154300005,41.69255554100039],[32.35472382300014,41.694975992000195],[32.35476098200007,41.696875409000086],[32.354310076000104,41.69706606400047],[32.35376778799997,41.70006603300044],[32.353400000000136,41.700500000000375],[32.35240000000016,41.706700001000115],[32.35056652200012,41.70844799300011],[32.350605512000186,41.70852748900012],[32.34982250000007,41.70932490000047],[32.34908890000008,41.710748100000274],[32.34712960000019,41.71151140100028],[32.3470512880001,41.7116463050001]]],"type":"Polygon"}},{"type":"Feature","properties":{"area_id":"TR-74-002-2049385","name_tr":"Balat Köyü","area_level":"neighbourhood","parent_id":"TR-74-002","endeksa_id":2049385},"geometry":{"coordinates":[[[32.658373100000176,41.70306920000013],[32.65804050000003,41.7023963000006],[32.65753630000006,41.701923700000066],[32.65720370000008,41.700177500000336],[32.65703200000007,41.69984100000056],[32.65602350000012,41.70006530000029],[32.655476300000146,41.700009200000125],[32.65501500000016,41.70008130000019],[32.65478969999998,41.70043380000004],[32.65482190000017,41.7010106000007],[32.654671700000165,41.70121880000016],[32.654017200000055,41.701002500000016],[32.65349150000003,41.70160329999999],[32.65225770000012,41.70095450000014],[32.65164610000011,41.70129090000012],[32.65133500000013,41.70113070000019],[32.65054110000017,41.7010106000007],[32.649961700000006,41.700594000000194],[32.649618400000065,41.70050590000051],[32.64842750000008,41.70044180000053],[32.64730090000012,41.70052190000041],[32.64660360000016,41.70112270000038],[32.64628170000003,41.70118680000036],[32.64624950000018,41.70137900000009],[32.64573450000006,41.70189170000009],[32.64480110000005,41.702500500000156],[32.6441789000001,41.702588600000524],[32.64402870000009,41.702740800000186],[32.643749700000114,41.703565800000376],[32.643588800000146,41.70373400000011],[32.64297720000013,41.70391030000013],[32.642837800000166,41.7040544000003],[32.64292360000019,41.70416660000035],[32.64359950000011,41.70440690000015],[32.64359950000011,41.704559100000495],[32.64314890000014,41.7053681000001],[32.64320250000014,41.705712500000175],[32.64258030000019,41.706169100000125],[32.64203310000005,41.70741860000015],[32.641239200000086,41.707747000000154],[32.64131430000003,41.70828360000064],[32.64106750000008,41.708443800000396],[32.64101380000005,41.70874820000017],[32.6408100000001,41.709044500000175],[32.63983370000011,41.70946900000013],[32.63932940000012,41.71111890000003],[32.63932940000012,41.71187179999998],[32.63853550000016,41.7115354000004],[32.63732310000006,41.711599500000375],[32.63691540000008,41.71139920000013],[32.636175100000116,41.71143930000062],[32.63583180000012,41.71163150000018],[32.63554210000012,41.71163150000018],[32.634254699999985,41.71131110000067],[32.63394350000004,41.71180770000001],[32.63324620000003,41.71196790000016],[32.63306380000006,41.712776800000086],[32.632634600000074,41.71299300000021],[32.6319051000001,41.71416230000068],[32.632334200000116,41.71533160000007],[32.6319802000001,41.71542770000008],[32.63145450000013,41.715299600000094],[32.63004900000004,41.71433050000002],[32.62984510000018,41.71228830000052],[32.629373100000066,41.71221620000006],[32.628815200000076,41.712400400000206],[32.62851480000006,41.712072000000035],[32.628632800000105,41.71143130000013],[32.6282465000001,41.711191000000326],[32.628632800000105,41.71087860000006],[32.62874010000007,41.71052620000006],[32.62871860000007,41.7101258000003],[32.628976100000045,41.709789400000034],[32.629587600000036,41.70946900000013],[32.630145500000026,41.70862000000005],[32.63008120000018,41.70748270000013],[32.630424500000174,41.7067057000001],[32.63015630000018,41.70615300000003],[32.63055320000018,41.70550420000018],[32.63110040000015,41.70532800000052],[32.63140080000011,41.70502370000003],[32.63160470000014,41.70461510000018],[32.63219470000007,41.70387020000015],[32.63221620000007,41.7032054000004],[32.63246300000009,41.702836900000136],[32.6323235000001,41.702180100000476],[32.6326883000001,41.70225220000003],[32.633181800000045,41.70257260000062],[32.63585330000012,41.70153920000001],[32.63577820000012,41.70120280000026],[32.63635750000009,41.70038569999997],[32.63640050000009,41.699993199999994],[32.6358426000001,41.69865540000052],[32.635209500000144,41.698407100000225],[32.635209500000144,41.698286900000085],[32.63549920000014,41.69820679999998],[32.636293200000125,41.698439200000394],[32.6365292000001,41.699368400000026],[32.63718370000004,41.699576700000364],[32.63783810000001,41.69950460000007],[32.638138500000025,41.69915210000005],[32.63909340000015,41.69883970000012],[32.63984440000013,41.698895800000514],[32.64023060000011,41.698679500000026],[32.64091730000007,41.69740580000018],[32.64124990000005,41.69651650000014],[32.64134640000003,41.695699400000365],[32.64116410000008,41.69467400000008],[32.64116410000008,41.69423340000003],[32.640981700000054,41.69388890000016],[32.640380800000116,41.693993000000034],[32.6403701000001,41.693768700000135],[32.64097090000007,41.693408200000135],[32.64090660000005,41.69274330000002],[32.64134640000003,41.69164570000015],[32.641925800000024,41.69075640000011],[32.641786300000035,41.689618700000665],[32.64190430000019,41.68907389999998],[32.64221550000019,41.688825500000405],[32.641915100000006,41.68814450000019],[32.64222620000004,41.68787210000039],[32.642344200000025,41.687575700000025],[32.64187220000019,41.6871270000002],[32.64261240000019,41.68698280000035],[32.64344930000016,41.68657410000014],[32.64376040000013,41.686838500000135],[32.6437926000001,41.68720710000008],[32.64409300000011,41.687527600000124],[32.64458660000008,41.686974700000064],[32.64563800000002,41.686349800000016],[32.64571310000002,41.68602130000005],[32.64589550000005,41.685957200000075],[32.64628170000003,41.68629370000053],[32.64683960000019,41.68655010000043],[32.64702200000016,41.686838500000135],[32.64694690000016,41.687151000000085],[32.64662499999997,41.68743139999998],[32.64660360000016,41.687663800000564],[32.646818200000155,41.6878481],[32.647204400000135,41.687944200000175],[32.64784810000015,41.688336800000116],[32.64797690000012,41.68892170000004],[32.64856700000007,41.68903380000023],[32.648878100000104,41.68981100000008],[32.64903900000007,41.68997920000015],[32.64936090000003,41.68995520000044],[32.64972570000003,41.689538600000105],[32.649757900000054,41.68921810000006],[32.650347899999986,41.688993800000105],[32.65082000000018,41.68902580000014],[32.651217000000145,41.688857600000574],[32.651796300000115,41.68883349999999],[32.65204310000013,41.68845700000014],[32.65194650000012,41.68802430000005],[32.65263320000008,41.68799230000002],[32.65292290000008,41.688288700000044],[32.65503640000014,41.68625360000004],[32.654864800000155,41.68587710000003],[32.65497210000018,41.68566870000018],[32.65565870000012,41.6857088000001],[32.65646340000012,41.68606130000012],[32.656688700000075,41.686309700000436],[32.65751480000006,41.686133500000096],[32.658051200000045,41.68637380000041],[32.65840530000003,41.686742400000355],[32.65868419999998,41.686838500000135],[32.65916700000014,41.68681450000014],[32.65944600000017,41.686429900000064],[32.65988590000012,41.68650200000036],[32.66013260000011,41.686878600000114],[32.66008970000013,41.687102900000696],[32.6603472000001,41.68728720000013],[32.660197000000096,41.68779200000051],[32.66078710000011,41.688216600000146],[32.660529600000075,41.68876140000043],[32.66190290000003,41.689001800000426],[32.66209600000019,41.68868130000055],[32.66232130000003,41.688857600000574],[32.662353499999995,41.68916200000018],[32.66261100000003,41.68941840000008],[32.6624501,41.69038780000017],[32.66217110000002,41.69066830000014],[32.662192600000026,41.69099670000014],[32.661999500000036,41.691181000000256],[32.6603472000001,41.691950100000156],[32.66035790000012,41.692510900000514],[32.65969280000013,41.69324000000012],[32.65899540000015,41.69378470000004],[32.65913489999997,41.69396100000006],[32.660197000000096,41.69388090000018],[32.66165610000007,41.69418530000013],[32.66232130000003,41.69448170000015],[32.66268610000003,41.69501050000002],[32.66267540000018,41.69529080000012],[32.662160400000005,41.69559530000009],[32.66209600000019,41.69584360000022],[32.662160400000005,41.696108000000095],[32.66270760000003,41.69682900000004],[32.66264319999999,41.697830300000135],[32.661967300000015,41.69823090000057],[32.66209600000019,41.69887970000025],[32.66207460000004,41.6994165000001],[32.66060470000008,41.700233500000024],[32.65934940000017,41.70177950000004],[32.65900610000017,41.70209200000011],[32.658373100000176,41.70306920000013]]],"type":"Polygon"}},{"type":"Feature","properties":{"area_id":"TR-74-002-2036078","name_tr":"Topluca Köyü","area_level":"neighbourhood","parent_id":"TR-74-002","endeksa_id":2036078},"geometry":{"coordinates":[[[32.29230066500014,41.6939064610001],[32.2924000000001,41.70979999999997],[32.289054400000055,41.71157549999998],[32.286114699999985,41.712360300000114],[32.285907973000064,41.71308895600015],[32.28369547800003,41.714256614000135],[32.28107890000007,41.71476020000006],[32.2814798,41.71566000000007],[32.280238500000166,41.71608360000016],[32.279477105000126,41.71682235400033],[32.27799788700014,41.71563898300002],[32.27804847900006,41.715470479000146],[32.274961708000035,41.713885772000026],[32.27376660900018,41.71305893000016],[32.271667640000146,41.712138575000154],[32.27111581000014,41.7117623120007],[32.26960474900005,41.709474158000205],[32.26871091600009,41.70878624300008],[32.267428681000126,41.708373170000414],[32.265863407000154,41.70843993000011],[32.26534130599998,41.70815117799998],[32.26446547100011,41.70567101900002],[32.26408959999998,41.70524067500031],[32.259115254000164,41.70325839100008],[32.256921185000124,41.70053635400018],[32.25612444300009,41.69985326000051],[32.25491834200005,41.698860803],[32.25337642400018,41.69845863900014],[32.25264795600009,41.69734302600011],[32.25258742800008,41.69655600900012],[32.250462144000096,41.694591926000214],[32.24588868900014,41.69300358800007],[32.24241744100016,41.69284192100014],[32.23743821800019,41.69053378000035],[32.23572430800016,41.69010526300019],[32.2350625900001,41.68943876300011],[32.23444333600003,41.68923432800011],[32.233014794000155,41.688976175000164],[32.23247192482472,41.68893937648966],[32.22738000000004,41.688910000000305],[32.22341000000017,41.68739000000028],[32.22358000000003,41.687150000000315],[32.22766000000013,41.688700000000324],[32.23025477603005,41.68867000258956],[32.23026918400018,41.68864023200035],[32.231555633000085,41.688453400000526],[32.23199946000017,41.687392671000055],[32.23209019400019,41.68632911000009],[32.23289455100007,41.68573895600014],[32.23637118500011,41.68510359100003],[32.23722308800018,41.68469911800008],[32.23754148000006,41.684346268000695],[32.23754578200004,41.683395492000045],[32.23699078400011,41.68304695900002],[32.236280373000056,41.683081030000096],[32.23504498900019,41.68382899900007],[32.23433777531892,41.68403389491044],[32.23449615034423,41.68392250356578],[32.234514582987345,41.68376456042188],[32.234392243891534,41.68363806488355],[32.23417879439489,41.68360282466148],[32.23459970100009,41.68355155800049],[32.24543104300011,41.673253411000076],[32.253942435,41.67445213400009],[32.26134046600009,41.66884699100018],[32.26134107300004,41.66862651000014],[32.26156460700008,41.66867675700013],[32.269251164000025,41.662836314000174],[32.27285380600006,41.65511657600001],[32.27837163908242,41.65193340055447],[32.27843852222907,41.651829863382204],[32.278552580676546,41.6513889246915],[32.27881000000008,41.651060000000314],[32.278910000000224,41.65012000000013],[32.27892270559431,41.64864615107922],[32.279072471276265,41.648771829615555],[32.2792527359328,41.64868012625743],[32.280048818000125,41.64560461900004],[32.28384401700015,41.642549364000615],[32.28706252600011,41.64168359200039],[32.28913261300005,41.64510913000049],[32.291286829000114,41.644907494000506],[32.292225244000065,41.6467419650005],[32.29596034200017,41.64729671300006],[32.29578425000017,41.64827854100008],[32.30023793400005,41.65020067500018],[32.30001855700016,41.65045221700018],[32.30112086800011,41.655499398000075],[32.30059566800003,41.65569683400042],[32.30083000000019,41.65706000000006],[32.30126000000007,41.65696000000031],[32.301490000000115,41.65675000000016],[32.30163000000016,41.65677000000022],[32.301770000000204,41.65659000000028],[32.302510000000154,41.656570000000045],[32.30271000000016,41.656730000000096],[32.302450000000135,41.65727000000038],[32.302480000000116,41.65776000000028],[32.303010000000086,41.658150000000035],[32.30361000000022,41.6580100000005],[32.303820000000144,41.65814000000006],[32.303720000000055,41.658250000000464],[32.30371000000014,41.65857000000011],[32.30385000000018,41.6585400000003],[32.303750000000036,41.65875000000062],[32.30388000000016,41.65879000000041],[32.3038600000001,41.65901000000014],[32.30405000000019,41.65915000000035],[32.30404000000004,41.659240000000125],[32.30336000000011,41.65894000000071],[32.30321000000015,41.658990000000585],[32.30265000000014,41.658900000000244],[32.30266000000012,41.659080000000245],[32.302450000000135,41.65909000000033],[32.302450000000135,41.659240000000125],[32.30314000000004,41.65932000000021],[32.303290000000175,41.65994000000035],[32.30317000000019,41.66023000000018],[32.303290000000175,41.66027000000008],[32.30280000000016,41.66036000000025],[32.30286000000012,41.66065000000009],[32.302670000000035,41.66083000000009],[32.30247000000003,41.66075000000018],[32.3019900000001,41.660780000000216],[32.302110000000084,41.660870000000386],[32.30207000000013,41.66114000000016],[32.302230000000066,41.66142000000019],[32.30240000000009,41.66152000000034],[32.30275000000012,41.66238000000004],[32.302730000000054,41.66272000000015],[32.30302000000006,41.662830000000156],[32.30325000000005,41.6631900000001],[32.303070000000105,41.66335000000038],[32.30286000000012,41.663820000000214],[32.30281000000008,41.664910000000134],[32.3028700000001,41.66516000000024],[32.30271000000016,41.6654800000004],[32.30185846400002,41.66647367400037],[32.29426575900004,41.669970434000504],[32.295664448000025,41.671228472000166],[32.29438004400015,41.672654748000014],[32.298748407000005,41.67589136500004],[32.299056821000136,41.68373667300011],[32.29210712700012,41.693664880000426],[32.29230066500014,41.6939064610001]]],"type":"Polygon"}},{"type":"Feature","properties":{"area_id":"TR-74-002-2049389","name_tr":"Turanlar Köyü","area_level":"neighbourhood","parent_id":"TR-74-002","endeksa_id":2049389},"geometry":{"coordinates":[[[32.658373100000176,41.70306920000013],[32.658051200000045,41.703133300000104],[32.65777230000003,41.702684700000304],[32.657074900000055,41.70303720000015],[32.65678520000006,41.70437479999998],[32.65680670000006,41.70483940000008],[32.65659210000007,41.7050397000001],[32.65590550000013,41.70492750000005],[32.65570160000016,41.7051438000002],[32.6560664000001,41.70544020000057],[32.65680670000006,41.70536010000069],[32.657825900000034,41.70482340000069],[32.65844820000018,41.705808600000125],[32.65880631107234,41.70568100037451],[32.65898268058601,41.70576315926985],[32.65896023542672,41.70588078715775],[32.65857700000004,41.706169100000125],[32.65878080000016,41.70668970000003],[32.65807270000005,41.707010100000105],[32.657986900000026,41.70740260000008],[32.657665000000065,41.707803000000126],[32.65776160000007,41.7081955000001],[32.657439700000054,41.708996500000296],[32.65717150000006,41.70914860000045],[32.657117800000094,41.70962120000047],[32.65638830000012,41.70999760000035],[32.65609860000012,41.709973600000126],[32.65587330000011,41.7103661000001],[32.65555140000015,41.71052620000006],[32.65502570000018,41.71043010000011],[32.654736000000185,41.71047820000018],[32.654542900000024,41.71079050000009],[32.65490769999997,41.71107090000015],[32.654897000000176,41.71131110000067],[32.65559430000013,41.71222420000004],[32.65540120000014,41.712456400000065],[32.65465020000016,41.71226420000016],[32.65387770000001,41.71231230000001],[32.65337350000004,41.71262460000014],[32.65301940000006,41.71312120000016],[32.65316960000007,41.713529600000015],[32.65277270000007,41.71390610000009],[32.6525688000001,41.714650900000606],[32.652579500000115,41.71614050000022],[32.65209670000013,41.71714150000008],[32.65091660000019,41.71820670000011],[32.649811500000055,41.719536000000176],[32.64896380000005,41.72033690000069],[32.646045600000036,41.71950399999997],[32.63669010000007,41.71963220000015],[32.63269900000006,41.719568100000174],[32.630081099999984,41.718895400000065],[32.615099999999984,41.717500000000086],[32.607100000000116,41.71500000000003],[32.60881660000007,41.7098294000001],[32.607057100000134,41.7092528],[32.60663870000013,41.708547900000156],[32.60593060000019,41.708259600000076],[32.60571600000003,41.70772290000008],[32.605479900000034,41.707466600000544],[32.60446070000006,41.70713820000037],[32.60426760000007,41.70697800000062],[32.60440710000006,41.706777800000395],[32.60554430000019,41.70692200000025],[32.60587690000017,41.70658560000015],[32.606166600000165,41.706553500000155],[32.60717510000012,41.70612900000003],[32.60780810000011,41.706873900000176],[32.608162200000095,41.706914000000154],[32.608720100000085,41.70633730000054],[32.60908480000006,41.70630520000037],[32.61005039999998,41.70666570000003],[32.61055470000014,41.706593600000076],[32.611134000000106,41.7062011000001],[32.61211040000012,41.704879500000175],[32.6120782000001,41.70427070000011],[32.6124751000001,41.70406250000008],[32.61241080000008,41.70342970000013],[32.612164000000064,41.70284490000006],[32.6118421000001,41.70236430000011],[32.612056700000096,41.70218810000006],[32.61282920000008,41.7023963000006],[32.613140300000055,41.70152320000011],[32.612357100000054,41.70112270000038],[32.61150960000015,41.70108260000012],[32.610930200000155,41.70087440000009],[32.610597600000176,41.699905100000535],[32.611831400000085,41.69937640000012],[32.61316180000006,41.699440500000094],[32.61367680000001,41.69959270000027],[32.61411670000018,41.69912810000005],[32.61348370000002,41.69834300000025],[32.612367900000095,41.69718950000038],[32.6117134000001,41.69666880000028],[32.611445200000105,41.69626820000053],[32.611831400000085,41.696147999999994],[32.61240000000009,41.69616410000009],[32.61337640000005,41.69585960000012],[32.616037100000085,41.69636430000031],[32.61680960000007,41.696692800000164],[32.620993800000065,41.69667680000009],[32.62235640000017,41.69601990000024],[32.62274260000015,41.69553120000012],[32.623139600000115,41.69544310000015],[32.62400860000008,41.69559530000009],[32.62447000000009,41.69497040000044],[32.62429830000008,41.69469000000015],[32.623869200000115,41.69442560000016],[32.623536600000136,41.69371260000014],[32.625939800000026,41.69209430000018],[32.62662650000016,41.69146140000004],[32.626830300000165,41.69097270000043],[32.626766000000146,41.690516000000116],[32.62654070000019,41.69025970000041],[32.62747410000014,41.690011300000094],[32.627935400000126,41.6900273],[32.62852550000008,41.69016350000027],[32.62994170000019,41.69093260000017],[32.630413799999985,41.69096470000011],[32.63176560000011,41.69036380000017],[32.63273120000008,41.69033980000029],[32.63296720000005,41.69120500000014],[32.633739700000035,41.69271920000034],[32.63431910000003,41.69335210000048],[32.63510230000014,41.69376070000004],[32.63558510000013,41.69392890000006],[32.63597130000011,41.69392890000006],[32.637559200000055,41.693536400000085],[32.63793470000019,41.69368860000026],[32.63854620000018,41.69431350000008],[32.63898610000018,41.694529800000225],[32.63944740000011,41.69442560000016],[32.640380800000116,41.693993000000034],[32.640981700000054,41.69388890000016],[32.64116410000008,41.69423340000003],[32.64116410000008,41.69467400000008],[32.64134640000003,41.695699400000365],[32.64124990000005,41.69651650000014],[32.64091730000007,41.69740580000018],[32.64023060000011,41.698679500000026],[32.63984440000013,41.698895800000514],[32.63909340000015,41.69883970000012],[32.638138500000025,41.69915210000005],[32.63783810000001,41.69950460000007],[32.63718370000004,41.699576700000364],[32.6365292000001,41.699368400000026],[32.636293200000125,41.698439200000394],[32.63549920000014,41.69820679999998],[32.635209500000144,41.698286900000085],[32.635209500000144,41.698407100000225],[32.6358426000001,41.69865540000052],[32.63640050000009,41.699993199999994],[32.63635750000009,41.70038569999997],[32.63577820000012,41.70120280000026],[32.63585330000012,41.70153920000001],[32.633181800000045,41.70257260000062],[32.6326883000001,41.70225220000003],[32.6323235000001,41.702180100000476],[32.63246300000009,41.702836900000136],[32.63221620000007,41.7032054000004],[32.63219470000007,41.70387020000015],[32.63160470000014,41.70461510000018],[32.63140080000011,41.70502370000003],[32.63110040000015,41.70532800000052],[32.63055320000018,41.70550420000018],[32.63015630000018,41.70615300000003],[32.630424500000174,41.7067057000001],[32.63008120000018,41.70748270000013],[32.630145500000026,41.70862000000005],[32.629587600000036,41.70946900000013],[32.628976100000045,41.709789400000034],[32.62871860000007,41.7101258000003],[32.62874010000007,41.71052620000006],[32.628632800000105,41.71087860000006],[32.6282465000001,41.711191000000326],[32.628632800000105,41.71143130000013],[32.62851480000006,41.712072000000035],[32.628815200000076,41.712400400000206],[32.629373100000066,41.71221620000006],[32.62984510000018,41.71228830000052],[32.63004900000004,41.71433050000002],[32.63145450000013,41.715299600000094],[32.6319802000001,41.71542770000008],[32.632334200000116,41.71533160000007],[32.6319051000001,41.71416230000068],[32.632634600000074,41.71299300000021],[32.63306380000006,41.712776800000086],[32.63324620000003,41.71196790000016],[32.63394350000004,41.71180770000001],[32.634254699999985,41.71131110000067],[32.63554210000012,41.71163150000018],[32.63583180000012,41.71163150000018],[32.636175100000116,41.71143930000062],[32.63691540000008,41.71139920000013],[32.63732310000006,41.711599500000375],[32.63853550000016,41.7115354000004],[32.63932940000012,41.71187179999998],[32.63932940000012,41.71111890000003],[32.63983370000011,41.70946900000013],[32.6408100000001,41.709044500000175],[32.64101380000005,41.70874820000017],[32.64106750000008,41.708443800000396],[32.64131430000003,41.70828360000064],[32.641239200000086,41.707747000000154],[32.64203310000005,41.70741860000015],[32.64258030000019,41.706169100000125],[32.64320250000014,41.705712500000175],[32.64314890000014,41.7053681000001],[32.64359950000011,41.704559100000495],[32.64359950000011,41.70440690000015],[32.64292360000019,41.70416660000035],[32.642837800000166,41.7040544000003],[32.64297720000013,41.70391030000013],[32.643588800000146,41.70373400000011],[32.643749700000114,41.703565800000376],[32.64402870000009,41.702740800000186],[32.6441789000001,41.702588600000524],[32.64480110000005,41.702500500000156],[32.64573450000006,41.70189170000009],[32.64624950000018,41.70137900000009],[32.64628170000003,41.70118680000036],[32.64660360000016,41.70112270000038],[32.64730090000012,41.70052190000041],[32.64842750000008,41.70044180000053],[32.649618400000065,41.70050590000051],[32.649961700000006,41.700594000000194],[32.65054110000017,41.7010106000007],[32.65133500000013,41.70113070000019],[32.65164610000011,41.70129090000012],[32.65225770000012,41.70095450000014],[32.65349150000003,41.70160329999999],[32.654017200000055,41.701002500000016],[32.654671700000165,41.70121880000016],[32.65482190000017,41.7010106000007],[32.65478969999998,41.70043380000004],[32.65501500000016,41.70008130000019],[32.655476300000146,41.700009200000125],[32.65602350000012,41.70006530000029],[32.65703200000007,41.69984100000056],[32.65720370000008,41.700177500000336],[32.65753630000006,41.701923700000066],[32.65804050000003,41.7023963000006],[32.658373100000176,41.70306920000013]]],"type":"Polygon"}},{"type":"Feature","properties":{"area_id":"TR-74-002-2036097","name_tr":"Söğütlü Köyü","area_level":"neighbourhood","parent_id":"TR-74-002","endeksa_id":2036097},"geometry":{"coordinates":[[[32.68540000000013,41.72379999999998],[32.67130000000003,41.72210000000001],[32.66664500000019,41.72264310000037],[32.66420000000005,41.72440000000006],[32.6607226000001,41.72360410000016],[32.65709920000012,41.72344840000005],[32.657000000000096,41.72120000000018],[32.65265460000006,41.72213060000024],[32.64896380000005,41.72033690000069],[32.649811500000055,41.719536000000176],[32.65091660000019,41.71820670000011],[32.65209670000013,41.71714150000008],[32.652579500000115,41.71614050000022],[32.6525688000001,41.714650900000606],[32.65277270000007,41.71390610000009],[32.65316960000007,41.713529600000015],[32.65301940000006,41.71312120000016],[32.65337350000004,41.71262460000014],[32.65387770000001,41.71231230000001],[32.65465020000016,41.71226420000016],[32.65540120000014,41.712456400000065],[32.65559430000013,41.71222420000004],[32.654897000000176,41.71131110000067],[32.65490769999997,41.71107090000015],[32.654542900000024,41.71079050000009],[32.654736000000185,41.71047820000018],[32.65502570000018,41.71043010000011],[32.65555140000015,41.71052620000006],[32.65587330000011,41.7103661000001],[32.65609860000012,41.709973600000126],[32.65638830000012,41.70999760000035],[32.657117800000094,41.70962120000047],[32.65717150000006,41.70914860000045],[32.657439700000054,41.708996500000296],[32.65776160000007,41.7081955000001],[32.657665000000065,41.707803000000126],[32.657986900000026,41.70740260000008],[32.65807270000005,41.707010100000105],[32.65878080000016,41.70668970000003],[32.65857700000004,41.706169100000125],[32.65896023542672,41.70588078715775],[32.65898268058601,41.70576315926985],[32.65880631107234,41.70568100037451],[32.65844820000018,41.705808600000125],[32.657825900000034,41.70482340000069],[32.65680670000006,41.70536010000069],[32.6560664000001,41.70544020000057],[32.65570160000016,41.7051438000002],[32.65590550000013,41.70492750000005],[32.65659210000007,41.7050397000001],[32.65680670000006,41.70483940000008],[32.65678520000006,41.70437479999998],[32.657074900000055,41.70303720000015],[32.65777230000003,41.702684700000304],[32.658051200000045,41.703133300000104],[32.658373100000176,41.70306920000013],[32.65900610000017,41.70209200000011],[32.65934940000017,41.70177950000004],[32.66060470000008,41.700233500000024],[32.66133430000008,41.70113070000019],[32.66302939999997,41.70181160000004],[32.66307230000018,41.70247640000048],[32.66284700000017,41.70275680000009],[32.66306160000016,41.703133300000104],[32.663437100000124,41.70547220000037],[32.66483190000008,41.706081000000154],[32.666366100000005,41.706553500000155],[32.66793250000012,41.70752270000003],[32.668587000000116,41.70741060000017],[32.668383100000085,41.70658560000015],[32.667846700000155,41.706257200000664],[32.66837240000012,41.705768600000056],[32.66909120000008,41.70563240000013],[32.66958470000003,41.70535210000003],[32.66977790000004,41.704975600000125],[32.67046450000004,41.7045030000001],[32.67072200000018,41.704126500000086],[32.67110820000016,41.70423070000032],[32.67103310000016,41.70458309999998],[32.671462300000144,41.705103800000074],[32.67211670000012,41.70532800000052],[32.67233130000011,41.705720500000666],[32.67326470000006,41.706040900000175],[32.674455600000044,41.70678579999998],[32.67504570000017,41.707474600000126],[32.67535690000017,41.7075547],[32.67597910000012,41.7081955000001],[32.675946900000156,41.70855590000008],[32.67694470000009,41.708948400000224],[32.677717200000075,41.70956510000008],[32.67778160000006,41.70995760000005],[32.677717200000075,41.71065440000018],[32.677320200000054,41.71111090000045],[32.67766360000007,41.71164750000008],[32.677674300000035,41.7123844000003],[32.67720220000007,41.71310520000026],[32.677148600000066,41.71342550000014],[32.67755630000005,41.713521600000604],[32.677577700000086,41.71395410000014],[32.67780300000004,41.71419440000017],[32.677921000000026,41.71478700000017],[32.67760990000005,41.71521150000012],[32.67656920000013,41.718102500000555],[32.67559290000014,41.71884729999999],[32.67557140000014,41.719087600000194],[32.67694470000009,41.719624100000146],[32.67755630000005,41.7194399],[32.67853260000004,41.719632100000126],[32.680442300000095,41.7206972000003],[32.68121480000008,41.72055300000045],[32.682770500000174,41.72125770000014],[32.68303870000017,41.720521000000645],[32.686278800000025,41.72178630000053],[32.68540000000013,41.72379999999998]]],"type":"Polygon"}},{"type":"Feature","properties":{"area_id":"TR-74-002-2037865","name_tr":"Çöpbey Köyü","area_level":"neighbourhood","parent_id":"TR-74-002","endeksa_id":2037865},"geometry":{"coordinates":[[[32.607100000000116,41.71500000000003],[32.590770600000155,41.72238690000012],[32.58768070000008,41.72552590000015],[32.58261460000011,41.72848830000015],[32.580342200000075,41.728280300000165],[32.57853980000016,41.727703800000086],[32.57670000000013,41.72640000000035],[32.57330410000003,41.720945500000084],[32.57175920000009,41.719664200000125],[32.569564000000184,41.71639180000005],[32.56750000000011,41.71320000000014],[32.56430000000017,41.70850000000007],[32.55930000000001,41.7060000000007],[32.55580000000015,41.70190000000002],[32.55563630000012,41.698777500000176],[32.55649210000007,41.69851120000067],[32.55924940000011,41.69731760000013],[32.55991460000007,41.69683700000019],[32.56104110000018,41.6953309000001],[32.562564600000144,41.694041100000106],[32.5635195000001,41.6940491000006],[32.56304740000013,41.6928554000001],[32.562178400000164,41.69259100000039],[32.560794300000055,41.691717800000106],[32.56085870000004,41.69111690000028],[32.561255700000174,41.69102880000008],[32.56201740000017,41.691189000000065],[32.562425100000155,41.6910208000005],[32.56309030000011,41.69013950000004],[32.56324050000012,41.689626700000076],[32.56303670000011,41.6893383000002],[32.56266120000015,41.68840090000009],[32.56222130000015,41.6881365000001],[32.56143810000003,41.68808840000003],[32.56101960000018,41.687808000000416],[32.560783600000036,41.686998800000254],[32.560021900000095,41.68695070000018],[32.55996820000007,41.686437900000385],[32.559464000000105,41.68619760000007],[32.55958200000009,41.68574890000008],[32.55935670000008,41.685524500000156],[32.55933520000008,41.68520400000011],[32.559657100000095,41.68509990000052],[32.55964640000008,41.68473130000007],[32.558745100000124,41.683409200000256],[32.556341900000064,41.682439700000145],[32.555419200000074,41.68163040000019],[32.552651200000014,41.67962720000014],[32.554571600000145,41.678176800000074],[32.55530120000009,41.677231200000165],[32.55607370000007,41.6774395000005],[32.560397400000056,41.678048600000125],[32.56048320000002,41.678601500000184],[32.56071920000005,41.679082300000175],[32.56116990000004,41.679442900000026],[32.56172779999997,41.67956299999997],[32.56155610000019,41.68207110000003],[32.562747000000115,41.6820871000001],[32.56442070000003,41.68239960000005],[32.56463530000002,41.68108550000005],[32.56575110000017,41.68046049999998],[32.56649140000013,41.68172650000065],[32.569838800000184,41.68246370000054],[32.571866500000056,41.68606940000012],[32.57650140000004,41.68707090000004],[32.58088950000007,41.68867330000006],[32.582241300000135,41.68936630000002],[32.58479470000003,41.69044390000005],[32.58562090000004,41.69095670000053],[32.58936520000003,41.691950100000156],[32.590706300000136,41.6921023000001],[32.592315700000086,41.69271920000034],[32.592347800000084,41.69287140000017],[32.592508800000076,41.693007600000044],[32.59315250000003,41.69322390000053],[32.593259800000055,41.69316790000016],[32.593259800000055,41.693063700000096],[32.59310960000005,41.69270320000044],[32.593206200000054,41.69257500000049],[32.59361390000004,41.692510900000514],[32.594343400000184,41.69279930000022],[32.59497640000012,41.693768700000135],[32.59518030000015,41.69388890000016],[32.59550210000009,41.69370460000016],[32.59588840000009,41.69362450000028],[32.596070800000064,41.69375270000023],[32.59608150000008,41.693945000000156],[32.59584550000011,41.69424140000052],[32.59592060000011,41.69469800000013],[32.59614590000007,41.694842200000494],[32.59623170000009,41.6953549000001],[32.59663940000007,41.69532290000012],[32.597068500000034,41.69509860000039],[32.59755130000019,41.695122600000104],[32.59815210000016,41.694978400000025],[32.59624240000005,41.692783300000315],[32.595244600000115,41.691060800000116],[32.59531970000012,41.69085250000006],[32.5961137000001,41.690604200000166],[32.596489200000065,41.69027570000031],[32.59702560000005,41.689538600000105],[32.598699300000135,41.68997120000034],[32.60156390000003,41.68942640000006],[32.60281920000017,41.68896170000016],[32.60502930000007,41.68844900000016],[32.60663870000013,41.688288700000044],[32.60810850000007,41.688296700000706],[32.60848400000009,41.68818460000017],[32.60902050000004,41.68773590000012],[32.60994310000018,41.68716700000016],[32.61029720000016,41.68703880000004],[32.610790700000166,41.68722310000015],[32.61103750000012,41.6873834000001],[32.61088730000017,41.68804040000009],[32.61046890000017,41.6881365000001],[32.610018200000184,41.688641300000086],[32.609986100000185,41.68893770000045],[32.610146999999984,41.68928220000004],[32.61006120000019,41.68960270000008],[32.6097393,41.68982700000049],[32.609846600000026,41.69009139999997],[32.61066200000016,41.69021160000034],[32.61095170000016,41.69044390000005],[32.61080140000013,41.690812500000675],[32.610361599999976,41.691084900000476],[32.61035080000016,41.69148540000003],[32.61066200000016,41.69160560000057],[32.61114480000015,41.691533500000105],[32.61140230000012,41.69174980000042],[32.61152030000011,41.69203820000013],[32.61229280000009,41.69211030000008],[32.612389300000075,41.69241480000005],[32.613140300000055,41.69267120000063],[32.61403080000002,41.69274330000002],[32.61458870000018,41.69258300000007],[32.61507150000011,41.69267920000004],[32.616927600000054,41.693672600000355],[32.61722800000007,41.69392090000065],[32.617142200000046,41.6942494000001],[32.616788100000065,41.69448970000013],[32.61674520000008,41.69550710000044],[32.616037100000085,41.69636430000031],[32.61337640000005,41.69585960000012],[32.61240000000009,41.69616410000009],[32.611831400000085,41.696147999999994],[32.611445200000105,41.69626820000053],[32.6117134000001,41.69666880000028],[32.612367900000095,41.69718950000038],[32.61348370000002,41.69834300000025],[32.61411670000018,41.69912810000005],[32.61367680000001,41.69959270000027],[32.61316180000006,41.699440500000094],[32.611831400000085,41.69937640000012],[32.610597600000176,41.699905100000535],[32.610930200000155,41.70087440000009],[32.61150960000015,41.70108260000012],[32.612357100000054,41.70112270000038],[32.613140300000055,41.70152320000011],[32.61282920000008,41.7023963000006],[32.612056700000096,41.70218810000006],[32.6118421000001,41.70236430000011],[32.612164000000064,41.70284490000006],[32.61241080000008,41.70342970000013],[32.6124751000001,41.70406250000008],[32.6120782000001,41.70427070000011],[32.61211040000012,41.704879500000175],[32.611134000000106,41.7062011000001],[32.61055470000014,41.706593600000076],[32.61005039999998,41.70666570000003],[32.60908480000006,41.70630520000037],[32.608720100000085,41.70633730000054],[32.608162200000095,41.706914000000154],[32.60780810000011,41.706873900000176],[32.60717510000012,41.70612900000003],[32.606166600000165,41.706553500000155],[32.60587690000017,41.70658560000015],[32.60554430000019,41.70692200000025],[32.60440710000006,41.706777800000395],[32.60426760000007,41.70697800000062],[32.60446070000006,41.70713820000037],[32.605479900000034,41.707466600000544],[32.60571600000003,41.70772290000008],[32.60593060000019,41.708259600000076],[32.60663870000013,41.708547900000156],[32.607057100000134,41.7092528],[32.60881660000007,41.7098294000001],[32.607100000000116,41.71500000000003]]],"type":"Polygon"}},{"type":"Feature","properties":{"area_id":"TR-74-002-2036096","name_tr":"Ören Köyü","area_level":"neighbourhood","parent_id":"TR-74-002","endeksa_id":2036096},"geometry":{"coordinates":[[[32.707659,41.754097],[32.708572,41.749035],[32.707542,41.73834],[32.708256,41.734356],[32.70844,41.734253],[32.70859,41.734386],[32.70873217566136,41.73273436041973],[32.70916291310882,41.72772897243717],[32.70902821353511,41.72768624405598],[32.70864593500016,41.72756545000033],[32.70275954921898,41.72177135883645],[32.700505,41.719552],[32.70033194286646,41.71935893341507],[32.69974350000018,41.718703200000164],[32.69961050600017,41.71656933300062],[32.69975789700004,41.71571880500005],[32.70285495702664,41.71582254983706],[32.702684869360674,41.714040768116476],[32.70264891300013,41.713665020000064],[32.702649,41.713665],[32.7073746899616,41.71312403549767],[32.70808356800012,41.710111950000396],[32.70842310000012,41.71006970000013],[32.70910980000008,41.709276800000396],[32.70958180000008,41.708259600000076],[32.70973196852426,41.70761093596349],[32.709442,41.707021],[32.709966,41.705487],[32.710354,41.705328],[32.7105037369705,41.70493141386253],[32.71074060000001,41.70430280000011],[32.71062802691732,41.7039720205223],[32.710556,41.703761],[32.711542,41.700876],[32.71206177510461,41.70108359311381],[32.71252150000015,41.701266900000235],[32.71265030000012,41.701363000000185],[32.71254309232231,41.70150707592885],[32.71265,41.701595],[32.713187,41.701635],[32.713909628520824,41.701401643992355],[32.71411618700017,41.70133485300062],[32.71421900971446,41.70135989980652],[32.714417793228705,41.701407950018954],[32.714792007324384,41.700573512104754],[32.715084,41.699922],[32.71553383881916,41.69980864959905],[32.72251966500005,41.69804763200068],[32.72323654179891,41.696698853367174],[32.724194,41.694896],[32.734041,41.689336],[32.739132,41.686461],[32.739131969106595,41.68646112458978],[32.739132079216745,41.6864610623947],[32.737508696693396,41.69300695639773],[32.736177,41.698376],[32.73617691645464,41.69837602364515],[32.736176835000265,41.698376352000196],[32.735965186199834,41.69843610986178],[32.73690005675193,41.698987694199985],[32.74132790200025,41.7015998670002],[32.744273654266095,41.70150967151189],[32.749084,41.701362],[32.753695852710266,41.70486838566171],[32.758785014000296,41.70873662600064],[32.76272442476393,41.71422586817127],[32.767265,41.720551],[32.76726465796149,41.720550976943116],[32.76726468600026,41.720551016000286],[32.765773941291165,41.72045047755674],[32.756399323920604,41.719818021866686],[32.75330339181386,41.724562142097206],[32.751176,41.727822],[32.75117576992089,41.727821996413255],[32.75117559200021,41.72782226900034],[32.75018104192787,41.72780648549958],[32.749573,41.727797],[32.74943,41.727923],[32.754736,41.731482],[32.767688,41.736551],[32.768837,41.736807],[32.769333,41.737181],[32.771212,41.737907],[32.773047,41.738462],[32.785791,41.741442],[32.787943,41.744186],[32.789022,41.746945],[32.789128,41.747695],[32.788665,41.748935],[32.788233,41.749421],[32.776943,41.752933],[32.771032,41.759916],[32.767777,41.76546],[32.766689,41.76862],[32.765734,41.771934],[32.764645,41.771643],[32.763462,41.771328],[32.758484,41.769535],[32.755049,41.76808],[32.752723,41.767095],[32.74886,41.766258],[32.747628,41.765992],[32.747209,41.765756],[32.744794,41.764398],[32.744586,41.764391],[32.74188,41.764308],[32.740159,41.762413],[32.73778,41.762312],[32.736356,41.76178],[32.735438,41.761437],[32.733336,41.761117],[32.730267,41.759532],[32.728856,41.759548],[32.727911,41.759559],[32.72207,41.757323],[32.720701,41.756609],[32.719968,41.756227],[32.707659,41.754097]]],"type":"Polygon"}},{"type":"Feature","properties":{"area_id":"TR-74-002-2036087","name_tr":"Aydınlar Köyü","area_level":"neighbourhood","parent_id":"TR-74-002","endeksa_id":2036087},"geometry":{"coordinates":[[[32.66060470000008,41.700233500000024],[32.66164281166084,41.69965650074434],[32.6620746113102,41.69941621629665],[32.6620959900384,41.69887994988394],[32.661967,41.698231],[32.662643,41.69783],[32.66266601677936,41.69747554516664],[32.66270760000003,41.69682900000004],[32.66270799886374,41.696829017499525],[32.662708,41.696829],[32.66291600928565,41.696838143406765],[32.663072033200024,41.69684498829555],[32.66330803895278,41.69676178679102],[32.663662400000135,41.69663670000011],[32.66451000000012,41.697550000000035],[32.66607640000001,41.69742980000018],[32.66669866789878,41.697563334575555],[32.66701,41.69763],[32.668308,41.697654],[32.66919850427304,41.69759000319365],[32.67008900000002,41.69752590000013],[32.67050740000019,41.69761400000033],[32.670958000000155,41.69810270000062],[32.67152670000013,41.6981988000004],[32.672073800000135,41.6976621000004],[32.67255660000012,41.69740580000018],[32.67329690000008,41.69734170000004],[32.673758303713,41.69751908201824],[32.674735,41.697894],[32.674902042629135,41.69830067930744],[32.674949200000185,41.698415100000034],[32.67505640000019,41.698991900000294],[32.67534734711832,41.69923810702037],[32.675378,41.699264],[32.675470221878946,41.699298610278426],[32.67580750000013,41.69942450000002],[32.67765280000003,41.69975290000019],[32.677763482276156,41.699791163455565],[32.678232,41.699953],[32.67823218318335,41.69995319418659],[32.678232200000025,41.699953200000095],[32.678564800000004,41.70030560000009],[32.67923000000019,41.70042580000063],[32.680045400000154,41.700353700000164],[32.68015347999754,41.700307147880544],[32.680603,41.700113],[32.68173,41.700121],[32.68209500415367,41.7001751915689],[32.68254520000005,41.70024150000012],[32.68283113256761,41.70054319345897],[32.683039,41.700762],[32.683543,41.700986],[32.683876,41.701603],[32.684659,41.702164],[32.68470473775952,41.70228837529283],[32.68483040000012,41.70262860000014],[32.684847303687164,41.70300653559677],[32.684852,41.703109],[32.685149298799416,41.70346592697577],[32.685205900000085,41.70353380000006],[32.68604280000005,41.703597900000545],[32.686042902225736,41.703597992524195],[32.686043,41.703598],[32.686397,41.703918],[32.68645732481364,41.70452299154681],[32.6865363,41.70531200000062],[32.68638019407976,41.70544482444541],[32.68607530149783,41.7057047429767],[32.68650800415332,41.70605345456219],[32.686751,41.706249],[32.686802620823165,41.706368886483],[32.686965499999985,41.70674580000059],[32.68761990000013,41.70689790000006],[32.68812420000012,41.70662560000005],[32.688370004112045,41.7065852287097],[32.688661,41.706537],[32.6897227709006,41.706034767155124],[32.68992130000015,41.705940800000064],[32.69153590000013,41.70579260000005],[32.691858067381766,41.705513118154435],[32.691933,41.705448],[32.69227727552752,41.70559042510559],[32.69294140000011,41.70586470000052],[32.693971400000066,41.706048900000155],[32.694146429619295,41.706199135225354],[32.694186,41.706233],[32.69420492930882,41.70627314225431],[32.694443500000034,41.706777800000395],[32.69528029999998,41.70684990000018],[32.69541159149356,41.70695842123045],[32.695581,41.707098],[32.69603719383207,41.707005215117725],[32.69617080000012,41.70697800000062],[32.69617086245083,41.70697802797657],[32.696171,41.706978],[32.696493,41.707122],[32.696524973765676,41.70741875651307],[32.69683600000013,41.70769890000008],[32.697117351225984,41.70778960495105],[32.697308,41.707851],[32.697941,41.707899],[32.69818935328976,41.707988934845005],[32.69896030000018,41.708267600000056],[32.699069883118206,41.708462650270796],[32.6991,41.708516],[32.699132,41.708796],[32.699314,41.708972],[32.69966801962743,41.709020782900865],[32.70007610000016,41.709076600000174],[32.700252741267064,41.70904644649258],[32.700452,41.709012],[32.700741,41.708708],[32.70103140789699,41.70863341743013],[32.70136360000009,41.708547900000156],[32.701566979683165,41.708578281565956],[32.701793,41.708612],[32.702222,41.708852],[32.702221800845365,41.708852244486096],[32.70222190000004,41.708852300000444],[32.702172789459375,41.708912411746304],[32.701954,41.709181],[32.701514,41.709437],[32.7011383877006,41.709861561777835],[32.70213600000005,41.71018990000027],[32.70225752995722,41.71019714898276],[32.702561,41.710215],[32.702667773607374,41.71025432829888],[32.70314249500012,41.71042856000048],[32.70330345184338,41.710548748643305],[32.703413,41.71063],[32.703702,41.71071],[32.704198,41.710518],[32.70459380381453,41.71048992018364],[32.70508640800011,41.710454512000126],[32.705764644694426,41.71050705244462],[32.706116,41.710534],[32.7063358796561,41.71041629500011],[32.706384600000035,41.710390100000495],[32.70644062400004,41.71020487000027],[32.70665539110825,41.71016350494956],[32.706658,41.710163],[32.706665,41.710066],[32.706887,41.710043],[32.706801,41.709614],[32.70680161956442,41.709616138019406],[32.70680116900013,41.70961389500013],[32.70684183150965,41.7097549028051],[32.706923,41.710035],[32.7069520381433,41.71002746126284],[32.70702734700018,41.710007876000134],[32.707014250808996,41.710057721866775],[32.707007058700505,41.71008577106787],[32.70722150000017,41.71018180000067],[32.70808356800012,41.710111950000396],[32.708083547597596,41.71011203669714],[32.708084,41.710112],[32.707375,41.713124],[32.7073746899616,41.71312403549767],[32.70737461500016,41.71312435400006],[32.70264900094888,41.71366500993964],[32.702684869360674,41.714040768116476],[32.702855380000074,41.715822564000064],[32.70285495702664,41.71582254983706],[32.702855,41.715823],[32.699758,41.715719],[32.699611,41.716569],[32.699744,41.718703],[32.70033194286646,41.71935893341507],[32.70050520000012,41.71955200000008],[32.70275954921898,41.72177135883645],[32.708646,41.727565],[32.70902821353511,41.72768624405598],[32.709162927000136,41.72772881100008],[32.70916291310858,41.72772897243709],[32.709163,41.727729],[32.708690565284805,41.73321775256185],[32.70859001956188,41.734385993485205],[32.70859000191515,41.73438597775374],[32.70859,41.734386],[32.70844,41.734253],[32.70835874314578,41.73429848625084],[32.708256363717226,41.73435599629573],[32.70786505071666,41.73653749306729],[32.707542,41.73834],[32.708572,41.749035],[32.708115371188434,41.75156681487634],[32.70765926700028,41.754097382],[32.706988297994144,41.75398129478476],[32.70632,41.753866],[32.70547406301888,41.753641694169545],[32.70432470000014,41.75333740000019],[32.701725589259794,41.753656049766555],[32.699754,41.753898],[32.69423844021234,41.75276848897224],[32.69295210000007,41.752505100000064],[32.68966230000001,41.75207130000024],[32.68966230296802,41.752071039939196],[32.689662,41.752071],[32.6896851785558,41.750066540668385],[32.68972974835813,41.74616070169766],[32.689733,41.745858],[32.688307,41.742587],[32.684963,41.734912],[32.685029400867265,41.73322829599129],[32.6854,41.7238],[32.686278800000025,41.72178630000053],[32.68303896269434,41.7205211025917],[32.682771,41.721258],[32.682073972346444,41.72094219185013],[32.681214858280505,41.72055302640092],[32.681116617663,41.720571327692774],[32.680442300000095,41.7206972000003],[32.67853260000004,41.719632100000126],[32.678016034719604,41.71953040717807],[32.677556,41.71944],[32.67725053251577,41.71953199074437],[32.67694470000009,41.719624100000146],[32.676559163195904,41.719473486888305],[32.675571,41.719088],[32.67558932008079,41.71888731196814],[32.67559290000014,41.71884729999999],[32.675592978049465,41.71884724045862],[32.675593,41.718847],[32.676569,41.718102],[32.67716837872134,41.71643805161734],[32.67760990000005,41.71521150000012],[32.677921000000076,41.71478699999999],[32.67780300000004,41.71419440000017],[32.677577700000086,41.71395410000014],[32.67756726136057,41.713743132898266],[32.677556,41.713522],[32.67737611208742,41.71347912766413],[32.677148600000066,41.71342550000014],[32.67717949380194,41.71324088687145],[32.677202,41.713105],[32.677674,41.712384],[32.67766980595838,41.71207490118845],[32.67766360000007,41.71164750000008],[32.677412293285464,41.711254806794905],[32.67732,41.711111],[32.677717,41.710654],[32.67773985524295,41.71040927481378],[32.67778160000006,41.70995760000005],[32.677740039402345,41.70970430032567],[32.677717,41.709565],[32.677651122021466,41.70951234948157],[32.67694470000009,41.708948400000224],[32.6760516203679,41.70859709400034],[32.675947,41.708556],[32.67594700520991,41.708555941386656],[32.675946900000156,41.70855590000008],[32.67596822156706,41.70831725782039],[32.675979,41.708196],[32.675357,41.707555],[32.675046,41.707475],[32.674953183683826,41.70736661059947],[32.674455600000044,41.70678579999998],[32.67326470000006,41.706040900000175],[32.67326041152356,41.70603942795728],[32.672331,41.705721],[32.67219050778439,41.7054629938542],[32.67211670000012,41.70532800000052],[32.67195100473727,41.7052712326539],[32.671462,41.705104],[32.671033,41.704583],[32.671108,41.704231],[32.670722,41.704127],[32.67061721327345,41.7042797130386],[32.67046450000004,41.7045030000001],[32.670173599201036,41.7047032339682],[32.669778,41.704976],[32.669585,41.705352],[32.66952545173562,41.705385752294184],[32.66909120000008,41.70563240000013],[32.66867787157253,41.705710719109504],[32.668372,41.705769],[32.667847,41.706257],[32.668090399485706,41.706406400783465],[32.668383100000085,41.70658560000015],[32.668587000000116,41.70741060000017],[32.6685869051087,41.707410616253185],[32.668587,41.707411],[32.667933,41.707523],[32.667932511627775,41.707522698008674],[32.66793250000012,41.70752270000003],[32.667907313061775,41.70750711614213],[32.666366,41.706554],[32.66491612631595,41.70610694057043],[32.66483190000008,41.706081000000154],[32.663437100000124,41.70547220000037],[32.66343707300689,41.70547203187248],[32.663437,41.705472],[32.66338766647893,41.705164300175355],[32.66306160000016,41.703133300000104],[32.66288278033089,41.70281957430674],[32.662847,41.702757],[32.66284706659294,41.702756916833046],[32.66284700000017,41.70275680000009],[32.662893231285416,41.70269926249743],[32.663072,41.702476],[32.663029,41.701812],[32.661334,41.701131],[32.660605,41.700234],[32.660605073385256,41.700233959164805],[32.66060470000008,41.700233500000024]]],"type":"Polygon"}},{"type":"Feature","properties":{"area_id":"TR-74-002-248476","name_tr":"Gürgenpınarı","area_level":"neighbourhood","parent_id":"TR-74-002","endeksa_id":248476},"geometry":{"coordinates":[[[32.27843852222907,41.651829863382204],[32.2783727512724,41.65170475614991],[32.278192578154005,41.65169589916724],[32.27737000000013,41.652240000000575],[32.27497000000017,41.65309000000019],[32.27310000000017,41.65401000000065],[32.27403000000004,41.65185000000031],[32.27576000000016,41.65093000000019],[32.27641000000011,41.6507400000001],[32.27697000000012,41.650350000000515],[32.27712000000008,41.65010000000029],[32.27742000000018,41.649910000000375],[32.27720000000011,41.64966000000027],[32.27774000000005,41.64922000000013],[32.27781000000016,41.64866000000012],[32.27722000000017,41.64810000000051],[32.27707000000004,41.648050000000126],[32.27616000000006,41.64854000000014],[32.275100000000066,41.64865000000054],[32.2748400000001,41.64890000000008],[32.27406000000019,41.64925000000045],[32.273240000000044,41.649230000000216],[32.272740000000056,41.64641000000012],[32.27220000000011,41.645980000000066],[32.27143000000018,41.645760000000166],[32.27118000000013,41.645490000000564],[32.271290000000135,41.645050000000026],[32.27091000000013,41.644800000000316],[32.27115000000009,41.6443100000003],[32.27154000000007,41.64451000000048],[32.272530000000074,41.64403000000004],[32.272340000000156,41.643940000000214],[32.271560000000136,41.64389000000034],[32.271510000000035,41.64376000000027],[32.2717100000001,41.643470000000036],[32.27155000000016,41.643310000000156],[32.27094000000017,41.64303000000024],[32.27013000000011,41.64290000000017],[32.268780000000106,41.64240000000018],[32.26846000000012,41.642350000000135],[32.267510000000186,41.64261000000033],[32.2667100000001,41.64317000000045],[32.26649000000003,41.64321000000024],[32.2654500000001,41.64303000000024],[32.26498000000015,41.64243000000033],[32.26426000000009,41.642080000000135],[32.263660000000186,41.64193000000017],[32.26413000000014,41.641640000000336],[32.264660000000106,41.64147000000048],[32.264380000000244,41.64119000000005],[32.26474000000019,41.64091000000036],[32.26505000000009,41.64116000000041],[32.26542000000012,41.64089000000013],[32.2655400000001,41.64097000000032],[32.26570000000004,41.641300000000115],[32.26569000000006,41.64106000000015],[32.26634000000024,41.640990000000556],[32.266820000000166,41.64114000000018],[32.266330000000096,41.64156000000014],[32.26700000000011,41.64169000000021],[32.26718000000011,41.641640000000336],[32.26721000000009,41.64136000000008],[32.26806000000005,41.64097000000032],[32.26837000000012,41.6404500000001],[32.26870000000008,41.640620000000354],[32.268870000000106,41.64088000000015],[32.269180000000176,41.64079000000038],[32.26913000000013,41.64085000000034],[32.26943000000011,41.64091000000036],[32.26938000000024,41.641050000000405],[32.26911000000007,41.641180000000645],[32.269150000000195,41.64146000000039],[32.26995000000011,41.641710000000444],[32.270670000000166,41.641650000000084],[32.27062000000012,41.64141000000012],[32.271160000000066,41.641520000000355],[32.27338000000009,41.64265000000006],[32.27443000000005,41.64269000000053],[32.27488000000017,41.642980000000364],[32.275340000000256,41.64296000000013],[32.2757000000002,41.64308000000011],[32.27554000000009,41.643230000000074],[32.276520000000176,41.643410000000415],[32.276650000000075,41.643560000000036],[32.276650000000075,41.6430000000006],[32.27637000000021,41.64253000000008],[32.27585000000016,41.642020000000514],[32.27515000000017,41.6418800000003],[32.27635000000015,41.64146000000039],[32.27666000000022,41.64148000000006],[32.276870000000145,41.64136000000008],[32.27720000000011,41.64150000000012],[32.27731000000017,41.64123000000052],[32.27751000000018,41.641270000000304],[32.27764000000013,41.641080000000215],[32.277880000000096,41.64103000000034],[32.27848000000017,41.6406700000004],[32.27893000000006,41.63977000000051],[32.27838000000003,41.63915000000037],[32.278760000000034,41.63911000000007],[32.27939000000015,41.63946000000044],[32.27979000000016,41.639500000000226],[32.28022000000004,41.63967000000008],[32.28020000000021,41.6398800000004],[32.28007000000008,41.640070000000094],[32.280210000000125,41.6404100000002],[32.28076000000016,41.63974000000019],[32.280960000000164,41.639720000000125],[32.281200000000126,41.63943000000012],[32.281260000000145,41.63895000000019],[32.2811200000001,41.63871000000023],[32.2812100000001,41.63859000000025],[32.28152000000017,41.63852000000014],[32.281790000000115,41.638580000000104],[32.28184000000016,41.63840000000016],[32.28239000000019,41.63850000000059],[32.28294000000005,41.63874000000055],[32.28310000000016,41.63872000000032],[32.28357000000011,41.63894000000005],[32.2839400000002,41.63949000000008],[32.28356000000019,41.63959000000017],[32.28329000000025,41.63980000000015],[32.283710000000156,41.63993000000028],[32.285070000000076,41.639940000000365],[32.285040000000095,41.63984000000062],[32.28552000000019,41.639470000000415],[32.285380000000146,41.639170000000604],[32.28534000000019,41.63872000000032],[32.28552000000019,41.63860000000034],[32.28587000000016,41.63925000000012],[32.28638000000012,41.639170000000604],[32.28670000000011,41.638890000000174],[32.28664000000015,41.638570000000186],[32.28606000000008,41.63812000000041],[32.28610000000003,41.63799000000034],[32.285630000000026,41.637930000000324],[32.285200000000145,41.637710000000084],[32.28492000000011,41.63788000000045],[32.28448000000009,41.63766000000004],[32.28453000000013,41.63754000000006],[32.284080000000245,41.63713000000024],[32.28422000000006,41.636870000000044],[32.28508109019441,41.636778326753415],[32.28583000000009,41.636780000000385],[32.2862300000001,41.63661000000053],[32.28676000000013,41.636530000000334],[32.28753000000006,41.63586000000032],[32.2882800000001,41.63578000000007],[32.288760000000195,41.63493000000011],[32.29055000000017,41.634550000000104],[32.29072000000019,41.63540000000006],[32.28986000000009,41.6358000000003],[32.28923000000003,41.6365100000001],[32.28931000000006,41.63660000000027],[32.2899300000002,41.63664000000017],[32.289870000000235,41.63732000000033],[32.289630000000045,41.6373700000002],[32.28888000000018,41.637280000000544],[32.28931000000006,41.637590000000614],[32.2894500000001,41.637800000000254],[32.28942000000012,41.63790000000017],[32.288730000000044,41.63815000000005],[32.28853000000021,41.63830000000041],[32.288360000000125,41.63821000000007],[32.288330000000144,41.63783000000058],[32.287860000000194,41.63742000000008],[32.28748000000019,41.63723000000016],[32.28717000000012,41.63725000000022],[32.28679000000011,41.63760000000019],[32.28764000000007,41.637800000000254],[32.28745000000015,41.638390000000186],[32.287460000000124,41.63863000000015],[32.28763000000015,41.63903000000039],[32.28769000000011,41.63913000000014],[32.28840000000008,41.639470000000415],[32.28870000000023,41.63943000000012],[32.28859000000017,41.63913000000014],[32.289280000000076,41.63911000000007],[32.28958000000017,41.638540000000376],[32.2901500000001,41.63846000000012],[32.290650000000085,41.63785000000013],[32.29120000000012,41.63815000000005],[32.2922700000002,41.63829000000027],[32.29281000000009,41.63848000000036],[32.292910000000234,41.63865000000021],[32.29273000000006,41.63887000000011],[32.29296000000011,41.639040000000364],[32.293070000000114,41.639720000000125],[32.2934800000001,41.6402300000002],[32.29046000000017,41.6404100000002],[32.28530000000012,41.64131000000003],[32.282000000000096,41.64289000000019],[32.28039000000007,41.644340000000625],[32.2792094260202,41.64660425524471],[32.27893097086542,41.64779742744753],[32.27892270559431,41.64864615107922],[32.278910000000224,41.65012000000013],[32.27881000000008,41.651060000000314],[32.278552580676546,41.6513889246915],[32.27843852222907,41.651829863382204]]],"type":"Polygon"}},{"type":"Feature","properties":{"area_id":"TR-74-002-520585","name_tr":"Uzunöz","area_level":"neighbourhood","parent_id":"TR-74-002","endeksa_id":520585},"geometry":{"coordinates":[[[32.35637867788239,41.66919007866903],[32.33447113500006,41.67513517300017],[32.334910281000134,41.66716515700011],[32.33563734064268,41.666755156543275],[32.3360100000001,41.66672000000017],[32.33618000000013,41.666980000000194],[32.3370900000001,41.66654000000017],[32.33693000000022,41.666210000000035],[32.33862000000005,41.66519000000005],[32.33872000000014,41.66502000000071],[32.33951000000013,41.664780000000064],[32.33968000000016,41.664600000000064],[32.339840000000095,41.66466000000008],[32.33995000000016,41.6640100000003],[32.34056000000015,41.663200000000074],[32.340980000000116,41.66241000000008],[32.340890000000115,41.6619100000006],[32.341020000000185,41.66155000000015],[32.340830000000096,41.6610500000005],[32.341140000000166,41.66067000000032],[32.34161000000017,41.66049000000038],[32.34192000000007,41.66089000000005],[32.34233000000006,41.659240000000125],[32.34220000000016,41.65903000000037],[32.341640000000154,41.65864000000005],[32.34128215054096,41.65883642771786],[32.34146000000004,41.65857000000011],[32.34116000000006,41.65822000000014],[32.34078000000005,41.65821000000017],[32.340710000000115,41.65776000000028],[32.33946000000009,41.65669000000071],[32.33821000000006,41.65649000000013],[32.336890000000096,41.65580000000028],[32.33654000000007,41.65551000000028],[32.337390000000084,41.65538000000032],[32.33638570942708,41.65471068730989],[32.33632287828624,41.65455394256861],[32.33651672785322,41.654482308547585],[32.345920095,41.65637817600049],[32.34754879100012,41.65622084200044],[32.35611959100015,41.65424965600005],[32.35662326700009,41.65429601799997],[32.356704384000125,41.65441805100022],[32.357173307000096,41.653862983000124],[32.35803686200006,41.6510772110002],[32.35820511900005,41.65098616600039],[32.35819133100017,41.65123241599997],[32.36059553300015,41.6526358700001],[32.36079864900006,41.652580467000234],[32.361787369000126,41.64988429599998],[32.36192381500007,41.649862761000065],[32.36390015600006,41.65044304900016],[32.36396763500005,41.65051939000017],[32.36453559000006,41.654547533000084],[32.367634376000126,41.65753077100055],[32.367797107,41.65754748000006],[32.36844525913165,41.65725484535824],[32.368599067813534,41.65730559960332],[32.368614698288354,41.6574352568058],[32.36841000000021,41.65780000000018],[32.36769000000015,41.65774000000022],[32.3683400000001,41.65874000000014],[32.368370000000084,41.659830000000454],[32.36813000000012,41.66028000000006],[32.368060000000185,41.6606800000003],[32.3681600000001,41.66192000000018],[32.36724000000004,41.66251000000051],[32.36674000000005,41.66243000000031],[32.36554000000007,41.66243000000031],[32.36387000000008,41.66171000000003],[32.361460000000136,41.66092000000026],[32.36011000000019,41.660630000000026],[32.3588400000001,41.66055000000034],[32.355630000000076,41.660940000000096],[32.35485000000017,41.66107000000005],[32.35507000000007,41.66136000000006],[32.35507000000007,41.66168000000005],[32.35457000000008,41.66197000000005],[32.35354000000012,41.66292000000033],[32.35202000000015,41.663510000000144],[32.35085000000015,41.66470000000038],[32.349620000000186,41.66495000000009],[32.34959000000015,41.66542000000027],[32.34967000000006,41.66554000000042],[32.35383000000019,41.66833000000031],[32.35525000000007,41.66805000000005],[32.35637867788239,41.66919007866903]]],"type":"Polygon"}},{"type":"Feature","properties":{"area_id":"TR-74-002-836460","name_tr":"Yıldız","area_level":"neighbourhood","parent_id":"TR-74-002","endeksa_id":836460},"geometry":{"coordinates":[[[32.373712422117194,41.64613842124561],[32.366244163938404,41.65619239737583],[32.36453559000006,41.654547533000084],[32.36396763500005,41.65051939000017],[32.36390015600006,41.65044304900016],[32.36192381500007,41.649862761000065],[32.361787369000126,41.64988429599998],[32.36079864900006,41.652580467000234],[32.36059553300015,41.6526358700001],[32.35819133100017,41.65123241599997],[32.35820511900005,41.65098616600039],[32.35883908599999,41.645137192000504],[32.35954269400014,41.64495661800015],[32.35987925300003,41.64434451500006],[32.35985840700005,41.6436473170001],[32.35953000900008,41.64321636700015],[32.35953100800009,41.642582728000036],[32.36069420000001,41.6410999090005],[32.36092367399999,41.6404516020001],[32.36075284800006,41.63969874600048],[32.360537175000104,41.63919037700009],[32.360528471000066,41.638715258000104],[32.36159839300012,41.63703180200008],[32.3632372080001,41.6368656410001],[32.367059445999985,41.639364390000026],[32.36959851600011,41.641720964000285],[32.36973469200018,41.64175073800044],[32.36982890800016,41.64166708900018],[32.36986074500004,41.64192873600007],[32.37296340600017,41.64322089100017],[32.37324494100011,41.64374845999998],[32.37335600200015,41.644919673000174],[32.373712422117194,41.64613842124561]]],"type":"Polygon"}},{"type":"Feature","properties":{"area_id":"TR-74-002-99998","name_tr":"Bakacak","area_level":"neighbourhood","parent_id":"TR-74-002","endeksa_id":99998},"geometry":{"coordinates":[[[32.23459970100009,41.68355155800049],[32.23417879439489,41.68360282466148],[32.234392243891534,41.68363806488355],[32.234514582987345,41.68376456042188],[32.23449615034423,41.68392250356578],[32.23433777531892,41.68403389491044],[32.232705115181716,41.68450714524573],[32.231727800000044,41.68505423100021],[32.226378722000504,41.686105699000166],[32.22570334700015,41.684898111999985],[32.22562506100002,41.684606304],[32.225130271000126,41.683821982000154],[32.224622837000084,41.6835233700001],[32.224632373000134,41.68313781900008],[32.22622259100012,41.68199291400049],[32.22610304400007,41.68130122600013],[32.225171107000165,41.68107806800015],[32.224800029000164,41.6806175600002],[32.224008904000186,41.680420352000226],[32.22399143400014,41.67999538600009],[32.225034127000185,41.67973001800016],[32.22545336800016,41.67897805000007],[32.22887908200005,41.677470476000224],[32.22910324900005,41.67587365600008],[32.230014265000136,41.674470214000166],[32.22996888900008,41.67378863300013],[32.22905227700011,41.67288045900017],[32.228461405000076,41.6717074230001],[32.225497331000156,41.667932914000176],[32.21892500000018,41.662823099000036],[32.21269644100005,41.658942196],[32.20950014951575,41.658029741831626],[32.21374138400006,41.65469288800017],[32.21820938100018,41.65240350100015],[32.220166438000035,41.65306816200018],[32.22171968405979,41.65443649779081],[32.22326818800019,41.65580065600017],[32.22496676500009,41.6583485220001],[32.224486732000116,41.660600984000155],[32.22559450000011,41.663001147000045],[32.22710845000012,41.66469972500005],[32.22939783700008,41.665918268999974],[32.231908777,41.66713681400017],[32.23401353600019,41.66831843299997],[32.23729991400012,41.67060782000016],[32.23988470500001,41.67175251300006],[32.245460470000125,41.67315568600009],[32.24559785005431,41.673276903685235],[32.24543104300011,41.673253411000076],[32.23459970100009,41.68355155800049]]],"type":"Polygon"}},{"type":"Feature","properties":{"area_id":"TR-74-002-2036041","name_tr":"Güzelcehisar Köyü","area_level":"neighbourhood","parent_id":"TR-74-002","endeksa_id":2036041},"geometry":{"coordinates":[[[32.22171968405979,41.65443649779081],[32.220166438000035,41.65306816200018],[32.21820938100018,41.65240350100015],[32.21374138400006,41.65469288800017],[32.20950014951575,41.658029741831626],[32.20932257800007,41.65797905000011],[32.20833010900009,41.65751403500008],[32.20370445400005,41.65398596600062],[32.20052028400005,41.65331471600018],[32.19589455900001,41.65325893900024],[32.19358992700012,41.65254872900027],[32.19311038200016,41.6521889250007],[32.19304831700009,41.65144135000003],[32.19487249600013,41.650528904000396],[32.19431383100016,41.648775902000125],[32.193002347000174,41.64811919200014],[32.192299135999974,41.64659663900005],[32.1890433100001,41.64560449400062],[32.187095560000046,41.64460585700033],[32.18557452400012,41.64474593800014],[32.18252651199998,41.64308432200011],[32.17937372100016,41.6422076610005],[32.17759947600018,41.64130353900015],[32.177569931000164,41.641192130000036],[32.17776091600007,41.64103873500005],[32.17717378300006,41.64135194000016],[32.176639855000076,41.64130173600006],[32.174049374000106,41.64033080100046],[32.17377496800009,41.63994536500019],[32.174062959000025,41.63973013800023],[32.176940982000076,41.640337383000144],[32.17746769600012,41.63997035600039],[32.17905217000015,41.63978664600029],[32.17979230800006,41.63916132700018],[32.1803432750001,41.63799783899998],[32.1816160410001,41.637191415000075],[32.181671208000125,41.636052104000555],[32.18091671100012,41.63365942000047],[32.17995726400005,41.632123425000145],[32.17862414100017,41.631118806000075],[32.177716069000155,41.63000179700026],[32.18004124900017,41.62839763400012],[32.186279067000044,41.630984046000265],[32.186948057000166,41.6277241790001],[32.194374525,41.624426219999975],[32.19939352200009,41.62286194500018],[32.20225720100012,41.62467687100002],[32.20479377200013,41.627535290000196],[32.21460402200006,41.62268948100012],[32.21466270400009,41.622607150000135],[32.21460687800027,41.62252626399999],[32.21677584900027,41.62367589100052],[32.21697351400036,41.623611977000735],[32.21473379000014,41.63156217600067],[32.22528702900013,41.63785001300005],[32.22611731300009,41.64106800700017],[32.22674864200019,41.64139758500062],[32.226289628000075,41.64411888400008],[32.22689757899997,41.646930657000155],[32.22530170800019,41.64951444800016],[32.222896057000185,41.650906306000024],[32.22171968405979,41.65443649779081]]],"type":"Polygon"}}]}